plotID,siteID,year,Canopy_Ht,Max_Ht,Rumple,Rugosity,Deep_Gap,Vert_SD,Vert_CV,Gini,VCI,FHD,LAI,Q95,Ht_Ratio,NDVI,EVI,ARVI,SAVI
DELA_013,DELA,2015,21.374652862548828,23.869220733642578,1.2465392351150513,3.4624075889587402,0.05975780636072159,3.1867902278900146,0.1823866069316864,0.10461489856243134,0.24091842770576477,0.49835166335105896,0.9512323141098022,24.060842514038086,16.47083854675293,,,,
DELA_003,DELA,2015,13.506669998168945,14.566570281982422,1.3381054401397705,2.4134888648986816,0.12035134434700012,2.158466100692749,0.20861461758613586,0.12004566192626953,0.29971396923065186,0.47719523310661316,0.8436399698257446,15.362022399902344,39.432125091552734,,,,
DELA_005,DELA,2015,15.02330493927002,16.251684188842773,1.1724088191986084,1.9273898601531982,0.0406477227807045,1.4222471714019775,0.10795195400714874,0.05810702592134476,0.26766306161880493,0.3952093720436096,0.7709160447120667,16.26279640197754,12.737772941589355,,,,
DELA_011,DELA,2015,17.865970611572266,19.10944938659668,1.1522750854492188,1.9367766380310059,0.04115600883960724,1.4781439304351807,0.08833320438861847,0.051501065492630005,0.21625050902366638,0.42424604296684265,0.8486946225166321,19.10150718688965,6.875824451446533,,,,
DELA_004,DELA,2015,18.754005432128906,21.08759880065918,1.2858080863952637,3.898752212524414,0.07467081397771835,2.72931170463562,0.16659685969352722,0.0901578962802887,0.28595367074012756,0.5336112976074219,0.9812371134757996,21.02252960205078,15.31994915008545,,,,
DELA_018,DELA,2015,15.711774826049805,17.77315330505371,1.2586544752120972,2.8951306343078613,0.05869387090206146,2.534721851348877,0.1826775223016739,0.09972184151411057,0.3155934512615204,0.5380101203918457,0.9396607875823975,17.916112899780273,25.319849014282227,,,,
DELA_014,DELA,2015,20.6480655670166,22.254554748535156,1.1626601219177246,2.2057945728302,0.038877200335264206,1.8641639947891235,0.10988762974739075,0.06492626667022705,0.21597979962825775,0.4229092597961426,0.8649468421936035,22.180625915527344,7.991243839263916,,,,
DELA_015,DELA,2015,14.440743446350098,15.368870735168457,1.208237648010254,1.7630994319915771,0.06544017791748047,1.3406263589859009,0.11447851359844208,0.06906868517398834,0.2164362519979477,0.38317716121673584,0.7789340019226074,15.521565437316895,21.47127914428711,,,,
DELA_012,DELA,2015,13.698827743530273,15.641517639160156,1.3230985403060913,3.2384836673736572,0.0860644206404686,2.2702431678771973,0.1916790008544922,0.1049714908003807,0.32178592681884766,0.5214498043060303,0.9932588338851929,15.61839485168457,36.089786529541016,,,,
DELA_010,DELA,2015,15.411296844482422,17.22403335571289,1.2379704713821411,2.3263537883758545,0.0567106157541275,2.152421474456787,0.16742542386054993,0.0943681076169014,0.2739529013633728,0.4891720414161682,0.9129164814949036,17.344324111938477,29.17783546447754,,,,
DELA_016,DELA,2015,17.752330780029297,19.755483627319336,1.3662344217300415,4.128970623016357,0.11291084438562393,2.6871917247772217,0.18903981149196625,0.1051245853304863,0.2567710280418396,0.4507027566432953,0.8679015040397644,19.853208541870117,31.110496520996094,,,,
DELA_001,DELA,2015,16.156768798828125,17.143980026245117,1.2440614700317383,2.208287477493286,0.08883945643901825,1.944881558418274,0.14677152037620544,0.08812471479177475,0.23343808948993683,0.46714162826538086,0.9476125240325928,17.760326385498047,22.293201446533203,,,,
DELA_019,DELA,2015,13.852042198181152,15.613555908203125,1.2755773067474365,2.5728108882904053,0.0718458816409111,2.275442123413086,0.17971397936344147,0.09775596112012863,0.3098888695240021,0.4874063730239868,0.8482329845428467,15.87099838256836,38.13206100463867,,,,
DELA_017,DELA,2015,16.257293701171875,17.369094848632812,1.297625184059143,2.6735687255859375,0.10146337002515793,2.4930012226104736,0.17814521491527557,0.09654867649078369,0.2996029853820801,0.48933032155036926,0.905865490436554,18.390295028686523,29.714815139770508,,,,
DELA_009,DELA,2015,18.311071395874023,20.241241455078125,1.2191210985183716,2.6814491748809814,0.05184977129101753,2.301881790161133,0.1517925262451172,0.08532147109508514,0.2583458125591278,0.49194175004959106,0.8860234618186951,20.299203872680664,20.911901473999023,,,,
DELA_002,DELA,2015,17.262481689453125,18.58845329284668,1.1891671419143677,2.0689895153045654,0.052392370998859406,1.7041480541229248,0.11808104068040848,0.06904741376638412,0.2272576242685318,0.41900891065597534,0.8225154280662537,18.682174682617188,14.180014610290527,,,,
DELA_007,DELA,2015,16.462051391601562,18.187641143798828,1.2241395711898804,2.345001697540283,0.050986580550670624,2.1710972785949707,0.16166849434375763,0.0922604501247406,0.2558239996433258,0.47191306948661804,0.8979708552360535,18.3076114654541,22.961471557617188,,,,
DELA_020,DELA,2015,17.179306030273438,19.19464111328125,1.2188249826431274,2.70200777053833,0.04636499285697937,2.302528142929077,0.1554655283689499,0.08727947622537613,0.26093557476997375,0.5104912519454956,0.9398736953735352,19.151485443115234,22.99657440185547,,,,
DELA_006,DELA,2015,15.351250648498535,16.970380783081055,1.2408249378204346,2.3990020751953125,0.06340643763542175,2.0210978984832764,0.15431879460811615,0.08679104596376419,0.27121561765670776,0.46661800146102905,0.8794629573822021,17.099300384521484,21.86186408996582,,,,
DELA_008,DELA,2015,13.52088737487793,14.879179954528809,1.3727176189422607,2.617882013320923,0.1296204775571823,2.4278717041015625,0.2206926941871643,0.1261773258447647,0.3088136315345764,0.5041607022285461,0.8518238663673401,15.663130760192871,49.15647506713867,,,,
DELA_046,DELA,2015,19.589235305786133,21.579500198364258,1.2376444339752197,3.435202121734619,0.06162223219871521,2.2951807975769043,0.13186389207839966,0.07017232477664948,0.2826206386089325,0.47886985540390015,0.925744354724884,21.52764129638672,11.795719146728516,,,,
DELA_053,DELA,2015,19.0610294342041,20.811384201049805,1.2134698629379272,2.6992483139038086,0.055870428681373596,2.082796335220337,0.1307157725095749,0.07435041666030884,0.24403499066829681,0.4713599979877472,0.922446608543396,20.824176788330078,15.328941345214844,,,,
DELA_051,DELA,2015,17.715394973754883,19.237581253051758,1.2770402431488037,3.125269889831543,0.08566497266292572,2.323094129562378,0.1482631266117096,0.07992242276668549,0.30206453800201416,0.5019299387931824,0.8941515684127808,19.690128326416016,18.449462890625,,,,
DELA_043,DELA,2015,14.372474670410156,16.896543502807617,1.2556291818618774,2.959035634994507,0.04799751937389374,2.829277753829956,0.20156723260879517,0.11129412800073624,0.31897619366645813,0.5525538325309753,0.9076875448226929,16.984750747680664,35.65913009643555,,,,
DELA_040,DELA,2015,21.743247985839844,23.72345733642578,1.2132184505462646,3.0409765243530273,0.05603538081049919,2.422372341156006,0.1340220421552658,0.07771878689527512,0.21981599926948547,0.4671638011932373,0.8897098302841187,23.744487762451172,10.980392456054688,,,,
DELA_052,DELA,2015,15.087395668029785,16.403640747070312,1.3037697076797485,2.608473300933838,0.10344073176383972,2.3791818618774414,0.19059084355831146,0.10731525719165802,0.307346910238266,0.5258817076683044,0.930167555809021,17.243974685668945,37.47535705566406,,,,
DELA_041,DELA,2015,13.200881958007812,14.60315990447998,1.305323839187622,2.4149231910705566,0.09846270829439163,2.083458185195923,0.1825794130563736,0.10218354314565659,0.31399598717689514,0.5061999559402466,0.8819237947463989,15.118115425109863,38.70542526245117,,,,
DELA_044,DELA,2015,18.05198860168457,20.839969635009766,1.2337058782577515,3.4416627883911133,0.040902383625507355,3.0148537158966064,0.17843542993068695,0.09746614098548889,0.29813674092292786,0.5759230256080627,0.9854177832603455,20.741880416870117,21.532350540161133,,,,
DELA_039,DELA,2015,16.459514617919922,19.029102325439453,1.245440125465393,3.222837209701538,0.04453916475176811,2.8503432273864746,0.18692483007907867,0.10151159763336182,0.30592843890190125,0.5493000745773315,0.9139939546585083,18.979251861572266,31.09770965576172,,,,
DELA_054,DELA,2015,21.603857040405273,23.779382705688477,1.236419439315796,3.3504393100738525,0.06018029898405075,2.6536152362823486,0.14997972548007965,0.08500133454799652,0.2336604744195938,0.493720144033432,0.9021987915039062,23.85076141357422,18.789134979248047,,,,
DELA_045,DELA,2015,20.6881160736084,22.747482299804688,1.2468900680541992,3.1298747062683105,0.06312180310487747,2.7430388927459717,0.16711287200450897,0.0981789156794548,0.23187918961048126,0.503813624382019,0.9367620348930359,22.969736099243164,20.84073829650879,,,,
DELA_042,DELA,2015,17.337549209594727,19.81308364868164,1.2403324842453003,2.9275312423706055,0.049679260700941086,2.620661973953247,0.17402046918869019,0.09734465181827545,0.2741704285144806,0.5583407878875732,0.9937566518783569,19.709449768066406,23.991758346557617,,,,
DELA_055,DELA,2015,12.97661018371582,14.071586608886719,1.2616267204284668,2.0472190380096436,0.09038489311933517,2.0706288814544678,0.1679450422525406,0.09216532856225967,0.3049877882003784,0.4626156687736511,0.8027558326721191,14.911748886108398,40.49999237060547,,,,
DELA_037,DELA,2015,14.003144264221191,16.161985397338867,1.2891054153442383,2.90560245513916,0.06664443761110306,2.6012074947357178,0.2043495625257492,0.11152100563049316,0.3177616000175476,0.5212845802307129,0.9028286933898926,16.31058692932129,40.62943649291992,,,,
DELA_050,DELA,2015,19.470571517944336,22.353923797607422,1.254250407218933,3.5765540599823,0.04859264940023422,3.2596704959869385,0.19285616278648376,0.1073349192738533,0.27172085642814636,0.5514943599700928,1.0000073909759521,22.291622161865234,21.862201690673828,,,,
DELA_056,DELA,2015,19.58086585998535,21.828115463256836,1.2989895343780518,3.828889846801758,0.08403761684894562,3.114994764328003,0.18107032775878906,0.09704737365245819,0.2946747839450836,0.5792245864868164,0.9831711053848267,22.286741256713867,23.591434478759766,,,,
DELA_047,DELA,2015,14.21269416809082,16.008277893066406,1.226778268814087,2.1274139881134033,0.049661971628665924,2.0539910793304443,0.1677582710981369,0.09669312834739685,0.25721311569213867,0.48489299416542053,0.924123227596283,16.04340934753418,34.3477897644043,,,,
DELA_048,DELA,2015,16.370830535888672,18.591840744018555,1.2539637088775635,3.0545928478240967,0.05538216605782509,2.5784432888031006,0.17592564225196838,0.09566093236207962,0.3120289742946625,0.5231403112411499,0.9522450566291809,18.615697860717773,21.502744674682617,,,,
DELA_049,DELA,2015,18.76837921142578,20.95343589782715,1.2887991666793823,3.622070789337158,0.07657177001237869,3.066118001937866,0.18465416133403778,0.10007461905479431,0.2817649245262146,0.5246587991714478,0.9271794557571411,21.364225387573242,27.272113800048828,,,,
DELA_038,DELA,2015,13.43181037902832,15.18351936340332,1.2231416702270508,2.2505881786346436,0.046242743730545044,2.0475523471832275,0.16687674820423126,0.09148082882165909,0.30076882243156433,0.47215285897254944,0.7998974919319153,15.281515121459961,40.07688903808594,,,,
DELA_023,DELA,2015,18.999652862548828,22.059131622314453,1.2670295238494873,3.7242510318756104,0.0501081757247448,3.38669490814209,0.20416882634162903,0.11363968998193741,0.278954416513443,0.5554837584495544,1.021431565284729,21.987831115722656,22.297435760498047,,,,
DELA_022,DELA,2015,13.098158836364746,14.726076126098633,1.3131705522537231,2.5293734073638916,0.09336024522781372,2.3229243755340576,0.20875853300094604,0.11637444794178009,0.3229001462459564,0.5507049560546875,0.9352996945381165,15.180912017822266,46.766395568847656,,,,
DELA_021,DELA,2015,8.785848617553711,9.430169105529785,1.381798505783081,1.8365761041641235,0.15180736780166626,1.4081693887710571,0.19077830016613007,0.11034926772117615,0.3364294767379761,0.4539574384689331,0.7358676791191101,10.018187522888184,61.47962951660156,,,,
DELA_059,DELA,2015,19.146589279174805,21.208784103393555,1.2164642810821533,2.869236946105957,0.05010323226451874,2.5182948112487793,0.14889372885227203,0.08392845094203949,0.24507135152816772,0.524553656578064,0.9761816263198853,21.242868423461914,15.952083587646484,,,,
DELA_013,DELA,2016,20.698511123657227,24.12070083618164,1.340199589729309,4.848628520965576,0.08661771565675735,4.09390926361084,0.23177963495254517,0.1269112378358841,0.2985323667526245,0.6118722558021545,1.0788153409957886,24.279258728027344,20.601966857910156,,,,
DELA_003,DELA,2016,13.078335762023926,14.704020500183105,1.430184006690979,3.572357177734375,0.14876846969127655,2.8157129287719727,0.2596954107284546,0.1444437950849533,0.3510182797908783,0.5949413180351257,0.9562293887138367,15.541698455810547,45.112735748291016,,,,
DELA_005,DELA,2016,14.580083847045898,16.278308868408203,1.3061798810958862,3.2933595180511475,0.08990941196680069,2.128934383392334,0.16471469402313232,0.08835975080728531,0.3095143139362335,0.49761220812797546,0.9198125004768372,16.346311569213867,21.06055450439453,,,,
DELA_011,DELA,2016,17.57111930847168,19.262685775756836,1.2477519512176514,2.9365293979644775,0.07317996025085449,2.156031370162964,0.13572560250759125,0.0815841555595398,0.23959626257419586,0.5106651782989502,0.9738765358924866,19.298988342285156,11.955232620239258,,,,
DELA_004,DELA,2016,17.938636779785156,21.071054458618164,1.438328742980957,5.7262067794799805,0.12972435355186462,3.630770206451416,0.22748731076717377,0.12116042524576187,0.3444664180278778,0.6860503554344177,1.1136444807052612,21.02961540222168,24.201881408691406,,,,
DELA_018,DELA,2016,15.107673645019531,17.21364974975586,1.3170140981674194,3.154244899749756,0.08623553067445755,2.751844644546509,0.21464014053344727,0.12120965868234634,0.29913467168807983,0.6359551548957825,1.1258550882339478,17.536285400390625,32.11460494995117,,,,
DELA_014,DELA,2016,20.594379425048828,22.338438034057617,1.5066763162612915,5.747782230377197,0.2091972380876541,2.302539587020874,0.13695982098579407,0.08025065064430237,0.22756820917129517,0.43035832047462463,0.7089295983314514,22.457481384277344,25.963109970092773,,,,
DELA_015,DELA,2016,14.001623153686523,15.5454740524292,1.406035304069519,3.233811378479004,0.14561189711093903,1.9776321649551392,0.1712755560874939,0.09595702588558197,0.29094022512435913,0.508382260799408,0.8894822001457214,15.692137718200684,31.400390625,,,,
DELA_012,DELA,2016,13.255178451538086,15.690269470214844,1.4295891523361206,3.9157729148864746,0.12593190371990204,2.749953508377075,0.23778942227363586,0.1301937699317932,0.3591476380825043,0.607346773147583,1.0626804828643799,15.68416976928711,40.30598449707031,,,,
DELA_010,DELA,2016,15.373623847961426,17.16916275024414,1.2765750885009766,2.516126871109009,0.07648815214633942,2.304863214492798,0.18183240294456482,0.10707595199346542,0.2578170597553253,0.4649260640144348,0.8630213141441345,17.38839340209961,31.684303283691406,,,,
DELA_016,DELA,2016,17.191020965576172,19.61442756652832,1.5444722175598145,5.527650833129883,0.19986499845981598,3.020345449447632,0.22089412808418274,0.1279885172843933,0.2555910646915436,0.49251773953437805,0.7978327870368958,19.647708892822266,41.015472412109375,,,,
DELA_001,DELA,2016,15.653504371643066,17.316970825195312,1.3486039638519287,3.6199512481689453,0.12527546286582947,2.7686731815338135,0.19442230463027954,0.10582182556390762,0.3343285322189331,0.5971054434776306,1.0427333116531372,18.0388240814209,28.175310134887695,,,,
DELA_019,DELA,2016,13.149373054504395,15.296050071716309,1.2776895761489868,2.766789674758911,0.05848166346549988,2.5725960731506348,0.2157338410615921,0.12031301856040955,0.3232463300228119,0.5342563986778259,0.9594979882240295,15.421279907226562,42.45157241821289,,,,
DELA_017,DELA,2016,15.799318313598633,17.800973892211914,1.3294650316238403,3.4423587322235107,0.09513764083385468,2.873210906982422,0.20619650185108185,0.11252351850271225,0.3267190158367157,0.5667340159416199,0.9827358722686768,18.24769401550293,30.649106979370117,,,,
DELA_009,DELA,2016,18.074087142944336,20.413448333740234,1.3095977306365967,3.626142740249634,0.08859448879957199,2.750657558441162,0.18007224798202515,0.10167989134788513,0.27262067794799805,0.5415887236595154,0.9459323883056641,20.493257522583008,24.81662368774414,,,,
DELA_002,DELA,2016,16.92117691040039,18.83137321472168,1.3189131021499634,3.4058732986450195,0.10076632350683212,2.366971254348755,0.1662166863679886,0.095621258020401,0.25736570358276367,0.48319104313850403,0.872842013835907,18.930278778076172,21.339204788208008,,,,
DELA_007,DELA,2016,15.726361274719238,18.18346405029297,1.3002177476882935,3.3245041370391846,0.0648668184876442,2.9109466075897217,0.21530474722385406,0.11877632886171341,0.31716859340667725,0.5569892525672913,1.0087502002716064,18.281435012817383,28.05216407775879,,,,
DELA_020,DELA,2016,16.391456604003906,19.06711769104004,1.276469111442566,3.5856947898864746,0.052019909024238586,2.971761465072632,0.20354357361793518,0.11067817360162735,0.3208151161670685,0.5594251751899719,1.002137303352356,18.990375518798828,27.229087829589844,,,,
DELA_006,DELA,2016,14.902482986450195,16.273706436157227,1.3232399225234985,2.7191312313079834,0.1135648638010025,2.2361807823181152,0.17761792242527008,0.10661332309246063,0.25417059659957886,0.482388436794281,0.8628872036933899,16.770959854125977,28.686752319335938,,,,
DELA_008,DELA,2016,13.272440910339355,15.044483184814453,1.3571312427520752,2.7788538932800293,0.1095677837729454,2.700226068496704,0.24811622500419617,0.1439102590084076,0.31027212738990784,0.5310187339782715,0.8938777446746826,15.659049034118652,49.57648849487305,,,,
DELA_046,DELA,2016,19.09510612487793,21.42630958557129,1.3374863862991333,4.439579010009766,0.10235492140054703,2.8606979846954346,0.17276927828788757,0.0971844494342804,0.26702094078063965,0.5432800054550171,0.9716327786445618,21.426774978637695,18.15907096862793,,,,
DELA_053,DELA,2016,18.850067138671875,20.862457275390625,1.3105725049972534,3.570117235183716,0.09650766104459763,2.796931028366089,0.1800210177898407,0.10915901511907578,0.24706964194774628,0.5261765718460083,0.9364697337150574,21.1168270111084,19.888532638549805,,,,
DELA_051,DELA,2016,17.4074764251709,19.51119613647461,1.3376902341842651,4.021487712860107,0.10092740505933762,2.9006383419036865,0.1876724660396576,0.1005774661898613,0.32160696387290955,0.5937246084213257,1.044188141822815,19.880268096923828,22.43263053894043,,,,
DELA_043,DELA,2016,13.884720802307129,16.591575622558594,1.3293145895004272,3.422964096069336,0.08117465674877167,2.9569613933563232,0.21855151653289795,0.1192261353135109,0.33708614110946655,0.6182518601417542,1.0229030847549438,16.707340240478516,38.919464111328125,,,,
DELA_040,DELA,2016,21.246522903442383,23.784034729003906,1.2916470766067505,4.018989086151123,0.08145207911729813,3.127497673034668,0.17771172523498535,0.10546906292438507,0.24028143286705017,0.5262808799743652,0.9416157603263855,23.805774688720703,15.192187309265137,,,,
DELA_052,DELA,2016,14.95767593383789,16.399654388427734,1.3449145555496216,2.7938709259033203,0.11702972650527954,2.4131977558135986,0.19719579815864563,0.11410479992628098,0.2840242385864258,0.5168274641036987,0.9337480664253235,17.10265350341797,38.03140640258789,,,,
DELA_041,DELA,2016,13.003679275512695,14.719170570373535,1.4014692306518555,3.1342363357543945,0.1411317139863968,2.4039437770843506,0.20750842988491058,0.11295001953840256,0.3457026481628418,0.6154139637947083,1.0046803951263428,15.290672302246094,42.69930648803711,,,,
DELA_044,DELA,2016,17.7383975982666,21.087186813354492,1.3050750494003296,4.388861179351807,0.06532508134841919,3.4663069248199463,0.20408998429775238,0.1091376394033432,0.3409782648086548,0.6962650418281555,1.1531342267990112,20.92862319946289,23.72943878173828,,,,
DELA_039,DELA,2016,16.196557998657227,19.087379455566406,1.3102153539657593,3.841956377029419,0.06935418397188187,3.1353237628936768,0.2096351832151413,0.11272953450679779,0.32896843552589417,0.6319102048873901,1.0526610612869263,19.020008087158203,32.70646667480469,,,,
DELA_054,DELA,2016,20.446788787841797,23.428714752197266,1.3105255365371704,4.248095989227295,0.07419904321432114,3.534268617630005,0.20419630408287048,0.10986557602882385,0.2951667010784149,0.5848989486694336,1.0311001539230347,23.545623779296875,22.616479873657227,,,,
DELA_045,DELA,2016,19.319578170776367,22.328208923339844,1.3298144340515137,4.280516147613525,0.07878483086824417,3.5757486820220947,0.22090506553649902,0.12077328562736511,0.30501723289489746,0.6254429221153259,1.0692368745803833,22.44234275817871,25.75933265686035,,,,
DELA_042,DELA,2016,16.873159408569336,19.673873901367188,1.3247747421264648,3.614896535873413,0.08559633046388626,2.9069433212280273,0.19580627977848053,0.10767962038516998,0.2997995615005493,0.6084403991699219,1.0454381704330444,19.602155685424805,28.25960350036621,,,,
DELA_055,DELA,2016,12.895360946655273,14.17280101776123,1.3178107738494873,2.51259446144104,0.11607100069522858,2.2843081951141357,0.18730011582374573,0.10209087282419205,0.32389599084854126,0.5283518433570862,0.9189663529396057,15.053557395935059,42.7620735168457,,,,
DELA_037,DELA,2016,13.259727478027344,15.702290534973145,1.3217037916183472,3.177872657775879,0.06701966375112534,2.879870653152466,0.24243947863578796,0.1326659917831421,0.3570588231086731,0.5795246362686157,0.978020966053009,15.838973045349121,44.38557815551758,,,,
DELA_050,DELA,2016,19.050397872924805,22.402957916259766,1.3136649131774902,4.327630519866943,0.06881033629179001,3.615337371826172,0.2147064208984375,0.116979219019413,0.30141422152519226,0.6185120344161987,1.0821815729141235,22.309663772583008,23.95322036743164,,,,
DELA_056,DELA,2016,19.43771743774414,22.114233016967773,1.3053348064422607,3.957033395767212,0.0780637189745903,3.315499782562256,0.19585078954696655,0.10702309757471085,0.29491692781448364,0.6212061047554016,1.0597580671310425,22.327638626098633,23.29586410522461,,,,
DELA_047,DELA,2016,14.054389953613281,16.019826889038086,1.3243240118026733,2.7845847606658936,0.09573464840650558,2.30879807472229,0.1825200766324997,0.10405959188938141,0.2772810161113739,0.5019828677177429,0.9194854497909546,16.13898277282715,37.86094665527344,,,,
DELA_048,DELA,2016,15.785467147827148,18.28712272644043,1.306165099143982,3.403937578201294,0.07171644270420074,2.91717267036438,0.21144302189350128,0.1177866980433464,0.3068884313106537,0.6329221725463867,1.1230223178863525,18.350053787231445,26.385456085205078,,,,
DELA_049,DELA,2016,18.411500930786133,21.37662124633789,1.2964048385620117,3.9737963676452637,0.06132112443447113,3.5047662258148193,0.21574699878692627,0.11716653406620026,0.29614508152008057,0.6077568531036377,1.0706710815429688,21.42011833190918,27.066190719604492,,,,
DELA_038,DELA,2016,13.503639221191406,15.523530960083008,1.2788293361663818,2.8162198066711426,0.0669456273317337,2.3430066108703613,0.1861826330423355,0.10103923827409744,0.31899064779281616,0.5398023724555969,0.909206748008728,15.617517471313477,40.69536209106445,,,,
DELA_023,DELA,2016,18.637176513671875,22.12647819519043,1.328972578048706,4.407954692840576,0.07269037514925003,3.880404233932495,0.23426499962806702,0.13191063702106476,0.2910354435443878,0.6077114939689636,1.072515606880188,22.048171997070312,25.33932113647461,,,,
DELA_022,DELA,2016,13.314926147460938,14.907158851623535,1.3849406242370605,3.150418758392334,0.13296231627464294,2.796375036239624,0.2420438528060913,0.13295316696166992,0.35669785737991333,0.6012523174285889,1.024078607559204,15.833446502685547,47.742008209228516,,,,
DELA_021,DELA,2016,8.380865097045898,9.359691619873047,1.3914275169372559,2.0795884132385254,0.14485590159893036,1.6747417449951172,0.22822189331054688,0.1298408806324005,0.37570828199386597,0.5473405122756958,0.9124479293823242,9.91069221496582,65.09232330322266,,,,
DELA_059,DELA,2016,18.559825897216797,21.333904266357422,1.3050185441970825,4.04886531829834,0.07492060214281082,3.1525063514709473,0.18951715528964996,0.10210983455181122,0.2978854477405548,0.591583251953125,1.0319188833236694,21.29560661315918,20.542095184326172,,,,
DELA_013,DELA,2017,21.67475128173828,24.0625057220459,1.2518507242202759,3.5931396484375,0.061460692435503006,3.1740968227386475,0.18023934960365295,0.10214129835367203,0.23165085911750793,0.47234177589416504,0.939725399017334,24.25028419494629,16.747262954711914,,,,
DELA_003,DELA,2017,13.466421127319336,14.679925918579102,1.381018877029419,2.856381416320801,0.136292964220047,2.4021880626678467,0.2308289259672165,0.12921051681041718,0.33370712399482727,0.4678502082824707,0.8125169277191162,15.533719062805176,42.15900421142578,,,,
DELA_005,DELA,2017,15.055102348327637,16.3819580078125,1.23444402217865,2.398329496383667,0.06534897536039352,1.7332457304000854,0.13725432753562927,0.0766386017203331,0.25894927978515625,0.37438443303108215,0.7621114253997803,16.4803409576416,17.68645668029785,,,,
DELA_011,DELA,2017,18.25405502319336,19.49352264404297,1.178365707397461,2.164391279220581,0.052434228360652924,1.6761040687561035,0.10201705992221832,0.06070880964398384,0.21092680096626282,0.4363263249397278,0.9372044205665588,19.585403442382812,8.708374977111816,,,,
DELA_004,DELA,2017,18.69776153564453,21.05989646911621,1.336891531944275,4.208545207977295,0.09534500539302826,3.024569034576416,0.1940746158361435,0.10853001475334167,0.2658456265926361,0.4488592743873596,0.869766116142273,21.132883071899414,19.39689826965332,,,,
DELA_018,DELA,2017,15.424721717834473,17.115520477294922,1.2540640830993652,2.5551154613494873,0.06631185859441757,2.340184211730957,0.17824842035770416,0.0990753099322319,0.2766108810901642,0.4906781017780304,0.8836351037025452,17.453569412231445,29.17754364013672,,,,
DELA_014,DELA,2017,21.29810905456543,22.38927459716797,1.4532769918441772,4.772256851196289,0.19088394939899445,2.0354554653167725,0.1254466325044632,0.07427087426185608,0.19604390859603882,0.30152714252471924,0.6088340282440186,22.865720748901367,23.96892547607422,,,,
DELA_015,DELA,2017,14.980940818786621,15.809062004089355,1.2597347497940063,2.034302234649658,0.09301538020372391,1.4214876890182495,0.1201055571436882,0.0733889490365982,0.20784161984920502,0.33052438497543335,0.6696701049804688,16.095399856567383,23.044336318969727,,,,
DELA_012,DELA,2017,13.659547805786133,15.671184539794922,1.3476296663284302,3.3724000453948975,0.09325661510229111,2.4327645301818848,0.21158529818058014,0.11770005524158478,0.31960850954055786,0.45351505279541016,0.8857513666152954,15.679129600524902,36.8685188293457,,,,
DELA_010,DELA,2017,15.813223838806152,17.077360153198242,1.210187315940857,1.8682314157485962,0.0564558207988739,1.806525468826294,0.14538608491420746,0.08623962849378586,0.22586797177791595,0.39879927039146423,0.8198549151420593,17.331398010253906,28.980588912963867,,,,
DELA_016,DELA,2017,18.3022518157959,20.19038963317871,1.488121509552002,5.262731075286865,0.18219411373138428,2.820117950439453,0.1909390538930893,0.10806012898683548,0.23737794160842896,0.415608674287796,0.77809077501297,20.500234603881836,37.629638671875,,,,
DELA_001,DELA,2017,16.319276809692383,17.775970458984375,1.2564713954925537,2.6719717979431152,0.07572226226329803,2.239873170852661,0.15977399051189423,0.08854492008686066,0.28871122002601624,0.453387588262558,0.8943272829055786,18.180835723876953,21.917537689208984,,,,
DELA_019,DELA,2017,14.11767292022705,15.69156265258789,1.249983787536621,2.4188802242279053,0.06437384337186813,2.2384626865386963,0.1786976158618927,0.09933850169181824,0.30329787731170654,0.4356946349143982,0.8075171709060669,16.027944564819336,36.999481201171875,,,,
DELA_017,DELA,2017,16.456865310668945,17.448362350463867,1.2873543500900269,2.590456247329712,0.09829797595739365,2.3946800231933594,0.1720978319644928,0.09460853040218353,0.2958930730819702,0.45696571469306946,0.8424708247184753,18.463512420654297,28.97684669494629,,,,
DELA_009,DELA,2017,18.71367645263672,20.741121292114258,1.2331063747406006,2.9934022426605225,0.057045139372348785,2.4041295051574707,0.15396654605865479,0.08542796969413757,0.2663048207759857,0.4823501408100128,0.9065394997596741,20.77805519104004,20.106884002685547,,,,
DELA_002,DELA,2017,17.601280212402344,19.077978134155273,1.2389470338821411,2.6191420555114746,0.07069876044988632,2.003943920135498,0.13944627344608307,0.08121190220117569,0.2404038906097412,0.45211049914360046,0.9288514852523804,19.23181915283203,16.231698989868164,,,,
DELA_007,DELA,2017,16.65578842163086,18.393278121948242,1.2365496158599854,2.553955316543579,0.056968700140714645,2.316234588623047,0.16853447258472443,0.09408356994390488,0.27486735582351685,0.44813108444213867,0.8894456624984741,18.599136352539062,24.012845993041992,,,,
DELA_020,DELA,2017,17.592365264892578,19.698177337646484,1.2247923612594604,3.007845878601074,0.045418787747621536,2.5284619331359863,0.16272717714309692,0.08864358067512512,0.2833155691623688,0.47739341855049133,0.90683513879776,19.708715438842773,23.001712799072266,,,,
DELA_006,DELA,2017,15.500081062316895,16.743337631225586,1.2275139093399048,2.0825653076171875,0.06789971888065338,1.77504301071167,0.14004620909690857,0.08279048651456833,0.22668373584747314,0.4643879532814026,0.9029305577278137,16.961563110351562,21.707408905029297,,,,
DELA_008,DELA,2017,13.92572021484375,14.989275932312012,1.3024744987487793,2.202003240585327,0.10505516827106476,2.1741604804992676,0.2025144249200821,0.11786232888698578,0.2731851637363434,0.4209764003753662,0.8225724101066589,15.783544540405273,45.82691955566406,,,,
DELA_046,DELA,2017,19.9675350189209,21.833969116210938,1.2561675310134888,3.596646308898926,0.07365068048238754,2.3609509468078613,0.13583754003047943,0.07435653358697891,0.2567017674446106,0.44944679737091064,0.8852540850639343,21.866716384887695,13.262081146240234,,,,
DELA_053,DELA,2017,19.2014102935791,20.882780075073242,1.2336208820343018,2.7866387367248535,0.06470474600791931,2.187546730041504,0.14396853744983673,0.08323760330677032,0.22962111234664917,0.43238794803619385,0.883573055267334,20.97566795349121,17.338211059570312,,,,
DELA_051,DELA,2017,18.354339599609375,19.80635643005371,1.263954520225525,3.10672926902771,0.08256420493125916,2.3560996055603027,0.14673857390880585,0.08021730184555054,0.2876295745372772,0.46472615003585815,0.8754716515541077,20.27664566040039,17.645614624023438,,,,
DELA_043,DELA,2017,14.233715057373047,16.358688354492188,1.2514618635177612,2.7232680320739746,0.05679794028401375,2.508995771408081,0.18439866602420807,0.1027468591928482,0.3036686182022095,0.5076935887336731,0.8479517698287964,16.50218963623047,34.53058624267578,,,,
DELA_040,DELA,2017,21.896366119384766,23.839014053344727,1.2354882955551147,3.2931573390960693,0.06537261605262756,2.503288984298706,0.1390855759382248,0.07852775603532791,0.22337262332439423,0.4671896994113922,0.9351711869239807,23.933446884155273,12.289807319641113,,,,
DELA_052,DELA,2017,15.278818130493164,15.921012878417969,1.3023494482040405,2.230656862258911,0.11948546767234802,2.0764472484588623,0.17279934883117676,0.09996595978736877,0.2724837362766266,0.4603584110736847,0.8606303334236145,17.06387710571289,37.1421012878418,,,,
DELA_041,DELA,2017,13.253116607666016,14.560111045837402,1.3219072818756104,2.488344430923462,0.1107456311583519,2.0670714378356934,0.18134728074073792,0.10183308273553848,0.30511558055877686,0.48839834332466125,0.8662811517715454,15.113631248474121,40.04910659790039,,,,
DELA_044,DELA,2017,18.14209747314453,20.73445701599121,1.2391269207000732,3.447695255279541,0.0482456311583519,2.892585039138794,0.17055544257164001,0.09334032982587814,0.28948715329170227,0.5321589708328247,0.9315937161445618,20.668521881103516,20.185483932495117,,,,
DELA_039,DELA,2017,16.876508712768555,18.981481552124023,1.2194852828979492,2.6802053451538086,0.0441003181040287,2.4333040714263916,0.16418211162090302,0.09140826761722565,0.26816725730895996,0.47967463731765747,0.8678286075592041,18.98006820678711,28.33260154724121,,,,
DELA_054,DELA,2017,21.09116554260254,23.22557830810547,1.2980376482009888,4.133605003356934,0.08582118153572083,3.1882364749908447,0.17772071063518524,0.09629922360181808,0.2768220007419586,0.4979356825351715,0.8916741609573364,23.67836570739746,22.53435707092285,,,,
DELA_045,DELA,2017,19.812808990478516,22.118995666503906,1.2947231531143188,3.7641139030456543,0.07763956487178802,3.155946969985962,0.19523045420646667,0.1076713502407074,0.27677464485168457,0.5152312517166138,0.9395748972892761,22.422311782836914,25.130393981933594,,,,
DELA_042,DELA,2017,17.476320266723633,19.358314514160156,1.2377663850784302,2.5611584186553955,0.060460641980171204,2.3115479946136475,0.15896420180797577,0.0921022817492485,0.23587067425251007,0.4830237030982971,0.9105656147003174,19.46905517578125,24.521728515625,,,,
DELA_055,DELA,2017,13.136858940124512,14.542194366455078,1.2136915922164917,1.8884376287460327,0.0563616082072258,1.8306341171264648,0.15338319540023804,0.08592395484447479,0.2790001332759857,0.43952110409736633,0.8337587118148804,14.838658332824707,37.66438293457031,,,,
DELA_037,DELA,2017,14.086371421813965,16.117111206054688,1.2448033094406128,2.555677890777588,0.04378009960055351,2.4137673377990723,0.19703888893127441,0.10848436504602432,0.31514856219291687,0.45840954780578613,0.8372212648391724,16.18761444091797,38.8561897277832,,,,
DELA_050,DELA,2017,19.343427658081055,21.880491256713867,1.2427115440368652,3.304562568664551,0.0516204908490181,2.971055507659912,0.17724470794200897,0.09866946935653687,0.2566468417644501,0.5018370747566223,0.9455137848854065,21.92090606689453,21.51681137084961,,,,
DELA_056,DELA,2017,20.30709457397461,22.301847457885742,1.2782989740371704,3.60206937789917,0.07860498130321503,2.975196361541748,0.16894538700580597,0.09227690100669861,0.2798278033733368,0.5027568936347961,0.883432149887085,22.756914138793945,21.636167526245117,,,,
DELA_047,DELA,2017,14.620861053466797,15.942634582519531,1.1892091035842896,1.724975824356079,0.04463900253176689,1.7349565029144287,0.14202770590782166,0.08507945388555527,0.21936088800430298,0.37267741560935974,0.793416440486908,16.07221221923828,31.500900268554688,,,,
DELA_048,DELA,2017,16.370742797851562,18.374353408813477,1.2479486465454102,2.752833366394043,0.05534925311803818,2.463001251220703,0.17435632646083832,0.0968940332531929,0.280123770236969,0.4934580624103546,0.9153757095336914,18.46138572692871,22.974882125854492,,,,
DELA_049,DELA,2017,19.385622024536133,21.507606506347656,1.274999737739563,3.617464542388916,0.07230313867330551,2.9720661640167236,0.1756926327943802,0.09561031311750412,0.2779799997806549,0.48387444019317627,0.8584774732589722,21.81532859802246,24.68280601501465,,,,
DELA_038,DELA,2017,13.793724060058594,15.44052791595459,1.2143611907958984,2.192873954772949,0.04633529111742973,1.9981462955474854,0.15991005301475525,0.08819596469402313,0.2937532067298889,0.4466323256492615,0.78029465675354,15.567180633544922,37.48476028442383,,,,
DELA_023,DELA,2017,19.532926559448242,22.16725730895996,1.255176067352295,3.59848952293396,0.052662014961242676,3.2257230281829834,0.1897568702697754,0.10676567256450653,0.2581818103790283,0.4957531690597534,0.9524917006492615,22.179126739501953,21.20578384399414,,,,
DELA_022,DELA,2017,13.848072052001953,14.935492515563965,1.3241933584213257,2.4947617053985596,0.11717085540294647,2.2871313095092773,0.2054324895143509,0.11500993371009827,0.3180176913738251,0.4635891020298004,0.843990683555603,15.814518928527832,43.658199310302734,,,,
DELA_021,DELA,2017,8.840432167053223,9.444192886352539,1.3424063920974731,1.627213716506958,0.1361704170703888,1.398393154144287,0.20244820415973663,0.11931605637073517,0.3503970503807068,0.43174314498901367,0.7588220238685608,10.041760444641113,60.191558837890625,,,,
DELA_059,DELA,2017,19.517005920410156,21.63895606994629,1.2379194498062134,3.2383153438568115,0.05721618980169296,2.58790922164917,0.15211407840251923,0.08323156088590622,0.26391613483428955,0.4839821457862854,0.9313035011291504,21.66645050048828,16.42157745361328,,,,
DELA_013,DELA,2018,20.180036544799805,25.37916374206543,1.3922338485717773,5.879428863525391,0.0801871195435524,5.222059726715088,0.2969253659248352,0.16312171518802643,0.4825384318828583,1.1923553943634033,1.6855698823928833,25.3490047454834,21.633047103881836,,,,
DELA_003,DELA,2018,12.552990913391113,17.363439559936523,1.540220022201538,4.738301753997803,0.1291464865207672,3.9943413734436035,0.3785998821258545,0.21030990779399872,0.626255452632904,1.438355803489685,1.7328264713287354,17.156877517700195,44.6182975769043,,,,
DELA_005,DELA,2018,14.089860916137695,18.019620895385742,1.3991436958312988,4.577874660491943,0.09345897287130356,3.5212881565093994,0.2692539393901825,0.14716438949108124,0.600786030292511,1.4482076168060303,1.9692277908325195,17.871906280517578,25.961790084838867,,,,
DELA_011,DELA,2018,17.464086532592773,21.198822021484375,1.3200416564941406,4.573631763458252,0.07420137524604797,3.2808187007904053,0.19541382789611816,0.10733494162559509,0.5345489382743835,1.3324512243270874,1.9817508459091187,20.982582092285156,13.764894485473633,,,,
DELA_004,DELA,2018,17.8375186920166,23.35608673095703,1.4330627918243408,6.324491500854492,0.09072815626859665,4.891399383544922,0.2950838804244995,0.15925273299217224,0.5910555124282837,1.5919991731643677,2.0491747856140137,22.95755958557129,22.411550521850586,,,,
DELA_018,DELA,2018,14.598186492919922,19.082944869995117,1.3847962617874146,4.283459186553955,0.07070279121398926,3.9550604820251465,0.2964583933353424,0.16437405347824097,0.5580572485923767,1.3027629852294922,1.8738137483596802,19.015228271484375,32.55179977416992,,,,
DELA_014,DELA,2018,21.130895614624023,24.310626983642578,1.461522102355957,6.581490516662598,0.15710316598415375,3.3158020973205566,0.18074312806129456,0.09917377680540085,0.4358603358268738,1.0837374925613403,1.4989017248153687,24.24091148376465,22.077186584472656,,,,
DELA_015,DELA,2018,13.715616226196289,16.79054832458496,1.3728283643722534,3.8333799839019775,0.08549051731824875,2.9153213500976562,0.24379537999629974,0.13725927472114563,0.5092775225639343,1.0414270162582397,1.5690867900848389,16.65873146057129,31.787595748901367,,,,
DELA_012,DELA,2018,12.834158897399902,17.546566009521484,1.421438455581665,4.347406387329102,0.06978552043437958,3.804385185241699,0.32901591062545776,0.1853494793176651,0.6265643239021301,1.4445016384124756,1.9602339267730713,17.15282440185547,38.77705001831055,,,,
DELA_010,DELA,2018,14.92985725402832,18.410301208496094,1.3432214260101318,3.6265687942504883,0.06898501515388489,3.3827121257781982,0.25737857818603516,0.14408913254737854,0.4805605411529541,1.0175602436065674,1.5533695220947266,18.451032638549805,33.57215881347656,,,,
DELA_016,DELA,2018,18.589370727539062,22.628456115722656,1.5016906261444092,6.889217376708984,0.1550004780292511,4.045547962188721,0.24505437910556793,0.1333189606666565,0.4943423867225647,1.2573628425598145,1.5693622827529907,22.44145393371582,33.18433380126953,,,,
DELA_001,DELA,2018,15.414175987243652,20.076343536376953,1.3737540245056152,4.746950149536133,0.06554953753948212,4.082321643829346,0.28858456015586853,0.16026349365711212,0.5758852958679199,1.3924089670181274,1.951793909072876,19.840394973754883,25.515047073364258,,,,
DELA_019,DELA,2018,13.563985824584961,18.373523712158203,1.4628397226333618,4.629273414611816,0.10236608982086182,4.209970474243164,0.33554911613464355,0.18814398348331451,0.5915353298187256,1.3559458255767822,1.834332823753357,18.343929290771484,40.2398567199707,,,,
DELA_017,DELA,2018,15.707138061523438,18.92034339904785,1.4564939737319946,4.5189409255981445,0.1577768623828888,4.420623302459717,0.31209826469421387,0.1724511981010437,0.5873822569847107,1.428375482559204,1.9910978078842163,20.628664016723633,35.547828674316406,,,,
DELA_009,DELA,2018,17.770763397216797,22.64801597595215,1.384850025177002,5.220159530639648,0.07825395464897156,4.2077484130859375,0.2701528072357178,0.1498582810163498,0.5410968661308289,1.320500135421753,1.8327997922897339,22.302692413330078,24.81461524963379,,,,
DELA_002,DELA,2018,16.66405487060547,20.690298080444336,1.3428910970687866,4.510275840759277,0.06722051650285721,3.604762554168701,0.23941922187805176,0.13055168092250824,0.5523709654808044,1.3350669145584106,2.0163276195526123,20.47395133972168,19.870695114135742,,,,
DELA_007,DELA,2018,15.668963432312012,20.882465362548828,1.4069592952728271,5.051784038543701,0.06650063395500183,4.526655673980713,0.32114821672439575,0.17800036072731018,0.5789373517036438,1.4193016290664673,1.9652427434921265,20.61901092529297,28.304542541503906,,,,
DELA_020,DELA,2018,16.359882354736328,22.068561553955078,1.3832906484603882,5.334070205688477,0.050814222544431686,4.6316118240356445,0.3123169541358948,0.17166265845298767,0.6071597337722778,1.5358946323394775,2.1916279792785645,21.601125717163086,27.13570785522461,,,,
DELA_006,DELA,2018,14.561491966247559,17.93947410583496,1.3408794403076172,3.7176055908203125,0.07148783653974533,3.105778932571411,0.23738403618335724,0.13217711448669434,0.4828490912914276,1.0016862154006958,1.5249214172363281,17.719470977783203,25.89003562927246,,,,
DELA_008,DELA,2018,12.790708541870117,17.244314193725586,1.4754003286361694,4.29683256149292,0.09866458922624588,4.016146659851074,0.36557328701019287,0.20740222930908203,0.5462284684181213,1.1654201745986938,1.5740634202957153,17.1800537109375,48.71501922607422,,,,
DELA_046,DELA,2018,19.12187385559082,23.838943481445312,1.36722731590271,5.777684688568115,0.07816892117261887,4.243927001953125,0.23919355869293213,0.1296655833721161,0.5548896193504333,1.4665746688842773,2.006380081176758,23.528898239135742,16.444299697875977,,,,
DELA_053,DELA,2018,18.51011848449707,21.818145751953125,1.3470160961151123,4.651088237762451,0.08758144825696945,3.414090633392334,0.2100358009338379,0.11569655686616898,0.4424954354763031,0.9567137956619263,1.4738941192626953,21.72210693359375,20.246994018554688,,,,
DELA_051,DELA,2018,17.515661239624023,22.269617080688477,1.380774974822998,5.187409400939941,0.0797760933637619,4.113215923309326,0.2576684355735779,0.14217017590999603,0.5841478705406189,1.4933849573135376,2.0585126876831055,22.04010581970215,20.194557189941406,,,,
DELA_043,DELA,2018,13.893753051757812,19.8404541015625,1.4156203269958496,4.874238014221191,0.06289763003587723,4.419413089752197,0.33436357975006104,0.18545639514923096,0.6105905771255493,1.4230542182922363,2.0171635150909424,19.332603454589844,35.68682098388672,,,,
DELA_040,DELA,2018,20.2855224609375,24.523021697998047,1.352296233177185,5.4215874671936035,0.07726800441741943,4.245298862457275,0.23450864851474762,0.1271008849143982,0.4655819535255432,1.1076419353485107,1.6362626552581787,24.356760025024414,17.2913818359375,,,,
DELA_052,DELA,2018,14.845181465148926,18.787328720092773,1.4481637477874756,4.2576165199279785,0.11709901690483093,3.743873357772827,0.28786441683769226,0.16085803508758545,0.5594836473464966,1.2787309885025024,1.804202675819397,19.061368942260742,36.570125579833984,,,,
DELA_041,DELA,2018,12.699108123779297,17.191694259643555,1.4992249011993408,4.41441011428833,0.1294092833995819,3.685443878173828,0.32026129961013794,0.18018171191215515,0.6058253645896912,1.3708913326263428,1.7883312702178955,17.09766960144043,43.38567352294922,,,,
DELA_044,DELA,2018,17.568479537963867,23.84126091003418,1.3957046270370483,5.840548515319824,0.06762932240962982,4.952080249786377,0.3004641532897949,0.16633781790733337,0.581092357635498,1.5008631944656372,2.0437731742858887,23.32711410522461,23.316465377807617,,,,
DELA_039,DELA,2018,16.536245346069336,22.311500549316406,1.386735439300537,5.371164798736572,0.05838736146688461,4.701096057891846,0.3090152442455292,0.17103716731071472,0.5731736421585083,1.3983813524246216,1.963112711906433,21.878664016723633,28.97174835205078,,,,
DELA_054,DELA,2018,19.795330047607422,25.369739532470703,1.3924000263214111,5.709076881408691,0.07197876274585724,5.063483238220215,0.2953481078147888,0.16147343814373016,0.5181186199188232,1.3064994812011719,1.835949420928955,25.1259765625,23.25986099243164,,,,
DELA_045,DELA,2018,18.563941955566406,23.92644500732422,1.4206918478012085,5.662984848022461,0.08049555867910385,5.049635410308838,0.316302627325058,0.17431578040122986,0.5049285292625427,1.2238469123840332,1.68520987033844,23.78013038635254,27.753345489501953,,,,
DELA_042,DELA,2018,16.556554794311523,22.08542823791504,1.4157541990280151,5.369152069091797,0.08139389753341675,4.6111578941345215,0.3029048442840576,0.16761353611946106,0.5384891033172607,1.3173729181289673,1.7965846061706543,21.709135055541992,28.82271957397461,,,,
DELA_055,DELA,2018,12.816184043884277,16.803417205810547,1.399266242980957,3.885450601577759,0.10961683094501495,3.6963846683502197,0.3067705035209656,0.17132292687892914,0.5993785262107849,1.33708918094635,1.9505829811096191,17.308256149291992,40.92085266113281,,,,
DELA_037,DELA,2018,13.381590843200684,19.27606964111328,1.4355076551437378,4.876293182373047,0.05025748908519745,4.607738971710205,0.37948375940322876,0.21112658083438873,0.6226440072059631,1.4262951612472534,1.9825636148452759,18.82490348815918,41.65619659423828,,,,
DELA_050,DELA,2018,18.004972457885742,24.221345901489258,1.4113447666168213,5.894653797149658,0.06743207573890686,5.286867618560791,0.32323646545410156,0.17732979357242584,0.535045325756073,1.3334952592849731,1.8598198890686035,23.85360336303711,26.369840621948242,,,,
DELA_056,DELA,2018,19.382829666137695,25.559852600097656,1.403119444847107,6.143858432769775,0.06967563182115555,5.360958099365234,0.3065390884876251,0.16806410253047943,0.5583568215370178,1.4675204753875732,1.994446873664856,25.252838134765625,22.410799026489258,,,,
DELA_047,DELA,2018,13.640718460083008,17.711214065551758,1.3508952856063843,3.715672016143799,0.05664845183491707,3.4949376583099365,0.28036853671073914,0.1567586213350296,0.5178800821304321,1.0978072881698608,1.6749988794326782,17.521089553833008,37.26156997680664,,,,
DELA_048,DELA,2018,15.148964881896973,19.694896697998047,1.3705857992172241,4.391705513000488,0.061232347041368484,4.024250507354736,0.29371312260627747,0.16390345990657806,0.5341731905937195,1.247201681137085,1.7624579668045044,19.46588897705078,29.168455123901367,,,,
DELA_049,DELA,2018,18.404321670532227,24.439023971557617,1.4127813577651978,5.987288951873779,0.06907281279563904,5.3578948974609375,0.3223363161087036,0.17692974209785461,0.550710916519165,1.4136935472488403,1.9294681549072266,24.220033645629883,26.17399787902832,,,,
DELA_038,DELA,2018,13.653948783874512,18.49007225036621,1.3885880708694458,4.321317672729492,0.06247210502624512,3.8363852500915527,0.30699577927589417,0.17090442776679993,0.5899222493171692,1.3169609308242798,1.909721851348877,18.1313419342041,37.64656066894531,,,,
DELA_023,DELA,2018,18.24249267578125,24.48137664794922,1.4150108098983765,6.2240166664123535,0.07126962393522263,5.426753520965576,0.3222845494747162,0.17833001911640167,0.5359655618667603,1.3799854516983032,1.8619781732559204,24.062049865722656,26.315305709838867,,,,
DELA_022,DELA,2018,13.179217338562012,17.7022762298584,1.5208097696304321,4.605366230010986,0.131464421749115,4.246098041534424,0.3696747124195099,0.20894485712051392,0.5858950614929199,1.3104971647262573,1.704402208328247,17.912220001220703,45.463966369628906,,,,
DELA_021,DELA,2018,8.323695182800293,11.275915145874023,1.5804312229156494,3.115731716156006,0.1720866858959198,2.64471173286438,0.35239359736442566,0.2033979892730713,0.6370565891265869,1.2843341827392578,1.467348337173462,11.332742691040039,63.99005889892578,,,,
DELA_059,DELA,2018,18.45745849609375,23.69634246826172,1.3694429397583008,5.439624309539795,0.0683184340596199,4.5593953132629395,0.2690187394618988,0.14844855666160583,0.5058268308639526,1.2541680335998535,1.7841989994049072,23.337520599365234,20.74131965637207,,,,
DELA_013,DELA,2019,21.932832717895508,24.85113525390625,1.247982382774353,3.7553350925445557,0.050527505576610565,3.5918703079223633,0.19919025897979736,0.11243372410535812,0.2507174611091614,0.5389885902404785,1.063286542892456,24.939613342285156,15.327183723449707,,,,
DELA_003,DELA,2019,14.201189041137695,15.508407592773438,1.3416545391082764,2.8632726669311523,0.11914557218551636,2.4753479957580566,0.21876856684684753,0.12223826348781586,0.3167412579059601,0.5775503516197205,0.9938452839851379,16.36783218383789,38.643863677978516,,,,
DELA_005,DELA,2019,15.26618766784668,16.476097106933594,1.2632023096084595,2.5157947540283203,0.08720993250608444,1.9615713357925415,0.1514633595943451,0.08230200409889221,0.2733798921108246,0.44843512773513794,0.8783021569252014,16.92818260192871,20.487686157226562,,,,
DELA_011,DELA,2019,18.67412567138672,20.223989486694336,1.1876903772354126,2.394932985305786,0.050333548337221146,1.93450129032135,0.11612969636917114,0.06782938539981842,0.218002051115036,0.49167612195014954,1.0055798292160034,20.25662612915039,9.214925765991211,,,,
DELA_004,DELA,2019,19.248489379882812,21.939010620117188,1.3149371147155762,4.222414493560791,0.0784820020198822,3.297194004058838,0.20303064584732056,0.11242987960577011,0.2688713073730469,0.5349043011665344,0.96622633934021,21.968250274658203,18.43788719177246,,,,
DELA_018,DELA,2019,15.854342460632324,17.924768447875977,1.2345141172409058,2.6781537532806396,0.04704198241233826,2.659301280975342,0.19682462513446808,0.11339481174945831,0.27575287222862244,0.556498110294342,1.0428580045700073,18.12983512878418,26.015779495239258,,,,
DELA_014,DELA,2019,22.22356605529785,23.931379318237305,1.4364103078842163,5.304710388183594,0.1697455644607544,2.565408945083618,0.15097206830978394,0.08969277888536453,0.20682741701602936,0.39911577105522156,0.7749409079551697,24.211044311523438,22.51933479309082,,,,
DELA_015,DELA,2019,15.671396255493164,17.074087142944336,1.2467528581619263,2.4143779277801514,0.07291857898235321,1.763441562652588,0.13510429859161377,0.07676076143980026,0.2458178997039795,0.4152159094810486,0.8444308042526245,17.157556533813477,20.668188095092773,,,,
DELA_012,DELA,2019,14.640288352966309,16.554868698120117,1.2758581638336182,2.7244672775268555,0.06399078667163849,2.3539557456970215,0.19428277015686035,0.11168951541185379,0.2792925536632538,0.48613813519477844,0.936421275138855,16.57898712158203,28.95889663696289,,,,
DELA_010,DELA,2019,16.492252349853516,18.044870376586914,1.2298738956451416,2.2436392307281494,0.060269199311733246,2.206017017364502,0.16628225147724152,0.10002243518829346,0.23351827263832092,0.41046690940856934,0.8307456374168396,18.344615936279297,26.329627990722656,,,,
DELA_016,DELA,2019,19.560752868652344,22.02696990966797,1.4733809232711792,5.628910064697266,0.1654854416847229,3.2233307361602783,0.2046743631362915,0.11453523486852646,0.24379372596740723,0.4535088539123535,0.8037391304969788,22.142131805419922,32.10077667236328,,,,
DELA_001,DELA,2019,16.8853702545166,18.219091415405273,1.244732141494751,2.597149133682251,0.08032137900590897,2.3532161712646484,0.16137930750846863,0.09162016957998276,0.2586042881011963,0.5131665468215942,0.9906200766563416,18.85831642150879,21.232206344604492,,,,
DELA_019,DELA,2019,14.795157432556152,16.806076049804688,1.2398685216903687,2.727748394012451,0.047503069043159485,2.6139559745788574,0.19507671892642975,0.1090511605143547,0.29421424865722656,0.48886364698410034,0.8913492560386658,17.0124568939209,32.36742401123047,,,,
DELA_017,DELA,2019,17.029888153076172,18.005699157714844,1.2931287288665771,2.7402257919311523,0.10264712572097778,2.599073648452759,0.1760738492012024,0.09546670317649841,0.2996858060359955,0.48664775490760803,0.8876368403434753,19.23746681213379,27.430049896240234,,,,
DELA_009,DELA,2019,19.006977081298828,21.136930465698242,1.2394837141036987,2.991199254989624,0.05900425463914871,2.5771191120147705,0.1643889993429184,0.09160622209310532,0.2628152072429657,0.5156017541885376,0.9692308902740479,21.215970993041992,19.69953727722168,,,,
DELA_002,DELA,2019,18.009140014648438,19.797006607055664,1.2076534032821655,2.615546226501465,0.04597772657871246,2.295518636703491,0.1505841463804245,0.08598427474498749,0.25648626685142517,0.472106397151947,0.9589920043945312,19.88340950012207,13.3683500289917,,,,
DELA_007,DELA,2019,17.318862915039062,19.4207706451416,1.22011137008667,2.7044997215270996,0.03743736073374748,2.6889266967773438,0.18869850039482117,0.10882323235273361,0.26795122027397156,0.4915692210197449,0.9756028056144714,19.542068481445312,21.40166473388672,,,,
DELA_020,DELA,2019,17.80949592590332,20.143966674804688,1.2116022109985352,3.0412585735321045,0.031115440651774406,2.7094008922576904,0.1744096577167511,0.09551620483398438,0.28308120369911194,0.5174750089645386,0.9723905920982361,20.076391220092773,21.145723342895508,,,,
DELA_006,DELA,2019,16.0609188079834,17.955421447753906,1.2474004030227661,2.758702278137207,0.0611395463347435,2.33597731590271,0.16688932478427887,0.09292756021022797,0.28102612495422363,0.51542067527771,0.9539453983306885,18.069116592407227,18.878259658813477,,,,
DELA_008,DELA,2019,14.393446922302246,15.995572090148926,1.2751109600067139,2.3383114337921143,0.07552829384803772,2.3590469360351562,0.20478548109531403,0.11759736388921738,0.27664583921432495,0.44498923420906067,0.85777348279953,16.491567611694336,40.74376678466797,,,,
DELA_046,DELA,2019,20.54789924621582,22.64117431640625,1.2472212314605713,3.633162260055542,0.06414316594600677,2.6445114612579346,0.14914481341838837,0.08170285820960999,0.25110602378845215,0.49660438299179077,0.9261910915374756,22.671613693237305,12.68698501586914,,,,
DELA_053,DELA,2019,19.982973098754883,21.86073875427246,1.2402700185775757,3.0563697814941406,0.06671274453401566,2.5129003524780273,0.15306134521961212,0.08762579411268234,0.24350985884666443,0.4798053503036499,0.9469704031944275,22.0897274017334,15.816093444824219,,,,
DELA_051,DELA,2019,19.078514099121094,20.80492401123047,1.2312705516815186,2.9759678840637207,0.06099937483668327,2.487987995147705,0.1510128229856491,0.08261559158563614,0.27621084451675415,0.49843287467956543,0.9192214608192444,21.146337509155273,15.039072036743164,,,,
DELA_043,DELA,2019,15.058905601501465,17.36440658569336,1.2262552976608276,2.732511281967163,0.04069686308503151,2.6077470779418945,0.18091337382793427,0.10063490271568298,0.2969571650028229,0.514294445514679,0.8679314851760864,17.429885864257812,26.968338012695312,,,,
DELA_040,DELA,2019,21.886194229125977,24.04397201538086,1.233271598815918,3.275999069213867,0.06005169823765755,2.73298716545105,0.15264703333377838,0.08961352705955505,0.22086991369724274,0.45240336656570435,0.8748711347579956,24.112773895263672,12.548673629760742,,,,
DELA_052,DELA,2019,15.866937637329102,17.243040084838867,1.2844027280807495,2.5358455181121826,0.09350075572729111,2.3744728565216064,0.1786099225282669,0.10135547071695328,0.28483471274375916,0.4718821346759796,0.8848549127578735,17.950740814208984,32.14842987060547,,,,
DELA_041,DELA,2019,13.618765830993652,15.059103965759277,1.3303180932998657,2.658886432647705,0.11397268623113632,2.2404332160949707,0.18822592496871948,0.10447293519973755,0.3089594841003418,0.4962252080440521,0.8859058022499084,15.640345573425293,38.70211410522461,,,,
DELA_044,DELA,2019,18.626155853271484,21.524751663208008,1.241748332977295,3.635889768600464,0.04398609325289726,3.161336660385132,0.18175889551639557,0.0988525003194809,0.3027854263782501,0.5741713643074036,1.0158400535583496,21.427154541015625,17.292810440063477,,,,
DELA_039,DELA,2019,17.65486717224121,19.98590660095215,1.2152049541473389,2.885138511657715,0.03877073898911476,2.566753387451172,0.16252246499061584,0.08936525881290436,0.27407485246658325,0.5088203549385071,0.9020311236381531,19.911108016967773,22.690404891967773,,,,
DELA_054,DELA,2019,21.098787307739258,23.7488956451416,1.2577095031738281,3.6739661693573,0.055758535861968994,3.358452558517456,0.18964733183383942,0.10459030419588089,0.27252066135406494,0.5356533527374268,0.975141167640686,23.947359085083008,19.439836502075195,,,,
DELA_045,DELA,2019,20.12500762939453,22.79956817626953,1.274809718132019,3.721034288406372,0.06047666445374489,3.3806326389312744,0.20537610352039337,0.11497209966182709,0.27671071887016296,0.575883686542511,1.018587350845337,23.034183502197266,22.390155792236328,,,,
DELA_042,DELA,2019,18.110504150390625,20.37885856628418,1.2355941534042358,2.8597259521484375,0.05181523412466049,2.6474461555480957,0.1709410548210144,0.09835536777973175,0.25285398960113525,0.5381527543067932,0.9915186762809753,20.400161743164062,20.610960006713867,,,,
DELA_055,DELA,2019,13.79524040222168,14.904548645019531,1.2317924499511719,2.097127676010132,0.08955354243516922,2.1005938053131104,0.16725116968154907,0.0929650366306305,0.2859422266483307,0.45389774441719055,0.838977038860321,15.722390174865723,34.32594680786133,,,,
DELA_037,DELA,2019,14.120526313781738,16.59356689453125,1.264155626296997,2.9286603927612305,0.03981047123670578,2.8557403087615967,0.22743433713912964,0.12311044335365295,0.3422781825065613,0.5387455821037292,0.9595932364463806,16.657861709594727,37.198204040527344,,,,
DELA_050,DELA,2019,19.348825454711914,21.97560691833496,1.2399166822433472,3.1547746658325195,0.04850563779473305,2.971784830093384,0.18140877783298492,0.10267474502325058,0.2490924596786499,0.5053996443748474,0.9425188899040222,21.969749450683594,19.959558486938477,,,,
DELA_056,DELA,2019,20.673023223876953,23.309309005737305,1.2674689292907715,3.9837677478790283,0.059532053768634796,3.4720611572265625,0.19002661108970642,0.10324541479349136,0.2902066707611084,0.5573757290840149,0.9771223664283752,23.548158645629883,19.014114379882812,,,,
DELA_047,DELA,2019,15.34807300567627,17.001895904541016,1.2316033840179443,2.1826767921447754,0.06120425835251808,1.9993083477020264,0.1519584357738495,0.08876772224903107,0.23559249937534332,0.4075891077518463,0.7920860648155212,17.11634635925293,28.4864501953125,,,,
DELA_048,DELA,2019,16.429079055786133,18.755123138427734,1.2389713525772095,2.7625224590301514,0.04370007663965225,2.6672375202178955,0.1935732066631317,0.10940008610486984,0.27389976382255554,0.5117024183273315,0.9767552018165588,18.783174514770508,22.59537124633789,,,,
DELA_049,DELA,2019,19.646312713623047,22.313215255737305,1.274788737297058,3.9331116676330566,0.05687463656067848,3.5138111114501953,0.20134243369102478,0.10862507671117783,0.2970302402973175,0.5443429350852966,0.9535849690437317,22.550559997558594,21.9212703704834,,,,
DELA_038,DELA,2019,14.505361557006836,16.27756690979004,1.2300971746444702,2.4163825511932373,0.05200080946087837,2.1795620918273926,0.16704779863357544,0.09145978838205338,0.28789812326431274,0.4511657655239105,0.7950695753097534,16.420841217041016,32.764671325683594,,,,
DELA_023,DELA,2019,19.757726669311523,23.00676727294922,1.2684242725372314,3.9167819023132324,0.05093664303421974,3.5237720012664795,0.20097103714942932,0.11008938401937485,0.28121453523635864,0.5648275017738342,1.032157301902771,22.89947509765625,19.292776107788086,,,,
DELA_022,DELA,2019,14.823543548583984,16.244510650634766,1.2928035259246826,2.6303772926330566,0.09253785014152527,2.5774903297424316,0.20935717225074768,0.11631493270397186,0.3223933279514313,0.5164955854415894,0.9419674277305603,17.065475463867188,36.83140563964844,,,,
DELA_021,DELA,2019,9.602581024169922,10.220577239990234,1.3885858058929443,2.0561819076538086,0.1667896807193756,1.7459213733673096,0.21844156086444855,0.12484250217676163,0.3542827069759369,0.4620215594768524,0.8429412841796875,11.108366012573242,57.14934539794922,,,,
DELA_059,DELA,2019,20.09625244140625,22.653139114379883,1.226013422012329,3.3841216564178467,0.042544424533843994,2.978639602661133,0.16642914712429047,0.09057661890983582,0.2773273289203644,0.5256981253623962,1.004701018333435,22.59577178955078,14.482720375061035,,,,
DELA_013,DELA,2021,19.487110137939453,24.67010498046875,1.408611536026001,6.097745418548584,0.08912231773138046,5.298351764678955,0.3015729486942291,0.16091391444206238,0.533068060874939,1.3907872438430786,2.0161292552948,24.745655059814453,24.136180877685547,,,,
DELA_003,DELA,2021,12.80059814453125,16.36589241027832,1.470311164855957,4.006636619567871,0.11940184235572815,3.4608826637268066,0.3099258840084076,0.16740331053733826,0.6074606776237488,1.407560110092163,2.0163426399230957,16.45627212524414,43.28255081176758,,,,
DELA_005,DELA,2021,13.446599006652832,16.905790328979492,1.4119101762771606,4.2207841873168945,0.09871120005846024,3.3715922832489014,0.28033265471458435,0.14944909512996674,0.5856066942214966,1.3847404718399048,2.0421652793884277,16.885400772094727,32.2258415222168,,,,
DELA_011,DELA,2021,17.761110305786133,21.405750274658203,1.3471107482910156,4.850670337677002,0.08296473324298859,3.4256701469421387,0.2075287252664566,0.11194966733455658,0.5292462706565857,1.3341721296310425,2.005605936050415,21.213918685913086,16.664278030395508,,,,
DELA_004,DELA,2021,17.722820281982422,22.7071590423584,1.3841272592544556,5.443291664123535,0.061993662267923355,4.769717216491699,0.29496487975120544,0.1567724198102951,0.5492691993713379,1.3981013298034668,2.0889039039611816,22.393220901489258,22.229225158691406,,,,
DELA_018,DELA,2021,13.377826690673828,17.2861385345459,1.4330008029937744,4.020932197570801,0.09750134497880936,3.456188917160034,0.2927105128765106,0.1590438187122345,0.5716263651847839,1.274832010269165,1.8718594312667847,17.057348251342773,40.12428665161133,,,,
DELA_014,DELA,2021,20.809539794921875,24.896825790405273,1.4541267156600952,6.470085144042969,0.1275983303785324,4.070693492889404,0.2350868582725525,0.12578099966049194,0.47687482833862305,1.184260368347168,1.7216854095458984,24.706401824951172,23.416257858276367,,,,
DELA_015,DELA,2021,13.865735054016113,17.671405792236328,1.4354344606399536,4.564530372619629,0.09390810877084732,3.5428357124328613,0.2928889989852905,0.16019712388515472,0.5603781938552856,1.2619925737380981,1.7498372793197632,17.468095779418945,33.380096435546875,,,,
DELA_012,DELA,2021,12.826695442199707,16.93938636779785,1.3573884963989258,3.7658469676971436,0.041276704519987106,3.4919426441192627,0.3023289442062378,0.16542527079582214,0.6196555495262146,1.4112582206726074,2.2363169193267822,16.625202178955078,36.766780853271484,,,,
DELA_010,DELA,2021,15.294882774353027,18.793745040893555,1.3647609949111938,3.684283494949341,0.08286670595407486,3.2046220302581787,0.2400507628917694,0.13134583830833435,0.5168934464454651,1.1112184524536133,1.7500853538513184,18.640378952026367,31.17576026916504,,,,
DELA_016,DELA,2021,19.172618865966797,23.562389373779297,1.466863751411438,6.881526470184326,0.12493501603603363,4.367829322814941,0.25577211380004883,0.1346777379512787,0.5127385258674622,1.3279048204421997,1.8075109720230103,23.324859619140625,29.536001205444336,,,,
DELA_001,DELA,2021,15.18345832824707,18.23448371887207,1.4041372537612915,4.427517414093018,0.129481241106987,3.7499635219573975,0.2745682895183563,0.14708444476127625,0.5659105181694031,1.3799004554748535,2.033190965652466,18.99008560180664,32.6266975402832,,,,
DELA_019,DELA,2021,12.426379203796387,15.920573234558105,1.4498270750045776,3.9324028491973877,0.11014599353075027,3.324324607849121,0.29248523712158203,0.15700730681419373,0.5855339765548706,1.3407797813415527,2.0051815509796143,15.93466854095459,45.9071159362793,,,,
DELA_017,DELA,2021,15.705520629882812,18.532821655273438,1.4112249612808228,4.363931655883789,0.13836504518985748,3.8071541786193848,0.2698430120944977,0.14349783957004547,0.5803837776184082,1.4666674137115479,2.188230276107788,19.58531951904297,34.73896408081055,,,,
DELA_009,DELA,2021,16.948637008666992,21.07149887084961,1.3535832166671753,4.426870822906494,0.0651230588555336,3.914487361907959,0.2626107335090637,0.14134693145751953,0.5399377942085266,1.2906628847122192,2.023519277572632,20.886703491210938,26.85395622253418,,,,
DELA_002,DELA,2021,16.58382797241211,20.577407836914062,1.3618640899658203,4.6911725997924805,0.07202771306037903,3.7494723796844482,0.25165998935699463,0.13630376756191254,0.5437964200973511,1.3176864385604858,1.9966397285461426,20.358627319335938,21.659454345703125,,,,
DELA_007,DELA,2021,15.885631561279297,20.056034088134766,1.397426962852478,4.633945465087891,0.08205650746822357,3.873544454574585,0.27266424894332886,0.14443540573120117,0.5746206641197205,1.451980471611023,2.246082067489624,19.86771583557129,29.69045639038086,,,,
DELA_020,DELA,2021,16.190406799316406,20.538251876831055,1.3796164989471436,4.93472146987915,0.06828854978084564,4.006528854370117,0.2747771441936493,0.14571239054203033,0.5781455636024475,1.467576026916504,2.2156333923339844,20.22466278076172,29.501508712768555,,,,
DELA_006,DELA,2021,14.23398494720459,17.28276824951172,1.4376120567321777,4.102849960327148,0.13104240596294403,3.3183648586273193,0.26809999346733093,0.14931237697601318,0.5122989416122437,1.1530109643936157,1.6705833673477173,17.580585479736328,33.52239227294922,,,,
DELA_008,DELA,2021,12.139851570129395,15.48198127746582,1.5065077543258667,3.706976890563965,0.140936017036438,3.307725667953491,0.314256876707077,0.17374691367149353,0.564873218536377,1.1445461511611938,1.6519097089767456,15.67351245880127,52.20245361328125,,,,
DELA_046,DELA,2021,19.227144241333008,23.38858985900879,1.3814880847930908,5.734775543212891,0.09014415740966797,4.06460428237915,0.23162364959716797,0.1217266246676445,0.5365211367607117,1.4384366273880005,2.0965945720672607,23.2066650390625,18.654157638549805,,,,
DELA_053,DELA,2021,16.73781394958496,20.583280563354492,1.4548190832138062,4.818576335906982,0.12717638909816742,3.6291136741638184,0.2603702247142792,0.14007718861103058,0.5364902019500732,1.2824511528015137,1.8029866218566895,20.487367630004883,30.022428512573242,,,,
DELA_051,DELA,2021,17.199739456176758,21.18577766418457,1.3632564544677734,4.78934383392334,0.07490433752536774,4.001913070678711,0.252137690782547,0.13387832045555115,0.5702952742576599,1.4912991523742676,2.285046339035034,21.201906204223633,22.582151412963867,,,,
DELA_043,DELA,2021,14.299545288085938,18.29842185974121,1.32566499710083,3.876760959625244,0.052048537880182266,3.363292932510376,0.24745617806911469,0.1330544352531433,0.5723677277565002,1.3480772972106934,2.194838285446167,18.004674911499023,31.050220489501953,,,,
DELA_040,DELA,2021,19.987979888916016,24.143924713134766,1.387655258178711,5.429474353790283,0.09753988683223724,4.172055244445801,0.2417958676815033,0.13119149208068848,0.4906996190547943,1.18198823928833,1.7211028337478638,24.065160751342773,20.716569900512695,,,,
DELA_052,DELA,2021,14.183640480041504,17.528823852539062,1.4289448261260986,3.9051361083984375,0.10798881947994232,3.3038995265960693,0.26096636056900024,0.1423318088054657,0.5693504810333252,1.3080103397369385,1.9925957918167114,17.638460159301758,39.09231185913086,,,,
DELA_041,DELA,2021,11.917878150939941,15.30467414855957,1.4169092178344727,3.5704312324523926,0.10284900665283203,3.121776819229126,0.2894931435585022,0.15730562806129456,0.5939202904701233,1.3013734817504883,2.009181499481201,15.367791175842285,47.226036071777344,,,,
DELA_044,DELA,2021,17.752864837646484,22.334775924682617,1.3480628728866577,5.085618495941162,0.06332505494356155,4.0924458503723145,0.2456815540790558,0.1309071034193039,0.5533779859542847,1.4438769817352295,2.2037017345428467,21.975173950195312,21.868206024169922,,,,
DELA_039,DELA,2021,16.942691802978516,21.08688735961914,1.3134567737579346,4.449466705322266,0.04804268479347229,3.7588388919830322,0.23782853782176971,0.1260555535554886,0.5473666191101074,1.3624870777130127,2.187087297439575,20.746456146240234,25.29468536376953,,,,
DELA_054,DELA,2021,19.71491241455078,24.408550262451172,1.3698886632919312,5.42609167098999,0.07329186052083969,4.6375908851623535,0.26505550742149353,0.14119048416614532,0.5248132944107056,1.3417699337005615,2.041916847229004,24.311614990234375,23.296127319335938,,,,
DELA_045,DELA,2021,18.104888916015625,23.091663360595703,1.4249533414840698,5.519289970397949,0.087619349360466,4.749532699584961,0.30383291840553284,0.16337452828884125,0.5330439805984497,1.3115358352661133,1.9012237787246704,22.887170791625977,29.63360023498535,,,,
DELA_042,DELA,2021,17.102947235107422,21.214252471923828,1.3305965662002563,4.311551094055176,0.060565829277038574,3.695945978164673,0.24212220311164856,0.1310754418373108,0.5196337103843689,1.2374212741851807,1.9379533529281616,20.91534423828125,24.25151824951172,,,,
DELA_055,DELA,2021,12.680465698242188,14.958227157592773,1.3635847568511963,3.1697475910186768,0.13308006525039673,3.083986759185791,0.25699299573898315,0.13859260082244873,0.5800574421882629,1.3058470487594604,2.150846242904663,16.076438903808594,42.50688934326172,,,,
DELA_037,DELA,2021,12.967742919921875,17.23511505126953,1.406650424003601,4.122132778167725,0.06647451967000961,3.695061445236206,0.3146921396255493,0.1693345159292221,0.608309805393219,1.4059090614318848,2.1232454776763916,16.932790756225586,42.24204635620117,,,,
DELA_050,DELA,2021,17.097198486328125,21.612640380859375,1.4013054370880127,4.87137508392334,0.08707015961408615,4.153477191925049,0.27455392479896545,0.14907100796699524,0.5287977457046509,1.2559287548065186,1.885316252708435,21.40730094909668,29.187759399414062,,,,
DELA_056,DELA,2021,19.682552337646484,24.142501831054688,1.3453906774520874,5.325537204742432,0.06907010078430176,4.498142719268799,0.2495199739933014,0.13171523809432983,0.5384814739227295,1.4458636045455933,2.210834264755249,24.13338279724121,20.977453231811523,,,,
DELA_047,DELA,2021,14.306731224060059,18.049497604370117,1.352962613105774,3.734962224960327,0.0709519013762474,3.1770167350769043,0.24722664058208466,0.1344495266675949,0.5434214472770691,1.1956596374511719,1.9030863046646118,17.7367000579834,33.68369674682617,,,,
DELA_048,DELA,2021,14.8582124710083,18.83681297302246,1.398737907409668,4.321521282196045,0.09112492203712463,3.774796724319458,0.2823973000049591,0.15225785970687866,0.56784987449646,1.3402109146118164,2.0193591117858887,18.841869354248047,32.53956985473633,,,,
DELA_049,DELA,2021,17.989601135253906,22.54678726196289,1.3891059160232544,5.373905658721924,0.07843179255723953,4.644893169403076,0.28258374333381653,0.14928613603115082,0.5481617450714111,1.4265776872634888,2.1265275478363037,22.56667709350586,27.24224090576172,,,,
DELA_038,DELA,2021,13.787400245666504,17.20093536376953,1.3143548965454102,3.510892391204834,0.04991084709763527,3.065570116043091,0.24146518111228943,0.1290578693151474,0.5532551407814026,1.2466827630996704,2.0609748363494873,16.955944061279297,35.82351303100586,,,,
DELA_023,DELA,2021,17.5904483795166,22.956546783447266,1.4073636531829834,5.654443264007568,0.07666672021150589,4.74833345413208,0.2956702411174774,0.15797792375087738,0.5596230030059814,1.4279048442840576,2.0894579887390137,22.545473098754883,27.991422653198242,,,,
DELA_022,DELA,2021,13.291299819946289,16.51378059387207,1.4664491415023804,3.895183563232422,0.1333369016647339,3.6583099365234375,0.30073437094688416,0.16280624270439148,0.5972861647605896,1.4111928939819336,2.1140096187591553,17.144672393798828,43.582969665527344,,,,
DELA_021,DELA,2021,8.779385566711426,10.921646118164062,1.515199899673462,2.579463481903076,0.17412525415420532,2.395503044128418,0.29479217529296875,0.16468533873558044,0.6259520053863525,1.2814184427261353,1.8998384475708008,11.434578895568848,60.17838668823242,,,,
DELA_059,DELA,2021,18.83701515197754,23.51518440246582,1.342185139656067,5.341338157653809,0.05853651091456413,4.381657600402832,0.249650776386261,0.132668137550354,0.5346500873565674,1.3919581174850464,2.1302554607391357,23.17997932434082,19.3048095703125,,,,
DELA_013,DELA,2023,20.10089111328125,24.582406997680664,1.3874613046646118,5.7294020652771,0.1057187095284462,5.067824363708496,0.28312498331069946,0.14935925602912903,0.49212220311164856,1.2418889999389648,1.905121088027954,25.215024948120117,24.16392707824707,0.9350184202194214,0.6212809681892395,0.9181541204452516,0.5799276828765869
DELA_003,DELA,2023,13.79383373260498,17.5823974609375,1.4439674615859985,4.408994674682617,0.10357324779033661,3.4122939109802246,0.2809193432331085,0.1483651101589203,0.5421285629272461,1.3172823190689087,1.9129502773284912,17.385169982910156,38.60527420043945,0.9238993525505066,0.6137962341308594,0.9029293060302734,0.5735097527503967
DELA_005,DELA,2023,14.336441040039062,16.54933738708496,1.3651602268218994,3.743360757827759,0.13140404224395752,3.0505363941192627,0.24171234667301178,0.12640687823295593,0.49690312147140503,1.1325621604919434,1.8816500902175903,17.37430191040039,31.614887237548828,0.926071286201477,0.6363134384155273,0.9037292003631592,0.5914931297302246
DELA_011,DELA,2023,19.397571563720703,22.265716552734375,1.3027400970458984,4.361359596252441,0.08141792565584183,2.8985445499420166,0.16211700439453125,0.08705923706293106,0.45379284024238586,1.042537808418274,1.6758828163146973,22.2836971282959,13.224150657653809,0.93925678730011,0.7268222570419312,0.92482590675354,0.6575701236724854
DELA_004,DELA,2023,18.394432067871094,23.755544662475586,1.4360153675079346,6.355030059814453,0.08876277506351471,4.995054244995117,0.29569369554519653,0.15408650040626526,0.5316295027732849,1.430099368095398,2.1016223430633545,23.409658432006836,24.420555114746094,0.9101535081863404,0.5560718774795532,0.8842655420303345,0.5280604958534241
DELA_018,DELA,2023,13.97976016998291,17.659040451049805,1.3737975358963013,3.821302652359009,0.07538954168558121,3.3257954120635986,0.26544490456581116,0.14143869280815125,0.5136508345603943,1.1551800966262817,1.8302069902420044,17.490312576293945,37.25277328491211,0.9318836331367492,0.5989635586738586,0.9146863222122192,0.5599985122680664
DELA_014,DELA,2023,21.37206268310547,26.352041244506836,1.5099763870239258,7.7298054695129395,0.1458061784505844,4.927021026611328,0.2714860141277313,0.14013952016830444,0.4633638262748718,1.195057988166809,1.603685736656189,26.063396453857422,25.49473762512207,0.8645289540290833,0.405220627784729,0.8249486088752747,0.4048614799976349
DELA_015,DELA,2023,15.121676445007324,18.50482177734375,1.4453386068344116,4.689380168914795,0.12987975776195526,3.074338436126709,0.23150669038295746,0.12475430965423584,0.5057467222213745,1.1737291812896729,1.7058687210083008,18.291852951049805,29.215572357177734,0.9191396236419678,0.6715099811553955,0.895871639251709,0.6152350306510925
DELA_012,DELA,2023,12.806265830993652,16.928117752075195,1.5215771198272705,4.74610710144043,0.13819241523742676,3.530799388885498,0.3066624402999878,0.16538161039352417,0.5728441476821899,1.354287028312683,1.916501760482788,16.78207015991211,44.222110748291016,0.8691756129264832,0.5221390724182129,0.8380895256996155,0.4968104958534241
DELA_010,DELA,2023,15.495732307434082,18.84994888305664,1.3456766605377197,3.4739320278167725,0.08028313517570496,2.9738781452178955,0.22626514732837677,0.12180919945240021,0.473974347114563,1.0117979049682617,1.5942771434783936,18.671451568603516,31.0308895111084,0.9120733141899108,0.5387288928031921,0.9014379382133484,0.5069681406021118
DELA_016,DELA,2023,20.009319305419922,24.90041160583496,1.5053374767303467,7.762304306030273,0.1437893956899643,4.6546759605407715,0.25666534900665283,0.13347658514976501,0.5030952095985413,1.3965479135513306,1.8790066242218018,24.676143646240234,27.890832901000977,0.8506258130073547,0.4068602919578552,0.7996811866760254,0.4073450267314911
DELA_001,DELA,2023,15.341251373291016,17.805273056030273,1.4181243181228638,4.413767337799072,0.1697128564119339,3.785376787185669,0.27452927827835083,0.14530088007450104,0.512322723865509,1.2150537967681885,1.8178962469100952,19.213041305541992,36.192466735839844,0.923880100250244,0.631044864654541,0.8985973000526428,0.5909414291381836
DELA_019,DELA,2023,12.943198204040527,15.88145637512207,1.4724105596542358,4.040379047393799,0.14589956402778625,3.297816753387451,0.27463966608047485,0.14527179300785065,0.5380795001983643,1.239554762840271,1.8905937671661377,16.386762619018555,45.32342529296875,0.8585036993026733,0.4824391007423401,0.8442477583885193,0.4589071869850158
DELA_017,DELA,2023,16.232736587524414,17.97343635559082,1.4528453350067139,4.286275863647461,0.18495038151741028,3.9163129329681396,0.26252925395965576,0.13756079971790314,0.5372979640960693,1.349071979522705,2.105546712875366,20.158170700073242,36.73749542236328,0.9347319602966307,0.6940085291862488,0.9193233847618104,0.628577470779419
DELA_009,DELA,2023,17.70149803161621,21.881629943847656,1.3747583627700806,4.780628681182861,0.0835590809583664,3.8186888694763184,0.24788032472133636,0.1307557374238968,0.49522659182548523,1.1957783699035645,1.852797508239746,21.63579750061035,25.196239471435547,0.9276590943336488,0.6652506589889526,0.9048453569412231,0.6151937246322632
DELA_002,DELA,2023,16.80262565612793,20.880779266357422,1.5653687715530396,6.006500720977783,0.18530239164829254,3.930084466934204,0.266075998544693,0.142748162150383,0.5024159550666809,1.2550045251846313,1.5886948108673096,20.867034912109375,32.66230773925781,0.8948725461959839,0.548283576965332,0.8632766604423523,0.5215541124343872
DELA_007,DELA,2023,16.308856964111328,20.30103874206543,1.4277217388153076,4.884056568145752,0.10528984665870667,3.8505101203918457,0.263092577457428,0.13873659074306488,0.5228626132011414,1.2955260276794434,1.9916203022003174,20.248638153076172,30.83877944946289,0.9204952120780944,0.6483249068260193,0.9060767889022828,0.5950832962989807
DELA_020,DELA,2023,16.530250549316406,20.663005828857422,1.4111334085464478,5.109112739562988,0.09427449852228165,3.9407551288604736,0.2619870603084564,0.13650615513324738,0.5208805799484253,1.323394536972046,2.0390613079071045,20.52521324157715,30.771991729736328,0.9360268115997314,0.6558232307434082,0.9181069135665894,0.6086989045143127
DELA_006,DELA,2023,14.545658111572266,17.852027893066406,1.447283148765564,4.425731182098389,0.13598483800888062,3.5785975456237793,0.27930381894111633,0.14626725018024445,0.5297647714614868,1.2666269540786743,1.8854093551635742,18.2558536529541,33.39714050292969,0.9329090118408204,0.6542450189590454,0.9123101234436036,0.6046366095542908
DELA_008,DELA,2023,13.073291778564453,16.56485366821289,1.4613837003707886,3.711925506591797,0.12249688804149628,3.1701483726501465,0.27905982732772827,0.15179210901260376,0.5113558769226074,1.0516424179077148,1.5648088455200195,16.544084548950195,45.18686294555664,0.9079766869544984,0.5317294597625732,0.8860344886779785,0.5036358833312988
DELA_046,DELA,2023,20.168670654296875,24.35359001159668,1.3735469579696655,6.0183329582214355,0.08887653052806854,4.063377857208252,0.21982771158218384,0.11439625173807144,0.49725162982940674,1.3405556678771973,2.0434823036193848,24.131742477416992,17.317893981933594,0.9264310598373412,0.6000885367393494,0.9063196778297424,0.5622199773788452
DELA_053,DELA,2023,17.250930786132812,21.09328842163086,1.4171026945114136,4.8180251121521,0.1075800433754921,3.6583364009857178,0.25048384070396423,0.1322958618402481,0.502450168132782,1.2218985557556152,1.8022418022155762,20.95542335510254,28.443729400634766,0.9409040808677672,0.5901333093643188,0.9274766445159912,0.5520897507667542
DELA_051,DELA,2023,18.2565975189209,21.835586547851562,1.4176727533340454,5.565148830413818,0.11872070282697678,3.9990453720092773,0.2340632528066635,0.12194186449050903,0.5306245684623718,1.4471369981765747,2.1703972816467285,22.180625915527344,23.735523223876953,0.91941100358963,0.6411421298980713,0.8975169658660889,0.5941283106803894
DELA_043,DELA,2023,15.572531700134277,19.170867919921875,1.3121532201766968,3.9785988330841064,0.060542162507772446,3.177509307861328,0.21203972399234772,0.11141164600849152,0.5007566213607788,1.2116323709487915,2.041846513748169,18.972333908081055,24.999847412109375,0.939738392829895,0.6486514806747437,0.9241563081741332,0.5970548391342163
DELA_040,DELA,2023,20.586467742919922,24.791271209716797,1.3642961978912354,5.497860908508301,0.09012778103351593,4.304267406463623,0.23455728590488434,0.1228872537612915,0.49051904678344727,1.2613604068756104,1.9670519828796387,24.92441749572754,19.137964248657227,0.9303852319717408,0.6844002604484558,0.9105716347694396,0.6270302534103394
DELA_052,DELA,2023,15.51757526397705,18.717559814453125,1.3793928623199463,3.887826919555664,0.09830951690673828,3.06970477104187,0.22076265513896942,0.11798764020204544,0.4934472143650055,1.1335422992706299,1.8327540159225464,18.686809539794922,31.872900009155273,0.9441229104995728,0.6096647381782532,0.9297754168510436,0.5663862228393555
DELA_041,DELA,2023,12.818263053894043,15.76525592803955,1.423970341682434,3.5698540210723877,0.1313915103673935,2.8094396591186523,0.24542826414108276,0.1316922903060913,0.5067472457885742,1.0920283794403076,1.744056224822998,15.905071258544922,42.5207405090332,0.9195083379745485,0.5923721194267273,0.8958957195281982,0.5538668632507324
DELA_044,DELA,2023,18.74844741821289,23.223825454711914,1.3170872926712036,5.1414971351623535,0.05226580426096916,4.068270683288574,0.2264384925365448,0.11771494150161743,0.5067005753517151,1.3367154598236084,2.1990909576416016,22.863845825195312,17.347684860229492,0.9355566501617432,0.6256948709487915,0.9220336079597472,0.5794761180877686
DELA_039,DELA,2023,18.012582778930664,22.04495620727539,1.2999699115753174,4.587730884552002,0.04879997670650482,3.673133611679077,0.21593625843524933,0.11144278198480606,0.49050676822662354,1.248543381690979,2.134298324584961,21.708494186401367,20.666336059570312,0.9374580979347228,0.6313216090202332,0.9224472045898438,0.5865989327430725
DELA_054,DELA,2023,19.146663665771484,24.18124771118164,1.438391089439392,6.057713031768799,0.10319452732801437,4.784853458404541,0.28129804134368896,0.1461186408996582,0.5056155323982239,1.3409231901168823,2.052053689956665,24.12356185913086,27.565811157226562,0.8904632329940796,0.5746477842330933,0.8581341505050659,0.5422602295875549
DELA_045,DELA,2023,16.923879623413086,22.433290481567383,1.4817875623703003,5.799590587615967,0.10752208530902863,5.011988162994385,0.3360140025615692,0.17560715973377228,0.5410707592964172,1.3758552074432373,2.0093348026275635,22.29894256591797,34.67975997924805,0.916562795639038,0.6540786623954773,0.8963645100593567,0.5993321537971497
DELA_042,DELA,2023,18.172164916992188,22.062700271606445,1.2996973991394043,4.1946892738342285,0.05395490303635597,3.4794414043426514,0.2145843654870987,0.11263513565063477,0.47237497568130493,1.1480634212493896,1.9234578609466553,21.75347900390625,20.058631896972656,0.9428658485412598,0.669645369052887,0.9309665560722352,0.6138144135475159
DELA_055,DELA,2023,13.540416717529297,15.139395713806152,1.360797643661499,2.9925591945648193,0.16139230132102966,2.7116284370422363,0.2129095196723938,0.11247158795595169,0.492790162563324,1.1070207357406616,1.9777976274490356,16.489028930664062,39.11632537841797,0.9194279909133912,0.6468058824539185,0.8972645998001099,0.594771683216095
DELA_037,DELA,2023,12.887630462646484,17.099536895751953,1.4530600309371948,4.395999431610107,0.09709402173757553,3.7234270572662354,0.3126364052295685,0.16584180295467377,0.5775906443595886,1.3600391149520874,2.057532787322998,16.93756866455078,44.26106262207031,0.891200065612793,0.5486387014389038,0.8615300059318542,0.520329475402832
DELA_050,DELA,2023,17.82190704345703,22.22852897644043,1.3591035604476929,4.71896505355835,0.0760125145316124,3.9998903274536133,0.24858058989048004,0.13098984956741333,0.49359118938446045,1.1925363540649414,1.9417468309402466,22.06792640686035,24.94773292541504,0.9381687045097352,0.6329872608184814,0.9226855039596558,0.5867780447006226
DELA_056,DELA,2023,20.202363967895508,24.549314498901367,1.3802698850631714,5.937084674835205,0.09132087975740433,4.717574596405029,0.2505355477333069,0.13006803393363953,0.5142887830734253,1.416935682296753,2.1848552227020264,24.80484390258789,22.119718551635742,0.9170660376548768,0.6376173496246338,0.8954415321350098,0.5907864570617676
DELA_047,DELA,2023,14.708696365356445,18.025846481323242,1.3532296419143677,3.4266510009765625,0.08529854565858841,2.865985155105591,0.22466042637825012,0.12098240107297897,0.47486385703086853,1.0018945932388306,1.595848798751831,17.820995330810547,32.05891036987305,0.8959088921546936,0.5226713418960571,0.8710987567901611,0.4987853765487671
DELA_048,DELA,2023,14.946728706359863,19.192373275756836,1.3763591051101685,4.275001525878906,0.0710933580994606,3.6962316036224365,0.27220961451530457,0.1449781060218811,0.5233781933784485,1.2139943838119507,1.9241290092468262,18.91623306274414,31.4818115234375,0.928392767906189,0.6626901030540466,0.9070940613746644,0.6100381016731262
DELA_049,DELA,2023,17.920085906982422,22.74437141418457,1.4279954433441162,5.893416881561279,0.09608189016580582,4.9411773681640625,0.29787933826446533,0.15566834807395935,0.530223548412323,1.4039486646652222,2.102097272872925,22.879165649414062,29.310352325439453,0.7361624836921692,0.3737246096134186,0.7278786301612854,0.3597367405891418
DELA_038,DELA,2023,14.811680793762207,18.1260986328125,1.307983160018921,3.727787733078003,0.05633341148495674,3.038074493408203,0.21792307496070862,0.1131383553147316,0.5003974437713623,1.1856210231781006,2.062084674835205,17.897045135498047,30.756540298461914,0.9383730292320251,0.6264429092407227,0.9232085347175598,0.5789400935173035
DELA_023,DELA,2023,18.62411880493164,23.966279983520508,1.370679259300232,5.636125564575195,0.06642379611730576,4.678090572357178,0.2683996260166168,0.141304612159729,0.5108945965766907,1.3172117471694946,2.0603458881378174,23.53233528137207,23.22530174255371,0.9297583103179932,0.6021108031272888,0.9099909663200378,0.5602834224700928
DELA_022,DELA,2023,13.297171592712402,16.95276641845703,1.4372986555099487,4.030024528503418,0.10310065001249313,3.398505687713623,0.2857578694820404,0.15129174292087555,0.534468412399292,1.2466444969177246,1.9030301570892334,16.89152717590332,41.17212677001953,0.9362407922744752,0.6420812010765076,0.9193362593650818,0.5953465700149536
DELA_021,DELA,2023,9.288655281066895,10.758922576904297,1.6465494632720947,2.9407007694244385,0.27196982502937317,2.3274788856506348,0.26812055706977844,0.1448911428451538,0.5715145468711853,1.3061214685440063,1.6971043348312378,11.860122680664062,61.53717041015625,0.9058724641799928,0.6166183948516846,0.8739826083183289,0.5779458284378052
DELA_059,DELA,2023,19.637317657470703,24.330610275268555,1.3472713232040405,5.495454788208008,0.06698006391525269,4.304676055908203,0.2366972416639328,0.12356463819742203,0.488477498292923,1.2752172946929932,2.031339645385742,23.998075485229492,18.408645629882812,0.932543396949768,0.6702630519866943,0.9117582440376282,0.6162585020065308
DELA_013,DELA,2024,20.55588722229004,25.621768951416016,1.3293120861053467,5.471256732940674,0.047062963247299194,4.868596076965332,0.2648155689239502,0.14083971083164215,0.5124599933624268,1.3060466051101685,2.0316779613494873,25.29881477355957,17.504497528076172,0.9282238483428956,0.6447381377220154,0.9153024554252625,0.5922449231147766
DELA_003,DELA,2024,14.082328796386719,17.802181243896484,1.3940616846084595,4.062554359436035,0.0806811973452568,3.3280341625213623,0.27525606751441956,0.14776577055454254,0.5657660961151123,1.337755560874939,1.973146915435791,17.560020446777344,35.343318939208984,0.9070951342582704,0.6181276440620422,0.8827931880950928,0.5741297602653503
DELA_005,DELA,2024,14.363587379455566,17.24505615234375,1.3179305791854858,3.538097858428955,0.07230882346630096,2.9583911895751953,0.23403200507164001,0.12433602660894394,0.5417211651802063,1.2253447771072388,2.0092625617980957,17.31928825378418,26.824594497680664,0.9092557430267334,0.655878484249115,0.8821555376052856,0.605056881904602
DELA_011,DELA,2024,19.521272659301758,22.56700897216797,1.2608782052993774,3.999861478805542,0.054441314190626144,3.012430191040039,0.1655750572681427,0.08869996666908264,0.4925079047679901,1.194900631904602,2.0089826583862305,22.49492835998535,10.66632080078125,0.9304688572883606,0.7612050175666809,0.9170465469360352,0.6764023900032043
DELA_004,DELA,2024,19.298009872436523,24.00782012939453,1.3500244617462158,5.505053520202637,0.05882519856095314,4.550064563751221,0.25852206349372864,0.13558650016784668,0.5382840037345886,1.4127252101898193,2.1708502769470215,23.68446159362793,18.95093536376953,0.9041703939437866,0.5832623839378357,0.880521297454834,0.5470139980316162
DELA_018,DELA,2024,13.615723609924316,17.348134994506836,1.378744125366211,3.7722439765930176,0.07278460264205933,3.3692753314971924,0.2766505777835846,0.1502840518951416,0.5418060421943665,1.1873571872711182,1.8727837800979614,17.160306930541992,39.277259826660156,0.9197214245796204,0.6041800379753113,0.901078462600708,0.5615171790122986
DELA_014,DELA,2024,21.806251525878906,26.506492614746094,1.4230449199676514,6.841285228729248,0.10073597729206085,4.914745807647705,0.2633272111415863,0.13799647986888885,0.46865129470825195,1.1795680522918701,1.7264649868011475,26.254003524780273,20.644460678100586,0.8666360974311829,0.436707854270935,0.8376092910766602,0.427879273891449
DELA_015,DELA,2024,15.413979530334473,18.536823272705078,1.3494311571121216,3.8426568508148193,0.0824192464351654,2.8284196853637695,0.21771064400672913,0.1189887598156929,0.5172091126441956,1.1200045347213745,1.7726351022720337,18.35004234313965,25.19378089904785,0.912661910057068,0.6965975761413574,0.8936470746994019,0.6289017200469971
DELA_012,DELA,2024,12.415339469909668,16.183340072631836,1.55288827419281,4.4764275550842285,0.1567550152540207,3.4051125049591064,0.3204211890697479,0.17389163374900818,0.5860978960990906,1.3675062656402588,1.80654776096344,16.193769454956055,47.2958869934082,0.9064171314239502,0.6161646842956543,0.8892966508865356,0.568847119808197
DELA_010,DELA,2024,14.99775505065918,18.25678253173828,1.3541560173034668,3.42913818359375,0.08071640133857727,3.063769578933716,0.2414107322692871,0.13440586626529694,0.4863152503967285,1.0023198127746582,1.57217538356781,18.142868041992188,33.67800521850586,0.906070590019226,0.5280435681343079,0.9021785259246826,0.4961247146129608
DELA_016,DELA,2024,20.356494903564453,24.981281280517578,1.459181785583496,7.2010064125061035,0.12104777991771698,4.697582721710205,0.2561902403831482,0.13553030788898468,0.4980555772781372,1.3163291215896606,1.8232324123382568,24.815160751342773,24.73396873474121,0.8471905589103699,0.4287002384662628,0.8040928244590759,0.4242238998413086
DELA_001,DELA,2024,15.385329246520996,19.08127784729004,1.3679825067520142,4.334744453430176,0.08093336224555969,3.7083282470703125,0.2708640992641449,0.14425063133239746,0.5489960312843323,1.2989414930343628,2.026148557662964,19.120012283325195,29.778139114379883,0.9122216701507568,0.6539287567138672,0.886044442653656,0.6046326160430908
DELA_019,DELA,2024,12.792557716369629,15.847066879272461,1.438281774520874,3.6919593811035156,0.11818788200616837,3.197110891342163,0.27629372477531433,0.14872370660305023,0.5572635531425476,1.236010193824768,1.906249761581421,16.113065719604492,44.320045471191406,0.8642368912696838,0.4606004953384399,0.8769011497497559,0.435203492641449
DELA_017,DELA,2024,16.48328399658203,19.699203491210938,1.334028959274292,4.038414001464844,0.08319929987192154,3.622063636779785,0.24541118741035461,0.13016249239444733,0.5470107793807983,1.320777177810669,2.1267735958099365,20.135679244995117,28.130388259887695,0.918883204460144,0.6606273651123047,0.9013497233390808,0.6015995144844055
DELA_009,DELA,2024,17.928653717041016,21.90471839904785,1.3314266204833984,4.332587242126465,0.06278762221336365,3.698141574859619,0.24091488122940063,0.12883217632770538,0.5151675343513489,1.2175769805908203,1.9119837284088135,21.650043487548828,22.93372917175293,0.9285616874694824,0.7138581871986389,0.9126332998275756,0.6446282267570496
DELA_002,DELA,2024,16.17975616455078,19.902938842773438,1.509920597076416,5.107884407043457,0.14955055713653564,3.8440330028533936,0.2862522602081299,0.15575209259986877,0.5120182037353516,1.2018755674362183,1.67117178440094,20.00995635986328,32.326473236083984,0.9062325358390808,0.5982163548469543,0.8820265531539917,0.5577930212020874
DELA_007,DELA,2024,16.23317527770996,20.04286766052246,1.3829050064086914,4.439838409423828,0.08086158335208893,3.769348382949829,0.26461756229400635,0.14243747293949127,0.5331200361251831,1.2632337808609009,1.9515917301177979,19.996891021728516,30.52663803100586,0.9146468043327332,0.6586488485336304,0.9032819867134094,0.5984364151954651
DELA_020,DELA,2024,16.421369552612305,20.275747299194336,1.3730416297912598,4.577561378479004,0.07601678371429443,3.8217766284942627,0.2624121904373169,0.14006584882736206,0.5377793312072754,1.291257619857788,1.986785888671875,20.204769134521484,30.70860481262207,0.9268081188201904,0.65115886926651,0.9139520525932312,0.5994449257850647
DELA_006,DELA,2024,14.73460578918457,18.098556518554688,1.3673259019851685,3.7464869022369385,0.0828978642821312,3.245265245437622,0.2585415840148926,0.1407984346151352,0.5144469141960144,1.0940239429473877,1.7039155960083008,18.032413482666016,28.17385482788086,0.9246872663497924,0.6562266945838928,0.9100534915924072,0.6004694700241089
DELA_008,DELA,2024,13.150857925415039,16.826805114746094,1.4091119766235352,3.62988018989563,0.08935075998306274,3.207984209060669,0.28141623735427856,0.15222015976905823,0.5597330927848816,1.1940503120422363,1.8348820209503174,16.63129425048828,42.9110221862793,0.9064654111862184,0.5962395071983337,0.8859997391700745,0.5525042414665222
DELA_046,DELA,2024,20.456336975097656,24.49477767944336,1.3207368850708008,5.416504383087158,0.06342444568872452,3.9732961654663086,0.21212275326251984,0.11137735098600388,0.516049861907959,1.3612667322158813,2.1034398078918457,24.260562896728516,14.233823776245117,0.9117369651794434,0.6033469438552856,0.8902294039726257,0.5616732835769653
DELA_053,DELA,2024,17.549177169799805,21.075824737548828,1.3417706489562988,4.031907081604004,0.0737052857875824,3.377120018005371,0.23596063256263733,0.12897460162639618,0.4978933334350586,1.0766257047653198,1.6487196683883667,20.941471099853516,25.162586212158203,0.9287468791007996,0.5720458626747131,0.9214988946914672,0.5321058034896851
DELA_051,DELA,2024,18.441213607788086,21.974689483642578,1.3634052276611328,4.947574615478516,0.09157862514257431,3.7755072116851807,0.22554782032966614,0.11936386674642563,0.5397598147392273,1.4084032773971558,2.14703369140625,22.140277862548828,21.1273250579834,0.9034215211868286,0.6293269991874695,0.8800779581069946,0.5812574625015259
DELA_043,DELA,2024,15.754606246948242,19.40231704711914,1.2738758325576782,3.6144590377807617,0.0418943427503109,3.106532096862793,0.2082025557756424,0.11109626293182373,0.5276592373847961,1.240684986114502,2.1019904613494873,19.09978675842285,23.01738166809082,0.922004461288452,0.6401139497756958,0.9015706777572632,0.5881269574165344
DELA_040,DELA,2024,20.64266014099121,24.396228790283203,1.30558180809021,4.648538589477539,0.06777270883321762,3.884798526763916,0.2154724895954132,0.11585789918899536,0.4825870990753174,1.1292222738265991,1.7854998111724854,24.44785499572754,17.135562896728516,0.913040280342102,0.6807736158370972,0.8928734064102173,0.618574857711792
DELA_052,DELA,2024,15.557450294494629,18.935527801513672,1.3401788473129272,3.730125904083252,0.07421359419822693,3.1172001361846924,0.2268824577331543,0.12295334786176682,0.5376673936843872,1.2362043857574463,1.9884380102157593,18.788198471069336,30.13983917236328,0.9252545833587646,0.6160736083984375,0.909373104572296,0.5685179233551025
DELA_041,DELA,2024,12.59888744354248,15.813433647155762,1.3912723064422607,3.478712320327759,0.09720686078071594,2.9171299934387207,0.2628924250602722,0.14266325533390045,0.5651862621307373,1.2223060131072998,1.9057750701904297,15.784004211425781,42.334266662597656,0.9107378721237184,0.6243458986282349,0.8863863348960876,0.5774838924407959
DELA_044,DELA,2024,19.123065948486328,23.391801834106445,1.2707791328430176,4.535824298858643,0.03594755381345749,3.827833414077759,0.21090228855609894,0.11118602007627487,0.5179477334022522,1.3217895030975342,2.1685075759887695,23.00532341003418,14.610836029052734,0.9190412759780884,0.6235488653182983,0.9028883576393129,0.5742422342300415
DELA_039,DELA,2024,18.397550582885742,22.193012237548828,1.256967306137085,4.107316493988037,0.03256423398852348,3.540335178375244,0.20419730246067047,0.10713464021682739,0.517266035079956,1.29252028465271,2.176114320755005,21.89181900024414,18.107391357421875,0.9213836789131165,0.6284816265106201,0.9045198559761048,0.5804499387741089
DELA_054,DELA,2024,18.67180824279785,23.098464965820312,1.4048577547073364,5.26871919631958,0.09256426990032196,4.520613193511963,0.2788882255554199,0.14846009016036987,0.5234480500221252,1.3063552379608154,1.9748138189315796,23.25351905822754,28.287019729614258,0.9047083258628844,0.5949589014053345,0.8879562020301819,0.5518677830696106
DELA_045,DELA,2024,16.262454986572266,21.084802627563477,1.4645404815673828,5.037865161895752,0.10042465478181839,4.505538463592529,0.3315907418727875,0.17824073135852814,0.5434141755104065,1.2666540145874023,1.8295073509216309,20.972074508666992,36.80528259277344,0.9206402897834778,0.6296245455741882,0.9109400510787964,0.576732337474823
DELA_042,DELA,2024,18.382736206054688,22.2535457611084,1.2636497020721436,3.9650776386260986,0.03557257354259491,3.508946418762207,0.21114714443683624,0.11260294914245605,0.5014180541038513,1.1999708414077759,1.9898440837860107,21.943492889404297,17.86825180053711,0.9276068210601808,0.6465318202972412,0.9144557118415833,0.5926976203918457
DELA_055,DELA,2024,12.476523399353027,14.55638599395752,1.3579814434051514,2.8198912143707275,0.13540245592594147,2.610987901687622,0.2300548553466797,0.12432800978422165,0.5510735511779785,1.1815407276153564,1.9695637226104736,15.288948059082031,42.12186050415039,0.9125553965568542,0.6060279607772827,0.8904711604118347,0.5611957311630249
DELA_037,DELA,2024,12.754236221313477,16.671171188354492,1.41667640209198,3.903132438659668,0.08118937164545059,3.501779794692993,0.30895063281059265,0.16719643771648407,0.5874062776565552,1.2971585988998413,1.9798136949539185,16.524412155151367,43.982017517089844,0.9078152775764464,0.5820826888084412,0.8916367888450623,0.5430461764335632
DELA_050,DELA,2024,17.520023345947266,22.0024471282959,1.3285285234451294,4.462497234344482,0.05373622104525566,3.933400869369507,0.2513476610183716,0.13424327969551086,0.5228186845779419,1.241635799407959,1.9974645376205444,21.669906616210938,24.354190826416016,0.9120932817459106,0.5439278483390808,0.8967944383621216,0.511323094367981
DELA_056,DELA,2024,20.270078659057617,24.534244537353516,1.352155089378357,5.418409824371338,0.07709885388612747,4.571269512176514,0.24535447359085083,0.12983036041259766,0.5230143666267395,1.3976844549179077,2.1402127742767334,24.7271728515625,20.34901237487793,0.9084802865982056,0.6222590208053589,0.8988359570503235,0.5722628831863403
DELA_047,DELA,2024,14.30622673034668,17.532657623291016,1.3430992364883423,3.3220725059509277,0.0750134214758873,2.9518706798553467,0.23639856278896332,0.13150757551193237,0.4930000305175781,1.0161182880401611,1.6354821920394897,17.370134353637695,34.37825012207031,0.8948659300804138,0.5372045040130615,0.8780725002288818,0.5055894255638123
DELA_048,DELA,2024,14.570439338684082,18.64694595336914,1.3663028478622437,4.080093860626221,0.06581490486860275,3.649080753326416,0.27734774351119995,0.15102717280387878,0.54072505235672,1.2174655199050903,1.9165102243423462,18.391904830932617,33.68383026123047,0.9145633578300476,0.6373311281204224,0.8908671140670776,0.5867235064506531
DELA_049,DELA,2024,17.732419967651367,22.311237335205078,1.4022136926651,5.288169860839844,0.08341933786869049,4.659035682678223,0.2923993766307831,0.1548345386981964,0.5373678207397461,1.3636376857757568,2.038912773132324,22.382017135620117,29.459108352661133,0.757534384727478,0.3800918459892273,0.7662009000778198,0.3614417910575866
DELA_038,DELA,2024,14.796361923217773,18.028114318847656,1.2808847427368164,3.3495192527770996,0.04360698163509369,2.911925792694092,0.21543101966381073,0.11413629353046417,0.5215708613395691,1.1749051809310913,2.022357225418091,17.77342414855957,30.192495346069336,0.9230613112449646,0.6322370767593384,0.903060019016266,0.5818632245063782
DELA_023,DELA,2024,19.054279327392578,24.054624557495117,1.3132075071334839,5.030742645263672,0.0431445837020874,4.423373699188232,0.24940656125545502,0.13195841014385223,0.5306022763252258,1.3478679656982422,2.165576934814453,23.635488510131836,19.79018783569336,0.9242343306541444,0.6181595921516418,0.910723090171814,0.5682227611541748
DELA_022,DELA,2024,13.679813385009766,17.37462615966797,1.4047881364822388,3.8730571269989014,0.08591391891241074,3.4088752269744873,0.2830705940723419,0.15082494914531708,0.5725069046020508,1.3616265058517456,2.0452747344970703,17.235137939453125,37.96282196044922,0.9304164052009584,0.667172372341156,0.9176539778709412,0.6084314584732056
DELA_021,DELA,2024,9.482257843017578,10.948153495788574,1.5682594776153564,2.744990587234497,0.23272296786308289,2.2681031227111816,0.2662941813468933,0.145504891872406,0.5957874655723572,1.2867817878723145,1.7507909536361694,11.951416015625,58.651973724365234,0.9086092710494996,0.6736204624176025,0.8840781450271606,0.6147049069404602
DELA_059,DELA,2024,20.029855728149414,24.30502700805664,1.2999687194824219,4.914057731628418,0.04899108409881592,4.118828773498535,0.22238244116306305,0.11720246076583862,0.508529007434845,1.3066362142562866,2.106355905532837,24.065553665161133,15.839558601379395,0.927894115447998,0.6645638346672058,0.9148498773574828,0.604987621307373
LENO_061,LENO,2015,17.952566146850586,20.106101989746094,1.3557907342910767,3.9003612995147705,0.10665200650691986,3.8684306144714355,0.23373620212078094,0.12624432146549225,0.32915642857551575,0.5965635776519775,1.0085406303405762,21.3071231842041,34.57657241821289,,,,
LENO_065,LENO,2015,19.58049201965332,22.840044021606445,1.2703715562820435,3.780604839324951,0.045814815908670425,3.7613272666931152,0.22101961076259613,0.12175274640321732,0.2877468168735504,0.5603305697441101,1.0195746421813965,22.882469177246094,27.92215919494629,,,,
LENO_062,LENO,2015,24.944976806640625,29.204975128173828,1.2631763219833374,4.820547103881836,0.03779195621609688,4.897956848144531,0.23273204267024994,0.13430309295654297,0.24775245785713196,0.5404428839683533,1.025029182434082,29.06743621826172,16.182353973388672,,,,
LENO_068,LENO,2015,23.09354591369629,26.66044807434082,1.2319700717926025,4.108026027679443,0.031255871057510376,4.2442169189453125,0.209616020321846,0.11940191686153412,0.25284308195114136,0.5799546241760254,1.0448251962661743,26.685073852539062,17.22046661376953,,,,
LENO_067,LENO,2015,22.27947235107422,24.83161163330078,1.2802776098251343,4.170345783233643,0.06978026032447815,3.7124476432800293,0.18998828530311584,0.10352033376693726,0.2814595103263855,0.5945698022842407,1.0696107149124146,25.35215187072754,16.215227127075195,,,,
LENO_064,LENO,2015,23.214147567749023,27.235395431518555,1.2799283266067505,4.889129161834717,0.047320831567049026,4.552928924560547,0.22666358947753906,0.1262766569852829,0.2871167063713074,0.6887122392654419,1.1926792860031128,27.15506362915039,16.38066291809082,,,,
LENO_063,LENO,2015,24.12461280822754,28.119020462036133,1.3046252727508545,5.3258209228515625,0.05966043844819069,4.9598894119262695,0.23251986503601074,0.12714846432209015,0.30088695883750916,0.6874377131462097,1.1742677688598633,28.352846145629883,15.774548530578613,,,,
LENO_066,LENO,2015,24.786828994750977,28.52288246154785,1.2673003673553467,4.478447437286377,0.04992348700761795,4.348085880279541,0.2125023603439331,0.12158073484897614,0.2565927803516388,0.5972146391868591,1.0935182571411133,28.47252655029297,15.103527069091797,,,,
LENO_069,LENO,2015,20.25627326965332,22.32879638671875,1.347881555557251,4.1706862449646,0.11027567088603973,3.904322624206543,0.21463137865066528,0.11535672843456268,0.3330167233943939,0.6515925526618958,1.133752703666687,23.685819625854492,23.496482849121094,,,,
LENO_070,LENO,2015,21.578351974487305,24.48133659362793,1.3143510818481445,4.220024585723877,0.08106053620576859,3.7490336894989014,0.21058961749076843,0.12048017233610153,0.25664281845092773,0.5325519442558289,0.9936298131942749,24.78294563293457,20.591054916381836,,,,
LENO_003,LENO,2015,17.568496704101562,20.83352279663086,1.2750194072723389,3.699373960494995,0.04287853091955185,3.7400872707366943,0.23148216307163239,0.12912483513355255,0.2565869092941284,0.5094630122184753,0.9217783212661743,20.79281234741211,40.47831344604492,,,,
LENO_002,LENO,2015,20.08873748779297,22.82383155822754,1.3466795682907104,4.53540563583374,0.10255874693393707,3.5214531421661377,0.20152534544467926,0.10815360397100449,0.2967013418674469,0.6228286027908325,1.0896321535110474,23.16844367980957,26.1522159576416,,,,
LENO_014,LENO,2015,17.4129638671875,20.228944778442383,1.2280805110931396,3.180255174636841,0.03546261042356491,3.0242531299591064,0.18504013121128082,0.10046138614416122,0.29130789637565613,0.5788444876670837,1.0223910808563232,20.125883102416992,27.832447052001953,,,,
LENO_011,LENO,2015,15.92823600769043,19.393543243408203,1.3064799308776855,3.886991500854492,0.04727606102824211,3.888137102127075,0.26381880044937134,0.14762485027313232,0.3025347590446472,0.5693855881690979,0.9915855526924133,19.404918670654297,42.28925323486328,,,,
LENO_005,LENO,2015,18.1325740814209,20.446643829345703,1.2707610130310059,3.56266188621521,0.06490448117256165,3.013920783996582,0.18682433664798737,0.1021861657500267,0.31696993112564087,0.56234210729599,0.9911121129989624,20.682275772094727,20.838607788085938,,,,
LENO_015,LENO,2015,21.22577667236328,23.728181838989258,1.2026113271713257,3.342822551727295,0.03432672470808029,3.0123608112335205,0.1575527936220169,0.08343162387609482,0.2905881106853485,0.580175518989563,1.0953376293182373,23.748004913330078,11.614974975585938,,,,
LENO_010,LENO,2015,15.192022323608398,15.441081047058105,1.4196401834487915,2.901381731033325,0.17676566541194916,2.8440651893615723,0.21445496380329132,0.11899445950984955,0.33242934942245483,0.5871251225471497,1.0398411750793457,17.591768264770508,46.05211639404297,,,,
LENO_012,LENO,2015,19.880624771118164,22.74982452392578,1.2817749977111816,3.613905429840088,0.06295567750930786,3.6191468238830566,0.2139895111322403,0.1215161606669426,0.27003946900367737,0.5444982051849365,0.985601544380188,23.078886032104492,25.979568481445312,,,,
LENO_009,LENO,2015,20.600311279296875,24.69292449951172,1.2763705253601074,4.770297527313232,0.03985865041613579,4.53852653503418,0.23005704581737518,0.12419068068265915,0.31134071946144104,0.6351175308227539,1.0851826667785645,24.60620880126953,21.329029083251953,,,,
LENO_018,LENO,2015,16.846590042114258,18.643573760986328,1.4021860361099243,3.624577045440674,0.13245683908462524,3.2306833267211914,0.2278812825679779,0.12996412813663483,0.28582319617271423,0.5285091400146484,0.9677879810333252,19.5766544342041,38.596378326416016,,,,
LENO_006,LENO,2015,23.98282814025879,27.719419479370117,1.3034799098968506,5.661585330963135,0.06400104612112045,4.552272319793701,0.20910660922527313,0.111384816467762,0.29726284742355347,0.6303492188453674,1.0977529287338257,27.653793334960938,15.343181610107422,,,,
LENO_013,LENO,2015,22.618633270263672,26.3190860748291,1.3004560470581055,5.2310566902160645,0.05753958597779274,4.478481292724609,0.21894747018814087,0.11431194096803665,0.3137197196483612,0.6665407419204712,1.157464623451233,26.319116592407227,18.28456687927246,,,,
LENO_007,LENO,2015,14.709701538085938,15.946235656738281,1.2653108835220337,2.284621000289917,0.08394430577754974,2.054426431655884,0.1717619150876999,0.10216538608074188,0.260147362947464,0.4188593029975891,0.833229660987854,16.4548397064209,39.37736129760742,,,,
LENO_008,LENO,2015,22.418458938598633,25.21297264099121,1.2406799793243408,4.24547815322876,0.046074748039245605,3.5567989349365234,0.17530789971351624,0.0945533961057663,0.27862605452537537,0.5244466662406921,0.9769330024719238,25.199697494506836,12.912550926208496,,,,
LENO_022,LENO,2015,21.22511100769043,23.98985481262207,1.205629825592041,3.562199592590332,0.029519572854042053,3.2007880210876465,0.16739988327026367,0.08883408457040787,0.2772027254104614,0.5451605319976807,0.9638166427612305,23.896066665649414,15.351418495178223,,,,
LENO_001,LENO,2015,16.528053283691406,18.496015548706055,1.3032666444778442,3.3674018383026123,0.08024268597364426,2.8862881660461426,0.1984618604183197,0.10737281292676926,0.30430087447166443,0.49468308687210083,0.903316855430603,18.922428131103516,26.191118240356445,,,,
LENO_016,LENO,2015,18.475406646728516,19.8913516998291,1.3284173011779785,3.059331178665161,0.11635465919971466,3.028923749923706,0.19508467614650726,0.11120108515024185,0.27186059951782227,0.510684072971344,0.9637060165405273,21.127622604370117,28.754167556762695,,,,
LENO_021,LENO,2015,19.986740112304688,22.75101661682129,1.227912187576294,3.223720073699951,0.04073280096054077,3.2212977409362793,0.18815141916275024,0.11022960394620895,0.24421535432338715,0.5190796256065369,0.9305481314659119,22.750099182128906,22.659713745117188,,,,
LENO_017,LENO,2015,19.227575302124023,21.987295150756836,1.3516833782196045,4.491192817687988,0.0961376205086708,4.310108661651611,0.2404385656118393,0.13160163164138794,0.3350702226161957,0.6613729596138,1.0861047506332397,23.002870559692383,30.536283493041992,,,,
LENO_004,LENO,2015,14.826757431030273,17.63987159729004,1.3362995386123657,3.807037830352783,0.07478850334882736,3.5028254985809326,0.24827176332473755,0.13529740273952484,0.331149697303772,0.6009182333946228,0.9623000621795654,17.94157600402832,41.2842903137207,,,,
LENO_019,LENO,2015,22.44175910949707,25.693470001220703,1.2616022825241089,4.232449531555176,0.05673219636082649,3.7478837966918945,0.19090069830417633,0.11127226799726486,0.25994178652763367,0.6300305724143982,1.122556447982788,25.572839736938477,13.04130744934082,,,,
LENO_061,LENO,2016,18.003978729248047,20.456953048706055,1.3558735847473145,3.9359166622161865,0.10443680733442307,3.9638803005218506,0.23863843083381653,0.1298171579837799,0.3248502016067505,0.6266356706619263,1.0748659372329712,21.58793830871582,33.75204086303711,,,,
LENO_065,LENO,2016,19.71504783630371,23.07903289794922,1.2529922723770142,3.6458919048309326,0.03699386492371559,3.70297908782959,0.21724581718444824,0.12147856503725052,0.2732727527618408,0.5538362264633179,1.0172114372253418,23.02052116394043,27.215652465820312,,,,
LENO_062,LENO,2016,24.75176239013672,29.35883140563965,1.2712048292160034,5.0870184898376465,0.03520921990275383,5.210969924926758,0.24531051516532898,0.14032894372940063,0.2561188042163849,0.5623471140861511,1.0105739831924438,29.193710327148438,16.77861785888672,,,,
LENO_068,LENO,2016,22.78489112854004,26.854663848876953,1.2589292526245117,4.693026065826416,0.03419679030776024,4.669414520263672,0.22597987949848175,0.12408670037984848,0.2910885214805603,0.6362874507904053,1.1391432285308838,26.857791900634766,17.57209014892578,,,,
LENO_067,LENO,2016,22.05889892578125,25.100358963012695,1.3173391819000244,4.864228248596191,0.07710221409797668,4.176712989807129,0.21220596134662628,0.1124938577413559,0.31450650095939636,0.6422617435455322,1.1132128238677979,25.5753173828125,18.069957733154297,,,,
LENO_064,LENO,2016,22.671926498413086,27.272321701049805,1.3320661783218384,5.868393421173096,0.060682665556669235,5.213878154754639,0.25220873951911926,0.136153444647789,0.3344564139842987,0.7322002649307251,1.2261807918548584,27.21061897277832,18.34050941467285,,,,
LENO_063,LENO,2016,23.879810333251953,28.173307418823242,1.3104255199432373,5.6497039794921875,0.05803677812218666,5.188903331756592,0.2376696616411209,0.12768669426441193,0.3253512382507324,0.7238301038742065,1.2042179107666016,28.360158920288086,15.827919960021973,,,,
LENO_066,LENO,2016,24.261430740356445,28.76019859313965,1.2965136766433716,5.160745620727539,0.05092347413301468,4.971065998077393,0.24178406596183777,0.13598616421222687,0.27865976095199585,0.6816008687019348,1.1964458227157593,28.654184341430664,16.19504737854004,,,,
LENO_069,LENO,2016,19.621492385864258,22.518400192260742,1.3131027221679688,4.054691314697266,0.07441780716180801,4.012516498565674,0.23450948297977448,0.12957794964313507,0.3216889202594757,0.6941996216773987,1.1542483568191528,23.19498634338379,23.298051834106445,,,,
LENO_070,LENO,2016,21.466035842895508,24.729578018188477,1.2931233644485474,4.133373260498047,0.06373312324285507,3.881056308746338,0.22041620314121246,0.12827636301517487,0.2538643777370453,0.5687893033027649,1.0161112546920776,24.793413162231445,19.809337615966797,,,,
LENO_003,LENO,2016,17.879562377929688,21.32782745361328,1.2653089761734009,3.769993782043457,0.03675193339586258,3.895130157470703,0.23348873853683472,0.13237440586090088,0.2580612301826477,0.5318247675895691,0.9619172215461731,21.254199981689453,38.97734069824219,,,,
LENO_002,LENO,2016,20.18545150756836,22.712444305419922,1.3627595901489258,4.848848342895508,0.10745416581630707,3.9569952487945557,0.21559973061084747,0.11562815308570862,0.3284979462623596,0.6497852802276611,1.102876901626587,23.492902755737305,26.34261131286621,,,,
LENO_014,LENO,2016,17.475181579589844,20.658536911010742,1.2404546737670898,3.565423011779785,0.03296266868710518,3.4321348667144775,0.20270921289920807,0.11047255992889404,0.30486899614334106,0.6031220555305481,1.0486983060836792,20.544584274291992,26.09296226501465,,,,
LENO_011,LENO,2016,15.809816360473633,19.906869888305664,1.3238167762756348,4.384536266326904,0.04174468293786049,4.365236282348633,0.28461527824401855,0.15466444194316864,0.3292849063873291,0.6406223773956299,1.0674339532852173,19.855478286743164,41.766422271728516,,,,
LENO_005,LENO,2016,17.659143447875977,20.56699562072754,1.3072984218597412,4.143221855163574,0.06627947092056274,3.5387909412384033,0.22064203023910522,0.11890476197004318,0.34853002429008484,0.650650143623352,1.1089366674423218,20.717498779296875,23.708669662475586,,,,
LENO_015,LENO,2016,21.237218856811523,23.950376510620117,1.1920621395111084,3.323618173599243,0.024553148075938225,3.1501550674438477,0.16386272013187408,0.08842484652996063,0.2761628031730652,0.5629058480262756,1.049773097038269,23.861099243164062,10.647625923156738,,,,
LENO_010,LENO,2016,15.614069938659668,16.046110153198242,1.4349629878997803,3.0627188682556152,0.1818864792585373,3.0597891807556152,0.2124604731798172,0.11676626652479172,0.33285942673683167,0.6088899970054626,1.0637211799621582,18.256471633911133,44.06937026977539,,,,
LENO_012,LENO,2016,19.983736038208008,23.335084915161133,1.2788622379302979,3.8643381595611572,0.05336819589138031,3.8929102420806885,0.22318588197231293,0.1270313560962677,0.2710438072681427,0.5637562274932861,1.0093611478805542,23.481307983398438,24.514415740966797,,,,
LENO_009,LENO,2016,20.638479232788086,25.0350341796875,1.2770721912384033,4.915449142456055,0.034974996000528336,4.751569747924805,0.2382880002260208,0.12843741476535797,0.3179236948490143,0.6646344661712646,1.1245489120483398,24.883773803710938,20.29327392578125,,,,
LENO_018,LENO,2016,16.669612884521484,18.64093017578125,1.3628264665603638,3.250326156616211,0.11252907663583755,3.0600814819335938,0.21834293007850647,0.1259910613298416,0.27621883153915405,0.5179135203361511,0.9469625353813171,19.359621047973633,38.35226821899414,,,,
LENO_006,LENO,2016,24.19106674194336,28.02251625061035,1.2694480419158936,5.041982173919678,0.047937195748090744,4.441592216491699,0.20664340257644653,0.11282412707805634,0.27077579498291016,0.6484531760215759,1.1541999578475952,27.883865356445312,13.61319637298584,,,,
LENO_013,LENO,2016,22.621061325073242,26.60910987854004,1.2924220561981201,5.364943981170654,0.046909090131521225,4.806103706359863,0.23109006881713867,0.1232701763510704,0.3159160614013672,0.6543839573860168,1.1144726276397705,26.581565856933594,17.496732711791992,,,,
LENO_007,LENO,2016,14.139166831970215,16.262678146362305,1.2822498083114624,2.8007652759552,0.0654064491391182,2.471322536468506,0.2016882747411728,0.1154443621635437,0.30380597710609436,0.5086008906364441,0.9260423183441162,16.336811065673828,40.75267791748047,,,,
LENO_008,LENO,2016,22.252803802490234,25.61709213256836,1.2540175914764404,4.5653276443481445,0.04122253134846687,3.9517502784729004,0.19548764824867249,0.10203052312135696,0.30113840103149414,0.6127251982688904,1.101702094078064,25.5158748626709,13.358343124389648,,,,
LENO_022,LENO,2016,21.314586639404297,24.243391036987305,1.2051211595535278,3.6781811714172363,0.02500081993639469,3.3887133598327637,0.17371071875095367,0.09169603139162064,0.2869471311569214,0.5594028234481812,1.0149734020233154,24.11469841003418,14.382730484008789,,,,
LENO_001,LENO,2016,16.413902282714844,18.73442840576172,1.3096338510513306,3.6016697883605957,0.0732307881116867,3.2058751583099365,0.22198916971683502,0.1223553866147995,0.30584609508514404,0.5304999947547913,0.9564834833145142,19.102121353149414,26.828594207763672,,,,
LENO_016,LENO,2016,18.761070251464844,20.369422912597656,1.3092809915542603,3.0277535915374756,0.10321931540966034,3.081949234008789,0.19466805458068848,0.11010272055864334,0.27640241384506226,0.5572008490562439,1.007948637008667,21.491209030151367,27.023317337036133,,,,
LENO_021,LENO,2016,20.15599822998047,23.487478256225586,1.2515308856964111,3.7444798946380615,0.042872797697782516,3.659320116043091,0.2058878093957901,0.11678323149681091,0.2678954601287842,0.5763428211212158,1.0309505462646484,23.44449806213379,22.416654586791992,,,,
LENO_017,LENO,2016,18.898637771606445,22.102964401245117,1.3524794578552246,4.618911266326904,0.08777374774217606,4.428460597991943,0.24771642684936523,0.13374213874340057,0.34370800852775574,0.6998516917228699,1.157450556755066,22.907428741455078,30.422086715698242,,,,
LENO_004,LENO,2016,15.30334186553955,18.368410110473633,1.3293520212173462,3.8919918537139893,0.06681931763887405,3.6125476360321045,0.24958857893943787,0.13641826808452606,0.32717451453208923,0.5921617746353149,0.9571468234062195,18.52286720275879,38.44330978393555,,,,
LENO_019,LENO,2016,22.139074325561523,26.05742645263672,1.2820065021514893,5.1127848625183105,0.04950195550918579,4.403127193450928,0.21292822062969208,0.11536223441362381,0.326576828956604,0.6887242794036865,1.1528873443603516,25.925609588623047,12.782674789428711,,,,
LENO_061,LENO,2017,19.040681838989258,20.310649871826172,1.3237087726593018,3.198420286178589,0.11634352058172226,3.207404136657715,0.19858090579509735,0.11374766379594803,0.26575174927711487,0.532812237739563,0.9650536775588989,21.732282638549805,32.62413787841797,,,,
LENO_065,LENO,2017,20.47460174560547,22.356714248657227,1.2147027254104614,2.768874406814575,0.05869944766163826,3.0081470012664795,0.17665167152881622,0.10777788609266281,0.21830496191978455,0.41799888014793396,0.8417558073997498,22.88831329345703,26.118364334106445,,,,
LENO_062,LENO,2017,25.53276252746582,29.192373275756836,1.2436399459838867,4.337045192718506,0.0389324314892292,4.474933624267578,0.21286717057228088,0.1254621297121048,0.22494420409202576,0.4785095751285553,0.913857638835907,29.147262573242188,15.432313919067383,,,,
LENO_068,LENO,2017,23.49650001525879,26.85240936279297,1.223969578742981,4.065922737121582,0.032104283571243286,4.035388469696045,0.19365093111991882,0.10726838558912277,0.26223552227020264,0.5530166625976562,1.0281752347946167,26.861167907714844,15.928988456726074,,,,
LENO_067,LENO,2017,22.83448028564453,24.96026611328125,1.2561228275299072,3.735271453857422,0.07066421955823898,3.296032428741455,0.16984742879867554,0.09551187604665756,0.23948752880096436,0.5072609186172485,0.9607799649238586,25.508014678955078,15.50328254699707,,,,
LENO_064,LENO,2017,23.939483642578125,27.622323989868164,1.2850273847579956,4.908927917480469,0.05679251253604889,4.36649227142334,0.21283495426177979,0.11613713949918747,0.28831619024276733,0.6569082140922546,1.178908109664917,27.634613037109375,15.566727638244629,,,,
LENO_063,LENO,2017,24.924453735351562,28.114158630371094,1.2870676517486572,4.901808738708496,0.07001704722642899,4.292678356170654,0.1975891888141632,0.10892731696367264,0.2666495740413666,0.5993385314941406,1.0560051202774048,28.480424880981445,15.421305656433105,,,,
LENO_066,LENO,2017,25.77817726135254,28.810701370239258,1.2593380212783813,4.145498275756836,0.06147270277142525,3.7872283458709717,0.1825142204761505,0.10490202903747559,0.233254536986351,0.4906874895095825,0.9277404546737671,28.93138313293457,14.467798233032227,,,,
LENO_069,LENO,2017,21.48209571838379,23.616668701171875,1.2158952951431274,3.025564670562744,0.05237579718232155,2.9301486015319824,0.16502727568149567,0.10026095807552338,0.22422057390213013,0.4845055639743805,0.9155349135398865,23.847936630249023,15.225637435913086,,,,
LENO_070,LENO,2017,22.984773635864258,25.100133895874023,1.3040004968643188,4.049252510070801,0.09648950397968292,3.1281375885009766,0.16857801377773285,0.10210274904966354,0.21400782465934753,0.4366225600242615,0.8106765747070312,25.44850730895996,17.73944091796875,,,,
LENO_003,LENO,2017,18.109037399291992,20.87276840209961,1.2437551021575928,3.1658334732055664,0.040252260863780975,3.241422414779663,0.2047709971666336,0.11645551025867462,0.23342068493366241,0.4349097013473511,0.8612697124481201,20.86665916442871,39.50361251831055,,,,
LENO_002,LENO,2017,20.349637985229492,22.606121063232422,1.4033461809158325,4.982510089874268,0.13771092891693115,3.7154386043548584,0.21030293405056,0.11170538514852524,0.308618426322937,0.6054579019546509,1.054905891418457,23.48932647705078,28.704864501953125,,,,
LENO_014,LENO,2017,17.753032684326172,20.71581268310547,1.2262578010559082,3.37074613571167,0.03258395940065384,3.1528937816619873,0.18477778136730194,0.09986935555934906,0.3005504012107849,0.5901693105697632,1.0333575010299683,20.58361053466797,25.54656410217285,,,,
LENO_011,LENO,2017,17.01877212524414,19.678495407104492,1.2459192276000977,3.0773277282714844,0.04273895546793938,3.2072818279266357,0.21062199771404266,0.12165029346942902,0.2405794858932495,0.4870705008506775,0.9152367115020752,19.75809669494629,37.333805084228516,,,,
LENO_005,LENO,2017,18.20139503479004,20.565631866455078,1.2893881797790527,3.6960957050323486,0.0761520192027092,3.023158550262451,0.1925525963306427,0.10463328659534454,0.2990127205848694,0.60230553150177,1.0883302688598633,20.824914932250977,22.95291519165039,,,,
LENO_015,LENO,2017,21.758066177368164,24.208051681518555,1.1906388998031616,3.290435552597046,0.03138744831085205,2.99930477142334,0.15188753604888916,0.0822514221072197,0.2636396288871765,0.5097112059593201,0.9528030753135681,24.190065383911133,10.752641677856445,,,,
LENO_010,LENO,2017,15.897503852844238,15.100569725036621,1.4006954431533813,2.11245059967041,0.19668547809123993,2.280336618423462,0.17765578627586365,0.10400290042161942,0.26464006304740906,0.45407620072364807,0.8467860221862793,17.844135284423828,45.459720611572266,,,,
LENO_012,LENO,2017,20.252992630004883,22.96376609802246,1.2473273277282715,3.2825429439544678,0.05398402735590935,3.3210763931274414,0.19343797862529755,0.10917054861783981,0.24933508038520813,0.4815017580986023,0.9304914474487305,23.20230484008789,24.519336700439453,,,,
LENO_009,LENO,2017,21.254093170166016,24.962093353271484,1.248748540878296,4.20444917678833,0.035734087228775024,4.233592510223389,0.21624869108200073,0.12167148292064667,0.2649124264717102,0.5571044087409973,1.0121783018112183,24.90105438232422,19.244094848632812,,,,
LENO_018,LENO,2017,17.00860595703125,18.553468704223633,1.2913976907730103,2.810023069381714,0.08524395525455475,2.7114574909210205,0.19655919075012207,0.12099325656890869,0.23123027384281158,0.4208601713180542,0.7978249192237854,19.134519577026367,37.60658264160156,,,,
LENO_006,LENO,2017,24.74514389038086,28.138816833496094,1.2741367816925049,5.002773284912109,0.059612296521663666,4.042382717132568,0.18841737508773804,0.10120248049497604,0.2608303725719452,0.5683968663215637,1.0402745008468628,28.058408737182617,14.139366149902344,,,,
LENO_013,LENO,2017,23.271434783935547,26.824453353881836,1.294413685798645,5.145226955413818,0.059315647929906845,4.4072699546813965,0.21320019662380219,0.11428876221179962,0.28682395815849304,0.5830278992652893,1.0577555894851685,26.86256217956543,17.295272827148438,,,,
LENO_007,LENO,2017,14.61319637298584,15.985655784606934,1.266191840171814,2.252959728240967,0.07991200685501099,2.048107147216797,0.17714734375476837,0.10412188619375229,0.26890695095062256,0.44926825165748596,0.8625746965408325,16.364532470703125,39.098392486572266,,,,
LENO_008,LENO,2017,22.945066452026367,25.91437339782715,1.26655113697052,4.738182544708252,0.05549342557787895,3.741694927215576,0.18114672601222992,0.09303323179483414,0.29609471559524536,0.578027606010437,1.091480016708374,25.87662696838379,14.11809253692627,,,,
LENO_022,LENO,2017,21.71036720275879,24.289566040039062,1.189275860786438,3.333157777786255,0.02593456581234932,3.131031036376953,0.159059077501297,0.08528959006071091,0.2736581265926361,0.4986852705478668,0.9014396071434021,24.246395111083984,13.232495307922363,,,,
LENO_001,LENO,2017,16.846403121948242,18.839935302734375,1.2844090461730957,3.250119924545288,0.0708661675453186,2.9352784156799316,0.20101456344127655,0.11359388381242752,0.2871779203414917,0.5045456886291504,0.9521737098693848,19.24010467529297,24.59891128540039,,,,
LENO_016,LENO,2017,18.923269271850586,19.787357330322266,1.2932970523834229,2.565007209777832,0.1156265139579773,2.6546969413757324,0.17301583290100098,0.10191280394792557,0.23597359657287598,0.4797697365283966,0.9245989918708801,21.152202606201172,28.425424575805664,,,,
LENO_021,LENO,2017,20.27506446838379,22.549875259399414,1.2300431728363037,2.999574899673462,0.0525023452937603,2.994983673095703,0.17452819645404816,0.10648006200790405,0.21070963144302368,0.4411434531211853,0.8367910981178284,22.68227767944336,23.067737579345703,,,,
LENO_017,LENO,2017,19.695274353027344,21.676380157470703,1.281266212463379,3.2852842807769775,0.08723825216293335,3.1791882514953613,0.18983876705169678,0.10521945357322693,0.27014946937561035,0.5471604466438293,0.9506260752677917,22.52872085571289,28.55329704284668,,,,
LENO_004,LENO,2017,15.300532341003418,18.093931198120117,1.306956171989441,3.5418641567230225,0.06640838086605072,3.2926974296569824,0.22842800617218018,0.12462572753429413,0.30163970589637756,0.5519986152648926,0.9391373991966248,18.239662170410156,39.03952407836914,,,,
LENO_019,LENO,2017,22.936845779418945,26.306434631347656,1.2616548538208008,4.6914143562316895,0.0524088591337204,4.017056465148926,0.19191347062587738,0.1064053326845169,0.28495723009109497,0.5898755788803101,1.0390701293945312,26.252172470092773,12.12509536743164,,,,
LENO_061,LENO,2018,16.946279525756836,20.861059188842773,1.4606150388717651,5.112194538116455,0.12460388988256454,4.6508331298828125,0.29572123289108276,0.1583845317363739,0.5314491391181946,1.2951644659042358,1.9300144910812378,21.598224639892578,39.10049819946289,0.9044849276542664,0.6579568982124329,0.8775724172592163,0.6020890474319458
LENO_065,LENO,2018,18.970775604248047,23.52065086364746,1.3455684185028076,5.066405773162842,0.0654602125287056,4.6145758628845215,0.27133744955062866,0.1454007923603058,0.4872412085533142,1.1078684329986572,1.733979344367981,23.50436782836914,30.90787124633789,0.9144810438156128,0.6722389459609985,0.8862717151641846,0.6175704002380371
LENO_062,LENO,2018,23.50237274169922,29.970003128051758,1.3786871433258057,7.017806053161621,0.05904890224337578,6.313738822937012,0.2994426190853119,0.157559335231781,0.4623423218727112,1.1772137880325317,1.7854140996932983,29.550813674926758,20.507125854492188,0.9112386703491212,0.688685953617096,0.8823888897895813,0.6302711963653564
LENO_068,LENO,2018,21.560073852539062,27.747262954711914,1.3592679500579834,6.664918899536133,0.046342235058546066,6.035897731781006,0.2929166555404663,0.15308739244937897,0.5288335084915161,1.4640973806381226,2.252225399017334,27.39301300048828,20.701181411743164,0.9145021438598632,0.7102620005607605,0.8861250877380371,0.6465172171592712
LENO_067,LENO,2018,20.615982055664062,25.280458450317383,1.393877625465393,6.299248218536377,0.09113739430904388,5.43586540222168,0.28296080231666565,0.14788229763507843,0.5229868292808533,1.4352924823760986,2.140624523162842,25.741613388061523,22.8934326171875,0.9024249911308287,0.6780089735984802,0.8642280697822571,0.6269395351409912
LENO_064,LENO,2018,21.92157554626465,28.223777770996094,1.4256794452667236,7.4712958335876465,0.08096197247505188,6.189078330993652,0.3066222369670868,0.16132919490337372,0.5284495949745178,1.4953457117080688,2.108687162399292,27.911685943603516,22.042776107788086,0.901740312576294,0.5393595099449158,0.8698652982711792,0.5182762742042542
LENO_063,LENO,2018,22.888504028320312,28.713157653808594,1.413791537284851,7.489545822143555,0.0892627164721489,6.276340484619141,0.2927609980106354,0.15315091609954834,0.5231627821922302,1.511611819267273,2.1851701736450195,28.87590980529785,21.058696746826172,0.9175305366516112,0.6631432175636292,0.8875637054443359,0.6138408184051514
LENO_066,LENO,2018,23.723981857299805,29.289775848388672,1.4328606128692627,7.190944671630859,0.10595833510160446,5.914257526397705,0.2883835434913635,0.15352916717529297,0.4664499759674072,1.2032908201217651,1.6890314817428589,29.277252197265625,23.431394577026367,0.9041441679000854,0.5960384607315063,0.8729166388511658,0.5610674619674683
LENO_069,LENO,2018,18.06341552734375,19.854507446289062,1.5449384450912476,5.25729513168335,0.24358755350112915,5.056069374084473,0.31145748496055603,0.16789394617080688,0.5309320092201233,1.4031000137329102,1.8467411994934082,23.20517349243164,41.069908142089844,0.8698958158493042,0.5484131574630737,0.8336544036865234,0.519537627696991
LENO_070,LENO,2018,21.27652359008789,25.043685913085938,1.456684947013855,6.155559539794922,0.14685295522212982,4.687244892120361,0.25733980536460876,0.13890394568443298,0.4532727897167206,1.0964432954788208,1.5722119808197021,25.849056243896484,26.89129066467285,0.9123579263687134,0.585416316986084,0.8847854733467102,0.5533591508865356
LENO_003,LENO,2018,16.62651252746582,21.569379806518555,1.4309850931167603,5.292661666870117,0.08691415190696716,4.855269908905029,0.3074713349342346,0.1632404327392578,0.48456066846847534,1.0783971548080444,1.6319290399551392,21.282442092895508,44.4430046081543,0.8989439606666565,0.6680495142936707,0.8598586320877075,0.6171312928199768
LENO_002,LENO,2018,19.299732208251953,23.52288055419922,1.4422367811203003,6.151795387268066,0.12071966379880905,4.620110988616943,0.26217326521873474,0.14034633338451385,0.49512937664985657,1.2735403776168823,1.8093057870864868,23.73931884765625,29.301563262939453,0.9089898467063904,0.5649135708808899,0.8777156472206116,0.5387797355651855
LENO_014,LENO,2018,16.634061813354492,21.451154708862305,1.3557026386260986,5.048642635345459,0.05856038257479668,4.2948737144470215,0.2644411623477936,0.14193610846996307,0.539187490940094,1.3438585996627808,2.0896260738372803,21.09943962097168,30.401702880859375,0.9045568704605104,0.5596036314964294,0.8702613115310669,0.5320823788642883
LENO_011,LENO,2018,15.216852188110352,20.815706253051758,1.4218324422836304,5.310163497924805,0.06501193344593048,4.890132904052734,0.33274024724960327,0.17765556275844574,0.5512819290161133,1.3038437366485596,2.0546610355377197,20.404951095581055,43.55897521972656,0.9194576740264891,0.664179265499115,0.8882026672363281,0.610553503036499
LENO_005,LENO,2018,16.594688415527344,21.293195724487305,1.4085389375686646,5.4676666259765625,0.08006107807159424,4.448827266693115,0.28812336921691895,0.15186753869056702,0.5671348571777344,1.522055745124817,2.233285903930664,21.137147903442383,29.221378326416016,0.8863525986671448,0.6390317678451538,0.8454676866531372,0.5943369269371033
LENO_015,LENO,2018,20.228416442871094,24.8441162109375,1.3136640787124634,5.394861221313477,0.04554278030991554,4.683748245239258,0.2456105500459671,0.12987662851810455,0.49581554532051086,1.262831449508667,1.9735922813415527,24.614763259887695,16.512453079223633,0.9191349148750304,0.6947203278541565,0.8875467777252197,0.6366589665412903
LENO_010,LENO,2018,13.328658103942871,15.578590393066406,1.5485097169876099,3.864884614944458,0.21696902811527252,3.5293400287628174,0.28517860174179077,0.15483203530311584,0.5762386918067932,1.355719804763794,1.859541893005371,16.98495864868164,52.869102478027344,0.9130298495292664,0.6366309523582458,0.8835050463676453,0.591313898563385
LENO_012,LENO,2018,18.55044174194336,23.802379608154297,1.4071412086486816,5.650618076324463,0.09108051657676697,4.996110916137695,0.28638535737991333,0.14909958839416504,0.5247990489006042,1.3625181913375854,2.159118175506592,23.81305503845215,30.685365676879883,0.9126365184783936,0.5823628306388855,0.8854628801345825,0.5505343675613403
LENO_009,LENO,2018,19.473894119262695,25.568626403808594,1.3913439512252808,6.422574043273926,0.06483836472034454,5.535604953765869,0.2909155488014221,0.15089179575443268,0.535614550113678,1.4851102828979492,2.3612453937530518,25.160188674926758,25.420209884643555,0.8988820910453796,0.6603764891624451,0.8609334826469421,0.6129987835884094
LENO_018,LENO,2018,14.96170425415039,19.30829620361328,1.4540802240371704,4.9508795738220215,0.10958262532949448,4.203691482543945,0.3088342845439911,0.1674390584230423,0.5578982830047607,1.2685679197311401,1.8260667324066162,19.27522087097168,45.15258026123047,0.91325706243515,0.6208246350288391,0.8831812739372253,0.5821449160575867
LENO_006,LENO,2018,23.300254821777344,28.826400756835938,1.3841633796691895,7.380367279052734,0.07545924186706543,5.7143144607543945,0.2626282274723053,0.13646851480007172,0.490542471408844,1.3837649822235107,2.0503592491149902,28.520490646362305,18.244518280029297,0.9235970377922058,0.6974388957023621,0.896424412727356,0.6339961290359497
LENO_013,LENO,2018,21.69359588623047,27.38984489440918,1.3866623640060425,7.0160393714904785,0.06725431233644485,5.817070007324219,0.2840908467769623,0.1486349254846573,0.5049083828926086,1.4090481996536255,2.112459897994995,27.170862197875977,21.24939727783203,0.8969472646713257,0.6523336172103882,0.8547834157943726,0.6074205636978149
LENO_007,LENO,2018,13.871391296386719,17.216339111328125,1.3849027156829834,3.804993152618408,0.08582761883735657,3.0945780277252197,0.26276329159736633,0.1464006006717682,0.5171722173690796,1.0224090814590454,1.5255638360977173,17.065391540527344,41.864585876464844,0.903336763381958,0.6046178936958313,0.8693427443504333,0.5651414394378662
LENO_008,LENO,2018,21.5141544342041,26.486783981323242,1.3677209615707397,6.649807453155518,0.06726108491420746,5.267554759979248,0.2597459554672241,0.13513366878032684,0.5030993819236755,1.3850440979003906,2.0727009773254395,26.237829208374023,18.62152862548828,0.9101595282554626,0.6466178894042969,0.8772196173667908,0.5980442762374878
LENO_022,LENO,2018,20.135271072387695,24.88690757751465,1.343134880065918,5.913118839263916,0.05693044513463974,4.841885566711426,0.2508111000061035,0.1302797645330429,0.5148015022277832,1.3932963609695435,2.1693148612976074,24.610107421875,19.710182189941406,0.9159725904464722,0.6512933373451233,0.8891651034355164,0.6028671264648438
LENO_001,LENO,2018,15.048828125,19.423904418945312,1.4679697751998901,5.281328201293945,0.10582161694765091,4.357351303100586,0.31492727994918823,0.16545286774635315,0.5829627513885498,1.5077426433563232,2.2751049995422363,19.524269104003906,35.33386993408203,0.8917233347892761,0.639843225479126,0.8542458415031433,0.5928616523742676
LENO_016,LENO,2018,17.126493453979492,20.889053344726562,1.42227303981781,4.593700408935547,0.11231076717376709,4.2009077072143555,0.27313750982284546,0.1483466774225235,0.5076978802680969,1.1865715980529785,1.800559639930725,21.34959602355957,32.82498550415039,0.9251925945281982,0.6774242520332336,0.8991718888282776,0.622687041759491
LENO_021,LENO,2018,19.095081329345703,23.902061462402344,1.3961125612258911,5.394472122192383,0.08786256611347198,4.529789924621582,0.2628604769706726,0.13999605178833008,0.49016329646110535,1.1979143619537354,1.7873985767364502,23.618545532226562,28.84739875793457,0.9228325486183168,0.6084518432617188,0.8959625363349915,0.5699661374092102
LENO_017,LENO,2018,17.341203689575195,22.239595413208008,1.4592596292495728,5.860292911529541,0.10996747016906738,5.081516265869141,0.3125182092189789,0.16601502895355225,0.5572105646133423,1.4506809711456299,2.0933334827423096,22.532197952270508,36.08041000366211,0.8857070803642273,0.5857915878295898,0.8430883288383484,0.5544754862785339
LENO_004,LENO,2018,14.544096946716309,19.324277877807617,1.4234360456466675,4.90239953994751,0.08334559947252274,4.232436180114746,0.3009088933467865,0.1585133969783783,0.550464391708374,1.3495863676071167,2.091686248779297,19.047683715820312,41.402984619140625,0.9294798374176024,0.6405515074729919,0.902123749256134,0.5948861837387085
LENO_019,LENO,2018,21.39143943786621,27.09723472595215,1.4087024927139282,7.228024959564209,0.08642145246267319,5.515234470367432,0.2708735466003418,0.1434195637702942,0.5255995988845825,1.4964232444763184,2.0943105220794678,26.7515926361084,19.01152801513672,0.9176580905914308,0.6444727778434753,0.8892454504966736,0.6002088189125061
LENO_061,LENO,2019,18.7365779876709,20.34305191040039,1.343522310256958,3.370901584625244,0.11732078343629837,3.6637566089630127,0.22462838888168335,0.13016709685325623,0.2727007269859314,0.5905645489692688,1.0442672967910767,21.817279815673828,34.12427520751953,,,,
LENO_065,LENO,2019,21.034744262695312,23.853235244750977,1.2166240215301514,3.299138307571411,0.036059703677892685,3.658172369003296,0.2021057903766632,0.12173580378293991,0.2337268888950348,0.5040106177330017,0.9623164534568787,24.012100219726562,22.71976089477539,,,,
LENO_062,LENO,2019,25.200952529907227,29.97955894470215,1.2744773626327515,5.1539130210876465,0.034725435078144073,5.687500953674316,0.2664846181869507,0.16335166990756989,0.2351582944393158,0.6022569537162781,1.114212989807129,29.74503517150879,14.664161682128906,,,,
LENO_068,LENO,2019,23.728322982788086,27.959461212158203,1.251621961593628,4.931004047393799,0.028534142300486565,5.012113571166992,0.2282043844461441,0.12410443276166916,0.3023641109466553,0.6330758333206177,1.1301738023757935,27.95521354675293,14.3169527053833,,,,
LENO_067,LENO,2019,22.939716339111328,26.258159637451172,1.304492473602295,4.9520583152771,0.06796468794345856,4.508133888244629,0.22050341963768005,0.12168277055025101,0.2964550256729126,0.6083864569664001,1.0536013841629028,26.697240829467773,15.598183631896973,,,,
LENO_064,LENO,2019,24.092483520507812,28.802915573120117,1.318953037261963,6.028314590454102,0.055027879774570465,5.3379435539245605,0.24635455012321472,0.13189885020256042,0.33152878284454346,0.7487297058105469,1.266645908355713,28.6770076751709,15.077008247375488,,,,
LENO_063,LENO,2019,24.946456909179688,29.397302627563477,1.3207035064697266,6.168826103210449,0.06029033288359642,5.623409271240234,0.24468941986560822,0.13153547048568726,0.3273407220840454,0.7385736703872681,1.233655571937561,29.652189254760742,14.543314933776855,,,,
LENO_066,LENO,2019,25.52516746520996,29.77454948425293,1.3120893239974976,5.3483452796936035,0.0678238496184349,5.048852920532227,0.23878850042819977,0.13618361949920654,0.26441892981529236,0.6167032122612,1.0509594678878784,29.89752197265625,17.28400993347168,,,,
LENO_069,LENO,2019,19.55129051208496,20.40508460998535,1.4764211177825928,4.458535194396973,0.19625206291675568,4.464573383331299,0.25663885474205017,0.14036832749843597,0.33465373516082764,0.7306809425354004,1.1806700229644775,23.525606155395508,33.886775970458984,,,,
LENO_070,LENO,2019,22.039438247680664,24.175006866455078,1.405580997467041,4.589875221252441,0.14412932097911835,4.081238269805908,0.2235356867313385,0.12903764843940735,0.25614526867866516,0.556220531463623,0.9291989803314209,25.574357986450195,25.16379737854004,,,,
LENO_003,LENO,2019,18.604110717773438,22.113773345947266,1.2622250318527222,3.899233818054199,0.03269335255026817,4.091867446899414,0.2387959361076355,0.13354571163654327,0.27234628796577454,0.5529913902282715,1.0597409009933472,22.103134155273438,36.005863189697266,,,,
LENO_002,LENO,2019,21.183998107910156,24.25596046447754,1.3267772197723389,4.725773811340332,0.08517169207334518,3.9399468898773193,0.21235895156860352,0.11628887802362442,0.29410693049430847,0.687555730342865,1.201810359954834,24.54443359375,21.65087127685547,,,,
LENO_014,LENO,2019,18.3189697265625,21.753368377685547,1.234918236732483,3.763404607772827,0.02644943818449974,3.679048776626587,0.2066158950328827,0.1118885949254036,0.32067668437957764,0.6150299310684204,1.0569316148757935,21.606548309326172,21.541175842285156,,,,
LENO_011,LENO,2019,17.210195541381836,21.196796417236328,1.2833011150360107,4.174559116363525,0.030414732173085213,4.252449989318848,0.258164644241333,0.14126963913440704,0.32201242446899414,0.6130706071853638,1.0879285335540771,21.056297302246094,33.567230224609375,,,,
LENO_005,LENO,2019,18.0037841796875,21.153038024902344,1.2952429056167603,4.177696704864502,0.05555121600627899,3.757324457168579,0.2294168621301651,0.12408147007226944,0.35233592987060547,0.6775922179222107,1.1559772491455078,21.29563331604004,22.88175392150879,,,,
LENO_015,LENO,2019,21.909156799316406,25.03388023376465,1.2166576385498047,3.8568689823150635,0.02654610015451908,3.7755422592163086,0.18939808011054993,0.102004274725914,0.29040178656578064,0.5851373076438904,1.0820046663284302,24.99165153503418,11.109986305236816,,,,
LENO_010,LENO,2019,16.418888092041016,16.885913848876953,1.425718069076538,3.1299240589141846,0.1782042384147644,3.266488552093506,0.21585464477539062,0.1182916983962059,0.33120766282081604,0.5739712119102478,1.0087449550628662,19.212121963500977,40.40033721923828,,,,
LENO_012,LENO,2019,20.711711883544922,24.11387062072754,1.2554872035980225,3.7865724563598633,0.04532895237207413,3.9913976192474365,0.21652577817440033,0.12405173480510712,0.2607269585132599,0.5116997957229614,0.9166086316108704,24.26508331298828,22.139015197753906,,,,
LENO_009,LENO,2019,21.540424346923828,25.931007385253906,1.2680972814559937,4.892755508422852,0.0329572819173336,4.8860182762146,0.23717275261878967,0.128917396068573,0.3085033893585205,0.6617869138717651,1.1110997200012207,25.89048194885254,17.421850204467773,,,,
LENO_018,LENO,2019,17.128957748413086,19.470661163330078,1.3632550239562988,3.662871837615967,0.10225582122802734,3.6485698223114014,0.2411741316318512,0.140361487865448,0.28695452213287354,0.6036458611488342,1.1035666465759277,20.236804962158203,37.494510650634766,,,,
LENO_006,LENO,2019,25.48008918762207,29.04257583618164,1.236762285232544,4.462860584259033,0.04124962538480759,4.13644552230835,0.18941502273082733,0.10795842111110687,0.24100010097026825,0.5530858039855957,0.988471269607544,28.94356918334961,11.129448890686035,,,,
LENO_013,LENO,2019,23.592700958251953,27.856679916381836,1.2740627527236938,5.436914920806885,0.0350896418094635,5.049991130828857,0.233057901263237,0.12410715222358704,0.31801989674568176,0.6568475961685181,1.119494915008545,27.774961471557617,14.260605812072754,,,,
LENO_007,LENO,2019,15.08466911315918,17.03500747680664,1.2750786542892456,2.684511423110962,0.07011361420154572,2.4511220455169678,0.19379986822605133,0.11668051034212112,0.2618963122367859,0.45923516154289246,0.8582723736763,17.156286239624023,35.83716583251953,,,,
LENO_008,LENO,2019,23.156808853149414,26.803049087524414,1.254386305809021,4.735766887664795,0.03715645894408226,4.3201446533203125,0.20852510631084442,0.1118750348687172,0.29581698775291443,0.6093460321426392,1.090376615524292,26.707717895507812,12.964067459106445,,,,
LENO_022,LENO,2019,22.269527435302734,25.18490982055664,1.2103606462478638,3.8361058235168457,0.028446104377508163,3.5944583415985107,0.17791537940502167,0.09602060168981552,0.2750549018383026,0.525544285774231,0.9625588059425354,25.141687393188477,11.904284477233887,,,,
LENO_001,LENO,2019,17.221534729003906,19.65192985534668,1.317036509513855,3.803668260574341,0.07722815871238708,3.3602986335754395,0.22449991106987,0.1260886788368225,0.28566548228263855,0.5247827172279358,0.9583219289779663,19.98475456237793,25.078916549682617,,,,
LENO_016,LENO,2019,19.79039192199707,21.99820899963379,1.2506781816482544,3.136435031890869,0.06202472373843193,3.481299877166748,0.2081013023853302,0.1256115585565567,0.24750575423240662,0.5062636137008667,0.9389838576316833,22.701740264892578,21.810733795166016,,,,
LENO_021,LENO,2019,21.52211570739746,25.047786712646484,1.2745624780654907,4.2704949378967285,0.0494513176381588,4.226373195648193,0.22453047335147858,0.1287120282649994,0.27828165888786316,0.6609622836112976,1.1390031576156616,25.14954948425293,21.285320281982422,,,,
LENO_017,LENO,2019,19.388120651245117,22.3750057220459,1.4349817037582397,5.02834415435791,0.13550974428653717,4.843912124633789,0.2704181969165802,0.1467239111661911,0.3642837405204773,0.7546362280845642,1.2006033658981323,23.80343246459961,31.48700523376465,,,,
LENO_004,LENO,2019,16.53005599975586,19.83195686340332,1.2817268371582031,3.7084004878997803,0.04625179246068001,3.5719377994537354,0.2281678169965744,0.12359766662120819,0.30866774916648865,0.6184352040290833,1.0594366788864136,19.80290412902832,31.02674102783203,,,,
LENO_019,LENO,2019,23.226484298706055,27.520139694213867,1.2877941131591797,5.541189670562744,0.04728011041879654,4.833871841430664,0.22414422035217285,0.12029987573623657,0.3402720093727112,0.7306731939315796,1.22040855884552,27.36397361755371,11.808061599731445,,,,
LENO_061,LENO,2021,15.704294204711914,21.128189086914062,1.6140583753585815,6.503252029418945,0.17869973182678223,5.399482727050781,0.3565521240234375,0.1902761161327362,0.6080417037010193,1.6390568017959595,1.9397330284118652,21.43377113342285,47.00877380371094,,,,
LENO_065,LENO,2021,17.933563232421875,23.151458740234375,1.5216233730316162,6.654162883758545,0.1658496856689453,5.791162490844727,0.35451608896255493,0.18855808675289154,0.5864178538322449,1.5721901655197144,1.9586724042892456,24.06156349182129,42.32675552368164,,,,
LENO_062,LENO,2021,21.09686851501465,28.112937927246094,1.5387095212936401,7.874875068664551,0.12951354682445526,6.44271993637085,0.35243290662765503,0.18667972087860107,0.5247617363929749,1.418176531791687,1.7959288358688354,27.647031784057617,32.26020050048828,,,,
LENO_068,LENO,2021,20.909381866455078,28.07050323486328,1.4843056201934814,8.030952453613281,0.09652737528085709,6.744965553283691,0.3439776301383972,0.18144123256206512,0.573233425617218,1.6738609075546265,2.173133611679077,27.74418067932129,27.344505310058594,,,,
LENO_067,LENO,2021,19.466392517089844,25.064905166625977,1.546392798423767,7.709094047546387,0.1556861847639084,6.169956207275391,0.3443298935890198,0.18183721601963043,0.5731508135795593,1.6712040901184082,2.030059814453125,25.641559600830078,32.42033004760742,,,,
LENO_064,LENO,2021,21.78067398071289,28.942827224731445,1.5082002878189087,8.49789810180664,0.11024190485477448,6.802283763885498,0.35067126154899597,0.18570150434970856,0.5557354688644409,1.628923773765564,1.9828195571899414,28.53413963317871,26.509336471557617,,,,
LENO_063,LENO,2021,22.215755462646484,29.362478256225586,1.4996618032455444,8.707799911499023,0.11431073397397995,7.047587871551514,0.33965107798576355,0.17890946567058563,0.5645775198936462,1.707768440246582,2.167536497116089,29.32733917236328,25.6551570892334,,,,
LENO_066,LENO,2021,21.47949981689453,27.946374893188477,1.5571762323379517,7.871403694152832,0.1474311649799347,6.314715385437012,0.344206303358078,0.18332558870315552,0.5256397128105164,1.4195619821548462,1.7503972053527832,27.731243133544922,33.80067443847656,,,,
LENO_069,LENO,2021,14.822619438171387,19.15380859375,1.6535171270370483,5.820569038391113,0.24409614503383636,5.4952569007873535,0.3971046209335327,0.21128830313682556,0.616275429725647,1.6471867561340332,1.9775081872940063,20.98040008544922,51.742881774902344,,,,
LENO_070,LENO,2021,18.705801010131836,24.112838745117188,1.581394076347351,7.001017093658447,0.17375938594341278,5.638519763946533,0.356917142868042,0.18971136212348938,0.5422953367233276,1.437717318534851,1.7753286361694336,24.657533645629883,37.86377716064453,,,,
LENO_003,LENO,2021,14.592107772827148,20.262615203857422,1.5969464778900146,5.926517486572266,0.15935659408569336,5.041985511779785,0.3700915277004242,0.19864244759082794,0.5694502592086792,1.2972491979599,1.6484278440475464,19.861967086791992,54.23667907714844,,,,
LENO_002,LENO,2021,17.192869186401367,21.64188003540039,1.6139476299285889,6.728950023651123,0.20461001992225647,4.750738143920898,0.31182801723480225,0.16891542077064514,0.533657968044281,1.3603063821792603,1.6218466758728027,22.012826919555664,42.24897003173828,,,,
LENO_014,LENO,2021,15.504256248474121,21.337398529052734,1.5038225650787354,6.1913743019104,0.11887132376432419,4.839550018310547,0.3231794536113739,0.17414017021656036,0.6102157235145569,1.6400096416473389,2.1179425716400146,20.892541885375977,39.969635009765625,,,,
LENO_011,LENO,2021,15.172078132629395,20.866235733032227,1.4491422176361084,5.45739221572876,0.0814877524971962,4.857262134552002,0.33930379152297974,0.18454451858997345,0.571110725402832,1.3505574464797974,1.9222592115402222,20.441741943359375,42.30075454711914,,,,
LENO_005,LENO,2021,16.295042037963867,21.661441802978516,1.4411543607711792,5.894054412841797,0.08367234468460083,4.925552845001221,0.32247185707092285,0.17245855927467346,0.5894618034362793,1.573102355003357,2.156240701675415,21.465181350708008,31.499164581298828,,,,
LENO_015,LENO,2021,18.338577270507812,24.580739974975586,1.4923166036605835,7.099181175231934,0.10633090883493423,5.714447975158691,0.33573058247566223,0.17785979807376862,0.5823343396186829,1.6364209651947021,2.144174814224243,24.225370407104492,30.41343879699707,,,,
LENO_010,LENO,2021,13.375590324401855,16.74315643310547,1.6047214269638062,4.697772979736328,0.20924530923366547,4.042320251464844,0.31766876578330994,0.1749829202890396,0.6145684123039246,1.5310615301132202,1.87013840675354,17.67733383178711,52.562686920166016,,,,
LENO_012,LENO,2021,16.478940963745117,21.385093688964844,1.51291024684906,5.452493667602539,0.14154408872127533,4.5161333084106445,0.3078658878803253,0.1686541885137558,0.5161484479904175,1.179711937904358,1.6107805967330933,21.263883590698242,41.04570007324219,,,,
LENO_009,LENO,2021,18.503501892089844,24.980924606323242,1.4624356031417847,6.970366954803467,0.09455268085002899,5.775040149688721,0.3212848901748657,0.17103958129882812,0.5553894639015198,1.5283104181289673,2.10109543800354,24.556991577148438,31.25620460510254,,,,
LENO_018,LENO,2021,14.351675987243652,19.17081642150879,1.5547441244125366,5.449731349945068,0.1605612188577652,4.419666767120361,0.3311813473701477,0.1807430386543274,0.5980130434036255,1.4225962162017822,1.783968448638916,19.097667694091797,50.2071418762207,,,,
LENO_006,LENO,2021,22.87818145751953,29.39976692199707,1.460800051689148,8.485161781311035,0.10199461877346039,6.411233901977539,0.3012198805809021,0.15808045864105225,0.5283879637718201,1.558261513710022,2.083106279373169,29.02869987487793,22.60783576965332,,,,
LENO_013,LENO,2021,19.70993423461914,26.20292854309082,1.533241629600525,8.013849258422852,0.1305949091911316,6.256551265716553,0.34090542793273926,0.18165381252765656,0.5445737838745117,1.540732502937317,1.9252750873565674,26.005260467529297,33.51239013671875,,,,
LENO_007,LENO,2021,13.4815092086792,17.603078842163086,1.5075953006744385,4.670118808746338,0.14118178188800812,3.5260989665985107,0.30270397663116455,0.1664847433567047,0.6109415292739868,1.397623062133789,1.8088538646697998,17.391708374023438,46.09514236450195,,,,
LENO_008,LENO,2021,20.963144302368164,27.185327529907227,1.4736130237579346,7.953639984130859,0.10268518328666687,6.151640892028809,0.31724679470062256,0.16739925742149353,0.5410444140434265,1.5644925832748413,2.077716588973999,26.855928421020508,25.531328201293945,,,,
LENO_022,LENO,2021,19.162612915039062,24.744203567504883,1.4717336893081665,7.185039043426514,0.11145386099815369,5.317294120788574,0.29577890038490295,0.15555191040039062,0.5655199885368347,1.6097993850708008,2.0937557220458984,24.406864166259766,27.805400848388672,,,,
LENO_001,LENO,2021,15.48501968383789,20.061813354492188,1.4977823495864868,5.693147659301758,0.12310857325792313,4.5845184326171875,0.31678593158721924,0.1680201143026352,0.5996599197387695,1.5967037677764893,2.210458755493164,20.203556060791016,34.55006790161133,,,,
LENO_016,LENO,2021,17.39708709716797,22.201475143432617,1.4854735136032104,5.810604095458984,0.12700669467449188,4.874643802642822,0.31157615780830383,0.16888754069805145,0.5471702814102173,1.3829494714736938,1.8819330930709839,22.438440322875977,34.47031021118164,,,,
LENO_021,LENO,2021,18.68655776977539,24.58363914489746,1.5253829956054688,6.838992595672607,0.1371508687734604,5.339669227600098,0.31946659088134766,0.17160017788410187,0.5552994012832642,1.4698426723480225,1.8626110553741455,24.220272064208984,35.54407501220703,,,,
LENO_017,LENO,2021,15.985980033874512,21.310829162597656,1.6332497596740723,6.623231887817383,0.19904442131519318,5.6214752197265625,0.3723372519016266,0.19958260655403137,0.6077977418899536,1.6602606773376465,1.9051129817962646,22.012033462524414,46.50654602050781,,,,
LENO_004,LENO,2021,14.687840461730957,19.818893432617188,1.4636887311935425,5.365476131439209,0.1030658483505249,4.537759780883789,0.31783854961395264,0.16904650628566742,0.5858439207077026,1.4768229722976685,2.107229232788086,19.581296920776367,41.17440414428711,,,,
LENO_019,LENO,2021,20.4003849029541,27.179576873779297,1.5694507360458374,8.782608032226562,0.1507144272327423,6.413949966430664,0.3428429067134857,0.18384188413619995,0.546860933303833,1.5928617715835571,1.8097600936889648,26.83102798461914,29.6074161529541,,,,
LENO_061,LENO,2023,16.774648666381836,21.689008712768555,1.4599181413650513,5.468955039978027,0.11381081491708755,4.926550388336182,0.3005397617816925,0.15767477452754974,0.5356356501579285,1.3952959775924683,2.1555674076080322,21.969036102294922,38.140140533447266,0.8836825489997864,0.5225706100463867,0.8642083406448364,0.4928653240203857
LENO_065,LENO,2023,19.88758087158203,24.882261276245117,1.336255431175232,5.626788139343262,0.0673048123717308,5.181123733520508,0.2718542516231537,0.1414690762758255,0.5051690936088562,1.3312172889709473,2.2164762020111084,25.142715454101562,27.403385162353516,0.9127520322799684,0.6686331033706665,0.8894065022468567,0.6122140884399414
LENO_062,LENO,2023,22.017681121826172,28.912498474121094,1.3905917406082153,6.584940433502197,0.060442548245191574,6.141316890716553,0.3108173608779907,0.16483817994594574,0.4861680269241333,1.239277720451355,1.8801931142807007,28.498220443725586,22.498191833496094,0.8958616256713867,0.6000910401344299,0.8666436076164246,0.5612140893936157
LENO_068,LENO,2023,22.212337493896484,28.522415161132812,1.3564695119857788,6.516420841217041,0.0496169812977314,5.980535507202148,0.2865757644176483,0.14895756542682648,0.510856032371521,1.4225016832351685,2.298259735107422,28.269020080566406,19.056554794311523,0.9039745330810548,0.6450330018997192,0.8764917850494385,0.5973095297813416
LENO_067,LENO,2023,20.576393127441406,25.53572654724121,1.409374713897705,6.4438676834106445,0.10472146421670914,5.657674789428711,0.29261866211891174,0.15353257954120636,0.5344339609146118,1.4945123195648193,2.281139373779297,26.290943145751953,24.11629867553711,0.9023930430412292,0.614500105381012,0.8746400475502014,0.574220597743988
LENO_064,LENO,2023,23.119335174560547,29.897289276123047,1.3749173879623413,7.202680587768555,0.05846450850367546,6.374143600463867,0.29675477743148804,0.1549825817346573,0.5105807185173035,1.457466959953308,2.2561564445495605,29.620115280151367,16.608352661132812,0.9079561233520508,0.5489524006843567,0.884978711605072,0.5219602584838867
LENO_063,LENO,2023,23.792184829711914,30.37201499938965,1.3691749572753906,7.397714614868164,0.06417986005544662,6.460141181945801,0.2859407067298889,0.14904625713825226,0.5127443075180054,1.4877873659133911,2.3560056686401367,30.36566162109375,16.109710693359375,0.9173901677131652,0.6701722145080566,0.8944728374481201,0.6137865781784058
LENO_066,LENO,2023,20.76650047302246,27.918977737426758,1.480654001235962,6.943673610687256,0.09919081628322601,6.252540588378906,0.3453822731971741,0.18348540365695953,0.5107717514038086,1.3148554563522339,1.8022429943084717,27.488290786743164,32.07291793823242,0.8940454125404358,0.5677831768989563,0.8652544021606445,0.5356059670448303
LENO_069,LENO,2023,14.411334037780762,19.11685562133789,1.6949700117111206,6.035120010375977,0.2464980185031891,5.1067986488342285,0.38436421751976013,0.20461547374725342,0.5527446269989014,1.367984652519226,1.5921088457107544,20.20073127746582,55.40970230102539,0.742815375328064,0.3721161484718323,0.683594286441803,0.3666762113571167
LENO_070,LENO,2023,18.286376953125,23.382474899291992,1.5983357429504395,6.335342884063721,0.20143938064575195,5.167139530181885,0.328232079744339,0.17753762006759644,0.49000611901283264,1.2075941562652588,1.525122046470642,24.041048049926758,39.82914733886719,0.9170624017715454,0.5507440567016602,0.8996865749359131,0.5196573138237
LENO_003,LENO,2023,14.216849327087402,19.570175170898438,1.4198400974273682,5.038998603820801,0.07108122855424881,4.544859409332275,0.3119276463985443,0.16179722547531128,0.510530948638916,1.177197813987732,1.9344984292984009,19.132495880126953,51.30751419067383,0.8959903120994568,0.6077221035957336,0.8647052049636841,0.5676015019416809
LENO_002,LENO,2023,17.590856552124023,22.1905460357666,1.5181750059127808,6.233129501342773,0.1585730016231537,4.872073173522949,0.29840901494026184,0.15673786401748657,0.5251772999763489,1.3858861923217773,1.9615219831466675,22.736047744750977,36.469024658203125,0.8961427211761475,0.507027804851532,0.867803692817688,0.4903095662593841
LENO_014,LENO,2023,16.33264923095703,21.692359924316406,1.4414029121398926,5.782619953155518,0.10013564676046371,4.54296875,0.2826918959617615,0.1502377688884735,0.5233028531074524,1.3560945987701416,2.015244245529175,21.359115600585938,32.380760192871094,0.9125104546546936,0.5720489621162415,0.8961377143859863,0.5369191765785217
LENO_011,LENO,2023,16.253469467163086,21.655935287475586,1.3633599281311035,4.924227714538574,0.0525374598801136,4.5408616065979,0.29424595832824707,0.15899059176445007,0.5012693405151367,1.1434143781661987,1.761315107345581,21.271461486816406,34.24271774291992,0.9170039892196656,0.548542320728302,0.9023537039756776,0.5173643827438354
LENO_005,LENO,2023,16.74308204650879,21.691761016845703,1.408042311668396,5.413827419281006,0.08176056295633316,4.452280044555664,0.2840631306171417,0.1512865573167801,0.5202709436416626,1.3422731161117554,2.0327553749084473,21.475261688232422,29.063081741333008,0.9072720408439636,0.6797984838485718,0.883222758769989,0.6209820508956909
LENO_015,LENO,2023,19.104183197021484,24.809358596801758,1.4320510625839233,6.393666744232178,0.08668762445449829,5.393946647644043,0.301332950592041,0.15763640403747559,0.5287246704101562,1.447168231010437,2.206174850463867,24.6346492767334,26.61653709411621,0.922413170337677,0.6903136968612671,0.9036535620689392,0.6286232471466064
LENO_010,LENO,2023,14.419840812683105,17.450260162353516,1.5164822340011597,4.16943359375,0.1815185695886612,3.792419910430908,0.2767066955566406,0.1498783677816391,0.5444628596305847,1.3001466989517212,1.9197994470596313,18.490854263305664,44.27130126953125,0.8938456773757935,0.5636965036392212,0.8661691546440125,0.5329242944717407
LENO_012,LENO,2023,17.29512596130371,21.979585647583008,1.4503364562988281,5.035808563232422,0.11850421875715256,4.4506635665893555,0.27802425622940063,0.14980526268482208,0.47874921560287476,1.1062742471694946,1.5978071689605713,22.13087272644043,36.32471466064453,0.8965610265731812,0.582389235496521,0.8685398697853088,0.5479567050933838
LENO_009,LENO,2023,19.399568557739258,25.609689712524414,1.3995189666748047,6.576841831207275,0.06999678909778595,5.638075351715088,0.2933053970336914,0.15322406589984894,0.5083177089691162,1.3985315561294556,2.1372246742248535,25.2905216217041,26.479053497314453,0.9034838080406188,0.6720032095909119,0.8767428994178772,0.6155394911766052
LENO_018,LENO,2023,14.621726989746094,19.544286727905273,1.5425864458084106,5.12531042098999,0.15496110916137695,4.223404884338379,0.3129538297653198,0.1672285795211792,0.5566777586936951,1.3079781532287598,1.8047287464141846,19.3439998626709,47.06096649169922,0.9067339301109314,0.5563479065895081,0.883009135723114,0.5286170840263367
LENO_006,LENO,2023,22.797563552856445,30.040271759033203,1.4252748489379883,8.196052551269531,0.07404924184083939,6.689754009246826,0.3105641305446625,0.1611098200082779,0.5182333588600159,1.5306787490844727,2.3281328678131104,29.623788833618164,20.128679275512695,0.8991440534591675,0.6297266483306885,0.8710317015647888,0.5823355317115784
LENO_013,LENO,2023,19.82887077331543,26.860437393188477,1.443076491355896,7.2940168380737305,0.0774063989520073,6.2820940017700195,0.3294142484664917,0.17256316542625427,0.5432536005973816,1.5617914199829102,2.3708930015563965,26.554981231689453,27.416641235351562,0.8898736834526062,0.6043124794960022,0.8566808104515076,0.566693902015686
LENO_007,LENO,2023,13.970621109008789,17.925670623779297,1.4529930353164673,4.302586555480957,0.11523839086294174,3.456348419189453,0.28582292795181274,0.15658386051654816,0.5470908284187317,1.1941453218460083,1.671606183052063,17.782155990600586,41.30103302001953,0.8802497386932373,0.5232589840888977,0.8417271375656128,0.5015371441841125
LENO_008,LENO,2023,21.241668701171875,27.801891326904297,1.4195529222488403,7.505089282989502,0.07186034321784973,6.2125244140625,0.3085397183895111,0.16021385788917542,0.5253553986549377,1.5193288326263428,2.3074111938476562,27.46951675415039,21.29629135131836,0.9096757769584656,0.6206239461898804,0.8902443051338196,0.5716867446899414
LENO_022,LENO,2023,20.38924789428711,25.58650779724121,1.3658654689788818,6.359060287475586,0.06450650095939636,5.0679545402526855,0.2607995271682739,0.13560260832309723,0.5130329132080078,1.4249842166900635,2.218079090118408,25.30388832092285,19.910558700561523,0.8841272592544556,0.5865013599395752,0.8565260171890259,0.5446575880050659
LENO_001,LENO,2023,15.311578750610352,20.008420944213867,1.4678306579589844,5.448175430297852,0.10612377524375916,4.551544666290283,0.31343117356300354,0.16653978824615479,0.5713354349136353,1.4629991054534912,2.205961227416992,20.086362838745117,33.86173629760742,0.92313414812088,0.6853703856468201,0.9046554565429688,0.6269687414169312
LENO_016,LENO,2023,16.681962966918945,21.376522064208984,1.54983389377594,5.499112129211426,0.1725311279296875,4.708877086639404,0.30730074644088745,0.16196313500404358,0.5147260427474976,1.301706314086914,1.9105756282806396,21.919841766357422,38.80464172363281,0.8811145424842834,0.5460640788078308,0.8536376953125,0.5157010555267334
LENO_021,LENO,2023,20.165056228637695,25.6720027923584,1.3688758611679077,5.642867565155029,0.06955832242965698,4.934417724609375,0.2678278386592865,0.14144238829612732,0.48244214057922363,1.2305641174316406,1.872031331062317,25.301067352294922,25.531261444091797,0.92012220621109,0.5748341083526611,0.8989534974098206,0.5438804030418396
LENO_017,LENO,2023,16.825302124023438,21.407297134399414,1.525446891784668,5.798289775848389,0.16145743429660797,5.288374900817871,0.32787683606147766,0.1735178530216217,0.5478041172027588,1.4346811771392822,2.0360326766967773,22.421436309814453,41.43711471557617,0.8796888589859009,0.5462512969970703,0.8519992828369141,0.5130833387374878
LENO_004,LENO,2023,15.931726455688477,20.548398971557617,1.351705551147461,4.719201564788818,0.059205345809459686,4.193340301513672,0.26610711216926575,0.14007651805877686,0.5058635473251343,1.2483458518981934,2.0216453075408936,20.36866569519043,32.35096740722656,0.922562301158905,0.6304324865341187,0.9123857021331788,0.5788341164588928
LENO_019,LENO,2023,21.224767684936523,28.205198287963867,1.4245628118515015,7.447342395782471,0.07711637020111084,6.066525459289551,0.3038701117038727,0.15881288051605225,0.532264769077301,1.541431188583374,2.311387777328491,27.658885955810547,19.86842918395996,0.9002757668495178,0.5942491888999939,0.8709478378295898,0.5584831237792969
LENO_061,LENO,2024,16.47589874267578,21.599924087524414,1.4373036623001099,5.199558734893799,0.09464000165462494,4.552202224731445,0.29954656958580017,0.1598701775074005,0.5676755309104919,1.4180387258529663,2.0521724224090576,21.266910552978516,39.13874816894531,0.8987905383110046,0.6582473516464233,0.858156681060791,0.611096978187561
LENO_065,LENO,2024,19.8554744720459,24.22832489013672,1.339661955833435,5.05753231048584,0.08416977524757385,4.7375359535217285,0.2655268609523773,0.14076846837997437,0.5136498808860779,1.2748552560806274,2.0219430923461914,24.688467025756836,29.15520477294922,0.9130435585975648,0.4442572593688965,0.8784583210945129,0.4454566240310669
LENO_062,LENO,2024,22.81434440612793,29.2423095703125,1.3617653846740723,6.3094072341918945,0.05338789150118828,5.859777450561523,0.29287394881248474,0.15476587414741516,0.5049698948860168,1.2995980978012085,1.9733178615570068,28.78522491455078,20.580751419067383,0.9138792753219604,0.3601824939250946,0.8620649576187134,0.3767754137516022
LENO_068,LENO,2024,22.683950424194336,28.880205154418945,1.3466073274612427,6.513559818267822,0.04632851108908653,5.956792831420898,0.2824242115020752,0.148702934384346,0.5364528894424438,1.498439908027649,2.2816386222839355,28.567214965820312,18.160032272338867,0.9241811633110046,0.3742865920066833,0.8790728449821472,0.3898478746414184
LENO_067,LENO,2024,20.539371490478516,25.70415496826172,1.415122389793396,6.435850143432617,0.0968032032251358,5.559360504150391,0.29205799102783203,0.15347112715244293,0.5619298815727234,1.5934468507766724,2.3537817001342773,26.126535415649414,23.87593650817871,0.921852171421051,0.3823192715644836,0.8843181133270264,0.3949542641639709
LENO_064,LENO,2024,23.669387817382812,30.190683364868164,1.3643405437469482,7.0684967041015625,0.056435417383909225,6.256270408630371,0.28986307978630066,0.15387074649333954,0.5268159508705139,1.4946345090866089,2.1820383071899414,29.877988815307617,16.039592742919922,0.915026843547821,0.3021085858345032,0.8577041625976562,0.323468804359436
LENO_063,LENO,2024,24.496196746826172,31.007564544677734,1.3570224046707153,7.31195068359375,0.05487571284174919,6.327990531921387,0.27420687675476074,0.14397785067558289,0.5339398980140686,1.5648528337478638,2.3709239959716797,30.768362045288086,14.014923095703125,0.9285342693328856,0.3458904325962066,0.8754274249076843,0.3653006553649902
LENO_066,LENO,2024,21.2159366607666,27.22553253173828,1.4456095695495605,6.373924732208252,0.09192641824483871,5.754310607910156,0.3260120749473572,0.17716336250305176,0.4991326630115509,1.195213794708252,1.6778442859649658,26.97158432006836,31.613550186157227,0.9151015877723694,0.3285920023918152,0.857496440410614,0.3484581410884857
LENO_069,LENO,2024,13.513097763061523,17.31255340576172,1.7521154880523682,5.589105606079102,0.28547513484954834,4.953514575958252,0.4092446565628052,0.2243288904428482,0.5659752488136292,1.2986114025115967,1.436352014541626,18.891721725463867,61.27155685424805,0.7561578154563904,0.3193186223506927,0.6793537139892578,0.3299955129623413
LENO_070,LENO,2024,17.800336837768555,22.16904067993164,1.5682579278945923,5.661057472229004,0.1757376790046692,4.648776531219482,0.3143443167209625,0.17549248039722443,0.467047780752182,1.0619521141052246,1.4320298433303833,22.58844566345215,40.16189956665039,0.9206897616386414,0.4112840890884399,0.8722910284996033,0.4229486286640167
LENO_003,LENO,2024,14.259644508361816,18.862300872802734,1.3976553678512573,4.416215896606445,0.0738304927945137,4.09874963760376,0.2975732386112213,0.16073496639728546,0.5083742737770081,1.0321515798568726,1.602311372756958,18.533937454223633,51.301231384277344,0.8797622919082642,0.6670897006988525,0.8368753790855408,0.6147229671478271
LENO_002,LENO,2024,17.81614875793457,22.176809310913086,1.472793459892273,5.775490760803223,0.13152499496936798,4.490307331085205,0.2807881832122803,0.15026675164699554,0.5318509340286255,1.3384252786636353,1.875892162322998,22.394948959350586,33.30320739746094,0.8998579978942871,0.5472948551177979,0.8674651980400085,0.5253671407699585
LENO_014,LENO,2024,16.15995979309082,21.58348274230957,1.4505276679992676,5.664480209350586,0.10130348801612854,4.521204948425293,0.28923025727272034,0.1535736620426178,0.5807445049285889,1.5524029731750488,2.3168323040008545,21.21068000793457,32.99102020263672,0.8992844223976135,0.6702699065208435,0.8654072284698486,0.6183626651763916
LENO_011,LENO,2024,15.790323257446289,21.5012264251709,1.3994829654693604,5.223481178283691,0.060664936900138855,4.734821796417236,0.3166983723640442,0.17053823173046112,0.5640588998794556,1.3577947616577148,2.0797462463378906,20.992443084716797,36.865909576416016,0.8821218013763428,0.694265604019165,0.8493322134017944,0.6287185549736023
LENO_005,LENO,2024,16.97356414794922,21.663915634155273,1.3833342790603638,5.289227485656738,0.07553186267614365,4.521872520446777,0.28561070561408997,0.15284772217273712,0.557108461856842,1.4400712251663208,2.1366353034973145,21.6258602142334,27.95796012878418,0.880995512008667,0.6412984132766724,0.8466499447822571,0.5891512036323547
LENO_015,LENO,2024,19.360450744628906,24.71820831298828,1.4111307859420776,6.11630392074585,0.08108718693256378,5.213954448699951,0.29253727197647095,0.15643687546253204,0.5330171585083008,1.4065598249435425,2.0533578395843506,24.564172744750977,25.767505645751953,0.8888039588928223,0.6786812543869019,0.8463625311851501,0.6257161498069763
LENO_010,LENO,2024,14.492170333862305,17.53400421142578,1.5017542839050293,4.228616237640381,0.17141193151474,3.8354859352111816,0.2899249792098999,0.15733271837234497,0.6053089499473572,1.4832202196121216,2.0866920948028564,18.519451141357422,44.1627082824707,0.8926059007644653,0.7018859386444092,0.8673114776611328,0.6324288845062256
LENO_012,LENO,2024,16.871660232543945,20.976430892944336,1.4589072465896606,4.7929205894470215,0.13060621917247772,4.370432376861572,0.28801432251930237,0.15667851269245148,0.5011861324310303,1.1237906217575073,1.684885025024414,21.554935455322266,39.68454360961914,0.8618729710578918,0.6579425930976868,0.8230224847793579,0.6011197566986084
LENO_009,LENO,2024,19.45099449157715,25.58418083190918,1.3972609043121338,6.389602184295654,0.06704708933830261,5.585159778594971,0.2981756627559662,0.1574600487947464,0.5414779186248779,1.462274193763733,2.199816942214966,25.218238830566406,27.04528045654297,0.8814685940742493,0.7190345525741577,0.8473691940307617,0.647054135799408
LENO_018,LENO,2024,14.652482032775879,18.981435775756836,1.5093235969543457,4.808184623718262,0.14129677414894104,4.061316013336182,0.31102004647254944,0.17291277647018433,0.5469339489936829,1.1977581977844238,1.6468316316604614,18.916282653808594,46.66563034057617,0.8802356123924255,0.6664931774139404,0.8485735654830933,0.6073639988899231
LENO_006,LENO,2024,23.591815948486328,29.88943862915039,1.3903048038482666,7.597837448120117,0.0730317234992981,6.0909647941589355,0.27722427248954773,0.14571259915828705,0.5052886009216309,1.4355086088180542,2.084500312805176,29.509735107421875,18.02088165283203,0.8790748119354248,0.6617134809494019,0.8396162986755371,0.6089575886726379
LENO_013,LENO,2024,20.091297149658203,26.796918869018555,1.4379186630249023,7.125655174255371,0.07709741592407227,6.128241539001465,0.32513555884361267,0.17137110233306885,0.5650607347488403,1.6093554496765137,2.3095507621765137,26.47590446472168,27.348878860473633,0.9242669939994812,0.3007450401782989,0.8578823804855347,0.3247977495193481
LENO_007,LENO,2024,14.117254257202148,17.992252349853516,1.4393900632858276,4.1196513175964355,0.10723695158958435,3.3342795372009277,0.2847845256328583,0.15715883672237396,0.5651047825813293,1.2218571901321411,1.7032554149627686,17.791776657104492,39.74952697753906,0.8731980323791504,0.6323907375335693,0.8324218988418579,0.5867074728012085
LENO_008,LENO,2024,21.888134002685547,27.813711166381836,1.4023059606552124,7.19952917098999,0.07344382256269455,5.91970682144165,0.2892087399959564,0.15098516643047333,0.5337247848510742,1.5267618894577026,2.252756357192993,27.54227638244629,19.949859619140625,0.8988947868347168,0.6895862221717834,0.8613471984863281,0.6337987780570984
LENO_022,LENO,2024,20.933040618896484,25.695680618286133,1.3371732234954834,5.943023204803467,0.05786963924765587,4.737946510314941,0.24151471257209778,0.1256568729877472,0.5237143039703369,1.4408363103866577,2.233177900314331,25.420156478881836,18.269596099853516,0.8933969140052795,0.6714351773262024,0.866194486618042,0.6132609844207764
LENO_001,LENO,2024,15.300694465637207,20.000463485717773,1.4409593343734741,5.192869186401367,0.09116186946630478,4.378602027893066,0.30771884322166443,0.16509313881397247,0.5830167531967163,1.4541040658950806,2.142049789428711,19.841480255126953,32.8589973449707,0.8992447853088379,0.8020896911621094,0.877909779548645,0.7001566886901855
LENO_016,LENO,2024,16.539087295532227,20.766109466552734,1.541310429573059,5.229209899902344,0.16383177042007446,4.519981861114502,0.3087615668773651,0.16901768743991852,0.517389714717865,1.2037386894226074,1.6874891519546509,21.23832893371582,39.02555465698242,0.8672735095024109,0.6447327136993408,0.8347504138946533,0.5892753005027771
LENO_021,LENO,2024,20.08587074279785,25.39505958557129,1.368780255317688,5.489980220794678,0.06757552921772003,4.863847732543945,0.27269086241722107,0.14566315710544586,0.5090929865837097,1.2592384815216064,1.8874610662460327,25.050722122192383,26.257028579711914,0.8880796432495117,0.7213260531425476,0.8487113118171692,0.6531401872634888
LENO_017,LENO,2024,16.555740356445312,21.370399475097656,1.5210084915161133,5.627625465393066,0.1468105912208557,5.151360511779785,0.33431825041770935,0.17808732390403748,0.5789607167243958,1.489000678062439,2.0723843574523926,21.959436416625977,41.84849166870117,0.8791993856430054,0.6891220211982727,0.8491736650466919,0.6230407953262329
LENO_004,LENO,2024,16.054336547851562,20.923198699951172,1.3591710329055786,4.794265270233154,0.05645478516817093,4.295499324798584,0.27739423513412476,0.1466348022222519,0.5571725368499756,1.3907279968261719,2.2547643184661865,20.612581253051758,32.41143035888672,0.8934952020645142,0.7128899693489075,0.8632417321205139,0.6451128125190735
LENO_019,LENO,2024,21.855281829833984,28.612958908081055,1.4204198122024536,7.676482200622559,0.07906543463468552,6.047813892364502,0.2935914695262909,0.15350241959095,0.5713796615600586,1.731068730354309,2.4315690994262695,28.079627990722656,18.807283401489258,0.9075673818588256,0.6837062835693359,0.8800230026245117,0.626940131187439
LENO_061,LENO,2026,17.392807006835938,21.92774772644043,1.4277372360229492,5.150952339172363,0.10261771827936172,4.653881549835205,0.28017494082450867,0.1447371542453766,0.5198103189468384,1.3638343811035156,2.295117139816284,22.1019344329834,35.209625244140625,0.9174991250038148,0.5553233027458191,0.9153174161911012,0.5145307779312134
LENO_065,LENO,2026,20.016061782836914,21.21912956237793,1.3644038438796997,4.502981662750244,0.1976860910654068,4.754904747009277,0.25621843338012695,0.13169023394584656,0.48579883575439453,1.247253656387329,2.171647071838379,24.760576248168945,37.16400146484375,0.917826533317566,0.6274851560592651,0.9033160209655762,0.5773298740386963
LENO_062,LENO,2026,22.93280601501465,29.168615341186523,1.3366130590438843,6.156625747680664,0.04249627888202667,5.7531352043151855,0.27893370389938354,0.1440553069114685,0.47355589270591736,1.231064796447754,2.0723135471343994,28.75354766845703,18.40386962890625,0.9224559664726256,0.6469180583953857,0.9083770513534546,0.5945174694061279
LENO_068,LENO,2026,22.7215633392334,28.899124145507812,1.344760775566101,6.568814754486084,0.042911626398563385,6.014665603637695,0.2812700569629669,0.1439395248889923,0.516375720500946,1.4931108951568604,2.5225424766540527,28.579755783081055,17.788148880004883,0.9271073341369628,0.6897488832473755,0.9143295288085938,0.6242309212684631
LENO_067,LENO,2026,20.272804260253906,24.61318588256836,1.421851634979248,6.131375789642334,0.1234952062368393,5.447200775146484,0.2887796461582184,0.14920629560947418,0.5376347899436951,1.538420557975769,2.4686686992645264,25.705921173095703,27.37203598022461,0.9241958856582642,0.6099194884300232,0.9108331203460692,0.5674118399620056
LENO_064,LENO,2026,23.81249237060547,30.261337280273438,1.359421968460083,7.066947937011719,0.05246783047914505,6.344232082366943,0.2881082594394684,0.1478726714849472,0.515459418296814,1.5253164768218994,2.4878013134002686,30.04772186279297,15.805036544799805,0.9127551913261414,0.5260517001152039,0.8966547250747681,0.5015844106674194
LENO_063,LENO,2026,24.638336181640625,30.982236862182617,1.340157151222229,7.193072319030762,0.04950328543782234,6.314927577972412,0.26846036314964294,0.13737672567367554,0.5128787755966187,1.5491788387298584,2.6267685890197754,30.811033248901367,13.066068649291992,0.9261528253555298,0.6506360173225403,0.9100783467292786,0.5970192551612854
LENO_066,LENO,2026,20.523500442504883,26.719961166381836,1.4181199073791504,6.126817226409912,0.07582137733697891,5.618683338165283,0.31167465448379517,0.16133354604244232,0.5055927634239197,1.2790727615356445,2.0958125591278076,26.4350643157959,32.548805236816406,0.9112223386764526,0.6343188285827637,0.8948830366134644,0.5803512334823608
LENO_069,LENO,2026,12.581552505493164,14.662514686584473,1.7112740278244019,4.286749362945557,0.321909636259079,4.451876163482666,0.3678124248981476,0.1930193156003952,0.5646905303001404,1.3080817461013794,1.857330322265625,17.631240844726562,66.80018615722656,0.834119439125061,0.5009735226631165,0.7940926551818848,0.4780043363571167
LENO_070,LENO,2026,16.591598510742188,17.00632095336914,1.6037105321884155,4.0291643142700195,0.3280332684516907,4.226836204528809,0.2993742823600769,0.15826702117919922,0.50813227891922,1.184928297996521,1.7892836332321167,21.2943172454834,53.372215270996094,0.918318510055542,0.6035264730453491,0.9030909538269044,0.5587846040725708
LENO_003,LENO,2026,14.600953102111816,18.979965209960938,1.3424509763717651,4.176876544952393,0.0522732138633728,3.830134153366089,0.264864444732666,0.13639865815639496,0.4853030741214752,1.0556951761245728,1.9330494403839111,18.637632369995117,47.39854049682617,0.9201231598854064,0.6654385924339294,0.9024595618247986,0.6082193851470947
LENO_002,LENO,2026,18.10799217224121,21.680559158325195,1.4489785432815552,5.366062641143799,0.14258860051631927,4.459559917449951,0.26826363801956177,0.13803048431873322,0.5146130323410034,1.3587524890899658,2.1894376277923584,22.608327865600586,33.321067810058594,0.9229397773742676,0.5568611025810242,0.9119109511375428,0.5258652567863464
LENO_014,LENO,2026,16.317739486694336,20.951236724853516,1.4104411602020264,5.068583011627197,0.09227379411458969,4.148357391357422,0.2612878382205963,0.13524065911769867,0.5199592709541321,1.3682409524917603,2.3255128860473633,20.80626106262207,30.52294921875,0.9232677817344666,0.6103301048278809,0.9104943871498108,0.566633403301239
LENO_011,LENO,2026,15.738351821899414,20.843196868896484,1.3581806421279907,4.615437984466553,0.051291223615407944,4.188061714172363,0.28166794776916504,0.14641810953617096,0.5381242632865906,1.3029611110687256,2.2881669998168945,20.349342346191406,34.992469787597656,0.9330753684043884,0.5958682894706726,0.922874391078949,0.5521007180213928
LENO_005,LENO,2026,17.27226448059082,22.414167404174805,1.3787928819656372,5.538519859313965,0.062018439173698425,4.641529083251953,0.2827535569667816,0.14679694175720215,0.5571791529655457,1.5192791223526,2.485180377960205,22.03828239440918,27.6453857421875,0.8928107023239136,0.6357348561286926,0.8655381202697754,0.586872398853302
LENO_015,LENO,2026,19.58629608154297,24.774749755859375,1.3703943490982056,5.832447052001953,0.06173834949731827,5.010229110717773,0.27283981442451477,0.1394655853509903,0.5236669778823853,1.460327386856079,2.4639570713043213,24.488584518432617,23.42380714416504,0.9349857568740844,0.706098198890686,0.9233193397521972,0.6388214826583862
LENO_010,LENO,2026,15.117342948913574,17.919025421142578,1.4872400760650635,4.1006574630737305,0.16396471858024597,3.785933256149292,0.2671423852443695,0.14008842408657074,0.5534049272537231,1.3953710794448853,2.2720327377319336,18.935644149780273,40.97341537475586,0.9218721389770508,0.6160790324211121,0.9091499447822572,0.5711857080459595
LENO_012,LENO,2026,15.454390525817871,19.243885040283203,1.4590190649032593,4.227226734161377,0.13619031012058258,3.9861745834350586,0.2756931781768799,0.14407144486904144,0.4946751892566681,1.1190640926361084,1.8411692380905151,20.02886962890625,43.20075607299805,0.8993122577667236,0.593143105506897,0.8796464800834656,0.5516860485076904
LENO_009,LENO,2026,19.440221786499023,25.376754760742188,1.3875659704208374,6.1747517585754395,0.06511326134204865,5.462727069854736,0.2863307595252991,0.14712268114089966,0.5133575797080994,1.4195235967636108,2.3926808834075928,25.091899871826172,26.088651657104492,0.9002879858016968,0.6547880172729492,0.8778563141822815,0.5998117327690125
LENO_018,LENO,2026,14.501099586486816,18.85944366455078,1.4957634210586548,4.617901802062988,0.13632386922836304,3.9255566596984863,0.29372984170913696,0.15549251437187195,0.5331008434295654,1.2078300714492798,1.822520136833191,18.727258682250977,45.774845123291016,0.9218682646751404,0.5921579599380493,0.906833827495575,0.5555247068405151
LENO_006,LENO,2026,23.574522018432617,30.023038864135742,1.3700023889541626,7.368919849395752,0.05815855413675308,6.138956546783447,0.2777872085571289,0.14178328216075897,0.4935116767883301,1.4474520683288574,2.3362581729888916,29.603670120239258,16.73089027404785,0.9204677939414978,0.6514301300048828,0.9065248370170592,0.5936279296875
LENO_013,LENO,2026,20.230466842651367,26.36882209777832,1.4189687967300415,6.797475337982178,0.07641644030809402,5.821035861968994,0.301969051361084,0.15514138340950012,0.5252847075462341,1.519369125366211,2.4770402908325195,26.097118377685547,26.73226547241211,0.9108066558837892,0.6619558334350586,0.888384997844696,0.6092876195907593
LENO_007,LENO,2026,14.117579460144043,17.407869338989258,1.4367913007736206,3.8717105388641357,0.12503628432750702,3.1734447479248047,0.26286935806274414,0.13926580548286438,0.5348763465881348,1.2127692699432373,1.879927396774292,17.584922790527344,39.90293884277344,0.9155908226966858,0.593399167060852,0.8981289267539978,0.5524933338165283
LENO_008,LENO,2026,22.36760139465332,27.998476028442383,1.365073323249817,6.849316120147705,0.057002924382686615,5.811061382293701,0.2736491560935974,0.13884350657463074,0.5003992319107056,1.4619263410568237,2.465975522994995,27.776342391967773,17.990726470947266,0.9256497025489808,0.6571075320243835,0.9147329330444336,0.5980932712554932
LENO_022,LENO,2026,20.952220916748047,25.607088088989258,1.3314847946166992,5.780080795288086,0.05526740103960037,4.736110687255859,0.2395867258310318,0.12086924910545349,0.4986611008644104,1.4301658868789673,2.479410171508789,25.357030868530273,18.558696746826172,0.9343529939651488,0.6584954261779785,0.9257624745368958,0.598667323589325
LENO_001,LENO,2026,15.437703132629395,19.973129272460938,1.4081953763961792,5.002687931060791,0.08050404489040375,4.17033576965332,0.2854752242565155,0.1482766717672348,0.5619917511940002,1.4723749160766602,2.479553699493408,19.701866149902344,31.0489559173584,0.931948721408844,0.7167890071868896,0.9197736978530884,0.6463360786437988
LENO_016,LENO,2026,16.16884422302246,19.49701690673828,1.515549659729004,4.4434428215026855,0.1691250205039978,4.049091815948486,0.2774037718772888,0.1455768644809723,0.5001373887062073,1.1654725074768066,1.8686463832855225,20.465524673461914,40.01778793334961,0.9261794686317444,0.5878602266311646,0.9155828952789308,0.5482780933380127
LENO_021,LENO,2026,20.025819778442383,25.46685791015625,1.3425850868225098,5.3901753425598145,0.05045408383011818,4.871634483337402,0.2676260471343994,0.13729973137378693,0.4915619194507599,1.2872201204299927,2.21028995513916,25.068885803222656,25.573665618896484,0.92416912317276,0.5791345834732056,0.9117780923843384,0.5422297120094299
LENO_017,LENO,2026,16.639694213867188,21.380630493164062,1.4737603664398193,5.414458751678467,0.12253856658935547,4.9871063232421875,0.30859264731407166,0.15997329354286194,0.5413215756416321,1.4323921203613281,2.29540753364563,21.832199096679688,39.99323272705078,0.8903634548187256,0.5382362008094788,0.8714045882225037,0.5051588416099548
LENO_004,LENO,2026,16.542301177978516,21.155752182006836,1.3228328227996826,4.5211029052734375,0.044611599296331406,4.08357048034668,0.2538199722766876,0.13002531230449677,0.5114356279373169,1.3073480129241943,2.393789529800415,20.787736892700195,29.183551788330078,0.9320439100265504,0.6173281073570251,0.9220550060272216,0.5688674449920654
LENO_019,LENO,2026,21.949581146240234,28.59453582763672,1.388401746749878,7.316667556762695,0.06164278835058212,6.0929694175720215,0.2911250591278076,0.14991797506809235,0.536879301071167,1.610590934753418,2.555304527282715,28.085630416870117,17.683433532714844,0.919957399368286,0.6323602199554443,0.90388023853302,0.5851991772651672
UKFS_032,UKFS,2016,13.094305992126465,14.701552391052246,1.3502511978149414,2.9030563831329346,0.10674377530813217,2.027052640914917,0.18265269696712494,0.10439886152744293,0.27104687690734863,0.4342246651649475,0.8594353199005127,14.761626243591309,30.6453914642334,,,,
UKFS_057,UKFS,2016,8.920841217041016,9.467866897583008,1.3487968444824219,1.668871521949768,0.14056788384914398,1.217333197593689,0.1569216549396515,0.0897476077079773,0.3026847541332245,0.3755127191543579,0.7591788172721863,9.963662147521973,62.186397552490234,,,,
UKFS_051,UKFS,2016,6.96524715423584,7.335317611694336,1.3272185325622559,1.1364250183105469,0.1372116357088089,0.7724305391311646,0.1355901062488556,0.07990758121013641,0.3019030690193176,0.30442920327186584,0.6580989360809326,7.659206867218018,82.41146850585938,,,,
UKFS_047,UKFS,2016,13.073309898376465,14.76913833618164,1.360891580581665,3.422449827194214,0.10828264057636261,2.087068796157837,0.17720642685890198,0.0940764993429184,0.29386430978775024,0.441026896238327,0.87250816822052,14.773155212402344,26.926572799682617,,,,
UKFS_055,UKFS,2016,12.111672401428223,13.73850154876709,1.3062373399734497,2.5150632858276367,0.0812997817993164,1.8782541751861572,0.18305706977844238,0.10071385651826859,0.28800785541534424,0.4711760878562927,0.9642783403396606,13.723881721496582,32.095848083496094,,,,
UKFS_058,UKFS,2016,12.946494102478027,14.500457763671875,1.3694255352020264,3.2832424640655518,0.11699247360229492,1.9888579845428467,0.17452885210514069,0.09532969444990158,0.27899667620658875,0.4262729287147522,0.861422061920166,14.546048164367676,28.263206481933594,,,,
UKFS_060,UKFS,2016,12.970393180847168,14.664388656616211,1.3022675514221191,2.666654348373413,0.08082335442304611,1.977644443511963,0.17654429376125336,0.09859009832143784,0.28024613857269287,0.45555195212364197,0.9523444175720215,14.633506774902344,28.24111557006836,,,,
UKFS_056,UKFS,2016,16.232711791992188,17.953540802001953,1.3129639625549316,3.1247718334198,0.09591455012559891,2.2494990825653076,0.16515091061592102,0.09446105360984802,0.2373022884130478,0.4234670400619507,0.8510655164718628,18.087810516357422,21.25620460510254,,,,
UKFS_054,UKFS,2016,14.471205711364746,16.286102294921875,1.348725438117981,3.575955390930176,0.10363763570785522,2.2804605960845947,0.17863674461841583,0.0979682132601738,0.2700570523738861,0.4764478802680969,0.923412561416626,16.285268783569336,24.00116539001465,,,,
UKFS_050,UKFS,2016,12.060153007507324,13.211764335632324,1.3206541538238525,2.336857557296753,0.10714354366064072,1.5850847959518433,0.15876103937625885,0.09605441242456436,0.22540190815925598,0.3569054901599884,0.7292853593826294,13.299617767333984,33.823387145996094,,,,
UKFS_046,UKFS,2016,15.6406888961792,17.69770622253418,1.3835052251815796,4.496606349945068,0.11583311855792999,2.6060631275177,0.18344514071941376,0.09598999470472336,0.2879146635532379,0.47043105959892273,0.887511670589447,17.676456451416016,22.168609619140625,,,,
UKFS_045,UKFS,2016,13.516098022460938,15.170184135437012,1.3933515548706055,3.5809683799743652,0.12826013565063477,2.2057178020477295,0.18445338308811188,0.09975957870483398,0.2821095287799835,0.4419226348400116,0.8289549350738525,15.30765151977539,30.05353355407715,,,,
UKFS_043,UKFS,2016,16.499723434448242,18.427133560180664,1.3117282390594482,3.845705986022949,0.08805108815431595,2.4488115310668945,0.16386917233467102,0.08690744638442993,0.2804809808731079,0.4611632823944092,0.8775153160095215,18.432693481445312,17.599201202392578,,,,
UKFS_052,UKFS,2016,15.886493682861328,17.738920211791992,1.333267092704773,3.819274425506592,0.09737931191921234,2.4017789363861084,0.1721208244562149,0.09284569323062897,0.2661658227443695,0.4205295443534851,0.8270227909088135,17.763126373291016,20.81441307067871,,,,
UKFS_059,UKFS,2016,15.844926834106445,17.692527770996094,1.304796576499939,3.271278142929077,0.08438825607299805,2.438166618347168,0.18016749620437622,0.10064518451690674,0.26370149850845337,0.4642406105995178,0.9157226085662842,17.800735473632812,20.032733917236328,,,,
UKFS_048,UKFS,2016,14.125324249267578,15.6266508102417,1.3426644802093506,3.045118570327759,0.1156819686293602,2.2536349296569824,0.1797790378332138,0.10064050555229187,0.2718347907066345,0.48835355043411255,0.9500080347061157,16.010257720947266,29.053030014038086,,,,
UKFS_049,UKFS,2016,15.24586296081543,17.329843521118164,1.3214819431304932,3.5857670307159424,0.08348003774881363,2.5967559814453125,0.1938609629869461,0.10561032593250275,0.28926703333854675,0.4521835446357727,0.8681867718696594,17.36258888244629,20.838472366333008,,,,
UKFS_031,UKFS,2016,16.41617774963379,18.259321212768555,1.2955200672149658,3.1321916580200195,0.08419882506132126,2.5277163982391357,0.1831335723400116,0.11371947079896927,0.22173814475536346,0.4512883126735687,0.889439046382904,18.336240768432617,19.731979370117188,,,,
UKFS_044,UKFS,2016,15.613503456115723,17.161575317382812,1.2998496294021606,2.8546457290649414,0.09053962677717209,2.0388035774230957,0.16143444180488586,0.09462478011846542,0.22573959827423096,0.37464815378189087,0.7538298964500427,17.230703353881836,21.036701202392578,,,,
UKFS_053,UKFS,2016,13.2353515625,14.80548095703125,1.373038649559021,3.192986011505127,0.11940885335206985,1.9991681575775146,0.17737482488155365,0.09798489511013031,0.2671649754047394,0.436160683631897,0.8564366102218628,14.875164031982422,30.00473403930664,,,,
UKFS_007,UKFS,2016,13.397220611572266,14.817928314208984,1.6297482252120972,4.663356304168701,0.26270437240600586,4.138862133026123,0.3300701677799225,0.18161508440971375,0.3477795720100403,0.6014612913131714,0.9178154468536377,17.117578506469727,53.43895721435547,,,,
UKFS_005,UKFS,2016,10.425304412841797,9.989384651184082,1.4831222295761108,2.2683167457580566,0.24709217250347137,1.7071733474731445,0.18555787205696106,0.09992330521345139,0.3255506157875061,0.4227067828178406,0.8006877303123474,11.852925300598145,59.983123779296875,,,,
UKFS_004,UKFS,2016,11.362979888916016,12.553471565246582,1.340659499168396,2.342247486114502,0.11036600917577744,1.6162928342819214,0.17419670522212982,0.10203316062688828,0.24922050535678864,0.3830150365829468,0.7486284375190735,12.674758911132812,38.977291107177734,,,,
UKFS_009,UKFS,2016,5.8498101234436035,0.9826619029045105,2.1665799617767334,0.14181670546531677,0.8725626468658447,0.8448096513748169,0.1865927278995514,0.1137208640575409,0.33349353075027466,0.2537841200828552,0.4183499217033386,6.571524620056152,97.81385803222656,,,,
UKFS_006,UKFS,2016,11.046719551086426,12.004158973693848,1.3009967803955078,2.083115339279175,0.10002163052558899,1.3159589767456055,0.13863998651504517,0.08055589348077774,0.24011622369289398,0.3563343584537506,0.7736747860908508,12.087867736816406,45.2644157409668,,,,
UKFS_012,UKFS,2016,9.772337913513184,10.857123374938965,1.3989344835281372,2.2714223861694336,0.14215031266212463,1.6165187358856201,0.1942737102508545,0.11112122237682343,0.2907385230064392,0.3967931270599365,0.8321884274482727,11.170802116394043,55.1526985168457,,,,
UKFS_002,UKFS,2016,11.584559440612793,9.90866470336914,1.5126975774765015,1.9094020128250122,0.31426575779914856,1.7068721055984497,0.16625426709651947,0.0935915932059288,0.2797359228134155,0.45067647099494934,0.9038836359977722,13.023113250732422,51.169944763183594,,,,
UKFS_010,UKFS,2016,8.194889068603516,8.934454917907715,1.5089855194091797,2.416745901107788,0.20891892910003662,1.6280908584594727,0.2215590476989746,0.11970710009336472,0.3499305248260498,0.4119224548339844,0.8045936226844788,9.615888595581055,73.51921081542969,,,,
UKFS_003,UKFS,2016,10.157065391540527,11.184967041015625,1.3489980697631836,2.104682445526123,0.11964234709739685,1.5128165483474731,0.17914077639579773,0.10914646834135056,0.2466917783021927,0.3358297646045685,0.733839213848114,11.347725868225098,49.055091857910156,,,,
UKFS_001,UKFS,2016,14.750669479370117,16.644065856933594,1.3575886487960815,3.2471206188201904,0.10548263043165207,2.480837821960449,0.2057991325855255,0.12046420574188232,0.2426789104938507,0.427127867937088,0.8671652674674988,16.740415573120117,26.429208755493164,,,,
UKFS_011,UKFS,2016,15.52517032623291,17.430240631103516,1.3665218353271484,3.4318196773529053,0.11684566736221313,2.5001349449157715,0.19051766395568848,0.10989245772361755,0.24891553819179535,0.43058034777641296,0.8291583061218262,17.604290008544922,27.81400489807129,,,,
UKFS_008,UKFS,2016,15.814154624938965,17.995988845825195,1.3385292291641235,4.02259635925293,0.09144050627946854,2.652340888977051,0.18561431765556335,0.09643721580505371,0.3063350319862366,0.5388011932373047,1.0225425958633423,17.97301483154297,19.892284393310547,,,,
UKFS_017,UKFS,2016,8.96731948852539,9.158004760742188,1.4052098989486694,1.9058747291564941,0.20583957433700562,1.522947072982788,0.2059750109910965,0.11764588207006454,0.27784526348114014,0.4040374457836151,0.7865321040153503,10.259295463562012,63.15943145751953,,,,
UKFS_019,UKFS,2016,13.140832901000977,14.885899543762207,1.3282170295715332,3.0976154804229736,0.09244614094495773,2.098088026046753,0.17873959243297577,0.0962674617767334,0.29214897751808167,0.4640960395336151,0.9091314673423767,14.879944801330566,27.352561950683594,,,,
UKFS_016,UKFS,2016,13.442232131958008,14.871149063110352,1.3758960962295532,2.956944704055786,0.12815077602863312,1.9819430112838745,0.18059013783931732,0.10717683285474777,0.23872093856334686,0.39867401123046875,0.7887492775917053,15.030794143676758,31.12034034729004,,,,
UKFS_018,UKFS,2016,0.544125497341156,0.027647338807582855,2.301741361618042,0.00029178557451814413,0.9992420673370361,0.01126299798488617,0.020429272204637527,0.01444567646831274,,,,0.5512932538986206,100.0,,,,
UKFS_014,UKFS,2016,13.322282791137695,15.13736343383789,1.3466508388519287,3.3131675720214844,0.09920202940702438,2.2259538173675537,0.18738149106502533,0.09958754479885101,0.2981378138065338,0.4535001218318939,0.8719884157180786,15.158319473266602,26.646825790405273,,,,
UKFS_015,UKFS,2016,11.719864845275879,11.235159873962402,1.5361634492874146,2.7984378337860107,0.26822811365127563,1.9788140058517456,0.1881609708070755,0.09910881519317627,0.3228336572647095,0.4776596128940582,0.8790346384048462,13.36107063293457,49.36225891113281,,,,
UKFS_013,UKFS,2016,10.30577278137207,11.140715599060059,1.4547183513641357,2.682828664779663,0.19548463821411133,1.7573180198669434,0.19298605620861053,0.10592211037874222,0.30024605989456177,0.4639248251914978,0.8814409971237183,11.811114311218262,54.554779052734375,,,,
UKFS_025,UKFS,2016,5.64479923248291,0.2311348021030426,2.1425724029541016,0.03209555149078369,0.9793150424957275,0.8336600065231323,0.17918136715888977,0.11667703092098236,0.2590339183807373,0.1449090838432312,0.5691881775856018,6.2678046226501465,99.90003204345703,,,,
UKFS_032,UKFS,2017,13.534266471862793,14.707836151123047,1.3081378936767578,2.569580316543579,0.10074607282876968,1.671807050704956,0.14894422888755798,0.08289752155542374,0.2591930329799652,0.345453679561615,0.7484631538391113,14.890495300292969,27.803340911865234,,,,
UKFS_057,UKFS,2017,9.681056022644043,10.017334938049316,1.2863554954528809,1.4686660766601562,0.1171758621931076,1.1184712648391724,0.1402721256017685,0.08312854915857315,0.2610551416873932,0.33307045698165894,0.7300304770469666,10.573543548583984,55.72503662109375,,,,
UKFS_051,UKFS,2017,7.4192657470703125,7.473618507385254,1.2991538047790527,1.0290335416793823,0.13323745131492615,0.7401002645492554,0.12968109548091888,0.08376803994178772,0.24536213278770447,0.22488966584205627,0.6135270595550537,7.98323392868042,79.225341796875,,,,
UKFS_047,UKFS,2017,13.666647911071777,14.893209457397461,1.2717206478118896,2.569147825241089,0.08277688175439835,1.6495270729064941,0.13775503635406494,0.07475089281797409,0.24948222935199738,0.3414303958415985,0.7452855110168457,14.959575653076172,20.497053146362305,,,,
UKFS_055,UKFS,2017,12.453461647033691,13.629886627197266,1.2576072216033936,2.0525734424591064,0.07296279817819595,1.5522056818008423,0.15134461224079132,0.08655638992786407,0.24381038546562195,0.3290162980556488,0.7355784773826599,13.715950012207031,28.777748107910156,,,,
UKFS_058,UKFS,2017,13.486401557922363,14.594743728637695,1.2816354036331177,2.5027966499328613,0.09066241979598999,1.5575252771377563,0.1344980001449585,0.07321672141551971,0.24814116954803467,0.361923485994339,0.7821829319000244,14.713972091674805,21.971235275268555,,,,
UKFS_060,UKFS,2017,13.143879890441895,14.461599349975586,1.2687050104141235,2.3065476417541504,0.07797457277774811,1.6817657947540283,0.15210597217082977,0.08780582249164581,0.24381643533706665,0.3305980861186981,0.7435935735702515,14.511751174926758,26.972082138061523,,,,
UKFS_056,UKFS,2017,16.454214096069336,17.600543975830078,1.2848241329193115,2.679044485092163,0.09410704672336578,2.163180351257324,0.16311272978782654,0.10538797825574875,0.1915997862815857,0.3396121859550476,0.7486007213592529,18.00420379638672,21.32586097717285,,,,
UKFS_054,UKFS,2017,15.193992614746094,16.48058319091797,1.2548145055770874,2.5958728790283203,0.0760008916258812,1.707041621208191,0.13160112500190735,0.0706557184457779,0.24364401400089264,0.37966111302375793,0.8266887068748474,16.545320510864258,17.466033935546875,,,,
UKFS_050,UKFS,2017,12.469758033752441,13.234918594360352,1.3057438135147095,2.0820603370666504,0.1097697764635086,1.4322072267532349,0.14880692958831787,0.09166661649942398,0.2014569491147995,0.26530376076698303,0.6171625852584839,13.54727554321289,31.264266967773438,,,,
UKFS_046,UKFS,2017,16.32020378112793,17.739208221435547,1.2632023096084595,3.095118999481201,0.07556494325399399,1.9381356239318848,0.1356235295534134,0.0731300339102745,0.23697365820407867,0.3374578654766083,0.7369315028190613,17.767677307128906,15.235834121704102,,,,
UKFS_045,UKFS,2017,13.869464874267578,15.052170753479004,1.3405442237854004,2.9918036460876465,0.11679574847221375,1.8494462966918945,0.15411518514156342,0.08207804709672928,0.27275654673576355,0.38699784874916077,0.7682681679725647,15.341346740722656,26.885723114013672,,,,
UKFS_043,UKFS,2017,17.029298782348633,18.30414581298828,1.2227307558059692,2.4741194248199463,0.06580992043018341,1.7458148002624512,0.1217084750533104,0.06956230849027634,0.20983462035655975,0.35780638456344604,0.7423956990242004,18.385562896728516,13.659831047058105,,,,
UKFS_052,UKFS,2017,16.469593048095703,17.837364196777344,1.2594488859176636,2.9841811656951904,0.07541751861572266,1.9158530235290527,0.13544368743896484,0.07242174446582794,0.2487604022026062,0.35161998867988586,0.7223929762840271,17.925962448120117,16.75562858581543,,,,
UKFS_059,UKFS,2017,16.357120513916016,17.628780364990234,1.2640243768692017,2.7921688556671143,0.08105137199163437,2.042724609375,0.14663910865783691,0.08124518394470215,0.24323205649852753,0.33829131722450256,0.7175486087799072,17.932510375976562,18.204242706298828,,,,
UKFS_048,UKFS,2017,14.403580665588379,14.213647842407227,1.386075496673584,2.4698896408081055,0.18862010538578033,1.9702881574630737,0.1587086021900177,0.08699634671211243,0.27358555793762207,0.4045076370239258,0.8412841558456421,16.02649688720703,33.662845611572266,,,,
UKFS_049,UKFS,2017,15.496349334716797,17.070266723632812,1.2918585538864136,2.977731704711914,0.08327111601829529,2.213192939758301,0.17229367792606354,0.09714826196432114,0.24687816202640533,0.3732166886329651,0.7896637320518494,17.230440139770508,20.592754364013672,,,,
UKFS_031,UKFS,2017,17.0568790435791,18.43523597717285,1.2258353233337402,2.517066240310669,0.06413061916828156,1.9232162237167358,0.1337721198797226,0.07629743218421936,0.2187802493572235,0.3415597677230835,0.7411420345306396,18.56332778930664,15.361893653869629,,,,
UKFS_044,UKFS,2017,15.434078216552734,16.602157592773438,1.318203330039978,2.684990406036377,0.10620304942131042,2.023371934890747,0.17575043439865112,0.10978501290082932,0.20159855484962463,0.3604416847229004,0.779926061630249,16.91548728942871,23.588558197021484,,,,
UKFS_053,UKFS,2017,13.641250610351562,14.883654594421387,1.321926474571228,2.7625558376312256,0.10383491963148117,1.7563984394073486,0.15593279898166656,0.08498138189315796,0.25780755281448364,0.35924699902534485,0.7959927916526794,15.03958511352539,26.207164764404297,,,,
UKFS_007,UKFS,2017,13.345846176147461,12.914546966552734,1.6810009479522705,3.7603886127471924,0.33976292610168457,3.926055669784546,0.33044710755348206,0.18960966169834137,0.2928411364555359,0.4260898530483246,0.7478948831558228,16.659339904785156,57.697296142578125,,,,
UKFS_005,UKFS,2017,10.749133110046387,9.98473834991455,1.4581754207611084,1.8725032806396484,0.23709611594676971,1.4847302436828613,0.16446322202682495,0.09098759293556213,0.29696980118751526,0.33847498893737793,0.696478009223938,11.950095176696777,57.90654373168945,,,,
UKFS_004,UKFS,2017,11.51990795135498,12.350990295410156,1.3350210189819336,2.2037971019744873,0.12156632542610168,1.4397674798965454,0.15882961452007294,0.09405385702848434,0.22813920676708221,0.28435081243515015,0.6248290538787842,12.64600658416748,38.7392692565918,,,,
UKFS_009,UKFS,2017,6.063920497894287,1.189143419265747,2.1537892818450928,0.1909116506576538,0.8546314239501953,0.8954417109489441,0.1859463006258011,0.11395439505577087,0.34357163310050964,0.43661198019981384,0.6412853002548218,6.815546989440918,97.39722442626953,,,,
UKFS_006,UKFS,2017,11.34899616241455,11.899791717529297,1.2589268684387207,1.5986523628234863,0.09595289826393127,1.0443665981292725,0.11551668494939804,0.07119400054216385,0.19905053079128265,0.2590081989765167,0.637269139289856,12.137843132019043,42.787879943847656,,,,
UKFS_012,UKFS,2017,10.015349388122559,10.511981010437012,1.3824199438095093,1.9056305885314941,0.15557794272899628,1.4032236337661743,0.1735149472951889,0.10732504725456238,0.2464326173067093,0.3032096326351166,0.6889742612838745,11.114082336425781,53.958343505859375,,,,
UKFS_002,UKFS,2017,11.941071510314941,9.596185684204102,1.4904589653015137,1.4492144584655762,0.3197568356990814,1.371582269668579,0.13219332695007324,0.07571452111005783,0.24885499477386475,0.3603874742984772,0.811752438545227,13.037851333618164,49.552547454833984,,,,
UKFS_010,UKFS,2017,8.601838111877441,9.063566207885742,1.426954984664917,2.0386784076690674,0.18308323621749878,1.3974416255950928,0.1864905059337616,0.10268303006887436,0.31142139434814453,0.33424633741378784,0.7476385831832886,9.760425567626953,68.38701629638672,,,,
UKFS_003,UKFS,2017,10.516928672790527,11.283461570739746,1.286747932434082,1.7313135862350464,0.10044600069522858,1.2777808904647827,0.15009121596813202,0.08619134873151779,0.2448328286409378,0.27991244196891785,0.6469546556472778,11.570052146911621,43.29396438598633,,,,
UKFS_001,UKFS,2017,14.684294700622559,16.22844696044922,1.3384674787521362,2.9871912002563477,0.10550104826688766,2.20121169090271,0.18514347076416016,0.10183295607566833,0.2537383735179901,0.3896969258785248,0.8302759528160095,16.474552154541016,27.53802490234375,,,,
UKFS_011,UKFS,2017,15.816051483154297,17.16818618774414,1.300868272781372,2.736199140548706,0.09683651477098465,2.1410250663757324,0.16506870090961456,0.0964849665760994,0.22128087282180786,0.3860681354999542,0.8019702434539795,17.517393112182617,25.426158905029297,,,,
UKFS_008,UKFS,2017,16.340091705322266,17.978832244873047,1.257391333580017,3.043135166168213,0.06790691614151001,2.140876054763794,0.15040315687656403,0.07924653589725494,0.26699039340019226,0.39340460300445557,0.8441498875617981,18.019777297973633,15.392827987670898,,,,
UKFS_017,UKFS,2017,9.148101806640625,7.798766613006592,1.5169718265533447,1.4423022270202637,0.31192806363105774,1.3176541328430176,0.18842950463294983,0.11371885985136032,0.24449250102043152,0.2420859932899475,0.52910315990448,10.175414085388184,66.0940933227539,,,,
UKFS_019,UKFS,2017,13.56339168548584,14.879496574401855,1.2722270488739014,2.57352614402771,0.07939298450946808,1.7723184823989868,0.15048912167549133,0.08297261595726013,0.2651659846305847,0.3524317741394043,0.7414249777793884,14.966043472290039,23.569149017333984,,,,
UKFS_016,UKFS,2017,13.564133644104004,14.406728744506836,1.3502100706100464,2.4186854362487793,0.13374063372612,1.5606848001480103,0.14936397969722748,0.08967894315719604,0.2109229564666748,0.2725173532962799,0.5902732014656067,14.790763854980469,30.946218490600586,,,,
UKFS_018,UKFS,2017,0.6298037171363831,0.15272019803524017,2.240231990814209,0.0028912960551679134,0.9963054656982422,0.077080138027668,0.11555971205234528,0.07369419932365417,,,,0.7036126255989075,100.0,,,,
UKFS_014,UKFS,2017,13.52084732055664,14.875197410583496,1.3128496408462524,2.765878200531006,0.09724783152341843,1.9115618467330933,0.1681661605834961,0.0918038934469223,0.26190897822380066,0.3698320686817169,0.7753501534461975,15.038448333740234,25.58827018737793,,,,
UKFS_015,UKFS,2017,12.280136108398438,11.268589973449707,1.4832403659820557,2.1860146522521973,0.2516668140888214,1.6296024322509766,0.15584152936935425,0.08507605642080307,0.2669680416584015,0.351481556892395,0.7267415523529053,13.566705703735352,45.07340621948242,,,,
UKFS_013,UKFS,2017,10.650620460510254,10.746208190917969,1.4326856136322021,2.222965717315674,0.20885348320007324,1.5495731830596924,0.1716197282075882,0.09775765985250473,0.2703815996646881,0.36202630400657654,0.7787836194038391,11.899083137512207,52.65625,,,,
UKFS_025,UKFS,2017,7.108584880828857,0.382613867521286,2.2586863040924072,0.047170501202344894,0.9691097140312195,0.8258028030395508,0.153406023979187,0.09604835510253906,0.24780501425266266,0.2296525239944458,0.4104863107204437,7.740683555603027,99.42559814453125,,,,
UKFS_032,UKFS,2018,13.502917289733887,15.147640228271484,1.3858124017715454,3.1826775074005127,0.1271437406539917,2.078352212905884,0.18498899042606354,0.10255655646324158,0.27158665657043457,0.4777494966983795,0.8949965238571167,15.236394882202148,30.784042358398438,,,,
UKFS_057,UKFS,2018,9.426743507385254,10.005229949951172,1.3885554075241089,1.9086929559707642,0.16423173248767853,1.2080568075180054,0.1497921645641327,0.08623479306697845,0.2742459774017334,0.3692014813423157,0.7274405360221863,10.446606636047363,59.69624328613281,,,,
UKFS_051,UKFS,2018,7.405529022216797,7.730174541473389,1.4260292053222656,1.5374699831008911,0.1909669041633606,0.7754384279251099,0.13059580326080322,0.08024962246417999,0.2581090033054352,0.21288728713989258,0.5247522592544556,8.047724723815918,79.66716766357422,,,,
UKFS_047,UKFS,2018,13.569158554077148,15.258363723754883,1.3544535636901855,3.5515310764312744,0.10627260059118271,2.1469337940216064,0.17549777030944824,0.0919857919216156,0.28278008103370667,0.42202988266944885,0.8225576281547546,15.25434398651123,24.661544799804688,,,,
UKFS_055,UKFS,2018,12.283604621887207,14.12793254852295,1.3528043031692505,2.9810590744018555,0.09477684646844864,2.190340757369995,0.2106945663690567,0.11717083305120468,0.28877002000808716,0.46689683198928833,0.9038558602333069,14.095797538757324,32.96064758300781,,,,
UKFS_058,UKFS,2018,13.39901065826416,14.931489944458008,1.3714269399642944,3.36816668510437,0.11918905377388,2.00211501121521,0.17397139966487885,0.09366250038146973,0.2640971839427948,0.4080500900745392,0.8139660358428955,14.985644340515137,26.561824798583984,,,,
UKFS_060,UKFS,2018,13.07779598236084,14.907266616821289,1.3469245433807373,3.0172715187072754,0.10073942691087723,2.1703763008117676,0.19583694636821747,0.11208651214838028,0.26852163672447205,0.4703190326690674,0.9226847887039185,14.881134986877441,29.835102081298828,,,,
UKFS_056,UKFS,2018,16.494367599487305,18.357593536376953,1.3241819143295288,3.3189239501953125,0.09885226935148239,2.401512622833252,0.17358654737472534,0.09774047136306763,0.23471151292324066,0.4597989022731781,0.907501757144928,18.45650291442871,21.441007614135742,,,,
UKFS_054,UKFS,2018,15.098088264465332,16.816997528076172,1.321081519126892,3.4026153087615967,0.09386555105447769,2.1565563678741455,0.16470864415168762,0.08812642097473145,0.2617425322532654,0.45209601521492004,0.9001722931861877,16.795896530151367,20.51457405090332,,,,
UKFS_050,UKFS,2018,12.178352355957031,13.56908130645752,1.363879680633545,2.705328941345215,0.1190960481762886,1.7958699464797974,0.18212668597698212,0.1038852408528328,0.23975791037082672,0.37578776478767395,0.7503519654273987,13.648115158081055,34.446231842041016,,,,
UKFS_046,UKFS,2018,16.366304397583008,18.199867248535156,1.3155264854431152,3.8188400268554688,0.08940202742815018,2.3386735916137695,0.15951251983642578,0.08177444338798523,0.2795105576515198,0.46225374937057495,0.9113519787788391,18.174177169799805,17.264162063598633,,,,
UKFS_045,UKFS,2018,13.752300262451172,15.55742073059082,1.4023151397705078,3.8073859214782715,0.12879517674446106,2.3881072998046875,0.19581402838230133,0.10402893275022507,0.3107341527938843,0.4855354428291321,0.8813164830207825,15.688115119934082,29.425260543823242,,,,
UKFS_043,UKFS,2018,16.959123611450195,18.968738555908203,1.2831989526748657,3.5851573944091797,0.07089284807443619,2.5208935737609863,0.16850998997688293,0.08815617859363556,0.2952936589717865,0.4822760820388794,0.8974698781967163,18.96187400817871,15.489363670349121,,,,
UKFS_052,UKFS,2018,16.244508743286133,18.26493263244629,1.3405181169509888,4.013056755065918,0.09543748199939728,2.6138360500335693,0.18503126502037048,0.09678501635789871,0.29193350672721863,0.47756078839302063,0.8751884698867798,18.276655197143555,20.750858306884766,,,,
UKFS_059,UKFS,2018,16.214662551879883,18.205629348754883,1.3271006345748901,3.600766181945801,0.09181305766105652,2.561246633529663,0.1857452392578125,0.09999915957450867,0.27473920583724976,0.486111581325531,0.9167101383209229,18.29684829711914,20.4171199798584,,,,
UKFS_048,UKFS,2018,14.365944862365723,15.390207290649414,1.3933628797531128,3.0648117065429688,0.1559860110282898,2.290104866027832,0.18256451189517975,0.10112836211919785,0.26620808243751526,0.4745328426361084,0.8921669721603394,16.298784255981445,31.794437408447266,,,,
UKFS_049,UKFS,2018,15.37980842590332,17.68596839904785,1.3563487529754639,4.091788291931152,0.09140443056821823,2.9340224266052246,0.2157619297504425,0.11369378119707108,0.3160502016544342,0.5056190490722656,0.9295289516448975,17.739273071289062,22.543277740478516,,,,
UKFS_031,UKFS,2018,16.927154541015625,18.776836395263672,1.2633824348449707,2.9896342754364014,0.07044151425361633,2.282439708709717,0.1591351330280304,0.0894588977098465,0.2316863089799881,0.4252300560474396,0.8671981692314148,18.784719467163086,17.015745162963867,,,,
UKFS_044,UKFS,2018,15.893733024597168,17.562236785888672,1.3252347707748413,3.0792524814605713,0.10110671818256378,2.1493380069732666,0.16999311745166779,0.09748955070972443,0.2250518500804901,0.42737647891044617,0.8144000172615051,17.64579963684082,21.480649948120117,,,,
UKFS_053,UKFS,2018,13.57764720916748,15.272408485412598,1.3950530290603638,3.571850538253784,0.12543311715126038,2.1949892044067383,0.191747784614563,0.10392789542675018,0.2728484869003296,0.4503118693828583,0.852942168712616,15.334150314331055,29.584739685058594,,,,
UKFS_007,UKFS,2018,13.403615951538086,14.213165283203125,1.7145490646362305,4.608688831329346,0.3240421414375305,4.90281867980957,0.39133596420288086,0.21461191773414612,0.38753971457481384,0.6928167939186096,0.9966740012168884,17.989870071411133,57.1241340637207,,,,
UKFS_005,UKFS,2018,10.784350395202637,10.397875785827637,1.4971346855163574,2.3662965297698975,0.249302476644516,1.909525752067566,0.20038245618343353,0.10794258117675781,0.34888511896133423,0.4698637127876282,0.8749983310699463,12.40744686126709,59.20108413696289,,,,
UKFS_004,UKFS,2018,11.445913314819336,12.73274040222168,1.424436330795288,2.8509414196014404,0.14981266856193542,1.8588157892227173,0.20230548083782196,0.11886345595121384,0.2503136396408081,0.36864030361175537,0.6985145807266235,12.94164752960205,41.608314514160156,,,,
UKFS_009,UKFS,2018,6.341561794281006,1.0001879930496216,2.212970733642578,0.1840234249830246,0.8853267431259155,0.9248940944671631,0.17326728999614716,0.100774846971035,0.32437556982040405,0.3246161937713623,0.5448926091194153,7.175403118133545,97.8154296875,,,,
UKFS_006,UKFS,2018,11.563793182373047,12.535396575927734,1.3505010604858398,2.4819681644439697,0.1247997060418129,1.4199588298797607,0.14408867061138153,0.08208156377077103,0.23280256986618042,0.3397446274757385,0.7300189733505249,12.675898551940918,42.923011779785156,,,,
UKFS_012,UKFS,2018,10.11948013305664,11.29900074005127,1.4373539686203003,2.5436666011810303,0.15898749232292175,1.7070280313491821,0.20129743218421936,0.11520649492740631,0.2778322994709015,0.36561962962150574,0.7338605523109436,11.573176383972168,52.465843200683594,,,,
UKFS_002,UKFS,2018,11.935665130615234,9.560372352600098,1.578476071357727,1.9917266368865967,0.3668201267719269,1.8047528266906738,0.16889774799346924,0.08941473066806793,0.2944330871105194,0.4439103901386261,0.8842562437057495,13.453473091125488,53.438377380371094,,,,
UKFS_010,UKFS,2018,8.698334693908691,9.81386661529541,1.5597541332244873,3.0156893730163574,0.21941055357456207,1.8128573894500732,0.23020179569721222,0.12427828460931778,0.35960373282432556,0.45042988657951355,0.8179959654808044,10.226161003112793,68.87803649902344,,,,
UKFS_003,UKFS,2018,10.542736053466797,11.645890235900879,1.361448049545288,2.3218860626220703,0.12612710893154144,1.595173716545105,0.18059417605400085,0.10647887736558914,0.24095575511455536,0.3307299315929413,0.6818237900733948,11.81468677520752,44.53781509399414,,,,
UKFS_001,UKFS,2018,14.36663818359375,16.589418411254883,1.3866091966629028,3.5016651153564453,0.10862909257411957,2.659151554107666,0.23066727817058563,0.12728086113929749,0.274066686630249,0.4857296049594879,0.914862871170044,16.643009185791016,30.282751083374023,,,,
UKFS_011,UKFS,2018,16.0966854095459,17.70245361328125,1.302875280380249,2.8452165126800537,0.09217436611652374,2.2517855167388916,0.17321732640266418,0.10283742100000381,0.21868543326854706,0.4098360240459442,0.7812426090240479,17.92579460144043,24.176925659179688,,,,
UKFS_008,UKFS,2018,16.36757469177246,18.440410614013672,1.2974669933319092,3.733832836151123,0.07396949827671051,2.5467073917388916,0.17422975599765778,0.09035558998584747,0.2897472679615021,0.47071564197540283,0.9188615679740906,18.404069900512695,16.796476364135742,,,,
UKFS_017,UKFS,2018,9.394207954406738,9.826090812683105,1.3877615928649902,2.0251340866088867,0.17843902111053467,1.5702152252197266,0.21165800094604492,0.12618933618068695,0.25095871090888977,0.3006148934364319,0.6093801856040955,10.652118682861328,57.95513153076172,,,,
UKFS_019,UKFS,2018,13.51530647277832,15.34168815612793,1.3602023124694824,3.5677387714385986,0.10643864423036575,2.2997734546661377,0.18922896683216095,0.10186222940683365,0.3082994818687439,0.46158626675605774,0.8715134859085083,15.359973907470703,27.00275421142578,,,,
UKFS_016,UKFS,2018,13.300808906555176,14.761589050292969,1.4385912418365479,3.2142696380615234,0.15646860003471375,2.181711196899414,0.20472517609596252,0.12183091789484024,0.23843544721603394,0.4114849865436554,0.8136079907417297,15.049725532531738,35.01003646850586,,,,
UKFS_018,UKFS,2018,0.7019632458686829,0.029222378507256508,2.3860397338867188,0.000688167056068778,0.9987740516662598,0.1740039885044098,0.23666943609714508,0.16735056042671204,,,,0.8126987218856812,100.0,,,,
UKFS_014,UKFS,2018,13.383268356323242,15.313594818115234,1.3860700130462646,3.611616849899292,0.11469902843236923,2.402195930480957,0.20422692596912384,0.10843152552843094,0.31250736117362976,0.4804430305957794,0.8989700675010681,15.371471405029297,29.329856872558594,,,,
UKFS_015,UKFS,2018,12.074975967407227,11.8174467086792,1.528076410293579,2.883932113647461,0.2536419928073883,2.1661629676818848,0.20541121065616608,0.110389843583107,0.33364880084991455,0.48809871077537537,0.8868476748466492,13.868504524230957,46.920677185058594,,,,
UKFS_013,UKFS,2018,10.512081146240234,11.612530708312988,1.4770596027374268,2.939811944961548,0.19787442684173584,1.8958147764205933,0.20707833766937256,0.11310042440891266,0.2993599772453308,0.4802432060241699,0.8711305260658264,12.152393341064453,52.459136962890625,,,,
UKFS_025,UKFS,2018,6.815638065338135,0.25537267327308655,2.140109062194824,0.03795434907078743,0.9793692231178284,0.7400082945823669,0.12147735804319382,0.07673461735248566,0.22706937789916992,0.2136116325855255,0.4986865222454071,7.381567478179932,99.68218994140625,,,,
UKFS_032,UKFS,2019,11.884173393249512,16.211645126342773,1.528127908706665,4.944180965423584,0.11363938450813293,3.8622162342071533,0.3639538288116455,0.19555561244487762,0.6365410089492798,1.486033320426941,1.7246510982513428,15.869312286376953,39.23466110229492,,,,
UKFS_057,UKFS,2019,7.661487102508545,11.065962791442871,1.5728600025177002,3.38008975982666,0.1457938551902771,2.7775769233703613,0.3749645948410034,0.2092941701412201,0.7470078468322754,1.511669397354126,1.605744481086731,10.826051712036133,70.22148132324219,,,,
UKFS_051,UKFS,2019,5.925089359283447,8.741950988769531,1.5941195487976074,2.67171573638916,0.1696043759584427,2.040510654449463,0.3620377480983734,0.20664681494235992,0.7763473987579346,1.3879557847976685,1.458059310913086,8.456652641296387,87.75445556640625,,,,
UKFS_047,UKFS,2019,11.799127578735352,16.413345336914062,1.5158730745315552,5.267054557800293,0.08706935495138168,4.364038467407227,0.3890478014945984,0.20438987016677856,0.6638299226760864,1.6351567506790161,1.7768144607543945,16.089712142944336,35.411930084228516,,,,
UKFS_055,UKFS,2019,10.513096809387207,15.217632293701172,1.5612305402755737,4.878324508666992,0.10305853188037872,4.166254997253418,0.4282103180885315,0.23121176660060883,0.6728925704956055,1.5073107481002808,1.6401365995407104,14.841562271118164,46.309715270996094,,,,
UKFS_058,UKFS,2019,11.509697914123535,16.015090942382812,1.529234766960144,5.123424530029297,0.09519438445568085,4.2578911781311035,0.39475685358047485,0.20811299979686737,0.6614006161689758,1.5904638767242432,1.7449651956558228,15.721010208129883,37.434574127197266,,,,
UKFS_060,UKFS,2019,11.44996452331543,16.17249870300293,1.52949857711792,5.059107303619385,0.10032454133033752,4.173000812530518,0.3916020393371582,0.21052277088165283,0.6674448847770691,1.57732093334198,1.766390085220337,15.76113510131836,40.487464904785156,,,,
UKFS_056,UKFS,2019,14.44239616394043,18.914440155029297,1.5365241765975952,5.997211933135986,0.13239704072475433,4.374289035797119,0.3389933705329895,0.17919941246509552,0.5968286991119385,1.490012288093567,1.7053724527359009,18.69150161743164,32.59365463256836,,,,
UKFS_054,UKFS,2019,13.080181121826172,17.778173446655273,1.516857624053955,5.720040798187256,0.10166005045175552,4.5592427253723145,0.37053537368774414,0.19351620972156525,0.6453911066055298,1.609540581703186,1.757577896118164,17.429330825805664,32.14980697631836,,,,
UKFS_050,UKFS,2019,10.331589698791504,14.933621406555176,1.552794098854065,4.710168838500977,0.09787805378437042,4.036142826080322,0.42613181471824646,0.23116786777973175,0.6814224720001221,1.5141987800598145,1.6673524379730225,14.560253143310547,47.371253967285156,,,,
UKFS_046,UKFS,2019,14.156373023986816,19.1357364654541,1.522234559059143,6.314363956451416,0.10027971118688583,4.9840545654296875,0.37446823716163635,0.19238458573818207,0.642467737197876,1.6937798261642456,1.7794336080551147,18.770048141479492,28.85450553894043,,,,
UKFS_045,UKFS,2019,11.93731689453125,16.72539520263672,1.5265891551971436,5.289906024932861,0.08966042846441269,4.420191287994385,0.40051203966140747,0.21028241515159607,0.667835533618927,1.6528435945510864,1.8385895490646362,16.35932731628418,37.47407531738281,,,,
UKFS_043,UKFS,2019,14.61337661743164,19.756235122680664,1.5247535705566406,6.391018390655518,0.10233665257692337,5.094086647033691,0.37711796164512634,0.1940983682870865,0.6397833228111267,1.6923682689666748,1.80332350730896,19.386600494384766,28.737224578857422,,,,
UKFS_052,UKFS,2019,13.933072090148926,19.195537567138672,1.5336973667144775,6.301511764526367,0.09282533824443817,5.182829856872559,0.40301281213760376,0.20817820727825165,0.652285635471344,1.7008391618728638,1.7918308973312378,18.813825607299805,31.807756423950195,,,,
UKFS_059,UKFS,2019,13.977486610412598,18.901975631713867,1.5599464178085327,6.145784854888916,0.13008885085582733,4.737351894378662,0.37085196375846863,0.19507867097854614,0.6368454098701477,1.6495206356048584,1.7309263944625854,18.67253875732422,33.41905212402344,,,,
UKFS_048,UKFS,2019,12.089668273925781,15.529058456420898,1.6369155645370483,5.072194576263428,0.20672950148582458,4.169092655181885,0.37135112285614014,0.2005467563867569,0.6541852355003357,1.6114072799682617,1.6333930492401123,16.46468162536621,47.152469635009766,,,,
UKFS_049,UKFS,2019,13.277403831481934,18.662532806396484,1.5531702041625977,6.12307596206665,0.1041908711194992,4.992053031921387,0.40557143092155457,0.2129867672920227,0.6688843369483948,1.7391400337219238,1.7546722888946533,18.267709732055664,34.049434661865234,,,,
UKFS_031,UKFS,2019,14.556818008422852,19.625219345092773,1.5273573398590088,6.249772548675537,0.11432873457670212,4.818652629852295,0.3596344590187073,0.18939180672168732,0.624335527420044,1.6112055778503418,1.7973849773406982,19.269067764282227,31.404905319213867,,,,
UKFS_044,UKFS,2019,14.128718376159668,18.055503845214844,1.5227429866790771,5.606237888336182,0.13667836785316467,3.9594600200653076,0.3139832615852356,0.1662045270204544,0.579046905040741,1.3851524591445923,1.68739652633667,17.912324905395508,31.049928665161133,,,,
UKFS_053,UKFS,2019,11.669953346252441,16.361202239990234,1.5572822093963623,5.344726085662842,0.10640046000480652,4.374629497528076,0.4087071120738983,0.2164078950881958,0.6565711498260498,1.5594180822372437,1.6523879766464233,16.03582763671875,39.90461349487305,,,,
UKFS_007,UKFS,2019,11.524258613586426,14.789755821228027,1.7637454271316528,5.07819938659668,0.3122371733188629,5.864416122436523,0.5313091278076172,0.2826814353466034,0.6774980425834656,1.66000235080719,1.561654806137085,18.22269630432129,64.0938491821289,,,,
UKFS_005,UKFS,2019,9.386756896972656,10.976537704467773,1.5875910520553589,3.3611249923706055,0.26083052158355713,3.424069881439209,0.38248297572135925,0.2068108767271042,0.7203572392463684,1.5898263454437256,1.7853386402130127,13.03317642211914,65.86152648925781,,,,
UKFS_004,UKFS,2019,9.655572891235352,14.028358459472656,1.5795459747314453,4.453173637390137,0.11885080486536026,3.817605495452881,0.4252764880657196,0.23152486979961395,0.6854739189147949,1.4943504333496094,1.5898792743682861,13.697382926940918,52.31663513183594,,,,
UKFS_009,UKFS,2019,4.984026908874512,0.8751451969146729,1.9868602752685547,0.2594917118549347,0.9056738615036011,1.7495722770690918,0.36170467734336853,0.20650158822536469,0.7437732815742493,1.2284564971923828,1.2335222959518433,7.125566482543945,98.89171600341797,,,,
UKFS_006,UKFS,2019,9.513290405273438,13.73160457611084,1.5584696531295776,4.408908367156982,0.11168164014816284,3.722097396850586,0.4066920876502991,0.2215803861618042,0.7041428089141846,1.5504940748214722,1.6235638856887817,13.410021781921387,56.39896774291992,,,,
UKFS_012,UKFS,2019,8.497133255004883,12.040888786315918,1.5927594900131226,3.8404242992401123,0.16004422307014465,3.30954909324646,0.4129181504249573,0.22776494920253754,0.6946924328804016,1.4037691354751587,1.5256913900375366,12.123324394226074,64.59021759033203,,,,
UKFS_002,UKFS,2019,9.76941967010498,8.986440658569336,1.6863244771957397,2.82129168510437,0.44022953510284424,3.8953914642333984,0.41016149520874023,0.22327056527137756,0.7136003971099854,1.665747880935669,1.7277134656906128,13.92654037475586,69.2673110961914,,,,
UKFS_010,UKFS,2019,6.998579978942871,10.033034324645996,1.677844762802124,3.3271687030792236,0.21740952134132385,2.822082042694092,0.4179645776748657,0.23180830478668213,0.7286213636398315,1.4545947313308716,1.3973256349563599,10.393265724182129,80.6210708618164,,,,
UKFS_003,UKFS,2019,8.862530708312988,11.807604789733887,1.599971055984497,3.7471604347229004,0.20010559260845184,3.307877540588379,0.39133286476135254,0.2172853797674179,0.6967781782150269,1.5017516613006592,1.6311928033828735,12.53237247467041,64.32588958740234,,,,
UKFS_001,UKFS,2019,12.300567626953125,17.86601448059082,1.5629054307937622,5.651386737823486,0.08740541338920593,4.972354888916016,0.4543953835964203,0.24229075014591217,0.6437152028083801,1.5249310731887817,1.6715483665466309,17.440427780151367,38.932716369628906,,,,
UKFS_011,UKFS,2019,13.588565826416016,18.383930206298828,1.5423234701156616,5.685680866241455,0.11530295759439468,4.575202941894531,0.3849516212940216,0.20440536737442017,0.5970894694328308,1.3894364833831787,1.6409516334533691,18.096370697021484,36.66017532348633,,,,
UKFS_008,UKFS,2019,14.092708587646484,19.305753707885742,1.5287716388702393,6.283884525299072,0.10184027999639511,5.0156145095825195,0.3798654079437256,0.19797518849372864,0.6562623977661133,1.741041898727417,1.8134666681289673,18.945194244384766,30.041852951049805,,,,
UKFS_017,UKFS,2019,7.535357475280762,6.707716941833496,1.7889772653579712,2.1512930393218994,0.5003095269203186,3.0811729431152344,0.43372347950935364,0.24134506285190582,0.7401196360588074,1.4896632432937622,1.4808290004730225,11.113874435424805,83.32087707519531,,,,
UKFS_019,UKFS,2019,11.677980422973633,16.616165161132812,1.5267665386199951,5.315676212310791,0.08777938038110733,4.4492411613464355,0.4013676941394806,0.21429578959941864,0.6828911304473877,1.703184723854065,1.7883079051971436,16.254684448242188,38.203636169433594,,,,
UKFS_016,UKFS,2019,11.689911842346191,16.080781936645508,1.5660127401351929,5.125126838684082,0.1288428008556366,4.013301849365234,0.3844076693058014,0.2057052105665207,0.6228592991828918,1.4184900522232056,1.6178261041641235,15.785449981689453,41.36306381225586,,,,
UKFS_018,UKFS,2019,0.9333716630935669,0.09484627097845078,2.261870861053467,0.024202007800340652,0.9805812835693359,0.21951307356357574,0.2233482152223587,0.14401239156723022,0.7381707429885864,,0.013217897154390812,1.1329185962677002,100.0,,,,
UKFS_014,UKFS,2019,11.33818244934082,17.065542221069336,1.5506863594055176,5.527225971221924,0.0627492144703865,4.9921770095825195,0.47026339173316956,0.2511481046676636,0.6950271129608154,1.723684549331665,1.7427148818969727,16.609695434570312,39.13457489013672,,,,
UKFS_015,UKFS,2019,10.443699836730957,12.350228309631348,1.5997296571731567,3.841948986053467,0.24445731937885284,3.956372022628784,0.3987530767917633,0.21267706155776978,0.6860480904579163,1.6024272441864014,1.7568763494491577,14.487811088562012,55.210975646972656,,,,
UKFS_013,UKFS,2019,8.911151885986328,9.706793785095215,1.6574808359146118,3.065203905105591,0.35083603858947754,3.3113346099853516,0.3944001793861389,0.217014342546463,0.6770689487457275,1.4539034366607666,1.5954126119613647,12.559659957885742,70.78897094726562,,,,
UKFS_025,UKFS,2019,4.199896335601807,0.24366071820259094,2.0252363681793213,0.0705246701836586,0.9752455353736877,1.5014303922653198,0.34555578231811523,0.19890137016773224,0.7234342098236084,1.209072470664978,1.0584250688552856,6.0650434494018555,99.8881607055664,,,,
UKFS_032,UKFS,2020,12.204517364501953,15.387330055236816,1.4478083848953247,3.8482940196990967,0.11058442294597626,2.9199774265289307,0.2843399941921234,0.15413029491901398,0.5295920968055725,1.0709244012832642,1.6031209230422974,15.182524681091309,36.64960479736328,,,,
UKFS_057,UKFS,2020,8.269333839416504,10.62348747253418,1.4890317916870117,2.748305082321167,0.14647197723388672,2.028578758239746,0.27472323179244995,0.15399572253227234,0.6233513951301575,1.1188533306121826,1.5853908061981201,10.514958381652832,66.72238159179688,,,,
UKFS_051,UKFS,2020,6.445647239685059,8.501347541809082,1.512929916381836,2.203439474105835,0.15953263640403748,1.565109133720398,0.28128206729888916,0.16126428544521332,0.6478490829467773,1.003621220588684,1.3969091176986694,8.319169998168945,84.2803726196289,,,,
UKFS_047,UKFS,2020,12.545002937316895,15.668455123901367,1.4079581499099731,4.266627311706543,0.09100091457366943,3.0668752193450928,0.25962525606155396,0.13511686027050018,0.567364513874054,1.329965591430664,2.0437562465667725,15.479825973510742,29.672534942626953,,,,
UKFS_055,UKFS,2020,11.534055709838867,14.854348182678223,1.3961001634597778,3.5926902294158936,0.06953686475753784,3.0671579837799072,0.3016592562198639,0.16123992204666138,0.5620342493057251,1.1167126893997192,1.7562657594680786,14.602380752563477,36.52730941772461,,,,
UKFS_058,UKFS,2020,12.12870979309082,15.232505798339844,1.4327642917633057,4.186983585357666,0.09925214946269989,3.100163459777832,0.278359055519104,0.14501063525676727,0.5696041584014893,1.296970248222351,1.9571081399917603,15.073904037475586,32.92208480834961,,,,
UKFS_060,UKFS,2020,11.967101097106934,15.409342765808105,1.4072439670562744,3.7547390460968018,0.08263593167066574,3.071723461151123,0.29132458567619324,0.15814027190208435,0.546579897403717,1.1007252931594849,1.6820753812789917,15.139046669006348,35.084129333496094,,,,
UKFS_056,UKFS,2020,15.472721099853516,18.473745346069336,1.3741358518600464,4.202408313751221,0.0905027836561203,3.252455472946167,0.24249117076396942,0.1321476548910141,0.4637688994407654,0.9785302877426147,1.5732228755950928,18.467483520507812,24.059537887573242,,,,
UKFS_054,UKFS,2020,14.228321075439453,17.462875366210938,1.3682637214660645,4.327002048492432,0.072400763630867,3.362278699874878,0.25568559765815735,0.13258621096611023,0.5340383052825928,1.224074363708496,1.9050594568252563,17.26020622253418,23.011764526367188,,,,
UKFS_050,UKFS,2020,10.283526420593262,14.170124053955078,1.4809293746948242,3.7333903312683105,0.08029059320688248,3.2717652320861816,0.38026347756385803,0.20400097966194153,0.6019372344017029,1.1897404193878174,1.6647088527679443,13.826186180114746,47.085060119628906,,,,
UKFS_046,UKFS,2020,15.31516170501709,18.813762664794922,1.3614150285720825,4.781691551208496,0.06096749007701874,3.788045644760132,0.264397531747818,0.13263660669326782,0.5446918606758118,1.3434860706329346,2.1033430099487305,18.590496063232422,19.099149703979492,,,,
UKFS_045,UKFS,2020,12.123970985412598,15.924272537231445,1.4590908288955688,4.441056728363037,0.0866006389260292,3.5808799266815186,0.3352647125720978,0.1754738986492157,0.5754806399345398,1.300368070602417,1.8618329763412476,15.66909408569336,35.82020568847656,,,,
UKFS_043,UKFS,2020,15.790688514709473,19.523300170898438,1.3648083209991455,4.772143840789795,0.058960240334272385,3.953907012939453,0.27673855423927307,0.14069953560829163,0.543023943901062,1.329270362854004,2.055119276046753,19.305034637451172,19.98116111755371,,,,
UKFS_052,UKFS,2020,14.65662956237793,18.80264663696289,1.414823293685913,5.002845287322998,0.06355630606412888,4.226263523101807,0.32335376739501953,0.16453349590301514,0.5621243119239807,1.3681838512420654,2.0231525897979736,18.513469696044922,25.87826919555664,,,,
UKFS_059,UKFS,2020,15.256367683410645,18.71889305114746,1.3730230331420898,4.489881992340088,0.07762894034385681,3.5285820960998535,0.2556246519088745,0.13418498635292053,0.5342139005661011,1.2560045719146729,1.9367446899414062,18.598356246948242,23.078548431396484,,,,
UKFS_048,UKFS,2020,12.475889205932617,15.020342826843262,1.4540119171142578,3.8053200244903564,0.13873739540576935,3.030263662338257,0.271172434091568,0.14639560878276825,0.547312319278717,1.202375054359436,1.7791011333465576,15.536274909973145,39.707435607910156,,,,
UKFS_049,UKFS,2020,14.462745666503906,18.20809555053711,1.388401746749878,4.643486022949219,0.06996581703424454,3.7507526874542236,0.2833517789840698,0.1486523598432541,0.5535549521446228,1.304369330406189,1.9855690002441406,17.999553680419922,24.519508361816406,,,,
UKFS_031,UKFS,2020,15.7828950881958,19.21782875061035,1.3457183837890625,4.228131294250488,0.06726108491420746,3.4883804321289062,0.24903830885887146,0.13408005237579346,0.4936973750591278,1.085302710533142,1.7335814237594604,19.03996467590332,21.548864364624023,,,,
UKFS_044,UKFS,2020,14.893189430236816,17.76300811767578,1.3687808513641357,3.895432233810425,0.08946716040372849,3.002302408218384,0.23576945066452026,0.12773558497428894,0.46855854988098145,0.9209357500076294,1.5126537084579468,17.71828269958496,23.67161750793457,,,,
UKFS_053,UKFS,2020,12.482504844665527,15.7838134765625,1.4278913736343384,4.231151580810547,0.09012613445520401,3.2381181716918945,0.2913059592247009,0.1524895280599594,0.5594043135643005,1.2299904823303223,1.839528203010559,15.568720817565918,33.75421905517578,,,,
UKFS_007,UKFS,2020,11.48853588104248,14.257040023803711,1.6677584648132324,4.4701457023620605,0.2754306197166443,5.086877822875977,0.4522133767604828,0.2390783280134201,0.6017920970916748,1.3678845167160034,1.7928999662399292,17.187602996826172,61.095401763916016,,,,
UKFS_005,UKFS,2020,9.664306640625,10.563390731811523,1.5526769161224365,2.8502416610717773,0.24606172740459442,2.574265480041504,0.28681498765945435,0.1536710560321808,0.6244297027587891,1.3079220056533813,1.9626103639602661,12.32697582244873,63.6547966003418,,,,
UKFS_004,UKFS,2020,9.69347095489502,13.092718124389648,1.4988715648651123,3.5097410678863525,0.10595910251140594,3.0024819374084473,0.3641045391559601,0.19848966598510742,0.5795043706893921,1.0622987747192383,1.4601930379867554,12.849893569946289,50.61301803588867,,,,
UKFS_009,UKFS,2020,5.0328593254089355,0.8465332388877869,2.0659332275390625,0.22696572542190552,0.902165949344635,1.4714256525039673,0.31154701113700867,0.17848250269889832,0.6502926349639893,0.9294138550758362,1.1735438108444214,6.710944175720215,98.74085998535156,,,,
UKFS_006,UKFS,2020,10.270554542541504,13.21340274810791,1.4301480054855347,3.468761920928955,0.09349019080400467,2.6564178466796875,0.290999174118042,0.15599508583545685,0.586872398853302,1.1860507726669312,1.7671337127685547,12.968822479248047,50.423439025878906,,,,
UKFS_012,UKFS,2020,8.968222618103027,11.590683937072754,1.4881030321121216,3.079953908920288,0.1388012319803238,2.6744067668914795,0.33481699228286743,0.18209852278232574,0.6109844446182251,1.1224597692489624,1.6357073783874512,11.81467056274414,59.88420486450195,,,,
UKFS_002,UKFS,2020,9.403634071350098,8.727960586547852,1.5992214679718018,2.1696505546569824,0.3420853316783905,2.2897002696990967,0.250159353017807,0.13592691719532013,0.5619707703590393,1.231325387954712,1.8956830501556396,11.735228538513184,63.98551940917969,,,,
UKFS_010,UKFS,2020,7.767573356628418,9.969372749328613,1.5988285541534424,3.15722393989563,0.20562459528446198,2.317582368850708,0.31809964776039124,0.1722600907087326,0.634891152381897,1.252711534500122,1.624745488166809,10.283130645751953,76.14200592041016,,,,
UKFS_003,UKFS,2020,9.740338325500488,11.50936222076416,1.4931650161743164,2.9939355850219727,0.17633821070194244,2.4399685859680176,0.27341169118881226,0.14989547431468964,0.5846666097640991,1.1383322477340698,1.7261947393417358,12.28586196899414,55.62458801269531,,,,
UKFS_001,UKFS,2020,12.311307907104492,17.13810157775879,1.450014352798462,4.283049583435059,0.04945490136742592,4.056529521942139,0.3971292972564697,0.2109636664390564,0.5701892375946045,1.1902769804000854,1.7380352020263672,16.695892333984375,37.4830207824707,,,,
UKFS_011,UKFS,2020,14.536759376525879,18.189468383789062,1.3776615858078003,3.9979090690612793,0.0631319209933281,3.5140578746795654,0.29688358306884766,0.1566057801246643,0.510051429271698,1.0267094373703003,1.6462692022323608,17.946678161621094,28.404544830322266,,,,
UKFS_008,UKFS,2020,15.465139389038086,19.112653732299805,1.3623067140579224,4.778986930847168,0.06542148441076279,3.7058701515197754,0.25588852167129517,0.13088221848011017,0.5540093183517456,1.3841824531555176,2.1552326679229736,18.866119384765625,19.92995262145996,,,,
UKFS_017,UKFS,2020,7.191037654876709,6.698115825653076,1.7116934061050415,1.8906630277633667,0.4324318766593933,2.6621105670928955,0.4189966917037964,0.22795194387435913,0.647162914276123,1.2025871276855469,1.5179357528686523,10.290671348571777,81.68566131591797,,,,
UKFS_019,UKFS,2020,12.758533477783203,15.873842239379883,1.377933144569397,4.034127712249756,0.08038701862096786,2.924376964569092,0.24495799839496613,0.12899400293827057,0.5673573017120361,1.3240190744400024,2.099130630493164,15.641960144042969,29.445730209350586,,,,
UKFS_016,UKFS,2020,11.785908699035645,15.359626770019531,1.4659568071365356,4.014738082885742,0.09746260195970535,3.2777767181396484,0.33304232358932495,0.1793820708990097,0.5357584953308105,1.0587139129638672,1.568941354751587,15.138991355895996,38.99708557128906,,,,
UKFS_018,UKFS,2020,1.4910099506378174,0.34309062361717224,1.9760677814483643,0.05898100882768631,0.8403855562210083,0.1783161610364914,0.13071312010288239,0.07947103679180145,0.2548803389072418,0.5485826730728149,0.03955743461847305,1.6632435321807861,100.0,,,,
UKFS_014,UKFS,2020,11.568695068359375,15.736321449279785,1.473069667816162,4.28660249710083,0.08048128336668015,3.5304038524627686,0.3606325685977936,0.18995825946331024,0.5972394943237305,1.3360869884490967,1.8236641883850098,15.357637405395508,39.02939987182617,,,,
UKFS_015,UKFS,2020,10.760529518127441,11.679990768432617,1.5679082870483398,3.285978078842163,0.24943596124649048,2.9028799533843994,0.29369404911994934,0.15591837465763092,0.5921952724456787,1.2906804084777832,1.872367024421692,13.654657363891602,53.73388671875,,,,
UKFS_013,UKFS,2020,9.204412460327148,9.192055702209473,1.6461349725723267,2.642357349395752,0.35219672322273254,2.6427500247955322,0.31756478548049927,0.1720937043428421,0.6041592955589294,1.228289246559143,1.7218093872070312,12.041692733764648,69.55697631835938,,,,
UKFS_025,UKFS,2020,2.563338041305542,0.32878127694129944,2.0359668731689453,0.07693292200565338,0.9362469911575317,0.6210094690322876,0.21060124039649963,0.1224367618560791,0.5367584228515625,0.9915132522583008,1.1395930051803589,3.2728021144866943,99.80574035644531,,,,
UKFS_032,UKFS,2022,12.153038024902344,15.509169578552246,1.4767838716506958,4.076837062835693,0.11736132204532623,3.081944465637207,0.3009568452835083,0.15804967284202576,0.5173583626747131,1.0728808641433716,1.61824369430542,15.278983116149902,38.4647331237793,0.9093802571296692,0.6608915328979492,0.9031987190246582,0.5939226150512695
UKFS_057,UKFS,2022,8.621912956237793,10.962448120117188,1.4807841777801514,2.8846664428710938,0.14526981115341187,1.984694004058838,0.2529946267604828,0.13756422698497772,0.5831801295280457,1.088344931602478,1.657422423362732,10.816038131713867,65.66667175292969,0.8567848205566406,0.5617112517356873,0.8287465572357178,0.5216474533081055
UKFS_051,UKFS,2022,6.945765018463135,8.920580863952637,1.4750559329986572,2.268620491027832,0.14533774554729462,1.4721659421920776,0.2435387820005417,0.13518035411834717,0.6009034514427185,0.9595703482627869,1.5096650123596191,8.715829849243164,81.55845642089844,0.8699358701705933,0.5078252553939819,0.8504283428192139,0.4789317846298218
UKFS_047,UKFS,2022,12.715555191040039,15.864503860473633,1.4327144622802734,4.537962913513184,0.1026177629828453,3.1645309925079346,0.2639350891113281,0.13497769832611084,0.5314302444458008,1.2581384181976318,1.963795781135559,15.687512397766113,30.64295768737793,0.9228846430778505,0.7109640836715698,0.9127535820007324,0.6394599676132202
UKFS_055,UKFS,2022,11.507919311523438,15.051241874694824,1.418601393699646,3.858597993850708,0.06922215968370438,3.3241512775421143,0.3234156370162964,0.170588418841362,0.5448489785194397,1.112760305404663,1.7741891145706177,14.797201156616211,37.56050109863281,0.9224182367324828,0.7030500173568726,0.9093456268310548,0.6347307562828064
UKFS_058,UKFS,2022,12.04733657836914,15.4358491897583,1.4923473596572876,4.599973201751709,0.1206749826669693,3.329395294189453,0.30271682143211365,0.15573111176490784,0.545906126499176,1.2619212865829468,1.8333408832550049,15.239842414855957,36.640113830566406,0.9050138592720032,0.7138674259185791,0.8913208842277527,0.6362369060516357
UKFS_060,UKFS,2022,11.902369499206543,15.568388938903809,1.4435442686080933,4.018491744995117,0.09210082143545151,3.2304649353027344,0.30938634276390076,0.16386371850967407,0.5386670827865601,1.1364690065383911,1.7380601167678833,15.261808395385742,36.63829803466797,0.905540943145752,0.6653286814689636,0.8911928534507751,0.6043704748153687
UKFS_056,UKFS,2022,15.359082221984863,18.90398406982422,1.428432583808899,4.782204627990723,0.106809601187706,3.5450570583343506,0.26134830713272095,0.1356784552335739,0.48652440309524536,1.120458722114563,1.7636016607284546,18.786842346191406,27.05945587158203,0.9013671278953552,0.6336411237716675,0.8941925764083862,0.5740856528282166
UKFS_054,UKFS,2022,13.763716697692871,17.691822052001953,1.5003632307052612,5.416809558868408,0.12468234449625015,3.8479087352752686,0.3029301166534424,0.15635287761688232,0.535625159740448,1.2868582010269165,1.736219048500061,17.448354721069336,32.35377883911133,0.8906155824661255,0.6673747897148132,0.8725003004074097,0.6028239130973816
UKFS_050,UKFS,2022,10.245397567749023,14.041817665100098,1.4848209619522095,3.7167303562164307,0.08608408272266388,3.2429513931274414,0.3720938265323639,0.19996050000190735,0.5792574286460876,1.1157478094100952,1.6090788841247559,13.754766464233398,49.30890655517578,0.8739604949951172,0.5962069034576416,0.8574671149253845,0.5460295081138611
UKFS_046,UKFS,2022,14.934907913208008,19.081443786621094,1.4278172254562378,5.450300216674805,0.07958367466926575,4.261401176452637,0.3029102385044098,0.15371441841125488,0.5377680659294128,1.3481336832046509,2.029432773590088,18.840591430664062,24.45729637145996,0.8836736679077148,0.6466125249862671,0.8591493964195251,0.5908567905426025
UKFS_045,UKFS,2022,11.998394966125488,15.86433219909668,1.4768613576889038,4.603817462921143,0.09190104901790619,3.648768901824951,0.3415353298187256,0.1760120540857315,0.5606233477592468,1.2734166383743286,1.8425511121749878,15.604826927185059,38.463687896728516,0.9027037620544434,0.6776593923568726,0.8930471539497375,0.6053367853164673
UKFS_043,UKFS,2022,15.58926773071289,19.730281829833984,1.3844703435897827,5.018247604370117,0.054275430738925934,4.264557361602783,0.3016708791255951,0.15165486931800842,0.5270298719406128,1.3044346570968628,2.1098875999450684,19.46441078186035,22.379531860351562,0.920547366142273,0.6509432196617126,0.9127471446990968,0.5952016115188599
UKFS_052,UKFS,2022,14.134620666503906,18.82970428466797,1.4649759531021118,5.455257892608643,0.07046006619930267,4.684029579162598,0.36568236351013184,0.18715956807136536,0.5603716373443604,1.3568670749664307,1.9546512365341187,18.53346824645996,30.689416885375977,0.8537548184394836,0.5137515068054199,0.8325124382972717,0.4836873114109039
UKFS_059,UKFS,2022,14.831086158752441,18.818166732788086,1.4676178693771362,5.322503566741943,0.1117447093129158,4.022657871246338,0.2946549654006958,0.15213975310325623,0.543312132358551,1.3695204257965088,1.9740605354309082,18.738224029541016,29.543190002441406,0.9149082899093628,0.674182116985321,0.9032983779907228,0.6113301515579224
UKFS_048,UKFS,2022,12.663725852966309,15.020166397094727,1.569926381111145,4.341533184051514,0.2083323895931244,3.3695545196533203,0.2843478322029114,0.1503874510526657,0.5544068813323975,1.3302382230758667,1.8575282096862793,16.185518264770508,44.1662483215332,0.8886045813560486,0.6859340667724609,0.8690045475959778,0.614784300327301
UKFS_049,UKFS,2022,13.912622451782227,18.302236557006836,1.4800175428390503,5.420198917388916,0.10356947034597397,4.1483235359191895,0.32232242822647095,0.1678752452135086,0.5678547620773315,1.4067341089248657,1.9621555805206299,18.05223274230957,31.59773826599121,0.8970656394958496,0.6228734254837036,0.8812330365180969,0.5729013681411743
UKFS_031,UKFS,2022,15.538933753967285,19.65886116027832,1.4006342887878418,4.953030586242676,0.07514636963605881,3.9949228763580322,0.2840770184993744,0.14705510437488556,0.5200373530387878,1.2482330799102783,1.9550505876541138,19.392860412597656,24.354190826416016,0.9276588559150696,0.6753885746002197,0.9190739393234252,0.6159056425094604
UKFS_044,UKFS,2022,14.486644744873047,17.73110008239746,1.4556233882904053,4.571138381958008,0.12236590683460236,3.3693270683288574,0.27042892575263977,0.14272648096084595,0.4834001064300537,1.0342403650283813,1.5438696146011353,17.712919235229492,30.277050018310547,0.91310054063797,0.6871821284294128,0.9021121263504028,0.6200292706489563
UKFS_053,UKFS,2022,12.201095581054688,15.945820808410645,1.4751251935958862,4.632986545562744,0.09818674623966217,3.5557267665863037,0.32541412115097046,0.16838936507701874,0.5495098829269409,1.2360081672668457,1.840522050857544,15.689664840698242,37.870338439941406,0.9080937504768372,0.6626536250114441,0.8920565843582153,0.6048598289489746
UKFS_007,UKFS,2022,12.279037475585938,14.36988353729248,1.6354140043258667,4.434985637664795,0.2927347719669342,4.961969375610352,0.41679009795188904,0.21940827369689941,0.5736095309257507,1.3367011547088623,1.9325133562088013,17.93819236755371,60.054847717285156,0.8806496858596802,0.6444863080978394,0.856547474861145,0.5876895189285278
UKFS_005,UKFS,2022,10.10001277923584,10.641060829162598,1.5178370475769043,2.846900463104248,0.2585482597351074,2.635416030883789,0.28066083788871765,0.14778852462768555,0.5778999328613281,1.2006220817565918,1.9472628831863403,12.762809753417969,63.072731018066406,0.9105456471443176,0.6878846883773804,0.8984398245811462,0.6193810105323792
UKFS_004,UKFS,2022,9.4337739944458,12.963050842285156,1.526953101158142,3.7283718585968018,0.1154024600982666,3.1041667461395264,0.37442153692245483,0.20185649394989014,0.5806114077568054,1.0940756797790527,1.4560717344284058,12.707271575927734,54.0279541015625,0.9013490080833436,0.6416439414024353,0.8885621428489685,0.585238516330719
UKFS_009,UKFS,2022,4.826577663421631,0.7554756999015808,1.9040062427520752,0.19367164373397827,0.9107131361961365,1.466770052909851,0.32257330417633057,0.18131019175052643,0.6322198510169983,0.8312093615531921,1.1900027990341187,6.560866355895996,99.19527435302734,0.741670548915863,0.5013564825057983,0.6558141112327576,0.4793233871459961
UKFS_006,UKFS,2022,10.346319198608398,13.32697582244873,1.4549843072891235,3.6318461894989014,0.10615502297878265,2.7001097202301025,0.2931320369243622,0.15484283864498138,0.5506550073623657,1.1094242334365845,1.6857173442840576,13.087831497192383,51.53398132324219,0.909287929534912,0.6877613067626953,0.8964165449142456,0.6200634241104126
UKFS_012,UKFS,2022,9.011101722717285,11.746554374694824,1.475088119506836,3.138932704925537,0.12450921535491943,2.764488697052002,0.34105342626571655,0.1824488639831543,0.580928385257721,1.0756099224090576,1.6643257141113281,11.947315216064453,59.66086959838867,0.918220043182373,0.6670019030570984,0.9053086638450624,0.6084360480308533
UKFS_002,UKFS,2022,10.832113265991211,8.251812934875488,1.6717712879180908,2.2385337352752686,0.4684753119945526,2.827611207962036,0.2756127417087555,0.1441592574119568,0.5746446251869202,1.290067195892334,1.994125247001648,13.658052444458008,66.49933624267578,0.9258739948272704,0.727418065071106,0.9144197106361388,0.6530386209487915
UKFS_010,UKFS,2022,8.193960189819336,10.172557830810547,1.590294599533081,3.273005962371826,0.21282735466957092,2.3015639781951904,0.29983994364738464,0.15942028164863586,0.5915889739990234,1.1779682636260986,1.5804493427276611,10.59288215637207,72.3443374633789,0.9188028573989868,0.6724315881729126,0.9022344946861268,0.6158663630485535
UKFS_003,UKFS,2022,10.25713062286377,11.724864959716797,1.4998276233673096,3.1154661178588867,0.19675865769386292,2.445788860321045,0.2600131034851074,0.140005424618721,0.5458279848098755,1.0824912786483765,1.6672672033309937,12.733508110046387,52.0655517578125,0.9271920919418336,0.6969799399375916,0.918034553527832,0.6307106018066406
UKFS_001,UKFS,2022,12.232341766357422,17.059738159179688,1.4321705102920532,4.222841262817383,0.04166530445218086,4.024782180786133,0.38530588150024414,0.20188452303409576,0.5523714423179626,1.1574026346206665,1.850185751914978,16.61184310913086,39.08542251586914,0.9132267236709596,0.6626181602478027,0.9027318358421326,0.603926420211792
UKFS_011,UKFS,2022,13.72375774383545,17.883197784423828,1.5128052234649658,5.052137851715088,0.12818413972854614,3.920044422149658,0.32733023166656494,0.1718762367963791,0.5044084191322327,1.0901135206222534,1.5313079357147217,17.712146759033203,37.82439041137695,0.9169957041740416,0.6884171366691589,0.913388729095459,0.615001916885376
UKFS_008,UKFS,2022,14.938468933105469,19.303760528564453,1.4751712083816528,5.890892505645752,0.10826308280229568,4.263286113739014,0.30383917689323425,0.15683358907699585,0.5579646229743958,1.4358125925064087,1.9592276811599731,19.027482986450195,28.478910446166992,0.8981794714927673,0.6614777445793152,0.8849223852157593,0.5981186628341675
UKFS_017,UKFS,2022,7.76678991317749,5.8428568840026855,1.7587344646453857,1.567110538482666,0.5253839492797852,2.5503346920013428,0.3854367733001709,0.20552276074886322,0.6070459485054016,1.0836372375488281,1.6055055856704712,10.653883934020996,83.02351379394531,0.8668601512908936,0.5987988114356995,0.8380568027496338,0.5525850653648376
UKFS_019,UKFS,2022,12.806503295898438,16.09424591064453,1.427839756011963,4.549038887023926,0.10349927842617035,3.1089932918548584,0.25453686714172363,0.13247457146644592,0.5522709488868713,1.34249746799469,2.056807279586792,15.877598762512207,32.36132049560547,0.926543354988098,0.7091689705848694,0.9135496020317078,0.6424804925918579
UKFS_016,UKFS,2022,11.757696151733398,15.258769035339355,1.4813436269760132,4.048468589782715,0.10960813611745834,3.228757619857788,0.32398679852485657,0.1698833554983139,0.5217424631118774,1.0678770542144775,1.6409417390823364,15.027205467224121,40.662654876708984,0.9224961996078492,0.6934303045272827,0.913299024105072,0.6255193948745728
UKFS_018,UKFS,2022,1.0126054286956787,0.0607864186167717,2.337954521179199,0.0022879522293806076,0.9983893036842346,0.2155720293521881,0.18763312697410583,0.1220758706331253,0.5850231051445007,,0.0,1.1923280954360962,100.0,0.7763223648071289,0.5081878304481506,0.709629237651825,0.483177125453949
UKFS_014,UKFS,2022,11.351025581359863,15.16670036315918,1.5196495056152344,4.345849514007568,0.1267070174217224,3.3312416076660156,0.33579161763191223,0.17493464052677155,0.5747276544570923,1.288895606994629,1.7870280742645264,14.896218299865723,44.06312561035156,0.9191713929176332,0.6739069223403931,0.9056240916252136,0.6152880191802979
UKFS_015,UKFS,2022,10.838949203491211,11.768830299377441,1.529796838760376,3.2926976680755615,0.2394169121980667,2.9779672622680664,0.29644399881362915,0.15425759553909302,0.5595566034317017,1.2180564403533936,1.870352029800415,13.754068374633789,53.305660247802734,0.9038894176483154,0.6342650651931763,0.8834071755409241,0.5832929611206055
UKFS_013,UKFS,2022,9.463722229003906,8.82448673248291,1.695508599281311,2.448086977005005,0.3778330683708191,2.576312780380249,0.30581820011138916,0.16214805841445923,0.544273316860199,1.0590564012527466,1.6172775030136108,12.14584732055664,69.0029296875,0.8935006856918335,0.6592621803283691,0.8696248531341553,0.6014068722724915
UKFS_025,UKFS,2022,5.003593921661377,0.2620355784893036,1.9406325817108154,0.051907021552324295,0.9728032946586609,1.1474798917770386,0.23465633392333984,0.13215209543704987,0.5244887471199036,0.8695394992828369,1.1778631210327148,6.233613967895508,99.7149658203125,0.6908891797065735,0.4521738886833191,0.5967605113983154,0.4351600110530853
UKFS_032,UKFS,2023,11.651056289672852,15.383126258850098,1.5310579538345337,4.36656379699707,0.13140618801116943,3.4044394493103027,0.34815341234207153,0.18839138746261597,0.5624557137489319,1.151865005493164,1.501814365386963,15.133846282958984,41.883766174316406,0.881132960319519,0.6464210152626038,0.8654670119285583,0.5830500721931458
UKFS_057,UKFS,2023,8.20468521118164,10.985014915466309,1.5383177995681763,3.179774761199951,0.15878474712371826,2.2908782958984375,0.3047458529472351,0.16937078535556793,0.6537807583808899,1.2537912130355835,1.573504090309143,10.787569999694824,69.06877899169922,0.8084997534751892,0.5107495784759521,0.7681735754013062,0.4788121283054352
UKFS_051,UKFS,2023,6.750121116638184,9.03858757019043,1.5169517993927002,2.4675421714782715,0.1561107486486435,1.6840524673461914,0.28271010518074036,0.15959270298480988,0.6775110960006714,1.151403546333313,1.5306284427642822,8.791226387023926,82.3795394897461,0.8276758790016174,0.4859929382801056,0.8012633919715881,0.4574878215789795
UKFS_047,UKFS,2023,12.305255889892578,16.095245361328125,1.4863721132278442,4.954999923706055,0.10665255039930344,3.6336004734039307,0.31911614537239075,0.16685150563716888,0.5895536541938782,1.4068384170532227,1.8433091640472412,15.852276802062988,33.64585494995117,0.8765705823898315,0.6601063013076782,0.8504509329795837,0.5985599756240845
UKFS_055,UKFS,2023,10.744438171386719,14.988991737365723,1.5293751955032349,4.424931526184082,0.10513041168451309,3.7924907207489014,0.3958238363265991,0.21422475576400757,0.6045277714729309,1.2547962665557861,1.6232457160949707,14.682112693786621,45.215667724609375,0.8815133571624756,0.6456040143966675,0.8601516485214233,0.5878252983093262
UKFS_058,UKFS,2023,11.63342571258545,15.558478355407715,1.5310167074203491,4.910317897796631,0.12074257433414459,3.7106332778930664,0.35232964158058167,0.18541227281093597,0.6012083292007446,1.3919001817703247,1.741207480430603,15.319555282592773,39.494998931884766,0.8668501377105713,0.6686158776283264,0.8373656272888184,0.6025577783584595
UKFS_060,UKFS,2023,11.215991973876953,15.350212097167969,1.5254544019699097,4.4621429443359375,0.11568041145801544,3.6387579441070557,0.3693746328353882,0.20028112828731537,0.5911772847175598,1.2488781213760376,1.609397292137146,15.04089069366455,42.34718704223633,0.8680578470230103,0.6141931414604187,0.8447210192680359,0.5631935596466064
UKFS_056,UKFS,2023,15.078540802001953,18.752120971679688,1.4750330448150635,5.143857955932617,0.1233137771487236,3.8276078701019287,0.2949635684490204,0.15991777181625366,0.4993220567703247,1.1407579183578491,1.5751866102218628,18.691125869750977,29.302749633789062,0.8732370138168335,0.6055376529693604,0.8552999496459961,0.5529053211212158
UKFS_054,UKFS,2023,13.208327293395996,17.769092559814453,1.5594455003738403,5.8541107177734375,0.12895828485488892,4.46776008605957,0.3716786205768585,0.19570395350456238,0.5773311257362366,1.385610818862915,1.591286063194275,17.51706886291504,35.5643196105957,0.8602206707000732,0.6263625621795654,0.830327570438385,0.572359025478363
UKFS_050,UKFS,2023,9.79621410369873,14.061395645141602,1.5110341310501099,3.891794204711914,0.0774448812007904,3.488692283630371,0.4181672930717468,0.22495608031749725,0.6393479704856873,1.282299280166626,1.7164058685302734,13.652813911437988,52.02921676635742,0.8594646453857422,0.5849879384040833,0.8407328724861145,0.536785900592804
UKFS_046,UKFS,2023,14.497191429138184,19.147262573242188,1.526114821434021,6.145058631896973,0.12014909833669662,4.679936408996582,0.3505987226963043,0.18075866997241974,0.5812675952911377,1.463557481765747,1.7509299516677856,18.87834930419922,29.746286392211914,0.8461041450500488,0.5875787734985352,0.8163278102874756,0.5406978726387024
UKFS_045,UKFS,2023,11.540145874023438,15.853621482849121,1.5231194496154785,4.821574687957764,0.09837735444307327,3.999159812927246,0.3894176483154297,0.20438796281814575,0.6080255508422852,1.3707778453826904,1.7437666654586792,15.555148124694824,41.299373626708984,0.8787374496459961,0.6405066251754761,0.8690634369850159,0.5737144351005554
UKFS_043,UKFS,2023,14.981369018554688,19.81131935119629,1.4916833639144897,5.994631767272949,0.09524864703416824,4.844695091247559,0.3554178476333618,0.18230995535850525,0.5903710722923279,1.5136981010437012,1.9368008375167847,19.505657196044922,28.282001495361328,0.8890174627304077,0.585306704044342,0.874976396560669,0.5423136949539185
UKFS_052,UKFS,2023,13.56165885925293,18.70604133605957,1.5394200086593628,5.86424446105957,0.09855250269174576,4.930734634399414,0.4067964255809784,0.21178048849105835,0.603498101234436,1.4773778915405273,1.7979145050048828,18.36191749572754,35.39057540893555,0.8533316254615784,0.5225870013237,0.8335786461830139,0.4902923107147217
UKFS_059,UKFS,2023,14.205665588378906,18.801254272460938,1.5399714708328247,5.923985481262207,0.12324482947587967,4.563944339752197,0.36048242449760437,0.18935373425483704,0.5706390738487244,1.395674705505371,1.6509184837341309,18.619407653808594,33.8847770690918,0.8644511103630066,0.6215382814407349,0.8354271054267883,0.5684249401092529
UKFS_048,UKFS,2023,12.07064437866211,15.237914085388184,1.569709062576294,4.606207370758057,0.17888392508029938,3.678098201751709,0.3354555070400238,0.18138930201530457,0.5813218951225281,1.3369578123092651,1.6485919952392578,15.877958297729492,45.32025146484375,0.8598547577857971,0.6472110748291016,0.8273593783378601,0.5877479314804077
UKFS_049,UKFS,2023,13.423492431640625,18.24893569946289,1.5383784770965576,5.733165740966797,0.11374612897634506,4.57484245300293,0.3773329555988312,0.19914013147354126,0.5999891757965088,1.4694538116455078,1.769126534461975,17.98607063293457,34.87520217895508,0.8744056224822998,0.5846899151802063,0.8487505912780762,0.5443914532661438
UKFS_031,UKFS,2023,15.196481704711914,19.630508422851562,1.5068715810775757,5.89592981338501,0.12199333310127258,4.369644641876221,0.32428792119026184,0.17100407183170319,0.5524258613586426,1.3316118717193604,1.6795456409454346,19.368999481201172,29.872920989990234,0.8668533563613892,0.5839316844940186,0.8397282958030701,0.5422588586807251
UKFS_044,UKFS,2023,13.964035034179688,17.635587692260742,1.5215895175933838,5.008076190948486,0.1398482769727707,3.7265563011169434,0.3181827664375305,0.17122772336006165,0.517953634262085,1.1087868213653564,1.4864884614944458,17.56683921813965,33.62767028808594,0.8828057050704956,0.6441941261291504,0.8619636297225952,0.5867133140563965
UKFS_053,UKFS,2023,11.653332710266113,15.874368667602539,1.5428671836853027,4.98325252532959,0.11627131700515747,3.9402263164520264,0.3798705041408539,0.20093709230422974,0.6053795218467712,1.363222599029541,1.676842451095581,15.60599136352539,42.23686218261719,0.878159761428833,0.6030976176261902,0.8520854115486145,0.5586990118026733
UKFS_007,UKFS,2023,11.838665008544922,14.483338356018066,1.669939398765564,4.611217498779297,0.28663283586502075,5.0916666984558105,0.44548043608665466,0.23712697625160217,0.6156101822853088,1.4322935342788696,1.8721152544021606,17.634782791137695,62.06245040893555,0.8429446220397949,0.6164535284042358,0.8059432506561279,0.5651044845581055
UKFS_005,UKFS,2023,9.915398597717285,10.803468704223633,1.5233252048492432,3.090151309967041,0.26650118827819824,2.8212552070617676,0.31129980087280273,0.16751517355442047,0.6301133632659912,1.3262286186218262,1.8359521627426147,12.83450698852539,63.761634826660156,0.881924033164978,0.6576693654060364,0.8600566387176514,0.5958367586135864
UKFS_004,UKFS,2023,8.741241455078125,12.62281608581543,1.590765118598938,3.8288607597351074,0.1280968189239502,3.382181167602539,0.44022947549819946,0.24481754004955292,0.6100190877914429,1.1196318864822388,1.3476747274398804,12.358899116516113,58.976280212402344,0.8609265685081482,0.5842099189758301,0.8364525437355042,0.5406157374382019
UKFS_009,UKFS,2023,4.501893997192383,0.797917366027832,2.0894439220428467,0.22275424003601074,0.9054528474807739,1.524786353111267,0.3578912317752838,0.20459319651126862,0.6939690709114075,0.9561858177185059,1.1267246007919312,6.347445487976074,99.26582336425781,0.6419675946235657,0.4001811444759369,0.5426439642906189,0.3869442343711853
UKFS_006,UKFS,2023,9.846000671386719,13.417210578918457,1.5246777534484863,4.066725730895996,0.11550137400627136,3.238983631134033,0.3652895390987396,0.19657498598098755,0.6265220046043396,1.2816407680511475,1.5989375114440918,13.14810562133789,54.91498947143555,0.8806611895561218,0.6415268778800964,0.86092209815979,0.584189772605896
UKFS_012,UKFS,2023,8.30709457397461,11.629610061645508,1.5802066326141357,3.516387462615967,0.16022586822509766,3.097896099090576,0.4059069752693176,0.22277182340621948,0.6488106846809387,1.2364062070846558,1.5369505882263184,11.758857727050781,66.3467788696289,0.8725992441177368,0.5968098640441895,0.851690411567688,0.5508893728256226
UKFS_002,UKFS,2023,10.2240629196167,8.79509162902832,1.6867015361785889,2.6839914321899414,0.45046693086624146,3.2897982597351074,0.3431559205055237,0.18518084287643433,0.6406481266021729,1.4417140483856201,1.7438535690307617,13.665700912475586,68.19338989257812,0.878237247467041,0.627169132232666,0.8596195578575134,0.5728108882904053
UKFS_010,UKFS,2023,7.955177307128906,10.258264541625977,1.6487733125686646,3.4230360984802246,0.23473183810710907,2.4597129821777344,0.32925477623939514,0.1792336106300354,0.6456084251403809,1.308674693107605,1.4915244579315186,10.660255432128906,74.73490142822266,0.8892471790313721,0.6499637961387634,0.868553638458252,0.5935167670249939
UKFS_003,UKFS,2023,10.058157920837402,12.010979652404785,1.5313940048217773,3.4204349517822266,0.1997411549091339,2.629138469696045,0.2858451306819916,0.1579381674528122,0.5910012722015381,1.211318850517273,1.6495869159698486,12.794124603271484,53.94373321533203,0.8934621810913086,0.6487141847610474,0.8750823140144348,0.5919632911682129
UKFS_001,UKFS,2023,11.719017028808594,16.467683792114258,1.4966671466827393,4.416079044342041,0.07814719527959824,4.087554931640625,0.4097289741039276,0.22287708520889282,0.572625994682312,1.1727657318115234,1.6130400896072388,16.080293655395508,43.771202087402344,0.893524169921875,0.6385710835456848,0.877480685710907,0.584175705909729
UKFS_011,UKFS,2023,13.150507926940918,17.445899963378906,1.5611287355422974,5.231619358062744,0.14372657239437103,4.131156921386719,0.36467382311820984,0.1960509717464447,0.5443517565727234,1.1609965562820435,1.472442388534546,17.260311126708984,40.780887603759766,0.8934303522109985,0.6454851627349854,0.8854276537895203,0.5814564824104309
UKFS_008,UKFS,2023,14.307219505310059,19.4299373626709,1.548161506652832,6.3802618980407715,0.11588800698518753,4.934263706207275,0.3761020600795746,0.19524653255939484,0.5954018831253052,1.538697600364685,1.7429726123809814,19.104711532592773,32.2771110534668,0.8600296378135681,0.5984496474266052,0.8330132961273193,0.5500114560127258
UKFS_017,UKFS,2023,7.065501689910889,6.622067928314209,1.7804666757583618,1.9887909889221191,0.46419471502304077,2.831979751586914,0.45430904626846313,0.24746933579444885,0.6847025156021118,1.2507567405700684,1.4329570531845093,10.44063949584961,83.46788024902344,0.8267787098884583,0.541052520275116,0.7934984564781189,0.5040324926376343
UKFS_019,UKFS,2023,12.159368515014648,16.22171974182129,1.5129051208496094,5.102058410644531,0.12035098671913147,3.72516131401062,0.32816314697265625,0.1741742491722107,0.6060348749160767,1.4583501815795898,1.8017350435256958,15.947961807250977,38.199195861816406,0.8777247667312622,0.6531983613967896,0.851418137550354,0.5957269668579102
UKFS_016,UKFS,2023,11.146819114685059,15.098457336425781,1.5504810810089111,4.427382946014404,0.1279352754354477,3.573885917663574,0.3784901797771454,0.20355232059955597,0.5779823660850525,1.1897664070129395,1.529013752937317,14.84164047241211,45.20553970336914,0.8583412766456604,0.5750647783279419,0.8311328887939453,0.5337061285972595
UKFS_018,UKFS,2023,0.9919896721839905,0.09243979305028915,2.284656524658203,0.018200911581516266,0.9755114316940308,0.16766884922981262,0.1705782264471054,0.10968449711799622,0.545428991317749,0.0,0.018595295026898384,1.1414721012115479,100.0,0.7339805960655212,0.5098689198493958,0.6579232215881348,0.4798700213432312
UKFS_014,UKFS,2023,10.609090805053711,15.123624801635742,1.5449374914169312,4.607686996459961,0.09708321839570999,3.8821325302124023,0.41693857312202454,0.22164392471313477,0.6290236115455627,1.3876246213912964,1.6445441246032715,14.761419296264648,47.51765060424805,0.8791037797927856,0.6312541961669922,0.8525584936141968,0.5798658132553101
UKFS_015,UKFS,2023,10.6626558303833,11.846473693847656,1.5347115993499756,3.475778579711914,0.24987152218818665,3.123311758041382,0.3198329210281372,0.16998335719108582,0.6104735732078552,1.3419995307922363,1.820069670677185,13.790102005004883,54.44489288330078,0.8569532632827759,0.5905299782752991,0.8219760060310364,0.5473710894584656
UKFS_013,UKFS,2023,9.116497039794922,9.420770645141602,1.6843777894973755,2.75754451751709,0.33578914403915405,2.731661796569824,0.33510488271713257,0.18389077484607697,0.5885471105575562,1.1416417360305786,1.5272220373153687,11.97747802734375,68.32444763183594,0.7966119647026062,0.5125395059585571,0.747519850730896,0.481855034828186
UKFS_025,UKFS,2023,4.0152668952941895,0.27301815152168274,2.066072463989258,0.06822793930768967,0.9673126339912415,1.117318868637085,0.2730432450771332,0.1571725457906723,0.66026771068573,1.1145707368850708,1.164530634880066,5.270277500152588,99.755126953125,0.5932772755622864,0.3530943393707275,0.4772025048732757,0.3477179706096649
UKFS_032,UKFS,2024,11.624914169311523,15.052958488464355,1.5061079263687134,4.089131832122803,0.1252581626176834,3.265228509902954,0.3361400365829468,0.18457207083702087,0.5413711071014404,1.0785011053085327,1.503868579864502,14.891493797302246,41.93764114379883,0.8921766877174377,0.5822417140007019,0.8706308603286743,0.5437875986099243
UKFS_057,UKFS,2024,8.388947486877441,10.999608039855957,1.5168687105178833,3.0496065616607666,0.15536364912986755,2.1469056606292725,0.28386521339416504,0.15816086530685425,0.63576740026474,1.2010365724563599,1.6097511053085327,10.807893753051758,67.50659942626953,0.8432490825653076,0.5002599954605103,0.8060474991798401,0.4776420891284942
UKFS_051,UKFS,2024,6.86815881729126,9.101298332214355,1.5093708038330078,2.44388484954834,0.15600208938121796,1.6510753631591797,0.27337148785591125,0.15505822002887726,0.6649169921875,1.1226431131362915,1.5207369327545166,8.858490943908691,81.60575866699219,0.8432711958885193,0.4841852188110351,0.803986132144928,0.4641232490539551
UKFS_047,UKFS,2024,12.530069351196289,16.000444412231445,1.4575918912887573,4.717555046081543,0.10748985409736633,3.3663535118103027,0.2869771420955658,0.1505839079618454,0.5737140774726868,1.355448842048645,1.9187544584274292,15.785626411437988,32.166343688964844,0.8980046510696411,0.6503872275352478,0.8692854046821594,0.6019700765609741
UKFS_055,UKFS,2024,11.243385314941406,15.124805450439453,1.464275598526001,4.086801528930664,0.08602838218212128,3.519035577774048,0.3524670898914337,0.19033142924308777,0.5888990759849548,1.213873267173767,1.7464255094528198,14.835976600646973,40.685794830322266,0.902478039264679,0.6364040374755859,0.878854513168335,0.5894421339035034
UKFS_058,UKFS,2024,11.853955268859863,15.503761291503906,1.491628646850586,4.630965232849121,0.11316544562578201,3.4560186862945557,0.3194979429244995,0.16807419061660767,0.5915820598602295,1.3686871528625488,1.8729838132858276,15.266342163085938,37.593955993652344,0.8967664241790771,0.6213517189025879,0.8704730272293091,0.5791833400726318
UKFS_060,UKFS,2024,11.487418174743652,15.250021934509277,1.4694182872772217,4.056332111358643,0.09963605552911758,3.342930316925049,0.33508720993995667,0.18272429704666138,0.5685558319091797,1.1634776592254639,1.6449000835418701,14.960079193115234,39.83307647705078,0.8984682559967041,0.6158629059791565,0.8741641640663147,0.5743007659912109
UKFS_056,UKFS,2024,15.445645332336426,18.746145248413086,1.4265519380569458,4.727514743804932,0.11130200326442719,3.521975040435791,0.2624552547931671,0.1439664363861084,0.47394582629203796,1.0372856855392456,1.5488165616989136,18.747995376586914,26.59087562561035,0.8920451402664185,0.5918769240379333,0.8708018064498901,0.5516181588172913
UKFS_054,UKFS,2024,13.929974555969238,17.75669288635254,1.4560737609863281,5.118013858795166,0.1010831892490387,3.872589349746704,0.30371102690696716,0.16057749092578888,0.5522776246070862,1.2989667654037476,1.8023113012313843,17.553049087524414,29.095478057861328,0.9058022499084472,0.6262404918670654,0.8833379745483398,0.5833531022071838
UKFS_050,UKFS,2024,9.650551795959473,13.5205078125,1.4911061525344849,3.6402478218078613,0.08078484237194061,3.3195950984954834,0.3991616666316986,0.21972773969173431,0.6099762320518494,1.1232078075408936,1.5786895751953125,13.221731185913086,54.227237701416016,0.8738033175468445,0.5969847440719604,0.8450257182121277,0.5543972253799438
UKFS_046,UKFS,2024,15.29797649383545,19.193666458129883,1.414145827293396,5.343881130218506,0.0815986841917038,4.159332275390625,0.28982874751091003,0.15076300501823425,0.5396559834480286,1.3019657135009766,1.8726215362548828,18.993730545043945,22.470121383666992,0.877058207988739,0.6344282031059265,0.8503644466400146,0.5824177861213684
UKFS_045,UKFS,2024,11.568596839904785,15.640138626098633,1.4912866353988647,4.565913200378418,0.09031065553426743,3.7964468002319336,0.3678804337978363,0.19356213510036469,0.6064467430114746,1.355951189994812,1.8442747592926025,15.354536056518555,40.792266845703125,0.910189926624298,0.6115164756774902,0.8992341160774231,0.5654408931732178
UKFS_043,UKFS,2024,15.531525611877441,19.743120193481445,1.3904519081115723,5.07906436920166,0.05786605924367905,4.385935306549072,0.31165263056755066,0.16297081112861633,0.5427910685539246,1.2934248447418213,1.9208714962005615,19.50574493408203,23.070293426513672,0.8868511915206909,0.604152500629425,0.867345929145813,0.5576133728027344
UKFS_052,UKFS,2024,13.966212272644043,18.689563751220703,1.4571490287780762,5.289832592010498,0.0670873373746872,4.6042304039001465,0.3662525415420532,0.18889622390270233,0.5963003039360046,1.4636319875717163,2.051443576812744,18.329654693603516,31.204914093017578,0.8653514385223389,0.5621660351753235,0.8402441143989563,0.5233368277549744
UKFS_059,UKFS,2024,14.739253997802734,18.5313720703125,1.436988115310669,4.965531349182129,0.09712522476911545,3.92364764213562,0.29872745275497437,0.1603732854127884,0.5293549299240112,1.239217758178711,1.769315242767334,18.44052505493164,28.741111755371094,0.9014535546302797,0.6155596971511841,0.8763538599014282,0.5747689008712769
UKFS_048,UKFS,2024,11.788054466247559,14.886265754699707,1.4628154039382935,4.051797866821289,0.1265731006860733,3.166105031967163,0.2926102876663208,0.16055408120155334,0.5284736752510071,1.1986570358276367,1.689495325088501,15.007762908935547,43.31439971923828,0.896893322467804,0.6060167551040649,0.8715704083442688,0.5666365623474121
UKFS_049,UKFS,2024,14.08102798461914,18.361154556274414,1.4504932165145874,5.17193078994751,0.08921941369771957,4.120748996734619,0.31953269243240356,0.16916656494140625,0.5766916275024414,1.3990237712860107,1.9672178030014038,18.11590576171875,29.192218780517578,0.909233570098877,0.6334459185600281,0.8872262835502625,0.588470458984375
UKFS_031,UKFS,2024,15.694575309753418,19.66900062561035,1.383142352104187,4.768224716186523,0.07190290093421936,3.904782772064209,0.2778592109680176,0.14813865721225739,0.5281693935394287,1.2194535732269287,1.8368651866912842,19.423179626464844,23.188013076782227,0.8965142369270325,0.6130883693695068,0.8729498982429504,0.5708491206169128
UKFS_044,UKFS,2024,14.22164249420166,17.535579681396484,1.4550786018371582,4.491422653198242,0.11833231151103973,3.35908579826355,0.28014785051345825,0.15119855105876923,0.5049514770507812,1.0465648174285889,1.5507017374038696,17.480899810791016,30.531391143798828,0.8952980637550354,0.6048569083213806,0.8734617829322815,0.5633479356765747
UKFS_053,UKFS,2024,11.868369102478027,15.795411109924316,1.49513840675354,4.594492435455322,0.10240701586008072,3.6585192680358887,0.3497755527496338,0.1850683093070984,0.5882464051246643,1.3024057149887085,1.7636576890945435,15.517553329467773,40.271484375,0.8864153027534485,0.6067782640457153,0.860007107257843,0.5630465149879456
UKFS_007,UKFS,2024,11.964479446411133,14.630882263183594,1.664546012878418,4.545209884643555,0.2702101469039917,4.947631359100342,0.42588627338409424,0.22733689844608307,0.6046679615974426,1.4021865129470825,1.9288462400436401,17.512924194335938,60.46073913574219,0.8720183372497559,0.5870678424835205,0.8427435159683228,0.5483160018920898
UKFS_005,UKFS,2024,9.726808547973633,10.786839485168457,1.6166203022003174,3.141709804534912,0.2720099985599518,2.8631811141967773,0.3220369219779968,0.1728985607624054,0.6464760899543762,1.3850475549697876,1.855122685432434,12.738433837890625,64.59274291992188,0.8999233245849609,0.6280584931373596,0.8842726945877075,0.5778334736824036
UKFS_004,UKFS,2024,8.69787311553955,12.276860237121582,1.5656269788742065,3.545334577560425,0.1298431158065796,3.1189234256744385,0.4110301434993744,0.22955742478370667,0.6005769968032837,1.069557547569275,1.3703054189682007,12.050019264221191,59.575653076171875,0.8883982300758362,0.6052828431129456,0.8637779951095581,0.5632994174957275
UKFS_009,UKFS,2024,4.0340118408203125,0.8195439577102661,2.021260976791382,0.22251510620117188,0.8903846144676208,1.2960830926895142,0.32627055048942566,0.18546950817108154,0.6707375049591064,0.9865979552268982,1.180095911026001,5.642719745635986,99.3089370727539,0.6673078536987305,0.4256545901298523,0.5641250014305115,0.4115117490291595
UKFS_006,UKFS,2024,10.054546356201172,13.39810562133789,1.4723467826843262,3.7482669353485107,0.09971614181995392,2.981403350830078,0.3316679000854492,0.17811785638332367,0.6174176335334778,1.265073299407959,1.7691757678985596,13.126561164855957,52.72340774536133,0.891478955745697,0.6350807547569275,0.8652377128601074,0.5860503315925598
UKFS_012,UKFS,2024,8.558860778808594,11.548812866210938,1.5360831022262573,3.2603278160095215,0.14678096771240234,2.920356512069702,0.37893393635749817,0.2107345461845398,0.6096652746200562,1.0973469018936157,1.511330485343933,11.724091529846191,63.68968963623047,0.893396258354187,0.6137065291404724,0.8646711707115173,0.5728239417076111
UKFS_002,UKFS,2024,10.565866470336914,8.69457721710205,1.685355305671692,2.470162868499756,0.44653257727622986,2.8865761756896973,0.2938040494918823,0.15895983576774597,0.6055113673210144,1.32778799533844,1.8340401649475098,13.53516674041748,66.31022644042969,0.898806095123291,0.6608074307441711,0.8750774264335632,0.6058079600334167
UKFS_010,UKFS,2024,8.09005355834961,10.196733474731445,1.627098560333252,3.3559608459472656,0.22912980616092682,2.4184093475341797,0.3188093602657318,0.17500746250152588,0.614249587059021,1.2057020664215088,1.5048786401748657,10.676136016845703,73.54360961914062,0.881914496421814,0.6467597484588623,0.851641058921814,0.5946969389915466
UKFS_003,UKFS,2024,10.179530143737793,12.034948348999023,1.5256272554397583,3.412891149520874,0.19562438130378723,2.5729832649230957,0.27808207273483276,0.15659059584140778,0.5395950078964233,1.027508020401001,1.4625824689865112,12.762429237365723,53.154388427734375,0.8956535458564758,0.612555980682373,0.8712989091873169,0.5703838467597961
UKFS_001,UKFS,2024,11.569095611572266,16.10800552368164,1.4686768054962158,4.193364143371582,0.06706038862466812,3.9303388595581055,0.3937351405620575,0.21231824159622192,0.5838780403137207,1.1907520294189453,1.7528833150863647,15.740397453308105,44.013755798339844,0.8815279006958008,0.6193851232528687,0.8579482436180115,0.5691738724708557
UKFS_011,UKFS,2024,13.54781723022461,17.471651077270508,1.4610918760299683,4.65468692779541,0.09793440252542496,3.8331496715545654,0.3288278579711914,0.17766207456588745,0.5176849961280823,1.0679570436477661,1.5428014993667603,17.29180335998535,35.70922088623047,0.9101601839065552,0.6309840679168701,0.8979561924934387,0.5796787142753601
UKFS_008,UKFS,2024,15.170426368713379,19.329544067382812,1.4354737997055054,5.503566741943359,0.09092772752046585,4.131503105163574,0.29179996252059937,0.15183749794960022,0.57029128074646,1.454032301902771,2.0488457679748535,19.06806182861328,24.99003028869629,0.9085049629211426,0.629211962223053,0.8894177675247192,0.5833413004875183
UKFS_017,UKFS,2024,6.886318206787109,6.363611221313477,1.7593275308609009,1.8588746786117554,0.45241594314575195,2.4496548175811768,0.3993501663208008,0.22115744650363922,0.6618342399597168,1.2048503160476685,1.4483815431594849,9.701654434204102,83.29039001464844,0.8249079585075378,0.5867233276367188,0.7801756858825684,0.5406091809272766
UKFS_019,UKFS,2024,12.883387565612793,16.30900001525879,1.4181697368621826,4.495759963989258,0.09511182457208633,3.189993143081665,0.2620449960231781,0.1385035216808319,0.5847067832946777,1.4183834791183472,2.0935275554656982,16.07109260559082,31.02692985534668,0.905550181865692,0.6702370643615723,0.8832334876060486,0.6153175830841064
UKFS_016,UKFS,2024,11.277514457702637,14.743934631347656,1.5030832290649414,4.034151077270508,0.12100862711668015,3.227525472640991,0.33676159381866455,0.18254370987415314,0.5617967844009399,1.1209139823913574,1.591829776763916,14.554003715515137,44.00075912475586,0.8925802707672119,0.6435662508010864,0.865925133228302,0.5921124815940857
UKFS_018,UKFS,2024,1.321294903755188,0.4021446108818054,2.077150344848633,0.08447788655757904,0.8295137882232666,0.24704889953136444,0.19050979614257812,0.11534078419208527,0.45523127913475037,0.0,0.04619032144546509,1.5979417562484741,100.0,0.6858706474304199,0.4164773523807525,0.5943153500556946,0.4047542214393616
UKFS_014,UKFS,2024,10.705927848815918,14.564738273620605,1.5261034965515137,4.29883337020874,0.11388656497001648,3.462460517883301,0.37344932556152344,0.19958871603012085,0.6146008968353271,1.3123762607574463,1.6737154722213745,14.298233032226562,47.517879486083984,0.8934615254402161,0.6217983961105347,0.8683474659919739,0.5775629878044128
UKFS_015,UKFS,2024,10.469161033630371,11.850042343139648,1.5923091173171997,3.571712017059326,0.25466760993003845,3.1726889610290527,0.32946982979774475,0.17573615908622742,0.614445686340332,1.3470380306243896,1.755030870437622,13.678583145141602,55.717689514160156,0.8705699443817139,0.597557544708252,0.8407810926437378,0.5528208017349243
UKFS_013,UKFS,2024,8.813372611999512,9.186556816101074,1.7266321182250977,2.751333475112915,0.348363995552063,2.738020181655884,0.34545981884002686,0.18974663317203522,0.6011069416999817,1.1642119884490967,1.5119348764419556,11.683880805969238,69.84113311767578,0.8143253326416016,0.5664541125297546,0.7629500031471252,0.5272759199142456
UKFS_025,UKFS,2024,3.6970198154449463,0.2969430685043335,2.091478109359741,0.07174445688724518,0.9641603827476501,1.0563416481018066,0.27463027834892273,0.15760383009910583,0.6820492148399353,1.1433607339859009,1.2128126621246338,4.908617973327637,99.77037048339844,0.6273692846298218,0.372031569480896,0.5144011974334717,0.3673619031906128
YELL_002,YELL,2018,5.017137050628662,0.42348065972328186,2.0064141750335693,0.08729527145624161,0.972730278968811,1.0866872072219849,0.22890587151050568,0.1324264109134674,0.5726200938224792,1.0407509803771973,1.0561083555221558,6.320451736450195,99.60826110839844,,,,
YELL_016,YELL,2018,0.7378432750701904,0.11403867602348328,1.941162109375,0.0006152700516395271,0.9994061589241028,0.09300028532743454,0.12418252229690552,0.08092431724071503,0.7637487649917603,,,0.8217663764953613,100.0,,,,
YELL_013,YELL,2018,4.450734615325928,0.17942219972610474,1.9525203704833984,0.029165474697947502,0.9905543923377991,1.0237234830856323,0.20896205306053162,0.11791770160198212,0.5544604063034058,1.145560622215271,1.3330588340759277,5.758168697357178,99.87480926513672,,,,
YELL_006,YELL,2018,7.137955665588379,2.4566590785980225,1.9256922006607056,0.734653651714325,0.8322813510894775,1.5753391981124878,0.23590245842933655,0.13412028551101685,0.5624362826347351,1.1537193059921265,1.3002907037734985,8.94290828704834,94.25552368164062,,,,
YELL_020,YELL,2018,3.7201647758483887,2.9833593368530273,1.8981729745864868,0.9707918763160706,0.6058157682418823,1.03801691532135,0.2952564060688019,0.17059573531150818,0.6906968951225281,0.8513921499252319,0.9156254529953003,5.032843112945557,98.59616088867188,,,,
YELL_008,YELL,2018,7.513840198516846,4.311763763427734,1.9146720170974731,1.3326970338821411,0.6708030104637146,1.609043002128601,0.2201041281223297,0.12308873981237411,0.5422760844230652,1.1297194957733154,1.4025309085845947,9.345500946044922,90.6254653930664,,,,
YELL_014,YELL,2018,6.071328163146973,0.3443399965763092,2.0724470615386963,0.06576579809188843,0.9817687273025513,1.2937169075012207,0.20904599130153656,0.1186082735657692,0.526391863822937,0.980577826499939,1.2751513719558716,7.593132495880127,99.66605377197266,,,,
YELL_001,YELL,2018,1.0743447542190552,0.17505790293216705,2.023200035095215,0.010812081396579742,0.9914652705192566,0.20718654990196228,0.14865031838417053,0.09507793188095093,0.7338632941246033,0.8209564685821533,0.9921558499336243,1.3017654418945312,100.0,,,,
YELL_011,YELL,2018,4.191124439239502,0.18392835557460785,2.014650344848633,0.013846422545611858,0.9950330257415771,0.8117850422859192,0.15966124832630157,0.09269720315933228,0.5082126259803772,0.9997482299804688,1.3078794479370117,5.067678928375244,99.97844696044922,,,,
YELL_004,YELL,2018,0.8641975522041321,0.1604902744293213,2.037335157394409,0.009094051085412502,0.991472065448761,0.1656465083360672,0.18149471282958984,0.11331465095281601,0.7619765400886536,,0.0,1.0349326133728027,100.0,,,,
YELL_003,YELL,2018,4.787609100341797,0.7887471914291382,2.0426604747772217,0.2066243588924408,0.9218459129333496,1.095159888267517,0.22910630702972412,0.13051249086856842,0.5610842108726501,0.9451537728309631,1.2893892526626587,6.115477085113525,99.73412322998047,,,,
YELL_010,YELL,2018,1.2569174766540527,0.18835876882076263,2.1208584308624268,0.01168365404009819,0.9922910332679749,0.2472323328256607,0.13309283554553986,0.08657974004745483,0.554978609085083,0.8949929475784302,1.1561269760131836,1.5155845880508423,99.99063873291016,,,,
YELL_005,YELL,2018,2.333559036254883,0.21533134579658508,2.043759822845459,0.02901116944849491,0.987354576587677,0.38134631514549255,0.1772184818983078,0.10938839614391327,0.4540122151374817,0.7938646078109741,0.4405941665172577,2.7483575344085693,99.93768310546875,,,,
YELL_007,YELL,2018,5.953848838806152,0.4217863380908966,2.0158495903015137,0.07731299847364426,0.975188136100769,1.2046667337417603,0.2003963440656662,0.115913525223732,0.5293970108032227,0.9894164204597473,1.2712748050689697,7.292309761047363,99.30372619628906,,,,
YELL_018,YELL,2018,0.6850007772445679,0.051797956228256226,1.8833597898483276,0.0004402227059472352,0.999640941619873,0.11421731859445572,0.15489397943019867,0.10463285446166992,1.0,,,0.7760132551193237,100.0,,,,
YELL_023,YELL,2018,12.359245300292969,9.549959182739258,1.9119187593460083,3.2600605487823486,0.5685726404190063,2.5489439964294434,0.250978022813797,0.13985587656497955,0.5469399690628052,1.349220871925354,1.2345116138458252,15.081381797790527,70.87332153320312,,,,
YELL_012,YELL,2018,9.752549171447754,8.324318885803223,1.8629310131072998,2.740835666656494,0.5121040940284729,2.079340934753418,0.23939797282218933,0.13382364809513092,0.5512621998786926,1.2478909492492676,1.3270560503005981,12.070379257202148,73.64903259277344,,,,
YELL_009,YELL,2018,10.792798042297363,8.952676773071289,1.8678497076034546,3.017570972442627,0.5370611548423767,2.309370994567871,0.23301342129707336,0.12989376485347748,0.5354633331298828,1.3163927793502808,1.3730604648590088,13.373275756835938,71.38298034667969,,,,
YELL_021,YELL,2018,11.138714790344238,10.81767749786377,1.8989261388778687,3.426375150680542,0.46994274854660034,2.624345541000366,0.2796865701675415,0.1584785133600235,0.5513337254524231,1.2685343027114868,1.2801755666732788,14.036657333374023,64.73950958251953,,,,
YELL_022,YELL,2018,5.602497100830078,4.664854049682617,1.8987692594528198,1.4604463577270508,0.6043745279312134,1.65308678150177,0.30373337864875793,0.1706586331129074,0.6104915142059326,1.2186658382415771,1.125378131866455,7.604801177978516,91.27894592285156,,,,
YELL_047,YELL,2018,6.776250839233398,5.3636393547058105,1.9513236284255981,1.781623125076294,0.6162563562393188,1.8968331813812256,0.2915840744972229,0.1622510701417923,0.5788209438323975,1.237866997718811,1.1943120956420898,9.02223014831543,89.03411102294922,,,,
YELL_054,YELL,2018,6.852681636810303,6.033143043518066,1.9333264827728271,2.03139591217041,0.5705360770225525,1.9202768802642822,0.29901161789894104,0.16642244160175323,0.5895296335220337,1.2579874992370605,1.139305830001831,9.086244583129883,85.74710083007812,,,,
YELL_058,YELL,2018,6.436697959899902,2.5498080253601074,2.0022473335266113,0.828589916229248,0.8099371790885925,1.8203567266464233,0.28885334730148315,0.1624864637851715,0.5814006328582764,1.2016047239303589,1.1888858079910278,8.563253402709961,94.96895599365234,,,,
YELL_044,YELL,2018,7.000566005706787,3.8114569187164307,1.9544801712036133,1.2247436046600342,0.7259745001792908,1.871336579322815,0.2796194553375244,0.1558503657579422,0.5799184441566467,1.235743761062622,1.2837367057800293,9.222809791564941,92.14928436279297,,,,
YELL_052,YELL,2018,7.098995208740234,3.7809674739837646,1.963046669960022,1.2200919389724731,0.7222914695739746,1.7835397720336914,0.26115965843200684,0.14711718261241913,0.5582515001296997,1.2041404247283936,1.2959693670272827,9.162422180175781,90.92838287353516,,,,
YELL_055,YELL,2018,8.288054466247559,5.008116245269775,1.9464075565338135,1.675966739654541,0.6786634922027588,1.9768887758255005,0.25588738918304443,0.14355716109275818,0.554401159286499,1.2447890043258667,1.2635037899017334,10.523097038269043,86.6240234375,,,,
YELL_062,YELL,2018,6.65208625793457,5.4622650146484375,1.946356177330017,1.8237885236740112,0.6061208248138428,1.928594946861267,0.3004975914955139,0.166422501206398,0.5775492787361145,1.2231390476226807,1.1497806310653687,8.917762756347656,88.40534973144531,,,,
YELL_056,YELL,2018,7.217978000640869,3.520203113555908,1.9522753953933716,1.1359299421310425,0.7546746730804443,1.7943968772888184,0.24995087087154388,0.13999177515506744,0.562286376953125,1.2501726150512695,1.325257658958435,9.325501441955566,91.96241760253906,,,,
YELL_048,YELL,2018,6.889448642730713,4.665343284606934,1.9695923328399658,1.5431914329528809,0.6741729378700256,1.9147758483886719,0.2922062575817108,0.16175518929958344,0.5725681781768799,1.2490392923355103,1.1861299276351929,9.133899688720703,89.66520690917969,,,,
YELL_060,YELL,2018,9.464278221130371,2.310079336166382,1.9911460876464844,0.742174506187439,0.8707422018051147,2.061201333999634,0.23333926498889923,0.13009513914585114,0.5214071273803711,1.2566630840301514,1.337812900543213,11.813905715942383,93.2867431640625,,,,
YELL_051,YELL,2018,7.38840913772583,2.409738779067993,2.0156807899475098,0.7738307118415833,0.8410356044769287,1.8452889919281006,0.2595071792602539,0.14620913565158844,0.5586520433425903,1.3056892156600952,1.2940294742584229,9.48895263671875,93.73169708251953,,,,
YELL_053,YELL,2018,5.290435314178467,1.9671684503555298,1.9685267210006714,0.6328430771827698,0.8351746201515198,1.5314104557037354,0.2874709963798523,0.1615336835384369,0.5904067754745483,1.2252819538116455,1.095221996307373,7.15092658996582,96.52344512939453,,,,
YELL_045,YELL,2018,7.663799285888672,4.0868353843688965,1.9626318216323853,1.2879878282546997,0.7214859127998352,1.9392073154449463,0.26250720024108887,0.14681792259216309,0.5651070475578308,1.262017011642456,1.3882226943969727,9.922308921813965,89.60618591308594,,,,
YELL_046,YELL,2018,11.439849853515625,4.484895706176758,1.9489346742630005,1.4555145502090454,0.7974323034286499,2.4758200645446777,0.24294453859329224,0.1340862363576889,0.5433692932128906,1.396072268486023,1.3798091411590576,14.29945182800293,87.58367919921875,,,,
YELL_061,YELL,2018,7.102719306945801,4.199763774871826,1.9692394733428955,1.371036410331726,0.7121059894561768,1.9129326343536377,0.28215065598487854,0.15635210275650024,0.5766234397888184,1.2748372554779053,1.219389796257019,9.32504653930664,89.75574493408203,,,,
YELL_049,YELL,2018,5.077759265899658,1.1600269079208374,1.996207356452942,0.363118052482605,0.903469443321228,1.2444764375686646,0.24146147072315216,0.14027857780456543,0.5519246459007263,1.260325312614441,1.0943866968154907,6.52837610244751,97.52143859863281,,,,
YELL_059,YELL,2018,11.075146675109863,4.15294885635376,1.9677940607070923,1.3284016847610474,0.7980492115020752,2.6025912761688232,0.2534416615962982,0.14096087217330933,0.5527828335762024,1.441766619682312,1.4456630945205688,14.053401947021484,87.82183074951172,,,,
YELL_043,YELL,2018,5.975793838500977,1.5367320775985718,1.985298991203308,0.49876129627227783,0.8898462057113647,2.00709867477417,0.33326539397239685,0.1822739690542221,0.5607727766036987,1.2648929357528687,0.9419651627540588,8.315607070922852,96.51366424560547,,,,
YELL_050,YELL,2018,8.89676570892334,2.8057212829589844,1.9881904125213623,0.8804528117179871,0.8315004706382751,2.1801462173461914,0.2547246217727661,0.14393305778503418,0.5492467880249023,1.3024511337280273,1.443129539489746,11.413116455078125,92.18862915039062,,,,
YELL_057,YELL,2018,7.08027458190918,1.7454324960708618,1.998571753501892,0.5416446924209595,0.877968430519104,1.8266432285308838,0.2672644853591919,0.15205787122249603,0.5736275315284729,1.222007155418396,1.313963770866394,9.21889591217041,96.35780334472656,,,,
YELL_015,YELL,2018,6.381172180175781,0.8790508508682251,2.0064778327941895,0.22575683891773224,0.9333415031433105,1.5310174226760864,0.23327600955963135,0.13001683354377747,0.561818540096283,1.1797891855239868,1.522984266281128,8.220548629760742,98.68685913085938,,,,
YELL_002,YELL,2019,6.511579513549805,0.3618059754371643,2.115370750427246,0.08401194214820862,0.9772338271141052,0.959391176700592,0.18070924282073975,0.10746888816356659,0.3907741606235504,0.41022661328315735,0.5971240997314453,7.4365739822387695,99.52035522460938,,,,
YELL_016,YELL,2019,0.7833119630813599,0.03253883495926857,2.1944968700408936,0.0001557000505272299,0.9997889995574951,0.06442892551422119,0.08225193619728088,0.05816090106964111,,,,0.8243142366409302,100.0,,,,
YELL_013,YELL,2019,7.53477668762207,0.18861401081085205,2.166376829147339,0.05757182836532593,0.98851478099823,1.410092830657959,0.187475323677063,0.11814747750759125,0.25667694211006165,0.4034896790981293,0.5206344127655029,8.687453269958496,99.77948760986328,,,,
YELL_006,YELL,2019,9.161331176757812,2.8579554557800293,2.0559422969818115,0.9760603308677673,0.8174528479576111,1.4100048542022705,0.16560716927051544,0.09609571844339371,0.29291805624961853,0.45920050144195557,0.7171942591667175,10.440624237060547,91.97154998779297,,,,
YELL_020,YELL,2019,4.719966888427734,2.867826223373413,2.0143840312957764,1.140079379081726,0.6939144730567932,0.6618624925613403,0.1501300036907196,0.09208764880895615,0.3256651759147644,0.25401127338409424,0.44507667422294617,5.319240093231201,98.45555114746094,,,,
YELL_008,YELL,2019,8.702960014343262,4.923624515533447,1.9498975276947021,1.7133430242538452,0.6606667637825012,1.2784829139709473,0.15457682311534882,0.0913553237915039,0.3050884008407593,0.4316070079803467,0.6947855949401855,9.83211898803711,87.28629302978516,,,,
YELL_014,YELL,2019,7.662646293640137,0.3799751102924347,2.2311086654663086,0.08951349556446075,0.9760574698448181,1.160024881362915,0.15581105649471283,0.09152305126190186,0.3088468909263611,0.36385002732276917,0.6509029865264893,8.74301815032959,99.41502380371094,,,,
YELL_001,YELL,2019,2.9741649627685547,0.08663754165172577,2.1025989055633545,0.0034037381410598755,0.9983950257301331,0.6450054049491882,0.21196725964546204,0.12371973693370819,0.4879147410392761,0.5281891226768494,0.6302908658981323,3.6401290893554688,100.0,,,,
YELL_011,YELL,2019,7.14069128036499,0.10743680596351624,2.2280819416046143,0.020072562620043755,0.9942315220832825,0.851487398147583,0.12332326173782349,0.07659222930669785,0.2550371587276459,0.21026316285133362,0.5705994367599487,7.821735858917236,99.91558837890625,,,,
YELL_004,YELL,2019,0.8596523404121399,0.05310581997036934,2.1756107807159424,0.001760997693054378,0.9959675669670105,0.13818995654582977,0.1555526703596115,0.10307491570711136,0.7404678463935852,,,0.9731391072273254,100.0,,,,
YELL_003,YELL,2019,5.740755081176758,0.9811441898345947,2.132648229598999,0.31725630164146423,0.9036318063735962,0.8735557198524475,0.15540292859077454,0.09369795024394989,0.29320570826530457,0.33737707138061523,0.5566491484642029,6.52050256729126,99.47216796875,,,,
YELL_010,YELL,2019,6.4202351570129395,0.06453221291303635,2.2010395526885986,0.00811741966754198,0.9981034994125366,1.7603174448013306,0.25673162937164307,0.16734078526496887,0.29274868965148926,0.41641494631767273,0.8483171463012695,7.890279293060303,99.9778060913086,,,,
YELL_005,YELL,2019,5.832357883453369,0.15932238101959229,2.1109201908111572,0.014976796694099903,0.9957019686698914,0.6914124488830566,0.16861942410469055,0.10265364497900009,0.4154031276702881,0.5140201449394226,0.5539246201515198,6.53078031539917,99.92024230957031,,,,
YELL_007,YELL,2019,9.491362571716309,0.3350392282009125,2.073282241821289,0.08399680256843567,0.9810994863510132,1.2622088193893433,0.14167192578315735,0.08018557727336884,0.3427247107028961,0.5148651599884033,0.8894609808921814,10.65884780883789,99.0875473022461,,,,
YELL_018,YELL,2019,,0.03605817258358002,2.1900627613067627,0.0,1.0,,,,,,,,100.0,,,,
YELL_023,YELL,2019,14.37255859375,8.708595275878906,2.0023245811462402,3.225364923477173,0.6660666465759277,2.2285401821136475,0.20227140188217163,0.11547394841909409,0.3502052426338196,0.6347938179969788,0.731256902217865,16.33626365661621,75.28111267089844,,,,
YELL_012,YELL,2019,11.04148006439209,7.613539218902588,1.9870740175247192,2.9651401042938232,0.6315937042236328,1.7650560140609741,0.18817773461341858,0.1079680323600769,0.3252876400947571,0.5366506576538086,0.6523916125297546,12.604479789733887,77.26882934570312,,,,
YELL_009,YELL,2019,12.929994583129883,10.242029190063477,1.9234905242919922,3.997002363204956,0.5502322316169739,2.014468193054199,0.17346084117889404,0.10794828832149506,0.23637089133262634,0.4157516360282898,0.6507673859596252,14.516096115112305,67.70671844482422,,,,
YELL_021,YELL,2019,13.239148139953613,10.593308448791504,1.952061414718628,4.111229419708252,0.5692614316940308,2.3732948303222656,0.2056916505098343,0.11801476776599884,0.35042044520378113,0.6966274380683899,0.7705528140068054,15.446669578552246,67.82815551757812,,,,
YELL_022,YELL,2019,7.332255840301514,4.14749813079834,1.9979277849197388,1.5044498443603516,0.6912504434585571,1.6573283672332764,0.2497273087501526,0.14700812101364136,0.38284334540367126,0.5161364078521729,0.6512772440910339,8.851213455200195,91.61199951171875,,,,
YELL_047,YELL,2019,8.678112030029297,5.717114448547363,1.9954079389572144,2.2108795642852783,0.646891713142395,1.7624591588974,0.21582865715026855,0.12786152958869934,0.30867984890937805,0.5006604790687561,0.6863565444946289,10.248841285705566,87.146240234375,,,,
YELL_054,YELL,2019,9.133637428283691,6.064872741699219,2.0180013179779053,2.3836023807525635,0.6569889783859253,1.926008701324463,0.23020702600479126,0.13270242512226105,0.33362120389938354,0.5706527233123779,0.6709134578704834,10.904404640197754,85.15511322021484,,,,
YELL_058,YELL,2019,8.02061653137207,2.852177143096924,2.0789237022399902,1.099516749382019,0.8153515458106995,1.7404426336288452,0.2211829274892807,0.12986943125724792,0.3213817775249481,0.5037778615951538,0.6645376086235046,9.587815284729004,94.03556823730469,,,,
YELL_044,YELL,2019,8.584494590759277,4.778851509094238,1.9964962005615234,1.7761902809143066,0.6951912045478821,1.6535507440567017,0.20256374776363373,0.12032482028007507,0.3076897859573364,0.49569305777549744,0.6998357176780701,10.059383392333984,89.3072280883789,,,,
YELL_052,YELL,2019,9.23564624786377,5.031133651733398,1.9788817167282104,1.8923969268798828,0.6892575621604919,1.7768821716308594,0.20156025886535645,0.12128601968288422,0.2893747091293335,0.4880809783935547,0.7305247187614441,10.739067077636719,86.7066650390625,,,,
YELL_055,YELL,2019,10.102418899536133,5.820830345153809,1.9995368719100952,2.2593483924865723,0.6828780174255371,1.7627604007720947,0.1892818957567215,0.11109497398138046,0.30732226371765137,0.5117457509040833,0.7084396481513977,11.657731056213379,83.79939270019531,,,,
YELL_062,YELL,2019,8.584077835083008,5.549361705780029,2.0164248943328857,2.1496469974517822,0.6685072779655457,1.9263428449630737,0.23412933945655823,0.13474668562412262,0.33396032452583313,0.5584601163864136,0.6686927080154419,10.37294864654541,87.68487548828125,,,,
YELL_056,YELL,2019,9.24913501739502,4.1421613693237305,2.0191664695739746,1.5195589065551758,0.7482048869132996,1.6747095584869385,0.1876690685749054,0.11073757708072662,0.29741233587265015,0.49695998430252075,0.7504859566688538,10.747830390930176,89.21351623535156,,,,
YELL_048,YELL,2019,8.86008071899414,4.964809417724609,2.0185599327087402,1.9188344478607178,0.6998798251152039,1.854801893234253,0.22664661705493927,0.13417552411556244,0.3177637755870819,0.4904581308364868,0.6758684515953064,10.486908912658691,88.06275177001953,,,,
YELL_060,YELL,2019,11.459129333496094,3.2286734580993652,2.059483766555786,1.2055212259292603,0.8396769165992737,2.047145366668701,0.19218923151493073,0.11557653546333313,0.28845810890197754,0.5112425088882446,0.7560900449752808,13.208784103393555,90.50545501708984,,,,
YELL_051,YELL,2019,10.889859199523926,3.8170039653778076,2.0316619873046875,1.4168256521224976,0.801359236240387,2.1280293464660645,0.21640606224536896,0.12927156686782837,0.3028762936592102,0.5498822331428528,0.742296040058136,12.75647258758545,89.29021453857422,,,,
YELL_053,YELL,2019,7.858876705169678,2.0325047969818115,2.086146354675293,0.7591450810432434,0.8624294400215149,1.7550257444381714,0.23159512877464294,0.13714511692523956,0.3370528519153595,0.5361855626106262,0.6979840397834778,9.448390007019043,95.92666625976562,,,,
YELL_045,YELL,2019,9.532726287841797,4.739722728729248,1.99386465549469,1.7235218286514282,0.719092607498169,1.9299932718276978,0.214832603931427,0.1258424073457718,0.32245877385139465,0.5419694185256958,0.7631139159202576,11.27918529510498,86.86582946777344,,,,
YELL_046,YELL,2019,13.739500999450684,5.825134754180908,2.0236446857452393,2.1484739780426025,0.7632701396942139,2.606966733932495,0.21201422810554504,0.12556052207946777,0.3094678223133087,0.6183282136917114,0.809072732925415,16.063430786132812,83.83000183105469,,,,
YELL_061,YELL,2019,9.914205551147461,4.9152913093566895,2.019435167312622,1.8806085586547852,0.7307499051094055,2.219174861907959,0.23998765647411346,0.13936792314052582,0.3411397933959961,0.6143026351928711,0.7541921138763428,11.929535865783691,87.38482666015625,,,,
YELL_049,YELL,2019,9.720954895019531,1.4534368515014648,2.1366665363311768,0.5396900773048401,0.9177853465080261,1.9345673322677612,0.20641553401947021,0.1236623153090477,0.31265804171562195,0.5357126593589783,0.752640426158905,11.417819023132324,96.33920288085938,,,,
YELL_059,YELL,2019,12.968419075012207,5.010497570037842,2.0392649173736572,1.8611565828323364,0.7852530479431152,2.779367208480835,0.23015905916690826,0.132526695728302,0.34207478165626526,0.7164226770401001,0.8658764362335205,15.55933952331543,85.70555877685547,,,,
YELL_043,YELL,2019,9.059167861938477,1.634434461593628,2.08966326713562,0.6017212271690369,0.8997148871421814,2.1768271923065186,0.2554372251033783,0.1541546732187271,0.27866777777671814,0.4951601028442383,0.6775395274162292,10.884817123413086,95.54515075683594,,,,
YELL_050,YELL,2019,10.794088363647461,4.9572248458862305,1.9480220079421997,1.7399353981018066,0.722912073135376,2.1785738468170166,0.21568739414215088,0.13396374881267548,0.2826692759990692,0.49268415570259094,0.7919999361038208,12.583012580871582,84.961669921875,,,,
YELL_057,YELL,2019,8.708623886108398,2.0677649974823,2.078791379928589,0.7238172888755798,0.8649065494537354,1.8159123659133911,0.2202903926372528,0.13221749663352966,0.32899239659309387,0.5060046315193176,0.7743610143661499,10.310665130615234,95.37876892089844,,,,
YELL_015,YELL,2019,7.848696231842041,1.301397442817688,2.1073153018951416,0.40188074111938477,0.9003192782402039,1.4828847646713257,0.1985117644071579,0.1178361251950264,0.3182145357131958,0.4337897300720215,0.7411391139030457,9.188029289245605,97.24620056152344,,,,
YELL_002,YELL,2020,6.63114595413208,0.3501091003417969,2.1188089847564697,0.0946037545800209,0.9765907526016235,0.9911296963691711,0.17786146700382233,0.10410696268081665,0.39460793137550354,0.5101416110992432,0.7043230533599854,7.633788108825684,99.51223754882812,,,,
YELL_016,YELL,2020,0.9197216033935547,0.031009985134005547,2.1712591648101807,4.8453701310791075e-05,0.9999113082885742,0.13557866215705872,0.1474127173423767,0.0900353416800499,0.9182958602905273,,,1.0095491409301758,100.0,,,,
YELL_013,YELL,2020,7.687018871307373,0.15445341169834137,2.166409492492676,0.046819042414426804,0.9915682673454285,1.4645874500274658,0.1886754035949707,0.11117257922887802,0.3102889060974121,0.45238617062568665,0.665615439414978,9.048022270202637,99.78938293457031,,,,
YELL_006,YELL,2020,9.147066116333008,2.8667867183685303,2.0460665225982666,0.994123637676239,0.8156821727752686,1.4501394033432007,0.1687639206647873,0.09746887534856796,0.2890743613243103,0.4485494792461395,0.7074047327041626,10.452413558959961,91.95024108886719,,,,
YELL_020,YELL,2020,4.816009521484375,3.2723300457000732,1.990631103515625,1.3235032558441162,0.649583101272583,0.6243789196014404,0.13300392031669617,0.08164028823375702,0.3137264847755432,0.20985643565654755,0.4301719665527344,5.384475231170654,98.31607818603516,,,,
YELL_008,YELL,2020,8.730539321899414,5.021566867828369,1.9351859092712402,1.7877618074417114,0.6579440236091614,1.265657901763916,0.15255101025104523,0.08881110697984695,0.3020579218864441,0.42462295293807983,0.6990859508514404,9.868593215942383,87.1253890991211,,,,
YELL_014,YELL,2020,7.525064468383789,0.28239092230796814,2.0048255920410156,0.06226715072989464,0.983575701713562,1.182665467262268,0.156669482588768,0.08881686627864838,0.3605903685092926,0.5141769051551819,0.7911434769630432,8.721933364868164,99.6187973022461,,,,
YELL_001,YELL,2020,3.8328752517700195,0.06493870913982391,2.2248597145080566,0.004065060988068581,0.9984844923019409,0.955369770526886,0.22742776572704315,0.13035458326339722,0.49906978011131287,0.7189027070999146,0.7881727814674377,4.850461483001709,100.0,,,,
YELL_011,YELL,2020,6.969027996063232,0.10372872650623322,2.180457830429077,0.023563776165246964,0.9942483901977539,0.7470300793647766,0.11282277852296829,0.07056015729904175,0.23167142271995544,0.1291697770357132,0.5425983667373657,7.572563171386719,99.92537689208984,,,,
YELL_004,YELL,2020,0.9255830645561218,0.05116317421197891,2.1484904289245605,0.001973758451640606,0.9951083660125732,0.14258520305156708,0.16022799909114838,0.10275640338659286,0.5134492516517639,,,1.0587615966796875,100.0,,,,
YELL_003,YELL,2020,5.83263635635376,1.2923014163970947,2.0584280490875244,0.43651705980300903,0.8723788261413574,0.9065435528755188,0.15896598994731903,0.09642975777387619,0.30351120233535767,0.37418070435523987,0.6475279331207275,6.641499996185303,99.32965087890625,,,,
YELL_010,YELL,2020,5.9721293449401855,0.07015714049339294,2.1787941455841064,0.007472952827811241,0.9979440569877625,1.682815432548523,0.27051201462745667,0.15772530436515808,0.4483274221420288,0.48358169198036194,0.853966474533081,7.527827739715576,99.97998046875,,,,
YELL_005,YELL,2020,5.535998344421387,0.13479885458946228,2.1177892684936523,0.01760866306722164,0.9951980113983154,0.6486033201217651,0.17081482708454132,0.10423102229833603,0.37530264258384705,0.34197595715522766,0.5790152549743652,6.180795192718506,99.91873931884766,,,,
YELL_007,YELL,2020,9.369283676147461,0.34393376111984253,2.060443162918091,0.09394517540931702,0.9802830815315247,1.3599183559417725,0.15376326441764832,0.08553619682788849,0.34785258769989014,0.5498353838920593,0.8989231586456299,10.678505897521973,99.05894470214844,,,,
YELL_018,YELL,2020,,0.025569241493940353,2.1503348350524902,0.0,1.0,,,,,,,,100.0,,,,
YELL_023,YELL,2020,14.476142883300781,8.80427074432373,1.944084644317627,3.390265941619873,0.6678876280784607,2.3389527797698975,0.19491291046142578,0.10841508954763412,0.38821983337402344,0.8048679232597351,0.8284037709236145,16.648719787597656,75.10296630859375,,,,
YELL_012,YELL,2020,11.108063697814941,8.057648658752441,1.9850382804870605,3.1649603843688965,0.6137720942497253,1.800382375717163,0.18552595376968384,0.10525669902563095,0.3241618275642395,0.5474918484687805,0.6637550592422485,12.720261573791504,76.2149887084961,,,,
YELL_009,YELL,2020,12.638886451721191,9.838536262512207,1.9269424676895142,3.813596248626709,0.5634235739707947,2.152933359146118,0.19182515144348145,0.11557906866073608,0.2705621123313904,0.5290096998214722,0.7129265069961548,14.443921089172363,69.85894012451172,,,,
YELL_021,YELL,2020,13.212837219238281,10.96574592590332,1.9430278539657593,4.2574462890625,0.5544895529747009,2.5192012786865234,0.21161669492721558,0.12056782841682434,0.37139004468917847,0.7832967638969421,0.8274855613708496,15.624999046325684,66.77952575683594,,,,
YELL_022,YELL,2020,7.410861492156982,4.300352096557617,2.0072357654571533,1.6135048866271973,0.6960564255714417,1.7208783626556396,0.24745549261569977,0.14422385394573212,0.3948608636856079,0.6095544099807739,0.6563050150871277,9.036416053771973,91.59148406982422,,,,
YELL_047,YELL,2020,8.676895141601562,5.762234210968018,1.9945951700210571,2.2619423866271973,0.6519663333892822,1.829866647720337,0.21964529156684875,0.12961122393608093,0.3142319619655609,0.5279180407524109,0.6838778853416443,10.319873809814453,87.50566864013672,,,,
YELL_054,YELL,2020,9.172955513000488,6.293481349945068,1.995009183883667,2.496857166290283,0.6392436623573303,1.8969242572784424,0.22024478018283844,0.12969692051410675,0.3139478862285614,0.5381213426589966,0.6667266488075256,10.861461639404297,84.48560333251953,,,,
YELL_058,YELL,2020,8.327141761779785,3.1208643913269043,2.064971446990967,1.2224282026290894,0.8024126887321472,1.7627692222595215,0.214426189661026,0.12865518033504486,0.29992708563804626,0.45881128311157227,0.6277162432670593,9.852421760559082,93.45283508300781,,,,
YELL_044,YELL,2020,8.504985809326172,4.276733875274658,2.0106589794158936,1.6516128778457642,0.7308469414710999,1.7020915746688843,0.2080310583114624,0.12172771990299225,0.31539198756217957,0.5029429793357849,0.6944357752799988,10.049872398376465,90.80357360839844,,,,
YELL_052,YELL,2020,9.185996055603027,4.902623653411865,1.9677399396896362,1.8538084030151367,0.6955268383026123,1.7467458248138428,0.19841773808002472,0.1194547489285469,0.28987833857536316,0.4747719466686249,0.7245858311653137,10.682987213134766,87.22154998779297,,,,
YELL_055,YELL,2020,10.173500061035156,6.190065383911133,1.9799294471740723,2.431411027908325,0.6642964482307434,1.7489410638809204,0.18509367108345032,0.11004653573036194,0.28193923830986023,0.47279080748558044,0.6823015213012695,11.670979499816895,82.95173645019531,,,,
YELL_062,YELL,2020,8.777764320373535,6.123326301574707,1.974452257156372,2.405632972717285,0.6265133619308472,1.9514237642288208,0.23016774654388428,0.13673099875450134,0.3017473518848419,0.5043874382972717,0.6726817488670349,10.488649368286133,85.82445526123047,,,,
YELL_056,YELL,2020,9.261594772338867,4.251834869384766,2.0010645389556885,1.5954807996749878,0.7446126937866211,1.70070481300354,0.18986620008945465,0.11056968569755554,0.2995554804801941,0.5167771577835083,0.730030357837677,10.795287132263184,89.09417724609375,,,,
YELL_048,YELL,2020,8.883822441101074,5.2515740394592285,2.0049760341644287,2.0465826988220215,0.6874957084655762,1.8557672500610352,0.22332705557346344,0.1314363181591034,0.31596851348876953,0.5064365267753601,0.6805722713470459,10.53405475616455,87.61286926269531,,,,
YELL_060,YELL,2020,11.186437606811523,3.1807899475097656,2.0107004642486572,1.1668953895568848,0.837081253528595,2.1306777000427246,0.2048875093460083,0.12061738222837448,0.3009806275367737,0.5861608982086182,0.8366373181343079,13.083133697509766,90.52271270751953,,,,
YELL_051,YELL,2020,10.398295402526855,3.240527868270874,2.024019718170166,1.2142672538757324,0.8269307017326355,2.174738883972168,0.22287383675575256,0.12966974079608917,0.3297796845436096,0.6050150990486145,0.8292538523674011,12.40162181854248,91.09302520751953,,,,
YELL_053,YELL,2020,7.605928897857666,2.3799569606781006,2.0407907962799072,0.8884007334709167,0.8300704956054688,1.7530109882354736,0.23535574972629547,0.1410495936870575,0.31274130940437317,0.4980785548686981,0.7074167728424072,9.162627220153809,95.2137680053711,,,,
YELL_045,YELL,2020,9.536206245422363,5.342391490936279,1.9470558166503906,1.951895833015442,0.6788961291313171,1.970298409461975,0.21834558248519897,0.1301451027393341,0.30758076906204224,0.5190585255622864,0.7794946432113647,11.25157356262207,85.0660400390625,,,,
YELL_046,YELL,2020,13.88407039642334,5.656685829162598,2.0024685859680176,2.131883382797241,0.7733169198036194,2.5815210342407227,0.2038816660642624,0.11861342191696167,0.31181442737579346,0.6326705813407898,0.8265162706375122,16.273109436035156,84.3378677368164,,,,
YELL_061,YELL,2020,9.806501388549805,5.0311279296875,1.9813810586929321,1.9228711128234863,0.7148361802101135,2.219068765640259,0.2361113429069519,0.1389857977628708,0.3190416395664215,0.5751996040344238,0.7661430239677429,11.795479774475098,87.08868408203125,,,,
YELL_049,YELL,2020,9.540451049804688,1.3926208019256592,2.1145694255828857,0.5089008808135986,0.9222527742385864,1.990175485610962,0.2160208523273468,0.12636145949363708,0.3392173647880554,0.6207688450813293,0.7767961621284485,11.427630424499512,96.59672546386719,,,,
YELL_059,YELL,2020,13.051350593566895,5.608912944793701,2.0018532276153564,2.0963544845581055,0.7590065002441406,2.84898042678833,0.23380781710147858,0.13670316338539124,0.3324183523654938,0.7017573714256287,0.8769751191139221,15.672122955322266,83.8167724609375,,,,
YELL_043,YELL,2020,8.54140853881836,1.709717869758606,2.0947389602661133,0.6422238349914551,0.893897294998169,2.121530055999756,0.24822817742824554,0.14235951006412506,0.30162379145622253,0.5698749423027039,0.6893765330314636,10.480080604553223,95.77477264404297,,,,
YELL_050,YELL,2020,10.622535705566406,4.145951747894287,1.9862107038497925,1.5134999752044678,0.7761154174804688,2.2801222801208496,0.22830843925476074,0.13651780784130096,0.3067615032196045,0.5474843978881836,0.825037956237793,12.616199493408203,88.14091491699219,,,,
YELL_057,YELL,2020,8.61521053314209,2.0865650177001953,2.060823440551758,0.7412322163581848,0.8662899136543274,1.8197777271270752,0.2167104035615921,0.12607884407043457,0.33515292406082153,0.5503830313682556,0.7757604122161865,10.331456184387207,95.48017883300781,,,,
YELL_015,YELL,2020,7.773468017578125,1.4456127882003784,2.1326775550842285,0.4527435600757599,0.8923930525779724,1.552436351776123,0.2131216824054718,0.12514162063598633,0.33389779925346375,0.4780055284500122,0.7498942613601685,9.221896171569824,97.04550170898438,,,,
YELL_002,YELL,2022,3.719045639038086,0.502192497253418,1.9503501653671265,0.09710446745157242,0.9633818864822388,0.6967481374740601,0.16481566429138184,0.09407345950603485,0.5387146472930908,0.9274799227714539,1.147405982017517,4.58140754699707,99.54906463623047,0.5710614919662476,0.3138183653354645,0.4867734909057617,0.3029170334339142
YELL_016,YELL,2022,0.7350512742996216,0.06309106945991516,1.8632566928863525,0.0005044402205385268,0.9996684789657593,0.11811532080173492,0.1324356496334076,0.08646954596042633,1.0,,,0.8363637328147888,100.0,0.5052847862243652,0.3267271518707275,0.4081233441829681,0.3058042228221893
YELL_013,YELL,2022,3.547454833984375,0.1657772660255432,1.8792551755905151,0.026831787079572678,0.9913384318351746,0.6462231874465942,0.13326968252658844,0.07710085809230804,0.4680088758468628,0.9214756488800049,1.1877282857894897,4.291236877441406,99.87171173095703,0.7014948725700378,0.4616323113441467,0.6409065127372742,0.4312276542186737
YELL_006,YELL,2022,7.458780765533447,2.084038496017456,1.8984159231185913,0.5667082071304321,0.8460437655448914,1.1917732954025269,0.1829599291086197,0.09915857017040253,0.48104777932167053,0.87533038854599,1.3560084104537964,8.82583236694336,93.95194244384766,0.6063873171806335,0.2713758647441864,0.394292801618576,0.2605971395969391
YELL_020,YELL,2022,4.294345378875732,3.362818956375122,1.8155089616775513,1.0689849853515625,0.5814305543899536,0.9847855567932129,0.2463807612657547,0.1381055861711502,0.6191806793212891,0.7961236834526062,1.102481484413147,5.516233921051025,98.55400085449219,0.7465804815292358,0.3648566603660583,0.7010298371315002,0.3559582531452179
YELL_008,YELL,2022,7.458140850067139,4.224429130554199,1.861904501914978,1.2585172653198242,0.6765492558479309,1.4516737461090088,0.20128123462200165,0.11013171821832657,0.5236701369285583,1.1284823417663574,1.4816495180130005,9.150158882141113,90.26980590820312,0.6242548227310181,0.3629739582538605,0.5349441766738892,0.3500736057758331
YELL_014,YELL,2022,3.0646204948425293,0.4138393998146057,1.9121639728546143,0.07029973715543747,0.973517119884491,0.5405758619308472,0.11267511546611786,0.0649859607219696,0.5101531744003296,1.0052722692489624,1.3916419744491577,3.7089638710021973,99.63928985595703,0.4711471498012543,0.2525011301040649,0.3713051080703735,0.2447237521409988
YELL_001,YELL,2022,0.7680507898330688,0.1768166571855545,2.0135886669158936,0.013843163847923279,0.9885571002960205,0.09447967261075974,0.08614565432071686,0.053438909351825714,0.6551015973091125,1.0378881692886353,1.1875824928283691,0.8739039301872253,100.0,0.6878454685211182,0.4384503364562988,0.6182309985160828,0.4139542281627655
YELL_011,YELL,2022,4.149163246154785,0.15131551027297974,1.938455581665039,0.008555315434932709,0.9953263401985168,0.5409900546073914,0.11683481186628342,0.06650315225124359,0.4443097412586212,0.5623598098754883,1.2745193243026733,4.775947570800781,99.9653549194336,0.5605969429016113,0.3192391991615295,0.4874289035797119,0.3021177649497986
YELL_004,YELL,2022,1.0121554136276245,0.15704934298992157,1.9464186429977417,0.014040689915418625,0.9854788184165955,0.17256149649620056,0.15613551437854767,0.09158701449632645,0.5451328754425049,,0.012292581610381603,1.2126877307891846,100.0,0.5112090706825256,0.2944543957710266,0.4236755967140198,0.2798137664794922
YELL_003,YELL,2022,4.847095966339111,0.7972381114959717,1.9366772174835205,0.18030598759651184,0.9236153364181519,0.8913041353225708,0.1840943694114685,0.1017472967505455,0.5068259239196777,0.8606886267662048,1.415907859802246,5.975780010223389,99.6104507446289,0.5249565243721008,0.3051222264766693,0.4197738170623779,0.2954545617103576
YELL_010,YELL,2022,0.8007144927978516,0.19728738069534302,1.9902589321136475,0.013771584257483482,0.990443229675293,0.08848361670970917,0.07831660658121109,0.048992812633514404,0.6060868501663208,0.8651477098464966,1.3814157247543335,0.8939560651779175,99.98866271972656,0.5902435183525085,0.3710778653621673,0.5032704472541809,0.3506743013858795
YELL_005,YELL,2022,1.792422890663147,0.2455984354019165,1.9359344244003296,0.028816761448979378,0.9853039979934692,0.2951563596725464,0.14831820130348206,0.08882676810026169,0.5140769481658936,0.8050023317337036,0.7268838882446289,2.135185480117798,99.9324722290039,0.6209359169006348,0.320001482963562,0.5443784594535828,0.312963604927063
YELL_007,YELL,2022,3.104823112487793,0.4780210256576538,1.9328054189682007,0.08852945268154144,0.9670165181159973,0.5525517463684082,0.1180340126156807,0.06810043752193451,0.5479679107666016,1.2627761363983154,1.785892128944397,3.7415928840637207,99.25471496582031,0.6987161040306091,0.3617087304592132,0.6470901370048523,0.3512583971023559
YELL_018,YELL,2022,0.7674862146377563,0.04115675762295723,1.8237969875335693,0.00013116057380102575,0.9998729825019836,0.17594343423843384,0.22188231348991394,0.14416854083538055,1.0,,,0.9117708802223206,100.0,0.5230210423469543,0.3242543339729309,0.4251724481582641,0.3069814443588257
YELL_023,YELL,2022,11.810951232910156,9.01543140411377,1.894290804862976,3.047975540161133,0.5829903483390808,2.2747292518615723,0.23785103857517242,0.129181906580925,0.5260800123214722,1.251038670539856,1.1948974132537842,14.289125442504883,73.2982406616211,0.7177006006240845,0.3142722249031067,0.692522406578064,0.3084291219711303
YELL_012,YELL,2022,9.738009452819824,8.078472137451172,1.8567982912063599,2.609067916870117,0.5404672622680664,1.9500311613082886,0.22605174779891968,0.12149632722139359,0.5207357406616211,1.194498896598816,1.3319261074066162,11.934635162353516,74.82052612304688,0.6787217855453491,0.2629686892032623,0.6519842743873596,0.2628600299358368
YELL_009,YELL,2022,11.01164436340332,7.692702770233154,1.9073070287704468,2.698134422302246,0.6220342516899109,1.7443733215332031,0.1787584275007248,0.09602975100278854,0.4283183515071869,0.9865148067474365,1.104365348815918,12.856926918029785,75.49874877929688,0.5757712721824646,0.2475953698158264,0.5181456208229065,0.2453018724918365
YELL_021,YELL,2022,10.699105262756348,11.274238586425781,1.8640044927597046,3.6396877765655518,0.4429197609424591,2.602147102355957,0.2815346121788025,0.15073122084140778,0.5656121969223022,1.3928006887435913,1.402109980583191,13.656128883361816,63.910640716552734,0.7438971400260925,0.2486469745635986,0.7260951399803162,0.2529173493385315
YELL_022,YELL,2022,5.586714744567871,4.477197647094727,1.8900549411773682,1.3875735998153687,0.6148207187652588,1.4985556602478027,0.2780156135559082,0.153037890791893,0.5814069509506226,1.1438859701156616,1.116962194442749,7.389111042022705,91.39347076416016,0.6536188125610352,0.2514342963695526,0.6550473570823669,0.2508500814437866
YELL_047,YELL,2022,6.536027431488037,4.598668575286865,1.9410629272460938,1.5170363187789917,0.6676979064941406,1.5328881740570068,0.24975860118865967,0.13341259956359863,0.5085213780403137,1.0459133386611938,1.1000785827636719,8.286267280578613,89.92058563232422,0.6142106652259827,0.2991421818733215,0.5588892698287964,0.2909268140792846
YELL_054,YELL,2022,6.706499099731445,5.351074695587158,1.947401762008667,1.7992621660232544,0.6173468232154846,1.5292940139770508,0.2534664273262024,0.13647335767745972,0.52213054895401,1.0547685623168945,1.026478886604309,8.426534652709961,87.064697265625,0.674805223941803,0.28704634308815,0.6705539226531982,0.2822793126106262
YELL_058,YELL,2022,5.964563846588135,2.2032766342163086,1.9388034343719482,0.6882287263870239,0.8277547359466553,1.3588995933532715,0.23923297226428986,0.12942150235176086,0.5106377601623535,0.9800046682357788,1.12697172164917,7.526821613311768,95.71775817871094,0.684343159198761,0.3409880995750427,0.7229725122451782,0.3272958695888519
YELL_044,YELL,2022,6.84748649597168,3.2952072620391846,1.9272836446762085,1.0390360355377197,0.7610011696815491,1.5111572742462158,0.2325935810804367,0.125319704413414,0.5113719701766968,1.0501867532730103,1.2250794172286987,8.590953826904297,92.94142150878906,0.6533172130584717,0.3247295916080475,0.635876476764679,0.314875453710556
YELL_052,YELL,2022,6.8529253005981445,3.3095738887786865,1.9310035705566406,1.0223441123962402,0.752488374710083,1.3269654512405396,0.21134275197982788,0.11506614834070206,0.4827861189842224,0.9519115090370178,1.1811938285827637,8.355746269226074,91.4590072631836,0.7095663547515869,0.2945469319820404,0.501852810382843,0.2885365188121795
YELL_055,YELL,2022,8.260151863098145,4.442599296569824,1.9233577251434326,1.4781476259231567,0.7199246287345886,1.569941759109497,0.21023422479629517,0.11305980384349823,0.4922133684158325,1.0628283023834229,1.1773583889007568,9.995157241821289,87.64856719970703,0.6911677122116089,0.319546639919281,0.660252034664154,0.3112321496009826
YELL_062,YELL,2022,6.501366138458252,4.642368316650391,1.9331977367401123,1.5298492908477783,0.6573549509048462,1.5470516681671143,0.2561710476875305,0.1381034404039383,0.512258768081665,1.01584792137146,1.0788270235061646,8.241878509521484,89.44158172607422,0.6356891393661499,0.2883619964122772,0.6371535062789917,0.2802250981330871
YELL_056,YELL,2022,7.164623260498047,3.021411418914795,1.9243295192718506,0.9241077303886414,0.7895524501800537,1.3892598152160645,0.20674364268779755,0.11131221801042557,0.49403712153434753,1.056318998336792,1.3060503005981445,8.763747215270996,92.19058990478516,0.6837843656539917,0.256096750497818,0.6563051342964172,0.2530745267868042
YELL_048,YELL,2022,6.61475944519043,3.9114136695861816,1.9369778633117676,1.2803218364715576,0.7200297713279724,1.541394591331482,0.251315176486969,0.13539229333400726,0.5132920742034912,1.0538415908813477,1.1058048009872437,8.363513946533203,90.87631225585938,0.6823812127113342,0.2442924976348877,0.746009349822998,0.242698460817337
YELL_060,YELL,2022,8.869086265563965,1.9715802669525146,1.8710356950759888,0.6061432957649231,0.8849656581878662,1.620595932006836,0.20259837806224823,0.10884543508291245,0.4714326858520508,1.047678828239441,1.2536524534225464,10.694185256958008,94.20291900634766,0.6739031076431274,0.2907194793224334,0.9811509847640992,0.2824392318725586
YELL_051,YELL,2022,6.697882175445557,2.1993353366851807,1.9224803447723389,0.6922250986099243,0.8471929430961609,1.4436798095703125,0.22925254702568054,0.1253793090581894,0.5188770294189453,1.0968655347824097,1.1617934703826904,8.309931755065918,94.37959289550781,0.748313844203949,0.4217278361320495,0.7930960059165955,0.3949377536773681
YELL_053,YELL,2022,4.704442977905273,1.644951581954956,1.903151273727417,0.5058681964874268,0.8459256887435913,1.1563094854354858,0.2521066665649414,0.1379334181547165,0.5486693382263184,1.0148725509643555,1.0132120847702026,6.079257965087891,97.1647720336914,0.6760782599449158,0.354915976524353,0.6735244989395142,0.339741587638855
YELL_045,YELL,2022,7.707260608673096,3.5997424125671387,1.9095958471298218,1.0904334783554077,0.7571274042129517,1.5969136953353882,0.221639022231102,0.11991109699010849,0.5001229643821716,1.0910179615020752,1.359102725982666,9.56277084350586,90.29894256591797,0.7353153824806213,0.3128427863121032,0.7666662335395813,0.3050082623958587
YELL_046,YELL,2022,9.990066528320312,3.5691800117492676,1.9039926528930664,1.1361308097839355,0.8199148178100586,1.9255352020263672,0.21517907083034515,0.11572348326444626,0.4816560745239258,1.1499931812286377,1.2598161697387695,12.131000518798828,90.1207046508789,0.752191424369812,0.4146167635917663,0.8041983246803284,0.3892220854759216
YELL_061,YELL,2022,6.585330009460449,3.8462488651275635,1.925994873046875,1.2455663681030273,0.720660924911499,1.523901104927063,0.25153088569641113,0.13502052426338196,0.5080137848854065,1.0620945692062378,1.0537868738174438,8.324029922485352,90.61376190185547,0.7838912010192871,0.3580682873725891,0.8223980069160461,0.3462125062942505
YELL_049,YELL,2022,4.201463222503662,1.0023225545883179,1.9401906728744507,0.3087542653083801,0.9065234065055847,0.858447253704071,0.22045205533504486,0.1245197281241417,0.5419686436653137,0.9897512793540955,0.717899739742279,5.184504508972168,98.01253509521484,0.75164794921875,0.4883166551589966,0.6984180212020874,0.4573127627372741
YELL_059,YELL,2022,10.055413246154785,3.647289752960205,1.8948904275894165,1.127364993095398,0.8113121390342712,2.033465623855591,0.21446029841899872,0.11613728851079941,0.49216336011886597,1.206912875175476,1.387630820274353,12.30791187286377,89.04068756103516,0.6708229184150696,0.3070233166217804,0.634284496307373,0.300517201423645
YELL_043,YELL,2022,5.505652904510498,1.2783948183059692,1.8891583681106567,0.3853473663330078,0.8909372091293335,1.2957996129989624,0.2345152646303177,0.12838107347488403,0.5162604451179504,0.8788726925849915,1.020098090171814,7.040618896484375,97.63890075683594,0.8540720343589783,0.5668383836746216,0.8305957913398743,0.5253090262413025
YELL_050,YELL,2022,8.510445594787598,2.4355247020721436,1.8983051776885986,0.7265774607658386,0.8523175120353699,1.72356379032135,0.22002682089805603,0.11847173422574997,0.49265575408935547,1.0819058418273926,1.3745981454849243,10.490781784057617,93.122802734375,0.6504281163215637,0.3055195808410644,0.6413996815681458,0.2952676117420196
YELL_057,YELL,2022,6.111737251281738,1.4455581903457642,1.9132378101348877,0.41674700379371643,0.8859688639640808,1.2909542322158813,0.22231970727443695,0.1228499710559845,0.5338259935379028,1.0514823198318481,1.3095145225524902,7.60730504989624,96.97486877441406,0.7172883749008179,0.3729682862758636,0.775508463382721,0.3552597761154175
YELL_015,YELL,2022,6.024450778961182,0.9021862745285034,1.980012059211731,0.20990177989006042,0.931559681892395,1.2360659837722778,0.19437956809997559,0.10694023966789246,0.5187920331954956,1.0370347499847412,1.582129955291748,7.502687931060791,98.36116790771484,0.708831787109375,0.4705210030078888,0.649196207523346,0.4376895129680633
YELL_002,YELL,2023,2.241741418838501,0.514305591583252,1.9918200969696045,0.11327382922172546,0.9529489278793335,0.3921251595020294,0.09878800064325333,0.054116301238536835,0.5615578889846802,1.0453776121139526,1.2281004190444946,2.7795257568359375,99.53620910644531,0.5225147008895874,0.305454671382904,0.4145205318927765,0.2960917949676513
YELL_016,YELL,2023,0.9857330322265625,0.04774744063615799,1.9915623664855957,0.0016361854504793882,0.9989491105079651,0.10522626340389252,0.055535707622766495,0.030976686626672745,0.4719429016113281,0.3448190987110138,0.1813364028930664,1.1207785606384277,100.0,0.462597906589508,0.3186309039592743,0.3508833050727844,0.297754555940628
YELL_013,YELL,2023,2.5989344120025635,0.1446237415075302,2.007474660873413,0.03019726648926735,0.9889267683029175,0.4377520680427551,0.08665528893470764,0.04722781106829643,0.4184165894985199,0.9310659170150757,1.0593496561050415,3.1813275814056396,99.89018249511719,0.6699208617210388,0.4733859002590179,0.5977139472961426,0.4374753832817077
YELL_006,YELL,2023,6.655357837677002,2.2982890605926514,1.9670844078063965,0.6829162240028381,0.8194829821586609,1.196426510810852,0.17879429459571838,0.0964348316192627,0.49866974353790283,1.020685076713562,1.2930023670196533,8.146686553955078,93.80821990966797,0.6267737150192261,0.298182725906372,0.6603344082832336,0.2843434512615204
YELL_020,YELL,2023,4.163717269897461,3.4897162914276123,1.813072919845581,1.127277135848999,0.5540398359298706,1.0447567701339722,0.26086294651031494,0.14363336563110352,0.6475640535354614,0.8509407639503479,1.0748426914215088,5.573559284210205,98.54825592041016,0.7727962732315063,0.4152200222015381,0.7248783707618713,0.4013570249080658
YELL_008,YELL,2023,7.070039749145508,4.34964656829834,1.874151587486267,1.2752091884613037,0.6555445790290833,1.3611652851104736,0.1913192868232727,0.10315079241991043,0.5247399806976318,1.128495454788208,1.4806495904922485,8.80002498626709,89.92211151123047,0.6559366583824158,0.3881389796733856,0.5811741352081299,0.3712947964668274
YELL_014,YELL,2023,2.667598247528076,0.39583247900009155,1.968076467514038,0.07540205121040344,0.9722995758056641,0.47703230381011963,0.09032301604747772,0.0488831028342247,0.5338464975357056,1.0824147462844849,1.475675344467163,3.2905144691467285,99.60420989990234,0.4644665718078613,0.2438126057386398,0.355301022529602,0.2392712384462356
YELL_001,YELL,2023,0.829139769077301,0.15160752832889557,2.03037428855896,0.021732432767748833,0.982304573059082,0.07395259290933609,0.053154654800891876,0.029063763096928596,0.4832916259765625,1.0008429288864136,0.638200044631958,0.9227352142333984,100.0,0.5406515598297119,0.3167287409305572,0.4260472655296325,0.3102026879787445
YELL_011,YELL,2023,1.820746898651123,0.13647589087486267,2.043320894241333,0.015748893842101097,0.9921296834945679,0.21216949820518494,0.04672004655003548,0.025293869897723198,0.42028069496154785,0.8373516201972961,1.191812515258789,2.0905840396881104,99.966552734375,0.5602226257324219,0.347198873758316,0.4778785109519958,0.3259101212024688
YELL_004,YELL,2023,0.8048719763755798,0.14966437220573425,2.022900104522705,0.02316388115286827,0.976325511932373,0.09532498568296432,0.09658309072256088,0.05274254456162453,0.6335203647613525,,0.015044473111629486,0.9447354674339294,100.0,0.4774418473243713,0.2871895730495453,0.3745851516723633,0.2737323939800262
YELL_003,YELL,2023,4.188915252685547,0.8353418111801147,2.0226612091064453,0.2201922982931137,0.910496711730957,0.8265282511711121,0.16499751806259155,0.09023769944906235,0.51209956407547,0.8985058069229126,1.2513550519943237,5.30615758895874,99.56449127197266,0.4734830856323242,0.2860346138477325,0.3582319319248199,0.2737355530261993
YELL_010,YELL,2023,0.7588607668876648,0.1858026683330536,2.0528860092163086,0.023363253101706505,0.9819274544715881,0.04581349343061447,0.03779108449816704,0.020673232153058052,0.457538902759552,1.0479811429977417,0.7553945183753967,0.8170647025108337,99.9894790649414,0.466675341129303,0.2753266096115112,0.3485868573188782,0.2671397030353546
YELL_005,YELL,2023,1.3388519287109375,0.23180964589118958,2.027034282684326,0.03795485943555832,0.9788626432418823,0.1610482782125473,0.07437514513731003,0.04096909612417221,0.44990870356559753,0.7979397773742676,0.7138381004333496,1.550780177116394,99.92816162109375,0.5774210691452026,0.310637354850769,0.4810376763343811,0.3048222064971924
YELL_007,YELL,2023,2.126282215118408,0.47857028245925903,1.9959990978240967,0.0994044616818428,0.9620236754417419,0.3725300431251526,0.07796835154294968,0.04234692081809044,0.5604654550552368,1.436525821685791,1.790867805480957,2.593137502670288,99.27214813232422,0.7130751013755798,0.3814765214920044,0.6640251278877258,0.367741197347641
YELL_018,YELL,2023,0.8193307518959045,0.04695356264710426,1.93361234664917,0.0032463488169014454,0.996972918510437,0.08362331241369247,0.07270196825265884,0.040167275816202164,0.5341638922691345,0.8886818289756775,0.37700819969177246,0.9240888953208923,100.0,0.4267969131469726,0.2821513712406158,0.2995485663414001,0.2689980864524841
YELL_023,YELL,2023,11.106491088867188,9.151069641113281,1.881324291229248,3.0207197666168213,0.5608866810798645,2.1584560871124268,0.2284124493598938,0.1211538314819336,0.5378682613372803,1.3623428344726562,1.2827519178390503,13.70483112335205,72.27626037597656,0.7142641544342041,0.3971145153045654,0.65839022397995,0.378503680229187
YELL_012,YELL,2023,9.012648582458496,8.141379356384277,1.8396260738372803,2.6310601234436035,0.512047529220581,1.9036626815795898,0.22627975046634674,0.12130849808454514,0.5494381189346313,1.319287896156311,1.387789249420166,11.38790512084961,75.2129135131836,0.6298224925994873,0.2180422693490982,0.5983211398124695,0.2222315222024917
YELL_009,YELL,2023,9.801450729370117,8.104360580444336,1.8705674409866333,2.7735373973846436,0.5591606497764587,1.861250877380371,0.19439640641212463,0.10324320197105408,0.48011529445648193,1.1982662677764893,1.2732694149017334,12.00656795501709,74.06710815429688,0.5799906849861145,0.2186954319477081,0.5606015920639038,0.2182752192020416
YELL_021,YELL,2023,9.527644157409668,11.45382022857666,1.8514124155044556,3.6471030712127686,0.40461111068725586,2.5968432426452637,0.29928240180015564,0.15650805830955505,0.610660970211029,1.5243544578552246,1.4412425756454468,12.721931457519531,64.04497528076172,0.759043276309967,0.255471259355545,0.741549551486969,0.2598208487033844
YELL_022,YELL,2023,5.16048526763916,4.495820045471191,1.8958475589752197,1.409548044204712,0.5960916876792908,1.3985140323638916,0.26088905334472656,0.1406138688325882,0.5895535349845886,1.201252818107605,1.140673279762268,7.00912618637085,91.48310852050781,0.673854649066925,0.2296080440282821,0.6834481358528137,0.2321790903806686
YELL_047,YELL,2023,5.791733264923096,4.818385124206543,1.9440964460372925,1.615768313407898,0.6203657388687134,1.4755022525787354,0.24314868450164795,0.12990808486938477,0.5431475043296814,1.1629228591918945,1.1400970220565796,7.6706719398498535,90.06222534179688,0.6300703883171082,0.353412926197052,0.5685552358627319,0.3362040221691131
YELL_054,YELL,2023,6.1244096755981445,5.647881984710693,1.915266513824463,1.9009754657745361,0.55852210521698,1.488537311553955,0.24991564452648163,0.13374751806259155,0.54183429479599,1.115840196609497,1.0665961503982544,8.036520004272461,86.84915924072266,0.6681092977523804,0.3575844764709472,0.6234520673751831,0.3416487276554107
YELL_058,YELL,2023,5.547337055206299,2.3615365028381348,1.9819715023040771,0.7857528924942017,0.7971727252006531,1.327479362487793,0.222072571516037,0.12002503871917725,0.4946964383125305,0.9955214262008667,1.0366060733795166,7.233270168304443,95.52544403076172,0.6184596419334412,0.3379061222076416,0.559379518032074,0.3234077095985412
YELL_044,YELL,2023,5.990289688110352,3.466264247894287,1.945858120918274,1.1118491888046265,0.7286845445632935,1.4184141159057617,0.22454306483268738,0.12014739960432053,0.5363360643386841,1.1582701206207275,1.2539714574813843,7.832170009613037,93.02366638183594,0.5966328978538513,0.3214187622070312,0.5237846374511719,0.3118298649787903
YELL_052,YELL,2023,6.0110554695129395,3.5697760581970215,1.9484831094741821,1.1518794298171997,0.7097390294075012,1.2785835266113281,0.20305125415325165,0.10948053747415543,0.5004246234893799,1.0823416709899902,1.1619725227355957,7.637997627258301,91.47838592529297,0.7097364664077759,0.3880457580089569,0.6761189103126526,0.3674227595329284
YELL_055,YELL,2023,7.501597881317139,4.617917537689209,1.927624225616455,1.5464918613433838,0.6833406686782837,1.5402172803878784,0.2070728838443756,0.11131631582975388,0.5067850947380066,1.159156322479248,1.2127785682678223,9.409965515136719,87.48782348632812,0.7051347494125366,0.3808892667293548,0.6562716960906982,0.3636175692081451
YELL_062,YELL,2023,5.87529182434082,4.871118068695068,1.9440348148345947,1.6269586086273193,0.6146498322486877,1.4640251398086548,0.24030357599258423,0.12795698642730713,0.5206471681594849,1.1066759824752808,1.1141351461410522,7.7361674308776855,89.56505584716797,0.6101412773132324,0.3252029716968536,0.5489490628242493,0.3127144575119018
YELL_056,YELL,2023,6.1481523513793945,3.1965808868408203,1.9636955261230469,1.0187476873397827,0.754196286201477,1.3215402364730835,0.2023266851902008,0.10865645855665207,0.5225512981414795,1.1967660188674927,1.3145935535430908,7.820760250091553,92.34501647949219,0.6392308473587036,0.2939708828926086,0.6404561996459961,0.2858551442623138
YELL_048,YELL,2023,5.992888450622559,4.171886920928955,1.9559175968170166,1.3774176836013794,0.6749884486198425,1.414764642715454,0.2276454120874405,0.12126266211271286,0.5187795162200928,1.1205859184265137,1.1615300178527832,7.77694845199585,90.36531829833984,0.6534416675567627,0.2982580959796905,0.6200525760650635,0.2897920906543731
YELL_060,YELL,2023,8.151717185974121,2.184612989425659,1.9510844945907593,0.6811138987541199,0.8632603883743286,1.5534409284591675,0.18941596150398254,0.10101442784070969,0.4721406400203705,1.11219322681427,1.274552583694458,10.088314056396484,93.46743774414062,0.6720927953720093,0.3482840955257416,0.6644760966300964,0.3341182768344879
YELL_051,YELL,2023,5.933321475982666,2.3810927867889404,1.9701493978500366,0.7622363567352295,0.8125813603401184,1.3216431140899658,0.21225112676620483,0.11436942964792252,0.5251867771148682,1.1333684921264648,1.1424872875213623,7.583611011505127,93.97846984863281,0.7154059410095215,0.4560447931289673,0.7246536612510681,0.4209924340248108
YELL_053,YELL,2023,4.27712869644165,1.7566170692443848,1.943601369857788,0.566722571849823,0.818390429019928,1.1086008548736572,0.23808686435222626,0.12895871698856354,0.561976432800293,1.0812231302261353,0.979785144329071,5.750681400299072,97.134521484375,0.633034884929657,0.3831931352615356,0.5647795796394348,0.3638301789760589
YELL_045,YELL,2023,6.913533687591553,3.9544758796691895,1.938574194908142,1.2502026557922363,0.7062134742736816,1.5082811117172241,0.21260200440883636,0.11465351283550262,0.4961666464805603,1.1041154861450195,1.2340210676193237,8.819525718688965,89.50528717041016,0.6968511343002319,0.3454770147800445,0.6675480008125305,0.3328249454498291
YELL_046,YELL,2023,9.358640670776367,3.876755475997925,1.9380717277526855,1.2556610107421875,0.7920520305633545,1.8856981992721558,0.20043806731700897,0.10651721805334091,0.4892940819263458,1.2456470727920532,1.2763515710830688,11.643070220947266,89.02693939208984,0.8016647696495056,0.542088508605957,0.7899027466773987,0.4905500113964081
YELL_061,YELL,2023,5.905604362487793,4.080728530883789,1.9402542114257812,1.3379526138305664,0.6708055138587952,1.4084450006484985,0.2344239205121994,0.12586821615695953,0.5275718569755554,1.1348470449447632,1.0436466932296753,7.676060676574707,90.10636901855469,0.7800295352935791,0.4837915301322937,0.763667106628418,0.447295218706131
YELL_049,YELL,2023,3.4760518074035645,1.1907117366790771,1.9859086275100708,0.3812435269355774,0.8654336929321289,0.7867706418037415,0.2089168280363083,0.11359208077192307,0.5613732933998108,1.139590859413147,0.7555153965950012,4.525393486022949,97.80442810058594,0.7542253732681274,0.5531339645385742,0.693886935710907,0.5081195831298828
YELL_059,YELL,2023,8.940656661987305,3.889657497406006,1.945131778717041,1.2264378070831299,0.7783624529838562,1.9122649431228638,0.2102254182100296,0.11275820434093475,0.5098360776901245,1.2982797622680664,1.375169038772583,11.289172172546387,88.54360961914062,0.74892657995224,0.4395694136619568,0.7193533182144165,0.4101056456565857
YELL_043,YELL,2023,5.03813362121582,1.5026347637176514,1.9786882400512695,0.4663097560405731,0.8578655123710632,1.3974719047546387,0.2618834376335144,0.14164383709430695,0.5807767510414124,1.013189673423767,1.090343713760376,6.991175174713135,97.4560317993164,0.8737224340438843,0.6908416748046875,0.8596445322036743,0.6126120686531067
YELL_050,YELL,2023,7.59691858291626,2.6892549991607666,1.9614005088806152,0.8163989186286926,0.8235211968421936,1.5802031755447388,0.19829611480236053,0.10653399676084518,0.5051773190498352,1.208231806755066,1.408592700958252,9.603378295898438,92.33497619628906,0.6633976697921753,0.348707377910614,0.6224831938743591,0.3324083685874939
YELL_057,YELL,2023,5.4459381103515625,1.6144241094589233,1.975974202156067,0.47936010360717773,0.8631485104560852,1.207452654838562,0.20584002137184143,0.11069714277982712,0.535570502281189,1.1248067617416382,1.3107677698135376,7.003443241119385,96.68502044677734,0.7528010606765747,0.4469577074050903,0.765322208404541,0.4183589220046997
YELL_015,YELL,2023,4.593277931213379,0.9428934454917908,1.9979705810546875,0.2362779676914215,0.9210323095321655,0.9665101170539856,0.15408913791179657,0.08350471407175064,0.5323959589004517,1.1588592529296875,1.5845001935958862,5.861313343048096,98.34660339355469,0.5865074396133423,0.3717895448207855,0.4838407337665558,0.3563945293426513
YELL_002,YELL,2025,2.2119319438934326,0.5729897618293762,2.1053099632263184,0.1478928029537201,0.9152496457099915,0.4610126316547394,0.1608092039823532,0.09843754768371582,0.6279362440109253,0.9865628480911255,1.2327184677124023,2.7557373046875,99.55858612060547,0.4675013720989227,0.254477858543396,0.3386796116828918,0.2535970509052276
YELL_016,YELL,2025,0.8429100513458252,0.05018380284309387,2.0698401927948,0.0028664767742156982,0.9976148009300232,0.15692180395126343,0.1340433806180954,0.08798164874315262,0.5636555552482605,0.0,0.03719059005379677,0.9711049795150757,100.0,0.300090491771698,0.1965235322713852,0.1542427241802215,0.1902839988470077
YELL_013,YELL,2025,2.0407702922821045,0.1832238882780075,2.007591724395752,0.04257110878825188,0.9780425429344177,0.3963785171508789,0.13690117001533508,0.08500835299491882,0.5250017642974854,1.0192830562591553,1.2195454835891724,2.4888875484466553,99.87487030029297,0.4784298539161682,0.3149797916412353,0.3411999344825744,0.3079769611358642
YELL_006,YELL,2025,7.1694536209106445,2.244710683822632,2.0497891902923584,0.687423825263977,0.820519208908081,1.4080619812011719,0.2174367606639862,0.12620322406291962,0.5272613763809204,0.9858293533325195,1.268246054649353,8.71540355682373,93.98478698730469,0.4780437648296356,0.2189433574676513,0.4374940991401672,0.2150592058897018
YELL_020,YELL,2025,4.470162391662598,3.7085914611816406,1.8125985860824585,1.2072701454162598,0.5443333983421326,1.141743779182434,0.27526918053627014,0.15623930096626282,0.6589576005935669,0.8636651635169983,1.0997607707977295,5.828685283660889,98.51942443847656,0.7129598259925842,0.3360781371593475,0.6334841847419739,0.3372750580310821
YELL_008,YELL,2025,7.205006122589111,4.271556377410889,1.9020534753799438,1.308117151260376,0.6668152213096619,1.580330491065979,0.22675268352031708,0.12816791236400604,0.5773487687110901,1.1983275413513184,1.4651854038238525,9.067781448364258,90.82194519042969,0.5127347111701965,0.2872206270694732,0.3840087056159973,0.2860748469829559
YELL_014,YELL,2025,1.9485392570495605,0.4633798897266388,2.0304112434387207,0.1103183925151825,0.9375429749488831,0.37828463315963745,0.1299523264169693,0.08009053021669388,0.5943476557731628,1.1340028047561646,1.4907898902893066,2.3804848194122314,99.59347534179688,0.4074111878871918,0.2195888012647628,0.2849552035331726,0.2159227132797241
YELL_001,YELL,2025,0.9992411732673645,0.21050305664539337,2.0621228218078613,0.04764039069414139,0.9573584198951721,0.16360774636268616,0.14099238812923431,0.08706269413232803,0.5231747627258301,0.8155550360679626,0.17410244047641754,1.1610311269760132,100.0,0.3879321813583374,0.2268289923667907,0.2457018345594406,0.2247429490089416
YELL_011,YELL,2025,1.9974877834320068,0.1670413762331009,2.091850996017456,0.02805051952600479,0.981281578540802,0.3530332148075104,0.12936663627624512,0.0814749225974083,0.5219781994819641,0.8607079982757568,1.2391712665557861,2.377499580383301,99.9669418334961,0.3843327760696411,0.2270318567752838,0.2539747953414917,0.2211821973323822
YELL_004,YELL,2025,0.8838886618614197,0.18702322244644165,2.08522629737854,0.040283381938934326,0.9603225588798523,0.16121099889278412,0.16057948768138885,0.09899412840604782,0.6666098237037659,,0.012882445938885212,1.0609861612319946,100.0,0.4001036286354065,0.2353586256504058,0.2780457139015198,0.2276664972305297
YELL_003,YELL,2025,4.21201753616333,0.8498294353485107,2.0724427700042725,0.23055697977542877,0.9045851826667786,0.9054096341133118,0.19860993325710297,0.1155850738286972,0.5592203140258789,0.9654498100280762,1.3328773975372314,5.316339492797852,99.58544158935547,0.3797770142555237,0.2183556109666824,0.2317545861005783,0.2179077267646789
YELL_010,YELL,2025,0.788585364818573,0.2097892165184021,2.128368854522705,0.038774020969867706,0.9690489768981934,0.09714177250862122,0.10724395513534546,0.07061457633972168,0.6464412212371826,1.0611618757247925,1.2154662609100342,0.8776798248291016,99.99000549316406,0.3533439934253692,0.2077107727527618,0.2139105349779129,0.2040528655052185
YELL_005,YELL,2025,1.7798198461532593,0.2564891278743744,2.103698492050171,0.05040466785430908,0.9679587483406067,0.342464417219162,0.18065965175628662,0.11171194911003113,0.5696036219596863,0.7732341289520264,0.6614478826522827,2.169161796569824,99.92514038085938,0.4710367023944855,0.2599222064018249,0.3532561659812927,0.2552608549594879
YELL_007,YELL,2025,2.0183136463165283,0.5362251400947571,2.0576553344726562,0.132769376039505,0.9332728981971741,0.4057445526123047,0.14226333796977997,0.08781947195529938,0.6513760685920715,1.4302455186843872,1.735579013824463,2.4810845851898193,99.26663970947266,0.6278189420700073,0.2616088688373565,0.5530153512954712,0.2671757638454437
YELL_018,YELL,2025,0.803798258304596,0.04127616435289383,1.9656814336776733,0.0016605356940999627,0.9987224340438843,0.15521880984306335,0.15719859302043915,0.10069971531629562,0.8910457491874695,,0.04462870955467224,0.9593274593353271,100.0,0.3290770649909973,0.2245708107948303,0.1891185045242309,0.2138603925704956
YELL_023,YELL,2025,11.130313873291016,8.881250381469727,1.9003016948699951,2.9652321338653564,0.5632162690162659,2.400456190109253,0.264285147190094,0.14629173278808594,0.5812398195266724,1.3816616535186768,1.2589333057403564,13.800739288330078,73.8072280883789,0.6962245106697083,0.3481604158878326,0.6319810152053833,0.3406667411327362
YELL_012,YELL,2025,9.155257225036621,8.032888412475586,1.8853517770767212,2.623540163040161,0.5302173495292664,2.1711344718933105,0.26528942584991455,0.1482199728488922,0.599783182144165,1.3881704807281494,1.3699209690093994,11.694279670715332,76.8150634765625,0.6385310292243958,0.1653097718954086,0.6385733485221863,0.1733629703521728
YELL_009,YELL,2025,10.27847957611084,7.647701263427734,1.9074347019195557,2.620518922805786,0.5910446047782898,2.009800910949707,0.21898801624774933,0.1230114996433258,0.5011538863182068,1.1593561172485352,1.2569769620895386,12.456168174743652,75.8957290649414,0.5342086553573608,0.2103566080331802,0.5010283589363098,0.208343356847763
YELL_021,YELL,2025,10.015514373779297,11.165607452392578,1.8766056299209595,3.6431527137756348,0.41112020611763,2.838711977005005,0.32906198501586914,0.18207739293575287,0.6173208951950073,1.468828558921814,1.390302062034607,13.182670593261719,64.65155792236328,0.7003315091133118,0.2697580754756927,0.640933096408844,0.2723999917507171
YELL_022,YELL,2025,5.247953414916992,4.277023792266846,1.9452688694000244,1.3694337606430054,0.6328821778297424,1.5904868841171265,0.31319889426231384,0.17732666432857513,0.6481794714927673,1.2588138580322266,1.1101810932159424,7.183443546295166,92.25438690185547,0.6850509643554688,0.1668314188718795,0.7660104632377625,0.1741993278264999
YELL_047,YELL,2025,6.007209777832031,4.564308166503906,1.9886562824249268,1.5324956178665161,0.6436300873756409,1.6346226930618286,0.28746935725212097,0.16187958419322968,0.585282564163208,1.152317762374878,1.1029579639434814,7.878385543823242,90.64564514160156,0.5671384334564209,0.2751669883728027,0.4967651963233948,0.2707134187221527
YELL_054,YELL,2025,6.3085618019104,5.2650017738342285,1.9608031511306763,1.8014715909957886,0.5937261581420898,1.6601486206054688,0.2916400730609894,0.1658700704574585,0.5812022686004639,1.103354811668396,1.0180127620697021,8.191786766052246,88.22056579589844,0.6004275679588318,0.2679334282875061,0.5587320327758789,0.2640492916107178
YELL_058,YELL,2025,5.638545513153076,2.193589687347412,2.0194084644317627,0.7269123196601868,0.8144863247871399,1.512143850326538,0.275665283203125,0.15890157222747803,0.5685561299324036,1.0627928972244263,1.058929204940796,7.350613594055176,95.99104309082031,0.4790798723697662,0.242572471499443,0.3879052698612213,0.2391566038131714
YELL_044,YELL,2025,6.339313983917236,3.255040168762207,2.0088400840759277,1.069156289100647,0.7456145882606506,1.5807373523712158,0.25961053371429443,0.14711259305477142,0.5647374391555786,1.1284334659576416,1.1922688484191895,8.167236328125,93.57282257080078,0.4544899463653564,0.2128832340240478,0.349190890789032,0.2156057655811309
YELL_052,YELL,2025,6.402143478393555,3.321737051010132,1.9872283935546875,1.092549443244934,0.7376600503921509,1.4783464670181274,0.24691030383110046,0.14149227738380432,0.539018988609314,1.0558364391326904,1.1267366409301758,8.08443832397461,92.50613403320312,0.6099555492401123,0.2628998160362243,0.5639536380767822,0.2620200216770172
YELL_055,YELL,2025,7.70463228225708,4.3057074546813965,1.9996417760849,1.4884265661239624,0.7160044312477112,1.726049542427063,0.2445073425769806,0.13848400115966797,0.5446115136146545,1.1483111381530762,1.1136949062347412,9.639165878295898,89.12178039550781,0.6390154361724854,0.3081517815589905,0.5751346349716187,0.3025307357311249
YELL_062,YELL,2025,6.188475608825684,4.5794830322265625,1.9766360521316528,1.5507638454437256,0.6434507966041565,1.6714329719543457,0.2833595275878906,0.1599910706281662,0.561284601688385,1.1046664714813232,1.083771824836731,8.07164192199707,90.44331359863281,0.5160964727401733,0.238633930683136,0.4367577135562897,0.2376259863376617
YELL_056,YELL,2025,6.35978364944458,3.043530225753784,1.9795567989349365,0.9859896898269653,0.765246570110321,1.491798758506775,0.24566982686519623,0.13891862332820892,0.5770145654678345,1.2119895219802856,1.2548054456710815,8.100866317749023,92.97592163085938,0.5270001292228699,0.2045382857322693,0.5011889934539795,0.2059778273105621
YELL_048,YELL,2025,6.188031196594238,3.858555555343628,1.9914239645004272,1.2992603778839111,0.7016578316688538,1.6091150045394897,0.2769486606121063,0.15671199560165405,0.5696273446083069,1.1270300149917603,1.0767558813095093,7.98793363571167,91.46003723144531,0.5842849016189575,0.223754197359085,0.5506222248077393,0.225059375166893
YELL_060,YELL,2025,8.525799751281738,2.0360708236694336,1.9648101329803467,0.6577749252319336,0.8711324334144592,1.8030165433883667,0.23325425386428833,0.13395215570926666,0.5222168564796448,1.105028510093689,1.2634801864624023,10.490022659301758,94.09680938720703,0.543515682220459,0.2415106147527694,0.561130166053772,0.2403141260147094
YELL_051,YELL,2025,6.246018409729004,2.256500720977783,2.0160176753997803,0.7461274266242981,0.8247439861297607,1.5505510568618774,0.2596518099308014,0.14919111132621765,0.575438916683197,1.160521388053894,1.0883311033248901,7.9938249588012695,94.62545013427734,0.564967155456543,0.3133856356143951,0.7776198983192444,0.3042347431182861
YELL_053,YELL,2025,4.57367467880249,1.71249520778656,1.976995587348938,0.5490981936454773,0.8237206935882568,1.268101692199707,0.28800976276397705,0.16625277698040009,0.6046136021614075,1.0415434837341309,0.9845460057258606,6.056977272033691,97.26591491699219,0.5281068682670593,0.2800169289112091,0.4436314404010772,0.2756195962429046
YELL_045,YELL,2025,7.247800350189209,3.540804624557495,1.9979947805404663,1.1400047540664673,0.7392842769622803,1.730855107307434,0.2576519548892975,0.14840346574783325,0.545832097530365,1.1199764013290405,1.2365925312042236,9.187695503234863,90.8512954711914,0.545788586139679,0.2299096286296844,0.4845744371414184,0.2320049703121185
YELL_046,YELL,2025,9.85383415222168,3.690563917160034,1.9822441339492798,1.2032978534698486,0.8018679618835449,2.1792237758636475,0.24850404262542725,0.14001473784446716,0.5411492586135864,1.2529280185699463,1.280578851699829,12.252581596374512,89.789794921875,0.6883318424224854,0.3925532102584839,0.6506869196891785,0.3765611946582794
YELL_061,YELL,2025,6.217770099639893,3.902358293533325,1.9766502380371094,1.305641770362854,0.6963281631469727,1.6249569654464722,0.28336837887763977,0.16136275231838226,0.5741921663284302,1.1254194974899292,0.9828996062278748,8.070591926574707,91.13672637939453,0.6893775463104248,0.3271493315696716,0.6721041202545166,0.3188331723213196
YELL_049,YELL,2025,3.6898391246795654,1.0681546926498413,2.034334659576416,0.34749191999435425,0.8791375756263733,0.9204229116439819,0.2668232023715973,0.1566871702671051,0.5987579226493835,1.0422406196594238,0.6753038763999939,4.7510881423950195,98.18506622314453,0.546631932258606,0.3524982333183288,0.4154337644577026,0.3465825021266937
YELL_059,YELL,2025,9.797542572021484,3.7222180366516113,2.0215816497802734,1.2138302326202393,0.7944535613059998,2.2377195358276367,0.2513352930545807,0.14279209077358246,0.5427100658416748,1.2396528720855713,1.2981737852096558,12.302106857299805,89.39700317382812,0.697681725025177,0.369732916355133,0.6545206308364868,0.3548252880573272
YELL_043,YELL,2025,5.375349044799805,1.4672213792800903,1.973834753036499,0.4358861744403839,0.8629774451255798,1.4210357666015625,0.2699093818664551,0.1524246484041214,0.615621030330658,1.0396084785461426,1.2887682914733887,7.2141337394714355,97.8662338256836,0.8413262367248535,0.6016802191734314,0.8215538859367371,0.5441796779632568
YELL_050,YELL,2025,7.8766770362854,2.544156074523926,1.991235613822937,0.7966163158416748,0.8297104239463806,1.7887048721313477,0.2377013862133026,0.1354658007621765,0.5462583303451538,1.2146198749542236,1.3753660917282104,9.932689666748047,92.95796203613281,0.5613371729850769,0.2669097483158111,0.505012571811676,0.2616572380065918
YELL_057,YELL,2025,5.492270469665527,1.526383876800537,2.0041863918304443,0.4641432762145996,0.866223156452179,1.3548229932785034,0.25257188081741333,0.14491546154022217,0.5951452851295471,1.1792460680007935,1.2497293949127197,7.0677409172058105,97.06552124023438,0.6173150539398193,0.3474327623844147,0.5558419227600098,0.3353115320205688
YELL_015,YELL,2025,4.492992877960205,0.9391137957572937,2.0998284816741943,0.25992000102996826,0.907795250415802,1.0516371726989746,0.1915028691291809,0.11157738417387009,0.5733555555343628,1.1921635866165161,1.575666069984436,5.754491329193115,98.47964477539062,0.4667677283287048,0.2866708040237427,0.339323341846466,0.2790068686008453
BONA_072,BONA,2017,10.477985382080078,10.76026725769043,1.7814174890518188,4.156710624694824,0.3885286748409271,1.7754391431808472,0.19412806630134583,0.10891170799732208,0.3206538259983063,0.5144956111907959,0.7590996026992798,12.048254013061523,63.76449203491211,,,,
BONA_079,BONA,2017,10.186888694763184,10.61225700378418,1.6713632345199585,3.5933709144592285,0.31353968381881714,1.534177303314209,0.19038601219654083,0.10924956947565079,0.2597844898700714,0.373178631067276,0.6658578515052795,11.487664222717285,58.95941925048828,,,,
BONA_070,BONA,2017,4.603261470794678,1.3916085958480835,2.031447410583496,0.6056962013244629,0.8678059577941895,0.5610604286193848,0.12035330384969711,0.07966909557580948,0.23656925559043884,0.14613892138004303,0.27828240394592285,5.016185283660889,99.97657012939453,,,,
BONA_075,BONA,2017,11.502738952636719,12.54114055633545,1.6033848524093628,4.265029430389404,0.25774967670440674,1.7720376253128052,0.18433259427547455,0.10129047930240631,0.3097788095474243,0.5055343508720398,0.8561199307441711,13.044052124023438,48.010719299316406,,,,
BONA_078,BONA,2017,9.49854564666748,9.913819313049316,1.7274647951126099,3.592604637145996,0.3531070649623871,1.9904587268829346,0.2496187835931778,0.14000438153743744,0.3377237319946289,0.505045473575592,0.7727277874946594,11.255167007446289,66.40119171142578,,,,
BONA_076,BONA,2017,6.78171443939209,4.968470573425293,1.9502816200256348,1.9773263931274414,0.6258209347724915,1.212432861328125,0.18532274663448334,0.10999347269535065,0.33414003252983093,0.42474740743637085,0.5764093399047852,7.87502908706665,93.27737426757812,,,,
BONA_082,BONA,2017,10.545204162597656,11.37598991394043,1.6920901536941528,4.0421552658081055,0.30695798993110657,2.0600109100341797,0.23929283022880554,0.13876497745513916,0.27558404207229614,0.40299656987190247,0.7263840436935425,12.274618148803711,56.97444534301758,,,,
BONA_071,BONA,2017,6.1727705001831055,4.254899501800537,1.9500676393508911,1.6815844774246216,0.6426337361335754,0.9731075167655945,0.1618839055299759,0.09771604835987091,0.3129716217517853,0.34754040837287903,0.5000966787338257,7.028226375579834,94.35841369628906,,,,
BONA_087,BONA,2017,9.681694030761719,9.90624713897705,1.7755333185195923,3.831825017929077,0.38934579491615295,1.6276757717132568,0.19498205184936523,0.10893353819847107,0.31543847918510437,0.4816160798072815,0.7228735685348511,11.124665260314941,66.88787841796875,,,,
BONA_084,BONA,2017,10.444599151611328,10.261154174804688,1.8012434244155884,4.082248210906982,0.40779736638069153,1.7619366645812988,0.21871648728847504,0.1280202716588974,0.2435600608587265,0.30990076065063477,0.5475534796714783,11.914972305297852,64.5826416015625,,,,
BONA_080,BONA,2017,8.791244506835938,4.770643711090088,1.9361165761947632,1.8398106098175049,0.6873087882995605,1.5449633598327637,0.18686321377754211,0.11571327596902847,0.2651958167552948,0.35033267736434937,0.5639052987098694,10.039691925048828,89.1303482055664,,,,
BONA_086,BONA,2017,3.927229642868042,0.9319875240325928,1.9906294345855713,0.381986528635025,0.8948119878768921,0.6007202863693237,0.15914031863212585,0.10514473170042038,0.27058839797973633,0.1278630644083023,0.2413519024848938,4.379557132720947,99.90985870361328,,,,
BONA_088,BONA,2017,9.625983238220215,10.085152626037598,1.7498924732208252,3.801326274871826,0.35898953676223755,1.7095277309417725,0.21233344078063965,0.12031546980142593,0.2994629144668579,0.4263739585876465,0.7146696448326111,11.100722312927246,66.88288116455078,,,,
BONA_089,BONA,2017,9.180736541748047,9.253035545349121,1.7558619976043701,3.4852499961853027,0.3735660910606384,1.7761516571044922,0.2436782270669937,0.14302322268486023,0.26466959714889526,0.3304472267627716,0.589576005935669,10.673480987548828,68.75615692138672,,,,
BONA_085,BONA,2017,4.271091461181641,1.4457309246063232,2.0208122730255127,0.6015967130661011,0.8619977235794067,0.5862717032432556,0.1374657303094864,0.08766719698905945,0.2847446799278259,0.21362332999706268,0.2852729856967926,4.760796070098877,99.97889709472656,,,,
BONA_083,BONA,2017,4.393509387969971,0.6849716901779175,1.9743729829788208,0.2573429048061371,0.9352231621742249,0.8171679973602295,0.18315701186656952,0.11575280129909515,0.3353939354419708,0.3304441273212433,0.3653320074081421,5.104615211486816,99.85021209716797,,,,
BONA_074,BONA,2017,3.672300338745117,0.7902289032936096,1.972238302230835,0.30434805154800415,0.9088480472564697,0.5234988331794739,0.155490905046463,0.09815309196710587,0.3337646722793579,0.23403353989124298,0.28460368514060974,4.122754096984863,99.97109985351562,,,,
BONA_081,BONA,2017,4.348583698272705,1.2547924518585205,1.990004062652588,0.5127006769180298,0.8775100111961365,0.617455005645752,0.14186795055866241,0.08864879608154297,0.29548540711402893,0.2441246658563614,0.32291626930236816,4.878547668457031,99.91447448730469,,,,
BONA_077,BONA,2017,3.488896369934082,0.656965970993042,1.9523059129714966,0.23706093430519104,0.9196622967720032,0.5633606314659119,0.17434094846248627,0.10954060405492783,0.3508795201778412,0.28137728571891785,0.3318517506122589,3.98585844039917,99.96248626708984,,,,
BONA_073,BONA,2017,3.912139415740967,0.5753234028816223,1.934066891670227,0.20627419650554657,0.9330893754959106,0.584869384765625,0.17011722922325134,0.10694484412670135,0.3671345114707947,0.32527729868888855,0.4283190965652466,4.424707412719727,99.8803939819336,,,,
BONA_014,BONA,2017,10.244189262390137,9.995749473571777,1.8111644983291626,3.9265732765197754,0.4270435571670532,1.6503448486328125,0.18133190274238586,0.1047431230545044,0.288347989320755,0.46928924322128296,0.7306696176528931,11.64651107788086,66.86376190185547,,,,
BONA_011,BONA,2017,4.086728572845459,2.240689992904663,1.9571261405944824,0.8744968175888062,0.7319473028182983,0.9879040718078613,0.2521449625492096,0.15539498627185822,0.4224279820919037,0.4096197783946991,0.5178331732749939,4.9681901931762695,99.97125244140625,,,,
BONA_001,BONA,2017,13.071151733398438,14.365740776062012,1.6213223934173584,5.050032138824463,0.27261412143707275,2.1675643920898438,0.1792682707309723,0.09887952357530594,0.3420164883136749,0.646113932132721,1.002764344215393,14.983137130737305,41.626609802246094,,,,
BONA_018,BONA,2017,3.7714123725891113,2.3620753288269043,1.8567172288894653,0.8628393411636353,0.6528491973876953,0.9337022304534912,0.2575415074825287,0.16108325123786926,0.4131295680999756,0.5046144127845764,0.6134317517280579,4.592279434204102,99.90218353271484,,,,
BONA_023,BONA,2017,2.43179988861084,1.7896389961242676,1.7396234273910522,0.5332888960838318,0.5401002764701843,0.38981080055236816,0.17811372876167297,0.11213918030261993,0.3614121973514557,0.23564286530017853,0.2834954261779785,2.7793498039245605,99.98814392089844,,,,
BONA_009,BONA,2017,2.1626410484313965,1.690232515335083,1.6580867767333984,0.461492657661438,0.4726830720901489,0.35174301266670227,0.1757916659116745,0.1122838705778122,0.34645092487335205,0.22051864862442017,0.23993363976478577,2.4627532958984375,99.72080993652344,,,,
BONA_002,BONA,2017,8.00949764251709,8.960865020751953,1.5647329092025757,2.8473403453826904,0.23227033019065857,1.67031991481781,0.24455644190311432,0.13842898607254028,0.3490849733352661,0.4944707155227661,0.8308009505271912,9.510019302368164,68.0958251953125,,,,
BONA_012,BONA,2017,10.757147789001465,11.827217102050781,1.5588608980178833,3.725374221801758,0.23174262046813965,1.539459228515625,0.1714732050895691,0.09763012826442719,0.2750628888607025,0.446628212928772,0.828456699848175,12.064090728759766,49.122432708740234,,,,
BONA_008,BONA,2017,9.94623851776123,12.05792236328125,1.5960750579833984,4.0161871910095215,0.20577402412891388,2.60851788520813,0.29791027307510376,0.1662244200706482,0.34096410870552063,0.5264886617660522,0.9166183471679688,12.260676383972168,54.65196228027344,,,,
BONA_093,BONA,2017,8.574505805969238,6.854372978210449,1.8929489850997925,2.7078115940093994,0.5435236096382141,1.4738609790802002,0.1886748969554901,0.11433946341276169,0.2689531147480011,0.34834596514701843,0.5697903037071228,9.777421951293945,82.8114013671875,,,,
BONA_007,BONA,2017,9.570518493652344,10.431206703186035,1.6622453927993774,3.844820022583008,0.2968570291996002,1.376505732536316,0.1639864146709442,0.09347870945930481,0.2946714162826538,0.4365459084510803,0.7482237219810486,10.7371187210083,64.06914520263672,,,,
BONA_005,BONA,2017,6.642871856689453,7.898719310760498,1.6875367164611816,2.9101686477661133,0.2729378342628479,2.085852861404419,0.33372995257377625,0.18898063898086548,0.3457593023777008,0.4642840325832367,0.7321890592575073,8.493518829345703,78.01404571533203,,,,
BONA_021,BONA,2017,4.698706150054932,3.5187015533447266,1.7212245464324951,1.3098903894424438,0.536744236946106,0.879827082157135,0.20619548857212067,0.12204334884881973,0.39931562542915344,0.47694605588912964,0.5539860725402832,5.500273704528809,90.81990051269531,,,,
BONA_026,BONA,2017,9.132248878479004,9.074320793151855,1.7187477350234985,3.1512041091918945,0.3752046525478363,1.812391996383667,0.22653667628765106,0.13283030688762665,0.3495546281337738,0.5657223463058472,0.8880932927131653,10.741645812988281,72.6613998413086,,,,
BONA_022,BONA,2017,3.9767816066741943,0.17018833756446838,1.9197194576263428,0.04535740986466408,0.984384298324585,0.7012607455253601,0.19019101560115814,0.11852536350488663,0.3110961318016052,0.28896620869636536,0.37733522057533264,4.58558988571167,99.96028900146484,,,,
BONA_010,BONA,2017,1.6466164588928223,0.07078894227743149,1.9378249645233154,0.006772391498088837,0.9960700869560242,0.25445494055747986,0.18582959473133087,0.11492779850959778,0.587160050868988,0.0,0.0050520519725978374,1.904709815979004,100.0,,,,
BONA_003,BONA,2017,3.765780210494995,1.2138742208480835,1.9967855215072632,0.4884148836135864,0.8691088557243347,0.8101551532745361,0.2315233200788498,0.14314593374729156,0.40086451172828674,0.41064924001693726,0.39375993609428406,4.488879680633545,100.0,,,,
BONA_004,BONA,2017,4.230876445770264,3.7152085304260254,1.8299599885940552,1.369646668434143,0.5112998485565186,1.016136646270752,0.2569615840911865,0.15830032527446747,0.4072129726409912,0.4801356792449951,0.6313361525535583,5.143229961395264,99.85006713867188,,,,
BONA_006,BONA,2017,4.67083740234375,2.709735631942749,1.9384769201278687,1.0706734657287598,0.7006471157073975,0.8239392638206482,0.1876574158668518,0.11558208614587784,0.3529830276966095,0.3285510241985321,0.5165019631385803,5.397071838378906,99.81449127197266,,,,
BONA_016,BONA,2017,3.569687604904175,0.9562699794769287,2.0029354095458984,0.38422396779060364,0.8908497095108032,0.7900890707969666,0.24102863669395447,0.15197454392910004,0.3934401273727417,0.3444569408893585,0.36524850130081177,4.247826099395752,100.0,,,,
BONA_013,BONA,2017,7.738088130950928,7.890548229217529,1.7148571014404297,2.696653366088867,0.35880446434020996,1.611985683441162,0.2433227151632309,0.13975633680820465,0.3507051467895508,0.5192632675170898,0.8200939297676086,9.20367431640625,79.59429931640625,,,,
BONA_072,BONA,2018,10.70108413696289,10.714179992675781,1.791019082069397,4.1440911293029785,0.4049324691295624,1.8183352947235107,0.19828900694847107,0.11936086416244507,0.26589450240135193,0.40141600370407104,0.6715061068534851,12.173441886901855,64.1416015625,,,,
BONA_079,BONA,2018,10.511653900146484,10.902498245239258,1.6893455982208252,3.8585472106933594,0.3262389898300171,1.6730719804763794,0.1984400451183319,0.11724770069122314,0.2524348199367523,0.36646437644958496,0.6627016067504883,11.872642517089844,58.189205169677734,,,,
BONA_070,BONA,2018,4.679520130157471,1.4838554859161377,2.0013980865478516,0.6162434220314026,0.8684713244438171,0.6411156058311462,0.13640014827251434,0.08698035776615143,0.276153564453125,0.256049245595932,0.3097890615463257,5.212221622467041,99.97697448730469,,,,
BONA_075,BONA,2018,11.800278663635254,12.5957612991333,1.6495051383972168,4.348552703857422,0.29391375184059143,1.808045744895935,0.18294622004032135,0.10613525658845901,0.27208587527275085,0.46485453844070435,0.820012092590332,13.301136016845703,49.49039077758789,,,,
BONA_078,BONA,2018,9.779603004455566,10.041162490844727,1.7522858381271362,3.726377487182617,0.3791417181491852,2.0907998085021973,0.2505604028701782,0.14205199480056763,0.3445771038532257,0.5622933506965637,0.8044841885566711,11.625299453735352,66.6593017578125,,,,
BONA_076,BONA,2018,7.300276279449463,5.0047454833984375,1.9504956007003784,2.0291714668273926,0.6408878564834595,1.2141436338424683,0.1763516366481781,0.10783684253692627,0.27765199542045593,0.3288305997848511,0.5072677135467529,8.310022354125977,92.58631134033203,,,,
BONA_082,BONA,2018,10.866025924682617,11.678556442260742,1.7160784006118774,4.26700496673584,0.3260612487792969,2.169370174407959,0.2409190833568573,0.1394735872745514,0.28832611441612244,0.45115458965301514,0.7538020610809326,12.685065269470215,56.63824462890625,,,,
BONA_071,BONA,2018,6.319380760192871,4.347216606140137,1.9656606912612915,1.7458008527755737,0.653756320476532,1.0569677352905273,0.17084753513336182,0.10311395674943924,0.31446751952171326,0.39174777269363403,0.5117508172988892,7.25546932220459,94.43854522705078,,,,
BONA_087,BONA,2018,10.04886531829834,10.039729118347168,1.7741304636001587,3.831831455230713,0.3952447772026062,1.6320661306381226,0.19354581832885742,0.11591773480176926,0.25903934240341187,0.38402676582336426,0.6402880549430847,11.36410140991211,65.20923614501953,,,,
BONA_084,BONA,2018,10.79959487915039,10.42570686340332,1.8174514770507812,4.220345497131348,0.42530199885368347,1.8521445989608765,0.22156016528606415,0.1293308585882187,0.25519585609436035,0.3303880989551544,0.5680103898048401,12.332267761230469,64.38654327392578,,,,
BONA_080,BONA,2018,8.622322082519531,4.664289951324463,1.950554609298706,1.8336045742034912,0.7077326774597168,1.5909533500671387,0.19109630584716797,0.11663195490837097,0.28019240498542786,0.3902495503425598,0.5548848509788513,9.951068878173828,90.06092834472656,,,,
BONA_086,BONA,2018,4.290582656860352,1.0328353643417358,1.9899039268493652,0.4217183589935303,0.9008044004440308,0.6176688075065613,0.14551201462745667,0.09530698508024216,0.2607642114162445,0.16283868253231049,0.2453092634677887,4.769509315490723,99.93663024902344,,,,
BONA_088,BONA,2018,9.9302396774292,10.204333305358887,1.7755540609359741,3.9117445945739746,0.3821893632411957,1.780470848083496,0.21328727900981903,0.1266101598739624,0.2711569666862488,0.3946974575519562,0.6666387319564819,11.380958557128906,66.42286682128906,,,,
BONA_089,BONA,2018,9.484910011291504,9.492923736572266,1.786986231803894,3.705091953277588,0.3990570902824402,1.911835789680481,0.2514817714691162,0.14478592574596405,0.29960036277770996,0.4297902584075928,0.6668746471405029,11.121840476989746,68.46780395507812,,,,
BONA_085,BONA,2018,4.5159220695495605,1.521026372909546,2.0150468349456787,0.6421989798545837,0.8537359833717346,0.5688618421554565,0.1300501823425293,0.08463233709335327,0.25162041187286377,0.21708019077777863,0.28918948769569397,4.960975646972656,99.95758056640625,,,,
BONA_083,BONA,2018,4.625794410705566,0.8561468720436096,1.9670567512512207,0.3365597128868103,0.9152877330780029,0.7808054685592651,0.17541663348674774,0.1145625188946724,0.30228638648986816,0.34526965022087097,0.4198199510574341,5.246854305267334,99.77581787109375,,,,
BONA_074,BONA,2018,3.9960649013519287,0.9813262224197388,1.9655317068099976,0.39137136936187744,0.8924436569213867,0.7145923972129822,0.18844954669475555,0.12256605923175812,0.3367304503917694,0.2757248282432556,0.3567066490650177,4.566415309906006,99.95512390136719,,,,
BONA_081,BONA,2018,4.558257102966309,1.8021692037582397,1.9927557706832886,0.7526916265487671,0.8159945011138916,0.6139822006225586,0.14032326638698578,0.08833544701337814,0.2794242799282074,0.23657245934009552,0.3504721522331238,5.06434440612793,99.8540267944336,,,,
BONA_077,BONA,2018,4.03988790512085,0.9443207383155823,1.9455090761184692,0.3722640872001648,0.8876209855079651,0.7029041051864624,0.1887473464012146,0.12443817406892776,0.3280210793018341,0.31242015957832336,0.422101765871048,4.582686901092529,99.87316131591797,,,,
BONA_073,BONA,2018,4.386993885040283,0.7701048851013184,1.9530922174453735,0.2801898717880249,0.9149407148361206,0.7575757503509521,0.1890851855278015,0.11770084500312805,0.3660184144973755,0.3765580356121063,0.48822712898254395,5.045882701873779,99.75286865234375,,,,
BONA_014,BONA,2018,10.327401161193848,10.0979642868042,1.8111238479614258,3.9665355682373047,0.4330184757709503,1.7909538745880127,0.19397930800914764,0.11059732735157013,0.30967986583709717,0.5053488612174988,0.7424113750457764,11.874687194824219,66.85086059570312,,,,
BONA_011,BONA,2018,4.356791019439697,2.356429100036621,1.9620370864868164,0.9263283014297485,0.7459327578544617,0.9822240471839905,0.23604153096675873,0.14466148614883423,0.41004854440689087,0.46783140301704407,0.5212422609329224,5.243736267089844,99.9580307006836,,,,
BONA_001,BONA,2018,13.297432899475098,14.515314102172852,1.6338831186294556,5.03951358795166,0.28347963094711304,2.1647799015045166,0.1781235784292221,0.10146788507699966,0.3082126975059509,0.5997933149337769,0.9678770899772644,15.168856620788574,41.72252655029297,,,,
BONA_018,BONA,2018,4.225333213806152,2.5570740699768066,1.9012424945831299,0.9663606882095337,0.6722959280014038,1.0508047342300415,0.2674032747745514,0.16925843060016632,0.4095430076122284,0.5168976783752441,0.62127286195755,5.1254682540893555,99.82642364501953,,,,
BONA_023,BONA,2018,2.75881290435791,2.1187446117401123,1.789574146270752,0.7026582360267639,0.5556332468986511,0.4476355314254761,0.18216803669929504,0.1117752194404602,0.38426750898361206,0.2407509684562683,0.3742769956588745,3.182565689086914,99.99324035644531,,,,
BONA_009,BONA,2018,2.4078526496887207,1.8831349611282349,1.680442452430725,0.5499066710472107,0.48254165053367615,0.3984745442867279,0.1826082468032837,0.11652282625436783,0.3602607250213623,0.25667673349380493,0.3239474296569824,2.747615098953247,99.74897003173828,,,,
BONA_002,BONA,2018,8.41097640991211,9.143896102905273,1.6103273630142212,3.1056954860687256,0.27060046792030334,1.7661733627319336,0.2480626106262207,0.14087024331092834,0.3444344103336334,0.490386039018631,0.8108457326889038,9.959883689880371,67.6369400024414,,,,
BONA_012,BONA,2018,10.996766090393066,12.24483871459961,1.6195333003997803,4.313112735748291,0.2627165615558624,1.7623612880706787,0.18412241339683533,0.10164351761341095,0.3234650492668152,0.5476242899894714,0.8963529467582703,12.542303085327148,50.096839904785156,,,,
BONA_008,BONA,2018,10.340311050415039,12.377649307250977,1.6303939819335938,4.263176441192627,0.23001372814178467,2.698514223098755,0.30020710825920105,0.17105425894260406,0.32854628562927246,0.5417541265487671,0.9147800207138062,12.678485870361328,54.00141525268555,,,,
BONA_093,BONA,2018,8.62359619140625,6.930588722229004,1.9080747365951538,2.7973709106445312,0.5618262887001038,1.544498324394226,0.1925395131111145,0.11522788554430008,0.2773783802986145,0.3675137758255005,0.5639020800590515,9.91076946258545,83.46430206298828,,,,
BONA_007,BONA,2018,9.808281898498535,10.790395736694336,1.6586393117904663,3.986433506011963,0.2932099401950836,1.4772213697433472,0.1717134714126587,0.09650770574808121,0.30767151713371277,0.4555116891860962,0.777019202709198,11.073490142822266,61.05544662475586,,,,
BONA_005,BONA,2018,6.904557228088379,8.137670516967773,1.710843563079834,3.0430948734283447,0.28882914781570435,2.213322401046753,0.34891366958618164,0.19786511361598969,0.3561977446079254,0.47883981466293335,0.7494601607322693,8.867215156555176,76.81431579589844,,,,
BONA_021,BONA,2018,5.073034763336182,3.701962471008301,1.7421090602874756,1.3755664825439453,0.5449143648147583,0.985313355922699,0.21237489581108093,0.1265329122543335,0.3906804621219635,0.4892108738422394,0.5374385118484497,5.9518561363220215,90.50218200683594,,,,
BONA_026,BONA,2018,9.394525527954102,9.318533897399902,1.7280131578445435,3.3074951171875,0.3854580819606781,1.8941411972045898,0.22877028584480286,0.132289320230484,0.35342782735824585,0.5728530883789062,0.8849872946739197,11.097448348999023,71.86930084228516,,,,
BONA_022,BONA,2018,4.570505142211914,0.1787654310464859,1.9308695793151855,0.050522733479738235,0.9864124059677124,0.8793997764587402,0.21980150043964386,0.13350993394851685,0.3166165053844452,0.23265981674194336,0.3589410185813904,5.343547344207764,99.95992279052734,,,,
BONA_010,BONA,2018,1.859840750694275,0.0762554183602333,1.9261205196380615,0.007761731743812561,0.9953349828720093,0.28706493973731995,0.186841681599617,0.12138696014881134,0.49320563673973083,0.0,0.10541422665119171,2.113295555114746,100.0,,,,
BONA_003,BONA,2018,4.019228935241699,1.3350557088851929,2.0021109580993652,0.5577837824821472,0.8583752512931824,0.8417831063270569,0.2300867736339569,0.14655135571956635,0.3573956787586212,0.40400230884552,0.406798392534256,4.713920593261719,100.0,,,,
BONA_004,BONA,2018,4.592844486236572,3.8470239639282227,1.8710912466049194,1.4740155935287476,0.5525922775268555,1.0929762125015259,0.25713542103767395,0.15651974081993103,0.4257383942604065,0.48081400990486145,0.6379783749580383,5.589755535125732,99.76647186279297,,,,
BONA_006,BONA,2018,4.911373138427734,2.8439900875091553,1.9485690593719482,1.132074236869812,0.709694504737854,0.8371683359146118,0.18136462569236755,0.109768345952034,0.3580339848995209,0.39609697461128235,0.5558519959449768,5.677772521972656,99.7551040649414,,,,
BONA_016,BONA,2018,3.818965435028076,0.9875096082687378,2.0025269985198975,0.39136868715286255,0.8976278305053711,0.7819370031356812,0.21992912888526917,0.13810239732265472,0.3702142536640167,0.3531252443790436,0.32814157009124756,4.495246410369873,100.0,,,,
BONA_013,BONA,2018,8.52566909790039,9.101304054260254,1.8123067617416382,3.514357328414917,0.36319267749786377,2.42746901512146,0.3382982909679413,0.22291536629199982,0.308915376663208,0.5546881556510925,0.9020478129386902,10.329946517944336,77.25249481201172,,,,
BONA_072,BONA,2019,10.860567092895508,10.601290702819824,1.7750868797302246,3.953711986541748,0.4080205261707306,1.7277566194534302,0.1909402310848236,0.11183188855648041,0.2765035033226013,0.4171774983406067,0.6633448004722595,12.274497985839844,62.71375274658203,,,,
BONA_079,BONA,2019,10.74374008178711,10.690387725830078,1.6489408016204834,3.4473965167999268,0.3218187391757965,1.5056146383285522,0.18214085698127747,0.1086077019572258,0.23877182602882385,0.3447316288948059,0.6222208142280579,11.945923805236816,56.51630401611328,,,,
BONA_070,BONA,2019,4.531863689422607,1.1971927881240845,1.9797130823135376,0.47260355949401855,0.9030291438102722,0.7398929595947266,0.17022137343883514,0.10773500800132751,0.31573307514190674,0.25352728366851807,0.26447734236717224,5.145977020263672,99.97828674316406,,,,
BONA_075,BONA,2019,12.164515495300293,12.696669578552246,1.593442440032959,4.03376579284668,0.27176523208618164,1.6362577676773071,0.16639727354049683,0.09569798409938812,0.2687884271144867,0.4537481665611267,0.8111293315887451,13.506519317626953,45.583518981933594,,,,
BONA_078,BONA,2019,10.128823280334473,9.8870210647583,1.7233376502990723,3.38944673538208,0.3772888481616974,1.8867275714874268,0.23434266448020935,0.1353771835565567,0.29818195104599,0.47816914319992065,0.7489516139030457,11.711047172546387,64.44969940185547,,,,
BONA_076,BONA,2019,7.017335891723633,4.449577331542969,1.941439151763916,1.7473342418670654,0.675878643989563,1.1970834732055664,0.19716773927211761,0.12167852371931076,0.28845223784446716,0.30340757966041565,0.42834603786468506,7.9858574867248535,93.07442474365234,,,,
BONA_082,BONA,2019,10.92972469329834,11.191147804260254,1.7031294107437134,3.8504323959350586,0.34347790479660034,1.9617305994033813,0.22490689158439636,0.1320277452468872,0.26585817337036133,0.4067746102809906,0.6848741769790649,12.529989242553711,57.338199615478516,,,,
BONA_071,BONA,2019,6.745391368865967,3.9257562160491943,1.9588791131973267,1.5325242280960083,0.6982913017272949,1.0579763650894165,0.1735750138759613,0.1064724549651146,0.2759028673171997,0.2692212760448456,0.4056486189365387,7.603253364562988,94.00428771972656,,,,
BONA_087,BONA,2019,10.204379081726074,9.846404075622559,1.7679075002670288,3.6714911460876465,0.4099237024784088,1.584059238433838,0.1872134953737259,0.10893696546554565,0.2788257896900177,0.45429545640945435,0.6744968295097351,11.523223876953125,64.90898895263672,,,,
BONA_084,BONA,2019,10.542797088623047,9.784150123596191,1.847227692604065,3.8929107189178467,0.4681228995323181,1.7634987831115723,0.22457273304462433,0.12664638459682465,0.2806823253631592,0.36477041244506836,0.5552696585655212,12.090324401855469,68.33998107910156,,,,
BONA_080,BONA,2019,8.651009559631348,4.054182052612305,1.9357457160949707,1.504984974861145,0.7447389364242554,1.5855671167373657,0.20959559082984924,0.12915651500225067,0.27920016646385193,0.3639642000198364,0.47303506731987,9.926793098449707,90.71467590332031,,,,
BONA_086,BONA,2019,3.674131155014038,0.8143680095672607,1.9723893404006958,0.3033490478992462,0.919916033744812,0.6968331336975098,0.2054850459098816,0.12999162077903748,0.3810111880302429,0.3068881928920746,0.2581508457660675,4.268219470977783,99.95845794677734,,,,
BONA_088,BONA,2019,10.09752082824707,9.89737319946289,1.75341796875,3.628718137741089,0.3900730311870575,1.6565191745758057,0.2023431807756424,0.12007691711187363,0.26306280493736267,0.37497979402542114,0.6330024003982544,11.425968170166016,65.79228210449219,,,,
BONA_089,BONA,2019,9.247618675231934,8.910603523254395,1.784907341003418,3.3285012245178223,0.42131444811820984,1.7500755786895752,0.2461870312690735,0.14108510315418243,0.2992449104785919,0.3577567934989929,0.5625641345977783,10.757365226745605,70.67086791992188,,,,
BONA_085,BONA,2019,4.411636829376221,1.1222691535949707,2.0157275199890137,0.4629979133605957,0.9006315469741821,0.5827801823616028,0.14389409124851227,0.09362785518169403,0.24840955436229706,0.17335891723632812,0.21844922006130219,4.858138084411621,99.97682189941406,,,,
BONA_083,BONA,2019,3.57312273979187,0.525362491607666,1.957489013671875,0.18280285596847534,0.946469783782959,0.7120600938796997,0.2210121750831604,0.1435413807630539,0.34333398938179016,0.2160070389509201,0.25749656558036804,4.137229919433594,99.93224334716797,,,,
BONA_074,BONA,2019,3.2746143341064453,0.6830551028251648,1.955553412437439,0.2491282820701599,0.914074182510376,0.5702611207962036,0.19691218435764313,0.12800264358520508,0.35181939601898193,0.15678830444812775,0.2431478053331375,3.721937417984009,99.99639129638672,,,,
BONA_081,BONA,2019,4.269284725189209,1.243126392364502,1.979695200920105,0.4928937554359436,0.8869166374206543,0.7685781121253967,0.20630568265914917,0.12902960181236267,0.32843223214149475,0.2123115360736847,0.2549148201942444,4.887915134429932,99.90734100341797,,,,
BONA_077,BONA,2019,3.24013352394104,0.6412664651870728,1.9462800025939941,0.22145462036132812,0.9157125949859619,0.6285056471824646,0.21805626153945923,0.13940784335136414,0.3825452923774719,0.2621791660785675,0.28572890162467957,3.758366584777832,99.96186828613281,,,,
BONA_073,BONA,2019,3.7759010791778564,0.6513393521308899,1.9317330121994019,0.22274351119995117,0.9185212850570679,0.7127068042755127,0.21826627850532532,0.13582058250904083,0.4066796898841858,0.32171526551246643,0.40300318598747253,4.393645763397217,99.8163070678711,,,,
BONA_014,BONA,2019,10.616299629211426,9.7454833984375,1.819200873374939,3.783714771270752,0.4639301896095276,1.6801718473434448,0.18378794193267822,0.10593480616807938,0.28405728936195374,0.43123558163642883,0.6622123718261719,11.996878623962402,66.62943267822266,,,,
BONA_011,BONA,2019,4.042272090911865,2.2024152278900146,1.9228252172470093,0.8206349015235901,0.7451622486114502,1.1284505128860474,0.30155086517333984,0.18569010496139526,0.4489266872406006,0.43628013134002686,0.48609939217567444,5.047761917114258,99.94677734375,,,,
BONA_001,BONA,2019,13.714391708374023,14.484026908874512,1.6183080673217773,4.804271697998047,0.2893035411834717,1.9021193981170654,0.1550215482711792,0.08679568767547607,0.2935481667518616,0.532496452331543,0.8769912123680115,15.356371879577637,39.773502349853516,,,,
BONA_018,BONA,2019,3.726316213607788,2.360722064971924,1.8552117347717285,0.8325343132019043,0.6688901782035828,0.9937434196472168,0.28323662281036377,0.17313455045223236,0.47950419783592224,0.5866442918777466,0.6203204989433289,4.662479877471924,99.7987289428711,,,,
BONA_023,BONA,2019,3.2851638793945312,2.711162805557251,1.6811860799789429,0.8036038875579834,0.45665398240089417,0.5021244287490845,0.17788490653038025,0.11343999952077866,0.32201558351516724,0.1548229604959488,0.39159610867500305,3.699835777282715,99.98946380615234,,,,
BONA_009,BONA,2019,3.0181615352630615,2.6763107776641846,1.5932317972183228,0.6915420293807983,0.38616040349006653,0.47509726881980896,0.17791804671287537,0.11126183718442917,0.3484337627887726,0.19825097918510437,0.3566548824310303,3.4329679012298584,99.74713897705078,,,,
BONA_002,BONA,2019,8.467795372009277,9.195674896240234,1.5371402502059937,2.7652456760406494,0.22801482677459717,1.5983357429504395,0.22882291674613953,0.1322077065706253,0.3143410086631775,0.43396684527397156,0.7620076537132263,9.821406364440918,64.42245483398438,,,,
BONA_012,BONA,2019,11.19619369506836,12.559377670288086,1.5425039529800415,3.8901188373565674,0.2186031937599182,1.6909303665161133,0.18179897964000702,0.09593598544597626,0.33804556727409363,0.5752832293510437,1.0061798095703125,12.721064567565918,44.153106689453125,,,,
BONA_008,BONA,2019,10.5609130859375,12.30414867401123,1.5886530876159668,3.922065019607544,0.22158971428871155,2.47143816947937,0.2702672779560089,0.15306594967842102,0.3102300465106964,0.5002045631408691,0.8787512183189392,12.668867111206055,51.796329498291016,,,,
BONA_093,BONA,2019,8.64126968383789,6.290876388549805,1.896661639213562,2.443194627761841,0.5940611362457275,1.487510323524475,0.20221662521362305,0.12603779137134552,0.25564461946487427,0.2736949026584625,0.4582958519458771,9.78726863861084,83.9351577758789,,,,
BONA_007,BONA,2019,10.123547554016113,10.742671966552734,1.6321101188659668,3.740534782409668,0.2907768487930298,1.2961816787719727,0.15028192102909088,0.08777152001857758,0.260333776473999,0.3454587161540985,0.6761776804924011,11.166645050048828,57.61891174316406,,,,
BONA_005,BONA,2019,6.934928894042969,8.096365928649902,1.7086405754089355,2.934781074523926,0.3035699427127838,2.0926706790924072,0.32811135053634644,0.18761342763900757,0.3466234505176544,0.5148165225982666,0.7710557579994202,8.776735305786133,76.08045959472656,,,,
BONA_021,BONA,2019,4.325483322143555,4.036891937255859,1.5962032079696655,1.3504184484481812,0.38160547614097595,0.7946892976760864,0.1923932135105133,0.11376036703586578,0.36604881286621094,0.39159122109413147,0.40190374851226807,5.044377326965332,91.15614318847656,,,,
BONA_026,BONA,2019,9.437220573425293,9.068504333496094,1.7281975746154785,3.192870616912842,0.4005168676376343,1.8184022903442383,0.22298966348171234,0.12868300080299377,0.35923248529434204,0.554099977016449,0.8414074778556824,11.074002265930176,71.74629974365234,,,,
BONA_022,BONA,2019,3.079784393310547,0.19368505477905273,1.9375005960464478,0.04383013769984245,0.9778053164482117,0.7677554488182068,0.24942637979984283,0.150480255484581,0.4199049770832062,0.2892826497554779,0.27899301052093506,3.7887134552001953,99.95523071289062,,,,
BONA_010,BONA,2019,1.936469316482544,0.0877460315823555,1.9480035305023193,0.006888015195727348,0.9940740466117859,0.28408974409103394,0.18010029196739197,0.1212996169924736,0.3965968191623688,,0.15040774643421173,2.1636106967926025,100.0,,,,
BONA_003,BONA,2019,4.060638427734375,1.001456379890442,2.0020809173583984,0.40647241473197937,0.9009596109390259,0.7504245638847351,0.20521052181720734,0.1323186457157135,0.3062359094619751,0.26003497838974,0.2772265374660492,4.649820327758789,100.0,,,,
BONA_004,BONA,2019,4.29658842086792,3.840205192565918,1.820891261100769,1.3671529293060303,0.519899845123291,1.114250898361206,0.28211015462875366,0.17066742479801178,0.4407728910446167,0.5407568216323853,0.6018322706222534,5.340236663818359,99.72291564941406,,,,
BONA_006,BONA,2019,4.781797409057617,2.752086639404297,1.9299856424331665,1.0563509464263916,0.7136456370353699,0.9443975687026978,0.21990405023097992,0.13489176332950592,0.3949176073074341,0.4313682019710541,0.5674875378608704,5.634169578552246,99.7861328125,,,,
BONA_016,BONA,2019,3.4933128356933594,0.8833765387535095,1.9796725511550903,0.33361580967903137,0.9100227355957031,0.836256742477417,0.2644399106502533,0.16449908912181854,0.403431236743927,0.33554691076278687,0.2600455582141876,4.223808288574219,100.0,,,,
BONA_013,BONA,2019,8.107294082641602,7.923909664154053,1.7170501947402954,2.5593478679656982,0.38276469707489014,1.581709623336792,0.23353712260723114,0.13597436249256134,0.32455575466156006,0.47291257977485657,0.7315086722373962,9.529052734375,77.03107452392578,,,,
BONA_072,BONA,2021,8.966078758239746,11.466397285461426,1.6680903434753418,3.638378381729126,0.2452588528394699,2.586271286010742,0.3289600908756256,0.17953161895275116,0.6273918747901917,1.3693461418151855,1.5326200723648071,11.852063179016113,62.71959686279297,,,,
BONA_079,BONA,2021,9.020468711853027,11.42607307434082,1.618462085723877,3.472221612930298,0.2100672423839569,2.4090890884399414,0.32108572125434875,0.1737913191318512,0.5944753289222717,1.2158050537109375,1.5228136777877808,11.626435279846191,58.97743225097656,,,,
BONA_070,BONA,2021,2.475280523300171,2.59326434135437,2.034062623977661,0.9125697016716003,0.6063833236694336,0.888215959072113,0.3412918150424957,0.20279864966869354,0.6727011799812317,0.8421720266342163,0.43616482615470886,3.556835174560547,99.97769927978516,,,,
BONA_075,BONA,2021,10.524909973144531,13.32255744934082,1.5388033390045166,3.8803844451904297,0.16373175382614136,2.597700357437134,0.29016366600990295,0.15520425140857697,0.6131598949432373,1.4138447046279907,1.795987606048584,13.29663372039795,46.1588020324707,,,,
BONA_078,BONA,2021,7.8042216300964355,10.675712585449219,1.6826326847076416,3.301251173019409,0.22611425817012787,2.6220927238464355,0.3875464200973511,0.2103041559457779,0.6583877205848694,1.3687186241149902,1.449767827987671,10.787151336669922,67.08390808105469,,,,
BONA_076,BONA,2021,4.5005645751953125,5.827986717224121,1.865235686302185,1.9036602973937988,0.4015056788921356,1.6276631355285645,0.3731958866119385,0.2126682698726654,0.6875877976417542,1.159023404121399,0.9577032327651978,6.513145446777344,93.66676330566406,,,,
BONA_082,BONA,2021,9.431511878967285,12.144561767578125,1.6369683742523193,3.7658939361572266,0.21574707329273224,2.699450969696045,0.3404236435890198,0.18519015610218048,0.5956642031669617,1.2479019165039062,1.5025403499603271,12.37112045288086,56.024879455566406,,,,
BONA_071,BONA,2021,3.98897647857666,5.229159355163574,1.8550162315368652,1.7301411628723145,0.38806936144828796,1.4232105016708374,0.3736256957054138,0.21632054448127747,0.6994011402130127,1.0356619358062744,0.8249132037162781,5.699411392211914,94.5640869140625,,,,
BONA_087,BONA,2021,8.378901481628418,10.718317031860352,1.684009075164795,3.4151415824890137,0.2555706799030304,2.376570224761963,0.3261779844760895,0.17767862975597382,0.6217597723007202,1.3197826147079468,1.476833462715149,11.077767372131348,66.7591552734375,,,,
BONA_084,BONA,2021,8.666775703430176,10.89240837097168,1.7739030122756958,3.7816171646118164,0.30014532804489136,2.6403167247772217,0.37181827425956726,0.20198063552379608,0.56632000207901,1.0772039890289307,1.162571668624878,11.505922317504883,65.0958023071289,,,,
BONA_080,BONA,2021,4.895270824432373,5.46320104598999,1.8568286895751953,1.7601512670516968,0.451076865196228,1.6718782186508179,0.3641020953655243,0.21145039796829224,0.6368423104286194,1.103131651878357,0.909340500831604,6.853756904602051,90.36668395996094,,,,
BONA_086,BONA,2021,2.1585514545440674,2.1316118240356445,1.9970334768295288,0.7531113624572754,0.6257805824279785,0.7916038632392883,0.34297969937324524,0.2058984488248825,0.6773463487625122,0.7785798907279968,0.3664517104625702,3.0939176082611084,99.92215728759766,,,,
BONA_088,BONA,2021,8.315857887268066,10.794198989868164,1.6787022352218628,3.439234972000122,0.24144098162651062,2.4694550037384033,0.3449632525444031,0.18817897140979767,0.6149402856826782,1.2505223751068115,1.4155704975128174,11.04895305633545,67.00281524658203,,,,
BONA_089,BONA,2021,7.542132377624512,9.955957412719727,1.7379474639892578,3.2952022552490234,0.26938730478286743,2.4626426696777344,0.3857331871986389,0.20937712490558624,0.6100481748580933,1.1414613723754883,1.1981465816497803,10.283051490783691,70.09014129638672,,,,
BONA_085,BONA,2021,2.323869466781616,2.7484588623046875,2.0068697929382324,0.9803404808044434,0.5425384044647217,0.8441296219825745,0.3483065068721771,0.2067665010690689,0.681998074054718,0.7662883400917053,0.38704684376716614,3.3336572647094727,99.97435760498047,,,,
BONA_083,BONA,2021,2.124070882797241,1.7565916776657104,2.021780252456665,0.6406436562538147,0.6805250644683838,0.7418012619018555,0.3220406174659729,0.19899751245975494,0.6297983527183533,0.7592530250549316,0.3549852967262268,2.9343910217285156,99.80293273925781,,,,
BONA_074,BONA,2021,2.1185622215270996,2.08571720123291,2.0193967819213867,0.7447994351387024,0.6299763321876526,0.7568488717079163,0.3343523442745209,0.2015325129032135,0.6697039604187012,0.760337233543396,0.35255274176597595,2.9957549571990967,99.94944763183594,,,,
BONA_081,BONA,2021,2.365553379058838,2.4306235313415527,2.01841139793396,0.8578796982765198,0.6026769876480103,0.8541611433029175,0.3411966860294342,0.20289286971092224,0.6690594553947449,0.8189212679862976,0.43968597054481506,3.3923263549804688,99.90509796142578,,,,
BONA_077,BONA,2021,1.9574048519134521,2.0665462017059326,2.017634630203247,0.7296486496925354,0.6164527535438538,0.6968897581100464,0.3288900852203369,0.19760705530643463,0.6842336058616638,0.8022274971008301,0.32290157675743103,2.7897374629974365,99.85791778564453,,,,
BONA_073,BONA,2021,2.004441976547241,1.6980124711990356,1.9816138744354248,0.5714834928512573,0.6763091087341309,0.6849146485328674,0.32559001445770264,0.19410055875778198,0.6639034748077393,0.864707887172699,0.3632842004299164,2.8355791568756104,99.86163330078125,,,,
BONA_014,BONA,2021,8.603915214538574,10.322996139526367,1.719053864479065,3.4256911277770996,0.29948899149894714,2.4179086685180664,0.3222370445728302,0.18000884354114532,0.5931801795959473,1.2386035919189453,1.3720327615737915,11.19901180267334,67.1915054321289,,,,
BONA_011,BONA,2021,2.4226369857788086,2.935014009475708,1.9527819156646729,0.9698440432548523,0.5265395641326904,0.9979302287101746,0.3804561495780945,0.2235569953918457,0.762622058391571,0.9636939167976379,0.5845576524734497,3.7502548694610596,99.97798156738281,,,,
BONA_001,BONA,2021,12.095099449157715,14.815497398376465,1.5528229475021362,4.467716693878174,0.19157704710960388,2.911877155303955,0.2689589858055115,0.1478918194770813,0.5945046544075012,1.4428379535675049,1.7929716110229492,15.165307998657227,39.52139663696289,,,,
BONA_018,BONA,2021,2.258624315261841,3.043079137802124,1.901945948600769,0.9930775761604309,0.45821017026901245,0.895760178565979,0.3610161244869232,0.21194809675216675,0.7674344182014465,0.9958926439285278,0.6566346883773804,3.4272654056549072,99.88581085205078,,,,
BONA_023,BONA,2021,3.101060628890991,4.6389479637146,1.7056432962417603,1.4387303590774536,0.2635461390018463,1.1387587785720825,0.3778376579284668,0.21856072545051575,0.7774530649185181,0.8780290484428406,0.9298714399337769,4.614833354949951,99.98909759521484,,,,
BONA_009,BONA,2021,3.0476176738739014,4.530714511871338,1.678722858428955,1.395965337753296,0.2515007555484772,1.0808664560317993,0.3629145324230194,0.21001453697681427,0.7733283042907715,0.8512327671051025,0.9336522817611694,4.492286205291748,99.82408142089844,,,,
BONA_002,BONA,2021,6.980916976928711,9.800015449523926,1.5996394157409668,2.9673964977264404,0.171808123588562,2.246028423309326,0.3629624545574188,0.20001479983329773,0.6930631995201111,1.3631391525268555,1.4195976257324219,9.579787254333496,70.59243774414062,,,,
BONA_012,BONA,2021,9.95817756652832,12.701762199401855,1.5201252698898315,3.739196300506592,0.15389332175254822,2.487170934677124,0.2861754298210144,0.156838521361351,0.6040679812431335,1.3131890296936035,1.7072317600250244,12.590067863464355,49.663387298583984,,,,
BONA_008,BONA,2021,9.372763633728027,13.077180862426758,1.5826441049575806,3.9776296615600586,0.1512448638677597,3.087754249572754,0.371402770280838,0.20005133748054504,0.6525967121124268,1.4465610980987549,1.7632043361663818,12.836770057678223,54.168174743652344,,,,
BONA_093,BONA,2021,5.794304370880127,7.47463846206665,1.7943706512451172,2.461780071258545,0.3383660614490509,1.9902466535568237,0.3772476315498352,0.21483486890792847,0.6544179320335388,1.1342188119888306,1.0701206922531128,8.078699111938477,84.30735778808594,,,,
BONA_007,BONA,2021,8.778487205505371,11.333857536315918,1.5498554706573486,3.504972457885742,0.17163051664829254,2.257720470428467,0.2849118411540985,0.15568406879901886,0.6454305648803711,1.3870025873184204,1.69843327999115,11.257147789001465,63.17873001098633,,,,
BONA_005,BONA,2021,5.41452693939209,8.561835289001465,1.733351230621338,2.8635685443878174,0.21650539338588715,2.435230016708374,0.45903274416923523,0.25302091240882874,0.6891802549362183,1.2209267616271973,1.0226774215698242,8.334526062011719,81.1572036743164,,,,
BONA_021,BONA,2021,3.840031385421753,5.584624290466309,1.6876033544540405,1.7996641397476196,0.2493501752614975,1.3589462041854858,0.37071850895881653,0.21025845408439636,0.7249857187271118,0.8945633769035339,0.8344364762306213,5.516668319702148,91.92347717285156,,,,
BONA_026,BONA,2021,7.7544779777526855,9.360686302185059,1.7096251249313354,2.9136695861816406,0.31273338198661804,2.361896276473999,0.3461846709251404,0.19523164629936218,0.66258704662323,1.3664542436599731,1.443121314048767,10.50173282623291,74.79275512695312,,,,
BONA_022,BONA,2021,1.7367222309112549,0.6843684315681458,1.965668797492981,0.21931521594524384,0.8641501665115356,0.5368645787239075,0.2769688069820404,0.1693335473537445,0.6473235487937927,0.6141327023506165,0.35270026326179504,2.331265687942505,99.959716796875,,,,
BONA_010,BONA,2021,1.4823267459869385,0.5794745683670044,1.9828561544418335,0.19342826306819916,0.8871757388114929,0.4225105941295624,0.25763970613479614,0.16030637919902802,0.6181746125221252,0.48594972491264343,0.17772838473320007,1.9191386699676514,100.0,,,,
BONA_003,BONA,2021,1.9713131189346313,1.9978177547454834,2.0418357849121094,0.6993668079376221,0.6409390568733215,0.7891749739646912,0.36833474040031433,0.22196915745735168,0.7344775795936584,0.7457254528999329,0.3210039734840393,2.9474337100982666,99.99957275390625,,,,
BONA_004,BONA,2021,2.9703099727630615,4.414781093597412,1.8230187892913818,1.4097623825073242,0.3445449769496918,1.2001749277114868,0.394541472196579,0.2292087823152542,0.7678303718566895,1.048811435699463,0.7907236218452454,4.566532135009766,99.82823181152344,,,,
BONA_006,BONA,2021,3.2013771533966064,3.3991966247558594,1.903565764427185,1.1316426992416382,0.5224058628082275,1.1557124853134155,0.36457616090774536,0.2169855237007141,0.7013986110687256,0.9342588186264038,0.7545958757400513,4.626188278198242,99.84512329101562,,,,
BONA_016,BONA,2021,1.7415287494659424,1.8927468061447144,2.0816256999969482,0.6543865203857422,0.6542285084724426,0.6749373078346252,0.3512577712535858,0.20847873389720917,0.7418332099914551,0.7122873067855835,0.23759163916110992,2.6025073528289795,100.0,,,,
BONA_013,BONA,2021,6.424657344818115,8.129467010498047,1.7391775846481323,2.5849757194519043,0.3054371178150177,2.119204044342041,0.3701317608356476,0.21257206797599792,0.6464756727218628,1.1938433647155762,1.2161550521850586,8.866381645202637,82.61917114257812,,,,
BONA_072,BONA,2023,9.899494171142578,10.579647064208984,1.7166213989257812,3.352034091949463,0.3319282531738281,1.9643216133117676,0.2373998761177063,0.12731152772903442,0.4458622634410858,0.8355404734611511,1.238311529159546,11.85015869140625,60.85106658935547,0.8536984324455261,0.6013727784156799,0.8962526321411133,0.5220061540603638
BONA_079,BONA,2023,9.855789184570312,11.108359336853027,1.596577525138855,2.903477668762207,0.23589825630187988,1.7844148874282837,0.23424221575260162,0.12246135622262955,0.4423738718032837,0.7599145770072937,1.366517186164856,11.683414459228516,54.079288482666016,0.8507325649261475,0.5735520720481873,0.9031211137771606,0.5015538930892944
BONA_070,BONA,2023,2.7302143573760986,2.021304130554199,2.1694626808166504,0.7225309014320374,0.7637122273445129,0.7455174326896667,0.271693617105484,0.16301079094409943,0.5177981853485107,0.5490584373474121,0.31213727593421936,3.506995916366577,99.99287414550781,0.8066813945770264,0.4004790186882019,0.763093113899231,0.3967348337173462
BONA_075,BONA,2023,11.520115852355957,13.17143726348877,1.4803485870361328,3.239943504333496,0.1677960604429245,1.92683744430542,0.20868997275829315,0.10686894506216049,0.4565582871437073,0.9323399066925049,1.7037584781646729,13.442703247070312,39.508216857910156,0.8877719640731812,0.4972046911716461,0.9190876483917236,0.4612103104591369
BONA_078,BONA,2023,8.654195785522461,9.955155372619629,1.6715837717056274,2.835465669631958,0.2758632004261017,1.9884744882583618,0.2835419774055481,0.150056391954422,0.49067261815071106,0.8592032790184021,1.3056761026382446,10.698328018188477,63.89723205566406,0.8942487239837646,0.4775754809379577,0.9205341935157776,0.4489836990833282
BONA_076,BONA,2023,5.202495098114014,4.934696197509766,1.9755676984786987,1.63534414768219,0.5437554121017456,1.2658778429031372,0.26691967248916626,0.15178020298480988,0.4892764985561371,0.71767657995224,0.7939233183860779,6.538477897644043,92.95532989501953,0.7767024040222168,0.3525033295154571,0.8138886094093323,0.3354996740818023
BONA_082,BONA,2023,10.27408504486084,11.713833808898926,1.614126205444336,3.293789863586426,0.24368521571159363,2.093783378601074,0.25857582688331604,0.13636621832847595,0.4513055086135864,0.7832131385803223,1.269204020500183,12.385872840881348,52.45885467529297,0.8651661276817322,0.5070279240608215,0.8676033020019531,0.4724545478820801
BONA_071,BONA,2023,4.596592903137207,4.58622932434082,1.9845870733261108,1.5277467966079712,0.5294427871704102,1.11235773563385,0.26853346824645996,0.15556937456130981,0.5148671865463257,0.6591970920562744,0.6918453574180603,5.763631343841553,93.97098541259766,0.8174523115158081,0.3243655562400818,0.8122784495353699,0.3260961174964905
BONA_087,BONA,2023,9.1930513381958,9.881611824035645,1.733458399772644,3.107391119003296,0.33838820457458496,1.7990477085113525,0.23685814440250397,0.12631036341190338,0.4526641070842743,0.8232241272926331,1.1856210231781006,11.023720741271973,64.4338607788086,0.8017123937606812,0.4976679980754852,0.8587777018547058,0.4372943341732025
BONA_084,BONA,2023,9.228456497192383,9.832661628723145,1.8098903894424438,3.3614954948425293,0.37541675567626953,1.9850190877914429,0.2812132239341736,0.14876674115657806,0.43429407477378845,0.6821163296699524,0.9755032062530518,11.24347972869873,67.37869262695312,0.8276267647743225,0.4439314603805542,0.8182935118675232,0.4210314154624939
BONA_080,BONA,2023,5.673526763916016,4.809167861938477,2.009962320327759,1.501968264579773,0.6072714924812317,1.3603602647781372,0.26880306005477905,0.15442392230033875,0.5036042928695679,0.7635335326194763,0.7791204452514648,7.113935947418213,90.06072998046875,0.8294674754142761,0.380125492811203,0.8035268783569336,0.37822225689888
BONA_086,BONA,2023,2.298207998275757,1.6970175504684448,2.0872089862823486,0.584555983543396,0.7687109112739563,0.6643314361572266,0.27999958395957947,0.1664467453956604,0.5738968253135681,0.5817965269088745,0.3071577250957489,3.026564598083496,99.96482849121094,0.8421574234962463,0.4452225267887115,0.8197823166847229,0.431660920381546
BONA_088,BONA,2023,9.138171195983887,10.01414680480957,1.6889283657073975,3.043121099472046,0.3053177297115326,1.818544626235962,0.24576033651828766,0.13170404732227325,0.4425145387649536,0.734136164188385,1.1604505777359009,10.946578025817871,64.45487213134766,0.8459064960479736,0.465702474117279,0.846733808517456,0.4399711489677429
BONA_089,BONA,2023,8.144038200378418,9.21410083770752,1.7507282495498657,2.889580726623535,0.3225410580635071,1.875045657157898,0.29307347536087036,0.1548014134168625,0.46338123083114624,0.7019577622413635,1.0439969301223755,10.091800689697266,69.6178970336914,0.8579546809196472,0.451628178358078,0.8620706796646118,0.4292337894439697
BONA_085,BONA,2023,2.535942554473877,2.252305746078491,2.169379949569702,0.8124482035636902,0.7020454406738281,0.7014340162277222,0.2745305001735687,0.1632673442363739,0.540045440196991,0.5535160303115845,0.31159406900405884,3.278643846511841,99.99159240722656,0.792576014995575,0.3736978769302368,0.7696952819824219,0.3673248887062073
BONA_083,BONA,2023,2.092482566833496,1.3864891529083252,2.0931854248046875,0.45771726965904236,0.8071115612983704,0.5452108979225159,0.25121062994003296,0.14878496527671814,0.5509132742881775,0.5900711417198181,0.2808381915092468,2.7126259803771973,99.93634033203125,0.7982010841369629,0.4696084260940552,0.776909351348877,0.4420982599258423
BONA_074,BONA,2023,2.2151429653167725,1.650626540184021,2.1211419105529785,0.5566396117210388,0.7689340114593506,0.5771265029907227,0.2556930184364319,0.14982347190380096,0.5546647310256958,0.5560404062271118,0.28962987661361694,2.8611900806427,99.98971557617188,0.7848469614982605,0.4278696477413177,0.7472832202911377,0.4126295447349548
BONA_081,BONA,2023,2.629560708999634,1.9321281909942627,2.1045827865600586,0.6794670224189758,0.7398148775100708,0.6804053783416748,0.25984805822372437,0.15307797491550446,0.5266718864440918,0.5475388765335083,0.3893068730831146,3.359062671661377,99.92442321777344,0.7636795043945312,0.4515133798122406,0.7567604184150696,0.4172639548778534
BONA_077,BONA,2023,2.0690197944641113,1.5915814638137817,2.0964152812957764,0.541013777256012,0.7543988227844238,0.558935284614563,0.2654092013835907,0.1585478037595749,0.5525357127189636,0.49358850717544556,0.2804657518863678,2.6739118099212646,99.98221588134766,0.7872766852378845,0.3984180092811584,0.7802614569664001,0.382026344537735
BONA_073,BONA,2023,2.1278910636901855,1.2817583084106445,2.020289182662964,0.4089590907096863,0.8041461706161499,0.5394344329833984,0.25710171461105347,0.1521633118391037,0.5569183230400085,0.5427992343902588,0.28761109709739685,2.7184107303619385,99.85794067382812,0.7525296807289124,0.4417772591114044,0.739374577999115,0.4099686443805694
BONA_011,BONA,2023,2.724318504333496,2.884220600128174,1.9787380695343018,0.9251304268836975,0.5843351483345032,0.9554874300956726,0.33348873257637024,0.19016408920288086,0.6717950105667114,0.9078000783920288,0.6665053963661194,3.967916250228882,99.95982360839844,0.651423454284668,0.399335652589798,0.7210708856582642,0.3371909856796264
BONA_001,BONA,2023,14.461360931396484,15.049360275268555,1.3192414045333862,2.5493102073669434,0.14255408942699432,1.4357678890228271,0.1129065603017807,0.0609084889292717,0.31004101037979126,0.6325669288635254,1.149535894393921,15.875235557556152,23.803482055664062,0.6572033166885376,0.6605923175811768,0.7595700025558472,0.4575713574886322
BONA_018,BONA,2023,2.5338239669799805,3.0507373809814453,1.9187895059585571,0.9439241290092468,0.507037878036499,0.8810068964958191,0.33012866973876953,0.18867036700248718,0.6923309564590454,0.9202737212181091,0.7256633639335632,3.6631383895874023,99.83711242675781,0.7300083637237549,0.5079892873764038,0.7920424938201904,0.4240622520446777
BONA_023,BONA,2023,3.8971657752990723,4.865630149841309,1.6151052713394165,1.286576509475708,0.2486647218465805,0.9197880625724792,0.25638073682785034,0.14448747038841248,0.5968639254570007,0.6187936663627625,1.205895185470581,5.017123222351074,99.9965591430664,0.809354305267334,0.5987069606781006,0.8505272269248962,0.5086349248886108
BONA_009,BONA,2023,3.9677107334136963,5.069697856903076,1.5386035442352295,1.2725292444229126,0.19893912971019745,0.924430251121521,0.25163477659225464,0.14215582609176636,0.6210809946060181,0.665206789970398,1.3444565534591675,5.123852729797363,99.74324798583984,0.8336935043334961,0.6338066458702087,0.8686506152153015,0.5416252017021179
BONA_002,BONA,2023,7.87206506729126,9.902450561523438,1.50946843624115,2.4980103969573975,0.15177583694458008,1.8410969972610474,0.28453773260116577,0.15200302004814148,0.5643414855003357,0.9897370338439941,1.503696084022522,9.84390926361084,61.77750015258789,0.8376750946044922,0.5305793285369873,0.8940863013267517,0.4705309867858886
BONA_012,BONA,2023,11.225275993347168,12.840373992919922,1.403828740119934,2.7925922870635986,0.13254807889461517,1.6993571519851685,0.1855774074792862,0.098253533244133,0.43362584710121155,0.7610499858856201,1.5190190076828003,12.938331604003906,37.11595916748047,0.8982948660850525,0.4749335646629333,0.9071727991104126,0.4536750316619873
BONA_093,BONA,2023,6.467088222503662,6.725403785705566,1.88931405544281,2.184495210647583,0.4491872787475586,1.5427463054656982,0.27396464347839355,0.15284304320812225,0.48686516284942627,0.739673376083374,0.9229546785354614,8.058228492736816,84.30843353271484,0.808953046798706,0.4038468599319458,0.8591797351837158,0.3764507174491882
BONA_026,BONA,2023,6.469614505767822,5.663989543914795,1.6094744205474854,1.353614091873169,0.42072147130966187,1.2591209411621094,0.220334991812706,0.11957097053527832,0.4856323003768921,0.9010960459709167,1.254071831703186,7.9163360595703125,86.36729431152344,,,,
BONA_022,BONA,2023,1.8800408840179443,0.44237881898880005,1.8173565864562988,0.10504254698753357,0.8851884007453918,0.3920953869819641,0.21175122261047363,0.13047358393669128,0.5215035080909729,0.443088173866272,0.31292128562927246,2.2823281288146973,99.9654541015625,0.7425714135169983,0.6304634809494019,0.7298662066459656,0.5289937257766724
BONA_003,BONA,2023,2.186319351196289,1.8073841333389282,2.102708578109741,0.6203528046607971,0.7266034483909607,0.7462785840034485,0.32385125756263733,0.19340908527374268,0.6220322847366333,0.6297679543495178,0.33827367424964905,3.036309003829956,99.99885559082031,0.5151239037513733,0.3772905766963959,0.641730010509491,0.2772528231143951
BONA_004,BONA,2023,3.3350894451141357,4.4766459465026855,1.836780309677124,1.3771072626113892,0.376982718706131,1.1444981098175049,0.34591877460479736,0.19534620642662048,0.684611439704895,0.9668533205986023,0.9076119065284729,4.8107523918151855,99.74259948730469,0.6569811701774597,0.3450248837471008,0.7411150336265564,0.302244633436203
BONA_006,BONA,2023,3.7985994815826416,3.128761053085327,1.842013955116272,0.9342029690742493,0.5637171268463135,0.9033820629119873,0.25615325570106506,0.1493252068758011,0.5341327786445618,0.7105187177658081,0.7660218477249146,4.846546649932861,99.61416625976562,0.6790316700935364,0.5000602602958679,0.7024405598640442,0.4174627065658569
BONA_016,BONA,2023,1.8804271221160889,1.6812896728515625,2.113022804260254,0.5705680251121521,0.726013720035553,0.6702452898025513,0.3327963650226593,0.19677568972110748,0.6726753115653992,0.6625066995620728,0.2504556179046631,2.6813433170318604,100.0,0.5847393274307251,0.4550637602806091,0.6523473262786865,0.3492692410945892
BONA_072,BONA,2024,9.539971351623535,11.519744873046875,1.7079073190689087,3.544365406036377,0.27749595046043396,2.2050344944000244,0.2695225179195404,0.13878385722637177,0.5353788137435913,1.187000036239624,1.5486385822296143,11.953736305236816,59.88907241821289,0.879491925239563,0.532299816608429,0.8735184669494629,0.4989173412322998
BONA_079,BONA,2024,9.707152366638184,11.779973983764648,1.609957218170166,3.2983973026275635,0.2133781611919403,2.049741506576538,0.26176297664642334,0.13252407312393188,0.511817991733551,1.0857442617416382,1.7076773643493652,11.919098854064941,53.945491790771484,0.8771433234214783,0.50538569688797,0.8851476907730103,0.4723128080368042
BONA_070,BONA,2024,2.6594223976135254,2.6976990699768066,2.1857287883758545,0.8905377984046936,0.6893254518508911,0.785369336605072,0.2807259261608124,0.15787361562252045,0.6010953783988953,0.8663421869277954,0.4174555838108063,3.6843161582946777,99.97224426269531,0.7517571449279785,0.3650583922863006,0.706648588180542,0.3597250580787658
BONA_075,BONA,2024,11.308906555175781,13.667985916137695,1.5256638526916504,3.756983757019043,0.16824929416179657,2.253800868988037,0.23956795036792755,0.11999217420816422,0.5279445052146912,1.276162028312683,1.9350087642669678,13.637643814086914,41.28650665283203,0.8863376379013062,0.4834858775138855,0.8908493518829346,0.4574314653873443
BONA_078,BONA,2024,8.410428047180176,10.86438274383545,1.6885886192321777,3.162748336791992,0.2405455857515335,2.2540807723999023,0.319378137588501,0.16301162540912628,0.569771945476532,1.2103935480117798,1.5678759813308716,10.924833297729492,63.44070816040039,0.8713988065719604,0.4518675804138183,0.877001941204071,0.4301009178161621
BONA_076,BONA,2024,4.859105587005615,5.930174350738525,1.9505395889282227,1.855832815170288,0.45583146810531616,1.40067720413208,0.3030250668525696,0.16366229951381683,0.6063221096992493,1.093587875366211,1.0057458877563477,6.622154712677002,92.66571044921875,0.773210883140564,0.3146596550941467,0.7695704102516174,0.3114863038063049
BONA_082,BONA,2024,10.086158752441406,12.454191207885742,1.6542259454727173,3.6584649085998535,0.2309942990541458,2.3541038036346436,0.28638947010040283,0.14525920152664185,0.5200180411338806,1.1191692352294922,1.6136891841888428,12.655985832214355,52.993228912353516,0.845936119556427,0.4872479736804962,0.833268940448761,0.4594283998012543
BONA_071,BONA,2024,4.389463424682617,5.488467216491699,1.9444676637649536,1.7257529497146606,0.44458457827568054,1.240318775177002,0.2983647882938385,0.1630258709192276,0.6244252324104309,1.0060967206954956,0.9247225522994995,5.94034481048584,93.66973114013672,0.7719475030899048,0.3005732297897339,0.7630100846290588,0.3010344803333282
BONA_087,BONA,2024,8.949265480041504,10.73079776763916,1.7248684167861938,3.3228440284729004,0.28731709718704224,2.0206210613250732,0.26500585675239563,0.1359902024269104,0.5272117853164673,1.1447179317474365,1.5049723386764526,11.190021514892578,63.16804122924805,0.8377608060836792,0.4386978149414062,0.8319435119628906,0.419315755367279
BONA_084,BONA,2024,9.030232429504395,10.868083953857422,1.8267619609832764,3.633268117904663,0.3310851454734802,2.2321527004241943,0.30923837423324585,0.15642940998077393,0.4948638677597046,0.9526925086975098,1.2378442287445068,11.499017715454102,65.47820281982422,0.7923989295959473,0.4108043611049652,0.7741427421569824,0.3928969800472259
BONA_080,BONA,2024,5.223702430725098,5.611026287078857,2.0087733268737793,1.7030054330825806,0.5416578054428101,1.4301444292068481,0.2898061275482178,0.15822291374206543,0.5789040327072144,1.068434238433838,0.9665217399597168,6.9790143966674805,89.79681396484375,0.7863891124725342,0.3640109300613403,0.763329029083252,0.3580829799175262
BONA_086,BONA,2024,2.3085615634918213,2.214041233062744,2.0994811058044434,0.7125782370567322,0.7183268666267395,0.7015447020530701,0.2833895683288574,0.15972882509231567,0.6170106530189514,0.8341978788375854,0.3766275644302368,3.2301387786865234,99.92169189453125,0.8015822768211365,0.4211552143096924,0.7788484692573547,0.4057804048061371
BONA_088,BONA,2024,8.85910701751709,10.956229209899902,1.703214406967163,3.359440326690674,0.2613239884376526,2.145230770111084,0.2856719493865967,0.14612555503845215,0.5381836295127869,1.1445896625518799,1.5245487689971924,11.213394165039062,63.77960968017578,0.8362575769424438,0.4407584071159363,0.8200103640556335,0.4240917861461639
BONA_089,BONA,2024,7.998310089111328,10.147807121276855,1.7627427577972412,3.1722500324249268,0.2822296619415283,2.121610403060913,0.32170042395591736,0.16304345428943634,0.5336706638336182,1.019444227218628,1.356039047241211,10.388397216796875,68.17682647705078,0.8220577239990234,0.4025918245315552,0.8181415796279907,0.387039452791214
BONA_085,BONA,2024,2.5013084411621094,2.8560969829559326,2.170548677444458,0.9616705775260925,0.6352852582931519,0.7354294657707214,0.28263288736343384,0.1582341194152832,0.6073920130729675,0.7762756943702698,0.37605559825897217,3.451547622680664,99.97550964355469,0.7459967732429504,0.3388808071613312,0.7163761854171753,0.3338672816753387
BONA_083,BONA,2024,2.142042875289917,1.8670220375061035,2.1110246181488037,0.5927249193191528,0.746243953704834,0.5989511013031006,0.2582002282142639,0.14647126197814941,0.5861260890960693,0.8228421807289124,0.3447401523590088,2.9225659370422363,99.86131286621094,0.781239926815033,0.4283537864685058,0.7448506355285645,0.4120600819587707
BONA_074,BONA,2024,2.231804132461548,2.192899703979492,2.1407179832458496,0.7121301889419556,0.7028993964195251,0.6425439715385437,0.2715609669685364,0.1537991166114807,0.6072683930397034,0.8114723563194275,0.3500252664089203,3.0654845237731934,99.95075225830078,0.759981095790863,0.4025328457355499,0.717142641544342,0.3900536000728607
BONA_081,BONA,2024,2.4463930130004883,2.5122060775756836,2.1134891510009766,0.8245024085044861,0.668666660785675,0.7080666422843933,0.27447840571403503,0.15336696803569794,0.6198244690895081,0.8293090462684631,0.4408566653728485,3.3820226192474365,99.89535522460938,0.7709684371948242,0.4200698435306549,0.730408251285553,0.405566930770874
BONA_077,BONA,2024,2.0849881172180176,2.183119297027588,2.1101224422454834,0.6975679993629456,0.6857755780220032,0.602992832660675,0.2716214060783386,0.15362225472927094,0.6139969229698181,0.8190666437149048,0.3443748950958252,2.8845741748809814,99.88433837890625,0.7714596390724182,0.3680544197559356,0.7479005455970764,0.35962775349617
BONA_073,BONA,2024,2.053281545639038,1.6710455417633057,2.034522533416748,0.5172540545463562,0.7569824457168579,0.5583312511444092,0.2614555060863495,0.14740467071533203,0.6036707162857056,0.8479229211807251,0.3438781499862671,2.789750576019287,99.85803985595703,0.7364631295204163,0.3943472802639007,0.677321195602417,0.3850484192371368
BONA_014,BONA,2024,9.036758422851562,10.689676284790039,1.7726694345474243,3.406808376312256,0.321492999792099,2.096496820449829,0.267706960439682,0.13720452785491943,0.527941882610321,1.1794308423995972,1.4353463649749756,11.304256439208984,63.7446403503418,0.8522908091545105,0.4526549279689789,0.8422299027442932,0.4332551658153534
BONA_011,BONA,2024,2.6600501537323,3.2256393432617188,2.007967233657837,1.002373218536377,0.5585086345672607,0.9447973966598511,0.3324112296104431,0.18579615652561188,0.6895933151245117,0.9780961871147156,0.6469537615776062,4.004758834838867,99.95681762695312,0.7655287981033325,0.357047289609909,0.7418465614318848,0.3493453562259674
BONA_001,BONA,2024,12.874818801879883,15.43122673034668,1.5342928171157837,4.332470417022705,0.18254011869430542,2.605386734008789,0.22493089735507965,0.11384521424770355,0.5464620590209961,1.4593396186828613,2.1013870239257812,15.578170776367188,34.614707946777344,0.8565149307250977,0.4493585526943207,0.851478099822998,0.4296417534351349
BONA_018,BONA,2024,2.4923548698425293,3.406287431716919,1.9326995611190796,1.019410490989685,0.47759488224983215,0.8591216206550598,0.3216312825679779,0.17776720225811005,0.6963082551956177,1.0042856931686401,0.7329118251800537,3.7083916664123535,99.81975555419922,0.8187391757965088,0.4429023265838623,0.8177545666694641,0.417257696390152
BONA_023,BONA,2024,3.9993112087249756,5.538319110870361,1.59971284866333,1.4907374382019043,0.210684671998024,1.0525174140930176,0.2799268364906311,0.15386319160461426,0.6807606816291809,0.9277198910713196,1.5383689403533936,5.404534339904785,99.98743438720703,0.8665303587913513,0.5186119079589844,0.8574432134628296,0.4866183400154114
BONA_009,BONA,2024,4.196584701538086,5.722925186157227,1.5305842161178589,1.4467393159866333,0.17634199559688568,1.0251835584640503,0.26177698373794556,0.14405280351638794,0.6698325872421265,0.9291221499443054,1.7271863222122192,5.561129093170166,99.72041320800781,0.8928537964820862,0.6128253936767578,0.8879972100257874,0.559321403503418
BONA_002,BONA,2024,7.796919345855713,10.294303894042969,1.5333701372146606,2.7860665321350098,0.15090934932231903,2.018866539001465,0.3025566637516022,0.15837036073207855,0.6109343767166138,1.227664828300476,1.7146068811416626,10.054302215576172,63.07505416870117,0.8812951445579529,0.5100081562995911,0.8879197239875793,0.4750131964683532
BONA_012,BONA,2024,10.933267593383789,13.430045127868652,1.4731178283691406,3.5865511894226074,0.1380184292793274,2.1545114517211914,0.22914676368236542,0.11540537327528,0.5424525737762451,1.314383625984192,2.0804636478424072,13.189218521118164,40.200862884521484,0.8691078424453735,0.4712854921817779,0.8615110516548157,0.4499047696590423
BONA_008,BONA,2024,10.166104316711426,13.530208587646484,1.5406877994537354,3.863969326019287,0.1411682814359665,2.83634352684021,0.31877458095550537,0.16345873475074768,0.577487051486969,1.3260282278060913,1.9863201379776,13.242775917053223,48.093204498291016,0.8639392852783203,0.4791299104690552,0.8617873191833496,0.4526034891605377
BONA_093,BONA,2024,6.157456874847412,7.679683685302734,1.8666831254959106,2.380528450012207,0.38094818592071533,1.709692120552063,0.309491366147995,0.16488821804523468,0.5813077092170715,1.055812954902649,1.1628780364990234,8.204395294189453,83.4583969116211,0.8059237599372864,0.3418983519077301,0.810752809047699,0.3357164263725281
BONA_007,BONA,2024,9.568741798400879,11.775912284851074,1.5303975343704224,3.455306053161621,0.17289140820503235,1.957811713218689,0.22844156622886658,0.11642928421497345,0.561847448348999,1.3073604106903076,1.8817877769470215,11.628297805786133,54.156944274902344,0.8914645910263062,0.546953558921814,0.8880964517593384,0.512162983417511
BONA_005,BONA,2024,5.821970462799072,9.034074783325195,1.6993952989578247,2.862802267074585,0.1968640685081482,2.3280110359191895,0.41087794303894043,0.21297740936279297,0.6455156803131104,1.167331576347351,1.2965929508209229,8.623270988464355,77.99395751953125,0.8532541394233704,0.4850589334964752,0.8433129787445068,0.458523690700531
BONA_021,BONA,2024,4.554285526275635,6.353234767913818,1.554557204246521,1.728273630142212,0.17702898383140564,1.2222845554351807,0.2817392945289612,0.1510886698961258,0.6379336714744568,0.8874635696411133,1.572138786315918,6.128992557525635,91.77023315429688,0.8832412362098694,0.6069942712783813,0.8841917514801025,0.5506452322006226
BONA_026,BONA,2024,8.387836456298828,9.800063133239746,1.6929094791412354,2.8141791820526123,0.310404896736145,2.051795721054077,0.28141728043556213,0.14871276915073395,0.6072438955307007,1.3473246097564697,1.7064391374588013,10.796833038330078,69.78388977050781,0.8297628164291382,0.4089145958423614,0.8147788643836975,0.3959690928459167
BONA_022,BONA,2024,1.6110085248947144,0.626180112361908,1.8925366401672363,0.15677885711193085,0.8999090790748596,0.37610924243927,0.21567505598068237,0.12284725904464722,0.5717533230781555,0.6609920263290405,0.41082748770713806,2.1147146224975586,99.98272705078125,0.7830990552902222,0.5517498850822449,0.7177858352661133,0.5180225372314453
BONA_010,BONA,2024,1.3436739444732666,0.620686411857605,1.9066085815429688,0.16012758016586304,0.8955837488174438,0.2931827902793884,0.20099569857120514,0.1157924085855484,0.5742460489273071,0.5920524597167969,0.32152289152145386,1.7127008438110352,100.0,0.7885087728500366,0.5142133831977844,0.7400093078613281,0.4836740493774414
BONA_003,BONA,2024,2.0501058101654053,2.2651937007904053,2.131348133087158,0.7209226489067078,0.6726852059364319,0.6952842473983765,0.3110305964946747,0.17464810609817505,0.6735528707504272,0.7975261807441711,0.33992722630500793,3.0310609340667725,99.99921417236328,0.7320818901062012,0.2734734416007995,0.7238463759422302,0.2750343382358551
BONA_004,BONA,2024,3.2950363159179688,4.894281387329102,1.8508929014205933,1.47783625125885,0.35453322529792786,1.1596890687942505,0.34648624062538147,0.19061830639839172,0.7109172940254211,1.0930261611938477,0.9144383668899536,4.938190937042236,99.7295150756836,0.7542398571968079,0.3081793189048767,0.7324202656745911,0.3068656325340271
BONA_006,BONA,2024,3.433103322982788,3.7262327671051025,1.96729576587677,1.1503068208694458,0.5454379320144653,1.0087132453918457,0.2954919636249542,0.1641514003276825,0.6284459233283997,0.9633734822273254,0.8453086018562317,4.80217170715332,99.728515625,0.7268031239509583,0.4057903289794922,0.6824120283126831,0.3863280117511749
BONA_016,BONA,2024,1.832982063293457,2.0172080993652344,2.1551737785339355,0.6498016715049744,0.6939171552658081,0.623234748840332,0.31066951155662537,0.17470011115074158,0.6788641810417175,0.731550931930542,0.24746449291706085,2.692056179046631,99.99966430664062,0.7665314078330994,0.4101793766021728,0.7303252816200256,0.3951458930969238
BONA_013,BONA,2024,7.012334823608398,8.717567443847656,1.7355647087097168,2.505298137664795,0.30136382579803467,1.8763012886047363,0.3073284327983856,0.16152417659759521,0.6016238927841187,1.2296816110610962,1.533920407295227,9.242973327636719,76.88252258300781,0.818880021572113,0.4361568093299866,0.799344539642334,0.4143758714199066
BONA_072,BONA,2025,9.345205307006836,11.3868408203125,1.7096285820007324,3.6793363094329834,0.2785813510417938,2.4576897621154785,0.30219948291778564,0.15979571640491486,0.5560142993927002,1.206666111946106,1.4300419092178345,11.94096851348877,61.69645309448242,0.872897744178772,0.5293823480606079,0.8651198744773865,0.4951542913913727
BONA_079,BONA,2025,9.569328308105469,11.690828323364258,1.6217268705368042,3.4869632720947266,0.22009731829166412,2.2683465480804443,0.28822606801986694,0.14966075122356415,0.523891270160675,1.0567806959152222,1.4882961511611938,11.915582656860352,55.81491470336914,0.8869119882583618,0.5258737802505493,0.899253249168396,0.486856073141098
BONA_070,BONA,2025,2.646989583969116,2.634962558746338,2.1170971393585205,0.8964803814888,0.6675005555152893,0.8414676189422607,0.30803385376930237,0.17882288992404938,0.641744077205658,0.8526976108551025,0.4294351637363434,3.683961868286133,99.98062133789062,0.7717152833938599,0.3500043451786041,0.7418625950813293,0.3461696207523346
BONA_075,BONA,2025,11.16037654876709,13.627189636230469,1.5457450151443481,4.012737274169922,0.17571094632148743,2.532447338104248,0.26672008633613586,0.13655506074428558,0.5443288683891296,1.2911659479141235,1.7629190683364868,13.67983627319336,43.52523422241211,0.8935274481773376,0.4906437397003174,0.902334988117218,0.4625648260116577
BONA_078,BONA,2025,8.234869003295898,10.769165992736816,1.6871229410171509,3.300157070159912,0.23659200966358185,2.464101791381836,0.34759414196014404,0.18114550411701202,0.5978931784629822,1.2552069425582886,1.465272068977356,10.917694091796875,65.13712310791016,0.876326322555542,0.4414360523223877,0.8880683779716492,0.4197469055652618
BONA_076,BONA,2025,4.835648536682129,5.803493976593018,1.9091819524765015,1.8772177696228027,0.4428001642227173,1.498128056526184,0.3263698220252991,0.18124963343143463,0.628024697303772,1.0703586339950562,0.9679499864578247,6.629266262054443,92.92230987548828,0.7930324673652649,0.3036949038505554,0.8049490451812744,0.3012516796588897
BONA_082,BONA,2025,10.001215934753418,12.416399955749512,1.647104263305664,3.757136583328247,0.22778183221817017,2.5412466526031494,0.305957168340683,0.15844017267227173,0.5327197313308716,1.1318740844726562,1.518552541732788,12.680231094360352,53.54420471191406,0.8642451167106628,0.4965271949768066,0.8631784319877625,0.4644867479801178
BONA_071,BONA,2025,4.289626121520996,5.424118518829346,1.8966844081878662,1.7428597211837769,0.4203457832336426,1.328291893005371,0.3271369934082031,0.18276697397232056,0.6625325083732605,1.0141279697418213,0.8866753578186035,5.9019012451171875,93.89002990722656,0.7906010746955872,0.2876491844654083,0.794101357460022,0.2894981801509857
BONA_087,BONA,2025,8.794931411743164,10.77477741241455,1.7266825437545776,3.446652412414551,0.28305482864379883,2.228889226913452,0.29321131110191345,0.1529570370912552,0.5535457730293274,1.1838364601135254,1.4214216470718384,11.212615966796875,64.41092681884766,0.853686511516571,0.4492528438568115,0.8556993007659912,0.426678329706192
BONA_084,BONA,2025,8.812962532043457,10.683435440063477,1.8143779039382935,3.6756668090820312,0.3294937312602997,2.4404489994049072,0.33793017268180847,0.17605799436569214,0.5120935440063477,0.9523579478263855,1.1295616626739502,11.415111541748047,66.9830551147461,0.8160057663917542,0.4254424571990967,0.8122782111167908,0.4022416472434997
BONA_080,BONA,2025,5.250002861022949,5.551447868347168,1.9706976413726807,1.7501351833343506,0.5283576846122742,1.5363190174102783,0.31178271770477295,0.1758878231048584,0.5949839353561401,1.040443778038025,0.918220043182373,7.049643516540527,89.9167251586914,0.8018770813941956,0.3511741459369659,0.7922332882881165,0.3461159467697143
BONA_086,BONA,2025,2.3679447174072266,2.116368532180786,2.055149555206299,0.7217484712600708,0.7043717503547668,0.7679306268692017,0.3084218502044678,0.18173637986183167,0.6377411484718323,0.771221399307251,0.3844294548034668,3.2799930572509766,99.90934753417969,0.8151752352714539,0.4172382354736328,0.8059251308441162,0.4006003439426422
BONA_088,BONA,2025,8.722649574279785,10.827329635620117,1.696181058883667,3.4392178058624268,0.260795921087265,2.3251893520355225,0.31055960059165955,0.16319189965724945,0.5535159707069397,1.1296972036361694,1.3967218399047852,11.18889045715332,65.03916931152344,0.8472397327423096,0.4487188756465912,0.8399953842163086,0.4281469583511352
BONA_089,BONA,2025,7.877289295196533,9.977031707763672,1.7489598989486694,3.2385997772216797,0.28152525424957275,2.300316095352173,0.346218079328537,0.18126891553401947,0.5511309504508972,1.0161770582199097,1.2192622423171997,10.388323783874512,69.47882080078125,0.8371741771697998,0.394051045179367,0.848046064376831,0.3781741261482239
BONA_085,BONA,2025,2.4465997219085693,2.820124387741089,2.092278242111206,0.9688094258308411,0.5999029874801636,0.7873324155807495,0.3123607635498047,0.1801052689552307,0.6617433428764343,0.7976861596107483,0.39423006772994995,3.430507183074951,99.9794692993164,0.7641621828079224,0.3267821073532104,0.7503917813301086,0.3226200044155121
BONA_083,BONA,2025,2.2212886810302734,1.8785204887390137,2.0775868892669678,0.6300534605979919,0.7223829030990601,0.6769769191741943,0.2892425060272217,0.17159731686115265,0.6127130389213562,0.7824729681015015,0.36164233088493347,3.029232978820801,99.87129211425781,0.8154918551445007,0.4455860257148742,0.7970620393753052,0.4249458014965057
BONA_074,BONA,2025,2.2147419452667236,2.231414556503296,2.089919090270996,0.7385135889053345,0.6730750799179077,0.693352460861206,0.2990559935569763,0.1739099621772766,0.6569806933403015,0.8013392686843872,0.37013211846351624,3.078874349594116,99.95918273925781,0.7822976112365723,0.3920516669750213,0.7509703636169434,0.3817538917064667
BONA_081,BONA,2025,2.5329508781433105,2.398601531982422,2.0552239418029785,0.8297341465950012,0.6501407027244568,0.7892534136772156,0.3033195436000824,0.17766344547271729,0.621670663356781,0.7762290835380554,0.45001348853111267,3.4702610969543457,99.90129852294922,0.7895930409431458,0.4173482656478882,0.7598203420639038,0.4028270542621612
BONA_077,BONA,2025,2.1219193935394287,2.2241225242614746,2.061753749847412,0.7338498830795288,0.6520957350730896,0.6671279072761536,0.3002105951309204,0.17523843050003052,0.6522977948188782,0.7961280941963196,0.37581539154052734,2.955916166305542,99.88304901123047,0.8019895553588867,0.3710091412067413,0.7902931571006775,0.3634121716022491
BONA_073,BONA,2025,2.1627037525177,1.5739799737930298,2.0053353309631348,0.5283699631690979,0.7437865138053894,0.6529163122177124,0.29884544014930725,0.1788763403892517,0.612593412399292,0.7640784978866577,0.3506569564342499,2.904240369796753,99.8556137084961,0.7817033529281616,0.4153579473495483,0.7441038489341736,0.4023913741111755
BONA_014,BONA,2025,8.83924674987793,10.493471145629883,1.7738429307937622,3.5106263160705566,0.32575029134750366,2.3011441230773926,0.29777735471725464,0.15728133916854858,0.5462265610694885,1.174450159072876,1.2926028966903687,11.246699333190918,65.9013442993164,0.8550903797149658,0.4341256022453308,0.8553439974784851,0.4142961502075195
BONA_011,BONA,2025,2.628354549407959,3.125354290008545,1.9854736328125,0.9850257635116577,0.5530434846878052,0.9765522480010986,0.3524191975593567,0.20058917999267578,0.715475857257843,0.9676419496536255,0.6371508836746216,3.9632833003997803,99.9525375366211,0.8157617449760437,0.3377663195133209,0.8258833289146423,0.3316818475723266
BONA_001,BONA,2025,12.680200576782227,15.179173469543457,1.5628290176391602,4.47217321395874,0.19906429946422577,2.8242828845977783,0.25092509388923645,0.12975949048995972,0.5377417206764221,1.3567551374435425,1.8391101360321045,15.517743110656738,37.744258880615234,0.867817223072052,0.4421542882919311,0.8704598546028137,0.4221689999103546
BONA_018,BONA,2025,2.59698224067688,3.1641273498535156,1.9094752073287964,0.9974377155303955,0.49131014943122864,0.9352714419364929,0.3450198471546173,0.19975890219211578,0.7001349925994873,0.9167649745941162,0.676719605922699,3.789555788040161,99.80648040771484,0.85968416929245,0.4394399225711822,0.888644814491272,0.411636084318161
BONA_023,BONA,2025,3.925769805908203,5.628957748413086,1.5895302295684814,1.6444579362869263,0.18774066865444183,1.1865707635879517,0.3182927668094635,0.17575275897979736,0.6952922940254211,0.8946887254714966,1.2809571027755737,5.430757999420166,99.98709869384766,0.8633813858032227,0.5207628607749939,0.8549931645393372,0.4874871373176574
BONA_009,BONA,2025,4.0408172607421875,5.8135271072387695,1.5386103391647339,1.6502517461776733,0.15942418575286865,1.164951205253601,0.30251455307006836,0.16641800105571747,0.6882076263427734,0.9234846830368042,1.4008896350860596,5.556452751159668,99.7429428100586,0.8903794884681702,0.6289763450622559,0.8866392970085144,0.5696696639060974
BONA_002,BONA,2025,7.570748805999756,10.116958618164062,1.5625076293945312,2.9140021800994873,0.16016851365566254,2.1920299530029297,0.33027008175849915,0.1742384433746338,0.6180530190467834,1.221901535987854,1.5680608749389648,9.954081535339355,65.36691284179688,0.8967694640159607,0.5354941487312317,0.9128263592720032,0.4913963973522186
BONA_012,BONA,2025,10.8291654586792,13.452285766601562,1.5054913759231567,3.9113988876342773,0.15000128746032715,2.4329097270965576,0.25649985671043396,0.13124124705791473,0.5610047578811646,1.3371527194976807,1.8542182445526123,13.2786283493042,42.29401397705078,0.8650291562080383,0.4339097738265991,0.8591415286064148,0.4187393188476562
BONA_008,BONA,2025,9.776458740234375,13.189641952514648,1.5845835208892822,3.996070623397827,0.15516003966331482,3.0748040676116943,0.3609890937805176,0.18831443786621094,0.5791330337524414,1.273804783821106,1.6839244365692139,13.026626586914062,51.35296630859375,0.8802173733711243,0.4687116146087646,0.8897300958633423,0.4433748722076416
BONA_093,BONA,2025,6.015771389007568,7.552192211151123,1.8280885219573975,2.4318134784698486,0.3643791079521179,1.837812066078186,0.33536896109580994,0.18375664949417114,0.6121151447296143,1.0619571208953857,1.0877223014831543,8.133868217468262,84.271728515625,0.8226630091667175,0.3236651122570038,0.8461760878562927,0.318004310131073
BONA_007,BONA,2025,8.967763900756836,11.23474407196045,1.5981024503707886,3.6002392768859863,0.20557844638824463,2.206085205078125,0.27299076318740845,0.1441512405872345,0.5657030344009399,1.1879690885543823,1.5236157178878784,11.250419616699219,61.78926086425781,0.8750583529472351,0.5269339084625244,0.8711614012718201,0.4920632839202881
BONA_005,BONA,2025,5.294785022735596,8.38115406036377,1.7358636856079102,2.7545783519744873,0.2148769646883011,2.3371834754943848,0.4465911388397217,0.23634158074855804,0.6506062150001526,1.1014413833618164,1.0381423234939575,8.122273445129395,81.75544738769531,0.8607468605041504,0.4801374673843384,0.8551926612854004,0.4541281759738922
BONA_021,BONA,2025,4.783292770385742,6.531255722045898,1.5165408849716187,1.795617699623108,0.16004347801208496,1.2939281463623047,0.2804126739501953,0.1528533548116684,0.631912887096405,0.8494184017181396,1.5230082273483276,6.376987934112549,92.010986328125,0.9104663133621216,0.6512677669525146,0.9150826334953308,0.587150514125824
BONA_026,BONA,2025,8.347413063049316,9.571207046508789,1.711879014968872,2.949965000152588,0.32898372411727905,2.213550329208374,0.3027118742465973,0.16439849138259888,0.6073768138885498,1.2874239683151245,1.4888094663619995,10.82691478729248,71.3775405883789,0.8378065824508667,0.4169205129146576,0.8269516229629517,0.4002587795257568
BONA_022,BONA,2025,1.6633461713790894,0.694267988204956,1.9367398023605347,0.18325085937976837,0.8856271505355835,0.4370865523815155,0.24652723968029022,0.1461634784936905,0.6129747033119202,0.6293145418167114,0.3840745985507965,2.199281692504883,99.98081970214844,0.7925235033035278,0.5254307985305786,0.7354398965835571,0.4968994855880737
BONA_010,BONA,2025,1.4285458326339722,0.7013360261917114,1.9377142190933228,0.19197992980480194,0.8824524879455566,0.3496733605861664,0.23410767316818237,0.1389092653989792,0.623332679271698,0.6417025327682495,0.30904051661491394,1.8491626977920532,100.0,0.8187705278396606,0.5047953128814697,0.7845556139945984,0.4775158762931824
BONA_003,BONA,2025,2.070486545562744,2.1007702350616455,2.085444927215576,0.7023878693580627,0.6723041534423828,0.75798499584198,0.3422608971595764,0.20144712924957275,0.7004522681236267,0.7732504606246948,0.3435348570346832,3.036308526992798,99.9991683959961,0.7562258839607239,0.3402459025382995,0.7414034008979797,0.3330460488796234
BONA_004,BONA,2025,3.2936010360717773,4.743795871734619,1.8311001062393188,1.4441901445388794,0.35578879714012146,1.178896427154541,0.3601050078868866,0.2021733671426773,0.7144725918769836,1.0289143323898315,0.8823685050010681,4.889840602874756,99.66793060302734,0.8000697493553162,0.2856308817863464,0.8121004104614258,0.285436749458313
BONA_006,BONA,2025,3.311722993850708,3.7175843715667725,1.9711447954177856,1.1896899938583374,0.5367813110351562,1.0677059888839722,0.32260194420814514,0.1831945776939392,0.6680305600166321,0.9893176555633545,0.7590207457542419,4.718933582305908,99.74913024902344,0.7692992687225342,0.3782902061939239,0.7514524459838867,0.3630760610103607
BONA_016,BONA,2025,1.8104897737503052,1.8873063325881958,2.106355667114258,0.629578709602356,0.689514696598053,0.6561769843101501,0.3342079222202301,0.19585727155208588,0.718342125415802,0.7313106060028076,0.2556796967983246,2.6535465717315674,99.9999008178711,0.7990610003471375,0.4068378806114197,0.7868227362632751,0.3904724717140198
BONA_013,BONA,2025,6.930078506469727,8.523578643798828,1.7566312551498413,2.6022486686706543,0.32017987966537476,2.0261802673339844,0.3306461274623871,0.17855970561504364,0.611070990562439,1.2126325368881226,1.361090898513794,9.25180435180664,78.13854217529297,0.8311336040496826,0.4044413268566131,0.8203111290931702,0.389000803232193
DEJU_050,DEJU,2017,3.220832347869873,1.2596200704574585,1.9763274192810059,0.503067672252655,0.8169887065887451,0.7122786045074463,0.23143602907657623,0.14642605185508728,0.40103915333747864,0.3622334897518158,0.3895057141780853,3.8294191360473633,100.0,,,,
DEJU_051,DEJU,2017,3.328383445739746,1.6523430347442627,1.9910693168640137,0.6649703979492188,0.7751162052154541,0.696360170841217,0.21933786571025848,0.13639435172080994,0.412050724029541,0.4098518490791321,0.4216090738773346,3.9651381969451904,99.9928970336914,,,,
DEJU_049,DEJU,2017,5.091243743896484,2.389279842376709,1.9085688591003418,0.9051891565322876,0.7398919463157654,0.9569767713546753,0.19865693151950836,0.12147403508424759,0.3639330565929413,0.4145972430706024,0.6144614815711975,5.974635124206543,99.09392547607422,,,,
DEJU_057,DEJU,2017,5.4332380294799805,2.186846971511841,1.9132481813430786,0.9119039177894592,0.7797603011131287,0.6784207224845886,0.14686256647109985,0.08793787658214569,0.28441035747528076,0.2294449657201767,0.43199336528778076,6.0321245193481445,99.97919464111328,,,,
DEJU_047,DEJU,2017,4.190019130706787,2.5201900005340576,1.933431625366211,0.9940366744995117,0.6849340796470642,0.8153725862503052,0.1994907259941101,0.12511707842350006,0.36668893694877625,0.361162006855011,0.5299482345581055,4.906938076019287,99.92334747314453,,,,
DEJU_052,DEJU,2017,3.2575201988220215,1.2567365169525146,1.950223684310913,0.485914021730423,0.8111491799354553,0.7482151985168457,0.24140217900276184,0.15100212395191193,0.413684219121933,0.3907063901424408,0.449715793132782,3.9234344959259033,100.0,,,,
DEJU_045,DEJU,2017,3.4890689849853516,1.1965667009353638,1.9442367553710938,0.45531031489372253,0.830288290977478,0.8143077492713928,0.2527526915073395,0.15668727457523346,0.43998217582702637,0.4194099009037018,0.48546990752220154,4.233817100524902,99.98861694335938,,,,
DEJU_056,DEJU,2017,3.902557849884033,2.082493543624878,1.9369580745697021,0.8238885402679443,0.7231178283691406,0.782977819442749,0.21323350071907043,0.13189154863357544,0.381488561630249,0.3628765344619751,0.49735236167907715,4.59278678894043,99.95152282714844,,,,
DEJU_061,DEJU,2017,4.379000186920166,2.2768588066101074,1.9403681755065918,0.9000755548477173,0.7313414216041565,0.9143068194389343,0.22249406576156616,0.1380826234817505,0.4027351140975952,0.43810564279556274,0.5640077590942383,5.204909324645996,99.801025390625,,,,
DEJU_064,DEJU,2017,3.6399006843566895,1.7609755992889404,1.9827804565429688,0.7023205757141113,0.7690606713294983,0.8923342227935791,0.2506219744682312,0.1583528071641922,0.4085208773612976,0.40089794993400574,0.4785691499710083,4.411344528198242,99.95663452148438,,,,
DEJU_054,DEJU,2017,3.355027914047241,1.4931315183639526,1.9663984775543213,0.5932227969169617,0.7869749069213867,0.6990626454353333,0.21932029724121094,0.1363542377948761,0.39175325632095337,0.3510019779205322,0.4399541914463043,3.976170539855957,99.99739837646484,,,,
DEJU_060,DEJU,2017,3.836967945098877,2.216925859451294,2.0035641193389893,0.9097560048103333,0.730506181716919,0.8229043483734131,0.22170297801494598,0.13906599581241608,0.3911306858062744,0.3638155162334442,0.45173805952072144,4.553360462188721,99.9955825805664,,,,
DEJU_046,DEJU,2017,3.8756842613220215,2.180298089981079,1.977968692779541,0.8684074878692627,0.7276794910430908,0.8806754350662231,0.231313094496727,0.14475229382514954,0.392920583486557,0.39107516407966614,0.4998547434806824,4.6584906578063965,99.94725799560547,,,,
DEJU_055,DEJU,2017,3.715181827545166,2.225015878677368,1.9443696737289429,0.8702887892723083,0.6994221806526184,0.7841560244560242,0.21672149002552032,0.1349467933177948,0.4020218551158905,0.46109849214553833,0.5681207776069641,4.436408996582031,99.92082977294922,,,,
DEJU_063,DEJU,2017,3.8256423473358154,2.443197250366211,1.9695889949798584,0.9830563068389893,0.6897925734519958,0.7559034824371338,0.2010776549577713,0.12473121285438538,0.3982236087322235,0.45721134543418884,0.5198884606361389,4.528469562530518,99.95021057128906,,,,
DEJU_059,DEJU,2017,3.599865674972534,1.6214616298675537,1.992372751235962,0.6573574542999268,0.7891640663146973,0.8607195019721985,0.24542507529258728,0.15515373647212982,0.39203381538391113,0.36898553371429443,0.44382214546203613,4.3318305015563965,99.98831939697266,,,,
DEJU_048,DEJU,2017,3.9491147994995117,2.3538882732391357,1.9821401834487915,0.9630254507064819,0.714295506477356,0.8208713531494141,0.21433457732200623,0.13386458158493042,0.3707519769668579,0.3253594636917114,0.4672757089138031,4.6603240966796875,99.98291778564453,,,,
DEJU_062,DEJU,2017,3.7697031497955322,2.3240506649017334,1.9827038049697876,0.9499272108078003,0.7014092803001404,0.7877083420753479,0.21176545321941376,0.13341104984283447,0.3701985776424408,0.34099751710891724,0.45859861373901367,4.445656776428223,99.97777557373047,,,,
DEJU_058,DEJU,2017,3.7838287353515625,2.236259937286377,1.9652135372161865,0.8928273320198059,0.7099409699440002,0.8192479610443115,0.21781909465789795,0.13690145313739777,0.3864034414291382,0.38372984528541565,0.5027697682380676,4.508919715881348,99.93240356445312,,,,
DEJU_053,DEJU,2017,4.1035614013671875,2.14336895942688,1.976539134979248,0.8719853162765503,0.7480413913726807,0.8521242737770081,0.21610219776630402,0.1336255520582199,0.3858244717121124,0.379882276058197,0.49187731742858887,4.869659423828125,99.97954559326172,,,,
DEJU_010,DEJU,2017,1.7781333923339844,0.3767431378364563,1.9212279319763184,0.11306335777044296,0.897346019744873,0.22985254228115082,0.15178470313549042,0.09846550971269608,0.3548360764980316,0.07527569681406021,0.16435648500919342,1.968367099761963,100.0,,,,
DEJU_004,DEJU,2017,0.8788877129554749,0.06848843395709991,1.94797945022583,0.004591523669660091,0.9924070835113525,0.14735044538974762,0.16132031381130219,0.10685906559228897,0.6051438450813293,,0.0,0.9985920190811157,100.0,,,,
DEJU_003,DEJU,2017,1.022396445274353,0.3630962371826172,1.844294548034668,0.09460005164146423,0.8336782455444336,0.15434738993644714,0.15347497165203094,0.09825816750526428,0.5297898650169373,0.1473628133535385,0.09481994062662125,1.1559405326843262,100.0,,,,
DEJU_023,DEJU,2017,2.343087673187256,1.0763299465179443,1.8612533807754517,0.36643218994140625,0.7444985508918762,0.4765380620956421,0.19982963800430298,0.12345907837152481,0.38355231285095215,0.3398076295852661,0.4207371175289154,2.782829523086548,99.99633026123047,,,,
DEJU_008,DEJU,2017,1.9883939027786255,0.06742999702692032,1.8960213661193848,0.007363556418567896,0.9968817830085754,0.26685479283332825,0.16082143783569336,0.1048971563577652,0.35740405321121216,0.0,0.0702277347445488,2.214280605316162,100.0,,,,
DEJU_019,DEJU,2017,3.6868326663970947,1.6751272678375244,1.993282437324524,0.6747963428497314,0.7874034643173218,0.764329195022583,0.21170073747634888,0.1326172798871994,0.3932548463344574,0.40927958488464355,0.48017656803131104,4.364136219024658,99.98987579345703,,,,
DEJU_005,DEJU,2017,3.7114837169647217,0.5798179507255554,1.9547218084335327,0.2204914540052414,0.9278054237365723,0.9101701378822327,0.25243550539016724,0.1593044400215149,0.3958396017551422,0.3442077040672302,0.4425909221172333,4.488903522491455,99.99820709228516,,,,
DEJU_001,DEJU,2017,2.77357816696167,0.05510973185300827,1.9395451545715332,0.004186213482171297,0.9986138343811035,0.25784724950790405,0.12430895864963531,0.0842965766787529,0.18305285274982452,0.0,0.12602676451206207,2.9590561389923096,100.0,,,,
DEJU_007,DEJU,2017,1.4809757471084595,0.10384080559015274,1.9400161504745483,0.02003643848001957,0.9865661263465881,0.23655042052268982,0.16653341054916382,0.10810743272304535,0.41889452934265137,0.0,0.09736549854278564,1.6721291542053223,100.0,,,,
DEJU_015,DEJU,2017,3.1321847438812256,0.8509960174560547,1.9321147203445435,0.3261825442314148,0.862445056438446,0.42229434847831726,0.1665772944688797,0.10197792947292328,0.3028848469257355,0.09703926742076874,0.24265597760677338,3.5020837783813477,100.0,,,,
DEJU_017,DEJU,2017,1.982140302658081,0.5178362131118774,1.9224635362625122,0.17027315497398376,0.8788651823997498,0.36811429262161255,0.2055518925189972,0.131795272231102,0.42655137181282043,0.18262752890586853,0.21475237607955933,2.292482614517212,100.0,,,,
DEJU_014,DEJU,2017,4.280486583709717,2.6185879707336426,1.9262712001800537,0.9802861213684082,0.6871458292007446,1.0351353883743286,0.2569707930088043,0.1565779447555542,0.43801653385162354,0.44983971118927,0.6067452430725098,5.277967929840088,99.597412109375,,,,
DEJU_006,DEJU,2017,3.9536869525909424,2.0765721797943115,1.9889103174209595,0.8455767631530762,0.7499778866767883,0.8498924374580383,0.22417238354682922,0.14082568883895874,0.3830122649669647,0.3679342269897461,0.4811052083969116,4.699065208435059,99.94135284423828,,,,
DEJU_021,DEJU,2017,3.5566301345825195,2.1000828742980957,1.9667447805404663,0.8653296828269958,0.6968234181404114,0.5624209642410278,0.16794848442077637,0.10735170543193817,0.31759390234947205,0.2938370108604431,0.3725559115409851,4.022235870361328,99.98914337158203,,,,
DEJU_002,DEJU,2017,2.3666484355926514,0.3655417859554291,1.961965799331665,0.13030114769935608,0.9384596347808838,0.36508095264434814,0.1649109423160553,0.10589637607336044,0.32054439187049866,0.23385609686374664,0.20894581079483032,2.6710128784179688,100.0,,,,
DEJU_024,DEJU,2017,3.551553726196289,1.1230064630508423,2.0292348861694336,0.46174514293670654,0.8779883980751038,0.5931960344314575,0.1758604794740677,0.11110816150903702,0.32245540618896484,0.28978583216667175,0.26473021507263184,4.057215213775635,100.0,,,,
DEJU_016,DEJU,2017,3.1485671997070312,1.266900658607483,1.9769493341445923,0.469300240278244,0.8194390535354614,1.0622735023498535,0.3480719029903412,0.21664473414421082,0.5155475735664368,0.42930975556373596,0.46494680643081665,4.132787704467773,100.0,,,,
DEJU_009,DEJU,2017,3.4885990619659424,1.2088054418563843,1.9654078483581543,0.4505726993083954,0.8384213447570801,1.005326747894287,0.30040788650512695,0.18706773221492767,0.4723069965839386,0.48626378178596497,0.5068644285202026,4.424506187438965,99.91921997070312,,,,
DEJU_018,DEJU,2017,3.570146322250366,1.5023711919784546,2.018416166305542,0.6148253083229065,0.8156800270080566,0.8043854236602783,0.24033847451210022,0.15146960318088531,0.4017539918422699,0.4009518325328827,0.41597095131874084,4.278148174285889,99.99566650390625,,,,
DEJU_020,DEJU,2017,4.044805526733398,3.2465317249298096,1.9411288499832153,1.30376398563385,0.5948392748832703,0.7561143636703491,0.18728920817375183,0.11515573412179947,0.3782810568809509,0.3666697144508362,0.5323587656021118,4.740478038787842,99.89835357666016,,,,
DEJU_050,DEJU,2018,3.386277675628662,1.2824864387512207,1.975785732269287,0.5095263719558716,0.8289439678192139,0.72889643907547,0.22847077250480652,0.14323371648788452,0.40314412117004395,0.3511350750923157,0.39793428778648376,4.023576736450195,100.0,,,,
DEJU_051,DEJU,2018,3.4844706058502197,1.7146012783050537,1.9914240837097168,0.6790168285369873,0.7868610620498657,0.7258296012878418,0.22353243827819824,0.13833458721637726,0.41389960050582886,0.4136905074119568,0.39875611662864685,4.148795127868652,99.99224090576172,,,,
DEJU_049,DEJU,2018,5.182310104370117,2.391530990600586,1.932172179222107,0.9133263826370239,0.769469678401947,1.0644111633300781,0.2183821201324463,0.13189101219177246,0.4074379801750183,0.4980170726776123,0.6064515709877014,6.235162258148193,99.06512451171875,,,,
DEJU_057,DEJU,2018,5.649190425872803,2.2064244747161865,1.935057282447815,0.911154568195343,0.7938692569732666,0.7582927942276001,0.1578974425792694,0.09338102489709854,0.31028905510902405,0.2918250858783722,0.46712037920951843,6.331540107727051,99.9344253540039,,,,
DEJU_047,DEJU,2018,4.421154975891113,2.5930886268615723,1.9643690586090088,1.0345478057861328,0.7230619192123413,0.8845365047454834,0.20736758410930634,0.12878403067588806,0.3891183137893677,0.3816732168197632,0.49158528447151184,5.235794544219971,99.91824340820312,,,,
DEJU_052,DEJU,2018,3.356377363204956,1.3211482763290405,1.9566656351089478,0.5042324066162109,0.8237384557723999,0.8287988305091858,0.26335248351097107,0.16307921707630157,0.450927734375,0.40070515871047974,0.43851909041404724,4.116452693939209,100.0,,,,
DEJU_045,DEJU,2018,3.5100154876708984,1.135790467262268,1.9560784101486206,0.42379024624824524,0.8574376106262207,0.8530533909797668,0.2671370506286621,0.16341125965118408,0.47772881388664246,0.468238890171051,0.44521796703338623,4.328454971313477,99.9858169555664,,,,
DEJU_056,DEJU,2018,3.982412576675415,2.086268186569214,1.9483669996261597,0.8164608478546143,0.7478797435760498,0.7931468486785889,0.2163154035806656,0.13165760040283203,0.3962533473968506,0.38003477454185486,0.4804215133190155,4.707588195800781,99.93238830566406,,,,
DEJU_061,DEJU,2018,4.461423873901367,2.288266897201538,1.959761142730713,0.9045937061309814,0.7521053552627563,0.9523631930351257,0.23133644461631775,0.14275039732456207,0.42151087522506714,0.4555310308933258,0.5253351926803589,5.336291313171387,99.75157928466797,,,,
DEJU_064,DEJU,2018,3.799304246902466,1.775844693183899,1.9765660762786865,0.7051578164100647,0.7828677892684937,0.9010166525840759,0.24635747075080872,0.15538449585437775,0.3980211913585663,0.3955146074295044,0.47465234994888306,4.586481094360352,99.9120101928711,,,,
DEJU_054,DEJU,2018,3.5904018878936768,1.6263047456741333,1.9670330286026,0.650669276714325,0.7884508967399597,0.7369737029075623,0.218404620885849,0.13677269220352173,0.38439539074897766,0.32671740651130676,0.4300890862941742,4.233922958374023,99.99429321289062,,,,
DEJU_060,DEJU,2018,4.010725975036621,2.346820592880249,1.9892433881759644,0.9619684219360352,0.7345771193504333,0.830803632736206,0.2193099409341812,0.13749274611473083,0.38575634360313416,0.35994070768356323,0.4444594383239746,4.736372470855713,99.98793029785156,,,,
DEJU_046,DEJU,2018,4.043481826782227,2.2407844066619873,1.9813613891601562,0.8862828612327576,0.7503558993339539,0.9720739722251892,0.24831397831439972,0.15519997477531433,0.41010934114456177,0.4209686815738678,0.46790793538093567,4.920454502105713,99.92669677734375,,,,
DEJU_055,DEJU,2018,3.8814938068389893,2.281534433364868,1.9159480333328247,0.8535679578781128,0.7228224277496338,0.8633690476417542,0.2327354997396469,0.1412450671195984,0.44142329692840576,0.5114380121231079,0.5422066450119019,4.737167835235596,99.87727355957031,,,,
DEJU_063,DEJU,2018,4.0626397132873535,2.442625045776367,1.9884427785873413,0.9964854717254639,0.7211211919784546,0.801262378692627,0.20329239964485168,0.1270713210105896,0.3749828636646271,0.38979825377464294,0.4618665874004364,4.771899223327637,99.93035125732422,,,,
DEJU_059,DEJU,2018,3.7271337509155273,1.6128696203231812,1.9839361906051636,0.6384128332138062,0.8096786141395569,0.864755392074585,0.24011825025081635,0.14859426021575928,0.41133102774620056,0.4020981788635254,0.44582849740982056,4.511958599090576,99.9819107055664,,,,
DEJU_048,DEJU,2018,4.118661880493164,2.381655693054199,2.0085837841033936,0.9666215777397156,0.7495409250259399,0.8798890709877014,0.2219114750623703,0.1371987760066986,0.3846949338912964,0.34865841269493103,0.4211723804473877,4.907926082611084,99.96005249023438,,,,
DEJU_062,DEJU,2018,3.9358417987823486,2.3265397548675537,2.0031228065490723,0.9450450539588928,0.7374725937843323,0.8296130299568176,0.21967929601669312,0.13758009672164917,0.3798004984855652,0.333777517080307,0.4128788113594055,4.66506290435791,99.96317291259766,,,,
DEJU_058,DEJU,2018,4.024898052215576,2.2758212089538574,1.9897841215133667,0.9289225935935974,0.7367176413536072,0.8407003283500671,0.21250590682029724,0.13413219153881073,0.36646679043769836,0.3428429067134857,0.4506528377532959,4.751859664916992,99.92188262939453,,,,
DEJU_053,DEJU,2018,4.251716613769531,2.0844759941101074,1.982316255569458,0.835874080657959,0.7820597887039185,0.8868911862373352,0.2179989367723465,0.1340477168560028,0.39373573660850525,0.39045313000679016,0.45975062251091003,5.060495376586914,99.98047637939453,,,,
DEJU_010,DEJU,2018,1.9853270053863525,0.3915294110774994,1.939491629600525,0.12861892580986023,0.9048355221748352,0.24765940010547638,0.14993104338645935,0.09805627167224884,0.3436962962150574,0.07548293471336365,0.24086333811283112,2.1869826316833496,100.0,,,,
DEJU_004,DEJU,2018,0.9707973599433899,0.06671636551618576,1.9734346866607666,0.004693754483014345,0.9922404885292053,0.17596490681171417,0.17837287485599518,0.11851157248020172,0.5438161492347717,,,1.1039704084396362,100.0,,,,
DEJU_003,DEJU,2018,1.1369868516921997,0.46272942423820496,1.8421729803085327,0.13165248930454254,0.784731924533844,0.17880001664161682,0.16398698091506958,0.1068974956870079,0.4841354489326477,0.10182724893093109,0.14243336021900177,1.2819567918777466,100.0,,,,
DEJU_023,DEJU,2018,2.6181750297546387,1.0499552488327026,1.899075984954834,0.36745485663414,0.7877185940742493,0.5365015268325806,0.20439858734607697,0.12604109942913055,0.3837586045265198,0.3576732575893402,0.3877812922000885,3.1120967864990234,99.99491882324219,,,,
DEJU_008,DEJU,2018,1.8273199796676636,0.07199671864509583,1.9030349254608154,0.007379454094916582,0.9968323707580566,0.22484149038791656,0.1565173864364624,0.10271679610013962,0.33672457933425903,0.5551139116287231,0.08865293860435486,2.015669822692871,100.0,,,,
DEJU_019,DEJU,2018,3.811225652694702,1.7986414432525635,1.98601233959198,0.7138384580612183,0.788415789604187,0.8372828960418701,0.22973941266536713,0.1433345228433609,0.4192628860473633,0.46267232298851013,0.465520441532135,4.568758487701416,99.96318054199219,,,,
DEJU_005,DEJU,2018,3.774749755859375,0.6039393544197083,1.957271695137024,0.22444480657577515,0.9311067461967468,0.9694827795028687,0.26890960335731506,0.16787950694561005,0.42524856328964233,0.3779935836791992,0.45705124735832214,4.644543170928955,99.99327850341797,,,,
DEJU_001,DEJU,2018,2.494669198989868,0.07118444889783859,1.8957457542419434,0.005099717527627945,0.9982954859733582,0.31629008054733276,0.14326205849647522,0.09426160901784897,0.35660839080810547,0.0,0.16474276781082153,2.7698159217834473,100.0,,,,
DEJU_007,DEJU,2018,1.5537166595458984,0.09812956303358078,1.9550210237503052,0.01592959463596344,0.9892605543136597,0.28532126545906067,0.18325194716453552,0.11979074776172638,0.48122790455818176,0.1387784779071808,0.12362594157457352,1.7770487070083618,100.0,,,,
DEJU_015,DEJU,2018,3.593789577484131,0.8118148446083069,1.9571678638458252,0.3155665099620819,0.8949733376502991,0.4848744869232178,0.1699507087469101,0.1053752526640892,0.3061180114746094,0.12488051503896713,0.2676977217197418,4.012847900390625,100.0,,,,
DEJU_017,DEJU,2018,2.0949997901916504,0.5479567646980286,1.9383511543273926,0.1840854287147522,0.8849309086799622,0.40652427077293396,0.21371403336524963,0.13733360171318054,0.4362465441226959,0.23958852887153625,0.2244839370250702,2.434870719909668,100.0,,,,
DEJU_014,DEJU,2018,4.349063396453857,2.781790256500244,1.9229509830474854,1.0106085538864136,0.6939254403114319,1.0827447175979614,0.2670729458332062,0.15962961316108704,0.4904618263244629,0.5630504488945007,0.6405586004257202,5.46647834777832,99.56816864013672,,,,
DEJU_006,DEJU,2018,4.253580570220947,2.447305679321289,1.9927176237106323,1.0165271759033203,0.7240921854972839,0.9350544214248657,0.23583953082561493,0.15138767659664154,0.36869367957115173,0.3836343586444855,0.45715853571891785,5.031041145324707,99.890869140625,,,,
DEJU_021,DEJU,2018,3.7377214431762695,2.373203992843628,1.9773021936416626,0.962773323059082,0.6980067491531372,0.6445772051811218,0.18619219958782196,0.11546774953603745,0.35910123586654663,0.33679455518722534,0.401041179895401,4.313543319702148,99.97097778320312,,,,
DEJU_002,DEJU,2018,2.7494630813598633,0.4189065098762512,1.9609090089797974,0.15076330304145813,0.9423539042472839,0.395516037940979,0.1610632836818695,0.10233716666698456,0.30423402786254883,0.2527693808078766,0.20045554637908936,3.0900399684906006,100.0,,,,
DEJU_024,DEJU,2018,3.6916720867156982,1.1723155975341797,2.044145345687866,0.4748932421207428,0.8855112195014954,0.6301036477088928,0.18158909678459167,0.1160062775015831,0.3142957389354706,0.23984986543655396,0.22345057129859924,4.209158420562744,100.0,,,,
DEJU_016,DEJU,2018,3.356639862060547,1.3318655490875244,1.9817672967910767,0.4998140335083008,0.820527195930481,1.1506823301315308,0.35754165053367615,0.2247244268655777,0.48677241802215576,0.4169263541698456,0.45702123641967773,4.378289222717285,100.0,,,,
DEJU_009,DEJU,2018,3.660212755203247,1.3031407594680786,1.96941077709198,0.4909435212612152,0.8383171558380127,1.0460485219955444,0.3038475811481476,0.18973636627197266,0.45874738693237305,0.4665030241012573,0.4838913083076477,4.61540412902832,99.8761978149414,,,,
DEJU_018,DEJU,2018,3.591783046722412,1.4347957372665405,2.006822109222412,0.5715093612670898,0.8333297967910767,0.830460250377655,0.2516424059867859,0.15781910717487335,0.42159774899482727,0.37475311756134033,0.39381662011146545,4.338778972625732,99.9940185546875,,,,
DEJU_020,DEJU,2018,4.271866798400879,3.282099723815918,1.9658095836639404,1.3308571577072144,0.6418730616569519,0.7650626301765442,0.18237844109535217,0.11177162826061249,0.3703671395778656,0.3403013348579407,0.44668862223625183,4.968803882598877,99.86919403076172,,,,
DEJU_050,DEJU,2019,2.859250068664551,1.4499212503433228,2.01713228225708,0.5999348759651184,0.7765542268753052,0.678669273853302,0.23231272399425507,0.1495659500360489,0.38038769364356995,0.37208792567253113,0.4394684135913849,3.4141108989715576,99.99823760986328,,,,
DEJU_051,DEJU,2019,3.632936716079712,1.8340147733688354,2.0319600105285645,0.7931339144706726,0.7513763904571533,0.7445012331008911,0.22032687067985535,0.15056318044662476,0.2893534302711487,0.25084495544433594,0.3496415317058563,4.158634662628174,99.9835433959961,,,,
DEJU_049,DEJU,2019,5.125198841094971,2.3838624954223633,1.8930050134658813,0.8711287975311279,0.7508411407470703,1.0352871417999268,0.22241327166557312,0.13609620928764343,0.3982239067554474,0.44805654883384705,0.6150864958763123,6.105839252471924,98.99800109863281,,,,
DEJU_057,DEJU,2019,5.711362361907959,2.4693684577941895,1.925450325012207,1.0162849426269531,0.7629551887512207,0.7269352078437805,0.15603123605251312,0.09343080967664719,0.29650789499282837,0.24334821105003357,0.4373720586299896,6.341174602508545,99.90680694580078,,,,
DEJU_047,DEJU,2019,4.240543842315674,2.471055507659912,1.9306541681289673,0.927605926990509,0.7222326993942261,0.9289199709892273,0.23277828097343445,0.14080055058002472,0.4388590455055237,0.44227033853530884,0.5485665202140808,5.145534992218018,99.91266632080078,,,,
DEJU_052,DEJU,2019,3.242764711380005,1.3499267101287842,1.9525623321533203,0.49617940187454224,0.8066754937171936,0.7893389463424683,0.2636697590351105,0.16168220341205597,0.47001272439956665,0.44447964429855347,0.47481587529182434,3.9966819286346436,100.0,,,,
DEJU_045,DEJU,2019,3.418269395828247,1.1352757215499878,1.9519317150115967,0.4151296019554138,0.8434435129165649,0.8620566725730896,0.2784751057624817,0.17316743731498718,0.4663851261138916,0.42994993925094604,0.4884451925754547,4.216261863708496,99.98478698730469,,,,
DEJU_056,DEJU,2019,4.051815509796143,2.141087293624878,1.9614208936691284,0.8417029976844788,0.7357913255691528,0.8873712420463562,0.24043135344982147,0.15115895867347717,0.3881891369819641,0.32881632447242737,0.4668836295604706,4.804101943969727,99.93502807617188,,,,
DEJU_061,DEJU,2019,4.3774590492248535,2.2265336513519287,1.9659755229949951,0.8557752966880798,0.7588682770729065,0.9712953567504883,0.24254174530506134,0.14866802096366882,0.4390213191509247,0.48765167593955994,0.5384319424629211,5.295476913452148,99.78607940673828,,,,
DEJU_064,DEJU,2019,1.857842206954956,2.294898271560669,1.8715156316757202,0.866273045539856,0.441650927066803,0.722137987613678,0.27845796942710876,0.16996684670448303,0.6121113896369934,0.4596439301967621,0.47522303462028503,2.5685036182403564,99.91738891601562,,,,
DEJU_054,DEJU,2019,1.8518908023834229,2.0446109771728516,1.8774809837341309,0.782614529132843,0.4641917943954468,0.6053606271743774,0.24333320558071136,0.14913317561149597,0.5827211737632751,0.37851595878601074,0.4620935618877411,2.4248239994049072,99.98616027832031,,,,
DEJU_060,DEJU,2019,2.052198648452759,2.678864002227783,1.8356389999389648,1.0065523386001587,0.4224129319190979,0.9649943113327026,0.35688233375549316,0.21157200634479523,0.5745355486869812,0.4242658019065857,0.38841697573661804,3.041025400161743,99.9809341430664,,,,
DEJU_046,DEJU,2019,1.8536255359649658,2.7447450160980225,1.8235677480697632,1.0190030336380005,0.34177082777023315,0.8067687153816223,0.3025359809398651,0.1787777841091156,0.6385008692741394,0.47082555294036865,0.4443069398403168,2.703218698501587,99.90141296386719,,,,
DEJU_055,DEJU,2019,3.9596493244171143,2.283839702606201,1.972446084022522,0.9106735587120056,0.7006826996803284,0.8195174336433411,0.2151225358247757,0.14171938598155975,0.32140424847602844,0.29318588972091675,0.43892234563827515,4.602466106414795,99.89830017089844,,,,
DEJU_063,DEJU,2019,4.035045146942139,2.405266046524048,2.0087220668792725,1.0098060369491577,0.7049698829650879,0.7867020964622498,0.2056024819612503,0.13507361710071564,0.3075874149799347,0.2929079234600067,0.4272948205471039,4.647757053375244,99.92066955566406,,,,
DEJU_059,DEJU,2019,1.7303400039672852,2.1413257122039795,1.890995740890503,0.8249973058700562,0.4154396653175354,0.6982461214065552,0.2792656123638153,0.1718791425228119,0.6425073742866516,0.43358293175697327,0.45584484934806824,2.404557466506958,99.98307037353516,,,,
DEJU_048,DEJU,2019,1.989312767982483,2.8117449283599854,1.8182252645492554,1.0540217161178589,0.3467167317867279,0.9173058867454529,0.3351350724697113,0.19978459179401398,0.6058167219161987,0.41066351532936096,0.433074951171875,2.912900686264038,99.94503021240234,,,,
DEJU_062,DEJU,2019,1.9405529499053955,2.832136869430542,1.8640729188919067,1.075637698173523,0.3635486364364624,0.8853836059570312,0.3326587378978729,0.1995611935853958,0.6220171451568604,0.42230841517448425,0.42399361729621887,2.8304104804992676,99.93516540527344,,,,
DEJU_058,DEJU,2019,2.3890671730041504,2.6646440029144287,1.9101530313491821,0.9976405501365662,0.49072492122650146,0.8525225520133972,0.30012983083724976,0.1802045851945877,0.5645868182182312,0.5046529173851013,0.5318542718887329,3.2449512481689453,99.88851928710938,,,,
DEJU_053,DEJU,2019,2.601168155670166,2.319260358810425,1.9300552606582642,0.919931173324585,0.5827274322509766,0.6999199390411377,0.23965510725975037,0.1459294855594635,0.5031436681747437,0.42120659351348877,0.47519728541374207,3.2704174518585205,99.9800796508789,,,,
DEJU_010,DEJU,2019,1.5561308860778809,0.6339064836502075,1.8033760786056519,0.14068648219108582,0.8637889623641968,0.35927513241767883,0.2347421944141388,0.15121184289455414,0.5123948454856873,0.07413607835769653,0.1683482676744461,1.8483318090438843,100.0,,,,
DEJU_004,DEJU,2019,0.9807687997817993,0.1361912339925766,1.8504912853240967,0.009451321326196194,0.9889534115791321,0.22565530240535736,0.21311698853969574,0.13141874969005585,0.6916869282722473,0.5214211344718933,0.10697876662015915,1.2185264825820923,100.0,,,,
DEJU_003,DEJU,2019,1.2909640073776245,0.7778364419937134,1.7499324083328247,0.19072066247463226,0.7075556516647339,0.24921749532222748,0.2006186544895172,0.12642046809196472,0.4749487042427063,0.1373656988143921,0.07696858793497086,1.5200939178466797,100.0,,,,
DEJU_023,DEJU,2019,2.101605176925659,1.132508397102356,1.7918872833251953,0.35417935252189636,0.7504224181175232,0.5019875168800354,0.23820367455482483,0.14932915568351746,0.4483296275138855,0.2988354563713074,0.3152478039264679,2.544163942337036,99.9964828491211,,,,
DEJU_008,DEJU,2019,0.7612903118133545,0.7599620819091797,1.9924076795578003,0.34447258710861206,0.5272588133811951,0.042581912130117416,0.05096069723367691,0.03478062152862549,0.7611476182937622,0.2826319634914398,0.1624273955821991,0.7925193309783936,100.0,,,,
DEJU_019,DEJU,2019,1.7682156562805176,2.121464490890503,1.871273398399353,0.8292063474655151,0.4424155652523041,0.6652368903160095,0.2609429955482483,0.1590786725282669,0.6112250685691833,0.3907489776611328,0.43093141913414,2.3994147777557373,99.96143341064453,,,,
DEJU_005,DEJU,2019,1.1123497486114502,1.1971383094787598,1.8323776721954346,0.4631456136703491,0.47226420044898987,0.274258553981781,0.1301325559616089,0.08083687722682953,0.6504228115081787,0.4087063670158386,0.42682334780693054,1.3780326843261719,99.98084259033203,,,,
DEJU_001,DEJU,2019,2.2159860134124756,0.07613437622785568,2.003944158554077,0.009931601583957672,0.9948847889900208,0.27722474932670593,0.13500306010246277,0.08954604715108871,0.22386616468429565,0.0,0.06638817489147186,2.4202687740325928,100.0,,,,
DEJU_007,DEJU,2019,1.5354739427566528,0.11220478266477585,1.9677361249923706,0.019533783197402954,0.9847867488861084,0.23875999450683594,0.167910635471344,0.10803922265768051,0.4683091640472412,0.2674197256565094,0.17016366124153137,1.7388447523117065,100.0,,,,
DEJU_015,DEJU,2019,3.2680673599243164,0.8094501495361328,1.9136712551116943,0.3002903163433075,0.8869090676307678,0.48552289605140686,0.18790626525878906,0.1163465604186058,0.35209447145462036,0.145294189453125,0.29244503378868103,3.6981613636016846,100.0,,,,
DEJU_017,DEJU,2019,1.9951770305633545,0.6301314830780029,1.903396725654602,0.2039327621459961,0.8393234014511108,0.3773603141307831,0.21239255368709564,0.13778115808963776,0.4260021150112152,0.2053036242723465,0.2629644572734833,2.3052217960357666,100.0,,,,
DEJU_014,DEJU,2019,4.310379505157471,2.6535634994506836,1.9066418409347534,0.9514864087104797,0.6864766478538513,1.1248480081558228,0.2861541211605072,0.17564281821250916,0.4756835699081421,0.4970451295375824,0.6344903707504272,5.38254976272583,99.55685424804688,,,,
DEJU_006,DEJU,2019,3.80458927154541,1.8736315965652466,1.964088797569275,0.7203381061553955,0.7906129360198975,0.9280441999435425,0.2655826210975647,0.1633467674255371,0.44667360186576843,0.4359321594238281,0.4419425427913666,4.673494338989258,99.93035888671875,,,,
DEJU_021,DEJU,2019,3.70989727973938,2.119425058364868,1.9517910480499268,0.8257508873939514,0.7147199511528015,0.6272705793380737,0.18956395983695984,0.11578312516212463,0.3710920512676239,0.3488580286502838,0.4458973705768585,4.292952537536621,99.9515151977539,,,,
DEJU_002,DEJU,2019,2.9120242595672607,0.45082908868789673,1.9275031089782715,0.15342910587787628,0.9437459707260132,0.4184662699699402,0.1622779220342636,0.10195127129554749,0.3046738803386688,0.2227204591035843,0.23212409019470215,3.2831993103027344,100.0,,,,
DEJU_024,DEJU,2019,3.5205078125,1.0915019512176514,2.040112257003784,0.4377543330192566,0.8819923400878906,0.7309361696243286,0.22586554288864136,0.14530453085899353,0.35480910539627075,0.25966450572013855,0.25584325194358826,4.105987548828125,100.0,,,,
DEJU_016,DEJU,2019,2.228107213973999,1.5299499034881592,1.7949384450912476,0.49835750460624695,0.711780846118927,0.9776331782341003,0.3968990445137024,0.24384938180446625,0.6307526230812073,0.5120830535888672,0.5053877830505371,3.1993727684020996,99.9964370727539,,,,
DEJU_009,DEJU,2019,3.152407169342041,1.3985544443130493,1.872887372970581,0.4446478486061096,0.8419275879859924,1.1952391862869263,0.4106580913066864,0.25318998098373413,0.5699887275695801,0.48734810948371887,0.4098755717277527,4.290590763092041,99.89393615722656,,,,
DEJU_018,DEJU,2019,3.404191732406616,1.4368000030517578,1.9955112934112549,0.5938434600830078,0.8215357661247253,0.8390626311302185,0.2671232223510742,0.17224015295505524,0.39255285263061523,0.3412334620952606,0.36039525270462036,4.098463535308838,99.99324035644531,,,,
DEJU_020,DEJU,2019,4.179704666137695,3.1992437839508057,1.9458858966827393,1.2599260807037354,0.6323940753936768,0.8258703351020813,0.2052137553691864,0.1258368045091629,0.39031460881233215,0.3409056067466736,0.4818555414676666,4.9236979484558105,99.8582992553711,,,,
DEJU_050,DEJU,2021,2.3332645893096924,1.784692406654358,1.9567561149597168,0.6304729580879211,0.6616440415382385,0.9000383019447327,0.37951791286468506,0.23423144221305847,0.6734905242919922,0.6502044796943665,0.4315909743309021,3.347072124481201,99.99949645996094,,,,
DEJU_051,DEJU,2021,2.429419994354248,2.3238420486450195,1.9609706401824951,0.8269205689430237,0.5831288695335388,0.9352219104766846,0.3809325397014618,0.23508557677268982,0.6726482510566711,0.6476331353187561,0.4296702742576599,3.488337993621826,99.99481964111328,,,,
DEJU_049,DEJU,2021,3.700878620147705,2.730534076690674,1.92044198513031,0.8665894865989685,0.6493411064147949,1.2049987316131592,0.3394107520580292,0.20204372704029083,0.6880387663841248,0.9613540768623352,0.9140364527702332,5.1831583976745605,99.07112884521484,,,,
DEJU_057,DEJU,2021,3.54858660697937,2.237220048904419,1.9138730764389038,0.8108457326889038,0.6891847848892212,1.0206125974655151,0.325642853975296,0.19730675220489502,0.6168237328529358,0.6531497240066528,0.6682255864143372,4.590390205383301,99.90111541748047,,,,
DEJU_047,DEJU,2021,3.210040330886841,2.9758076667785645,1.88447904586792,1.0197134017944336,0.5493265986442566,1.1139189004898071,0.3564777672290802,0.21956785023212433,0.6599198579788208,0.7807084918022156,0.7265946269035339,4.457729816436768,99.9238052368164,,,,
DEJU_052,DEJU,2021,2.2626070976257324,1.7114533185958862,1.9425393342971802,0.5675148367881775,0.6916499137878418,0.8775976300239563,0.3717809319496155,0.22216376662254333,0.7150418758392334,0.7662816643714905,0.47330471873283386,3.383192539215088,99.99951934814453,,,,
DEJU_045,DEJU,2021,2.216822385787964,1.570640206336975,1.9576544761657715,0.5117603540420532,0.7257912755012512,0.8545340895652771,0.36834079027175903,0.2179388701915741,0.7289908528327942,0.8332507014274597,0.46641045808792114,3.344816207885742,99.99132537841797,,,,
DEJU_056,DEJU,2021,2.8198678493499756,2.5506560802459717,1.9098604917526245,0.8709957599639893,0.5832237005233765,1.0157896280288696,0.36540064215660095,0.22116126120090485,0.6777377724647522,0.7343921065330505,0.577475905418396,4.005075454711914,99.93804931640625,,,,
DEJU_061,DEJU,2021,2.928112268447876,2.679880380630493,1.925523042678833,0.8882296681404114,0.6043604016304016,1.104379653930664,0.3742760121822357,0.2220810204744339,0.7231639623641968,0.9582810401916504,0.662685215473175,4.338432788848877,99.84374237060547,,,,
DEJU_064,DEJU,2021,2.5109546184539795,2.255955457687378,1.9447135925292969,0.7553793787956238,0.6270051002502441,0.9904417395591736,0.3817789852619171,0.22727321088314056,0.7167149782180786,0.8144320249557495,0.5214982628822327,3.7895333766937256,99.96841430664062,,,,
DEJU_054,DEJU,2021,2.37874698638916,2.1547155380249023,1.9279367923736572,0.7228169441223145,0.624693751335144,0.9054769277572632,0.36843737959861755,0.21876682341098785,0.7241607308387756,0.7822633981704712,0.4939519762992859,3.544283151626587,99.99551391601562,,,,
DEJU_060,DEJU,2021,2.611525535583496,2.778299331665039,1.9524141550064087,0.9607734084129333,0.547618567943573,1.0335283279418945,0.38850638270378113,0.2348341941833496,0.7081668376922607,0.7852290272712708,0.5270776152610779,3.86672306060791,99.99528503417969,,,,
DEJU_046,DEJU,2021,2.56445050239563,2.8643298149108887,1.946447491645813,0.9333482980728149,0.5574690699577332,1.0107920169830322,0.3775321841239929,0.22155041992664337,0.7417086362838745,0.9114941954612732,0.5755385160446167,3.9375782012939453,99.96414184570312,,,,
DEJU_055,DEJU,2021,2.796382188796997,2.736146926879883,1.9164009094238281,0.9378157258033752,0.5503462553024292,1.0317131280899048,0.36778169870376587,0.22442996501922607,0.6745582222938538,0.7644415497779846,0.6078811883926392,4.006478786468506,99.92032623291016,,,,
DEJU_063,DEJU,2021,2.8136768341064453,2.9687418937683105,1.9341918230056763,1.0320097208023071,0.533243715763092,1.047569990158081,0.3710480034351349,0.22573742270469666,0.6796694397926331,0.749867856502533,0.5699573755264282,4.0495429039001465,99.95308685302734,,,,
DEJU_059,DEJU,2021,2.4348299503326416,2.127739429473877,1.9399802684783936,0.7207162380218506,0.6351034045219421,0.9670567512512207,0.38361406326293945,0.23055347800254822,0.7083451151847839,0.7688348889350891,0.4925408959388733,3.6376047134399414,99.99383544921875,,,,
DEJU_048,DEJU,2021,2.5968563556671143,2.881216526031494,1.9463481903076172,0.981587827205658,0.5383844375610352,1.0445154905319214,0.3909779489040375,0.23345942795276642,0.7297396063804626,0.8124868869781494,0.5496146082878113,3.9024176597595215,99.98664855957031,,,,
DEJU_062,DEJU,2021,2.528848171234131,2.9772231578826904,1.939858078956604,1.0080888271331787,0.5129024982452393,0.9955073595046997,0.3824094831943512,0.22739391028881073,0.725379467010498,0.8127146363258362,0.5222399234771729,3.8039214611053467,99.9819564819336,,,,
DEJU_058,DEJU,2021,2.69111704826355,2.880845308303833,1.9248651266098022,0.9657986760139465,0.544624924659729,1.0397403240203857,0.37881559133529663,0.22568055987358093,0.7237196564674377,0.8452777862548828,0.5814176201820374,4.027611255645752,99.9521255493164,,,,
DEJU_053,DEJU,2021,2.8323721885681152,2.5032005310058594,1.956356406211853,0.8707342743873596,0.6076066493988037,1.0399870872497559,0.36247196793556213,0.22014982998371124,0.6485280394554138,0.7541139721870422,0.5811678767204285,4.044763088226318,99.9908447265625,,,,
DEJU_010,DEJU,2021,1.2556285858154297,1.2096710205078125,1.9466931819915771,0.4240563213825226,0.6508147120475769,0.3747922480106354,0.2812061309814453,0.16668656468391418,0.7166790962219238,0.4546844959259033,0.10571106523275375,1.7018054723739624,100.0,,,,
DEJU_004,DEJU,2021,0.9708713293075562,0.47807708382606506,1.989945411682129,0.16317503154277802,0.8484251499176025,0.21455077826976776,0.20115123689174652,0.1235661432147026,0.7823989987373352,0.42525431513786316,0.0766063779592514,1.2079260349273682,100.0,,,,
DEJU_003,DEJU,2021,1.386574625968933,1.527287483215332,1.8919742107391357,0.5319561958312988,0.542692244052887,0.40007317066192627,0.2793726325035095,0.16332098841667175,0.6761626601219177,0.5796966552734375,0.06489207595586777,1.904542088508606,100.0,,,,
DEJU_023,DEJU,2021,1.699205994606018,1.7858999967575073,1.9201065301895142,0.6432084441184998,0.5555989146232605,0.5328168869018555,0.29118287563323975,0.1755737066268921,0.6244149208068848,0.7191223502159119,0.3140842616558075,2.31797194480896,99.99899291992188,,,,
DEJU_008,DEJU,2021,1.2689170837402344,0.7064221501350403,2.062190294265747,0.25311848521232605,0.8175452947616577,0.334852397441864,0.24324285984039307,0.1487608402967453,0.6916564106941223,0.4947340190410614,0.06558734178543091,1.6392395496368408,100.0,,,,
DEJU_019,DEJU,2021,2.4294798374176025,2.272941827774048,1.9747521877288818,0.7801293134689331,0.6163692474365234,0.9583140015602112,0.3838058412075043,0.23153063654899597,0.7144976854324341,0.7898989915847778,0.47671112418174744,3.61323618888855,99.98993682861328,,,,
DEJU_005,DEJU,2021,1.9618170261383057,1.0148900747299194,2.0159990787506104,0.3404863476753235,0.811210572719574,0.7137659788131714,0.3229071795940399,0.19565042853355408,0.716279923915863,0.806052565574646,0.45552217960357666,2.8396849632263184,99.99262237548828,,,,
DEJU_001,DEJU,2021,1.407841444015503,0.5401440858840942,2.022608518600464,0.1855834275484085,0.8958590030670166,0.4424440860748291,0.291170209646225,0.18457455933094025,0.6717233061790466,0.32100072503089905,0.09545306861400604,1.8333665132522583,100.0,,,,
DEJU_007,DEJU,2021,1.114757776260376,0.7718939185142517,2.070777654647827,0.28567731380462646,0.769009530544281,0.2955453395843506,0.23684555292129517,0.14778394997119904,0.7295351028442383,0.33229631185531616,0.08265316486358643,1.4186185598373413,100.0,,,,
DEJU_015,DEJU,2021,1.6676403284072876,1.4316670894622803,1.9982932806015015,0.5328426957130432,0.6724584102630615,0.4969683885574341,0.2756560146808624,0.16637414693832397,0.6485844850540161,0.47960835695266724,0.314473032951355,2.197425365447998,100.0,,,,
DEJU_017,DEJU,2021,1.5493565797805786,1.3785569667816162,1.9488099813461304,0.4828386902809143,0.6539891362190247,0.5010278224945068,0.30355051159858704,0.18107293546199799,0.7058265805244446,0.597589373588562,0.2098604291677475,2.1564180850982666,100.0,,,,
DEJU_014,DEJU,2021,3.289862632751465,3.252124786376953,1.8771122694015503,1.0554313659667969,0.5267766714096069,1.206313967704773,0.3800414800643921,0.22971302270889282,0.6836216449737549,0.8478384613990784,0.7759791016578674,4.736733436584473,99.5948715209961,,,,
DEJU_006,DEJU,2021,2.7537176609039307,2.378659963607788,1.9439611434936523,0.8337003588676453,0.6172106266021729,1.0622533559799194,0.3862350285053253,0.23790515959262848,0.6807174682617188,0.7339145541191101,0.561829686164856,3.9617793560028076,99.95024871826172,,,,
DEJU_021,DEJU,2021,2.440129280090332,2.831327199935913,1.8988758325576782,0.9824268221855164,0.483451783657074,0.8214725852012634,0.33443236351013184,0.2000732421875,0.678372859954834,0.8006600737571716,0.4984349310398102,3.443164825439453,99.96875762939453,,,,
DEJU_002,DEJU,2021,1.7998995780944824,1.0442771911621094,1.9734702110290527,0.40457040071487427,0.7191419005393982,0.6153695583343506,0.32255619764328003,0.20857958495616913,0.6253617405891418,0.42986878752708435,0.2840643525123596,2.3633642196655273,100.0,,,,
DEJU_024,DEJU,2021,2.174028158187866,2.2351326942443848,2.0179474353790283,0.7888289093971252,0.6085683703422546,0.8171358108520508,0.36285167932510376,0.21635659039020538,0.6707726120948792,0.5989115238189697,0.298648864030838,3.179142713546753,100.0,,,,
DEJU_016,DEJU,2021,2.0886693000793457,1.8247319459915161,1.96942138671875,0.613341212272644,0.6622387170791626,0.8718906044960022,0.3898400068283081,0.2350366711616516,0.7398578524589539,0.7942717671394348,0.40548884868621826,3.1989808082580566,99.99933624267578,,,,
DEJU_009,DEJU,2021,2.2085819244384766,1.8164238929748535,1.9499317407608032,0.5963905453681946,0.6848394274711609,0.8931798338890076,0.3795051574707031,0.2267950028181076,0.7457451224327087,0.8536195755004883,0.45936062932014465,3.3650262355804443,99.9426040649414,,,,
DEJU_018,DEJU,2021,2.303884983062744,2.036868095397949,2.0040056705474854,0.7211036682128906,0.6455536484718323,0.9041429162025452,0.3811805248260498,0.23302073776721954,0.6830553412437439,0.6675720810890198,0.38890525698661804,3.368853807449341,99.99651336669922,,,,
DEJU_020,DEJU,2021,3.057804584503174,3.905573606491089,1.8631545305252075,1.311911940574646,0.42483195662498474,1.1349045038223267,0.3693472743034363,0.2185175120830536,0.721269428730011,0.8581464886665344,0.6920009255409241,4.494781494140625,99.91190338134766,,,,
DEJU_050,DEJU,2023,2.4371728897094727,1.6961132287979126,2.0064921379089355,0.5712311863899231,0.7220432162284851,0.8161864280700684,0.3293164074420929,0.19578464329242706,0.6186715364456177,0.6358813643455505,0.45101431012153625,3.3903231620788574,99.99967193603516,0.650058388710022,0.3255722224712372,0.5872802138328552,0.3145802617073059
DEJU_051,DEJU,2023,2.527662515640259,2.2887613773345947,2.05486798286438,0.7782912850379944,0.6562747359275818,0.850621223449707,0.33348673582077026,0.19757837057113647,0.6305649876594543,0.6416910290718079,0.43128105998039246,3.545928716659546,99.9908218383789,0.674898087978363,0.265655368566513,0.626636266708374,0.2672752737998962
DEJU_049,DEJU,2023,3.8013479709625244,2.622938394546509,1.9005210399627686,0.7949188947677612,0.6910059452056885,1.0040754079818726,0.28293314576148987,0.16434192657470703,0.6110125184059143,0.803895115852356,0.8843410015106201,5.0267486572265625,98.897216796875,0.798705518245697,0.431854635477066,0.7685986757278442,0.4147974252700805
DEJU_057,DEJU,2023,3.216524839401245,2.299147844314575,1.8558708429336548,0.7498658299446106,0.7107285857200623,0.7810947299003601,0.2751350402832031,0.1530614048242569,0.5949854850769043,0.6335819363594055,0.6975843906402588,4.114786148071289,99.74758911132812,0.8428004384040833,0.533396303653717,0.8194732666015625,0.4992448985576629
DEJU_047,DEJU,2023,3.256720781326294,2.982234001159668,1.922853708267212,0.9597066044807434,0.6008507013320923,0.9338251948356628,0.2937593162059784,0.17118783295154572,0.6229974627494812,0.749035656452179,0.7553789615631104,4.389068603515625,99.91119384765625,0.7286325097084045,0.2715002298355102,0.7041759490966797,0.2734442949295044
DEJU_052,DEJU,2023,2.2324390411376953,1.7460004091262817,1.9489248991012573,0.5356484651565552,0.7099564671516418,0.747812807559967,0.316003680229187,0.1811702996492386,0.6818845868110657,0.770332396030426,0.5717760324478149,3.2348215579986572,99.99949645996094,0.6871616840362549,0.4013556540012359,0.6248427033424377,0.3820559978485107
DEJU_045,DEJU,2023,2.2785561084747314,1.5488373041152954,1.982121467590332,0.4786743223667145,0.7564020156860352,0.78151535987854,0.33049675822257996,0.19116875529289246,0.691268801689148,0.8092593550682068,0.5228346586227417,3.317112445831299,99.98699951171875,0.6573489308357239,0.3898445069789886,0.5829282999038696,0.3726434111595154
DEJU_056,DEJU,2023,2.9195919036865234,2.4911863803863525,1.9488064050674438,0.7881853580474854,0.6364660263061523,0.8967444896697998,0.3154105842113495,0.18025165796279907,0.6590553522109985,0.8048895001411438,0.7037347555160522,4.070007801055908,99.92595672607422,0.5844172239303589,0.3064448833465576,0.5217837691307068,0.2920657694339752
DEJU_061,DEJU,2023,3.100101947784424,2.625765800476074,1.9661366939544678,0.8380149006843567,0.6503357887268066,0.9971186518669128,0.3289167582988739,0.19056737422943115,0.6825664639472961,0.9130669832229614,0.7144529819488525,4.388125896453857,99.78943634033203,0.67799973487854,0.3286954462528229,0.6258077621459961,0.3202739357948303
DEJU_064,DEJU,2023,2.6690478324890137,2.141232967376709,1.9883791208267212,0.6919538974761963,0.6812352538108826,0.915073573589325,0.334523469209671,0.19443698227405548,0.6654356718063354,0.7898213267326355,0.5808233022689819,3.8392107486724854,99.96688079833984,0.6653996706008911,0.3166974782943725,0.6060909628868103,0.3109813034534454
DEJU_054,DEJU,2023,2.4613418579101562,2.1461892127990723,1.9884748458862305,0.6852864027023315,0.6731272339820862,0.8035077452659607,0.3169632852077484,0.18149827420711517,0.6784934401512146,0.7738925218582153,0.5576098561286926,3.5430665016174316,99.99332427978516,0.7162097096443176,0.3188784718513489,0.678360641002655,0.3142448663711548
DEJU_060,DEJU,2023,2.7229888439178467,2.7334282398223877,2.0392048358917236,0.8998293280601501,0.6128484010696411,0.9325396418571472,0.33788999915122986,0.19601114094257355,0.663567304611206,0.7915576696395874,0.5552611947059631,3.9030425548553467,99.99103546142578,0.6952667236328125,0.2426284700632095,0.6593450903892517,0.247696191072464
DEJU_046,DEJU,2023,2.713360548019409,2.765167474746704,1.9973760843276978,0.8723331689834595,0.6080097556114197,0.9192655086517334,0.3294212222099304,0.18856041133403778,0.6880772709846497,0.8958872556686401,0.6501220464706421,3.9528968334198,99.95011138916016,0.6590453386306763,0.3028492033481598,0.5988034009933472,0.2990871667861938
DEJU_055,DEJU,2023,2.9262306690216064,2.628998041152954,1.9655582904815674,0.8469861149787903,0.6111631989479065,0.9207435846328735,0.3155011236667633,0.18542954325675964,0.6184853911399841,0.7210999131202698,0.6468535661697388,4.037083148956299,99.91649627685547,0.6817936897277832,0.2713718116283417,0.6395145058631897,0.2718259394168854
DEJU_063,DEJU,2023,2.991236448287964,2.8260679244995117,2.0277531147003174,0.9616644978523254,0.6134757399559021,0.9397214651107788,0.3177275061607361,0.1885794848203659,0.6042349934577942,0.6746737957000732,0.5457364320755005,4.081150531768799,99.95158386230469,0.6631805300712585,0.2506933212280273,0.6177420616149902,0.2528795897960663
DEJU_059,DEJU,2023,2.5526950359344482,2.0339884757995605,2.007878065109253,0.6620243787765503,0.6998555064201355,0.8940500617027283,0.339043527841568,0.1975378394126892,0.6782793998718262,0.7865163683891296,0.5295851230621338,3.7091917991638184,99.98775482177734,0.620431661605835,0.313310444355011,0.5539065599441528,0.3035144209861755
DEJU_048,DEJU,2023,2.7065701484680176,2.853924512863159,2.0153446197509766,0.9418423175811768,0.5931440591812134,0.9374966025352478,0.33811691403388977,0.19540363550186157,0.6812673211097717,0.8095932006835938,0.5872151851654053,3.9043989181518555,99.97917938232422,0.7087525129318237,0.2410934716463089,0.6822994947433472,0.2459032237529754
DEJU_062,DEJU,2023,2.6706061363220215,2.948347330093384,2.016719102859497,0.9681771397590637,0.5687834620475769,0.9055820107460022,0.3315487205982208,0.1915026158094406,0.6794441938400269,0.8100091218948364,0.5705464482307434,3.8445050716400146,99.97745513916016,0.6925581097602844,0.2415588796138763,0.66217041015625,0.2454830259084701
DEJU_058,DEJU,2023,2.863400936126709,2.825920343399048,1.9970433712005615,0.9090850353240967,0.6043864488601685,0.9377689361572266,0.3238027095794678,0.18693602085113525,0.6667479872703552,0.8148593306541443,0.6495236158370972,4.077286720275879,99.95248413085938,0.6968503594398499,0.246898666024208,0.6631053686141968,0.2510443925857544
DEJU_053,DEJU,2023,2.8779873847961426,2.4642257690429688,2.0176148414611816,0.8042141199111938,0.6702324151992798,0.9057120680809021,0.310347318649292,0.1781952828168869,0.614955723285675,0.7525119781494141,0.5780673027038574,4.032998561859131,99.99054718017578,0.697642982006073,0.2552286386489868,0.6603749394416809,0.2589216530323028
DEJU_010,DEJU,2023,1.196018934249878,1.1482408046722412,1.9255492687225342,0.3733745515346527,0.6641579270362854,0.312348335981369,0.24889278411865234,0.14354710280895233,0.7124523520469666,0.37561190128326416,0.11824706196784973,1.5906275510787964,100.0,0.8362257480621338,0.5041584372520447,0.8134366869926453,0.4761699438095093
DEJU_004,DEJU,2023,1.0262364149093628,0.4690733253955841,1.9247071743011475,0.12939128279685974,0.889208972454071,0.24261941015720367,0.21861010789871216,0.1290212720632553,0.7012923955917358,0.508935272693634,0.11621654778718948,1.3153237104415894,100.0,0.8063039779663086,0.5079019069671631,0.7688542008399963,0.4784843623638153
DEJU_003,DEJU,2023,1.4661128520965576,1.601287841796875,1.8725966215133667,0.5158013701438904,0.5272451639175415,0.38049501180648804,0.25505805015563965,0.1456359177827835,0.6421274542808533,0.5569969415664673,0.08552301675081253,1.974717140197754,100.0,0.8396441340446472,0.5298036336898804,0.8168420791625977,0.4949836134910583
DEJU_023,DEJU,2023,1.6239571571350098,1.771083950996399,1.9308621883392334,0.5713962316513062,0.5962117910385132,0.4711059629917145,0.27324262261390686,0.1564321368932724,0.6688070297241211,0.7134926915168762,0.3737953007221222,2.2375214099884033,99.99809265136719,0.7768920063972473,0.3786460757255554,0.7595534920692444,0.3659564256668091
DEJU_008,DEJU,2023,1.2309314012527466,0.5746177434921265,2.0692780017852783,0.17209069430828094,0.8977406024932861,0.303594172000885,0.23928678035736084,0.14272363483905792,0.6245957612991333,0.40782803297042847,0.04939233139157295,1.5718399286270142,100.0,0.7034388184547424,0.4297873377799988,0.6404041647911072,0.4077513217926025
DEJU_019,DEJU,2023,2.528048515319824,2.277771472930908,2.0471901893615723,0.7443886995315552,0.6701818704605103,0.8700140714645386,0.3349965214729309,0.19494284689426422,0.6827347874641418,0.8018327951431274,0.5113867521286011,3.653348207473755,99.98402404785156,0.6800351142883301,0.3057764768600464,0.6245167255401611,0.3033590316772461
DEJU_005,DEJU,2023,1.9673271179199219,0.8706297874450684,2.0081207752227783,0.2566174268722534,0.8660880923271179,0.6475319862365723,0.2960188686847687,0.17411498725414276,0.7025671005249023,0.8292795419692993,0.5703346133232117,2.8001596927642822,99.99369049072266,0.6779205799102783,0.3880679309368133,0.6076470017433167,0.3735661804676056
DEJU_001,DEJU,2023,1.094178318977356,0.4108727276325226,1.947951078414917,0.10328160226345062,0.9308466911315918,0.2948535084724426,0.2550032138824463,0.15254409611225128,0.7425073385238647,0.4611319601535797,0.06352601945400238,1.4491057395935059,100.0,0.7033381462097168,0.41654172539711,0.6440247893333435,0.3961947560310364
DEJU_007,DEJU,2023,1.0133068561553955,0.6627130508422852,2.031120777130127,0.2033795416355133,0.8338009119033813,0.23745331168174744,0.22128432989120483,0.13323856890201569,0.7150590419769287,0.4308731257915497,0.09081753343343735,1.2837380170822144,100.0,0.6865596771240234,0.3811245858669281,0.6502224206924438,0.3596106171607971
DEJU_015,DEJU,2023,1.511199951171875,1.3789470195770264,1.9166215658187866,0.4599548578262329,0.6967874765396118,0.4142042100429535,0.26177793741226196,0.15017570555210114,0.6527819633483887,0.41883423924446106,0.2984076738357544,1.9948276281356812,100.0,0.8265988826751709,0.5103241801261902,0.7947354316711426,0.4816684126853943
DEJU_017,DEJU,2023,1.5931411981582642,1.3685470819473267,1.972059726715088,0.4362950026988983,0.6903038024902344,0.4485013484954834,0.26898184418678284,0.1542508602142334,0.658431887626648,0.551089346408844,0.2700175940990448,2.1703715324401855,100.0,0.6282991170883179,0.3004106879234314,0.584600031375885,0.2900334894657135
DEJU_014,DEJU,2023,3.4544293880462646,3.1810412406921387,1.899738073348999,0.972263514995575,0.5797224640846252,1.0839368104934692,0.3294990360736847,0.19158954918384552,0.6420610547065735,0.8036364316940308,0.8265784978866577,4.817148685455322,99.55670166015625,0.7980145812034607,0.3310078978538513,0.797183096408844,0.3255155980587005
DEJU_006,DEJU,2023,2.947273015975952,2.1349847316741943,1.9684313535690308,0.7535709738731384,0.676158607006073,0.9639556407928467,0.3348367512226105,0.20612645149230957,0.5737795829772949,0.5503997206687927,0.5007246732711792,3.9436147212982178,99.93598175048828,0.7013275027275085,0.3317326605319977,0.6491841077804565,0.3258706927299499
DEJU_021,DEJU,2023,2.5212268829345703,2.9277493953704834,1.9563634395599365,0.9669418334960938,0.5193828344345093,0.7256279587745667,0.29216381907463074,0.16734252870082855,0.6476607918739319,0.7550376653671265,0.542917788028717,3.4536001682281494,99.9386978149414,0.6988704204559326,0.2659412026405334,0.652133584022522,0.2700770795345306
DEJU_002,DEJU,2023,1.6765414476394653,0.9405998587608337,2.0136032104492188,0.3175308406352997,0.8247289061546326,0.44795525074005127,0.2517782747745514,0.1491209715604782,0.5682594180107117,0.4681674540042877,0.24387012422084808,2.1888632774353027,100.0,0.7154290676116943,0.3954658210277557,0.6762915253639221,0.3762969374656677
DEJU_024,DEJU,2023,2.287916421890259,2.083645820617676,2.119553804397583,0.7184538841247559,0.6891681551933289,0.7402278780937195,0.3139619827270508,0.18217848241329193,0.5975955128669739,0.5515276193618774,0.2970634698867798,3.1780059337615967,100.0,0.6752285957336426,0.3061380088329315,0.6171407103538513,0.3037044107913971
DEJU_016,DEJU,2023,2.127866268157959,1.8643416166305542,1.989078164100647,0.582758903503418,0.7008700966835022,0.8105807304382324,0.3559280335903168,0.20734253525733948,0.7057661414146423,0.8042597770690918,0.45325765013694763,3.214620351791382,99.99747467041016,0.7472786903381348,0.3274879455566406,0.7034414410591125,0.3269675374031067
DEJU_009,DEJU,2023,2.272775888442993,1.8005547523498535,1.9627983570098877,0.5553568005561829,0.7259451150894165,0.8146012425422668,0.3368348181247711,0.19457027316093445,0.7044860124588013,0.8403229713439941,0.5077837109565735,3.3645801544189453,99.92854309082031,0.7434114813804626,0.3259459733963012,0.6979363560676575,0.3256058096885681
DEJU_018,DEJU,2023,2.317385196685791,1.9994633197784424,2.070748805999756,0.6675298810005188,0.7031391263008118,0.7888144254684448,0.3329247832298279,0.19514045119285583,0.6319559812545776,0.6140621900558472,0.3694370687007904,3.2873971462249756,99.99593353271484,0.706638514995575,0.3166667222976684,0.6522470116615295,0.3154724538326263
DEJU_020,DEJU,2023,3.3004610538482666,3.8837690353393555,1.9163049459457397,1.2465386390686035,0.47395721077919006,0.9859803915023804,0.30498722195625305,0.17417173087596893,0.6517343521118164,0.8092764616012573,0.8019522428512573,4.541031360626221,99.85867309570312,0.7049726247787476,0.2561111748218536,0.6696352958679199,0.2602338492870331
DEJU_050,DEJU,2024,2.322906255722046,1.8061362504959106,2.0346598625183105,0.596144437789917,0.719077467918396,0.6864398121833801,0.2777598798274994,0.15439645946025848,0.5900144577026367,0.661339521408081,0.447899729013443,3.2951767444610596,99.99859619140625,0.64516681432724,0.3187372088432312,0.5918343663215637,0.3057954907417297
DEJU_051,DEJU,2024,2.406463146209717,2.387298107147217,2.047039747238159,0.7801440358161926,0.6430339813232422,0.7204806804656982,0.2848707437515259,0.15769435465335846,0.5995877981185913,0.696043848991394,0.4548880159854889,3.439392566680908,99.99068450927734,0.6757327914237976,0.2662877738475799,0.6357461810112,0.2662269175052643
DEJU_049,DEJU,2024,3.379077196121216,2.7883758544921875,1.9018447399139404,0.8190802335739136,0.6726030707359314,0.8555163145065308,0.24518655240535736,0.1339941769838333,0.6039928197860718,0.9100542664527893,0.9826933145523071,4.5810866355896,98.8702621459961,0.8035200238227844,0.4453019499778747,0.780117392539978,0.4236071109771728
DEJU_057,DEJU,2024,2.8253538608551025,2.4255597591400146,1.838735580444336,0.774813711643219,0.6875727772712708,0.7224087715148926,0.26121607422828674,0.13742586970329285,0.6017686724662781,0.7021042108535767,0.690527617931366,3.762289524078369,99.77549743652344,0.847075343132019,0.5557811856269836,0.8306518793106079,0.5132409334182739
DEJU_047,DEJU,2024,3.086289882659912,3.1261632442474365,1.8917721509933472,0.9715430736541748,0.5802674889564514,0.8462570309638977,0.2672501504421234,0.14700374007225037,0.6157861948013306,0.8400686979293823,0.8400074243545532,4.278255462646484,99.90499114990234,0.7294058203697205,0.2799446582794189,0.7041683793067932,0.2803367078304291
DEJU_052,DEJU,2024,2.1059560775756836,1.8713818788528442,1.9543980360031128,0.5670551061630249,0.6943974494934082,0.6695916056632996,0.2837298512458801,0.15683165192604065,0.6656278967857361,0.8047950863838196,0.5668045282363892,3.1092662811279297,99.99891662597656,0.6770409941673279,0.3910483121871948,0.6204237341880798,0.3703781366348266
DEJU_045,DEJU,2024,2.1432855129241943,1.647795557975769,1.9884694814682007,0.49646109342575073,0.7472336888313293,0.680391252040863,0.2902386784553528,0.1603921502828598,0.6656574606895447,0.824569582939148,0.526159405708313,3.158421516418457,99.98503875732422,0.6540070176124573,0.3889273107051849,0.5894899964332581,0.3676460981369018
DEJU_056,DEJU,2024,2.845183849334717,2.5745954513549805,1.9679986238479614,0.8183481693267822,0.6355019807815552,0.8001533150672913,0.2796646058559418,0.15393178164958954,0.6139690279960632,0.771934449672699,0.6554873585700989,3.9740712642669678,99.91117858886719,0.5794855356216431,0.2961067259311676,0.5326242446899414,0.2792946994304657
DEJU_061,DEJU,2024,2.9368748664855957,2.806856393814087,1.9846601486206055,0.8615318536758423,0.6377177238464355,0.8885535597801208,0.2955416440963745,0.16272062063217163,0.6562129855155945,0.9504204392433167,0.7371909022331238,4.22369909286499,99.78131103515625,0.6792935132980347,0.3264874517917633,0.6439294815063477,0.3143965601921081
DEJU_064,DEJU,2024,2.562572717666626,2.338489055633545,1.9952118396759033,0.7296963334083557,0.6661248207092285,0.8004419803619385,0.29389381408691406,0.16193585097789764,0.6242698431015015,0.8030227422714233,0.5941994786262512,3.7400355339050293,99.95640563964844,0.665917158126831,0.3189279437065124,0.6184707880020142,0.3096824586391449
DEJU_054,DEJU,2024,2.376007318496704,2.2448153495788574,1.9974578619003296,0.7034195065498352,0.6602401733398438,0.7435880303382874,0.2937472462654114,0.16253919899463654,0.6625573039054871,0.8031274676322937,0.5570831894874573,3.4787371158599854,99.9919204711914,0.6920576691627502,0.3081715404987335,0.6571698188781738,0.301638126373291
DEJU_060,DEJU,2024,2.5861101150512695,2.9220712184906006,2.0509650707244873,0.928175151348114,0.5998520255088806,0.8368139863014221,0.30607372522354126,0.16875006258487701,0.6551564931869507,0.849561870098114,0.5533713102340698,3.811168670654297,99.99039459228516,0.6974081993103027,0.2458959817886352,0.6731482744216919,0.2489644587039947
DEJU_046,DEJU,2024,2.606600284576416,2.899813413619995,2.016777276992798,0.9029285311698914,0.6006128787994385,0.8441601991653442,0.30191344022750854,0.16670051217079163,0.6638511419296265,0.9219689965248108,0.6408831477165222,3.866813898086548,99.95083618164062,0.6653821468353271,0.3014544248580932,0.6258623600006104,0.293745756149292
DEJU_055,DEJU,2024,2.731016159057617,2.8580374717712402,1.9762063026428223,0.8815131187438965,0.5960081219673157,0.8025999069213867,0.2805700898170471,0.1544361263513565,0.6137164235115051,0.818799614906311,0.6900453567504883,3.898874044418335,99.92092895507812,0.6880274415016174,0.2732291221618652,0.6604607701301575,0.2710675597190857
DEJU_063,DEJU,2024,2.840402603149414,3.0357108116149902,2.0258278846740723,0.9825512766838074,0.591914176940918,0.8277214765548706,0.28188490867614746,0.15558531880378723,0.6065240502357483,0.7825928330421448,0.614646852016449,4.010076999664307,99.9536361694336,0.6651223301887512,0.2501291334629059,0.6297677755355835,0.2507087886333465
DEJU_059,DEJU,2024,2.4365806579589844,2.1892402172088623,2.0316717624664307,0.6856002807617188,0.6894871592521667,0.7857261300086975,0.2994409203529358,0.16554440557956696,0.6448433995246887,0.8191415071487427,0.5226438045501709,3.598090171813965,99.99422454833984,0.6108109951019287,0.3100251257419586,0.5562505125999451,0.296234667301178
DEJU_048,DEJU,2024,2.5963101387023926,3.0743024349212646,2.0400562286376953,0.97488933801651,0.5787544846534729,0.8571240901947021,0.3116401433944702,0.17144447565078735,0.6674318909645081,0.865073561668396,0.5869104862213135,3.845423460006714,99.97984313964844,0.7146883606910706,0.248012438416481,0.7069799304008484,0.2498336732387542
DEJU_062,DEJU,2024,2.563495635986328,3.1553356647491455,2.0340263843536377,1.0024316310882568,0.553809404373169,0.8317134976387024,0.30665749311447144,0.16939117014408112,0.671608030796051,0.8586347699165344,0.5811823606491089,3.7950143814086914,99.97579193115234,0.6965228319168091,0.2478644698858261,0.6826834082603455,0.2487253546714782
DEJU_058,DEJU,2024,2.737058162689209,3.0128390789031982,2.0045526027679443,0.9388198256492615,0.5851866602897644,0.8538833260536194,0.2981993854045868,0.16456131637096405,0.6567973494529724,0.8681412935256958,0.6727975010871887,3.9900877475738525,99.94892883300781,0.6967269778251648,0.2510999143123626,0.6705414652824402,0.2533586919307709
DEJU_053,DEJU,2024,2.7682886123657227,2.529397964477539,1.9953199625015259,0.8285385370254517,0.6538564562797546,0.7955407500267029,0.2727712094783783,0.1501733362674713,0.5711627006530762,0.7537998557090759,0.5547537803649902,3.8895018100738525,99.98819732666016,0.6967548727989197,0.2528889775276184,0.6545203924179077,0.2574847638607025
DEJU_010,DEJU,2024,1.1683486700057983,1.2468546628952026,1.9557099342346191,0.39005154371261597,0.6591432094573975,0.2706155478954315,0.21418549120426178,0.11683119833469391,0.6852753162384033,0.41329240798950195,0.12991558015346527,1.5660721063613892,100.0,0.8224023580551147,0.4934045672416687,0.8170101046562195,0.4587921798229217
DEJU_004,DEJU,2024,0.9631878733634949,0.5466920733451843,1.925837516784668,0.1538533866405487,0.8645486831665039,0.17960000038146973,0.16351571679115295,0.09037351608276367,0.6665627956390381,0.5322320461273193,0.1021556407213211,1.2162476778030396,100.0,0.781379759311676,0.4832215905189514,0.7524644136428833,0.4513037800788879
DEJU_003,DEJU,2024,1.456658959388733,1.6674890518188477,1.887359857559204,0.5383583903312683,0.5203486084938049,0.34767699241638184,0.22820691764354706,0.12588436901569366,0.6154893040657043,0.5551088452339172,0.09773993492126465,1.9680705070495605,100.0,0.8317109942436218,0.5226834416389465,0.8250772356987,0.4813786149024963
DEJU_023,DEJU,2024,1.561650037765503,1.79531991481781,1.935487151145935,0.5693426132202148,0.5947624444961548,0.41845014691352844,0.2405899316072464,0.13188502192497253,0.6470017433166504,0.7406874895095825,0.38820338249206543,2.1724331378936768,99.99679565429688,0.7604525089263916,0.3632792234420776,0.7444034218788147,0.3506217896938324
DEJU_008,DEJU,2024,1.138580083847046,0.7388086318969727,2.0666580200195312,0.22427694499492645,0.8481630682945251,0.24122650921344757,0.19436338543891907,0.10718610137701035,0.6348928809165955,0.49936169385910034,0.0514838807284832,1.4755840301513672,100.0,0.6951146125793457,0.428423523902893,0.6433870196342468,0.4006654322147369
DEJU_019,DEJU,2024,2.41585636138916,2.4611799716949463,2.0850393772125244,0.7821176052093506,0.6579968929290771,0.7675194144248962,0.29683610796928406,0.16453427076339722,0.6495144367218018,0.8352018594741821,0.5064605474472046,3.5454251766204834,99.98542785644531,0.6852138042449951,0.3045283854007721,0.6583125591278076,0.2967253923416137
DEJU_005,DEJU,2024,1.6122177839279175,1.0361714363098145,2.031111001968384,0.29430443048477173,0.840526282787323,0.4586885869503021,0.22680746018886566,0.12505289912223816,0.6789309978485107,0.8908413052558899,0.5458340048789978,2.300961971282959,99.99121856689453,0.6802427172660828,0.4067416489124298,0.6320202350616455,0.3801126480102539
DEJU_001,DEJU,2024,1.049017310142517,0.5333304405212402,1.9451693296432495,0.1351688802242279,0.9074808359146118,0.21840731799602509,0.19064626097679138,0.10560702532529831,0.6786357760429382,0.3898254930973053,0.06567488610744476,1.3741254806518555,100.0,0.702224850654602,0.4235095381736755,0.6518754959106445,0.3977629542350769
DEJU_007,DEJU,2024,0.9807132482528687,0.8464776277542114,2.0342538356781006,0.25867152214050293,0.7791160345077515,0.19692787528038025,0.18331290781497955,0.10151523351669312,0.6992625594139099,0.38824084401130676,0.06858553737401962,1.2703937292099,100.0,0.7139893770217896,0.4017364680767059,0.6731371879577637,0.3807140290737152
DEJU_015,DEJU,2024,1.4037572145462036,1.4684683084487915,1.8786647319793701,0.4742129147052765,0.6712711453437805,0.3573402166366577,0.22703659534454346,0.12250076234340668,0.6473233103752136,0.4670102894306183,0.3058900535106659,1.8981856107711792,99.99958038330078,0.8212746381759644,0.513695240020752,0.7952454686164856,0.4807156324386596
DEJU_017,DEJU,2024,1.5229523181915283,1.461520791053772,1.9708013534545898,0.4611164927482605,0.6744474768638611,0.40879127383232117,0.24523818492889404,0.13525064289569855,0.6511374711990356,0.6189655065536499,0.2606561779975891,2.121703863143921,100.0,0.6047102212905884,0.2911426126956939,0.5380924940109253,0.2836338877677917
DEJU_014,DEJU,2024,3.3674254417419434,3.341953754425049,1.8958172798156738,0.982265055179596,0.5710244178771973,0.9567061066627502,0.2890795171260834,0.15890896320343018,0.6140010356903076,0.842187225818634,0.9124863147735596,4.7432050704956055,99.51245880126953,0.7755073308944702,0.3374688327312469,0.7947636842727661,0.3253278136253357
DEJU_006,DEJU,2024,2.667092800140381,2.403721332550049,2.001025438308716,0.7695457339286804,0.6708508729934692,0.781950056552887,0.28297847509384155,0.1549166440963745,0.5966081023216248,0.751804769039154,0.5837113261222839,3.7589941024780273,99.93744659423828,0.6900863647460938,0.344677060842514,0.6570991277694702,0.330371618270874
DEJU_021,DEJU,2024,2.534677028656006,2.9423601627349854,1.9422813653945923,0.9741854071617126,0.5139237642288208,0.6483811140060425,0.25524207949638367,0.1410914659500122,0.5839342474937439,0.6986286044120789,0.5359827280044556,3.427957057952881,99.93441772460938,0.6960549354553223,0.2646915018558502,0.6554796695709229,0.2676464319229126
DEJU_002,DEJU,2024,1.494014024734497,1.0494394302368164,1.989574670791626,0.3579100966453552,0.7846855521202087,0.3377866744995117,0.1939772665500641,0.10704009979963303,0.5516774654388428,0.47287818789482117,0.2470993995666504,1.9454022645950317,100.0,0.7062886953353882,0.3959941565990448,0.6618384122848511,0.3765994012355804
DEJU_024,DEJU,2024,2.214163303375244,2.1868112087249756,2.0863637924194336,0.7515406012535095,0.6629209518432617,0.6326062679290771,0.27023741602897644,0.14884787797927856,0.5457068681716919,0.5567733645439148,0.301435261964798,3.084925889968872,100.0,0.6675254702568054,0.3113737404346466,0.6018721461296082,0.3084436953067779
DEJU_016,DEJU,2024,2.0138235092163086,2.0023491382598877,1.965172529220581,0.6032571196556091,0.6837778687477112,0.6919225454330444,0.304245263338089,0.16764141619205475,0.6828921437263489,0.8258875608444214,0.46737244725227356,3.075827121734619,99.99787902832031,0.7391307950019836,0.3452346324920654,0.7049853801727295,0.3382134437561035
DEJU_009,DEJU,2024,2.1455798149108887,1.9481171369552612,1.975851058959961,0.5857499241828918,0.7146468162536621,0.7192617058753967,0.2973301112651825,0.16458013653755188,0.6769082546234131,0.8713817596435547,0.5191821455955505,3.2257628440856934,99.92810821533203,0.7477532625198364,0.3329639136791229,0.7186976075172424,0.3279266953468323
DEJU_018,DEJU,2024,2.2375500202178955,2.0622475147247314,2.054405689239502,0.683407187461853,0.6968796849250793,0.6684703826904297,0.2773135304450989,0.15278618037700653,0.5790823101997375,0.6440182328224182,0.3739056885242462,3.1833815574645996,99.9974594116211,0.7256633639335632,0.3338177800178528,0.6911826133728027,0.3272088766098022
DEJU_020,DEJU,2024,3.198664665222168,4.1456685066223145,1.9171489477157593,1.2976940870285034,0.45310211181640625,0.9527145028114319,0.2954290211200714,0.16192789375782013,0.6624587774276733,0.8747987747192383,0.8199148774147034,4.550207138061523,99.85086059570312,0.6905696988105774,0.2624638974666595,0.6476837992668152,0.2654736936092376
DEJU_050,DEJU,2025,2.3404972553253174,1.8151193857192993,2.009227991104126,0.5975151062011719,0.7073881030082703,0.8080737590789795,0.3343925178050995,0.194360613822937,0.6704474091529846,0.7191539406776428,0.4368824064731598,3.3843131065368652,99.999755859375,0.6482376456260681,0.3136047720909118,0.6366286873817444,0.2934426963329315
DEJU_051,DEJU,2025,4.19778299331665,4.452110767364502,1.9315599203109741,1.0382683277130127,0.550733745098114,1.1957215070724487,0.33856862783432007,0.1906747967004776,0.6376844644546509,0.7767232656478882,0.7273119688034058,5.752379894256592,93.01500701904297,0.670678436756134,0.2508725523948669,0.6812698245048523,0.2464364916086197
DEJU_049,DEJU,2025,3.6015307903289795,2.7748725414276123,1.9012367725372314,0.8664422035217285,0.665809154510498,1.1618157625198364,0.32807686924934387,0.1898450255393982,0.6803328990936279,0.9977661371231079,0.8832793235778809,5.063776016235352,99.07386779785156,0.7984276413917542,0.4272098839282989,0.8016468286514282,0.4024895131587982
DEJU_057,DEJU,2025,3.104619264602661,2.422562599182129,1.8578903675079346,0.8338701128959656,0.6848766803741455,0.9843767285346985,0.3279365003108978,0.18349331617355347,0.6631842255592346,0.806484580039978,0.6474430561065674,4.2378387451171875,99.7591552734375,0.8525972962379456,0.5555912256240845,0.8569902181625366,0.506279706954956
DEJU_047,DEJU,2025,3.061800241470337,3.0796070098876953,1.8841593265533447,0.9971957802772522,0.5637209415435791,1.0194284915924072,0.33096086978912354,0.19293957948684692,0.6803882122039795,0.8539978861808777,0.760107696056366,4.353396415710449,99.9141616821289,0.7325615286827087,0.2717190682888031,0.7587619423866272,0.2675870656967163
DEJU_052,DEJU,2025,2.1923723220825195,1.8187174797058105,1.941122055053711,0.5713883638381958,0.6869786381721497,0.7806006669998169,0.33534741401672363,0.19508087635040283,0.7096712589263916,0.783721923828125,0.5359309315681458,3.239544153213501,99.9991683959961,0.6927034854888916,0.3914177119731903,0.6713129281997681,0.3634225726127624
DEJU_045,DEJU,2025,2.2593324184417725,1.6174845695495605,1.9755887985229492,0.5050821900367737,0.7416512966156006,0.8280017971992493,0.34458300471305847,0.20090356469154358,0.7042694687843323,0.8084993362426758,0.5009693503379822,3.36112642288208,99.98247528076172,0.6714725494384766,0.3935220539569855,0.6419228315353394,0.3637186288833618
DEJU_056,DEJU,2025,7.905752182006836,11.603922843933105,2.087008476257324,3.2056267261505127,0.5475365519523621,4.037765026092529,0.5100350975990295,0.2524803578853607,0.5882295966148376,0.9499915242195129,0.8293769359588623,13.711505889892578,91.3386459350586,0.5922630429267883,0.2976718842983246,0.578927755355835,0.2757350206375122
DEJU_061,DEJU,2025,2.991474151611328,2.783038377761841,1.955489993095398,0.8799761533737183,0.6271089911460876,1.0292718410491943,0.3418215215206146,0.19660703837871552,0.7069445252418518,0.9786049127578735,0.7017756700515747,4.371755599975586,99.79401397705078,0.6897328495979309,0.3224696815013885,0.6906172633171082,0.3061799705028534
DEJU_064,DEJU,2025,2.5419013500213623,2.302954912185669,1.9821292161941528,0.7370912432670593,0.6537490487098694,0.922296404838562,0.3496847152709961,0.20232278108596802,0.7012481093406677,0.8417492508888245,0.5511759519577026,3.7988121509552,99.96582794189453,0.6695353984832764,0.3086695671081543,0.6666386723518372,0.2940858006477356
DEJU_054,DEJU,2025,2.416264057159424,2.192784309387207,1.9656739234924316,0.7070505619049072,0.6484095454216003,0.8432468771934509,0.33661574125289917,0.19496271014213562,0.6992858052253723,0.7890921235084534,0.5365612506866455,3.541663885116577,99.9935302734375,0.7057353854179382,0.3059931993484497,0.7072426080703735,0.2958267033100128
DEJU_060,DEJU,2025,6.298579216003418,6.961939334869385,1.8808242082595825,1.3543394804000854,0.4738970994949341,1.4912185668945312,0.3263143002986908,0.1772063821554184,0.6286612153053284,0.9178222417831421,1.057900309562683,8.175113677978516,85.29926300048828,0.6864111423492432,0.2278972417116165,0.7148803472518921,0.2273100167512893
DEJU_046,DEJU,2025,2.649789571762085,2.902602434158325,1.9878207445144653,0.9186668395996094,0.584443986415863,0.9391727447509766,0.34180426597595215,0.1956111490726471,0.7012393474578857,0.9004631042480469,0.6126311421394348,3.9439401626586914,99.95286560058594,0.6701198220252991,0.2940841615200043,0.678881824016571,0.2813525795936584
DEJU_055,DEJU,2025,2.7628021240234375,2.796086549758911,1.9463227987289429,0.8959751725196838,0.5820301175117493,0.9302231669425964,0.32978805899620056,0.19129864871501923,0.6664667129516602,0.8179299235343933,0.6434699296951294,3.9771413803100586,99.9404296875,0.6761966943740845,0.258924126625061,0.6979652047157288,0.2527491748332977
DEJU_063,DEJU,2025,2.7903289794921875,3.0130832195281982,1.969390869140625,0.998163640499115,0.5642654895782471,0.9582774043083191,0.3373956084251404,0.19657543301582336,0.6639490723609924,0.7758422493934631,0.5702829957008362,4.0204901695251465,99.95234680175781,0.6551777720451355,0.2356958091259002,0.6685028076171875,0.2319259941577911
DEJU_059,DEJU,2025,2.477914571762085,2.1345438957214355,1.9963587522506714,0.6923373341560364,0.6768585443496704,0.9093091487884521,0.35262376070022583,0.20547820627689362,0.7005295753479004,0.8053267002105713,0.4987201392650604,3.6870007514953613,99.99376678466797,0.6217182278633118,0.3071333467960357,0.6099863648414612,0.2864055335521698
DEJU_048,DEJU,2025,2.6273605823516846,3.0125479698181152,2.0119171142578125,0.9820579290390015,0.5707582831382751,0.9444818496704102,0.3471987545490265,0.19843211770057678,0.6982487440109253,0.8436959385871887,0.5510299801826477,3.898580312728882,99.98495483398438,0.7005254626274109,0.2225053012371063,0.757901132106781,0.2213386595249176
DEJU_062,DEJU,2025,6.509304046630859,10.564598083496094,1.9545162916183472,2.1562893390655518,0.4203279912471771,2.435025453567505,0.43069419264793396,0.21549992263317108,0.5975625514984131,0.9188088178634644,1.006822109222412,10.053325653076172,82.99091339111328,0.6831662058830261,0.2369439601898193,0.725350558757782,0.2328751981258392
DEJU_058,DEJU,2025,2.756119728088379,2.920423746109009,1.960421085357666,0.9497318267822266,0.5714467763900757,0.9755073189735413,0.34714949131011963,0.2022179812192917,0.6988723278045654,0.8408160209655762,0.6112881302833557,4.045485973358154,99.94486999511719,0.6912426948547363,0.237920269370079,0.7235790491104126,0.2355464398860931
DEJU_053,DEJU,2025,2.7341785430908203,2.549656391143799,1.9870209693908691,0.8408788442611694,0.6400081515312195,0.9652553200721741,0.3398328423500061,0.19703994691371918,0.6691175699234009,0.8552965521812439,0.5561311841011047,3.999650239944458,99.99024963378906,0.696358859539032,0.2528292834758758,0.6936149597167969,0.2525292634963989
DEJU_010,DEJU,2025,1.2287116050720215,1.2129558324813843,1.9358417987823486,0.4022035598754883,0.6584635972976685,0.34881964325904846,0.2711600363254547,0.15876522660255432,0.7230395674705505,0.3886907696723938,0.11521100252866745,1.6565111875534058,100.0,0.8231261968612671,0.476408451795578,0.838403582572937,0.4400981068611145
DEJU_004,DEJU,2025,1.0926167964935303,0.5786153674125671,1.9616607427597046,0.16905871033668518,0.8619869351387024,0.2751413881778717,0.23551039397716522,0.14103296399116516,0.7257810831069946,0.534204363822937,0.11687733232975006,1.4217761754989624,100.0,0.7921667098999023,0.4765171408653259,0.7776539325714111,0.4436464607715606
DEJU_003,DEJU,2025,1.4707087278366089,1.6757276058197021,1.865902066230774,0.5531982779502869,0.5093439817428589,0.407892644405365,0.2691269814968109,0.15580147504806519,0.6663731932640076,0.5597302317619324,0.09855888038873672,2.0054988861083984,100.0,0.8275026082992554,0.4902964830398559,0.8430491089820862,0.4502276182174682
DEJU_023,DEJU,2025,1.628418207168579,1.767430305480957,1.9247013330459595,0.5754631757736206,0.5982566475868225,0.503836452960968,0.2863585650920868,0.16625095903873444,0.694601833820343,0.7551515698432922,0.3705403208732605,2.2857487201690674,99.99773406982422,0.7487894296646118,0.3454842865467071,0.7596663236618042,0.3305039405822754
DEJU_008,DEJU,2025,1.299572467803955,0.8611595630645752,2.0972204208374023,0.2779284417629242,0.8213083148002625,0.3545786440372467,0.26085755228996277,0.15588708221912384,0.6901792883872986,0.48210644721984863,0.07573923468589783,1.7123550176620483,100.0,0.7267563939094543,0.4380860328674316,0.7031677961349487,0.404762327671051
DEJU_019,DEJU,2025,2.474717855453491,2.3417468070983887,2.0051794052124023,0.7752776741981506,0.6370729207992554,0.8935375809669495,0.3495308458805084,0.2053559422492981,0.696083128452301,0.8024213910102844,0.49771958589553833,3.623185634613037,99.98482513427734,0.6949235796928406,0.2959783673286438,0.7043805122375488,0.2856639921665191
DEJU_005,DEJU,2025,1.8621633052825928,1.0933281183242798,2.049109697341919,0.33337733149528503,0.8239394426345825,0.6306476593017578,0.3090229332447052,0.18286281824111938,0.7152442932128906,0.8337613344192505,0.4508648216724396,2.6779322624206543,99.9912109375,0.6945504546165466,0.3917515575885772,0.6761055588722229,0.3638026416301727
DEJU_001,DEJU,2025,1.3329473733901978,0.7160819172859192,2.0389039516448975,0.21237775683403015,0.8796669244766235,0.4156454801559448,0.2955400347709656,0.17851833999156952,0.7039877772331238,0.40452784299850464,0.07143828272819519,1.8058348894119263,100.0,0.7058065533638,0.4116332828998565,0.682360827922821,0.3816326856613159
DEJU_007,DEJU,2025,1.1250085830688477,0.7903457283973694,2.0166003704071045,0.2750888466835022,0.7634173035621643,0.3250496983528137,0.2702110707759857,0.1710292100906372,0.7365669012069702,0.3691621720790863,0.07598137110471725,1.4472662210464478,100.0,0.731475293636322,0.3972684442996979,0.7273969054222107,0.370084673166275
DEJU_015,DEJU,2025,1.515855312347412,1.497176170349121,1.894094705581665,0.48936745524406433,0.6765536069869995,0.4494972229003906,0.27584347128868103,0.15627332031726837,0.69459068775177,0.508994996547699,0.3248631954193115,2.0806667804718018,100.0,0.837745726108551,0.5298729538917542,0.8376531004905701,0.4863447546958923
DEJU_017,DEJU,2025,1.592421293258667,1.3647568225860596,1.955514669418335,0.4518934190273285,0.6740918755531311,0.4816848337650299,0.28900521993637085,0.17115826904773712,0.6849412322044373,0.5573583841323853,0.23803438246250153,2.1843338012695312,100.0,0.6084592938423157,0.3041953444480896,0.5783569812774658,0.2870662212371826
DEJU_014,DEJU,2025,3.3420932292938232,3.3072712421417236,1.8731023073196411,1.0348511934280396,0.5524260997772217,1.1455687284469604,0.3518846035003662,0.204986572265625,0.6743084192276001,0.8755673766136169,0.8154846429824829,4.806623935699463,99.56573486328125,0.7941082119941711,0.3223499059677124,0.8530243039131165,0.3101209998130798
DEJU_006,DEJU,2025,2.6487772464752197,2.3933866024017334,1.9547356367111206,0.788901686668396,0.6479071378707886,0.962516188621521,0.3566800057888031,0.20861028134822845,0.6945011615753174,0.8143132328987122,0.5389187932014465,3.8844289779663086,99.9568862915039,0.7005361914634705,0.3269084393978119,0.6964086294174194,0.3121252655982971
DEJU_021,DEJU,2025,2.4698100090026855,3.0660247802734375,1.928558349609375,1.0096017122268677,0.48909497261047363,0.7589762806892395,0.3047892153263092,0.1733255237340927,0.6727896928787231,0.8206502199172974,0.5240339636802673,3.482513904571533,99.94747924804688,0.6982467174530029,0.2573873698711395,0.7041010856628418,0.2551349997520447
DEJU_024,DEJU,2025,2.2104063034057617,2.2165539264678955,2.0654137134552,0.7628697156906128,0.6458147764205933,0.7733442187309265,0.3374212086200714,0.19706059992313385,0.6452500820159912,0.6168891787528992,0.2987307906150818,3.185027599334717,100.0,0.6771333813667297,0.3195911645889282,0.6468456387519836,0.3089103698730469
DEJU_016,DEJU,2025,2.102452516555786,1.955302357673645,1.9521963596343994,0.6052844524383545,0.6761966347694397,0.8173227906227112,0.3628362715244293,0.2107921689748764,0.7373408079147339,0.836208701133728,0.45561063289642334,3.2386832237243652,99.99771118164062,0.7628300189971924,0.3327758312225342,0.781898021697998,0.3208824396133423
DEJU_009,DEJU,2025,2.263695001602173,1.9173593521118164,1.9598798751831055,0.5885747671127319,0.7083376049995422,0.8459331393241882,0.35316359996795654,0.20486870408058167,0.7267018556594849,0.8566906452178955,0.5013337135314941,3.4223883152008057,99.92923736572266,0.7621062994003296,0.3380585610866546,0.780081033706665,0.325281947851181
DEJU_018,DEJU,2025,2.252591133117676,2.0369911193847656,2.023641347885132,0.6830625534057617,0.6758226752281189,0.8136388063430786,0.3476544916629791,0.20455534756183624,0.6723195314407349,0.6926822662353516,0.3710642457008362,3.294858455657959,99.99717712402344,0.7386675477027893,0.3354327976703644,0.7448297739028931,0.3221791684627533
DEJU_020,DEJU,2025,3.100506067276001,4.050290584564209,1.8896725177764893,1.3121938705444336,0.4377075731754303,1.0743472576141357,0.34484484791755676,0.1972353160381317,0.7192296981811523,0.8962374329566956,0.7409822344779968,4.525634765625,99.8753890991211,0.7047427296638489,0.2469301521778106,0.7153052687644958,0.2467382848262787
HEAL_072,HEAL,2017,1.1503773927688599,0.06817023456096649,1.9281697273254395,0.005540044046938419,0.9916650652885437,0.1727936863899231,0.13112251460552216,0.08564193546772003,0.44364699721336365,0.5611999034881592,0.31949400901794434,1.289894938468933,100.0,,,,
HEAL_063,HEAL,2017,0.9188144207000732,0.042538706213235855,1.9457571506500244,0.0010304908500984311,0.9983945488929749,0.22208929061889648,0.19811610877513885,0.12703359127044678,0.7024425864219666,,,1.1354355812072754,100.0,,,,
HEAL_070,HEAL,2017,,0.04598159343004227,1.9219331741333008,0.0,1.0,,,,,,,,100.0,,,,
HEAL_060,HEAL,2017,,0.039913393557071686,1.9307653903961182,1.6473954019602388e-05,0.999977171421051,,,,,,,,100.0,,,,
HEAL_071,HEAL,2017,,0.03846844658255577,1.932673692703247,0.0,1.0,,,,,,,,100.0,,,,
HEAL_050,HEAL,2017,3.130042791366577,0.04118199646472931,1.9142284393310547,0.0007460408960469067,0.9996878504753113,0.5921006798744202,0.18558591604232788,0.11300847679376602,0.46337318420410156,0.5129969120025635,0.49864110350608826,3.741170883178711,100.0,,,,
HEAL_067,HEAL,2017,3.2785022258758545,0.052233923226594925,1.9468903541564941,0.0005645985365845263,0.9998449087142944,0.7201782464981079,0.23255321383476257,0.16443996131420135,0.2326691448688507,,0.2231435477733612,3.736820697784424,100.0,,,,
HEAL_068,HEAL,2017,1.9714889526367188,0.06659050285816193,1.9206874370574951,0.008450529538094997,0.9939106106758118,0.4433516263961792,0.21224138140678406,0.13488927483558655,0.489018976688385,0.4520660638809204,0.33356964588165283,2.3508176803588867,100.0,,,,
HEAL_064,HEAL,2017,1.6510285139083862,0.06224248930811882,1.9283894300460815,0.006972962524741888,0.994368314743042,0.25478383898735046,0.1685343235731125,0.11114533245563507,0.37433964014053345,0.5136951208114624,0.14853154122829437,1.852089762687683,100.0,,,,
HEAL_062,HEAL,2017,2.569489002227783,0.046272989362478256,1.9381998777389526,0.00025262622511945665,0.9999150633811951,0.8183484077453613,0.3628174066543579,0.24181650578975677,0.39624062180519104,,0.14384104311466217,3.2944774627685547,100.0,,,,
HEAL_061,HEAL,2017,2.520033836364746,0.08925650268793106,1.9615421295166016,0.017081404104828835,0.9913769960403442,0.6010414958000183,0.23071064054965973,0.15183484554290771,0.3863592743873596,0.3063663840293884,0.42798399925231934,2.9959421157836914,100.0,,,,
HEAL_073,HEAL,2017,2.5623862743377686,0.08427818864583969,1.9419236183166504,0.013768340460956097,0.9931738376617432,0.7197960615158081,0.25610509514808655,0.164444237947464,0.44969356060028076,0.1412067413330078,0.363456130027771,3.129561185836792,100.0,,,,
HEAL_052,HEAL,2017,3.3845555782318115,0.06693209707736969,1.9442126750946045,0.005667257588356733,0.9978615641593933,0.848551332950592,0.2493743896484375,0.15831805765628815,0.40005239844322205,0.15080881118774414,0.3934853971004486,4.035808086395264,100.0,,,,
HEAL_066,HEAL,2017,2.4100522994995117,0.12047985196113586,1.9575711488723755,0.027612894773483276,0.985045850276947,0.6134712100028992,0.2423946112394333,0.15848581492900848,0.4056473672389984,0.21301811933517456,0.3814851641654968,2.896052598953247,100.0,,,,
HEAL_058,HEAL,2017,1.2746630907058716,0.05518104135990143,1.9334020614624023,0.0013401682954281569,0.9985741972923279,0.330457866191864,0.2082482874393463,0.13110007345676422,0.47681280970573425,0.0,0.07192052155733109,1.5589739084243774,100.0,,,,
HEAL_069,HEAL,2017,1.6200593709945679,0.06167691573500633,1.9507087469100952,0.005540961399674416,0.9957597851753235,0.42320042848587036,0.20997905731201172,0.1403898298740387,0.4935998022556305,0.2973225712776184,0.2310490608215332,1.9396462440490723,100.0,,,,
HEAL_048,HEAL,2017,,0.048911724239587784,1.9239848852157593,1.347982106381096e-05,0.9999891519546509,,,,,,,,100.0,,,,
HEAL_054,HEAL,2017,2.119729995727539,0.06274282187223434,1.9151978492736816,0.007720927707850933,0.9953701496124268,0.40622249245643616,0.2091631442308426,0.13365595042705536,0.46625107526779175,0.3132748305797577,0.333469033241272,2.4823389053344727,100.0,,,,
HEAL_053,HEAL,2017,1.876173734664917,0.06109994277358055,1.9285316467285156,0.006170853041112423,0.9953141808509827,0.5020962357521057,0.2356301248073578,0.15176403522491455,0.48815056681632996,0.3867029547691345,0.32278570532798767,2.2997634410858154,100.0,,,,
HEAL_074,HEAL,2017,2.1059718132019043,0.08969282358884811,1.9414253234863281,0.01596946269273758,0.9883534908294678,0.4665012061595917,0.19585107266902924,0.1265282928943634,0.40258413553237915,0.27369847893714905,0.39293596148490906,2.4928481578826904,100.0,,,,
HEAL_056,HEAL,2017,0.9350129961967468,0.040636755526065826,1.960866928100586,0.0009434018284082413,0.9993278384208679,0.4175463318824768,0.32380202412605286,0.20309440791606903,0.8820049166679382,,,1.3614755868911743,100.0,,,,
HEAL_051,HEAL,2017,1.7278972864151,0.08310892432928085,1.9508576393127441,0.012907999567687511,0.9882407784461975,0.3797365427017212,0.17640462517738342,0.11476261168718338,0.45680248737335205,0.2632754445075989,0.47801217436790466,2.047842502593994,100.0,,,,
HEAL_065,HEAL,2017,2.089381456375122,0.05159761384129524,1.9298065900802612,0.004401473328471184,0.9975001811981201,0.31190747022628784,0.1501731127500534,0.10179699957370758,0.39061856269836426,0.0,0.3686024248600006,2.32572078704834,100.0,,,,
HEAL_057,HEAL,2017,2.3346588611602783,0.07044614851474762,1.942200779914856,0.009393973276019096,0.9953266978263855,0.5558459162712097,0.2331332564353943,0.15204904973506927,0.45704418420791626,0.3036439120769501,0.31119462847709656,2.7948129177093506,100.0,,,,
HEAL_046,HEAL,2017,2.636470317840576,0.08260313421487808,1.9623751640319824,0.014883477240800858,0.9929463863372803,0.6451180577278137,0.2293432056903839,0.15000246465206146,0.46681931614875793,0.17975245416164398,0.3162023425102234,3.185225248336792,100.0,,,,
HEAL_059,HEAL,2017,1.9516451358795166,0.08166646212339401,1.9317164421081543,0.012556826695799828,0.9905806183815002,0.44914886355400085,0.21147744357585907,0.13642404973506927,0.43552398681640625,0.20534224808216095,0.25610917806625366,2.3252639770507812,100.0,,,,
HEAL_055,HEAL,2017,3.631338119506836,0.03488610312342644,1.9737731218338013,0.0008371587609872222,0.9997602701187134,1.2889870405197144,0.354962021112442,0.17887255549430847,0.5938097238540649,0.0,0.5108256340026855,4.459018230438232,100.0,,,,
HEAL_047,HEAL,2017,2.957552909851074,0.04510943964123726,1.9335144758224487,0.0028222843538969755,0.9988139271736145,0.8097760677337646,0.30323103070259094,0.18979476392269135,0.4638730585575104,0.3417523205280304,0.4611099362373352,3.689743995666504,100.0,,,,
HEAL_010,HEAL,2017,2.661466598510742,0.08619353920221329,1.9460923671722412,0.013387522660195827,0.9949806928634644,0.6880581378936768,0.27111363410949707,0.17618797719478607,0.49484699964523315,0.31400689482688904,0.23874616622924805,3.2307279109954834,100.0,,,,
HEAL_002,HEAL,2017,,0.04002276435494423,1.9381660223007202,0.0,1.0,,,,,,,,100.0,,,,
HEAL_003,HEAL,2017,2.3140413761138916,0.05539847910404205,1.9232492446899414,0.00017475041386205703,0.9998997449874878,0.35267579555511475,0.15240685641765594,0.09533437341451645,0.5118595361709595,,0.0,2.6323952674865723,100.0,,,,
HEAL_014,HEAL,2017,3.0976991653442383,0.13883250951766968,1.942412257194519,0.032183751463890076,0.9877048134803772,0.9734001755714417,0.32694464921951294,0.20603564381599426,0.4821428060531616,0.34417349100112915,0.41612327098846436,3.982623338699341,100.0,,,,
HEAL_022,HEAL,2017,2.247878074645996,0.06603024899959564,1.9324287176132202,0.007920405827462673,0.996672511100769,0.6756355166435242,0.3141924738883972,0.2007059007883072,0.5770795345306396,0.19617359340190887,0.24264340102672577,2.8092410564422607,100.0,,,,
HEAL_023,HEAL,2017,2.651322841644287,0.13826385140419006,1.9589935541152954,0.03373296186327934,0.982593834400177,0.7903385162353516,0.30142447352409363,0.19673070311546326,0.4334605634212494,0.306217223405838,0.2937454879283905,3.2712290287017822,100.0,,,,
HEAL_021,HEAL,2017,3.516613245010376,0.10834428668022156,1.946368932723999,0.020937850698828697,0.991782009601593,1.095426321029663,0.31435585021972656,0.19736571609973907,0.46185556054115295,0.32339102029800415,0.40380939841270447,4.496735095977783,99.99513244628906,,,,
HEAL_001,HEAL,2017,2.414949417114258,0.2951396405696869,1.8943486213684082,0.07855931669473648,0.9329931735992432,0.2892679274082184,0.13303662836551666,0.08208010345697403,0.2812088429927826,0.3566884696483612,0.2076146900653839,2.677724838256836,100.0,,,,
HEAL_016,HEAL,2017,2.2931923866271973,0.23777849972248077,1.9284663200378418,0.07020848989486694,0.9516090154647827,0.3205772936344147,0.158682182431221,0.10140728950500488,0.29571568965911865,0.09114360809326172,0.18034754693508148,2.5520689487457275,100.0,,,,
HEAL_020,HEAL,2017,2.220895767211914,0.46970507502555847,1.8752065896987915,0.13380014896392822,0.8861607909202576,0.47605231404304504,0.1859457939863205,0.11809981614351273,0.36829155683517456,0.39083051681518555,0.4151170253753662,2.6261789798736572,99.93572235107422,,,,
HEAL_006,HEAL,2017,3.6219542026519775,0.1368086338043213,1.9363435506820679,0.031091459095478058,0.9856012463569641,0.7855386137962341,0.2189471423625946,0.13806591928005219,0.37780648469924927,0.3713413178920746,0.5144948959350586,4.297047138214111,99.99176788330078,,,,
HEAL_019,HEAL,2017,3.1706936359405518,0.044719334691762924,1.9420405626296997,0.001222604070790112,0.9996196031570435,0.1482657939195633,0.042634084820747375,0.029879292473196983,0.15511275827884674,,0.0,3.269624710083008,100.0,,,,
HEAL_011,HEAL,2017,2.5300748348236084,0.05401287227869034,1.9569510221481323,0.0034233087208122015,0.9986978769302368,0.5900509357452393,0.3084575831890106,0.20876197516918182,0.5219408869743347,0.0,0.22874175012111664,3.0156548023223877,100.0,,,,
HEAL_025,HEAL,2017,4.667135238647461,1.768308401107788,1.9333841800689697,0.6452397704124451,0.8031627535820007,0.9014635682106018,0.1966065913438797,0.12084409594535828,0.37641021609306335,0.464794397354126,0.5767806768417358,5.499981880187988,99.60055541992188,,,,
HEAL_018,HEAL,2017,2.2546098232269287,0.33860892057418823,1.8846814632415771,0.09322589635848999,0.9221950769424438,0.35435429215431213,0.16124285757541656,0.09887692332267761,0.3334619104862213,0.2734582722187042,0.22231268882751465,2.591609001159668,100.0,,,,
HEAL_017,HEAL,2017,2.726728916168213,0.1625271439552307,1.9396703243255615,0.0421515591442585,0.9838262796401978,0.631223738193512,0.24725313484668732,0.15705014765262604,0.4539879262447357,0.35446569323539734,0.28550103306770325,3.2686517238616943,100.0,,,,
HEAL_004,HEAL,2017,1.5926649570465088,0.08420766890048981,1.8902506828308105,0.008724807761609554,0.993832528591156,0.4123394191265106,0.23195572197437286,0.1472274214029312,0.5953753590583801,0.34272196888923645,0.29458385705947876,1.967700481414795,100.0,,,,
HEAL_005,HEAL,2017,3.1064646244049072,0.07136344909667969,1.8904446363449097,0.00841488502919674,0.9972267746925354,0.7996061444282532,0.2936288118362427,0.1881106048822403,0.4711422324180603,0.23797012865543365,0.26610398292541504,3.7827813625335693,100.0,,,,
HEAL_015,HEAL,2017,3.264937162399292,0.3742230236530304,1.9780375957489014,0.13812202215194702,0.9512951374053955,0.46799156069755554,0.15648028254508972,0.10235927999019623,0.2480591982603073,0.15193116664886475,0.2309175580739975,3.6217041015625,100.0,,,,
HEAL_049,HEAL,2017,,0.04605112224817276,1.9297926425933838,0.0,1.0,,,,,,,,100.0,,,,
HEAL_026,HEAL,2017,3.658390998840332,0.6651799082756042,1.9673776626586914,0.23662498593330383,0.9168989062309265,0.824804961681366,0.24072466790676117,0.14892031252384186,0.38674652576446533,0.29169631004333496,0.3988436460494995,4.3884968757629395,99.9877700805664,,,,
HEAL_045,HEAL,2017,0.7633042335510254,0.04846853017807007,1.9160559177398682,0.0008627984207123518,0.9982276558876038,0.11709154397249222,0.14529679715633392,0.09142160415649414,0.6934933066368103,,,0.8683337569236755,100.0,,,,
HEAL_024,HEAL,2017,1.6990447044372559,0.05441845580935478,1.939416766166687,0.0008796892361715436,0.9994335770606995,0.3084810674190521,0.2262044996023178,0.14681701362133026,0.5979986190795898,0.0,0.3465735912322998,1.9878334999084473,100.0,,,,
HEAL_072,HEAL,2018,1.2818399667739868,0.10650897026062012,1.9447288513183594,0.005729983560740948,0.994328498840332,0.2378605157136917,0.17588140070438385,0.11764582246541977,0.4579940736293793,0.5918807983398438,0.21828892827033997,1.4678951501846313,100.0,,,,
HEAL_063,HEAL,2018,0.9572543501853943,0.06362497061491013,1.9277793169021606,0.0015907373744994402,0.9982857704162598,0.219913512468338,0.190987229347229,0.1250031292438507,0.7311775088310242,,0.0,1.1289129257202148,100.0,,,,
HEAL_070,HEAL,2018,,0.0484316386282444,1.9338092803955078,0.0,1.0,,,,,,,,100.0,,,,
HEAL_060,HEAL,2018,,0.04234807565808296,1.9497506618499756,1.4801508768869098e-05,0.9999860525131226,,,,,,,,100.0,,,,
HEAL_071,HEAL,2018,,0.04606398195028305,1.9467992782592773,0.0,1.0,,,,,,,,100.0,,,,
HEAL_050,HEAL,2018,3.0913174152374268,0.06040019169449806,1.933654546737671,0.0006519033340737224,0.9997537136077881,0.6294057369232178,0.22687005996704102,0.14799970388412476,0.533744215965271,0.6403999328613281,0.6972709894180298,3.7205615043640137,100.0,,,,
HEAL_067,HEAL,2018,4.138077735900879,0.04949841648340225,1.9276880025863647,0.0007441918714903295,0.9998520016670227,0.057210586965084076,0.013825400732457638,0.009776034392416477,0.0,,0.0,4.1744866371154785,100.0,,,,
HEAL_068,HEAL,2018,2.250408411026001,0.08618558198213577,1.8898149728775024,0.009149696677923203,0.9942522048950195,0.5171715021133423,0.2343219369649887,0.1440279483795166,0.5098350644111633,0.4725402295589447,0.43492209911346436,2.7621877193450928,100.0,,,,
HEAL_064,HEAL,2018,1.8534106016159058,0.0853283628821373,1.8916901350021362,0.006319399457424879,0.9953729510307312,0.34859851002693176,0.1974921077489853,0.12775787711143494,0.3651230037212372,0.16018061339855194,0.241880863904953,2.1337013244628906,100.0,,,,
HEAL_062,HEAL,2018,3.3638665676116943,0.040295813232660294,1.9630906581878662,0.0002818575594574213,0.9999043345451355,1.7684764862060547,0.5257272720336914,0.37174534797668457,0.43067654967308044,,,4.489318370819092,100.0,,,,
HEAL_061,HEAL,2018,2.5533976554870605,0.10939035564661026,1.953020691871643,0.01576620526611805,0.9916898608207703,0.7525951862335205,0.29158955812454224,0.1906493455171585,0.4785742163658142,0.20317570865154266,0.3482389450073242,3.1521012783050537,100.0,,,,
HEAL_073,HEAL,2018,2.547743558883667,0.0906255692243576,1.953852653503418,0.016393261030316353,0.9920994639396667,0.7573760151863098,0.2780192494392395,0.18267342448234558,0.4605026841163635,0.11407696455717087,0.42876845598220825,3.131863594055176,100.0,,,,
HEAL_052,HEAL,2018,2.885589122772217,0.07043813914060593,1.92819344997406,0.005283155012875795,0.9979692101478577,0.9624562859535217,0.3059903085231781,0.19150829315185547,0.5354510545730591,0.24045279622077942,0.36330410838127136,3.6621365547180176,100.0,,,,
HEAL_066,HEAL,2018,2.1822149753570557,0.14706403017044067,1.9796059131622314,0.02965506538748741,0.9825900197029114,0.6569972038269043,0.2666294574737549,0.17517155408859253,0.4475337862968445,0.24689216911792755,0.3694382607936859,2.696298360824585,100.0,,,,
HEAL_058,HEAL,2018,1.6322695016860962,0.05441894754767418,1.8892146348953247,0.001811839872971177,0.998395562171936,0.3447548449039459,0.17582686245441437,0.11701460927724838,0.307325541973114,0.0,0.1150728315114975,1.9137948751449585,100.0,,,,
HEAL_069,HEAL,2018,1.6093075275421143,0.06551460921764374,1.94527268409729,0.004931943956762552,0.9961153864860535,0.4362216293811798,0.22324444353580475,0.14859595894813538,0.43956422805786133,0.0,0.2371399998664856,1.9406437873840332,100.0,,,,
HEAL_048,HEAL,2018,,0.05121598392724991,1.9371284246444702,0.0,1.0,,,,,,,,100.0,,,,
HEAL_054,HEAL,2018,2.2667758464813232,0.07853127270936966,1.9245613813400269,0.009787864983081818,0.9947676062583923,0.5456242561340332,0.24078083038330078,0.1510641723871231,0.48738399147987366,0.37550002336502075,0.31004568934440613,2.7584924697875977,100.0,,,,
HEAL_053,HEAL,2018,1.8762925863265991,0.07908570021390915,1.8955546617507935,0.007227261085063219,0.995608389377594,0.4500499367713928,0.22053129971027374,0.13629962503910065,0.5882232189178467,0.5190173387527466,0.4460969567298889,2.2895445823669434,100.0,,,,
HEAL_074,HEAL,2018,2.1774938106536865,0.11034684628248215,1.894045352935791,0.016279280185699463,0.9906510710716248,0.5359811186790466,0.22233222424983978,0.13895688951015472,0.47773173451423645,0.3329370319843292,0.40396595001220703,2.6687421798706055,100.0,,,,
HEAL_056,HEAL,2018,1.4375618696212769,0.06326234340667725,1.9600045680999756,0.0010198104428127408,0.9994366765022278,0.4194927215576172,0.2185543179512024,0.14506401121616364,0.44913631677627563,,0.0557858869433403,1.7389044761657715,100.0,,,,
HEAL_051,HEAL,2018,1.9344220161437988,0.11617593467235565,1.9320276975631714,0.015106684528291225,0.9903308749198914,0.5069294571876526,0.2216440737247467,0.13953334093093872,0.48112422227859497,0.41684332489967346,0.39039337635040283,2.3882925510406494,100.0,,,,
HEAL_065,HEAL,2018,2.494089126586914,0.05903171747922897,1.949681043624878,0.004643694963306189,0.9979167580604553,0.6816657781600952,0.2904846966266632,0.19475963711738586,0.36649832129478455,0.1152413859963417,0.29497841000556946,2.9927797317504883,100.0,,,,
HEAL_057,HEAL,2018,2.630323886871338,0.0779416635632515,1.9541136026382446,0.010418910533189774,0.9958069324493408,0.7820408344268799,0.30844172835350037,0.2043902724981308,0.3749551475048065,0.13702894747257233,0.10551100969314575,3.1908695697784424,100.0,,,,
HEAL_046,HEAL,2018,2.779585123062134,0.09375366568565369,1.9424501657485962,0.01395814772695303,0.9938554167747498,0.625242292881012,0.22459572553634644,0.1426127403974533,0.45197874307632446,0.2920125126838684,0.41495683789253235,3.359835147857666,100.0,,,,
HEAL_059,HEAL,2018,2.1740317344665527,0.11385999619960785,1.93458890914917,0.014623296447098255,0.990863025188446,0.5173231959342957,0.21592311561107635,0.13724367320537567,0.4356268346309662,0.41836467385292053,0.3826427161693573,2.6317269802093506,100.0,,,,
HEAL_055,HEAL,2018,2.9656667709350586,0.04717009887099266,1.9292055368423462,0.0007020012708380818,0.9998332262039185,1.5183219909667969,0.6206259727478027,0.4388488531112671,0.45378437638282776,,0.0,3.9319210052490234,100.0,,,,
HEAL_047,HEAL,2018,2.8501834869384766,0.05898076295852661,1.9308090209960938,0.003691198071464896,0.9986966252326965,0.8962490558624268,0.3205801546573639,0.21111376583576202,0.5058509111404419,0.34222131967544556,0.3738413453102112,3.568291425704956,100.0,,,,
HEAL_010,HEAL,2018,2.394683361053467,0.11913494020700455,1.9537794589996338,0.012659585103392601,0.9949271082878113,0.6076229214668274,0.2861984670162201,0.18667882680892944,0.43691790103912354,0.1258116215467453,0.21645909547805786,2.898362874984741,100.0,,,,
HEAL_002,HEAL,2018,0.5365018844604492,0.09184537082910538,1.915543556213379,1.5585390428896062e-05,0.9999794363975525,0.034056372940540314,0.06347856670618057,0.041529331356287,,,,0.5692272186279297,100.0,,,,
HEAL_003,HEAL,2018,2.467255115509033,0.046297866851091385,1.9468227624893188,0.0001693588710622862,0.9998458623886108,0.903152585029602,0.36658552289009094,0.2218295782804489,0.6045739650726318,,0.40546509623527527,3.3021631240844727,100.0,,,,
HEAL_014,HEAL,2018,2.8099215030670166,0.17533181607723236,1.8997955322265625,0.032833583652973175,0.9871392250061035,0.961138904094696,0.3474472761154175,0.21713483333587646,0.517953634262085,0.3767992854118347,0.35254818201065063,3.7213284969329834,100.0,,,,
HEAL_022,HEAL,2018,2.1649558544158936,0.07796920835971832,1.9319605827331543,0.007412858307361603,0.9968913793563843,0.5955631732940674,0.29049819707870483,0.18248257040977478,0.5732952952384949,0.5102475881576538,0.19436725974082947,2.664590835571289,100.0,,,,
HEAL_023,HEAL,2018,2.6406004428863525,0.15635108947753906,1.9464207887649536,0.03650466725230217,0.9818354845046997,0.794503390789032,0.3051477372646332,0.1945301592350006,0.45335665345191956,0.39830026030540466,0.34950050711631775,3.3021981716156006,100.0,,,,
HEAL_021,HEAL,2018,3.8072574138641357,0.1519654542207718,1.9375884532928467,0.030299359932541847,0.9903554320335388,1.0500270128250122,0.26702770590782166,0.15873755514621735,0.44970113039016724,0.4375307261943817,0.4732111096382141,4.834860324859619,99.996826171875,,,,
HEAL_001,HEAL,2018,2.6893415451049805,0.3228989243507385,1.896742343902588,0.0906049981713295,0.9347659945487976,0.3100724220275879,0.1345544159412384,0.0856739953160286,0.25450533628463745,0.13873812556266785,0.2629550099372864,2.943143367767334,100.0,,,,
HEAL_016,HEAL,2018,2.2827048301696777,0.26087236404418945,1.9082605838775635,0.07303378731012344,0.95316481590271,0.3660561442375183,0.18673062324523926,0.11722897738218307,0.3754041790962219,0.161421000957489,0.25347378849983215,2.60067081451416,100.0,,,,
HEAL_020,HEAL,2018,2.5804567337036133,0.4734576642513275,1.9006578922271729,0.14188241958618164,0.9150158762931824,0.6154575347900391,0.2125338613986969,0.13334921002388,0.40419551730155945,0.45800310373306274,0.42478084564208984,3.123422861099243,99.92867279052734,,,,
HEAL_006,HEAL,2018,4.141605377197266,0.149440735578537,1.9375578165054321,0.032701581716537476,0.9867318868637085,0.9937499761581421,0.2524726688861847,0.1569012999534607,0.41799697279930115,0.41757678985595703,0.5787122845649719,5.047887802124023,99.98577880859375,,,,
HEAL_019,HEAL,2018,2.7696352005004883,0.06190989539027214,1.8857098817825317,0.0016327134799212217,0.9995015859603882,0.5050259232521057,0.19261044263839722,0.11704886704683304,0.44027549028396606,0.0,0.19861836731433868,3.111208915710449,100.0,,,,
HEAL_011,HEAL,2018,2.6420578956604004,0.06624472141265869,1.9336144924163818,0.004567499738186598,0.9983388185501099,0.9024868011474609,0.3722236752510071,0.24179930984973907,0.5544594526290894,0.2739003896713257,0.2545693516731262,3.393648624420166,100.0,,,,
HEAL_025,HEAL,2018,4.948245525360107,1.774446725845337,1.938900113105774,0.6569399237632751,0.8245384097099304,0.9324140548706055,0.19966460764408112,0.12212947756052017,0.375845730304718,0.43221601843833923,0.5587797164916992,5.820945739746094,99.5516357421875,,,,
HEAL_018,HEAL,2018,2.5045454502105713,0.43577495217323303,1.9391415119171143,0.14230459928512573,0.9166396856307983,0.42440250515937805,0.18490459024906158,0.11321164667606354,0.34503617882728577,0.33801066875457764,0.27326500415802,2.8854076862335205,100.0,,,,
HEAL_017,HEAL,2018,2.883721351623535,0.19359782338142395,1.9526124000549316,0.04642928019165993,0.9844202995300293,0.6577140688896179,0.25465112924575806,0.16119758784770966,0.4206277132034302,0.24781636893749237,0.20480231940746307,3.441531181335449,100.0,,,,
HEAL_004,HEAL,2018,1.5420632362365723,0.10169634968042374,1.9280329942703247,0.011566580273211002,0.9908742308616638,0.41405969858169556,0.22672857344150543,0.14380377531051636,0.5757038593292236,0.4316161274909973,0.27400127053260803,1.9166431427001953,100.0,,,,
HEAL_005,HEAL,2018,3.025310754776001,0.10067670047283173,1.9185007810592651,0.009344917722046375,0.9969834685325623,1.0301436185836792,0.347723126411438,0.21870170533657074,0.4371108114719391,0.234406977891922,0.24383613467216492,3.8618733882904053,100.0,,,,
HEAL_015,HEAL,2018,3.5145621299743652,0.4260147213935852,1.9770437479019165,0.1608351618051529,0.9519782066345215,0.49732503294944763,0.15586912631988525,0.10107172280550003,0.2403854876756668,0.1355203092098236,0.20349209010601044,3.8906478881835938,100.0,,,,
HEAL_049,HEAL,2018,,0.04256117716431618,1.9313364028930664,0.0,1.0,,,,,,,,100.0,,,,
HEAL_026,HEAL,2018,3.762436866760254,0.7148734927177429,1.953043818473816,0.25446099042892456,0.9115871787071228,0.9230244159698486,0.2651263177394867,0.16621704399585724,0.40563035011291504,0.3304789960384369,0.44663679599761963,4.5498046875,99.95796966552734,,,,
HEAL_045,HEAL,2018,0.7750781774520874,0.06671017408370972,1.9197204113006592,0.001027453108690679,0.9984433650970459,0.1059933677315712,0.13980886340141296,0.08987384289503098,0.4455678462982178,,,0.8754135370254517,100.0,,,,
HEAL_024,HEAL,2018,1.6653910875320435,0.056330785155296326,1.9553800821304321,0.0012489453656598926,0.9991224408149719,0.3254226744174957,0.20434246957302094,0.14220908284187317,0.12618595361709595,,0.0,1.8784523010253906,100.0,,,,
HEAL_072,HEAL,2019,1.0864940881729126,0.07923256605863571,1.8951921463012695,0.006023010704666376,0.993138313293457,0.1909199059009552,0.16191993653774261,0.10404139012098312,0.5954077839851379,0.1499939262866974,0.1926688700914383,1.2407188415527344,100.0,,,,
HEAL_063,HEAL,2019,0.9682205319404602,0.04932279884815216,1.9300611019134521,0.001451403251849115,0.9975596070289612,0.1502479910850525,0.16191090643405914,0.10623844712972641,0.462584912776947,,,1.0978035926818848,100.0,,,,
HEAL_070,HEAL,2019,,0.0523344948887825,1.8816919326782227,3.2002815714804456e-05,0.999970555305481,,,,,,,,100.0,,,,
HEAL_060,HEAL,2019,,0.0453985333442688,1.9276814460754395,0.0,1.0,,,,,,,,100.0,,,,
HEAL_071,HEAL,2019,,0.04795251786708832,1.8901569843292236,0.0,1.0,,,,,,,,100.0,,,,
HEAL_050,HEAL,2019,3.1376938819885254,0.049617208540439606,1.8849903345108032,0.0007613863563165069,0.9998059272766113,0.5647424459457397,0.2475128471851349,0.16181722283363342,0.453386127948761,0.10406257957220078,0.3800187110900879,3.734109401702881,100.0,,,,
HEAL_067,HEAL,2019,3.581130027770996,0.0503682903945446,1.8953219652175903,0.0006019014399498701,0.9998364448547363,0.9431161880493164,0.28686636686325073,0.16694612801074982,0.24829566478729248,0.0,0.1732867956161499,4.163020610809326,100.0,,,,
HEAL_068,HEAL,2019,2.1052045822143555,0.08393102884292603,1.8823617696762085,0.00950914528220892,0.9939654469490051,0.5977292656898499,0.25813573598861694,0.16197477281093597,0.550633430480957,0.5453600883483887,0.33112969994544983,2.6565582752227783,100.0,,,,
HEAL_064,HEAL,2019,1.6058651208877563,0.06778717786073685,1.9215354919433594,0.006818500813096762,0.9944978356361389,0.26951169967651367,0.16478626430034637,0.10843522846698761,0.3282897472381592,0.0,0.21257483959197998,1.8184438943862915,100.0,,,,
HEAL_062,HEAL,2019,2.1899588108062744,0.0453343540430069,1.9420439004898071,0.00023853281163610518,0.9999043941497803,0.19298338890075684,0.07379399985074997,0.05218024179339409,0.25,,0.14384104311466217,2.312772750854492,100.0,,,,
HEAL_061,HEAL,2019,2.7528233528137207,0.09755876660346985,1.9025397300720215,0.014939824119210243,0.9943025708198547,0.7684314250946045,0.2800697088241577,0.17784284055233002,0.489742636680603,0.33799105882644653,0.37568938732147217,3.3951361179351807,100.0,,,,
HEAL_073,HEAL,2019,2.7646751403808594,0.08397034555673599,1.981722116470337,0.017358001321554184,0.9922653436660767,0.666887640953064,0.22888848185539246,0.15151658654212952,0.3480924069881439,0.28481724858283997,0.2735525965690613,3.253906011581421,100.0,,,,
HEAL_052,HEAL,2019,3.2426886558532715,0.061924658715724945,1.9224605560302734,0.0057232980616390705,0.9980580806732178,0.7724811434745789,0.2508789896965027,0.16507548093795776,0.4053551256656647,0.27289456129074097,0.35002899169921875,3.865058660507202,100.0,,,,
HEAL_066,HEAL,2019,2.272585391998291,0.12339909374713898,1.9418737888336182,0.02613251470029354,0.9851759076118469,0.6477766633033752,0.2546907365322113,0.16504497826099396,0.43545350432395935,0.3177102506160736,0.377239853143692,2.786638021469116,100.0,,,,
HEAL_058,HEAL,2019,1.170693039894104,0.04517771303653717,1.978073239326477,0.002548360964283347,0.99748295545578,0.2115754634141922,0.1683429777622223,0.11366484314203262,0.5309274792671204,0.0,0.1115717738866806,1.3359596729278564,100.0,,,,
HEAL_069,HEAL,2019,1.4549927711486816,0.05918872356414795,1.9791085720062256,0.006415764335542917,0.9940828084945679,0.31475597620010376,0.16984692215919495,0.11589009314775467,0.4342361092567444,0.2262132167816162,0.3171278238296509,1.6624153852462769,100.0,,,,
HEAL_048,HEAL,2019,,0.05273817107081413,1.883643388748169,0.0,1.0,,,,,,,,100.0,,,,
HEAL_054,HEAL,2019,2.246730327606201,0.07378703355789185,1.8892713785171509,0.007954230532050133,0.9958537220954895,0.5661881566047668,0.23704755306243896,0.149486243724823,0.49554625153541565,0.5233359336853027,0.3733261227607727,2.7495689392089844,100.0,,,,
HEAL_053,HEAL,2019,1.609802484512329,0.07329718768596649,1.9488294124603271,0.009549838490784168,0.9914657473564148,0.3569234013557434,0.18783771991729736,0.1225060224533081,0.5092441439628601,0.4048483967781067,0.4439540505409241,1.9117698669433594,100.0,,,,
HEAL_074,HEAL,2019,1.7870891094207764,0.09556027501821518,1.9699647426605225,0.017337070778012276,0.9860568046569824,0.4006432890892029,0.1950666904449463,0.12743252515792847,0.42248982191085815,0.18987175822257996,0.23706382513046265,2.1137208938598633,100.0,,,,
HEAL_056,HEAL,2019,1.0465527772903442,0.04464096948504448,1.9550608396530151,0.0010633431375026703,0.9987232089042664,0.2062143087387085,0.19901154935359955,0.1271038055419922,0.5596019625663757,,,1.207577109336853,100.0,,,,
HEAL_051,HEAL,2019,1.6562607288360596,0.08387329429388046,1.9476548433303833,0.012382060289382935,0.9891989231109619,0.438538134098053,0.20931023359298706,0.13507162034511566,0.4336402714252472,0.14196623861789703,0.3740028440952301,2.0118627548217773,100.0,,,,
HEAL_065,HEAL,2019,2.3048605918884277,0.05681511387228966,1.937895655632019,0.003977299202233553,0.9981409311294556,0.5478659868240356,0.2332812398672104,0.1431610882282257,0.3663519322872162,0.07490266114473343,0.290554016828537,2.7675065994262695,100.0,,,,
HEAL_057,HEAL,2019,2.66247820854187,0.07648879289627075,1.927432894706726,0.009184233844280243,0.996574878692627,0.6167284846305847,0.23267517983913422,0.1514403522014618,0.4242667555809021,0.30821463465690613,0.17797665297985077,3.173654317855835,100.0,,,,
HEAL_046,HEAL,2019,2.477228879928589,0.08208274841308594,1.981093406677246,0.0150668416172266,0.9916366338729858,0.5492932796478271,0.19391480088233948,0.12645596265792847,0.46421411633491516,0.0567389540374279,0.3867836892604828,2.9378418922424316,100.0,,,,
HEAL_059,HEAL,2019,1.8271675109863281,0.08129247277975082,1.9554699659347534,0.012240533716976643,0.9909180998802185,0.3951586186885834,0.2007671594619751,0.13187986612319946,0.35589322447776794,0.13761408627033234,0.2872064411640167,2.140834331512451,100.0,,,,
HEAL_055,HEAL,2019,3.6097960472106934,0.04764648899435997,1.9301626682281494,0.0002632606774568558,0.9999478459358215,1.1024783849716187,0.3536507785320282,0.21025490760803223,0.1977442502975464,,0.0,4.2920942306518555,100.0,,,,
HEAL_047,HEAL,2019,2.49190616607666,0.05754609778523445,1.9148927927017212,0.0033578393049538136,0.9988759160041809,0.7686082124710083,0.3421143889427185,0.21136930584907532,0.5654606223106384,0.345088392496109,0.49012401700019836,3.350276231765747,100.0,,,,
HEAL_010,HEAL,2019,2.351813554763794,0.12712641060352325,1.9179805517196655,0.013925325125455856,0.9944214820861816,0.7565557360649109,0.3187841773033142,0.20642931759357452,0.4553660452365875,0.2295406013727188,0.17990516126155853,2.96748685836792,100.0,,,,
HEAL_002,HEAL,2019,,0.04208051785826683,1.9414191246032715,0.0,1.0,,,,,,,,100.0,,,,
HEAL_003,HEAL,2019,2.3315792083740234,0.04271373897790909,1.9633047580718994,0.00029733090195804834,0.9998627305030823,0.4579711854457855,0.21467268466949463,0.15179651975631714,0.31546488404273987,,,2.623030424118042,100.0,,,,
HEAL_014,HEAL,2019,2.7411000728607178,0.1590462625026703,1.9568997621536255,0.030636876821517944,0.9869197607040405,0.8206290006637573,0.3018908202648163,0.18796688318252563,0.45778509974479675,0.34399715065956116,0.34265801310539246,3.5240302085876465,100.0,,,,
HEAL_022,HEAL,2019,2.190674304962158,0.06145427003502846,1.9476995468139648,0.005618011578917503,0.9979119896888733,0.6380543112754822,0.3569056987762451,0.22963258624076843,0.5932820439338684,0.4596465528011322,0.13155445456504822,2.76480770111084,100.0,,,,
HEAL_023,HEAL,2019,2.629793643951416,0.18219606578350067,1.9936041831970215,0.0458158515393734,0.9757797122001648,0.822175920009613,0.30536922812461853,0.2033161073923111,0.3683440685272217,0.10212119668722153,0.26274579763412476,3.2323648929595947,100.0,,,,
HEAL_021,HEAL,2019,3.444227695465088,0.13838863372802734,1.9507603645324707,0.016508622094988823,0.993855357170105,0.8718897700309753,0.2880813181400299,0.19046778976917267,0.39372357726097107,0.45711973309516907,0.34061145782470703,4.139200687408447,100.0,,,,
HEAL_001,HEAL,2019,2.502774953842163,0.30010440945625305,1.8948601484298706,0.07727786153554916,0.9345197677612305,0.32587477564811707,0.1506354659795761,0.09367755055427551,0.2902625501155853,0.14132799208164215,0.24277839064598083,2.7813315391540527,100.0,,,,
HEAL_016,HEAL,2019,2.304926872253418,0.22791476547718048,1.9266189336776733,0.06471900641918182,0.9609555602073669,0.37028560042381287,0.18267075717449188,0.11364488303661346,0.3612419366836548,0.2372574657201767,0.22746305167675018,2.624298095703125,100.0,,,,
HEAL_020,HEAL,2019,2.7071428298950195,0.4801799952983856,1.918902039527893,0.1386631429195404,0.9127335548400879,0.6615358591079712,0.22208526730537415,0.139553964138031,0.3980717957019806,0.49706006050109863,0.4358227550983429,3.3007006645202637,99.92754364013672,,,,
HEAL_006,HEAL,2019,3.866995334625244,0.15956321358680725,1.9259097576141357,0.03409135341644287,0.9863502979278564,0.9362300038337708,0.2447115182876587,0.14915984869003296,0.41631051898002625,0.4553894102573395,0.6058469414710999,4.733649253845215,99.9823989868164,,,,
HEAL_019,HEAL,2019,2.927159547805786,0.057342614978551865,1.9702156782150269,0.0010330727091059089,0.9996671080589294,0.7756681442260742,0.28442540764808655,0.17740626633167267,0.440037339925766,,0.27555951476097107,3.434438943862915,100.0,,,,
HEAL_011,HEAL,2019,2.4657442569732666,0.0810338705778122,1.9422008991241455,0.004409841727465391,0.9982082843780518,0.804641604423523,0.32484617829322815,0.20114384591579437,0.4928302764892578,0.28453630208969116,0.2815638780593872,3.141605854034424,100.0,,,,
HEAL_025,HEAL,2019,5.263047218322754,1.856848120689392,1.96524977684021,0.7186565399169922,0.8138164281845093,0.938635528087616,0.18353796005249023,0.11796396970748901,0.3035317361354828,0.30326148867607117,0.4869197905063629,6.013661861419678,99.44953918457031,,,,
HEAL_018,HEAL,2019,2.4269278049468994,0.3667774498462677,1.8698698282241821,0.09722786396741867,0.9262455105781555,0.39841899275779724,0.17243680357933044,0.10292787104845047,0.3588312864303589,0.3700384199619293,0.30219390988349915,2.8273651599884033,100.0,,,,
HEAL_017,HEAL,2019,2.7348554134368896,0.14677242934703827,1.9106346368789673,0.031149649992585182,0.9878159165382385,0.5462742447853088,0.21746070683002472,0.13909950852394104,0.37427425384521484,0.20260879397392273,0.17542704939842224,3.1991477012634277,100.0,,,,
HEAL_004,HEAL,2019,1.2564412355422974,0.10991382598876953,1.900473713874817,0.009593875147402287,0.9909274578094482,0.29475754499435425,0.20075607299804688,0.12690091133117676,0.5977999567985535,0.2962337136268616,0.25705254077911377,1.5206294059753418,100.0,,,,
HEAL_005,HEAL,2019,3.158717155456543,0.07748796790838242,1.9356677532196045,0.008763046003878117,0.9975313544273376,0.9986233115196228,0.3273143470287323,0.2029983401298523,0.46046075224876404,0.3207181990146637,0.2105155885219574,4.059570789337158,100.0,,,,
HEAL_015,HEAL,2019,3.3967792987823486,0.34950143098831177,1.957858920097351,0.12008951604366302,0.9631996750831604,0.5430564880371094,0.17981025576591492,0.11432620882987976,0.31514570116996765,0.2169821560382843,0.22705332934856415,3.835587739944458,100.0,,,,
HEAL_049,HEAL,2019,,0.04643256589770317,1.9300274848937988,0.0,1.0,,,,,,,,100.0,,,,
HEAL_026,HEAL,2019,3.7478625774383545,0.6530442237854004,1.9617341756820679,0.2291237860918045,0.9211023449897766,0.9075483083724976,0.26801997423171997,0.16828054189682007,0.39038410782814026,0.2622877061367035,0.3851979970932007,4.5112175941467285,99.97457122802734,,,,
HEAL_045,HEAL,2019,0.9079861640930176,0.05628977343440056,1.8882415294647217,0.0011805410031229258,0.9980299472808838,0.13610126078128815,0.15311115980148315,0.0970725268125534,0.5621412992477417,,,1.0379679203033447,100.0,,,,
HEAL_024,HEAL,2019,1.4338299036026,0.10819923132658005,1.935826301574707,0.0016073590377345681,0.9986069202423096,0.43459072709083557,0.3012780547142029,0.1994590312242508,0.5392166376113892,,0.0,1.7662074565887451,100.0,,,,
HEAL_072,HEAL,2021,0.9785284996032715,0.3235136568546295,1.8348060846328735,0.09363057464361191,0.8849358558654785,0.2080400139093399,0.1941094994544983,0.11380635201931,0.7198596596717834,0.5301929116249084,0.08675885945558548,1.236431360244751,100.0,,,,
HEAL_063,HEAL,2021,1.1050089597702026,0.09702704101800919,1.8393503427505493,0.01681693084537983,0.9853429198265076,0.23717549443244934,0.19440747797489166,0.11790146678686142,0.5927119851112366,0.6771845817565918,0.04744565114378929,1.3835393190383911,100.0,,,,
HEAL_070,HEAL,2021,1.305235743522644,0.05115154758095741,1.8126128911972046,0.001074921921826899,0.9993849992752075,0.41973447799682617,0.2761201560497284,0.16997909545898438,0.8109727501869202,0.606913149356842,0.07701635360717773,1.7894089221954346,100.0,,,,
HEAL_060,HEAL,2021,0.9783506393432617,0.045598145574331284,1.8174121379852295,0.0007726367912255228,0.9995806217193604,0.14320729672908783,0.15236131846904755,0.0990438461303711,0.5159716010093689,,0.0,1.109037160873413,100.0,,,,
HEAL_071,HEAL,2021,1.2515292167663574,0.0474051870405674,1.8148143291473389,0.0016216596122831106,0.9990780353546143,0.23467738926410675,0.18009519577026367,0.1145627424120903,0.66501784324646,,0.0,1.4806486368179321,100.0,,,,
HEAL_050,HEAL,2021,1.0574244260787964,0.06435339152812958,1.8208857774734497,0.006278736982494593,0.9954571723937988,0.24388240277767181,0.20214349031448364,0.1245415136218071,0.7359427809715271,0.826737105846405,0.22495341300964355,1.3311980962753296,100.0,,,,
HEAL_067,HEAL,2021,1.0789794921875,0.06323288381099701,1.8195750713348389,0.005015307106077671,0.9961332678794861,0.2584590017795563,0.18821386992931366,0.11707693338394165,0.6461145877838135,0.7930368781089783,0.1907159686088562,1.380963683128357,100.0,,,,
HEAL_068,HEAL,2021,1.0464272499084473,0.18832726776599884,1.8395394086837769,0.04852353781461716,0.9535107612609863,0.23524479568004608,0.1890934258699417,0.11310786753892899,0.7331503033638,0.8177622556686401,0.2565600872039795,1.334884524345398,100.0,,,,
HEAL_064,HEAL,2021,1.0558524131774902,0.21013273298740387,1.8439728021621704,0.05789284408092499,0.9460155367851257,0.23220327496528625,0.1906852275133133,0.11558730900287628,0.6993294954299927,0.6951195597648621,0.18624034523963928,1.3273080587387085,100.0,,,,
HEAL_062,HEAL,2021,1.0898584127426147,0.05951665714383125,1.8261260986328125,0.0038378508761525154,0.9970169067382812,0.2540586292743683,0.1890801191329956,0.11829565465450287,0.7285483479499817,0.6791396141052246,0.1089104413986206,1.3512035608291626,100.0,,,,
HEAL_061,HEAL,2021,1.0317401885986328,0.30799826979637146,1.9179145097732544,0.09071823209524155,0.9186009168624878,0.23915830254554749,0.17873957753181458,0.10978391766548157,0.7187415361404419,0.762626051902771,0.3617088198661804,1.31773042678833,100.0,,,,
HEAL_073,HEAL,2021,1.115565538406372,0.24866953492164612,1.9028174877166748,0.07240334153175354,0.9381020069122314,0.2832777202129364,0.1918559968471527,0.11670050024986267,0.7111639976501465,0.8011420369148254,0.3167537450790405,1.4490571022033691,100.0,,,,
HEAL_052,HEAL,2021,1.0044671297073364,0.1420079916715622,1.8447026014328003,0.03317512944340706,0.970295250415802,0.22003597021102905,0.16917741298675537,0.10397260636091232,0.7478082180023193,0.766927182674408,0.2777235507965088,1.2603025436401367,100.0,,,,
HEAL_066,HEAL,2021,1.002548336982727,0.47182705998420715,1.956450343132019,0.1565578579902649,0.8522982001304626,0.22288894653320312,0.17259523272514343,0.10576146841049194,0.7136650681495667,0.7098082900047302,0.32620373368263245,1.2627712488174438,100.0,,,,
HEAL_058,HEAL,2021,1.2084696292877197,0.09378968179225922,1.8373717069625854,0.016932178288698196,0.9861369729042053,0.3031211495399475,0.2164016216993332,0.13132934272289276,0.6652208566665649,0.6590195894241333,0.1941361129283905,1.5493541955947876,100.0,,,,
HEAL_069,HEAL,2021,1.015191674232483,0.19310179352760315,1.8899452686309814,0.05065023526549339,0.9526445269584656,0.21189828217029572,0.17071156203746796,0.10445617884397507,0.6992037296295166,0.692215085029602,0.20378360152244568,1.2526967525482178,100.0,,,,
HEAL_048,HEAL,2021,1.2628633975982666,0.055587299168109894,1.8199529647827148,0.0013234082143753767,0.9993088841438293,0.3391464054584503,0.24003450572490692,0.14847910404205322,0.6139612793922424,,0.01483682170510292,1.632054328918457,100.0,,,,
HEAL_054,HEAL,2021,1.1372787952423096,0.14552278816699982,1.850269079208374,0.03469458594918251,0.9718831181526184,0.27057334780693054,0.19467706978321075,0.11733168363571167,0.692721426486969,0.741734504699707,0.24671563506126404,1.469622254371643,100.0,,,,
HEAL_053,HEAL,2021,0.9901117086410522,0.19073715806007385,1.8533074855804443,0.04623114690184593,0.9580327868461609,0.21508869528770447,0.17598745226860046,0.10711473971605301,0.6749630570411682,0.7466080784797668,0.20956073701381683,1.2424731254577637,100.0,,,,
HEAL_074,HEAL,2021,0.93980872631073,0.34327438473701477,1.9091453552246094,0.10289634019136429,0.9021938443183899,0.18506106734275818,0.15738970041275024,0.09577681869268417,0.6749497056007385,0.777471125125885,0.28467679023742676,1.1588101387023926,100.0,,,,
HEAL_056,HEAL,2021,1.1326032876968384,0.09670048952102661,1.8552333116531372,0.015312057919800282,0.9873324036598206,0.2776404321193695,0.2071763575077057,0.1267819106578827,0.6064435243606567,0.48214301466941833,0.1142987534403801,1.4351935386657715,100.0,,,,
HEAL_051,HEAL,2021,0.9339030385017395,0.35752344131469727,1.9330991506576538,0.11220015585422516,0.8914157748222351,0.1750248670578003,0.15593793988227844,0.09518361836671829,0.6600220799446106,0.7588462829589844,0.24202348291873932,1.1384425163269043,100.0,,,,
HEAL_065,HEAL,2021,0.9517315030097961,0.14698781073093414,1.8667566776275635,0.035930369049310684,0.9664982557296753,0.2065487951040268,0.16801203787326813,0.1038684993982315,0.7211474776268005,0.6669758558273315,0.29910534620285034,1.1889023780822754,100.0,,,,
HEAL_057,HEAL,2021,0.9726458787918091,0.24001288414001465,1.9067126512527466,0.06718096882104874,0.9403072595596313,0.21673329174518585,0.17092731595039368,0.10494065284729004,0.7332499623298645,0.7157549262046814,0.2952669560909271,1.226980447769165,100.0,,,,
HEAL_046,HEAL,2021,0.9515482783317566,0.2799703776836395,1.922865629196167,0.08180921524763107,0.921166181564331,0.1930345892906189,0.1588907539844513,0.09740158170461655,0.7111755609512329,0.804114818572998,0.33924224972724915,1.1755908727645874,100.0,,,,
HEAL_059,HEAL,2021,1.0647621154785156,0.2742511034011841,1.8910367488861084,0.07846707850694656,0.9289553761482239,0.2436707317829132,0.183108389377594,0.11199183017015457,0.6867774128913879,0.6861313581466675,0.2667511999607086,1.3434609174728394,100.0,,,,
HEAL_055,HEAL,2021,1.4066188335418701,0.05257269740104675,1.844191312789917,0.003355397842824459,0.997837245464325,0.4808093011379242,0.26761239767074585,0.16669297218322754,0.7406318187713623,0.6661365628242493,0.23755501210689545,1.9404281377792358,100.0,,,,
HEAL_047,HEAL,2021,1.0875164270401,0.11584809422492981,1.8618459701538086,0.021989043802022934,0.9820693135261536,0.2739756107330322,0.19455508887767792,0.11929765343666077,0.6704457402229309,0.7006597518920898,0.2523975968360901,1.4148266315460205,100.0,,,,
HEAL_010,HEAL,2021,1.2443681955337524,0.36096134781837463,1.9393787384033203,0.10941906273365021,0.9218254089355469,0.3778316080570221,0.2517431974411011,0.15467166900634766,0.7212842106819153,0.609382688999176,0.18244436383247375,1.684058666229248,100.0,,,,
HEAL_002,HEAL,2021,1.0662411451339722,0.052866850048303604,1.8286259174346924,0.0006798761896789074,0.9996199011802673,0.18239907920360565,0.15413852035999298,0.09383390843868256,0.5937990546226501,,0.0,1.2496086359024048,100.0,,,,
HEAL_003,HEAL,2021,1.264148235321045,0.052257657051086426,1.8286617994308472,0.0025413320399820805,0.9983312487602234,0.2606419324874878,0.18748079240322113,0.11870329827070236,0.5440284013748169,0.6366050839424133,0.13876540958881378,1.5351277589797974,100.0,,,,
HEAL_014,HEAL,2021,1.0845462083816528,0.5666372776031494,1.9673945903778076,0.18769782781600952,0.8416897654533386,0.28989720344543457,0.20677967369556427,0.12566694617271423,0.7584831714630127,0.7707038521766663,0.30921465158462524,1.4356632232666016,100.0,,,,
HEAL_022,HEAL,2021,1.2826119661331177,0.17723692953586578,1.8701457977294922,0.04436078667640686,0.9679303169250488,0.4029962122440338,0.2735733091831207,0.16600464284420013,0.7333644032478333,0.606812596321106,0.16767090559005737,1.7661876678466797,100.0,,,,
HEAL_023,HEAL,2021,1.202857255935669,0.5043742060661316,1.9564216136932373,0.16317561268806458,0.859758734703064,0.3452770709991455,0.22068504989147186,0.13640421628952026,0.7212610244750977,0.6463134288787842,0.3591952919960022,1.5960966348648071,100.0,,,,
HEAL_021,HEAL,2021,1.217564582824707,0.3249618709087372,1.929653286933899,0.09627596288919449,0.9284059405326843,0.3280391991138458,0.20835605263710022,0.12736834585666656,0.7237433195114136,0.8736329078674316,0.4051394760608673,1.6087372303009033,99.9965591430664,,,,
HEAL_001,HEAL,2021,1.7291260957717896,0.5166276693344116,1.858746886253357,0.16207551956176758,0.887736439704895,0.5520057678222656,0.30175310373306274,0.17577750980854034,0.7206748127937317,0.6478087306022644,0.3400208353996277,2.4061365127563477,100.0,,,,
HEAL_016,HEAL,2021,1.3933722972869873,0.5905671119689941,1.8353580236434937,0.183444082736969,0.8325179219245911,0.41886839270591736,0.2748173475265503,0.16186220943927765,0.7091020345687866,0.6524280905723572,0.24050278961658478,1.9012930393218994,100.0,,,,
HEAL_020,HEAL,2021,1.714396357536316,1.126786231994629,1.7684178352355957,0.3122439980506897,0.6876887679100037,0.5275226831436157,0.2878877818584442,0.1636352241039276,0.676819384098053,0.9500582218170166,0.3307267725467682,2.420961856842041,99.94303894042969,,,,
HEAL_006,HEAL,2021,1.6156022548675537,0.28943032026290894,1.8151775598526,0.07297631353139877,0.9264537692070007,0.47414150834083557,0.2655765414237976,0.1552712321281433,0.6911552548408508,0.9040281772613525,0.4909551441669464,2.213665008544922,99.98445892333984,,,,
HEAL_019,HEAL,2021,1.3414642810821533,0.09108972549438477,1.8706040382385254,0.01395457610487938,0.9911473989486694,0.3767975866794586,0.23906324803829193,0.14756733179092407,0.630890429019928,0.5878095030784607,0.14456374943256378,1.743789553642273,100.0,,,,
HEAL_011,HEAL,2021,1.1190128326416016,0.1831338256597519,1.9143785238265991,0.04674500599503517,0.965016782283783,0.29785236716270447,0.2167845368385315,0.13165782392024994,0.6921291351318359,0.580895185470581,0.1760900318622589,1.468579888343811,100.0,,,,
HEAL_025,HEAL,2021,2.8312134742736816,2.3776462078094482,1.8832050561904907,0.7472981214523315,0.6170109510421753,0.912805438041687,0.31742408871650696,0.1888105720281601,0.6709458827972412,0.9255637526512146,0.7881484031677246,3.936655044555664,99.57903289794922,,,,
HEAL_018,HEAL,2021,1.5579941272735596,0.6429764032363892,1.8361291885375977,0.21032936871051788,0.8310114741325378,0.4543512761592865,0.26325756311416626,0.1554335057735443,0.6938055753707886,0.716117799282074,0.31941860914230347,2.1003682613372803,99.99716186523438,,,,
HEAL_017,HEAL,2021,1.3518102169036865,0.6147993206977844,1.9049108028411865,0.19834904372692108,0.855927050113678,0.414543479681015,0.26308292150497437,0.15822330117225647,0.6861161589622498,0.6615181565284729,0.21489477157592773,1.8499431610107422,100.0,,,,
HEAL_004,HEAL,2021,1.1117212772369385,0.38323643803596497,1.7884489297866821,0.11091142147779465,0.8494973182678223,0.26369571685791016,0.21794554591178894,0.12733900547027588,0.7032393217086792,0.7111615538597107,0.12543931603431702,1.4311705827713013,100.0,,,,
HEAL_005,HEAL,2021,1.3257149457931519,0.1930539458990097,1.85276198387146,0.04796480014920235,0.9681928753852844,0.40932685136795044,0.26224881410598755,0.15944407880306244,0.7229503393173218,0.7537329792976379,0.23721864819526672,1.823319911956787,100.0,,,,
HEAL_015,HEAL,2021,1.7714108228683472,1.0270955562591553,1.999265193939209,0.3519293963909149,0.8034986257553101,0.640532374382019,0.33893054723739624,0.20362228155136108,0.7093749642372131,0.64410400390625,0.23635859787464142,2.531262159347534,100.0,,,,
HEAL_049,HEAL,2021,1.1487236022949219,0.04575106129050255,1.8103657960891724,0.0007213720236904919,0.9995853900909424,0.40997549891471863,0.32170531153678894,0.21323667466640472,0.8801974654197693,,0.1121574118733406,1.5386326313018799,100.0,,,,
HEAL_026,HEAL,2021,1.8219845294952393,1.2862043380737305,1.8580735921859741,0.3996029794216156,0.6825940012931824,0.5928894877433777,0.28769204020500183,0.17135505378246307,0.6419422626495361,0.7863946557044983,0.4767386019229889,2.5465915203094482,99.97142028808594,,,,
HEAL_045,HEAL,2021,0.9185043573379517,0.12210328876972198,1.7977432012557983,0.026244107633829117,0.965144157409668,0.19373838603496552,0.19508731365203857,0.11344461888074875,0.7583258748054504,0.4239054024219513,0.09349715709686279,1.1717993021011353,100.0,,,,
HEAL_024,HEAL,2021,1.0868409872055054,0.21233931183815002,1.8771554231643677,0.043692342936992645,0.9454010128974915,0.22647088766098022,0.19181929528713226,0.11757658421993256,0.6015818119049072,0.5883431434631348,0.16782861948013306,1.334138035774231,100.0,,,,
HEAL_072,HEAL,2023,0.9344932436943054,0.2974337041378021,1.7586033344268799,0.06471280008554459,0.8971514701843262,0.1724300980567932,0.16817694902420044,0.0979507565498352,0.6719803214073181,0.5249789357185364,0.1547115594148636,1.152660608291626,100.0,0.808401346206665,0.5535359382629395,0.7593570947647095,0.5174880027770996
HEAL_063,HEAL,2023,1.1724275350570679,0.12122108042240143,1.7820976972579956,0.015976445749402046,0.9856889247894287,0.24810153245925903,0.19229011237621307,0.11337447166442871,0.6012107133865356,0.6004816889762878,0.07662273198366165,1.4781386852264404,100.0,0.7964802980422974,0.5853354334831238,0.7353651523590088,0.5438334941864014
HEAL_070,HEAL,2023,0.8401208519935608,0.06858338415622711,1.7482640743255615,0.00020590540952980518,0.9998834133148193,0.0934525802731514,0.10829134285449982,0.06732645630836487,0.6258145570755005,,,0.9300798177719116,100.0,0.7574370503425598,0.5439655780792236,0.6860403418540955,0.5086022019386292
HEAL_060,HEAL,2023,1.0340434312820435,0.06530693173408508,1.770723819732666,0.0007550843874923885,0.9995934367179871,0.19798441231250763,0.18325796723365784,0.11550689488649368,0.6875027418136597,,0.0,1.2365731000900269,100.0,0.7730069160461426,0.5831621289253235,0.6992421746253967,0.5428063273429871
HEAL_071,HEAL,2023,1.3110870122909546,0.06872130185365677,1.760998249053955,0.0014305014628916979,0.999272882938385,0.2971498370170593,0.21943332254886627,0.13393548130989075,0.6772602200508118,,0.06929579377174377,1.6444774866104126,100.0,0.7786169648170471,0.5823270678520203,0.7040009498596191,0.5442771911621094
HEAL_050,HEAL,2023,1.0929248332977295,0.08618376404047012,1.7550820112228394,0.0053444476798176765,0.9961795806884766,0.25005903840065,0.19550396502017975,0.11628421396017075,0.7131431698799133,0.7151326537132263,0.19542883336544037,1.4066250324249268,100.0,0.7700960040092468,0.5696508288383484,0.6928017139434814,0.5341139435768127
HEAL_067,HEAL,2023,1.1857398748397827,0.08559515327215195,1.7583562135696411,0.003965725190937519,0.9976049661636353,0.2791084349155426,0.192029669880867,0.11637871712446213,0.583938479423523,0.9200124144554138,0.2161412388086319,1.5070147514343262,100.0,0.7747101783752441,0.5793793797492981,0.7015768885612488,0.5401901006698608
HEAL_068,HEAL,2023,1.0542722940444946,0.21266859769821167,1.7799535989761353,0.03928874433040619,0.9612113833427429,0.23665793240070343,0.1867031455039978,0.10796493291854858,0.6863653063774109,0.9130723476409912,0.2960801422595978,1.370761513710022,100.0,0.8172720670700073,0.5792386531829834,0.7658362984657288,0.5402733683586121
HEAL_064,HEAL,2023,1.0407183170318604,0.2522258162498474,1.7915476560592651,0.0508992038667202,0.9515037536621094,0.23379842936992645,0.19353868067264557,0.11154831200838089,0.6839238405227661,0.7752456068992615,0.19032184779644012,1.3572471141815186,100.0,0.8051333427429199,0.5818848609924316,0.7465552091598511,0.5423715114593506
HEAL_062,HEAL,2023,1.1709420680999756,0.08024309575557709,1.7771328687667847,0.002973247552290559,0.9982269406318665,0.27364760637283325,0.20325393974781036,0.12453655898571014,0.6567210555076599,0.4945603013038635,0.03843308240175247,1.4652520418167114,100.0,0.7891165018081665,0.5901579856872559,0.7213054299354553,0.549072265625
HEAL_061,HEAL,2023,1.074499487876892,0.3439437747001648,1.8533692359924316,0.07173992693424225,0.9416617155075073,0.25888851284980774,0.18461525440216064,0.10830261558294296,0.6660682559013367,0.751639187335968,0.3767792582511902,1.4191352128982544,100.0,0.8311190605163574,0.5547361373901367,0.7935240864753723,0.5190314650535583
HEAL_073,HEAL,2023,1.1816539764404297,0.27025890350341797,1.8331211805343628,0.05459722504019737,0.9598977565765381,0.3165431022644043,0.20467130839824677,0.1206313893198967,0.6744343638420105,0.8466866612434387,0.3253912329673767,1.599860429763794,100.0,0.8193811178207397,0.5817062258720398,0.7688305974006653,0.5421189665794373
HEAL_052,HEAL,2023,1.0597100257873535,0.1594250500202179,1.7757397890090942,0.024704236537218094,0.9811518788337708,0.2632237672805786,0.18867731094360352,0.11300380527973175,0.6904887557029724,0.7484637498855591,0.35692524909973145,1.3966714143753052,100.0,0.7703489661216736,0.5705350637435913,0.6933795809745789,0.5346927046775818
HEAL_066,HEAL,2023,1.0582431554794312,0.5003827214241028,1.900635004043579,0.12243147194385529,0.9013642072677612,0.2464180439710617,0.18130935728549957,0.1069500669836998,0.670810878276825,0.7722251415252686,0.3300807476043701,1.3789764642715454,100.0,0.8134200572967529,0.5256914496421814,0.7757754325866699,0.4931879937648773
HEAL_058,HEAL,2023,1.2621440887451172,0.11995995789766312,1.7816970348358154,0.016171671450138092,0.9867672920227051,0.33799442648887634,0.23085804283618927,0.13603156805038452,0.6824608445167542,0.6315534114837646,0.21062222123146057,1.6816043853759766,100.0,0.7811214923858643,0.5895572900772095,0.706098735332489,0.5505640506744385
HEAL_069,HEAL,2023,1.0803717374801636,0.22930848598480225,1.8364306688308716,0.042742159217596054,0.9626774787902832,0.24166987836360931,0.18604014813899994,0.1109045073390007,0.6673411130905151,0.7561976909637451,0.21745923161506653,1.380089282989502,100.0,0.7840484380722046,0.5627676844596863,0.7163070440292358,0.5276450514793396
HEAL_048,HEAL,2023,1.0209462642669678,0.0744209736585617,1.7675541639328003,0.0007763171452097595,0.9995079636573792,0.20647600293159485,0.1865517646074295,0.11141865700483322,0.759716808795929,,0.0,1.2622780799865723,100.0,0.740991473197937,0.5454405546188354,0.6583688855171204,0.511269211769104
HEAL_054,HEAL,2023,1.2351845502853394,0.16643191874027252,1.7882450819015503,0.028325090184807777,0.9794349670410156,0.29776403307914734,0.20121268928050995,0.11699333786964417,0.6412405371665955,0.8307772278785706,0.25250062346458435,1.6293888092041016,100.0,0.809219241142273,0.6065216064453125,0.7516714930534363,0.5610501766204834
HEAL_053,HEAL,2023,1.0989282131195068,0.21304047107696533,1.7903715372085571,0.03554712235927582,0.971375584602356,0.2551247775554657,0.18449489772319794,0.10857945680618286,0.6123331189155579,0.7012715339660645,0.23709675669670105,1.4225666522979736,100.0,0.7868072390556335,0.5850333571434021,0.7217272520065308,0.5432949662208557
HEAL_074,HEAL,2023,1.0635745525360107,0.33609506487846375,1.8366739749908447,0.06930899620056152,0.9411928057670593,0.22520451247692108,0.16395631432533264,0.0967140942811966,0.5964060425758362,0.7530301213264465,0.32391372323036194,1.347516417503357,100.0,0.8317071199417114,0.551203191280365,0.7984749674797058,0.5147387385368347
HEAL_056,HEAL,2023,1.1993554830551147,0.1245546042919159,1.800815463066101,0.013654595240950584,0.9899776577949524,0.2936652600765228,0.2121838629245758,0.12725934386253357,0.6308202743530273,0.6007421016693115,0.16197971999645233,1.555504560470581,100.0,0.7798511385917664,0.5754507184028625,0.7058424949645996,0.5392053723335266
HEAL_051,HEAL,2023,1.0484730005264282,0.33800309896469116,1.8474578857421875,0.07470428943634033,0.9339098334312439,0.21574845910072327,0.1654392033815384,0.09736748039722443,0.6014209985733032,0.7460126280784607,0.24607275426387787,1.31754732131958,100.0,0.8075005412101746,0.5256592035293579,0.7677890658378601,0.4928671419620514
HEAL_065,HEAL,2023,1.005385160446167,0.15876808762550354,1.8062398433685303,0.02668938972055912,0.9770148396492004,0.23119968175888062,0.17425726354122162,0.10640523582696915,0.66435307264328,0.647428572177887,0.35495245456695557,1.2765530347824097,100.0,0.7643166184425354,0.5730904936790466,0.6919673085212708,0.5324709415435791
HEAL_057,HEAL,2023,1.1023610830307007,0.24105246365070343,1.842319130897522,0.047725334763526917,0.9612215757369995,0.290714830160141,0.1991916298866272,0.12085507810115814,0.6812351942062378,0.6857085824012756,0.3031837046146393,1.4474880695343018,100.0,0.8336309194564819,0.5499549508094788,0.8008705973625183,0.5141539573669434
HEAL_046,HEAL,2023,1.0505684614181519,0.3041636347770691,1.861830472946167,0.06042958423495293,0.9496762156486511,0.23551015555858612,0.17395569384098053,0.10301604866981506,0.6663303375244141,0.7941609025001526,0.3513543903827667,1.3514528274536133,100.0,0.8131194114685059,0.5796354413032532,0.7679868936538696,0.5360419750213623
HEAL_059,HEAL,2023,1.0839817523956299,0.3288775682449341,1.8228023052215576,0.06954232603311539,0.9422330856323242,0.2490406036376953,0.18460728228092194,0.10761088877916336,0.646511971950531,0.7763181328773499,0.23545227944850922,1.4120486974716187,100.0,0.8156989812850952,0.5787420272827148,0.7762212753295898,0.5333261489868164
HEAL_055,HEAL,2023,1.4322941303253174,0.07158806174993515,1.7695341110229492,0.0022790958173573017,0.9987629055976868,0.45433109998703003,0.26563504338264465,0.1604059636592865,0.6427022218704224,0.5651496648788452,0.2484145611524582,1.9395049810409546,100.0,0.7552770972251892,0.5533986687660217,0.6738781929016113,0.5200967788696289
HEAL_047,HEAL,2023,1.1912487745285034,0.14440499246120453,1.8047653436660767,0.01933952607214451,0.9873539209365845,0.3124803304672241,0.20469561219215393,0.1212851032614708,0.6429148316383362,0.7645649909973145,0.2192315012216568,1.5875188112258911,100.0,0.8080739974975586,0.5556572079658508,0.7612215876579285,0.518189549446106
HEAL_010,HEAL,2023,1.3435020446777344,0.4030165672302246,1.886540174484253,0.10331319272518158,0.9362740516662598,0.3954634964466095,0.24838081002235413,0.14748182892799377,0.6447914242744446,0.6243506073951721,0.19672012329101562,1.828758716583252,100.0,0.8283761739730835,0.6637310981750488,0.7805601358413696,0.6003609895706177
HEAL_002,HEAL,2023,0.9602169990539551,0.06841395050287247,1.7521063089370728,0.00038227447657845914,0.99977046251297,0.1824531853199005,0.17815949022769928,0.10885162651538849,0.7398124933242798,,0.0,1.1700682640075684,100.0,0.716841459274292,0.5202066898345947,0.6320568919181824,0.4876619577407837
HEAL_003,HEAL,2023,1.3008090257644653,0.0733393207192421,1.755750298500061,0.002405762206763029,0.9985419511795044,0.31334295868873596,0.2134116142988205,0.12773406505584717,0.541167676448822,0.6658871173858643,0.10801323503255844,1.6791467666625977,100.0,0.7712686061859131,0.5854241847991943,0.6932318210601807,0.5464551448822021
HEAL_014,HEAL,2023,1.1877361536026,0.5686712861061096,1.893601417541504,0.15231598913669586,0.8841987252235413,0.33781030774116516,0.2240602970123291,0.13170093297958374,0.7096967697143555,0.7913805842399597,0.33308833837509155,1.6230190992355347,99.99858093261719,0.8458229899406433,0.6417674422264099,0.8016570806503296,0.5889507532119751
HEAL_022,HEAL,2023,1.3652864694595337,0.2159157544374466,1.8012741804122925,0.041939664632081985,0.9745708703994751,0.42909565567970276,0.27831125259399414,0.16238650679588318,0.7166063189506531,0.6821492314338684,0.1721445918083191,1.9354745149612427,100.0,0.8141647577285767,0.5869154930114746,0.7599092721939087,0.5463454723358154
HEAL_023,HEAL,2023,1.3238730430603027,0.5385474562644958,1.8730915784835815,0.13394233584403992,0.9010007977485657,0.3973205089569092,0.23717263340950012,0.14064136147499084,0.6912031173706055,0.7675614953041077,0.41549670696258545,1.8207157850265503,100.0,0.8639091849327087,0.5394688248634338,0.8632485866546631,0.4942385852336883
HEAL_021,HEAL,2023,1.3689147233963013,0.3290592432022095,1.8464844226837158,0.07251705229282379,0.9558443427085876,0.37388724088668823,0.21932105720043182,0.12768860161304474,0.6409122347831726,0.8335847854614258,0.3656759262084961,1.8652515411376953,99.9959945678711,0.8237191438674927,0.6319445371627808,0.7537755966186523,0.590483546257019
HEAL_001,HEAL,2023,1.5436111688613892,0.48077863454818726,1.81833815574646,0.12836605310440063,0.9009917974472046,0.4695062041282654,0.28752362728118896,0.163838192820549,0.697576642036438,0.6561460494995117,0.2645640969276428,2.153729200363159,100.0,0.8275914788246155,0.5916024446487427,0.7789095640182495,0.5504316091537476
HEAL_016,HEAL,2023,1.3006008863449097,0.5968286991119385,1.8338052034378052,0.16213791072368622,0.8614426255226135,0.37452006340026855,0.2565474808216095,0.14646181464195251,0.7025871276855469,0.6596143841743469,0.31616872549057007,1.790418028831482,100.0,0.8410245180130005,0.5484825372695923,0.815463662147522,0.5104100108146667
HEAL_020,HEAL,2023,1.489122748374939,0.9583258032798767,1.763656735420227,0.259493350982666,0.7448025345802307,0.4107079803943634,0.23463484644889832,0.1314367949962616,0.6649169325828552,0.9156938791275024,0.5940102934837341,2.070606231689453,99.91975402832031,0.8555676341056824,0.1852208971977234,0.922523558139801,0.1975472569465637
HEAL_006,HEAL,2023,1.5003505945205688,0.27866172790527344,1.7516767978668213,0.06253117322921753,0.9413028359413147,0.42264607548713684,0.2309904247522354,0.1297580897808075,0.703066885471344,0.9000726938247681,0.7691752314567566,2.085649251937866,99.9802017211914,0.7368787527084351,0.1671777963638305,0.7631434202194214,0.1774334758520126
HEAL_019,HEAL,2023,1.5314792394638062,0.11340158432722092,1.786012887954712,0.012627172283828259,0.9933942556381226,0.42677542567253113,0.2478957325220108,0.14709481596946716,0.5927107930183411,0.6130290031433105,0.15682171285152435,2.0492238998413086,100.0,0.8282357454299927,0.4001925885677337,0.7883280515670776,0.3992176949977875
HEAL_011,HEAL,2023,1.2511743307113647,0.19583439826965332,1.8031580448150635,0.035372667014598846,0.977281928062439,0.3520631492137909,0.23933470249176025,0.1441437155008316,0.6714286208152771,0.6180194020271301,0.18939203023910522,1.676069974899292,100.0,0.7870175838470459,0.3003617227077484,0.7736577987670898,0.3042799830436706
HEAL_025,HEAL,2023,3.084547281265259,2.4924962520599365,1.9178894758224487,0.7514844536781311,0.6704367995262146,0.8994014859199524,0.29375356435775757,0.16912652552127838,0.6339517831802368,0.8873811364173889,0.8172879219055176,4.213649272918701,99.46651458740234,0.8134112358093262,0.4219242036342621,0.79433673620224,0.4051201045513153
HEAL_018,HEAL,2023,1.590215802192688,0.6475167870521545,1.7813525199890137,0.17284657061100006,0.8515680432319641,0.4699215888977051,0.2647761106491089,0.14964325726032257,0.6763064861297607,0.693579375743866,0.400895357131958,2.2075488567352295,99.99824523925781,0.8409477472305298,0.6199050545692444,0.8021450042724609,0.5691112279891968
HEAL_017,HEAL,2023,1.447984218597412,0.6446073651313782,1.8577189445495605,0.17902569472789764,0.8831716775894165,0.4396800398826599,0.26409611105918884,0.15414896607398987,0.6619123816490173,0.6411888599395752,0.23652786016464233,2.0106797218322754,100.0,0.8301480412483215,0.6428841948509216,0.7902196645736694,0.5822008848190308
HEAL_004,HEAL,2023,1.018211841583252,0.32117775082588196,1.7475323677062988,0.07328397780656815,0.8867209553718567,0.21549879014492035,0.19164402782917023,0.11074987053871155,0.6395704746246338,0.6185404658317566,0.18995897471904755,1.303133249282837,100.0,0.8699447512626648,0.328772485256195,0.8640460968017578,0.3358349800109863
HEAL_005,HEAL,2023,1.3901573419570923,0.2168463170528412,1.8176720142364502,0.04285722225904465,0.9758765697479248,0.42462894320487976,0.2639748156070709,0.15564876794815063,0.6933389902114868,0.7488229274749756,0.23974184691905975,1.9363603591918945,100.0,0.811461865901947,0.5684729814529419,0.7579197883605957,0.5317800045013428
HEAL_015,HEAL,2023,1.8920236825942993,1.053838849067688,2.0195324420928955,0.3294147551059723,0.847176730632782,0.6083278656005859,0.3077768385410309,0.18006373941898346,0.6652648448944092,0.643919050693512,0.26778295636177063,2.6308767795562744,100.0,0.8018977642059326,0.5129827857017517,0.7539786696434021,0.4852174818515777
HEAL_049,HEAL,2023,0.9554920196533203,0.06062116101384163,1.754443883895874,0.0001871659915195778,0.9999003410339355,0.129599928855896,0.12691354751586914,0.07589935511350632,0.7637199759483337,,,1.080604910850525,100.0,0.7595390677452087,0.5646395683288574,0.6810991168022156,0.528212308883667
HEAL_026,HEAL,2023,2.0241141319274902,1.230341911315918,1.927767038345337,0.35989809036254883,0.8063966631889343,0.656196117401123,0.29302191734313965,0.16954770684242249,0.685610830783844,0.788722574710846,0.5522342920303345,2.8714494705200195,99.96729278564453,0.8137192726135254,0.4015993177890777,0.8048054575920105,0.3878970146179199
HEAL_045,HEAL,2023,0.9154197573661804,0.11880423873662949,1.7682112455368042,0.01806201972067356,0.9676370024681091,0.16631607711315155,0.17014093697071075,0.10002262890338898,0.6770879626274109,,0.15038584172725677,1.1166454553604126,100.0,0.7367919087409973,0.5454344749450684,0.652032196521759,0.5114474892616272
HEAL_024,HEAL,2023,1.0618550777435303,0.22881674766540527,1.8266372680664062,0.03400230407714844,0.9772032499313354,0.2665695250034332,0.2179163247346878,0.13288699090480804,0.7209159135818481,0.6212631464004517,0.1090843677520752,1.3682935237884521,100.0,0.76554936170578,0.3311489522457123,0.7197660803794861,0.3341398239135742
HEAL_072,HEAL,2024,0.9449807405471802,0.3399825692176819,1.738077163696289,0.07204726338386536,0.8912368416786194,0.1555875539779663,0.14812448620796204,0.08199191838502884,0.6107357144355774,0.6808497309684753,0.13815364241600037,1.1836585998535156,100.0,0.8310713768005371,0.5923207998275757,0.7980374693870544,0.543571412563324
HEAL_063,HEAL,2024,1.1510028839111328,0.13819429278373718,1.7382590770721436,0.018257856369018555,0.9839580655097961,0.2055027037858963,0.1587769240140915,0.08840976655483246,0.5605310797691345,0.6870620250701904,0.08237738162279129,1.4528610706329346,100.0,0.7992541193962097,0.578646719455719,0.7378072142601013,0.5399248600006104
HEAL_070,HEAL,2024,0.8511461615562439,0.0737161859869957,1.7129385471343994,0.00027673423755913973,0.9998645782470703,0.059341635555028915,0.06831228733062744,0.03890815004706383,0.57216876745224,,0.0,0.925032377243042,100.0,0.7518355250358582,0.5368115305900574,0.6761960983276367,0.5041879415512085
HEAL_060,HEAL,2024,0.9726855158805847,0.0681280866265297,1.7359898090362549,0.0008407431887462735,0.999515950679779,0.12640009820461273,0.1154695600271225,0.06551100313663483,0.56138676404953,,0.0,1.1503201723098755,100.0,0.7663316130638123,0.5761399269104004,0.688049852848053,0.5384770631790161
HEAL_071,HEAL,2024,1.2177613973617554,0.07074566930532455,1.7382243871688843,0.0016815343406051397,0.9991810917854309,0.19891464710235596,0.14658473432064056,0.08371992409229279,0.5747696161270142,,0.03967219963669777,1.4806673526763916,100.0,0.7745901942253113,0.5844904184341431,0.6950188875198364,0.5476118326187134
HEAL_050,HEAL,2024,0.9961346387863159,0.0909365862607956,1.7352147102355957,0.006344959139823914,0.995439887046814,0.16833814978599548,0.1364957094192505,0.07586206495761871,0.6276642680168152,0.6836434006690979,0.20278510451316833,1.238205075263977,100.0,0.7653716802597046,0.5672481656074524,0.682861328125,0.5340341925621033
HEAL_067,HEAL,2024,1.086847186088562,0.09007343649864197,1.728567123413086,0.00447235768660903,0.997454822063446,0.19962745904922485,0.13593053817749023,0.07637635618448257,0.5644091963768005,0.8037018775939941,0.18613849580287933,1.3812451362609863,100.0,0.7720903754234314,0.57331782579422,0.6939404010772705,0.5379229784011841
HEAL_068,HEAL,2024,1.026351809501648,0.2266538441181183,1.751649022102356,0.04210390895605087,0.9570434093475342,0.19845591485500336,0.1548546999692917,0.08553595095872879,0.6322172284126282,0.8836199641227722,0.2754819095134735,1.3276242017745972,100.0,0.8232855796813965,0.5907382369041443,0.7709207534790039,0.550841748714447
HEAL_064,HEAL,2024,1.0375118255615234,0.277669757604599,1.749742031097412,0.05774017423391342,0.9457369446754456,0.20345835387706757,0.16190259158611298,0.08961290121078491,0.6354536414146423,0.7924385666847229,0.17605847120285034,1.3397045135498047,100.0,0.8094280958175659,0.5900365710258484,0.750778079032898,0.5495376586914062
HEAL_062,HEAL,2024,1.1006513833999634,0.08562423288822174,1.7382868528366089,0.0034402888268232346,0.9981493949890137,0.1904800981283188,0.13601627945899963,0.07593299448490143,0.5569677352905273,0.6713836193084717,0.09837811440229416,1.3642816543579102,100.0,0.7892628908157349,0.591105043888092,0.7179093956947327,0.5518455505371094
HEAL_061,HEAL,2024,0.9908685684204102,0.37191498279571533,1.822295069694519,0.07863974571228027,0.9363145232200623,0.2003861367702484,0.14383424818515778,0.07960077375173569,0.6284539103507996,0.7609723210334778,0.35919150710105896,1.300196886062622,100.0,0.837826669216156,0.5549760460853577,0.7998179197311401,0.521081268787384
HEAL_073,HEAL,2024,1.1055601835250854,0.28895553946495056,1.8080388307571411,0.058294106274843216,0.9572798609733582,0.24429118633270264,0.15668171644210815,0.08638452738523483,0.6265784502029419,0.8647286295890808,0.3372151553630829,1.4773099422454834,100.0,0.8207984566688538,0.575828492641449,0.7684167623519897,0.5392389297485352
HEAL_052,HEAL,2024,0.9634352922439575,0.17567609250545502,1.7512601613998413,0.027317630127072334,0.979148268699646,0.19470876455307007,0.14551964402198792,0.08025408536195755,0.6434717178344727,0.8468489050865173,0.33299097418785095,1.2689464092254639,100.0,0.7629091739654541,0.5494438409805298,0.6792293190956116,0.5208428502082825
HEAL_066,HEAL,2024,0.995084822177887,0.5410679578781128,1.8787442445755005,0.13192544877529144,0.8924527764320374,0.1933249980211258,0.1420169621706009,0.07851988822221756,0.6221869587898254,0.7842317223548889,0.3426392674446106,1.2873589992523193,100.0,0.8166953325271606,0.5280382037162781,0.7797768115997314,0.4953759610652923
HEAL_058,HEAL,2024,1.2405153512954712,0.13037894666194916,1.7371631860733032,0.017293846234679222,0.9859668016433716,0.2681867480278015,0.17807462811470032,0.098580002784729,0.6041672825813293,0.6719178557395935,0.1857576221227646,1.6255499124526978,100.0,0.78266841173172,0.5788724422454834,0.7048556804656982,0.5447902679443359
HEAL_069,HEAL,2024,1.052249789237976,0.23657925426959991,1.8085063695907593,0.044384270906448364,0.9613771438598633,0.19346509873867035,0.14427924156188965,0.08026330173015594,0.6249246597290039,0.7792431116104126,0.22409778833389282,1.328253984451294,100.0,0.7766559720039368,0.5560082197189331,0.7078616619110107,0.5212909579277039
HEAL_048,HEAL,2024,1.0352774858474731,0.0781010091304779,1.7287713289260864,0.001022684620693326,0.9993473887443542,0.14885956048965454,0.12937769293785095,0.07213854789733887,0.5960798263549805,,0.0,1.2402598857879639,100.0,0.7389246821403503,0.5365402102470398,0.6532618999481201,0.5058222413063049
HEAL_054,HEAL,2024,1.2165467739105225,0.1667141318321228,1.7699263095855713,0.02917623706161976,0.9785323143005371,0.2490292340517044,0.16071408987045288,0.08897799998521805,0.5769597887992859,0.852968156337738,0.2551950514316559,1.58305823802948,100.0,0.8115171790122986,0.6117125153541565,0.7525997757911682,0.566252589225769
HEAL_053,HEAL,2024,1.0396277904510498,0.22640763223171234,1.7673985958099365,0.0380035899579525,0.9693980813026428,0.208121195435524,0.15026886761188507,0.08319439738988876,0.6059437394142151,0.7114539742469788,0.21715997159481049,1.354488730430603,100.0,0.774929940700531,0.5747118592262268,0.7047245502471924,0.535385251045227
HEAL_074,HEAL,2024,0.9765691757202148,0.3603832423686981,1.8228318691253662,0.07276956737041473,0.9384808540344238,0.17227759957313538,0.13029345870018005,0.0718202218413353,0.5934884548187256,0.8118363618850708,0.28831595182418823,1.2345865964889526,100.0,0.8338133692741394,0.5521076917648315,0.8010366559028625,0.5157461762428284
HEAL_056,HEAL,2024,1.1599847078323364,0.13492923974990845,1.7620400190353394,0.015079575590789318,0.9891481995582581,0.23019756376743317,0.1645505130290985,0.09175805747509003,0.5814546942710876,0.6526371240615845,0.11904007196426392,1.489037275314331,100.0,0.771689772605896,0.5671874284744263,0.6951795816421509,0.5322508811950684
HEAL_051,HEAL,2024,0.9809578657150269,0.3766474723815918,1.8441050052642822,0.08098991960287094,0.9306780695915222,0.16646060347557068,0.13206328451633453,0.07272273302078247,0.5703991651535034,0.7993900775909424,0.21554219722747803,1.2309273481369019,100.0,0.8088462352752686,0.5277272462844849,0.7681705355644226,0.4950834512710571
HEAL_065,HEAL,2024,0.9362533688545227,0.17966525256633759,1.7363872528076172,0.028710732236504555,0.9754911065101624,0.17228569090366364,0.13001222908496857,0.0723133310675621,0.611057460308075,0.768861711025238,0.34775498509407043,1.1939424276351929,100.0,0.752535343170166,0.5668461918830872,0.6784926056861877,0.5255392789840698
HEAL_057,HEAL,2024,0.9828327894210815,0.27136996388435364,1.798723816871643,0.0508166179060936,0.9600241184234619,0.19635455310344696,0.14036071300506592,0.07775657624006271,0.6282457709312439,0.7672703266143799,0.3232491910457611,1.2778104543685913,100.0,0.8399016857147217,0.5680953860282898,0.8132710456848145,0.526126503944397
HEAL_046,HEAL,2024,0.9843853712081909,0.3143478333950043,1.8176181316375732,0.06190982088446617,0.9464258551597595,0.1792851984500885,0.1332733929157257,0.07354353368282318,0.6113567352294922,0.7959864139556885,0.32725322246551514,1.2524257898330688,100.0,0.8099650144577026,0.5824617147445679,0.7640585899353027,0.5376408696174622
HEAL_059,HEAL,2024,1.034608006477356,0.3500039875507355,1.7910840511322021,0.07357810437679291,0.9383140206336975,0.20539003610610962,0.15064513683319092,0.08312417566776276,0.6175872087478638,0.728840172290802,0.23715436458587646,1.3471360206604004,100.0,0.8123151659965515,0.5759598612785339,0.7712388634681702,0.5313700437545776
HEAL_055,HEAL,2024,1.222800612449646,0.07582147419452667,1.7332868576049805,0.002448439132422209,0.9986242651939392,0.27909165620803833,0.17032697796821594,0.0935218334197998,0.6134023070335388,0.6120404005050659,0.2939949631690979,1.6538589000701904,100.0,0.7240914106369019,0.5296513438224792,0.6315857768058777,0.5000548362731934
HEAL_047,HEAL,2024,1.10604989528656,0.1540478616952896,1.762366533279419,0.020504606887698174,0.9863279461860657,0.23921337723731995,0.15531843900680542,0.08590403944253922,0.5337965488433838,0.8483158349990845,0.2449459731578827,1.4759730100631714,100.0,0.805431067943573,0.5546630620956421,0.75863116979599,0.5167733430862427
HEAL_010,HEAL,2024,1.228163719177246,0.46081405878067017,1.8823894262313843,0.11350573599338531,0.9309118390083313,0.2994765639305115,0.19290323555469513,0.10683885961771011,0.6325219869613647,0.6990169286727905,0.18806099891662598,1.6788004636764526,100.0,0.8180883526802063,0.551506519317627,0.7772583961486816,0.5145724415779114
HEAL_002,HEAL,2024,1.5515445470809937,0.07451119273900986,1.7113662958145142,0.0007537497440353036,0.9997302889823914,0.09967692196369171,0.09465116262435913,0.053219035267829895,0.3183269202709198,,0.0,1.6898891925811768,100.0,0.6928773522377014,0.5197024941444397,0.5966886281967163,0.4872593283653259
HEAL_003,HEAL,2024,1.2820862531661987,0.07516538351774216,1.7324333190917969,0.002638371428474784,0.9985624551773071,0.23179659247398376,0.1547544300556183,0.08563493192195892,0.49919116497039795,0.8206934928894043,0.11370467394590378,1.6290981769561768,100.0,0.7577334046363831,0.5622499585151672,0.6753846406936646,0.5282129645347595
HEAL_014,HEAL,2024,1.0672192573547363,0.6833401918411255,1.8773607015609741,0.17409799993038177,0.8717479109764099,0.2587805688381195,0.1791597604751587,0.09811031073331833,0.6723368763923645,0.843177318572998,0.31084489822387695,1.470221996307373,99.99938201904297,0.8392007946968079,0.5552628636360168,0.815504789352417,0.5151038765907288
HEAL_022,HEAL,2024,1.323207139968872,0.229202002286911,1.7846243381500244,0.0456429161131382,0.972109317779541,0.36208078265190125,0.2318892478942871,0.12828178703784943,0.6622496843338013,0.6908331513404846,0.1613655984401703,1.8774811029434204,100.0,0.8073031902313232,0.5817868709564209,0.7459276914596558,0.5445305109024048
HEAL_023,HEAL,2024,1.1098825931549072,0.6482306122779846,1.8411917686462402,0.1514119654893875,0.890259325504303,0.27835455536842346,0.17822815477848053,0.0974830910563469,0.6662460565567017,0.815756618976593,0.38459086418151855,1.536064863204956,100.0,0.8532965183258057,0.5709770917892456,0.821541965007782,0.5340770483016968
HEAL_021,HEAL,2024,1.2606911659240723,0.3533429801464081,1.8295811414718628,0.07765418291091919,0.9530059099197388,0.2934170067310333,0.17479775846004486,0.09633100032806396,0.6130649447441101,0.9086621403694153,0.3711961805820465,1.7054866552352905,99.99651336669922,0.791925847530365,0.5420538783073425,0.7370407581329346,0.5079889297485352
HEAL_001,HEAL,2024,1.5227328538894653,0.5432466268539429,1.7955294847488403,0.14204084873199463,0.8926098346710205,0.4199739694595337,0.2498796135187149,0.13694564998149872,0.6790899038314819,0.713646411895752,0.2986327111721039,2.134751319885254,100.0,0.8141810297966003,0.5892006158828735,0.7555682063102722,0.5502113103866577
HEAL_016,HEAL,2024,1.2656376361846924,0.6650860905647278,1.8007943630218506,0.1759137213230133,0.844479501247406,0.3307831585407257,0.22457295656204224,0.12312303483486176,0.6709473729133606,0.693084180355072,0.3086329400539398,1.7556626796722412,100.0,0.8608118295669556,0.5955069661140442,0.8425266742706299,0.5460848808288574
HEAL_020,HEAL,2024,1.5429027080535889,1.066510558128357,1.7487983703613281,0.2851893901824951,0.7164015769958496,0.3858436644077301,0.20918607711791992,0.1133989617228508,0.6110656261444092,0.9741385579109192,0.5863524079322815,2.1410598754882812,99.91382598876953,0.8295588493347168,0.5642605423927307,0.7953343391418457,0.5236490368843079
HEAL_006,HEAL,2024,1.5545458793640137,0.2993846833705902,1.7466497421264648,0.0692436546087265,0.9335947632789612,0.3926449716091156,0.20005325973033905,0.1096033975481987,0.633637547492981,0.8720613718032837,0.7357667684555054,2.1472926139831543,99.97666931152344,0.7288693785667419,0.5077819228172302,0.6418412327766418,0.4827277958393097
HEAL_019,HEAL,2024,1.3457233905792236,0.13187332451343536,1.7520623207092285,0.015334123745560646,0.9921695590019226,0.29617443680763245,0.18780680000782013,0.104831263422966,0.5736390948295593,0.6277463436126709,0.18112532794475555,1.7621225118637085,100.0,0.8152667880058289,0.5960305333137512,0.7631308436393738,0.5520975589752197
HEAL_011,HEAL,2024,1.1591416597366333,0.2194233536720276,1.80327308177948,0.04064464196562767,0.9746625423431396,0.27243509888648987,0.1864074021577835,0.10347576439380646,0.6243001222610474,0.6562200784683228,0.16840799152851105,1.5537139177322388,100.0,0.7735515236854553,0.5559026598930359,0.7138649821281433,0.5156630277633667
HEAL_025,HEAL,2024,2.904212713241577,2.752037286758423,1.9341665506362915,0.8016026616096497,0.6537274718284607,0.7988331913948059,0.26172614097595215,0.1424352377653122,0.6167105436325073,0.9913452863693237,0.8842300176620483,4.0620222091674805,99.44793701171875,0.7869629263877869,0.3654574751853943,0.7841745615005493,0.354400634765625
HEAL_018,HEAL,2024,1.5481129884719849,0.7277083992958069,1.7515491247177124,0.18963254988193512,0.8340927958488464,0.42928454279899597,0.2373715490102768,0.12964005768299103,0.6608977317810059,0.7692832350730896,0.43754807114601135,2.1843199729919434,99.99862670898438,0.8535898923873901,0.6180374622344971,0.8201599717140198,0.5688031911849976
HEAL_017,HEAL,2024,1.3866928815841675,0.729391872882843,1.873250961303711,0.20499567687511444,0.861036479473114,0.35401463508605957,0.21208499372005463,0.11658123135566711,0.5897034406661987,0.6742039918899536,0.23872840404510498,1.9090447425842285,100.0,0.8249132633209229,0.5745511054992676,0.7932853102684021,0.5287928581237793
HEAL_004,HEAL,2024,1.0864404439926147,0.3902347981929779,1.7132824659347534,0.08778293430805206,0.853037416934967,0.19390982389450073,0.16351526975631714,0.09009236842393875,0.5616809129714966,0.6363726854324341,0.13112007081508636,1.384303092956543,100.0,0.8463844656944275,0.6202733516693115,0.814990222454071,0.566767156124115
HEAL_005,HEAL,2024,1.3306177854537964,0.24204201996326447,1.8082555532455444,0.048771753907203674,0.973577082157135,0.3480004668235779,0.2128651887178421,0.11829063296318054,0.6497581601142883,0.7664071321487427,0.20310018956661224,1.8579306602478027,99.9996109008789,0.8552060127258301,0.1631788909435272,0.7910383939743042,0.183037593960762
HEAL_015,HEAL,2024,1.8483985662460327,1.1490917205810547,2.025223970413208,0.36338376998901367,0.8385049104690552,0.5119988322257996,0.24853944778442383,0.1375003308057785,0.579239547252655,0.6775950789451599,0.24715764820575714,2.5475516319274902,100.0,0.7896668910980225,0.5148242712020874,0.7321383953094482,0.4879721999168396
HEAL_049,HEAL,2024,0.848891019821167,0.06438036262989044,1.7131272554397583,0.00017983169527724385,0.9998898506164551,0.08111635595560074,0.08557089418172836,0.04883137345314026,0.767322838306427,,,0.9513563513755798,100.0,0.7460021376609802,0.5438619256019592,0.6602156758308411,0.5134100914001465
HEAL_026,HEAL,2024,1.8429685831069946,1.3901094198226929,1.9137635231018066,0.3982738256454468,0.7854324579238892,0.5470761656761169,0.24677647650241852,0.1356889307498932,0.6540333032608032,0.8634235262870789,0.5696069598197937,2.6472480297088623,99.96233367919922,0.8094521164894104,0.4362792372703552,0.7850720882415771,0.4181850850582123
HEAL_045,HEAL,2024,0.9028737545013428,0.1405782401561737,1.716691493988037,0.02077813632786274,0.9659950137138367,0.14737243950366974,0.1502685844898224,0.08329024165868759,0.642390787601471,0.6327938437461853,0.16329196095466614,1.1271950006484985,100.0,0.7149845361709595,0.5245206356048584,0.6247340440750122,0.4933540523052215
HEAL_024,HEAL,2024,0.952855110168457,0.2623431384563446,1.8079257011413574,0.044107578694820404,0.9653018712997437,0.16695554554462433,0.14036694169044495,0.07847421616315842,0.6177182197570801,0.5588253736495972,0.12137369066476822,1.1856017112731934,100.0,0.7548738121986389,0.5026959180831909,0.6733051538467407,0.4822223484516144
HEAL_072,HEAL,2025,1.0163822174072266,0.3685598075389862,1.7893794775009155,0.08671899139881134,0.8837029337882996,0.20290955901145935,0.18788234889507294,0.10879365354776382,0.6670035719871521,0.6652786731719971,0.11645030230283737,1.2904702425003052,100.0,0.9267509579658508,0.1616194248199463,0.864089846611023,0.1831080615520477
HEAL_063,HEAL,2025,1.233092188835144,0.1434706747531891,1.7913050651550293,0.020425789058208466,0.9826692342758179,0.2716043293476105,0.2052149772644043,0.12139156460762024,0.6131899952888489,0.675373375415802,0.06408936530351639,1.5781736373901367,100.0,0.9486173987388612,0.1461449414491653,0.9017987251281738,0.1662890911102295
HEAL_070,HEAL,2025,1.012083649635315,0.07960228621959686,1.7614268064498901,0.00026628674822859466,0.9998602867126465,0.1501537412405014,0.14478501677513123,0.09056249260902405,0.5930866599082947,,,1.1570714712142944,100.0,0.7011687159538269,0.5193484425544739,0.6161406636238098,0.4832493662834167
HEAL_060,HEAL,2025,1.0495245456695557,0.07706256210803986,1.7726203203201294,0.0008300264598801732,0.9995337128639221,0.20592980086803436,0.18182766437530518,0.11515825986862183,0.6120981574058533,,0.0,1.2685644626617432,100.0,0.7226854562759399,0.5225037336349487,0.6392656564712524,0.4903066456317901
HEAL_071,HEAL,2025,1.242340326309204,0.07841435074806213,1.7748836278915405,0.0017933716299012303,0.9990127086639404,0.28773033618927,0.21840067207813263,0.1377808153629303,0.6340292096138,,0.04486982151865959,1.5639737844467163,100.0,0.744688868522644,0.5474070310592651,0.6624148488044739,0.5136939287185669
HEAL_050,HEAL,2025,1.03876793384552,0.1013655960559845,1.7740339040756226,0.007572862319648266,0.9944673776626587,0.23209533095359802,0.19191551208496094,0.11478578299283981,0.7001694440841675,0.7838432192802429,0.2035963386297226,1.3298313617706299,100.0,0.7382720112800598,0.542347252368927,0.6538699269294739,0.5094436407089233
HEAL_067,HEAL,2025,1.331451416015625,0.08864869177341461,1.772289752960205,0.003803469240665436,0.9980732202529907,0.3566661477088928,0.2335093766450882,0.14226356148719788,0.6386367678642273,0.5750169157981873,0.12861621379852295,1.767082929611206,100.0,0.7366521954536438,0.5375456809997559,0.6555135250091553,0.503736674785614
HEAL_068,HEAL,2025,1.0901644229888916,0.23526714742183685,1.8026949167251587,0.04623537138104439,0.9555023908615112,0.25907546281814575,0.2045375555753708,0.12037742137908936,0.71096271276474,0.8968976140022278,0.2762978672981262,1.4345289468765259,100.0,0.8015666007995605,0.5770620107650757,0.7482451796531677,0.5354028344154358
HEAL_064,HEAL,2025,1.1092606782913208,0.27427971363067627,1.8180419206619263,0.060238100588321686,0.9464558362960815,0.26918530464172363,0.2143615037202835,0.12687021493911743,0.7103450298309326,0.7233373522758484,0.17874683439731598,1.4582325220108032,100.0,0.778945803642273,0.5751938819885254,0.7151772975921631,0.5332362651824951
HEAL_062,HEAL,2025,1.1817556619644165,0.08621736615896225,1.784731388092041,0.0028929647523909807,0.9984361529350281,0.2871551513671875,0.21713845431804657,0.13281026482582092,0.6468133330345154,0.6452208757400513,0.09067527949810028,1.4984270334243774,100.0,0.7419965863227844,0.539478063583374,0.659614622592926,0.5072361826896667
HEAL_061,HEAL,2025,1.3132824897766113,0.31414881348609924,1.8703871965408325,0.06372953206300735,0.9581615924835205,0.37266305088996887,0.23418180644512177,0.13948383927345276,0.6950597763061523,0.7594084739685059,0.35625138878822327,1.8083159923553467,100.0,0.9949989914894104,0.114769272506237,0.9902172088623048,0.1316749900579452
HEAL_073,HEAL,2025,1.354586124420166,0.2663704454898834,1.8509259223937988,0.05585571378469467,0.9622549414634705,0.4004797339439392,0.24333295226097107,0.14595918357372284,0.7029837965965271,0.7857962846755981,0.3631230294704437,1.867295742034912,100.0,0.9761354923248292,0.1325875520706176,0.9535213112831116,0.1513415724039077
HEAL_052,HEAL,2025,1.1917320489883423,0.16256912052631378,1.7987028360366821,0.024239065125584602,0.9843279123306274,0.33075016736984253,0.22055429220199585,0.13300685584545135,0.7094765901565552,0.7950901985168457,0.3355735242366791,1.620395541191101,100.0,0.9006461501121521,0.202783465385437,0.8368043899536133,0.2141323834657669
HEAL_066,HEAL,2025,1.2515103816986084,0.4782145023345947,1.927310824394226,0.1195615828037262,0.9147138595581055,0.32972845435142517,0.21788616478443146,0.13029994070529938,0.6902033686637878,0.7683825492858887,0.34051573276519775,1.673024296760559,100.0,0.9471354484558104,0.1220226809382438,0.9011043310165404,0.1400629132986068
HEAL_058,HEAL,2025,1.380296230316162,0.13500311970710754,1.7902387380599976,0.018769605085253716,0.9853715896606445,0.3750215768814087,0.24718795716762543,0.14696194231510162,0.6698448657989502,0.6948401927947998,0.1920798122882843,1.8435254096984863,100.0,0.927431583404541,0.1443214416503906,0.8603412508964539,0.1647527515888214
HEAL_069,HEAL,2025,1.20134699344635,0.23731890320777893,1.8503894805908203,0.0453195795416832,0.963226854801178,0.300303190946579,0.21755269169807434,0.13124819099903107,0.6858251094818115,0.7297173142433167,0.22155430912971497,1.567584753036499,100.0,0.8913517594337463,0.1537687331438064,0.7984304428100586,0.1754834651947021
HEAL_048,HEAL,2025,1.105385184288025,0.08703316003084183,1.7647371292114258,0.0011732783168554306,0.9992878437042236,0.26040947437286377,0.22484679520130157,0.1393364667892456,0.7473251223564148,,0.0,1.384809970855713,100.0,0.7144700884819031,0.5409056544303894,0.6259024143218994,0.5044161677360535
HEAL_054,HEAL,2025,1.278434157371521,0.1797647476196289,1.806646466255188,0.030404016375541687,0.9792194366455078,0.33351150155067444,0.2230140119791031,0.13205042481422424,0.6880474090576172,0.8555300831794739,0.2751360535621643,1.7203844785690308,100.0,0.7904893159866333,0.5991578698158264,0.7321221828460693,0.5506405830383301
HEAL_053,HEAL,2025,1.1513595581054688,0.22293666005134583,1.823838233947754,0.03901883587241173,0.9709527492523193,0.28949636220932007,0.20834127068519592,0.12377146631479263,0.6908718943595886,0.7441587448120117,0.24300003051757812,1.5344136953353882,100.0,0.8751052021980286,0.1637637466192245,0.770806074142456,0.1865381151437759
HEAL_074,HEAL,2025,1.1259158849716187,0.3486766517162323,1.8775711059570312,0.07439681887626648,0.9438685774803162,0.2643183767795563,0.1937524527311325,0.11544682085514069,0.6897721290588379,0.8296777009963989,0.29313895106315613,1.4693479537963867,100.0,0.9342371225357056,0.141610637307167,0.8749052882194519,0.1616235375404358
HEAL_056,HEAL,2025,1.2510428428649902,0.14288721978664398,1.8063533306121826,0.016722284257411957,0.988151490688324,0.31749188899993896,0.22679167985916138,0.13732756674289703,0.657491147518158,0.5490703582763672,0.11809669435024261,1.6311668157577515,100.0,0.8807928562164307,0.1646946370601654,0.7763805389404297,0.1876862049102783
HEAL_051,HEAL,2025,1.09123694896698,0.36915427446365356,1.8900079727172852,0.08393102139234543,0.9338812232017517,0.2428027242422104,0.1902313530445099,0.11306516826152802,0.6638731956481934,0.8353056907653809,0.2386273890733719,1.4101641178131104,100.0,0.9067703485488892,0.1464980691671371,0.8258084654808044,0.167263925075531
HEAL_065,HEAL,2025,1.0480619668960571,0.18018633127212524,1.8186061382293701,0.02966662123799324,0.976838231086731,0.25392836332321167,0.19046539068222046,0.11438165605068207,0.6906454563140869,0.8472806215286255,0.3516515791416168,1.3686187267303467,100.0,0.8385869860649109,0.1686001121997833,0.728729784488678,0.1910362988710403
HEAL_057,HEAL,2025,1.1190134286880493,0.2716224193572998,1.8506450653076172,0.053771838545799255,0.9598401784896851,0.2882794439792633,0.20321479439735413,0.12233272194862366,0.7017300724983215,0.7556488513946533,0.35105669498443604,1.484511375427246,100.0,0.924698531627655,0.1551749557256698,0.861954927444458,0.1761806607246399
HEAL_046,HEAL,2025,1.1537256240844727,0.2993919253349304,1.8760616779327393,0.06105251610279083,0.9529128074645996,0.2833705246448517,0.20284776389598846,0.12161540240049362,0.7036417126655579,0.8152134418487549,0.3662630617618561,1.5149736404418945,100.0,0.9052505493164062,0.1596169173717498,0.8261175155639648,0.1813588589429855
HEAL_059,HEAL,2025,1.182102918624878,0.34154388308525085,1.8569576740264893,0.07390614598989487,0.9455987215042114,0.30182069540023804,0.2145230770111084,0.1278996616601944,0.6895236968994141,0.770601749420166,0.2443944662809372,1.5715340375900269,100.0,0.9192773699760436,0.1493508964776992,0.8542834520339966,0.1699660569429397
HEAL_055,HEAL,2025,1.5217509269714355,0.08167196810245514,1.7815790176391602,0.0026685893535614014,0.9985753893852234,0.5018805861473083,0.28799161314964294,0.16863156855106354,0.658307671546936,0.572630763053894,0.24526964128017426,2.178762674331665,100.0,0.8109928965568542,0.1799418330192566,0.7040166854858398,0.2019335925579071
HEAL_047,HEAL,2025,1.249552845954895,0.16044242680072784,1.8110167980194092,0.02148737758398056,0.9869424104690552,0.3529081642627716,0.23079858720302582,0.1391874998807907,0.6462455987930298,0.8205942511558533,0.240005761384964,1.7032052278518677,100.0,0.9083674550056458,0.1418916285037994,0.8295003771781921,0.1622060984373092
HEAL_010,HEAL,2025,1.3234738111495972,0.4690031409263611,1.9031944274902344,0.11661230772733688,0.9309808015823364,0.3940246105194092,0.2585911750793457,0.1535119116306305,0.7093625664710999,0.7420716881752014,0.20440472662448883,1.8366711139678955,100.0,0.8369446992874146,0.2553816139698028,0.7938596606254578,0.272302508354187
HEAL_002,HEAL,2025,1.1113206148147583,0.06543604284524918,1.8228524923324585,0.00038943442632444203,0.999761700630188,0.21875,0.18818309903144836,0.11317501217126846,0.3376956582069397,,0.0,1.3294246196746826,100.0,0.7095838189125061,0.2619775235652923,0.6391509175300598,0.2723241746425628
HEAL_003,HEAL,2025,1.5728998184204102,0.07775875926017761,1.7797715663909912,0.0023680904414504766,0.9987694025039673,0.3971115052700043,0.22880761325359344,0.13967522978782654,0.5068201422691345,0.5519436001777649,0.127440944314003,2.0374631881713867,100.0,0.8052761554718018,0.226316824555397,0.7115472555160522,0.2483254671096801
HEAL_014,HEAL,2025,1.2464408874511719,0.6254790425300598,1.9131885766983032,0.16806472837924957,0.8805160522460938,0.38379183411598206,0.25260066986083984,0.15062721073627472,0.7291972041130066,0.7602776288986206,0.32794496417045593,1.736090064048767,99.9990234375,0.8723756670951843,0.2337404936552047,0.8538433313369751,0.2511520683765411
HEAL_022,HEAL,2025,1.4215832948684692,0.23577024042606354,1.8296558856964111,0.04753432050347328,0.9715045690536499,0.47374942898750305,0.3007374405860901,0.17782311141490936,0.7497816681861877,0.7175718545913696,0.18568472564220428,2.0456020832061768,100.0,0.9038288593292236,0.2212689816951751,0.8184665441513062,0.2469030171632766
HEAL_023,HEAL,2025,1.3738415241241455,0.5688462853431702,1.9001662731170654,0.14453092217445374,0.8956069350242615,0.43636590242385864,0.26227301359176636,0.1577623039484024,0.7165932059288025,0.7630859613418579,0.3957259953022003,1.9149080514907837,100.0,0.9029194712638856,0.2258506119251251,0.8683872222900391,0.2465503215789795
HEAL_021,HEAL,2025,1.4594870805740356,0.3349892199039459,1.8730380535125732,0.07631587982177734,0.9545285701751709,0.43975695967674255,0.25639021396636963,0.15364974737167358,0.6901126503944397,0.8804037570953369,0.38110870122909546,2.032736301422119,99.99613189697266,0.811205267906189,0.5686488747596741,0.7465633749961853,0.5372762680053711
HEAL_001,HEAL,2025,1.6105965375900269,0.5460585951805115,1.8325966596603394,0.14400921761989594,0.8942087888717651,0.4839589297771454,0.2879396975040436,0.16636493802070618,0.7126749753952026,0.7019830942153931,0.300477534532547,2.25146222114563,100.0,0.8185572624206543,0.611509382724762,0.7673120498657227,0.5633214712142944
HEAL_016,HEAL,2025,1.3562499284744263,0.6560674905776978,1.8576480150222778,0.1827918291091919,0.844879150390625,0.3988683819770813,0.26905250549316406,0.15690791606903076,0.7225243449211121,0.6905086636543274,0.30271777510643005,1.876787543296814,100.0,0.8513957262039185,0.584813117980957,0.8352202773094177,0.5344862341880798
HEAL_020,HEAL,2025,1.5986849069595337,1.066503643989563,1.7746464014053345,0.28903502225875854,0.714944064617157,0.4335782825946808,0.23552849888801575,0.13344980776309967,0.6468412280082703,0.9374616742134094,0.5531693696975708,2.208868980407715,99.90910339355469,0.8590449094772339,0.2628197371959686,0.8136557936668396,0.2810228765010834
HEAL_006,HEAL,2025,1.5794824361801147,0.3098174035549164,1.7803350687026978,0.06952863186597824,0.9365149140357971,0.4489741921424866,0.2397482991218567,0.1366414725780487,0.7023228406906128,0.9147723317146301,0.7647711038589478,2.204669713973999,99.97481536865234,0.7796959280967712,0.2457324713468551,0.7191717624664307,0.2615446746349334
HEAL_019,HEAL,2025,1.436676263809204,0.139428973197937,1.8096299171447754,0.015527303330600262,0.9918349981307983,0.4366267919540405,0.27327972650527954,0.16513420641422272,0.6693626046180725,0.5909798741340637,0.20726776123046875,1.9497733116149902,100.0,0.8742276430130005,0.178742378950119,0.8158670663833618,0.1995059251785278
HEAL_011,HEAL,2025,1.2571419477462769,0.225219264626503,1.840835452079773,0.04204479977488518,0.9742103219032288,0.3793763518333435,0.26185351610183716,0.15790671110153198,0.7070448994636536,0.7028912901878357,0.18453584611415863,1.7252678871154785,100.0,0.8461604714393616,0.1851155012845993,0.7806726098060608,0.2056430280208587
HEAL_025,HEAL,2025,2.962562084197998,2.717174768447876,1.9288192987442017,0.8077976703643799,0.6470421552658081,0.9234511852264404,0.3094939887523651,0.1771429479122162,0.682123064994812,1.0014688968658447,0.8385488390922546,4.191242694854736,99.479736328125,0.8556658625602722,0.1666182428598404,0.8217973709106445,0.184343084692955
HEAL_018,HEAL,2025,1.5642884969711304,0.6929532885551453,1.8030993938446045,0.19148164987564087,0.8398733735084534,0.4600142538547516,0.26035207509994507,0.15003319084644318,0.6982970237731934,0.7478945255279541,0.39724400639533997,2.1711645126342773,99.9982681274414,0.8522627353668213,0.3144523203372955,0.8174090385437012,0.3262626826763153
HEAL_017,HEAL,2025,1.4168099164962769,0.7107720375061035,1.894087314605713,0.20281869173049927,0.8654205799102783,0.44071143865585327,0.27083972096443176,0.16009409725666046,0.6970828175544739,0.6920709013938904,0.25277847051620483,1.9848276376724243,100.0,0.8486772775650024,0.3404038548469543,0.8199899792671204,0.348345547914505
HEAL_004,HEAL,2025,1.0734142065048218,0.38689324259757996,1.7642585039138794,0.09463559091091156,0.8630897998809814,0.23341144621372223,0.20215873420238495,0.11753970384597778,0.6699813604354858,0.6662349700927734,0.1636287420988083,1.3832460641860962,100.0,0.879970371723175,0.3594535291194916,0.8455067873001099,0.3698055744171142
HEAL_005,HEAL,2025,1.4208403825759888,0.25453853607177734,1.8285144567489624,0.052436958998441696,0.9710254669189453,0.4669906198978424,0.2896997332572937,0.17202098667621613,0.7347897291183472,0.7671516537666321,0.2458481788635254,2.0317275524139404,99.99960327148438,0.8587307333946228,0.2356963902711868,0.7998361587524414,0.2565566599369049
HEAL_015,HEAL,2025,1.8936502933502197,1.1439363956451416,2.0130226612091064,0.36645904183387756,0.825206995010376,0.6407042741775513,0.3204940855503082,0.19048058986663818,0.6751288175582886,0.675601601600647,0.257907509803772,2.674967050552368,100.0,0.791269063949585,0.5333378314971924,0.7382007241249084,0.4999514818191528
HEAL_049,HEAL,2025,0.947786271572113,0.07019620388746262,1.762273907661438,0.00021908542839810252,0.9998533725738525,0.13351260125637054,0.1383056640625,0.08615770936012268,0.7135491371154785,,,1.1131510734558105,100.0,0.6902576088905334,0.519824743270874,0.5931699872016907,0.4873421490192413
HEAL_026,HEAL,2025,2.0058822631835938,1.3448830842971802,1.9502170085906982,0.39599525928497314,0.7859575748443604,0.6818057298660278,0.3104288578033447,0.18109826743602753,0.7147746682167053,0.8533629775047302,0.5579804182052612,2.9018566608428955,99.96058654785156,0.8065982460975647,0.4148382842540741,0.793615996837616,0.3979126513004303
HEAL_045,HEAL,2025,0.9526219367980957,0.15923719108104706,1.7779872417449951,0.024716975167393684,0.9652286767959595,0.18428613245487213,0.18373210728168488,0.10555621236562729,0.6866376996040344,0.6300542950630188,0.06395988166332245,1.2087631225585938,100.0,0.8104355335235596,0.1597688347101211,0.6756265759468079,0.182583138346672
HEAL_024,HEAL,2025,1.0110235214233398,0.2811257541179657,1.854683756828308,0.04660499468445778,0.9676612615585327,0.2592276930809021,0.22074870765209198,0.13412821292877197,0.7475006580352783,0.5589265823364258,0.1393081396818161,1.3247554302215576,100.0,0.8262013792991638,0.2316260039806366,0.7638918161392212,0.2510789632797241
