plotID,siteID,year,Canopy_Ht,Max_Ht,Rumple,Rugosity,Deep_Gap,Vert_SD,Vert_CV,Gini,VCI,FHD,LAI,Q95,Ht_Ratio,NDVI,EVI,ARVI,SAVI,domain
DELA_013,DELA,2015,21.818663239479065,31.411823749542236,1.3680719137191772,7.424403339624405,0.0356606968853157,6.55792635679245,0.3129867101088166,0.1693874760530889,0.8167319670319557,2.8606857359409332,3.4415449798107147,29.683849573135376,13.871584579348564,,,,,D08
DELA_013,DELA,2016,21.248914122581482,31.443781971931458,1.4315536990761757,8.285163909196854,0.0660740259627346,6.9156719744205475,0.3349554156884551,0.1838403851725161,0.839387983083725,2.928932771086693,2.8430513441562653,29.70603060722351,16.98719659075141,,,,,D08
DELA_013,DELA,2017,22.950563311576843,31.848238348960876,1.3401551246643066,7.339237153530121,0.034045990905724466,6.313579469919205,0.2831528754904866,0.1512458729557693,0.7835527807474136,2.7615214586257935,3.454481527209282,30.147842049598694,10.401548568159342,,,,,D08
DELA_013,DELA,2018,21.37019407749176,32.2023206949234,1.39833565056324,8.092924773693085,0.04008794028777629,7.1026939153671265,0.3360861483961344,0.18463201308622956,0.8784373663365841,3.1200245171785355,3.2157307863235474,30.030887961387634,14.163628444075584,,,,,D08
DELA_013,DELA,2019,22.53679919242859,32.53524160385132,1.357293963432312,7.622492283582687,0.03393402911024168,6.653386116027832,0.30180204659700394,0.16408420959487557,0.807552732527256,2.825008913874626,3.4104893803596497,30.605536580085754,10.907607465982437,,,,,D08
DELA_013,DELA,2021,21.44297444820404,33.3324089050293,1.3891931623220444,8.027477532625198,0.025809938029851764,7.361712783575058,0.3487448897212744,0.19139197561889887,0.8833058327436447,3.158517509698868,3.4877875596284866,30.577243208885193,13.5157370865345,,,,,D08
DELA_013,DELA,2023,22.36589539051056,33.800535798072815,1.4060002341866493,8.527276307344437,0.04437627492006868,7.401626139879227,0.33682639244943857,0.18434503534808755,0.8744322545826435,3.1483506709337234,3.159492641687393,31.42073345184326,14.107293486595154,0.9350184202194214,0.6212809681892395,0.9181541204452516,0.5799276828765869,D08
DELA_013,DELA,2024,23.35488474369049,34.25155806541443,1.335844174027443,7.555771321058273,0.023177538678282872,6.7736862897872925,0.2948404969647527,0.15936964517459273,0.8538851551711559,3.176186293363571,3.700347423553467,31.550624012947083,9.07448135316372,0.9282238483428956,0.6447381377220154,0.9153024554252625,0.5922449231147766,D08
DELA_003,DELA,2015,15.330495163798332,26.249199509620667,1.6475251615047455,6.507222950458527,0.08126443123910576,5.490715026855469,0.5417464300990105,0.2654211139306426,0.7966620400547981,2.528688594698906,2.0831550117582083,24.475463271141052,36.00649440288544,,,,,D08
DELA_003,DELA,2016,14.937455661594868,25.468842536211014,1.6188320443034172,6.7355186231434345,0.10923727811314166,5.564901154488325,0.4859832413494587,0.258537863381207,0.8367035165429115,2.6675000209361315,1.9221869935281575,23.230973929166794,37.9207261800766,,,,,D08
DELA_003,DELA,2017,15.634112544357777,26.082980036735535,1.614839844405651,6.723689451813698,0.10816156957298517,5.629885371774435,0.4868002701550722,0.2526871059089899,0.8054887559264898,2.6154490876942873,1.953220629133284,23.88793447613716,35.02901664376259,,,,,D08
DELA_003,DELA,2018,14.777067199349403,28.095708787441254,1.616719201207161,6.896065980195999,0.06774431467056274,6.191305726766586,0.5320532135665417,0.28174573462456465,0.8767357394099236,2.9340899288654327,2.1377201788127422,24.76856631040573,36.887840926647186,,,,,D08
DELA_003,DELA,2019,15.973763108253479,27.141611218452454,1.633519284427166,6.8476845026016235,0.10003655991749838,5.719538658857346,0.500077148899436,0.25639518396928906,0.8175394665449858,2.733991876244545,2.109889487270266,24.383213996887207,33.09965744614601,,,,,D08
DELA_003,DELA,2021,15.365394726395607,27.225368440151215,1.5573160201311111,6.656287223100662,0.07579750195145607,5.984659165143967,0.46286011673510075,0.24875288177281618,0.8850492648780346,2.898451805114746,2.3867956325411797,24.02267348766327,35.38537386059761,,,,,D08
DELA_003,DELA,2023,16.257951363921165,27.81186681985855,1.5340744704008102,6.896037921309471,0.07193756429478526,5.948017433285713,0.4372722888365388,0.23434001905843616,0.8761786855757236,2.935161419212818,2.3294336684048176,25.121936678886414,32.35244730114937,0.9238993525505066,0.6137962341308594,0.9029293060302734,0.5735097527503967,D08
DELA_003,DELA,2024,16.810034051537514,28.009052872657776,1.4792504757642746,6.411622226238251,0.04844015394337475,5.701647773385048,0.41230302955955267,0.22237974870949984,0.8719292432069778,2.9464994072914124,2.6935946717858315,25.359678328037262,27.737824469804764,0.9070951342582704,0.6181276440620422,0.8827931880950928,0.5741297602653503,D08
DELA_005,DELA,2015,14.498317539691925,18.57417070865631,1.1970433294773102,2.7798497080802917,0.0196911348393769,2.036838248372078,0.14180072816088796,0.07591471471823752,0.6683123856782913,2.1320893317461014,4.140998855233192,17.40312498807907,5.121819160878658,,,,,D08
DELA_005,DELA,2016,13.96972244977951,18.81272256374359,1.3486177250742912,4.484107688069344,0.07237654319033027,2.8804745078086853,0.2090710080228746,0.1067220619879663,0.733665868639946,2.302666589617729,2.5555155724287033,17.406647264957428,14.726340562105179,,,,,D08
DELA_005,DELA,2017,14.475631356239319,19.072089314460754,1.2866113483905792,3.959927648305893,0.04569667627220042,2.6282592862844467,0.18357522832229733,0.09188748942688107,0.6985683366656303,2.2049793377518654,2.9901521503925323,17.788238286972046,9.794142425060272,,,,,D08
DELA_005,DELA,2018,13.4088174700737,20.345438241958618,1.3867264539003372,4.851655259728432,0.06655311235226691,3.668842628598213,0.2736888471990824,0.1446003969758749,0.8300991840660572,2.6604527086019516,2.5212340503931046,17.941381573677063,20.167671501636505,,,,,D08
DELA_005,DELA,2019,14.221841871738434,19.819669604301453,1.4068609401583672,4.9823034554719925,0.09938493839581497,3.439919650554657,0.24581095855683088,0.12580907437950373,0.7546226680278778,2.3738146647810936,2.560261234641075,18.214670300483704,17.8882012963295,,,,,D08
DELA_005,DELA,2021,13.469077408313751,20.61802899837494,1.4010990858078003,5.0252785831689835,0.0523158076684922,4.218284085392952,0.31916085351258516,0.1717711496166885,0.8566886559128761,2.718419164419174,2.6578685715794563,18.626438677310944,21.78182339668274,,,,,D08
DELA_005,DELA,2023,14.234960794448853,21.12051296234131,1.371032178401947,4.953606441617012,0.0434970804490149,4.193006068468094,0.3000361444428563,0.15937330201268196,0.8353393636643887,2.7184738218784332,2.871054284274578,19.14837098121643,18.81618559360504,0.926071286201477,0.6363134384155273,0.9037292003631592,0.5914931297302246,D08
DELA_005,DELA,2024,14.182287812232971,21.0602126121521,1.3364822641015053,4.557037383317947,0.028531918942462653,4.029357939958572,0.2884028283879161,0.1541984435170889,0.8365585394203663,2.725195586681366,3.272217243909836,19.107790350914,16.422610998153687,0.9092557430267334,0.655878484249115,0.8821555376052856,0.605056881904602,D08
DELA_011,DELA,2015,17.682094037532806,22.415255904197693,1.2007107138633728,3.4938387721776962,0.015753942192532122,2.790436714887619,0.1580967027693987,0.08433702727779746,0.7081421539187431,2.3782422095537186,4.3243134170770645,21.217824935913086,3.4648952037096024,,,,,D08
DELA_011,DELA,2016,17.385489404201508,22.632866859436035,1.2780740335583687,4.6473154574632645,0.03846365283243358,3.385721728205681,0.194337104447186,0.10428111208602786,0.7568028569221497,2.5394750386476517,3.3563129901885986,21.47598159313202,7.687086760997772,,,,,D08
DELA_011,DELA,2017,18.315164923667908,23.32711160182953,1.2661730125546455,4.680192470550537,0.03870573895983398,3.293140545487404,0.1800601575523615,0.09450896643102169,0.7278992831707001,2.4516814425587654,3.4479169994592667,22.22456383705139,6.432905036956072,,,,,D08
DELA_011,DELA,2018,17.554119646549225,24.440661072731018,1.3039692863821983,5.142709955573082,0.03614216041751206,4.1004824340343475,0.23382843006402254,0.12658916180953383,0.8285828419029713,2.9215668737888336,3.3341932147741318,22.771788477897644,9.216047793626785,,,,,D08
DELA_011,DELA,2019,18.95873713493347,24.181532740592957,1.2508594989776611,4.552469983696938,0.028493439036537893,3.5963336676359177,0.1902682762593031,0.10087963193655014,0.7476855851709843,2.5057953000068665,3.9427918046712875,23.237526416778564,5.353974908590317,,,,,D08
DELA_011,DELA,2021,18.650938868522644,25.47037947177887,1.2892142832279205,5.229939550161362,0.02833189902594313,4.309247702360153,0.23093822225928307,0.12341199489310384,0.8193662762641907,2.9645886272192,3.63776995241642,23.772457599639893,7.8042082488536835,,,,,D08
DELA_011,DELA,2023,19.95955228805542,26.04770290851593,1.2748965695500374,5.27363184094429,0.03175210578046972,4.100078821182251,0.2059251582249999,0.10861302120611072,0.7838115803897381,2.8868464678525925,3.655199781060219,24.687283515930176,6.6214439533650875,0.93925678730011,0.7268222570419312,0.92482590675354,0.6575701236724854,D08
DELA_011,DELA,2024,20.491902351379395,26.553051710128784,1.2367720380425453,4.751809656620026,0.019279399391962215,3.9134030789136887,0.19078207109123468,0.09914862969890237,0.7686560563743114,2.9740497171878815,4.1410301476716995,24.988529443740845,4.573971226811409,0.9304688572883606,0.7612050175666809,0.9170465469360352,0.6764023900032043,D08
DELA_004,DELA,2015,18.4663787484169,26.006352305412292,1.3411637395620346,6.0201685577631,0.04724069636722561,4.765670225024223,0.2569875381886959,0.1357685229741037,0.8057490102946758,2.795897960662842,3.0984163880348206,24.265157341957092,11.56746256351471,,,,,D08
DELA_004,DELA,2016,17.584197998046875,26.11035168170929,1.4471790120005608,7.222702473402023,0.08695298340171576,5.543292701244354,0.3133845003321767,0.16966158896684647,0.8556735999882221,2.8747273832559586,2.3470730781555176,24.346312522888184,19.130991995334625,,,,,D08
DELA_004,DELA,2017,18.74662071466446,26.264298796653748,1.380965381860733,6.684600874781609,0.06312904357037041,5.149759992957115,0.27491970360279083,0.1440685484558344,0.8085301928222179,2.7927922904491425,2.783277206122875,24.757941842079163,14.042190730571747,,,,,D08
DELA_004,DELA,2018,17.36787474155426,27.14439022541046,1.4162590503692627,6.861277133226395,0.0488846650114283,5.9348330944776535,0.34154945984482765,0.18668578704819083,0.8957164436578751,3.0401562601327896,2.7925552427768707,24.727089762687683,17.610873460769653,,,,,D08
DELA_004,DELA,2019,18.33489501476288,27.00753629207611,1.4386172592639923,7.260518699884415,0.07362501660827547,5.96784046292305,0.32959152571856976,0.17657398898154497,0.8467762656509876,2.8739400506019592,2.6465601474046707,25.350459337234497,19.500581800937653,,,,,D08
DELA_004,DELA,2021,17.431896448135376,27.5142902135849,1.4066349789500237,6.725194573402405,0.03144944189989474,6.214174836874008,0.36128656659275293,0.19933520117774606,0.9022482223808765,2.994091182947159,3.438366338610649,25.306827664375305,18.21841934323311,,,,,D08
DELA_004,DELA,2023,17.823942601680756,28.173248291015625,1.4365628063678741,7.28286948800087,0.04735663323663175,6.481583148241043,0.36850037705153227,0.20193948689848185,0.8903051987290382,3.009120747447014,2.927306018769741,25.68412435054779,19.986934155225754,0.9101535081863404,0.5560718774795532,0.8842655420303345,0.5280604958534241,D08
DELA_004,DELA,2024,18.659560441970825,28.428645133972168,1.3950019776821136,6.860830456018448,0.03584972856333479,6.203325018286705,0.34188197553157806,0.18537802388891578,0.8728369809687138,3.0124288350343704,3.2426729947328568,26.2414653301239,16.17888554930687,0.9041703939437866,0.5832623839378357,0.880521297454834,0.5470139980316162,D08
DELA_018,DELA,2015,15.850568354129791,25.4904305934906,1.369121976196766,5.393888860940933,0.028891617112094536,4.890620917081833,0.32558805868029594,0.18013027869164944,0.8390857540071011,2.6662862449884415,3.745511218905449,22.717550039291382,20.039160154759884,,,,,D08
DELA_018,DELA,2016,14.511585116386414,25.316022276878357,1.5053679123520851,6.433125242590904,0.0719129947538022,5.657035529613495,0.4117938531562686,0.23018625983968377,0.8792718686163425,2.727777823805809,2.6523308232426643,22.85341465473175,32.60851952433586,,,,,D08
DELA_018,DELA,2017,15.583835780620575,25.54792082309723,1.4024405926465988,5.668378874659538,0.03598074335604906,5.067350417375565,0.34966851864010096,0.19291672762483358,0.8418055921792984,2.677118554711342,3.2973423302173615,23.448591470718384,23.83194588124752,,,,,D08
DELA_018,DELA,2018,14.45787513256073,26.232897758483887,1.4293068945407867,5.836906015872955,0.027533828339073807,5.422229692339897,0.39018123876303434,0.21730139385908842,0.8969600200653076,2.837553024291992,3.2427434027194977,22.74253761768341,28.462745130062103,,,,,D08
DELA_018,DELA,2019,14.545507431030273,23.98738992214203,1.4044415652751923,5.473672419786453,0.03429444260109449,4.974410325288773,0.35628507751971483,0.1974249123595655,0.8392542973160744,2.539040744304657,3.571617752313614,21.832570433616638,27.067799493670464,,,,,D08
DELA_018,DELA,2021,11.487557381391525,23.161701202392578,1.5673207268118858,5.704557791352272,0.061498843075241894,5.323580041527748,0.4936006907373667,0.2759420219808817,0.9088910520076752,2.6469724029302597,2.5655346661806107,19.915441691875458,49.772675693035126,,,,,D08
DELA_018,DELA,2023,11.959544390439987,23.359521985054016,1.572933867573738,5.687888503074646,0.07415523302915972,5.305839613080025,0.48532480001449585,0.2703414582647383,0.8808028064668179,2.633774019777775,2.6715339720249176,20.042416095733643,45.55776026844978,0.9318836331367492,0.5989635586738586,0.9146863222122192,0.5599985122680664,D08
DELA_018,DELA,2024,12.048163414001465,22.997842609882355,1.521446518599987,5.647497162222862,0.048861642251722515,5.2920196652412415,0.4619190376251936,0.2588053997606039,0.9084886945784092,2.6678830087184906,2.71646099537611,20.0951309800148,44.31371384859085,0.9197214245796204,0.6041800379753113,0.901078462600708,0.5615171790122986,D08
DELA_014,DELA,2015,22.13701319694519,28.35177755355835,1.3049355149269104,6.3545690178871155,0.03987643896834925,5.0487412959337234,0.23144432809203863,0.11651466367766261,0.735019214451313,2.6084993332624435,3.3780305683612823,27.189390420913696,9.008413396775723,,,,,D08
DELA_014,DELA,2016,22.682090520858765,28.663487434387207,1.5491982325911522,9.890413999557495,0.19705125922337174,4.792626425623894,0.21451560454443097,0.10656063188798726,0.7156947143375874,2.524231970310211,1.6611952260136604,27.442740559577942,22.748692512512207,,,,,D08
DELA_014,DELA,2017,24.023040294647217,29.426249384880066,1.5707613378763199,10.525086641311646,0.21845689555630088,4.7249708622694016,0.19853727612644434,0.0911041428335011,0.6767802685499191,2.3639042004942894,1.5989263281226158,28.407675743103027,24.27152281999588,,,,,D08
DELA_014,DELA,2018,24.195159673690796,30.149595975875854,1.3832958117127419,8.278377264738083,0.09945113118737936,4.346787378191948,0.18185492558404803,0.08908946183510125,0.7138813510537148,2.639463320374489,2.391816735267639,28.77479636669159,12.025625616312027,,,,,D08
DELA_014,DELA,2019,25.139997363090515,30.674328446388245,1.524097502231598,10.537215232849121,0.18660953175276518,4.928749173879623,0.19781267317011952,0.09190561342984438,0.6792884655296803,2.4046593084931374,1.7610570043325424,29.673360586166382,20.901193261146545,,,,,D08
DELA_014,DELA,2021,24.748716831207275,32.03017270565033,1.4171555191278458,9.21125414967537,0.09479006205219775,6.112651169300079,0.24977620225399733,0.11735676880925894,0.73820436373353,2.7438923567533493,2.3966507613658905,30.352187991142273,14.542998880147934,,,,,D08
DELA_014,DELA,2023,24.292701363563538,33.3245325088501,1.5093393176794052,10.777474701404572,0.11251301318407059,8.209702670574188,0.3438446382060647,0.16726747201755643,0.7703348621726036,2.8417086005210876,2.09649695456028,31.61705255508423,20.65789884328842,0.8645289540290833,0.405220627784729,0.8249486088752747,0.4048614799976349,D08
DELA_014,DELA,2024,24.642468571662903,33.774558782577515,1.4838508367538452,10.569317728281021,0.08722210035193712,8.542264819145203,0.35678810253739357,0.17117432970553637,0.7580314129590988,2.8269305378198624,2.280911985784769,32.008533120155334,19.732479363679886,0.8666360974311829,0.436707854270935,0.8376092910766602,0.427879273891449,D08
DELA_015,DELA,2015,15.225060164928436,20.65507334470749,1.4073346257209778,5.094154432415962,0.08678741106996313,3.8315603733062744,0.27311578299850225,0.14785995846614242,0.7996343933045864,2.5586732923984528,2.837977223098278,19.775509357452393,22.925816766917706,,,,,D08
DELA_015,DELA,2016,14.793838888406754,21.022411704063416,1.4835732951760292,5.945247322320938,0.1148287799442187,4.41634413599968,0.3130734534934163,0.1698588291183114,0.837932214140892,2.648040324449539,2.2663447484374046,19.928235113620758,30.24285715818405,,,,,D08
DELA_015,DELA,2017,15.556712031364441,21.20041513442993,1.459311619400978,5.705585360527039,0.12265164451673627,3.978500336408615,0.2687256010249257,0.14446477871388197,0.7955196499824524,2.5372268557548523,2.381124809384346,20.20347136259079,25.933401256799698,,,,,D08
DELA_015,DELA,2018,13.598757147789001,21.66305375099182,1.435123972594738,5.444778010249138,0.039350578968878835,4.870059490203857,0.3770957188680768,0.21184859424829483,0.9022333063185215,2.7367365062236786,3.0431637912988663,20.015086710453033,31.931893587112427,,,,,D08
DELA_015,DELA,2019,16.166098594665527,22.087700605392456,1.42494598031044,5.8111975491046906,0.09379192779306322,4.29152475297451,0.2767513142898679,0.14744097366929054,0.7884305454790592,2.5759404748678207,2.685048669576645,20.911318838596344,23.074781090021133,,,,,D08
DELA_015,DELA,2021,13.951866060495377,22.630217909812927,1.524884469807148,6.56275749206543,0.06922774656050024,5.681607902050018,0.42605267744511366,0.23493452928960323,0.8796793967485428,2.826844945549965,2.004091016948223,20.737963914871216,31.389235854148865,,,,,D08
DELA_015,DELA,2023,15.427305459976196,23.10682964324951,1.470756359398365,6.356368333101273,0.08834154333453625,4.9223033636808395,0.33702634926885366,0.18688353523612022,0.8780025579035282,2.846097081899643,2.387320376932621,21.484109580516815,26.735624223947525,0.9191396236419678,0.6715099811553955,0.895871639251709,0.6152350306510925,D08
DELA_015,DELA,2024,15.789730668067932,23.21970045566559,1.3921871185302734,5.593772083520889,0.048103596083819866,4.620555445551872,0.3129049316048622,0.17198631586506963,0.8552003242075443,2.8151267766952515,2.922887720167637,21.562800645828247,21.11679980158806,0.912661910057068,0.6965975761413574,0.8936470746994019,0.6289017200469971,D08
DELA_012,DELA,2015,15.899925827980042,22.394498109817505,1.3822571784257889,5.650350525975227,0.06514889374375343,4.16429902613163,0.2679211003705859,0.1418590471148491,0.8038496635854244,2.6514463126659393,2.6300255954265594,20.961326360702515,19.091151297092438,,,,,D08
DELA_012,DELA,2016,15.351059138774872,22.460704445838928,1.4272699877619743,5.966304540634155,0.07968798174988478,4.540534868836403,0.3014607550576329,0.1651590489782393,0.8420919813215733,2.752658575773239,2.5662388652563095,21.064322113990784,23.61803424358368,,,,,D08
DELA_012,DELA,2017,16.00617617368698,22.451557755470276,1.4298758655786514,6.193319529294968,0.09412635443732142,4.3424520045518875,0.275538451038301,0.14602992637082934,0.80609967187047,2.6610373705625534,2.3318354934453964,21.055694341659546,21.08745574951172,,,,,D08
DELA_012,DELA,2018,14.751048386096954,23.281061053276062,1.3790826871991158,5.424888700246811,0.022642786003416404,5.056927472352982,0.3448826037347317,0.19141856394708157,0.8969349674880505,2.8404555916786194,3.6833483278751373,21.29805278778076,21.956857204437256,,,,,D08
DELA_012,DELA,2019,16.14157634973526,22.671300649642944,1.3563547432422638,5.400955364108086,0.04570431481988635,4.444529473781586,0.2796310931444168,0.15071902563795447,0.7989455610513687,2.575445920228958,3.657207652926445,21.354263305664062,17.17883801460266,,,,,D08
DELA_012,DELA,2021,14.681032061576843,23.01332449913025,1.3503607511520386,5.060139000415802,0.005590582411969081,4.965835928916931,0.34182885102927685,0.18967422004789114,0.8919277898967266,2.7442544996738434,4.515756770968437,21.01912808418274,21.405948102474213,,,,,D08
DELA_012,DELA,2023,13.421428084373474,23.720310926437378,1.5451956242322922,6.541488140821457,0.0766985546797514,5.7414796352386475,0.4448862597346306,0.2502173949033022,0.9254725053906441,2.820776268839836,2.4365289285779,21.794326424598694,38.43211233615875,0.8691756129264832,0.5221390724182129,0.8380895256996155,0.4968104958534241,D08
DELA_012,DELA,2024,12.920295923948288,23.778293013572693,1.6151988431811333,6.6140530705451965,0.11146662919782102,5.768810540437698,0.47713543847203255,0.26491663977503777,0.9085950627923012,2.812038540840149,2.085770733654499,21.503596901893616,43.645445585250854,0.9064171314239502,0.6161646842956543,0.8892966508865356,0.568847119808197,D08
DELA_010,DELA,2015,13.380232833325863,23.920674964785576,1.529407374560833,5.615294307470322,0.08068050803558435,5.1549635380506516,0.4341664705425501,0.23855912778526545,0.8275827318429947,2.433834409713745,2.8745986204594374,21.654081761837006,38.205374374985695,,,,,D08
DELA_010,DELA,2016,13.962348684668541,24.21371501684189,1.5771098658442497,5.929043412208557,0.11618604062823579,5.432526640594006,0.44731086399406195,0.24737392831593752,0.827500656247139,2.646560856274196,2.6659552808851004,22.290314629673958,38.004613157361746,,,,,D08
DELA_010,DELA,2017,13.890149094164371,23.85988885164261,1.522896684706211,5.657638721168041,0.08312407389166765,5.252642028033733,0.4331649011000991,0.23777189245447516,0.8041500933468342,2.506065777369908,3.0031376406550407,21.85413634777069,38.04192465543747,,,,,D08
DELA_010,DELA,2018,14.000121660530567,24.84419585764408,1.5742962062358856,6.002731528133154,0.09237959029997,5.733716323971748,0.4702428765594959,0.25661654444411397,0.8567253649234772,2.6419904470443725,3.4169240398332477,23.24564592540264,36.74516608007252,,,,,D08
DELA_010,DELA,2019,14.74649465084076,24.800542786717415,1.6365908831357956,5.877682324498892,0.13531515357317403,5.549628086388111,0.4716905066743493,0.24980318173766136,0.8100875578820705,2.469101695219676,2.821038685971871,22.979621946811676,33.32960680127144,,,,,D08
DELA_010,DELA,2021,14.139585331082344,25.736630246043205,1.5765814706683159,6.013907842338085,0.08930816884458181,5.667034689337015,0.46524339262396097,0.2520206430926919,0.860730703920126,2.749847912788391,2.8082235329784453,22.894672125577927,35.592054679989815,,,,,D08
DELA_010,DELA,2023,15.147368103265762,26.496073484420776,1.5142826810479164,6.037380427122116,0.06343233327061171,5.6631228514015675,0.4353326903656125,0.23706940235570073,0.8369471915066242,2.5917958430945873,3.1572903357446194,23.5111004114151,31.481844544410706,0.9120733141899108,0.5387288928031921,0.9014379382133484,0.5069681406021118,D08
DELA_010,DELA,2024,15.13884000480175,26.552739799022675,1.520801454782486,6.203840486705303,0.06177192777977325,5.786992706358433,0.44449975714087486,0.24003161350265145,0.8418685048818588,2.638475004583597,3.016094207763672,23.45062690973282,31.98179668188095,0.906070590019226,0.5280435681343079,0.9021785259246826,0.4961247146129608,D08
DELA_016,DELA,2015,21.428196787834167,26.795600414276123,1.5184439197182655,8.865304738283157,0.1717775627039373,4.947595313191414,0.23452230170369148,0.10365231288596988,0.6789471469819546,2.315911144018173,1.771597295999527,25.649770736694336,21.975082010030746,,,,,D08
DELA_016,DELA,2016,21.08077597618103,26.98220646381378,1.661692999303341,10.339963793754578,0.2534877313300967,5.578260913491249,0.2697485415264964,0.12497556675225496,0.706934005022049,2.3444122076034546,1.3443734981119633,26.00514805316925,32.148340821266174,,,,,D08
DELA_016,DELA,2017,22.334269285202026,27.92360758781433,1.7009479403495789,10.7834951877594,0.2863988522440195,5.177980482578278,0.23916568933054805,0.10930664744228125,0.6682020425796509,2.247021608054638,1.2646863237023354,26.876626014709473,33.969175577163696,,,,,D08
DELA_016,DELA,2018,22.33897638320923,28.92683732509613,1.4506394416093826,8.822430402040482,0.12188117695041001,5.348224341869354,0.24074082728475332,0.11148038832470775,0.7524497546255589,2.7343051433563232,2.0421004816889763,27.36046826839447,17.836436569690704,,,,,D08
DELA_016,DELA,2019,22.765187621116638,29.166553854942322,1.6251662895083427,10.956615805625916,0.22226920118555427,6.414835408329964,0.2861461564898491,0.1285071310121566,0.6906121037900448,2.3156429305672646,1.427760373800993,28.212525367736816,29.810786843299866,,,,,D08
DELA_016,DELA,2021,23.236397862434387,30.70954954624176,1.4700051695108414,9.614968985319138,0.11135489027947187,6.474360018968582,0.28461294807493687,0.13538493681699038,0.7658113203942776,2.765617072582245,2.104633629322052,29.2248592376709,20.125894904136658,,,,,D08
DELA_016,DELA,2023,24.079386949539185,31.817615509033203,1.4989100024104118,10.341442197561264,0.1317782123805955,6.545599550008774,0.2799596800468862,0.13920887396670878,0.7783696129918098,2.8694114685058594,2.0744874998927116,30.469662189483643,21.828661561012268,0.8506258130073547,0.4068602919578552,0.7996811866760254,0.4073450267314911,D08
DELA_016,DELA,2024,24.148756742477417,32.02713704109192,1.4721982032060623,10.107282191514969,0.10799642652273178,7.077070444822311,0.29857427161186934,0.14414724195376039,0.7824474684894085,2.875456526875496,2.1684228777885437,30.692328333854675,20.000194668769836,0.8471905589103699,0.4287002384662628,0.8040928244590759,0.4242238998413086,D08
DELA_001,DELA,2015,15.970946967601776,22.86908745765686,1.4119243323802948,5.7822112292051315,0.07570874545490369,4.563993453979492,0.2952890209853649,0.16061964305117726,0.8168907836079597,2.5906721353530884,2.7838628739118576,21.68150007724762,20.921753525733948,,,,,D08
DELA_001,DELA,2016,15.503583908081055,23.157108426094055,1.4605631977319717,6.33106192946434,0.09097438934259117,4.963769823312759,0.3254817742854357,0.1771641531959176,0.8576426692306995,2.7316607236862183,2.3459751829504967,21.724386751651764,25.150355279445648,,,,,D08
DELA_001,DELA,2017,16.39304804801941,23.75873440504074,1.379283532500267,5.596733644604683,0.05604826082708314,4.545168653130531,0.2888651415705681,0.15544969448819757,0.8161958940327168,2.700963571667671,2.8978150486946106,22.141751527786255,18.847708582878113,,,,,D08
DELA_001,DELA,2018,15.619778126478195,25.04052233695984,1.38705625385046,5.660263925790787,0.03048685722751543,5.082840651273727,0.3391357520595193,0.18858208879828453,0.8902163729071617,2.918080300092697,3.181736648082733,22.329870402812958,20.920327365398407,,,,,D08
DELA_001,DELA,2019,16.67038321495056,23.766550064086914,1.33865574747324,5.244062840938568,0.022736176993930712,4.730491563677788,0.299986120313406,0.1642329483292997,0.832358930259943,2.6539130061864853,3.633508116006851,22.473043262958527,16.661085352301598,,,,,D08
DELA_001,DELA,2021,16.10625621676445,24.507885694503784,1.3784397542476654,5.719826057553291,0.03138972754823044,5.0581908375024796,0.32767709717154503,0.17999301757663488,0.8842727728188038,2.9358224123716354,3.1126345843076706,22.54708755016327,20.510127127170563,,,,,D08
DELA_001,DELA,2023,15.426697492599487,24.35268223285675,1.4767066091299057,6.680161476135254,0.07485146401450038,5.591248422861099,0.36980784125626087,0.2047690125182271,0.9057587273418903,2.9143096953630447,2.438305027782917,22.627510845661163,28.00473666191101,0.923880100250244,0.631044864654541,0.8985973000526428,0.5909414291381836,D08
DELA_001,DELA,2024,16.389699280261993,24.53446090221405,1.3645836263895035,5.731264069676399,0.028216193546541035,5.145996853709221,0.3189278580248356,0.17399657797068357,0.8786853402853012,2.9291913211345673,3.2526796609163284,22.711308360099792,19.10069626569748,0.9122216701507568,0.6539287567138672,0.886044442653656,0.6046326160430908,D08
DELA_019,DELA,2015,13.557257294654846,24.60162204504013,1.4587383940815926,5.430887579917908,0.04984143318142742,4.89652606844902,0.3904022853821516,0.21272401092574,0.8265021704137325,2.5545948445796967,3.200869157910347,20.671269834041595,39.91888718307018,,,,,D08
DELA_019,DELA,2016,12.415703028440475,23.683186054229736,1.473519615828991,5.354716390371323,0.029052529716864228,5.06980536878109,0.4362530577927828,0.2370491400361061,0.8471610508859158,2.5454118251800537,3.172247990965843,20.394423484802246,45.10044085979462,,,,,D08
DELA_019,DELA,2017,13.590348243713379,24.437352657318115,1.4117775931954384,5.134471565485001,0.01696594241366256,4.881634131073952,0.3863681200891733,0.2070599845610559,0.8058037422597408,2.4561416059732437,3.770962230861187,20.65751737356186,36.504267036914825,,,,,D08
DELA_019,DELA,2018,13.055899620056152,25.804559350013733,1.54267967492342,6.163222581148148,0.08314877661177889,5.5156241953372955,0.43780120089650154,0.2406970662996173,0.889496460556984,2.7698705196380615,2.6527003347873688,22.643077850341797,41.62345373630524,,,,,D08
DELA_019,DELA,2019,13.627686381340027,24.624176144599915,1.4225827008485794,5.413773283362389,0.020156233935267664,5.141828790307045,0.3951027151197195,0.21431919280439615,0.8278449773788452,2.542557656764984,3.553417906165123,21.895077109336853,35.33970135450363,,,,,D08
DELA_019,DELA,2021,11.647720232605934,24.370078146457672,1.58188446611166,6.001241289079189,0.05962491667014547,5.726706877350807,0.5139926541596651,0.2860406683757901,0.8971188552677631,2.6177962198853493,2.5482009649276733,21.140189945697784,48.58979785442352,,,,,D08
DELA_019,DELA,2023,11.889077544212341,25.226927638053894,1.6215538755059242,6.476192593574524,0.07611308485502377,6.022215619683266,0.5310309398919344,0.2935595437884331,0.900443147867918,2.677993766963482,2.374178431928158,22.143433392047882,47.53692078590393,0.8585036993026733,0.4824391007423401,0.8442477583885193,0.4589071869850158,D08
DELA_019,DELA,2024,11.225098639726639,24.16983997821808,1.6310735270380974,6.153339236974716,0.07923126092646271,5.73761510848999,0.5377864222973585,0.29739845357835293,0.9035893753170967,2.629653640091419,2.2964799106121063,21.3743799328804,51.44968217611313,0.8642368912696838,0.4606004953384399,0.8769011497497559,0.435203492641449,D08
DELA_017,DELA,2015,18.371819883584976,27.82032585144043,1.3894730135798454,6.371025830507278,0.029012398445047438,5.742431193590164,0.3442738140001893,0.1806063298135996,0.8036774955689907,2.688419096171856,3.570409692823887,26.212044596672058,22.109819546341896,,,,,D08
DELA_017,DELA,2016,18.478009939193726,28.32719910144806,1.427898608148098,6.9605726301670074,0.05185911327134818,5.975921556353569,0.3505906639620662,0.1877443133853376,0.8263831064105034,2.8084921538829803,2.8878108486533165,26.53961807489395,23.171479731798172,,,,,D08
DELA_017,DELA,2017,19.527505725622177,28.76037859916687,1.3674140200018883,6.433189436793327,0.03409256579470821,5.635257065296173,0.3131932932883501,0.1658986397087574,0.7879257723689079,2.661078527569771,3.5032153353095055,26.937953114509583,19.17620187997818,,,,,D08
DELA_017,DELA,2018,18.675948441028595,29.582298278808594,1.4032594561576843,6.806655436754227,0.03778353668167256,6.121796414256096,0.34834220074117184,0.19051345251500607,0.8679217621684074,3.007349744439125,3.2320732325315475,27.029701471328735,20.65117820352316,,,,,D08
DELA_017,DELA,2019,20.241195142269135,29.11993396282196,1.3296505212783813,6.1307710111141205,0.021480446914210916,5.582660481333733,0.29382895585149527,0.15822474611923099,0.7978971898555756,2.729177013039589,3.9002859368920326,27.46646237373352,15.36190427467227,,,,,D08
DELA_017,DELA,2021,19.359956085681915,29.615119576454163,1.3741152957081795,6.761803507804871,0.03440332494210452,5.96892911195755,0.3181525180116296,0.17439621919766068,0.8579533733427525,3.0241813510656357,3.336165428161621,27.434046149253845,16.74966663122177,,,,,D08
DELA_017,DELA,2023,20.027787744998932,30.06536638736725,1.3514095172286034,6.686105668544769,0.027667419948556926,5.9942875653505325,0.30501475278288126,0.16738730389624834,0.8527252972126007,3.02829048037529,3.720071494579315,27.909303069114685,14.121398001909256,0.9347319602966307,0.6940085291862488,0.9193233847618104,0.628577470779419,D08
DELA_017,DELA,2024,20.54759818315506,30.1780743598938,1.3153576999902725,6.194707989692688,0.02021975934621878,5.609790399670601,0.27933271788060665,0.1523602968081832,0.8356311209499836,3.0398478507995605,3.9426789730787277,27.89716672897339,11.888370290398598,0.918883204460144,0.6606273651123047,0.9013497233390808,0.6015995144844055,D08
DELA_009,DELA,2015,22.390791535377502,30.75231635570526,1.3531925529241562,7.297630131244659,0.05575086484896019,5.62586472928524,0.2563760429620743,0.1357699567452073,0.795242179185152,2.8597941547632217,3.131874233484268,28.727423906326294,10.755139261484146,,,,,D08
DELA_009,DELA,2016,21.92253077030182,30.721281051635742,1.4033169001340866,8.073940128087997,0.07626630604499951,5.962918281555176,0.2759404703974724,0.14821145497262478,0.810451801866293,2.924313336610794,2.650462195277214,28.664844036102295,13.284974232316017,,,,,D08
DELA_009,DELA,2017,22.865653336048126,31.17668902873993,1.3486663922667503,7.124963879585266,0.054725791211239994,5.526798024773598,0.2539020823314786,0.13495752005837858,0.7788769789040089,2.8826224952936172,3.0822094455361366,29.127007603645325,10.845515176653862,,,,,D08
DELA_009,DELA,2018,21.96901535987854,32.39171016216278,1.3672331497073174,7.51077726483345,0.04581645526923239,6.184037357568741,0.2889845594763756,0.15622208174318075,0.854226965457201,3.1690712720155716,3.0864951461553574,29.328086137771606,11.148315012454987,,,,,D08
DELA_009,DELA,2019,22.944744110107422,31.814603567123413,1.3381266742944717,7.0911683440208435,0.042428243687027134,5.885124176740646,0.26660556346178055,0.1413731030188501,0.7768982835114002,2.7890074998140335,3.536245733499527,29.678242564201355,10.981885246932507,,,,,D08
DELA_009,DELA,2021,22.19382345676422,31.997702717781067,1.3005015403032303,6.4467969834804535,0.012093984259990975,6.090983033180237,0.2798401480540633,0.15001987293362617,0.8471960350871086,3.1144972294569016,4.520916283130646,29.610495686531067,7.894595488905907,,,,,D08
DELA_009,DELA,2023,22.2376229763031,32.85583019256592,1.3893339559435844,8.122537672519684,0.051321243692655116,6.69363859295845,0.3043941296637058,0.16334042930975556,0.8532785065472126,3.127994328737259,3.0393128618597984,30.11717176437378,13.356203436851501,0.9276590943336488,0.6652506589889526,0.9048453569412231,0.6151937246322632,D08
DELA_009,DELA,2024,23.638898611068726,33.09795022010803,1.2780378982424736,6.380567282438278,0.017002520733512938,5.686598390340805,0.24381577037274837,0.1288073817268014,0.8247291594743729,3.1692308485507965,4.040546476840973,30.593846917152405,5.700504623353481,0.9285616874694824,0.7138581871986389,0.9126332998275756,0.6446282267570496,D08
DELA_002,DELA,2015,16.07839608192444,22.720573782920837,1.3092421293258667,4.738906592130661,0.03170436783693731,3.867047965526581,0.24705632496625185,0.13511730777099729,0.8016633987426758,2.587298333644867,3.5763989239931107,20.981111764907837,15.257657825946808,,,,,D08
DELA_002,DELA,2016,15.48493605852127,22.868894934654236,1.4585503414273262,6.379051476716995,0.0981049498077482,4.645410448312759,0.3058027056977153,0.16814986057579517,0.8497915379703045,2.736776754260063,2.2820433005690575,21.168308973312378,25.53442072868347,,,,,D08
DELA_002,DELA,2017,16.3233944773674,22.995562076568604,1.379138633608818,5.804413259029388,0.06504892848897725,4.304274708032608,0.2668447755277157,0.14317863900214434,0.7987918369472027,2.541754871606827,2.7555019184947014,21.453990936279297,18.416320383548737,,,,,D08
DELA_002,DELA,2018,15.629919230937958,24.17686414718628,1.3562154471874237,5.399278283119202,0.02523806236422388,4.801573723554611,0.31214609649032354,0.17254890874028206,0.8810033425688744,2.8531247675418854,3.670693412423134,21.785988688468933,18.104900002479553,,,,,D08
DELA_002,DELA,2019,17.45455104112625,24.0440593957901,1.2892783433198929,4.860270753502846,0.025029999495018274,4.0801747888326645,0.23870418593287468,0.12787785194814205,0.782448060810566,2.6221082508563995,3.7356123477220535,22.253448724746704,10.016319163143635,,,,,D08
DELA_002,DELA,2021,16.167315244674683,24.366989016532898,1.310247652232647,4.952981352806091,0.002991734399984125,4.886539191007614,0.3052341677248478,0.1664674337953329,0.8700626492500305,2.764940708875656,4.998394846916199,22.0702565908432,14.39757789671421,,,,,D08
DELA_002,DELA,2023,16.08891612291336,25.28824508190155,1.4838061183691025,6.891222894191742,0.09430129668908194,5.485904842615128,0.34678424894809723,0.19316134881228209,0.8939154669642448,2.9485929161310196,2.498299516737461,23.00578796863556,26.284398466348648,0.8948725461959839,0.548283576965332,0.8632766604423523,0.5215541124343872,D08
DELA_002,DELA,2024,16.021715760231018,25.205204010009766,1.482056200504303,6.760772913694382,0.08177112572593614,5.697807043790817,0.3694121763110161,0.2049844558350742,0.8966107964515686,2.9687477201223373,2.531570129096508,23.19386649131775,26.216979205608368,0.9062325358390808,0.5982163548469543,0.8820265531539917,0.5577930212020874,D08
DELA_007,DELA,2015,18.13158631324768,26.860209941864014,1.3732373788952827,6.272300034761429,0.04415659328515176,5.500452756881714,0.30740065313875675,0.16954544559121132,0.829540841281414,2.686292603611946,3.637444034218788,25.228880047798157,13.913076996803284,,,,,D08
DELA_007,DELA,2016,16.81293499469757,26.23925256729126,1.430315040051937,6.766168624162674,0.04739359456289094,6.047024369239807,0.36288363486528397,0.20219887513667345,0.8848667033016682,2.8569082766771317,3.3180291429162025,24.656963229179382,21.823039799928665,,,,,D08
DELA_007,DELA,2017,18.070425271987915,26.82980453968048,1.3474347814917564,6.001974165439606,0.026270014015608467,5.4532300978899,0.3056187815964222,0.16608941089361906,0.83059211820364,2.7455944269895554,3.6908507496118546,25.088825583457947,13.837867349386215,,,,,D08
DELA_007,DELA,2018,16.848456859588623,27.617018222808838,1.3974748626351357,6.543028026819229,0.02122018378577195,6.14163413643837,0.3655234295874834,0.2051320942118764,0.9125473462045193,2.968195080757141,3.63404543697834,25.041227221488953,19.507293581962585,,,,,D08
DELA_007,DELA,2019,17.593640327453613,26.794551968574524,1.3546220511198044,5.930579781532288,0.012240135431056842,5.700191155076027,0.336140095256269,0.1866463851183653,0.8378272131085396,2.6633307933807373,4.138049043715,25.112114548683167,15.272126585245132,,,,,D08
DELA_007,DELA,2021,17.61726486682892,27.896003007888794,1.3725587129592896,6.322140634059906,0.016572428656218108,5.964217245578766,0.34579926170408726,0.19093828462064266,0.8847308568656445,2.9262375831604004,4.286530449986458,25.587865233421326,16.960102200508118,,,,,D08
DELA_007,DELA,2023,18.474104821681976,28.449365973472595,1.3772061988711357,6.586883962154388,0.03029645513743162,5.926819607615471,0.32892150059342384,0.17951683280989528,0.8641605488955975,2.9811933785676956,3.488079622387886,26.237919211387634,16.443931430578232,0.9204952120780944,0.6483249068260193,0.9060767889022828,0.5950832962989807,D08
DELA_007,DELA,2024,18.96602213382721,28.543352365493774,1.3420416042208672,6.14470711350441,0.01969799144717399,5.711351037025452,0.3107523201033473,0.1683367881923914,0.8539218716323376,2.980281427502632,4.180386945605278,26.29738473892212,13.525303661823273,0.9146468043327332,0.6586488485336304,0.9032819867134094,0.5984364151954651,D08
DELA_020,DELA,2015,20.77648389339447,27.504770278930664,1.3341249823570251,6.429362580180168,0.05441367981256917,4.794760212302208,0.23504355549812317,0.12188248732127249,0.7707072906196117,2.777605563402176,3.0471327155828476,26.277068734169006,10.098008934408426,,,,,D08
DELA_020,DELA,2016,20.928879618644714,27.937387228012085,1.351003497838974,6.9111475348472595,0.05407135037239641,5.27408304810524,0.2537859519943595,0.13272728491574526,0.8041062653064728,2.9191789031028748,2.868341311812401,26.70673704147339,10.760933220386505,,,,,D08
DELA_020,DELA,2017,22.15979492664337,28.504427790641785,1.2955058962106705,6.21854305267334,0.042916325211990625,4.614400342106819,0.20917113777250051,0.10618742369115353,0.7559818774461746,2.8407549411058426,3.2873783260583878,27.165923953056335,7.265457436442375,,,,,D08
DELA_020,DELA,2018,21.142756581306458,29.871761679649353,1.3290453553199768,6.655572772026062,0.039408986922353506,5.38229700922966,0.25587087497115135,0.1351343267597258,0.8348412550985813,3.119007632136345,3.269183501601219,27.43775725364685,9.537826389074326,,,,,D08
DELA_020,DELA,2019,22.45032525062561,29.093145847320557,1.2876817435026169,6.164866060018539,0.032728925987612456,4.972622975707054,0.22362429834902287,0.11391874123364687,0.7637572400271893,2.9063501209020615,3.5192649513483047,27.72588610649109,6.838427886366844,,,,,D08
DELA_020,DELA,2021,21.501142740249634,30.275683760643005,1.3313008770346642,6.86252024769783,0.03180266550043598,5.8852914571762085,0.274631068110466,0.14472800819203258,0.8429636992514133,3.1662209033966064,3.4748417139053345,28.045844435691833,9.64667172729969,,,,,D08
DELA_020,DELA,2023,22.247785568237305,30.55968964099884,1.3408030271530151,7.226001888513565,0.04257798462640494,5.856957972049713,0.2637463305145502,0.13793503493070602,0.8312570191919804,3.151667356491089,3.224152147769928,28.556845545768738,9.920049160718918,0.9360268115997314,0.6558232307434082,0.9181069135665894,0.6086989045143127,D08
DELA_020,DELA,2024,23.003948211669922,31.12511444091797,1.2760478034615517,6.208212196826935,0.019746091769775376,5.403896927833557,0.23535726498812437,0.12124103214591742,0.8076743334531784,3.1746900230646133,3.9615849554538727,28.889263153076172,5.958599627017975,0.9268081188201904,0.65115886926651,0.9139520525932312,0.5994449257850647,D08
DELA_006,DELA,2015,16.06610870361328,23.691622018814087,1.3103289976716042,4.779054671525955,0.025451056455494836,4.209101244807243,0.26439501345157623,0.14573275251314044,0.8153907991945744,2.588749021291733,3.9718616753816605,21.826249957084656,12.521073386073112,,,,,D08
DELA_006,DELA,2016,14.418022394180298,22.963092923164368,1.4606915265321732,5.591576620936394,0.07813262625131756,4.835119888186455,0.35398572869598866,0.19697058387100697,0.8410724848508835,2.5514974743127823,2.9421403035521507,21.42484039068222,26.0714673101902,,,,,D08
DELA_006,DELA,2017,15.295405685901642,23.11894726753235,1.3756084889173508,5.055336773395538,0.04073843875085004,4.556479781866074,0.316650397144258,0.1755908029153943,0.8194626048207283,2.4939540326595306,3.7098636403679848,21.86599051952362,19.940244544297457,,,,,D08
DELA_006,DELA,2018,14.267706453800201,23.121822237968445,1.4069316908717155,5.367741584777832,0.04435596984694712,4.7692719250917435,0.3410534141585231,0.19074823334813118,0.8828019388020039,2.7690559178590775,3.211737848818302,20.97850912809372,24.038040280342102,,,,,D08
DELA_006,DELA,2019,16.135669231414795,23.715436339378357,1.3561761528253555,5.259054109454155,0.04497144570632372,4.490706250071526,0.2846604287624359,0.15644598240032792,0.8243359997868538,2.6350416392087936,3.871856488287449,22.469375729560852,15.721115596592426,,,,,D08
DELA_006,DELA,2021,14.635137259960175,24.386460423469543,1.459952488541603,6.217499941587448,0.06788435555063188,5.266070544719696,0.36192229203879833,0.20161057449877262,0.8993578031659126,2.8703994303941727,2.60035989433527,22.132545590400696,26.250141859054565,,,,,D08
DELA_006,DELA,2023,15.343867182731628,24.620819926261902,1.4344210401177406,6.161428719758987,0.05359899520408362,5.380198165774345,0.3573829960078001,0.1969565749168396,0.8889249190688133,2.859909802675247,2.8553843200206757,22.617306530475616,23.358911216259003,0.9329090118408204,0.6542450189590454,0.9123101234436036,0.6046366095542908,D08
DELA_006,DELA,2024,14.924363613128662,25.000922322273254,1.4595861285924911,6.356062084436417,0.05567457410506904,5.664419248700142,0.3839388769119978,0.21202663145959377,0.8885355405509472,2.8537658601999283,2.7016636207699776,22.62449485063553,25.387932538986206,0.9246872663497924,0.6562266945838928,0.9100534915924072,0.6004694700241089,D08
DELA_008,DELA,2015,8.336180254817009,17.47193169593811,1.6789286434650421,4.306987285614014,0.12802876959904097,3.9527511298656464,0.5352557580918074,0.29481380246579647,0.8770277872681618,2.242995098233223,1.9652199083939195,15.20634588599205,66.60322403907776,,,,,D08
DELA_008,DELA,2016,8.329092040657997,17.524716019630432,1.6133606880903244,4.175224214792252,0.059247449738904834,4.041678383946419,0.5533066373318434,0.3046633852645755,0.8661168143153191,2.1966595575213432,2.22834475338459,15.312323182821274,64.92734503746033,,,,,D08
DELA_008,DELA,2017,9.001088216900826,18.08309769630432,1.640321023762226,4.462699830532074,0.09898371022427455,4.107505992054939,0.5315440185368061,0.291732307523489,0.8654702380299568,2.269403725862503,2.079849597066641,15.857165098190308,62.06478101015091,,,,,D08
DELA_008,DELA,2018,8.862872138619423,19.32223480939865,1.5980219915509224,4.523485079407692,0.07122607593191788,4.275021754205227,0.5197889935225248,0.2878131531178951,0.901317086070776,2.3759883642196655,2.2469593323767185,16.070955753326416,63.05001246929169,,,,,D08
DELA_008,DELA,2019,9.660815015435219,18.424614131450653,1.5585605427622795,4.296261548995972,0.059586887509794906,4.103495493531227,0.49487746227532625,0.26796599058434367,0.8417052365839481,2.2104568257927895,2.652908567339182,16.51251730322838,55.99619224667549,,,,,D08
DELA_008,DELA,2021,9.297784850001335,17.922408998012543,1.6132457107305527,4.4812872260808945,0.10486698858585441,4.114795073866844,0.4901740876957774,0.2729964219033718,0.9073519743978977,2.4386961460113525,2.2879237178713083,15.89019724726677,59.7920797765255,,,,,D08
DELA_008,DELA,2023,10.011405050754547,18.924312591552734,1.5606408640742302,4.608033940196037,0.09233983875310514,4.11095654964447,0.4453816106542945,0.24995847884565592,0.8965307846665382,2.4562148824334145,2.3924737609922886,16.548147171735764,54.720636159181595,0.9079766869544984,0.5317294597625732,0.8860344886779785,0.5036358833312988,D08
DELA_008,DELA,2024,9.994551882147789,18.668357968330383,1.5001224353909492,4.3101363480091095,0.065417350968346,3.9064918905496597,0.416635905392468,0.23490552976727486,0.8983973413705826,2.4788825437426567,2.6094863265752792,16.1509650349617,52.79500821232796,0.9064654111862184,0.5962395071983337,0.8859997391700745,0.5525042414665222,D08
DELA_046,DELA,2015,20.98542994260788,27.067659378051758,1.2745832651853561,5.431605949997902,0.03597188531421125,3.9331219643354416,0.19383490085601807,0.10197713552042842,0.7447507679462433,2.7307272851467133,3.3614750802516937,25.677839517593384,7.665916047990322,,,,,D08
DELA_046,DELA,2016,19.483214557170868,27.003740787506104,1.4539869725704193,7.61031898856163,0.10977326601278037,5.34550441801548,0.2810040423646569,0.15028534922748804,0.8079865090548992,2.803249701857567,2.3205633014440536,25.568549871444702,19.07840210199356,,,,,D08
DELA_046,DELA,2017,20.677189230918884,27.714555859565735,1.3557249009609222,6.494222089648247,0.06432131325709634,4.87301929295063,0.24498178530484438,0.1274799187667668,0.7683950178325176,2.72188101708889,2.9461456313729286,26.239797711372375,12.449413746595383,,,,,D08
DELA_046,DELA,2018,19.473791480064392,28.366535782814026,1.385132946074009,6.7872699201107025,0.05731056502554566,5.530013769865036,0.293260739184916,0.15884098503738642,0.8579645566642284,3.0790817886590958,3.0112466737627983,26.109495520591736,15.349220275878906,,,,,D08
DELA_046,DELA,2019,20.757713973522186,28.172359466552734,1.3391723781824112,6.311667814850807,0.05223560117883608,4.983652427792549,0.2504553208127618,0.13387409411370754,0.7855274938046932,2.728685647249222,3.4062869250774384,26.687227487564087,11.615372717380524,,,,,D08
DELA_046,DELA,2021,18.334367871284485,28.75384795665741,1.4402443692088127,7.2113067507743835,0.058822388760745525,6.208135396242142,0.3549400260671973,0.1961922701448202,0.8875343278050423,3.0888317227363586,2.818331763148308,26.1985000371933,19.500811725854874,,,,,D08
DELA_046,DELA,2023,19.05662214756012,29.067251324653625,1.41794653236866,7.188008040189743,0.05234261660370976,6.181369453668594,0.3396862279623747,0.18673022603616118,0.8726948648691177,3.088096022605896,2.9915014505386353,26.665861010551453,18.36098685860634,0.9264310598373412,0.6000885367393494,0.9063196778297424,0.5622199773788452,D08
DELA_046,DELA,2024,19.769575238227844,29.346280813217163,1.3387151882052422,6.197649747133255,0.02435237166355364,5.57371112704277,0.2979222247377038,0.16341243125498295,0.8583238683640957,3.0884808897972107,3.7504846826195717,26.976815223693848,12.084697052836418,0.9117369651794434,0.6033469438552856,0.8902294039726257,0.5616732835769653,D08
DELA_053,DELA,2015,20.716520190238953,27.18520975112915,1.3131860196590424,6.052264541387558,0.052899263449944556,4.263614267110825,0.2075243592262268,0.10778357507660985,0.7419420257210732,2.5858036279678345,3.0018251538276672,25.927170157432556,8.247053533792496,,,,,D08
DELA_053,DELA,2016,20.120782136917114,27.290680170059204,1.4040243327617645,7.319159209728241,0.08822927344590425,5.007169738411903,0.2517828047275543,0.1329439887776971,0.7789241150021553,2.6804476380348206,2.4095387384295464,26.05364418029785,14.095220983028412,,,,,D08
DELA_053,DELA,2017,20.79060685634613,27.60163402557373,1.3493997305631638,6.741725206375122,0.06324347038753331,4.74460181593895,0.22996012773364782,0.12065609870478511,0.7592913247644901,2.639265164732933,2.7680450677871704,26.4877690076828,10.47285071015358,,,,,D08
DELA_053,DELA,2018,19.157525777816772,27.641801595687866,1.3898947313427925,6.884531944990158,0.06657467305194587,5.285838603973389,0.2767797363922,0.15019711200147867,0.8427815772593021,2.95912367105484,2.8021530732512474,25.67038357257843,14.317009910941124,,,,,D08
DELA_053,DELA,2019,20.726460814476013,28.384611129760742,1.3818037882447243,7.179104596376419,0.07097097835503519,5.31787745654583,0.2605052376165986,0.13915749732404947,0.7844684198498726,2.747302144765854,2.7922568172216415,27.047377824783325,12.787840992212296,,,,,D08
DELA_053,DELA,2021,13.533555269241333,24.312083780765533,1.6361433938145638,6.917027346789837,0.12700150557793677,5.871880665421486,0.47432839311659336,0.2638939176686108,0.8990785107016563,2.7345856428146362,1.8894181605428457,21.979142725467682,43.049917817115784,,,,,D08
DELA_053,DELA,2023,14.1173295378685,25.361915409564972,1.6682715713977814,7.026147276163101,0.10355794220231473,6.209746479988098,0.5407754071056843,0.27475689724087715,0.856408141553402,2.7057667151093483,1.8995639253407717,22.302573651075363,40.07964450120926,0.9409040808677672,0.5901333093643188,0.9274766445159912,0.5520897507667542,D08
DELA_053,DELA,2024,14.269887074828148,25.71198046207428,1.586536929011345,6.698974281549454,0.056008727522566915,6.072986453771591,0.5157602960243821,0.26775735057890415,0.8652335219085217,2.7206087857484818,2.195358444005251,22.51446634531021,36.294798493385315,0.9287468791007996,0.5720458626747131,0.9214988946914672,0.5321058034896851,D08
DELA_051,DELA,2015,18.43982368707657,25.43547224998474,1.2947630807757378,5.252790302038193,0.028786865063011646,4.342748388648033,0.2383912382647395,0.12900755601003766,0.7968461737036705,2.7220779210329056,3.553748518228531,23.890522599220276,8.526660040020943,,,,,D08
DELA_051,DELA,2016,18.15042680501938,25.66059935092926,1.3539019152522087,5.990617036819458,0.0545561627659481,4.632870554924011,0.2589341923594475,0.1414013016037643,0.821430891752243,2.799156680703163,3.0191195607185364,23.90591859817505,13.075724989175797,,,,,D08
DELA_051,DELA,2017,19.269102454185486,25.95488131046295,1.301955334842205,5.533920541405678,0.03916021072654985,4.2742549777030945,0.2252630041912198,0.1209583436138928,0.784553837031126,2.679344803094864,3.5188578069210052,24.510050415992737,8.756899021565914,,,,,D08
DELA_051,DELA,2018,18.303777873516083,27.302419781684875,1.305374376475811,5.404611587524414,0.0204304531798698,4.838450253009796,0.2675158502534032,0.14799718651920557,0.8583629839122295,2.988633245229721,3.9635739028453827,24.737009048461914,10.342034623026848,,,,,D08
DELA_051,DELA,2019,19.7703115940094,26.79621648788452,1.2960929572582245,5.647533088922501,0.026194693193247076,4.803864821791649,0.24658168200403452,0.13272744417190552,0.8074239268898964,2.808299943804741,3.7735589146614075,25.414363265037537,9.0783811211586,,,,,D08
DELA_051,DELA,2021,18.54062718153,27.3347749710083,1.3109076544642448,5.694498181343079,0.008992881550511811,5.46364663541317,0.29513851925730705,0.1618562052026391,0.8752880543470383,2.9636415392160416,4.726696357131004,25.25806427001953,11.538228780031204,,,,,D08
DELA_051,DELA,2023,19.193536281585693,28.169557690620422,1.3608115017414093,6.624532729387283,0.03865140813286416,5.657122403383255,0.2958727655932307,0.16355869499966502,0.8696782886981964,3.0305222123861313,3.4415948390960693,26.290236473083496,13.244396358728409,0.91941100358963,0.6411421298980713,0.8975169658660889,0.5941283106803894,D08
DELA_051,DELA,2024,19.720300674438477,28.384152054786682,1.3389356210827827,6.350641489028931,0.034240457840496674,5.473171025514603,0.2808089582249522,0.1546068419702351,0.8619704209268093,3.051287814974785,3.630976438522339,26.526358008384705,11.640714839100838,0.9034215211868286,0.6293269991874695,0.8800779581069946,0.5812574625015259,D08
DELA_043,DELA,2015,12.56491369009018,22.826176166534424,1.3919552117586136,4.675874575972557,0.0245048737997422,4.418360732495785,0.35890218522399664,0.19500684458762407,0.8158952295780182,2.3104573786258698,4.09611689299345,20.82014375925064,38.924326568841934,,,,,D08
DELA_043,DELA,2016,12.146629750728607,22.774796664714813,1.4845613241195679,5.308879613876343,0.07392427255399525,4.54052209854126,0.3803017223253846,0.2080089133232832,0.840909082442522,2.475597932934761,2.6375357657670975,20.305605828762054,47.57002890110016,,,,,D08
DELA_043,DELA,2017,12.860508143901825,23.174483478069305,1.3806644082069397,4.691140368580818,0.024725437942834105,4.359873220324516,0.3438578052446246,0.1876177047379315,0.8175851181149483,2.378010720014572,3.918172687292099,20.53279745578766,36.59833951666951,,,,,D08
DELA_043,DELA,2018,12.586498439311981,24.82377827167511,1.4274031817913055,5.089405596256256,0.03980963455978781,4.636268571019173,0.37033810559660196,0.20496133575215936,0.8603803738951683,2.6614553034305573,3.19373719394207,20.476526021957397,36.82584536075592,,,,,D08
DELA_043,DELA,2019,14.007166087627411,23.754031777381897,1.3573818057775497,4.716872572898865,0.02584811724955216,4.366673953831196,0.31865091901272535,0.1746432250365615,0.8126423507928848,2.459677703678608,3.8514820486307144,21.37399512529373,25.193515550345182,,,,,D08
DELA_043,DELA,2021,13.644933700561523,24.018404006958008,1.3629982993006706,4.698556661605835,0.020952150211087428,4.390683114528656,0.32958001270890236,0.18245494458824396,0.8556148372590542,2.68362258374691,3.8870312720537186,20.834248304367065,27.816767781972885,,,,,D08
DELA_043,DELA,2023,14.734412789344788,24.395578622817993,1.350292183458805,4.879085913300514,0.030791208730079234,4.257704347372055,0.29503299202769995,0.16161829233169556,0.8337230011820793,2.698645055294037,3.494652897119522,21.741448879241943,21.736692175269127,0.939738392829895,0.6486514806747437,0.9241563081741332,0.5970548391342163,D08
DELA_043,DELA,2024,14.907189786434174,24.480656266212463,1.3088175877928734,4.436290621757507,0.014190942787536187,4.126656159758568,0.28240127116441727,0.1549911219626665,0.8243326395750046,2.7020272612571716,4.340193137526512,21.57382506132126,18.826662182807922,0.922004461288452,0.6401139497756958,0.9015706777572632,0.5881269574165344,D08
DELA_040,DELA,2015,19.922252416610718,26.333475589752197,1.2854338586330414,5.485176086425781,0.033725277113262564,4.431289970874786,0.2213964955881238,0.11465873196721077,0.7467224411666393,2.529336377978325,3.670551121234894,25.04261887073517,7.732068043202162,,,,,D08
DELA_040,DELA,2016,19.34940004348755,26.210487127304077,1.3409700319170952,6.217526942491531,0.05136691352527123,4.970710381865501,0.25607774313539267,0.13580622849985957,0.7908627092838287,2.6594881266355515,3.3608031198382378,25.087294697761536,11.294088050723076,,,,,D08
DELA_040,DELA,2017,20.368112921714783,26.956743836402893,1.3905097469687462,6.93646639585495,0.09195518608612474,4.625797852873802,0.2286891434341669,0.11859953170642257,0.7433561980724335,2.556969031691551,2.7244083024561405,25.614805579185486,13.559903413057327,,,,,D08
DELA_040,DELA,2018,19.306702494621277,27.583818554878235,1.3805571496486664,6.8889119029045105,0.05144638416823,5.6756784319877625,0.2963290298357606,0.1589643037877977,0.8543306328356266,3.0047827512025833,2.9994974583387375,25.840037941932678,14.639711409807205,,,,,D08
DELA_040,DELA,2019,20.486799716949463,27.2230886220932,1.4033066555857658,7.21373188495636,0.08917389024281874,5.21546246111393,0.25734301656484604,0.13124212808907032,0.75951873883605,2.6976896673440933,2.689611479640007,26.021274089813232,15.766118973493576,,,,,D08
DELA_040,DELA,2021,19.64621067047119,28.040786027908325,1.4033776074647903,7.320007830858231,0.05953349213814363,5.936809569597244,0.30640153121203184,0.16231079725548625,0.8449068255722523,3.012462690472603,2.821846254169941,26.284183621406555,15.729602992534637,,,,,D08
DELA_040,DELA,2023,20.421525835990906,28.603658437728882,1.3564755395054817,6.8984465301036835,0.044494309899164364,5.637956604361534,0.2769935429096222,0.14536895975470543,0.82281144708395,2.9632354378700256,3.2968051061034203,26.664212346076965,11.829645961523056,0.9303852319717408,0.6844002604484558,0.9105716347694396,0.6270302534103394,D08
DELA_040,DELA,2024,20.943325400352478,28.728055357933044,1.3163425773382187,6.384208410978317,0.028558903795783408,5.439485475420952,0.2612906666472554,0.13561700750142336,0.8102745823562145,2.9511395692825317,3.6067613512277603,26.954513430595398,9.274948120117188,0.913040280342102,0.6807736158370972,0.8928734064102173,0.618574857711792,D08
DELA_052,DELA,2015,17.293345153331757,28.735806107521057,1.5299948826432228,7.593493461608887,0.09390842966240598,6.324134439229965,0.4013539291918278,0.2189865978434682,0.8457491062581539,2.789371356368065,2.6648784056305885,26.64174509048462,30.570234060287476,,,,,D08
DELA_052,DELA,2016,15.341267883777618,27.414429306983948,1.6113656535744667,7.609063595533371,0.12201598880346864,6.3561082780361176,0.4525203499943018,0.2442559516057372,0.843919575214386,2.673179790377617,2.1448548808693886,25.41363751888275,38.822691679000854,,,,,D08
DELA_052,DELA,2017,14.440953254699707,27.168229341506958,1.6699485331773758,7.455845355987549,0.1587062652251916,6.036597967147827,0.45269273314625025,0.23960386822000146,0.8072074465453625,2.4990792274475098,2.023430410772562,23.52991771697998,48.67600405216217,,,,,D08
DELA_052,DELA,2018,14.526581764221191,29.171963334083557,1.575197383761406,7.443320631980896,0.08550695655867457,6.625580966472626,0.46656588464975357,0.25713049061596394,0.8941292837262154,2.864011272788048,2.4033364802598953,24.38094210624695,39.92898780107498,,,,,D08
DELA_052,DELA,2019,15.797764837741852,28.023627042770386,1.5236530303955078,7.25532928109169,0.08613747183699161,6.124491333961487,0.4045812636613846,0.22116324864327908,0.843913346529007,2.70363786816597,2.6929456628859043,25.29148530960083,33.13436383008957,,,,,D08
DELA_052,DELA,2021,15.13594138622284,28.53653335571289,1.5245079472661018,7.024345129728317,0.062152285885531455,6.463201746344566,0.44511680118739605,0.24605579394847155,0.8922523446381092,2.8768757432699203,2.8824575282633305,25.075286984443665,32.61556285619736,,,,,D08
DELA_052,DELA,2023,16.201191186904907,28.80817747116089,1.4856253117322922,7.1315566301345825,0.04694366178591736,6.473930269479752,0.421249745413661,0.2323862686753273,0.8771605007350445,2.8372522592544556,2.9587980061769485,26.16944944858551,26.591981321573257,0.9441229104995728,0.6096647381782532,0.9297754168510436,0.5663862228393555,D08
DELA_052,DELA,2024,16.909599125385284,28.85381293296814,1.4172670766711235,6.622086971998215,0.027521904412424192,6.169360101222992,0.37768860533833504,0.20813556760549545,0.8804767988622189,2.9070498794317245,3.4248007759451866,26.06203442811966,19.984510868787766,0.9252545833587646,0.6160736083984375,0.909373104572296,0.5685179233551025,D08
DELA_041,DELA,2015,16.548169374465942,24.015005588531494,1.3801383078098297,5.60776674747467,0.06476220447802916,4.360944762825966,0.2753424225375056,0.1512061096727848,0.8301067613065243,2.721513122320175,2.9095177352428436,22.4027841091156,17.162875659763813,,,,,D08
DELA_041,DELA,2016,16.022292971611023,24.133612394332886,1.4548307731747627,6.3790013790130615,0.0982286351500079,4.690287843346596,0.3034246824681759,0.1687167575582862,0.85936663672328,2.8183283507823944,2.3449757993221283,22.37855577468872,22.949461698532104,,,,,D08
DELA_041,DELA,2017,16.02625173330307,23.837689638137817,1.4589801877737045,6.261223688721657,0.10692519560689107,4.606912046670914,0.29786045104265213,0.16316077392548323,0.8399797156453133,2.7247288525104523,2.3673178255558014,22.07931160926819,23.53573602437973,,,,,D08
DELA_041,DELA,2018,15.43921148777008,24.98441231250763,1.432788409292698,6.083294779062271,0.06645849347114563,5.010950371623039,0.3325448352843523,0.18605511263012886,0.8967234157025814,2.9548859894275665,2.67812430113554,22.36494529247284,22.876156449317932,,,,,D08
DELA_041,DELA,2019,15.339514315128326,23.805166125297546,1.5115034580230713,6.545032799243927,0.11808209179434925,5.097975581884384,0.34508710727095604,0.19298542477190495,0.8635136932134628,2.7689998894929886,2.2729646936059,22.24210786819458,29.185413733124733,,,,,D08
DELA_041,DELA,2021,12.168874025344849,23.386436462402344,1.5671218484640121,5.8948163986206055,0.06563600758090615,5.518533274531364,0.48910525999963284,0.2749900761991739,0.9173372462391853,2.7326293736696243,2.555585950613022,20.713719308376312,42.21925735473633,,,,,D08
DELA_041,DELA,2023,11.009937971830368,23.199007630348206,1.6602169051766396,6.167461603879929,0.10625886684283614,5.569690957665443,0.5336833521723747,0.2977568581700325,0.9142849780619144,2.6553173661231995,1.9460663795471191,20.141158878803253,53.21709907054901,0.9195083379745485,0.5923721194267273,0.8958957195281982,0.5538668632507324,D08
DELA_041,DELA,2024,11.226665914058685,23.512874603271484,1.5855851918458939,6.021921128034592,0.060939198127016425,5.578366935253143,0.5118633527308702,0.28681660257279873,0.9171085208654404,2.643815204501152,2.320781610906124,20.145031988620758,51.431071043014526,0.9107378721237184,0.6243458986282349,0.8863863348960876,0.5774838924407959,D08
DELA_044,DELA,2015,17.266080737113953,26.64603590965271,1.3574206605553627,5.685299769043922,0.04068880657723639,4.854001566767693,0.2907728925347328,0.1609331746585667,0.8145097345113754,2.617458865046501,3.4196125268936157,24.504456520080566,16.06142847239971,,,,,D08
DELA_044,DELA,2016,17.01807051897049,26.74960958957672,1.4058332219719887,6.25472691655159,0.06399819639045745,5.038472101092339,0.30467029102146626,0.16897919634357095,0.8345702551305294,2.7213104814291,2.8024087101221085,24.65917181968689,18.58102837204933,,,,,D08
DELA_044,DELA,2017,17.030949592590332,26.390945196151733,1.3737465292215347,5.751840591430664,0.04865647290716879,4.832332402467728,0.2964487746357918,0.16373213473707438,0.8222227580845356,2.633225306868553,3.192198596894741,24.005269050598145,17.260644644498825,,,,,D08
DELA_044,DELA,2018,16.485412001609802,27.519897937774658,1.3991432636976242,6.128380745649338,0.044289799057878554,5.293558567762375,0.33011519722640514,0.18526970222592354,0.883263673633337,2.9404036104679108,3.0769791305065155,24.963624358177185,18.153856992721558,,,,,D08
DELA_044,DELA,2019,17.38276368379593,26.76274609565735,1.3610676229000092,5.73943293094635,0.041703858703840524,4.885783448815346,0.2936675902456045,0.1612257775850594,0.8285939320921898,2.721701964735985,3.384216219186783,24.81047487258911,15.557887062430382,,,,,D08
DELA_044,DELA,2021,17.100681483745575,27.643305778503418,1.3749061152338982,5.947354257106781,0.03660225460771471,5.184152603149414,0.3153763562440872,0.17462199600413442,0.8697846196591854,2.967403545975685,3.2554849982261658,25.14751410484314,16.057772263884544,,,,,D08
DELA_044,DELA,2023,17.682605803012848,28.020031929016113,1.3795536011457443,6.247974634170532,0.03770539030665532,5.441212311387062,0.3186087217181921,0.17686842987313867,0.8756449483335018,2.960184082388878,3.332808643579483,25.853962421417236,15.177229896187782,0.9355566501617432,0.6256948709487915,0.9220336079597472,0.5794761180877686,D08
DELA_044,DELA,2024,18.017781913280487,28.172406554222107,1.3442666679620743,5.732344418764114,0.022276015661191195,5.2732139229774475,0.3086258638650179,0.17067672172561288,0.8606307096779346,2.9558008909225464,3.833901107311249,25.92238414287567,12.520602311939001,0.9190412759780884,0.6235488653182983,0.9028883576393129,0.5742422342300415,D08
DELA_039,DELA,2015,17.819528460502625,27.718752026557922,1.3841520845890045,6.206926003098488,0.03037139908701647,5.672701880335808,0.3386361878365278,0.18601351883262396,0.8274026960134506,2.7411046475172043,3.7410629391670227,25.589975953102112,20.45646872371435,,,,,D08
DELA_039,DELA,2016,17.22542381286621,27.84137713909149,1.4872245788574219,7.087644964456558,0.0680800752597861,6.2619553208351135,0.39681404549628496,0.2173105701804161,0.8444143086671829,2.8091682493686676,2.722439043223858,25.60575294494629,26.741565346717834,,,,,D08
DELA_039,DELA,2017,18.393572330474854,27.763021230697632,1.398393228650093,6.298787280917168,0.042036394734168425,5.696620270609856,0.3399007944390178,0.1850260857027024,0.8082858193665743,2.717146411538124,3.5794995948672295,25.76217472553253,20.376027956604958,,,,,D08
DELA_039,DELA,2018,17.447300970554352,29.056052923202515,1.4533084630966187,6.9595015943050385,0.04549465328454971,6.326816439628601,0.39130059722810984,0.21611099131405354,0.8783383406698704,2.967942491173744,3.090699255466461,25.992618918418884,25.206517815589905,,,,,D08
DELA_039,DELA,2019,18.993707358837128,28.150368809700012,1.3567592799663544,5.948616519570351,0.031206037019728683,5.318307235836983,0.30731006618589163,0.16759981121867895,0.7905810307711363,2.6420336961746216,3.8673431873321533,26.200926661491394,17.602803863584995,,,,,D08
DELA_039,DELA,2021,18.230460584163666,28.41724145412445,1.3741634488105774,6.181319028139114,0.024066488753305748,5.708690851926804,0.3365974463522434,0.18442733865231276,0.858288049697876,2.9517241418361664,3.7458601742982864,25.992230534553528,18.8586865067482,,,,,D08
DELA_039,DELA,2023,19.090299427509308,28.842344284057617,1.3528571054339409,6.291983544826508,0.023558260698337108,5.720662698149681,0.31270549912005663,0.17121073557063937,0.8560958728194237,2.9766697138547897,3.769717827439308,26.488763570785522,14.948979377746582,0.9374580979347228,0.6313216090202332,0.9224472045898438,0.5865989327430725,D08
DELA_039,DELA,2024,19.829881727695465,29.3227196931839,1.309750571846962,5.7022483348846436,0.016393141966545954,5.266785517334938,0.2802806356921792,0.1528191827237606,0.8334116116166115,2.9810638576745987,4.183539837598801,26.60388970375061,11.807472255080938,0.9213836789131165,0.6284816265106201,0.9045198559761048,0.5804499387741089,D08
DELA_054,DELA,2015,28.969501972198486,34.503836154937744,1.3130725100636482,8.546572268009186,0.05367968592327088,5.5553023517131805,0.1951120006851852,0.09032573457807302,0.6732539068907499,2.706759713590145,2.961325779557228,33.687857031822205,8.421555295586586,,,,,D08
DELA_054,DELA,2016,25.265295207500458,33.8218709230423,1.3724070340394974,7.910198420286179,0.042639353036065586,7.303597331047058,0.3178077647462487,0.16068678675219417,0.7420627623796463,2.833389326930046,4.18133982270956,32.77229154109955,14.733022704720497,,,,,D08
DELA_054,DELA,2017,26.591534912586212,34.41793370246887,1.4676919654011726,10.436706393957138,0.10515008587390184,7.215172529220581,0.2960509490221739,0.1453464343212545,0.7072755172848701,2.7650785595178604,2.2022401839494705,33.1168771982193,19.09730291366577,,,,,D08
DELA_054,DELA,2018,24.47848403453827,34.39019799232483,1.3946470245718956,8.458472698926926,0.03458856332144933,7.903287470340729,0.35020395647734404,0.18489230517297983,0.8280472606420517,3.141141951084137,4.173854283988476,32.810890793800354,16.398306645452976,,,,,D08
DELA_054,DELA,2019,26.323893666267395,34.11584448814392,1.3114059641957283,7.276283651590347,0.02243427230132511,6.856699720025063,0.2814172971993685,0.14266176987439394,0.7379843071103096,2.875360280275345,4.443072497844696,33.247713923454285,10.52286497503519,,,,,D08
DELA_054,DELA,2021,25.050187647342682,34.66767466068268,1.339923419058323,7.784741699695587,0.016582983673288254,7.478584259748459,0.3177189715206623,0.16737432777881622,0.8319760076701641,3.1443562358617783,4.785493150353432,32.95307636260986,11.794709153473377,,,,,D08
DELA_054,DELA,2023,24.09533280134201,35.100754141807556,1.4156810641288757,8.95294401049614,0.039647826459258795,7.911266565322876,0.35514421947300434,0.1915508615784347,0.8516033813357353,3.199536621570587,3.1924556270241737,33.12826120853424,16.816388934850693,0.8904632329940796,0.5746477842330933,0.8581341505050659,0.5422602295875549,D08
DELA_054,DELA,2024,24.02683252096176,34.664445996284485,1.3883339911699295,8.180577754974365,0.031458100595045835,7.397641539573669,0.3403951218351722,0.18348530307412148,0.8400474041700363,3.1679118126630783,3.5160892978310585,32.465415477752686,15.75283107161522,0.9047083258628844,0.5949589014053345,0.8879562020301819,0.5518677830696106,D08
DELA_045,DELA,2015,21.094430208206177,28.945069313049316,1.3161552771925926,6.144737258553505,0.027578023917158134,5.313104540109634,0.26605299953371286,0.14432773948647082,0.7853633649647236,2.6603436172008514,3.794935405254364,27.781111001968384,9.889944728463888,,,,,D08
DELA_045,DELA,2016,20.308397471904755,29.315059185028076,1.420088768005371,7.691892713308334,0.06841959239682183,6.289642885327339,0.31693106424063444,0.168814180418849,0.8205752149224281,2.843868598341942,2.810983084142208,27.78065526485443,16.22793358564377,,,,,D08
DELA_045,DELA,2017,21.509254336357117,29.513956785202026,1.346378818154335,7.003836959600449,0.04118760138953803,5.699196934700012,0.2737027993425727,0.144243149086833,0.7848449349403381,2.7394261956214905,3.455876298248768,28.28746271133423,10.987714678049088,,,,,D08
DELA_045,DELA,2018,19.740836560726166,30.09096086025238,1.40463587641716,7.547280699014664,0.043601023993687704,6.6352255046367645,0.33942487742751837,0.18377820635214448,0.8743463419377804,3.053550213575363,3.2190025597810745,27.782907724380493,15.850893750786781,,,,,D08
DELA_045,DELA,2019,21.275047779083252,29.681185841560364,1.3558101132512093,7.187443941831589,0.04406629831646569,5.979237511754036,0.28326141368597746,0.15046121133491397,0.8035954311490059,2.7725221812725067,3.4791141152381897,28.37320065498352,11.03397462517023,,,,,D08
DELA_045,DELA,2021,20.425221502780914,30.16592001914978,1.349959820508957,6.856304258108139,0.025164740916807204,6.260575294494629,0.3105082232505083,0.167107536457479,0.8654760085046291,3.0856879204511642,3.7969289124011993,28.082003235816956,11.586096987128258,,,,,D08
DELA_045,DELA,2023,19.268951535224915,29.881494283676147,1.4094306156039238,7.267631977796555,0.03381217428250238,6.707692921161652,0.36254257895052433,0.19949566945433617,0.8832053616642952,3.0712838768959045,3.390967473387718,27.902324318885803,17.590713068842888,0.916562795639038,0.6540786623954773,0.8963645100593567,0.5993321537971497,D08
DELA_045,DELA,2024,17.837170720100403,29.828450798988342,1.4605924487113953,6.7808438539505005,0.04911687585990876,6.319895386695862,0.39902478363364935,0.2165933228097856,0.8656558394432068,2.992795452475548,3.172833077609539,26.21042263507843,24.121285133063793,0.9206402897834778,0.6296245455741882,0.9109400510787964,0.576732337474823,D08
DELA_042,DELA,2015,19.343019425868988,30.73199713230133,1.396222285926342,7.080468162894249,0.03257669589947909,6.499060660600662,0.3493175273761153,0.18743384210392833,0.8131839856505394,2.783852607011795,3.4876585602760315,27.866563320159912,18.8475771099329,,,,,D08
DELA_042,DELA,2016,18.783347249031067,30.374120831489563,1.429038718342781,7.281854420900345,0.05500786466291174,6.365606397390366,0.3497149096801877,0.18785661552101374,0.8212697096168995,2.8273524194955826,3.0842401906847954,27.26807177066803,20.445408552885056,,,,,D08
DELA_042,DELA,2017,20.107459247112274,30.44921386241913,1.3549800589680672,6.6349314749240875,0.02160948266100604,6.134883433580399,0.3208626117557287,0.17245945101603866,0.791709665209055,2.5764636769890785,4.166002698242664,28.008830904960632,13.457083899527788,,,,,D08
DELA_042,DELA,2018,18.970604240894318,31.97748839855194,1.4227054864168167,7.683766961097717,0.03411305241752416,6.9990555346012115,0.3725273013114929,0.20518771279603243,0.8862624913454056,3.068605661392212,3.2607379406690598,28.457273483276367,16.875045388936996,,,,,D08
DELA_042,DELA,2019,20.394345223903656,30.72772753238678,1.3791042119264603,6.950354665517807,0.03771481441799551,6.314552530646324,0.325972942635417,0.17800242081284523,0.8034658879041672,2.661730095744133,3.816215269267559,28.727314829826355,13.508872538805008,,,,,D08
DELA_042,DELA,2021,19.69535320997238,31.508775115013123,1.3549812957644463,6.697569817304611,0.023404643405228853,6.12157878279686,0.31631190422922373,0.17016521003097296,0.8525119759142399,3.0359467566013336,3.6232676953077316,27.62718915939331,11.524250715970993,,,,,D08
DELA_042,DELA,2023,20.472532749176025,31.93791937828064,1.3587786704301834,6.92094212770462,0.030263712076703086,6.125624358654022,0.30880457907915115,0.16743341367691755,0.8442872241139412,3.0070094913244247,3.6246993094682693,28.763512015342712,11.358564883470535,0.9428658485412598,0.669645369052887,0.9309665560722352,0.6138144135475159,D08
DELA_042,DELA,2024,21.388900578022003,31.995161056518555,1.2991615757346153,6.238780498504639,0.012369226169539616,5.830129146575928,0.2759951129555702,0.14749448327347636,0.8375408090651035,3.070239380002022,4.288567811250687,29.282325983047485,6.316295027732849,0.9276068210601808,0.6465318202972412,0.9144557118415833,0.5926976203918457,D08
DELA_055,DELA,2015,14.631048023700714,25.905498683452606,1.4922861158847809,5.872760072350502,0.0501348196703475,5.704573914408684,0.41860166005790234,0.22668228950351477,0.812797237187624,2.4609284698963165,4.323198933154345,24.219625651836395,33.57331696152687,,,,,D08
DELA_055,DELA,2016,14.551586359739304,26.616787791252136,1.4976091384887695,5.898643523454666,0.0554792584880488,5.6581190675497055,0.4192587472498417,0.2268581036478281,0.8117260225117207,2.548416145145893,3.6694944631308317,23.725631535053253,32.909247159957886,,,,,D08
DELA_055,DELA,2017,14.440162569284439,26.023516833782196,1.4418316707015038,5.369438797235489,0.031143051921389997,5.2049941420555115,0.4047259259968996,0.21252954006195068,0.7716396376490593,2.2777490690350533,4.166311142966151,23.52651810646057,31.912901759147644,,,,,D08
DELA_055,DELA,2018,13.578919619321823,27.139522552490234,1.458577461540699,5.8504945784807205,0.029709447524510324,5.559929966926575,0.42034805566072464,0.23110877070575953,0.8623103499412537,2.7163306325674057,3.551446169614792,23.298882842063904,34.78051483631134,,,,,D08
DELA_055,DELA,2019,14.027590334415436,25.56012660264969,1.4539288878440857,5.418610319495201,0.044132673188869376,5.222264885902405,0.3989151567220688,0.2169538252055645,0.7990103587508202,2.406180314719677,4.041145971044898,23.20015597343445,30.99634611606598,,,,,D08
DELA_055,DELA,2021,13.0342116355896,25.58440923690796,1.448696792125702,5.430613175034523,0.028950696694664657,5.209527626633644,0.4120935145765543,0.2267309781163931,0.8623819202184677,2.6561830937862396,3.802448697388172,22.323225438594818,35.13730674982071,,,,,D08
DELA_055,DELA,2023,13.903989791870117,25.233221292495728,1.4088510125875473,5.046216741204262,0.03862391665461473,4.7439533323049545,0.3583147507160902,0.19568356266245246,0.8313315361738205,2.637301743030548,3.8963197879493237,22.09908801317215,28.12628310918808,0.9194279909133912,0.6468058824539185,0.8972645998001099,0.594771683216095,D08
DELA_055,DELA,2024,11.01974755525589,20.75865948200226,1.446113221347332,4.2705849558115005,0.0364213707507588,4.017432540655136,0.39944190345704556,0.22030995367094874,0.8585471026599407,2.5284813344478607,3.21388728171587,17.650529503822327,45.34695553779602,0.9125553965568542,0.6060279607772827,0.8904711604118347,0.5611957311630249,D08
DELA_037,DELA,2015,14.360435456037521,23.67581135034561,1.3649014681577682,4.855710908770561,0.023419682343956083,4.544695049524307,0.3305845009163022,0.18131774477660656,0.8126276433467865,2.5581100285053253,4.0960106030106544,21.55807399749756,27.38004779815674,,,,,D08
DELA_037,DELA,2016,12.270447045564651,19.742968499660492,1.360119841992855,3.905796557664871,0.02586651597812306,3.684912160038948,0.32553396560251713,0.18164715729653835,0.8399477936327457,2.4001284763216972,4.5218221470713615,17.805533409118652,36.503521874547005,,,,,D08
DELA_037,DELA,2017,13.153379052877426,20.092912793159485,1.3042843416333199,3.586583375930786,0.012500130214903038,3.4049911201000214,0.28474783757701516,0.15787341399118304,0.7955222353339195,2.341258428990841,4.506286695599556,18.239715337753296,29.98195841163397,,,,,D08
DELA_037,DELA,2018,12.063983142375946,22.107733845710754,1.406659871339798,4.529119819402695,0.01939423086878378,4.305538326501846,0.37946267798542976,0.2124960394576192,0.8784388191998005,2.5594906732439995,3.8483355194330215,18.84967452287674,40.16843864321709,,,,,D08
DELA_037,DELA,2019,12.6601103246212,20.921833276748657,1.3827577754855156,4.371162191033363,0.018159763552830555,4.185674250125885,0.3584729079157114,0.19884534180164337,0.8329505138099194,2.3892620131373405,4.549841418862343,18.744913399219513,35.356051698327065,,,,,D08
DELA_037,DELA,2021,12.147817641496658,22.205695271492004,1.4436850845813751,4.967655256390572,0.028576665150467306,4.668349206447601,0.4051474742591381,0.22684910893440247,0.8965233080089092,2.629926383495331,3.4421937689185143,19.49276828765869,40.059026420116425,,,,,D08
DELA_037,DELA,2023,10.998664915561676,21.581832349300385,1.5481596291065216,5.477300584316254,0.06612151314038783,4.95521879196167,0.4645788073539734,0.26353669445961714,0.927158135920763,2.650449499487877,2.4669031724333763,18.907004356384277,46.912835478782654,0.891200065612793,0.5486387014389038,0.8615300059318542,0.520329475402832,D08
DELA_037,DELA,2024,10.463223099708557,21.094732403755188,1.5394648611545563,5.144590854644775,0.05412948125740513,4.748297601938248,0.4725847393274307,0.2674113269895315,0.9220172837376595,2.584702253341675,2.559348985552788,18.10660171508789,49.61121994256973,0.9078152775764464,0.5820826888084412,0.8916367888450623,0.5430461764335632,D08
DELA_050,DELA,2015,15.221329152584076,27.426349759101868,1.478748306632042,6.575295001268387,0.04424251039745286,6.155799642205238,0.4237640015780926,0.2296594586223364,0.8432545997202396,2.587575137615204,3.3306637704372406,25.397449612617493,30.838254153728485,,,,,D08
DELA_050,DELA,2016,16.288844883441925,27.42771351337433,1.4477135986089706,6.8997878432273865,0.03520182953798212,6.345896407961845,0.3976979348808527,0.22193231107667089,0.8740194402635098,2.7800272703170776,3.307497262954712,25.73025643825531,24.770123422145844,,,,,D08
DELA_050,DELA,2017,16.614817202091217,27.725028038024902,1.4072128608822823,6.35659983754158,0.023988058950635605,5.934590324759483,0.3717297101393342,0.20402381382882595,0.824144285172224,2.5735146403312683,3.9815556406974792,25.599905610084534,22.591191798448563,,,,,D08
DELA_050,DELA,2018,16.63796216249466,29.338823080062866,1.4226069897413254,6.764466494321823,0.029215709771960974,6.246847838163376,0.37942312471568584,0.21395569015294313,0.9022043161094189,2.9570997804403305,3.428675025701523,26.128681302070618,20.60986837744713,,,,,D08
DELA_050,DELA,2019,18.169687390327454,28.174070715904236,1.3423205092549324,6.0630932450294495,0.01126662349270191,5.769806936383247,0.3225595587864518,0.18053367407992482,0.8282078169286251,2.5553830713033676,4.30071721971035,26.591673851013184,12.032070193439722,,,,,D08
DELA_050,DELA,2021,16.296478033065796,28.287644743919373,1.4532110691070557,6.779956728219986,0.044442104757763445,6.16246771812439,0.39199650567024946,0.21861706068739295,0.898540522903204,2.9682003259658813,3.030606523156166,25.38920557498932,23.935069531202316,,,,,D08
DELA_050,DELA,2023,17.537438929080963,28.273714661598206,1.4003708809614182,6.52223014831543,0.03737273532897234,5.860821694135666,0.3447145465761423,0.19243511836975813,0.8842895776033401,2.9744396209716797,3.236160174012184,25.75157856941223,17.208842739462852,0.9381687045097352,0.6329872608184814,0.9226855039596558,0.5867780447006226,D08
DELA_050,DELA,2024,15.35249650478363,26.286523818969727,1.4262198507785797,5.764511466026306,0.04029631428420544,5.269124507904053,0.3707274766638875,0.20393286552280188,0.8760071285068989,2.864504858851433,3.0698045268654823,23.218065857887268,26.572126910090446,0.9120932817459106,0.5439278483390808,0.8967944383621216,0.511323094367981,D08
DELA_056,DELA,2015,20.104883193969727,29.249387860298157,1.376709297299385,6.77170404791832,0.05171781464741798,5.689673021435738,0.29710304364562035,0.1602694191969931,0.8210870325565338,2.887449085712433,3.283590465784073,27.445138216018677,16.581604450941086,,,,,D08
DELA_056,DELA,2016,19.89618670940399,29.13811206817627,1.3865730613470078,6.973542273044586,0.050412803364451975,5.90347421169281,0.3076588101685047,0.16546021355316043,0.8329259417951107,2.866478279232979,3.3050769343972206,27.205187678337097,16.712557017803192,,,,,D08
DELA_056,DELA,2017,21.05372530221939,29.77997589111328,1.355305477976799,6.822085946798325,0.04719626661972143,5.588971212506294,0.2761953752487898,0.14636918064206839,0.8035225756466389,2.861520916223526,3.2070074379444122,27.75071370601654,13.234553515911102,,,,,D08
DELA_056,DELA,2018,20.085146069526672,30.626387119293213,1.358826793730259,6.891503244638443,0.022675950021948665,6.322860032320023,0.3214823165908456,0.1761760194785893,0.8786356635391712,3.0848968029022217,3.8678546249866486,28.225310921669006,13.681372463703156,,,,,D08
DELA_056,DELA,2019,21.593329548835754,30.36530566215515,1.3119816780090332,6.391817539930344,0.02824217575835064,5.452568799257278,0.2593370694667101,0.13838131865486503,0.8044727072119713,2.8827584087848663,3.727691665291786,28.425207257270813,9.28464375063777,,,,,D08
DELA_056,DELA,2021,21.04489940404892,31.107114672660828,1.3070762977004051,6.269657254219055,0.018767803896480473,5.6435737907886505,0.2713061710819602,0.14666455145925283,0.8525136299431324,3.0994592756032944,4.005441516637802,28.419196009635925,8.32913102209568,,,,,D08
DELA_056,DELA,2023,21.734036803245544,31.60072922706604,1.3454135805368423,7.131962180137634,0.036130749591393396,6.057188421487808,0.28212054539471865,0.15149519266560674,0.8541217222809792,3.123405486345291,3.4198970198631287,29.46318829059601,10.22367861866951,0.9170660376548768,0.6376173496246338,0.8954415321350098,0.5907864570617676,D08
DELA_056,DELA,2024,21.94950258731842,31.759026885032654,1.3397458717226982,7.040814697742462,0.0331139685731614,6.093472272157669,0.2833109637722373,0.15150288864970207,0.8551455140113831,3.1654502749443054,3.533686950802803,29.599066495895386,9.978580832481384,0.9084802865982056,0.6222590208053589,0.8988359570503235,0.5722628831863403,D08
DELA_047,DELA,2015,11.491209372878075,20.37880101799965,1.495705671608448,5.081637516617775,0.06486747902818024,4.561178341507912,0.4134005531668663,0.22473099548369646,0.8212451562285423,2.3295174464583397,2.4889636002480984,17.822366446256638,46.90951198339462,,,,,D08
DELA_047,DELA,2016,11.793152540922165,20.367981791496277,1.5663067996501923,5.26151105761528,0.1441582512925379,4.159339860081673,0.37303574942052364,0.20159662095829844,0.8231921717524529,2.366687536239624,2.2464995933696628,17.474091231822968,48.128029584884644,,,,,D08
DELA_047,DELA,2017,12.465797677636147,20.54427233338356,1.4523248225450516,4.77466943114996,0.07179933933366556,4.200376316905022,0.35655590426176786,0.19069170020520687,0.8006177507340908,2.3208294436335564,3.147069528698921,18.199703007936478,39.579413652420044,,,,,D08
DELA_047,DELA,2018,11.899387836456299,21.66317570209503,1.4871550723910332,4.894659072160721,0.050477213953854516,4.657197967171669,0.42631640657782555,0.23229346983134747,0.8690089844167233,2.55193018168211,3.419731490314007,19.346639215946198,40.347592294216156,,,,,D08
DELA_047,DELA,2019,13.369972720742226,21.603709161281586,1.5132941976189613,5.167681440711021,0.1259946956706699,4.10256165266037,0.3330844212323427,0.1782838120125234,0.7857657484710217,2.346790388226509,2.7361722234636545,19.308613181114197,35.333009481430054,,,,,D08
DELA_047,DELA,2021,12.939033716917038,22.969793021678925,1.4478211775422096,4.713670119643211,0.05525317524734419,4.329317033290863,0.37241125479340553,0.19917670404538512,0.8398343212902546,2.6168192476034164,3.351707438006997,18.86291068792343,34.27951356768608,,,,,D08
DELA_047,DELA,2023,12.460375487804413,22.9791961312294,1.5164043307304382,5.196849569678307,0.08324424861348234,4.622806817293167,0.4080074140802026,0.22041194001212716,0.852047074586153,2.6135518327355385,2.6911208033561707,19.283526599407196,40.66722485423088,0.8959088921546936,0.5226713418960571,0.8710987567901611,0.4987853765487671,D08
DELA_047,DELA,2024,12.09341485798359,22.85593855381012,1.553725004196167,5.072895526885986,0.07916278165066615,4.578145697712898,0.4559705965220928,0.2398423422127962,0.8369300737977028,2.5260669514536858,2.673480812460184,18.868767857551575,42.35069012641907,0.8948659300804138,0.5372045040130615,0.8780725002288818,0.5055894255638123,D08
DELA_048,DELA,2015,17.208424627780914,24.82463026046753,1.311719186604023,5.308989092707634,0.024654553599248175,4.650195822119713,0.26716848835349083,0.14346214942634106,0.7987245172262192,2.692623868584633,3.8213485181331635,22.586208403110504,13.579377233982086,,,,,D08
DELA_048,DELA,2016,16.322565257549286,24.799945831298828,1.4069897085428238,5.966120824217796,0.05967546833562665,5.1382817924022675,0.3211667202413082,0.17696421267464757,0.8375028893351555,2.7639247328042984,3.205960214138031,22.553344190120697,23.60354247689247,,,,,D08
DELA_048,DELA,2017,17.337094008922577,25.055612564086914,1.341543734073639,5.429477736353874,0.035126815040712245,4.849436730146408,0.2890082960948348,0.15623830817639828,0.801658246666193,2.683771178126335,3.810363031923771,22.98675960302353,17.688288658857346,,,,,D08
DELA_048,DELA,2018,16.267522633075714,26.16010022163391,1.4136993512511253,6.312210440635681,0.03670624550431967,5.7228973954916,0.3597769271582365,0.19998839125037193,0.8993444219231606,2.944834887981415,3.1236657947301865,23.70385080575943,22.884907484054565,,,,,D08
DELA_048,DELA,2019,16.96702015399933,25.540621161460876,1.3861682564020157,6.014347746968269,0.040794960397761315,5.375137016177177,0.3278796821832657,0.17900201445445418,0.8279677480459213,2.6216272562742233,3.6107227727770805,23.857309699058533,20.732682064175606,,,,,D08
DELA_048,DELA,2021,16.208673119544983,26.122104287147522,1.410075955092907,6.1141610741615295,0.03226765911676921,5.640224307775497,0.3640839336439967,0.19920295849442482,0.8887225054204464,2.910857543349266,3.369765527546406,23.881917715072632,24.682913571596146,,,,,D08
DELA_048,DELA,2023,15.999437153339386,26.0835177898407,1.4213587865233421,6.254622370004654,0.04225482704350725,5.6527696549892426,0.360527690500021,0.1996847214177251,0.887284729629755,2.8751073628664017,3.202800616621971,23.777930080890656,25.526646375656128,0.928392767906189,0.6626901030540466,0.9070940613746644,0.6100381016731262,D08
DELA_048,DELA,2024,15.994200587272644,26.057430386543274,1.4167310148477554,6.020176380872726,0.03378201968735084,5.599646210670471,0.3700935570523143,0.20377035904675722,0.8770356439054012,2.867280036211014,3.4315320923924446,23.72323167324066,27.581531524658203,0.9145633578300476,0.6373311281204224,0.8908671140670776,0.5867235064506531,D08
DELA_049,DELA,2015,20.385936856269836,29.536442399024963,1.4273825287818909,7.3853175938129425,0.052867152233375236,6.699689537286758,0.3570690555498004,0.19189546280540526,0.8129446320235729,2.850730285048485,3.209382750093937,28.093640208244324,19.6898532807827,,,,,D08
DELA_049,DELA,2016,19.764113187789917,29.250986099243164,1.3899875059723854,6.892414480447769,0.028715151143842377,6.5489141047000885,0.3536498015746474,0.1903936848975718,0.8255881257355213,2.775035172700882,3.968774937093258,27.334605932235718,18.179692059755325,,,,,D08
DELA_049,DELA,2017,21.0206778049469,30.076358437538147,1.4012364372611046,7.160894095897675,0.053381417026685085,6.427245154976845,0.329437592998147,0.17585030174814165,0.7947825342416763,2.783824160695076,3.641254134476185,28.21223020553589,17.385132506489754,,,,,D08
DELA_049,DELA,2018,17.845176696777344,29.28080928325653,1.463064581155777,7.429561197757721,0.03623223018439603,7.035112589597702,0.4175598993897438,0.2280285768210888,0.8838202320039272,2.922939106822014,3.495371252298355,27.05083131790161,24.973234221339226,,,,,D08
DELA_049,DELA,2019,17.52839869260788,28.25301504135132,1.4731192141771317,7.237250715494156,0.040573737329395954,6.893269747495651,0.42350322287529707,0.2298441887833178,0.8278275057673454,2.715181916952133,3.143872007727623,26.056545972824097,28.503905527293682,,,,,D08
DELA_049,DELA,2021,18.033929765224457,29.027035117149353,1.4958449378609657,7.48482945561409,0.050713921678834595,7.219411343336105,0.43386371713131666,0.23610926838591695,0.8506710268557072,2.8216985389590263,3.3241122663021088,26.94406247138977,25.170341089367867,,,,,D08
DELA_049,DELA,2023,18.00290584564209,29.395148873329163,1.5749729201197624,8.378086775541306,0.08629366650711745,7.629364833235741,0.45299422834068537,0.24723674403503537,0.8599976822733879,2.826756790280342,2.5421304255723953,27.299097061157227,28.54132281243801,0.7361624836921692,0.3737246096134186,0.7278786301612854,0.3597367405891418,D08
DELA_049,DELA,2024,18.41088378429413,29.295581340789795,1.496264524757862,7.971718281507492,0.052150597315630876,7.390665262937546,0.4312421903014183,0.23411371977999806,0.8556363508105278,2.8412291929125786,2.7334460839629173,27.283323168754578,22.951585218310356,0.757534384727478,0.3800918459892273,0.7662009000778198,0.3614417910575866,D08
DELA_038,DELA,2015,9.744173675775528,17.9851336479187,1.4622570350766182,4.039037525653839,0.049214971193578094,3.737944781780243,0.40092315897345543,0.22113575786352158,0.8332446701824665,2.047976538538933,3.3737891130149364,15.836077809333801,64.43560820817947,,,,,D08
DELA_038,DELA,2016,9.717599302530289,18.10040980577469,1.4925297871232033,4.244531139731407,0.0752651232178323,3.7364490181207657,0.3935176469385624,0.21809767466038465,0.8440853767096996,2.1955070719122887,2.765281967818737,15.860439002513885,65.02899986505508,,,,,D08
DELA_038,DELA,2017,10.181776195764542,18.69903326034546,1.4607429429888725,4.116119593381882,0.052941136331355665,3.8242218419909477,0.3942617904394865,0.21808227617293596,0.8344679623842239,2.0902848094701767,3.6961001344025135,16.517879486083984,59.61678355932236,,,,,D08
DELA_038,DELA,2018,10.172747135162354,19.99591612815857,1.4972248077392578,4.507384777069092,0.05182772205444053,4.176049187779427,0.43269588984549046,0.24301732704043388,0.8924860507249832,2.4415433406829834,2.941609688103199,17.17761540412903,57.60377484560013,,,,,D08
DELA_038,DELA,2019,10.645769283175468,18.99178183078766,1.468593068420887,4.244097016751766,0.05104900502919918,3.9588100016117096,0.40844557248055935,0.2254974814131856,0.8430167138576508,2.1733624413609505,3.420989513397217,16.884997069835663,54.699215799570084,,,,,D08
DELA_038,DELA,2021,10.521432101726532,19.90727460384369,1.465496264398098,4.3074958473443985,0.03439513155899476,4.111787781119347,0.4238753877580166,0.23822843469679356,0.8844028897583485,2.4432888627052307,3.3718117401003838,17.206764221191406,53.53735017776489,,,,,D08
DELA_038,DELA,2023,11.257838934659958,20.335892260074615,1.4731744080781937,4.651026725769043,0.04442023386945948,4.24689893424511,0.41461731772869825,0.23270178958773613,0.8798559308052063,2.483193978667259,2.9064866080880165,17.99525821208954,48.13226395845413,0.9383730292320251,0.6264429092407227,0.9232085347175598,0.5789400935173035,D08
DELA_038,DELA,2024,11.472783476114273,20.166098833084106,1.4430997967720032,4.420591861009598,0.030087112150795292,4.143385365605354,0.403169309720397,0.22551397141069174,0.8779919818043709,2.4699582755565643,3.2768978029489517,17.951866030693054,46.03171208500862,0.9230613112449646,0.6322370767593384,0.903060019016266,0.5818632245063782,D08
DELA_023,DELA,2015,15.966646134853363,29.532984018325806,1.472655549645424,7.184869766235352,0.02988890412962064,6.78644035756588,0.4330424088984728,0.2413622997701168,0.8485584110021591,2.581291452050209,3.7030425667762756,26.07733690738678,29.47734060883522,,,,,D08
DELA_023,DELA,2016,15.744665563106537,29.43173849582672,1.4810286536812782,7.189020663499832,0.032289660681271926,6.761340141296387,0.4376549478620291,0.24382502119988203,0.8562188185751438,2.591312751173973,3.5973250046372414,26.212682962417603,30.088985234498978,,,,,D08
DELA_023,DELA,2017,16.497907519340515,28.963582038879395,1.4133057296276093,6.379389524459839,0.01648661396757234,6.1104428470134735,0.3902755556628108,0.21245573740452528,0.8187851794064045,2.4576934948563576,4.451324075460434,25.996283292770386,24.874780282378197,,,,,D08
DELA_023,DELA,2018,16.11780560016632,31.795572519302368,1.4593624845147133,7.073886156082153,0.028204751695739105,6.683930695056915,0.4214477650821209,0.23569001257419586,0.8906349055469036,2.920487403869629,3.5108629167079926,26.53243315219879,25.35347890853882,,,,,D08
DELA_023,DELA,2019,17.370747447013855,28.891523122787476,1.3915442526340485,6.5614601373672485,0.011725742369890213,6.355558440089226,0.3749189805239439,0.20745026739314198,0.8317619673907757,2.4542201533913612,4.708185225725174,26.70492196083069,19.783082500100136,,,,,D08
DELA_023,DELA,2021,15.452931374311447,28.099928975105286,1.4837124347686768,6.633615121245384,0.03153785900212824,6.337337449193001,0.4440705440938473,0.24063260341063142,0.8776636533439159,2.8247606307268143,3.439814731478691,25.367225527763367,28.164737194776535,,,,,D08
DELA_023,DELA,2023,15.400624930858612,28.605746746063232,1.4961986988782883,7.0494674146175385,0.03689427021890879,6.659560665488243,0.4489867463707924,0.2488936996087432,0.885816153138876,2.809266686439514,3.361686483025551,25.652087330818176,30.026838898658752,0.9297583103179932,0.6021108031272888,0.9099909663200378,0.5602834224700928,D08
DELA_023,DELA,2024,16.059697449207306,28.52070951461792,1.4581829383969307,6.835159465670586,0.022932869353098795,6.555444195866585,0.42821682896465063,0.23776013310998678,0.8890799805521965,2.8195849508047104,3.785224534571171,25.993234634399414,27.726398199796677,0.9242343306541444,0.6181595921516418,0.910723090171814,0.5682227611541748,D08
DELA_022,DELA,2015,13.583837985992432,22.352444410324097,1.3536420837044716,4.825289502739906,0.02109050244325772,4.410909086465836,0.31854788307100534,0.17926539573818445,0.8441884070634842,2.4349189028143883,3.9360161274671555,20.228199303150177,36.44612145423889,,,,,D08
DELA_022,DELA,2016,13.608431041240692,22.028246641159058,1.3920701146125793,5.22389329969883,0.041250289301387966,4.545805469155312,0.3278517220169306,0.18521459307521582,0.8629333786666393,2.5570640712976456,3.3052562475204468,20.461046516895294,35.68736970424652,,,,,D08
DELA_022,DELA,2017,14.54832136631012,22.838370978832245,1.31321831792593,4.613574117422104,0.0163204579584999,4.236367054283619,0.28518611192703247,0.1594441612251103,0.8228649720549583,2.47926227748394,4.354401543736458,20.76643717288971,26.598247826099396,,,,,D08
DELA_022,DELA,2018,14.038777828216553,25.35558569431305,1.3800766170024872,5.1953166872262955,0.024342100601643324,4.7993398159742355,0.34243046306073666,0.19171773735433817,0.8739268220961094,2.7553257793188095,3.642160549759865,21.431959688663483,30.589238852262497,,,,,D08
DELA_022,DELA,2019,15.533261597156525,23.72872519493103,1.2867000997066498,4.491241000592709,0.007576462347060442,4.304750703275204,0.27359230536967516,0.15302384225651622,0.8157158643007278,2.450089432299137,4.975821271538734,21.61605542898178,18.106780037283897,,,,,D08
DELA_022,DELA,2021,14.31716901063919,24.479170083999634,1.3363079503178596,4.808448806405067,0.0035250756882305723,4.743100807070732,0.3303960766643286,0.18582559749484062,0.8792139925062656,2.6561748683452606,4.999723121523857,21.263073921203613,25.802414149045944,,,,,D08
DELA_022,DELA,2023,15.416968762874603,24.882471442222595,1.3354094251990318,5.041964337229729,0.027671432646457106,4.489304319024086,0.2887188084423542,0.16073405276983976,0.8538634851574898,2.818113073706627,3.784798890352249,22.00188261270523,16.749670386314392,0.9362407922744752,0.6420812010765076,0.9193362593650818,0.5953465700149536,D08
DELA_022,DELA,2024,15.770743489265442,25.50540781021118,1.305242732167244,4.783391609787941,0.017869615025119856,4.384859666228294,0.27434962056577206,0.1525008538737893,0.8383903503417969,2.8353691548109055,4.173137292265892,22.202884078025818,13.767413437366486,0.9304164052009584,0.667172372341156,0.9176539778709412,0.6084314584732056,D08
DELA_021,DELA,2015,10.728679940104485,17.844286024570465,1.5183999091386795,4.577916406095028,0.09610073256772012,3.708379440009594,0.38784534856677055,0.21275816019624472,0.846717543900013,2.345950201153755,2.20693825930357,16.16481825709343,50.04184478521347,,,,,D08
DELA_021,DELA,2016,10.205509081482887,18.110795259475708,1.5122754201292992,4.5486112385988235,0.049293086951365694,4.208277836441994,0.4522984866052866,0.2507261857390404,0.8841307424008846,2.3907612413167953,2.5750845819711685,16.41964754462242,52.01200747489929,,,,,D08
DELA_021,DELA,2017,11.312468379735947,18.5355441570282,1.4666767865419388,4.608009375631809,0.04719728221243713,3.95837514847517,0.39825283363461494,0.21579384291544557,0.8374847210943699,2.3472025617957115,2.664273254573345,16.89317661523819,45.07927143573761,,,,,D08
DELA_021,DELA,2018,10.214089095592499,19.296431958675385,1.4801058769226074,4.416402116417885,0.02903671305102762,4.228642515838146,0.444668672978878,0.24906282220035791,0.9053948000073433,2.4639686197042465,2.9257589653134346,16.589248210191727,51.05719494819641,,,,,D08
DELA_021,DELA,2019,11.275739997625351,19.046197056770325,1.4794436618685722,4.647867977619171,0.060155118320835754,4.059169016778469,0.39931585639715195,0.21785386418923736,0.8558166474103928,2.381697341799736,2.717239201068878,17.21771401166916,45.25364726781845,,,,,D08
DELA_021,DELA,2021,10.233203113079071,19.277815878391266,1.4774866625666618,4.339415065944195,0.024710733312531374,4.2158611714839935,0.4493545740842819,0.2502076271921396,0.9023693725466728,2.4390574544668198,3.03055702149868,16.50121781229973,49.36060708761215,,,,,D08
DELA_021,DELA,2023,11.23703770339489,19.597662806510925,1.5120054706931114,4.8974387645721436,0.078063900815323,4.234922185540199,0.40862541645765305,0.22576599568128586,0.8992162942886353,2.5597824156284332,2.4736809358000755,17.473199725151062,44.098542749881744,0.9058724641799928,0.6166183948516846,0.8739826083183289,0.5779458284378052,D08
DELA_021,DELA,2024,11.719096764922142,19.92408174276352,1.4477652832865715,4.642954453825951,0.048823412449564785,4.10909429192543,0.3793516457080841,0.20958230085670948,0.8849450163543224,2.5830669850111008,2.882389061152935,17.665587842464447,38.91566276550293,0.9086092710494996,0.6736204624176025,0.8840781450271606,0.6147049069404602,D08
DELA_059,DELA,2015,18.505395591259003,27.716055870056152,1.3613770231604576,6.280510351061821,0.04379494894237723,5.35230727493763,0.29051673505455256,0.15965218236669898,0.8124600909650326,2.704411596059799,3.1886193081736565,25.94822919368744,13.09222400188446,,,,,D08
DELA_059,DELA,2016,18.725663661956787,27.830886125564575,1.395325131714344,6.915871858596802,0.059612206649035215,5.561900615692139,0.2976522324606776,0.1631494597531855,0.8350911848247051,2.8613280057907104,2.8154372423887253,26.10050266981125,15.161135643720627,,,,,D08
DELA_059,DELA,2017,19.599896550178528,28.177343130111694,1.33979282528162,6.367576286196709,0.03838093008380383,5.332756146788597,0.2713568117469549,0.14669786160811782,0.7986887395381927,2.775936484336853,3.1968934237957,26.486230790615082,10.026589184999466,,,,,D08
DELA_059,DELA,2018,18.61020290851593,30.437678575515747,1.3958763107657433,6.901247143745422,0.043185035057831556,5.9937383234500885,0.3281966019421816,0.18250239733606577,0.8773182556033134,3.061262547969818,3.200026124715805,27.380029320716858,14.884906023740768,,,,,D08
DELA_059,DELA,2019,20.42464292049408,28.84271228313446,1.333728052675724,6.4430451691150665,0.038184557284694165,5.387306496500969,0.26549337059259415,0.14347631856799126,0.8051488101482391,2.8576459735631943,3.3716209530830383,27.380030393600464,10.018868401646614,,,,,D08
DELA_059,DELA,2021,19.33086395263672,29.76108944416046,1.3578558191657066,6.657841712236404,0.029721592785790563,5.895450368523598,0.3077068366110325,0.1697757770307362,0.8689602948725224,3.0670649856328964,3.4454801827669144,27.482171654701233,12.59229901432991,,,,,D08
DELA_059,DELA,2023,19.355345368385315,30.08968460559845,1.3869782760739326,6.94800129532814,0.04922979697585106,5.844222754240036,0.3077118769288063,0.1696737720631063,0.857025396078825,3.015548273921013,3.1200667321681976,27.496920228004456,14.589184910058975,0.932543396949768,0.6702630519866943,0.9117582440376282,0.6162585020065308,D08
DELA_059,DELA,2024,20.885534465312958,30.325793743133545,1.3107315003871918,6.19683663547039,0.022542286606039852,5.529108449816704,0.27019199077039957,0.14843852818012238,0.848266676068306,3.09365813434124,3.816741555929184,28.48890197277069,8.766478404402733,0.927894115447998,0.6645638346672058,0.9148498773574828,0.604987621307373,D08
LENO_061,LENO,2015,19.25742357969284,29.572882413864136,1.3886975347995758,6.902622044086456,0.028997986402828246,6.414828985929489,0.3475990854203701,0.19141150591894984,0.8347288817167282,2.768163099884987,3.936456300318241,27.455555021762848,17.713928058743477,,,,,D08
LENO_061,LENO,2016,19.690499365329742,30.11344337463379,1.3820814564824104,7.052833735942841,0.02496959042036906,6.558592200279236,0.3457081625238061,0.1900309957563877,0.8316902928054333,2.750116303563118,3.803984686732292,27.8840674161911,15.979708060622215,,,,,D08
LENO_061,LENO,2017,19.7401282787323,30.198108315467834,1.3854489997029305,7.192372351884842,0.03145803770166822,6.484386473894119,0.33731948770582676,0.18511946685612202,0.8132583200931549,2.728672906756401,3.5587898641824722,28.344001054763794,16.33212521672249,,,,,D08
LENO_061,LENO,2018,18.76356828212738,30.584110498428345,1.4199685081839561,7.428289026021957,0.033874496672069654,6.746384307742119,0.36892466619610786,0.20467434357851744,0.8773547410964966,2.986186847090721,3.4071540534496307,27.70190465450287,21.512143939733505,0.9044849276542664,0.6579568982124329,0.8775724172592163,0.6020890474319458,D08
LENO_061,LENO,2019,20.06342589855194,30.44303023815155,1.4005523398518562,7.315183475613594,0.03285104172391584,6.56116147339344,0.34744554851204157,0.18805338069796562,0.7963565215468407,2.610430061817169,3.663267210125923,28.416425347328186,23.159281622618437,,,,,D08
LENO_061,LENO,2021,18.3757346868515,31.043079137802124,1.4621303007006645,7.963492274284363,0.05252971546724439,6.97584730386734,0.3857688419520855,0.2137528220191598,0.8834267817437649,3.0172610133886337,2.8632783740758896,27.371185898780823,26.676739275455475,,,,,D08
LENO_061,LENO,2023,18.19119131565094,31.116004467010498,1.4797378331422806,7.634007856249809,0.0438900199951604,7.083895206451416,0.42139807902276516,0.22712820721790195,0.8452258892357349,2.9104547649621964,3.272117782384157,28.10416281223297,24.713819578289986,0.8836825489997864,0.5225706100463867,0.8642083406448364,0.4928653240203857,D08
LENO_061,LENO,2024,18.10898321866989,30.817480325698853,1.4780602604150772,7.32317116856575,0.04579135440872051,6.722273290157318,0.4162938008084893,0.22230452997609973,0.8436784707009792,2.90956512093544,3.3001191914081573,27.62136399745941,26.65145993232727,0.8987905383110046,0.6582473516464233,0.858156681060791,0.611096978187561,D08
LENO_065,LENO,2015,21.83525002002716,32.17800855636597,1.4156744852662086,7.395675837993622,0.04398051855969243,6.866932049393654,0.35849585849791765,0.19181332737207413,0.8147869259119034,2.8342024981975555,3.7197608798742294,30.221625089645386,20.124026626348495,,,,,D08
LENO_065,LENO,2016,21.571012258529663,32.08840370178223,1.4197654277086258,7.843709588050842,0.04089993276284076,7.231945872306824,0.36584065947681665,0.19785298593342304,0.8358785547316074,2.8663752377033234,3.5781555771827698,30.632413506507874,19.260422557592392,,,,,D08
LENO_065,LENO,2017,23.056578636169434,32.527119517326355,1.3637984171509743,7.308974266052246,0.035853767301887274,6.541693836450577,0.31011043582111597,0.16519417194649577,0.7963730841875076,2.789469823241234,3.5681096389889717,31.044625163078308,15.2970787063241,,,,,D08
LENO_065,LENO,2018,21.25774246454239,32.91323673725128,1.4416687414050102,8.267448097467422,0.043001445912523195,7.409935146570206,0.3803099822252989,0.2056026761420071,0.8756114840507507,3.0889501720666885,3.2081981524825096,30.433558344841003,21.052064538002014,0.9144810438156128,0.6722389459609985,0.8862717151641846,0.6175704002380371,D08
LENO_065,LENO,2019,22.99882173538208,32.83187425136566,1.3798623457551003,7.828019857406616,0.02917934766446706,7.1759931445121765,0.3376753181219101,0.18124020425602794,0.8232243433594704,2.8306328803300858,3.6600330471992493,31.54649817943573,16.171033591032028,,,,,D08
LENO_065,LENO,2021,19.14798629283905,33.79281222820282,1.606911987066269,10.310621619224548,0.0811099371057935,9.39429622888565,0.5076966788619757,0.28095670882612467,0.9079467952251434,3.1377204805612564,2.1352861523628235,30.899973511695862,33.44149801135063,,,,,D08
LENO_065,LENO,2023,23.112830579280853,33.637609362602234,1.3558278158307076,7.899920463562012,0.017074646588298492,7.365348964929581,0.3274005148559809,0.17492222413420677,0.8619672581553459,3.107338920235634,4.10256427526474,31.848828077316284,13.070138081908226,0.9127520322799684,0.6686331033706665,0.8894065022468567,0.6122140884399414,D08
LENO_065,LENO,2024,21.03314632177353,32.720247983932495,1.4055423587560654,7.946496307849884,0.0350210957985837,7.206548303365707,0.35390773229300976,0.19070110749453306,0.861259113997221,3.012893497943878,3.449386641383171,29.581374287605286,19.210426598787308,0.9130435585975648,0.4442572593688965,0.8784583210945129,0.4454566240310669,D08
LENO_062,LENO,2015,26.325584173202515,36.5092716217041,1.407096043229103,10.041071951389313,0.030317283264594153,9.335811525583267,0.3651000149548054,0.1921695526689291,0.8037596978247166,2.940281182527542,3.771247610449791,35.59266543388367,14.156351163983345,,,,,D08
LENO_062,LENO,2016,26.11954402923584,36.59085392951965,1.4202443584799767,10.376854181289673,0.0311624055611901,9.675896555185318,0.3776789456605911,0.2010579276829958,0.8141036964952946,2.920339286327362,3.8201037645339966,35.79440665245056,14.947890967130661,,,,,D08
LENO_062,LENO,2017,27.64468550682068,36.81201767921448,1.3694194629788399,9.644435942173004,0.027213623077841476,8.864442050457,0.3286743275821209,0.16973131615668535,0.7768659442663193,2.879270076751709,3.948040947318077,36.081820249557495,10.711252480745316,,,,,D08
LENO_062,LENO,2018,25.901893854141235,37.17159032821655,1.4167146533727646,10.310480386018753,0.027818926027975976,9.663954496383667,0.37785591557621956,0.20426460867747664,0.8714394122362137,3.2104275673627853,3.8032369911670685,36.03073477745056,12.901301592588425,0.9112386703491212,0.688685953617096,0.8823888897895813,0.6302711963653564,D08
LENO_062,LENO,2019,27.824005246162415,37.03819704055786,1.3483706265687943,9.313617825508118,0.018383758229902014,8.834194719791412,0.32225803192704916,0.16917487466707826,0.7985354661941528,2.8606470972299576,4.414430484175682,36.35342502593994,8.494478791952133,,,,,D08
LENO_062,LENO,2021,25.60855722427368,37.7146258354187,1.480351261794567,11.391262888908386,0.05549806565977633,10.24954292178154,0.40576124005019665,0.21928990446031094,0.8818245157599449,3.298652157187462,2.862213470041752,36.38050818443298,17.156710892915726,,,,,D08
LENO_062,LENO,2023,25.903031826019287,38.05854797363281,1.4095271900296211,10.243152797222137,0.019468804242933402,9.796842634677887,0.3827425613999367,0.20913337171077728,0.8825453594326973,3.1999882608652115,4.172917291522026,36.55550813674927,11.963483065366745,0.8958616256713867,0.6000910401344299,0.8666436076164246,0.5612140893936157,D08
LENO_062,LENO,2024,27.054299354553223,38.07798790931702,1.3643178716301918,9.580773502588272,0.01517291262280196,9.142148852348328,0.34164072945713997,0.18244842905551195,0.8642822653055191,3.248137980699539,4.298512294888496,36.56761026382446,9.531424924731255,0.9138792753219604,0.3601824939250946,0.8620649576187134,0.3767754137516022,D08
LENO_068,LENO,2015,26.39780431985855,36.95149123668671,1.373621292412281,9.00648045539856,0.03013919055229053,8.440315395593643,0.3317786231637001,0.17379649309441447,0.8014006577432156,2.8723509460687637,3.7332723662257195,35.444817423820496,11.513540467247367,,,,,D08
LENO_068,LENO,2016,25.919856429100037,37.59162712097168,1.393261879682541,9.271367341279984,0.04000243448535912,8.373823553323746,0.3343196418136358,0.17791626695543528,0.8056774772703648,2.9390449076890945,3.927108086645603,35.17057263851166,11.869243152439594,,,,,D08
LENO_068,LENO,2017,27.277850329875946,38.21030831336975,1.3509123474359512,8.673615604639053,0.024645447891089134,8.138524949550629,0.31569967418909073,0.162342035677284,0.7723605372011662,2.9657209366559982,3.8152031153440475,35.93251132965088,9.567019641399384,,,,,D08
LENO_068,LENO,2018,24.960442006587982,37.89237666130066,1.3974141255021095,9.269837409257889,0.024887993749871384,8.659982144832611,0.36089145485311747,0.1944054993800819,0.8606522940099239,3.199726551771164,3.8110950589179993,34.90561771392822,14.056962549686432,0.9145021438598632,0.7102620005607605,0.8861250877380371,0.6465172171592712,D08
LENO_068,LENO,2019,27.609497129917145,39.16832232475281,1.3424993604421616,8.584822416305542,0.02222755657567177,8.153398424386978,0.31138591654598713,0.16429160302504897,0.8035213984549046,2.930144891142845,4.371042437851429,36.5828253030777,8.988432630896568,,,,,D08
LENO_068,LENO,2021,24.637831211090088,38.437334060668945,1.449960745871067,10.24962842464447,0.04719012835994363,9.192753285169601,0.38328850641846657,0.20894268061965704,0.8847814537584782,3.2778386771678925,3.0754676312208176,35.351552844047546,16.218152284622192,,,,,D08
LENO_068,LENO,2023,25.56284087896347,38.952327251434326,1.4019445925951004,9.534843623638153,0.027382565545849502,8.926492989063263,0.36331382766366005,0.19696241058409214,0.8689463175833225,3.2211471796035767,3.661970376968384,35.9700665473938,12.395578488707542,0.9039745330810548,0.6450330018997192,0.8764917850494385,0.5973095297813416,D08
LENO_068,LENO,2024,26.0637885928154,39.16804814338684,1.384638026356697,9.36473634839058,0.025079790240852162,8.711930811405182,0.347401044331491,0.18764398666098714,0.8692433126270771,3.2537708580493927,3.871460273861885,35.99880051612854,11.323042914271355,0.9241811633110046,0.3742865920066833,0.8790728449821472,0.3898478746414184,D08
LENO_067,LENO,2015,23.71336805820465,31.38125169277191,1.310772992670536,7.051195979118347,0.01666690147249028,6.481246829032898,0.2818596241995692,0.14254149561747909,0.7841514237225056,2.9205305576324463,3.767494797706604,30.410438418388367,10.810105584561825,,,,,D08
LENO_067,LENO,2016,23.74460196495056,31.716646671295166,1.3157064616680145,7.19943505525589,0.012124850196414627,6.781329661607742,0.2947356915101409,0.14850349724292755,0.7899038307368755,2.9736820459365845,3.6760120540857315,30.6973317861557,9.957012012600899,,,,,D08
LENO_067,LENO,2017,23.607140362262726,31.748989820480347,1.3603732213377953,8.115505367517471,0.027769548119977117,7.326681166887283,0.3167935451492667,0.1581745222210884,0.7593748643994331,2.675494834780693,3.490146294236183,30.612091779708862,13.919318675994873,,,,,D08
LENO_067,LENO,2018,22.289912402629852,31.827239871025085,1.387658528983593,8.166299968957901,0.035423685680143535,7.265675842761993,0.33280995301902294,0.17508079949766397,0.8566658161580563,3.1547111123800278,3.158320516347885,30.269399166107178,14.686941713094711,0.9024249911308287,0.6780089735984802,0.8642280697822571,0.6269395351409912,D08
LENO_067,LENO,2019,23.79695236682892,31.907885909080505,1.32435043156147,7.424032896757126,0.01873865697416477,6.825500011444092,0.292713220231235,0.15065398905426264,0.7970287837088108,2.9547311663627625,3.854115068912506,30.72911047935486,10.049163669347763,,,,,D08
LENO_067,LENO,2021,21.37025636434555,32.45780110359192,1.4821999371051788,9.438680231571198,0.07097681914456189,8.084478259086609,0.38289607502520084,0.2062565004453063,0.8949223682284355,3.211001753807068,2.5215720757842064,30.47395360469818,20.607571303844452,,,,,D08
LENO_067,LENO,2023,22.032767295837402,32.76061248779297,1.3852432817220688,8.183890402317047,0.02398582367459312,7.606071561574936,0.34912524558603764,0.1889272453263402,0.8789921514689922,3.162046432495117,3.5017609894275665,30.83588445186615,13.329772219061852,0.9023930430412292,0.614500105381012,0.8746400475502014,0.574220597743988,D08
LENO_067,LENO,2024,22.13851761817932,32.952906250953674,1.3835596516728401,8.153399527072906,0.02500933184637688,7.533211141824722,0.3455471219494939,0.18618100695312023,0.8777104243636131,3.2027226090431213,3.4314236789941788,30.904086589813232,13.198126435279846,0.921852171421051,0.3823192715644836,0.8843181133270264,0.3949542641639709,D08
LENO_064,LENO,2015,19.544259667396545,32.81297063827515,1.4861858263611794,8.916104465723038,0.039138694264693186,8.341256946325302,0.43608953431248665,0.24146597366780043,0.8737580440938473,2.8429471850395203,3.482854872941971,30.305378437042236,24.660300374031067,,,,,D08
LENO_064,LENO,2016,20.157374560832977,32.977980613708496,1.471401147544384,9.000561952590942,0.04489805642515421,8.232392370700836,0.4117500726133585,0.227208336815238,0.8789442181587219,2.954524040222168,3.1243709325790405,30.555862426757812,21.438681483268738,,,,,D08
LENO_064,LENO,2017,21.252390205860138,33.49468457698822,1.457069717347622,9.16879391670227,0.045956164482049644,8.329215049743652,0.39549700543284416,0.216403697617352,0.8593026287853718,2.984449565410614,2.946327045559883,31.14682412147522,18.735969364643097,,,,,D08
LENO_064,LENO,2018,20.49768751859665,33.67840647697449,1.4659931734204292,9.083552569150925,0.04061877680942416,8.332649111747742,0.41011750139296055,0.22749671712517738,0.9115622714161873,3.1695858240127563,3.0096761882305145,30.96234393119812,20.359098315238953,0.901740312576294,0.5393595099449158,0.8698652982711792,0.5182762742042542,D08
LENO_064,LENO,2019,21.709335029125214,33.80853295326233,1.4475687518715858,9.182659089565277,0.04465079156216234,8.261163771152496,0.3849204797297716,0.21282439026981592,0.881477378308773,3.0641245394945145,3.0511613339185715,31.67894995212555,17.675059884786606,,,,,D08
LENO_064,LENO,2021,20.622392117977142,34.72349417209625,1.4988903626799583,9.571683585643768,0.05639122461434454,8.652990281581879,0.42378419637680054,0.23605833388864994,0.9197812341153622,3.21626016497612,2.7689042910933495,31.534870505332947,21.657588601112366,,,,,D08
LENO_064,LENO,2023,22.780626356601715,35.038819670677185,1.3747024610638618,8.301822513341904,0.01976226782426238,7.788629949092865,0.3441304285079241,0.18839144427329302,0.8949384838342667,3.2190428525209427,3.8740294128656387,32.93075978755951,11.73825615644455,0.9079561233520508,0.5489524006843567,0.884978711605072,0.5219602584838867,D08
LENO_064,LENO,2024,22.361351490020752,35.44233810901642,1.4181611463427544,8.916997611522675,0.030626236752141267,8.282828480005264,0.3747830502688885,0.20564024709165096,0.8976258225739002,3.1940244287252426,3.5067398995161057,33.05666792392731,15.287198662757874,0.915026843547821,0.3021085858345032,0.8577041625976562,0.323468804359436,D08
LENO_063,LENO,2015,22.276556968688965,33.76274621486664,1.382170855998993,8.079576432704926,0.024317649891600013,7.509772598743439,0.3464225335046649,0.19313419330865145,0.868529949337244,3.0012641847133636,3.837491139769554,31.74740219116211,12.499922722578049,,,,,D08
LENO_063,LENO,2016,21.43170666694641,33.82121527194977,1.4094079062342644,8.310487419366837,0.028263836749829352,7.677917093038559,0.368215536698699,0.20707111433148384,0.8767821714282036,2.9709959775209427,3.668424218893051,31.62494683265686,14.415100321173668,,,,,D08
LENO_063,LENO,2017,21.861608862876892,33.71964251995087,1.4163224771618843,8.348290711641312,0.04103451000992209,7.561056017875671,0.3588367663323879,0.19908711221069098,0.8491781428456306,2.9251798391342163,3.417367845773697,31.518818378448486,15.13126071356237,,,,,D08
LENO_063,LENO,2018,20.90625911951065,34.698436975479126,1.4471551850438118,8.772368758916855,0.03477491592639126,8.081523478031158,0.3979215230792761,0.22454393655061722,0.9127687700092793,3.1593259125947952,3.3885122686624527,31.88231372833252,16.97526642680168,0.9175305366516112,0.6631432175636292,0.8875637054443359,0.6138408184051514,D08
LENO_063,LENO,2019,22.20978146791458,34.64600443840027,1.4132212325930595,8.627753525972366,0.030845293804304674,7.998470187187195,0.3698543310165405,0.2072155512869358,0.8788167648017406,3.007987380027771,3.737168565392494,32.659003019332886,13.424423690885305,,,,,D08
LENO_063,LENO,2021,20.375198364257812,35.700222969055176,1.502079576253891,9.544855177402496,0.04416716826381162,8.86971366405487,0.4447226319462061,0.2512505231425166,0.9283326044678688,3.203169509768486,3.0323396176099777,32.52984964847565,21.700506061315536,,,,,D08
LENO_063,LENO,2023,22.909152030944824,36.16611313819885,1.397224374115467,8.777010262012482,0.020895770576316863,8.222728788852692,0.3651938419789076,0.20417900383472443,0.9033412300050259,3.2074809670448303,3.8418704122304916,33.55637550354004,11.763210967183113,0.9173901677131652,0.6701722145080566,0.8944728374481201,0.6137865781784058,D08
LENO_063,LENO,2024,23.497135400772095,36.42752122879028,1.378818430006504,8.58180746436119,0.01876112152240239,8.037982523441315,0.34908777102828026,0.19349104911088943,0.8941018171608448,3.222839802503586,4.041132286190987,33.60659337043762,10.391834884881973,0.9285342693328856,0.3458904325962066,0.8754274249076843,0.3653006553649902,D08
LENO_066,LENO,2015,26.337058782577515,37.04974985122681,1.3906888738274574,9.804645538330078,0.03304982960980851,8.875189334154129,0.34160498157143593,0.18078218400478363,0.8145740851759911,2.9482469707727432,3.660737633705139,35.65522527694702,10.822849661111832,,,,,D08
LENO_066,LENO,2016,26.345845580101013,37.25224709510803,1.3900273889303207,9.831288069486618,0.030565187975298613,8.973468959331512,0.3447208385914564,0.18373717833310366,0.8208740167319775,2.966040223836899,3.557631090283394,35.833550214767456,10.570970222353935,,,,,D08
LENO_066,LENO,2017,27.631301045417786,37.530864000320435,1.3652211651206017,9.67543637752533,0.03234981102286838,8.592066287994385,0.31379338819533587,0.16243824921548367,0.7908523119986057,2.938615918159485,3.72301222383976,36.2254741191864,9.118246346712112,,,,,D08
LENO_066,LENO,2018,26.465885996818542,38.13898682594299,1.4119157120585442,10.351917505264282,0.03744596184697002,9.296061664819717,0.35603533685207367,0.18788145761936903,0.8579135201871395,3.2532766461372375,3.290275752544403,36.11164951324463,13.199096828699112,0.9041441679000854,0.5960384607315063,0.8729166388511658,0.5610674619674683,D08
LENO_066,LENO,2019,27.935315489768982,38.28125286102295,1.3801366165280342,10.081463605165482,0.03559779087663628,8.981697887182236,0.325497530400753,0.16928075719624758,0.8067235834896564,3.0330853164196014,3.4916002601385117,36.88060283660889,10.477537870407104,,,,,D08
LENO_066,LENO,2021,25.672994017601013,38.959075689315796,1.4810578301548958,11.436764299869537,0.055637761077377945,10.21367034316063,0.4048946015536785,0.21819515712559223,0.8852174356579781,3.3206358402967453,2.7658843845129013,36.59692668914795,18.218083649873734,,,,,D08
LENO_066,LENO,2023,25.81464910507202,39.33754348754883,1.4418785199522972,10.929835438728333,0.032470605336129665,10.121729731559753,0.3959598019719124,0.21641884557902813,0.8898203261196613,3.2545750439167023,3.4810058921575546,36.98128020763397,14.746826946735382,0.8940454125404358,0.5677831768989563,0.8652544021606445,0.5356059670448303,D08
LENO_066,LENO,2024,27.313182950019836,39.307318925857544,1.3917913064360619,10.29798299074173,0.024634840236103628,9.597926259040833,0.35527895390987396,0.1886276127770543,0.8610361777245998,3.2614456862211227,3.9090742617845535,37.17497515678406,11.541248753666878,0.9151015877723694,0.3285920023918152,0.857496440410614,0.3484581410884857,D08
LENO_069,LENO,2015,14.91040712594986,26.893877267837524,1.4715196564793587,6.32366207242012,0.029000027338042855,5.891282990574837,0.43133020121604204,0.23774099815636873,0.8677538074553013,2.598741926252842,3.5341594889760017,23.844667077064514,31.170032054185867,,,,,D08
LENO_069,LENO,2016,12.962399363517761,26.4241601228714,1.5259872451424599,6.118678718805313,0.016995803234749474,6.027470350265503,0.5070211850106716,0.27543663792312145,0.863222848623991,2.5147498324513435,3.618622340261936,22.615382969379425,40.852539122104645,,,,,D08
LENO_069,LENO,2017,14.85477864742279,26.563307762145996,1.4345064759254456,5.754654407501221,0.017860891137388535,5.668221816420555,0.4154156157746911,0.2269243746995926,0.8403465896844864,2.4198124408721924,4.318985536694527,22.967633068561554,28.05388594418764,,,,,D08
LENO_069,LENO,2018,13.379107654094696,27.969833493232727,1.5492510572075844,6.740508079528809,0.02996779021123075,6.50674894452095,0.5136710945516825,0.28526753280311823,0.9113815538585186,2.7059230655431747,3.067612163722515,23.598925352096558,39.62867867946625,0.8698958158493042,0.5484131574630737,0.8336544036865234,0.519537627696991,D08
LENO_069,LENO,2019,14.73999136686325,27.78544282913208,1.4807323142886162,6.661646813154221,0.01047851842304226,6.5631228387355804,0.46832715533673763,0.2573924520984292,0.8809620887041092,2.5400171652436256,3.958737388253212,24.733733415603638,32.73535454273224,,,,,D08
LENO_069,LENO,2021,13.585937976837158,28.754233837127686,1.5953651815652847,7.411283373832703,0.04424866900080815,7.07350292801857,0.5439205598086119,0.30429369769990444,0.9200959093868732,2.7539286613464355,2.7619258612394333,24.73074495792389,43.11490619182587,,,,,D08
LENO_069,LENO,2023,12.623519569635391,28.37800669670105,1.7103889435529709,7.679293245077133,0.11002600518986583,7.056122303009033,0.5826571825891733,0.3240488488227129,0.9229996912181377,2.7884131371974945,2.012360617518425,24.300039887428284,51.20883882045746,0.742815375328064,0.3721161484718323,0.683594286441803,0.3666762113571167,D08
LENO_069,LENO,2024,11.153156280517578,27.12515664100647,1.8852460235357285,7.345094561576843,0.20422571408562362,6.7289406061172485,0.6388062555342913,0.34949516132473946,0.8972237072885036,2.68630088865757,1.454644724726677,22.02506273984909,62.90990853309631,0.7561578154563904,0.3193186223506927,0.6793537139892578,0.3299955129623413,D08
LENO_070,LENO,2015,20.84030383825302,33.23138689994812,1.5399078354239464,9.252817273139954,0.09486445412039757,8.0576691031456,0.41397589817643166,0.22691515181213617,0.8640793599188328,2.9972617626190186,2.643485873937607,31.230491757392883,25.854140877723694,,,,,D08
LENO_070,LENO,2016,20.668604254722595,33.22409737110138,1.5296329483389854,9.13861358165741,0.08037273056106642,8.123022258281708,0.4249988440424204,0.23348770290613174,0.859710831195116,2.9627310782670975,2.725408911705017,31.30611789226532,26.053542345762253,,,,,D08
LENO_070,LENO,2017,21.299154460430145,33.5303875207901,1.5126299858093262,9.05323126912117,0.08137937856372446,7.890296310186386,0.4038808820769191,0.220925513189286,0.8414775803685188,2.915747344493866,2.7761580273509026,31.587284803390503,24.639104440808296,,,,,D08
LENO_070,LENO,2018,19.88289338350296,34.11425220966339,1.5410412922501564,9.346788883209229,0.05897295114118606,8.584466189146042,0.46651702374219894,0.2574456464499235,0.9009833633899689,3.0933277308940887,2.731498807668686,31.344219088554382,28.015680611133575,0.9123579263687134,0.585416316986084,0.8847854733467102,0.5533591508865356,D08
LENO_070,LENO,2019,21.432978570461273,33.847066044807434,1.491900973021984,8.94753685593605,0.06789080530870706,7.99578195810318,0.4040077719837427,0.22219849983230233,0.8531628213822842,2.940398097038269,2.949704945087433,31.766072630882263,23.571433179080486,,,,,D08
LENO_070,LENO,2021,16.68838506937027,34.67132353782654,1.7144722789525986,10.260046035051346,0.10638546757400036,9.499063581228256,0.5900457501411438,0.3287855423986912,0.9244034364819527,3.035691514611244,2.0718559846282005,31.500757575035095,42.672253251075745,,,,,D08
LENO_070,LENO,2023,17.40791964530945,34.510308504104614,1.5803551077842712,9.219265788793564,0.03781387215713039,8.902439624071121,0.5355969723314047,0.298172852024436,0.9132494032382965,2.940948963165283,3.1174597814679146,31.07871961593628,33.14533889293671,0.9170624017715454,0.5507440567016602,0.8996865749359131,0.5196573138237,D08
LENO_070,LENO,2024,17.531480133533478,34.4421569108963,1.573032982647419,9.038222998380661,0.040132307512976695,8.724960654973984,0.5264354981482029,0.2909519877284765,0.9102939516305923,2.9435860067605972,3.1578484252095222,30.946172833442688,33.23418474197388,0.9206897616386414,0.4112840890884399,0.8722910284996033,0.4229486286640167,D08
LENO_003,LENO,2015,24.118909239768982,34.54771137237549,1.4966986775398254,10.55354455113411,0.04696985095506534,9.583120465278625,0.43280986975878477,0.22334663337096572,0.7485404312610626,2.6134783923625946,3.1533055007457733,33.535605669021606,24.684196636080742,,,,,D08
LENO_003,LENO,2016,24.044138729572296,35.02688980102539,1.5036851987242699,10.740036755800247,0.045109193146345206,9.775718808174133,0.44201826117932796,0.2291952189989388,0.7631315812468529,2.5995973274111748,3.205828972160816,33.84803557395935,25.47471696138382,,,,,D08
LENO_003,LENO,2017,24.3013773560524,35.19207525253296,1.5026853382587433,10.396802484989166,0.0381288988282904,9.529015094041824,0.44931987673044205,0.2265437040477991,0.7250078283250332,2.458019644021988,3.377126544713974,33.99631583690643,25.57611933350563,,,,,D08
LENO_003,LENO,2018,22.669526159763336,35.51959848403931,1.549609161913395,10.978899359703064,0.0454696717497427,10.288792073726654,0.4922145642340183,0.2596087036654353,0.8279082328081131,2.8338876217603683,3.1104926094412804,33.926247239112854,28.65592136979103,0.8989439606666565,0.6680495142936707,0.8598586320877075,0.6171312928199768,D08
LENO_003,LENO,2019,23.997042059898376,35.794535636901855,1.4904242232441902,10.150855422019958,0.023974680225364864,9.615401536226273,0.4575772099196911,0.23409544862806797,0.7610065825283527,2.5848486945033073,3.76948956400156,34.76458525657654,24.94619683176279,,,,,D08
LENO_003,LENO,2021,19.315328180789948,35.33351409435272,1.6667319759726524,10.478486567735672,0.0720191327854991,9.970326691865921,0.5825630202889442,0.3008171543478966,0.8507538065314293,2.788265936076641,2.725904691964388,32.86002433300018,39.59958815574646,,,,,D08
LENO_003,LENO,2023,20.007801234722137,34.27180051803589,1.5250018388032913,9.545635148882866,0.035790235771855805,9.149741768836975,0.48057083785533905,0.2626896593719721,0.8760664314031601,2.810270607471466,3.607400767505169,31.563958406448364,34.40762656927109,0.8959903120994568,0.6077221035957336,0.8647052049636841,0.5676015019416809,D08
LENO_003,LENO,2024,20.221380293369293,34.73597753047943,1.5242948532104492,9.791483744978905,0.028614510170882568,9.46105244755745,0.4892977476119995,0.2637076126411557,0.8659801855683327,2.8300873190164566,3.265195943415165,31.790112555027008,35.32892382144928,0.8797622919082642,0.6670897006988525,0.8368753790855408,0.6147229671478271,D08
LENO_002,LENO,2015,21.105696260929108,31.01282227039337,1.4837216585874557,8.565480172634125,0.10971397053799592,6.498104780912399,0.32243572268635035,0.1719150417484343,0.8090887516736984,2.8344427943229675,2.4465752840042114,28.840837717056274,22.702026575803757,,,,,D08
LENO_002,LENO,2016,21.21337652206421,31.551734685897827,1.4510952159762383,8.456535995006561,0.08314906037412584,6.794695615768433,0.32780507300049067,0.1752102542668581,0.8237504661083221,2.9367253333330154,2.771955519914627,29.232561945915222,20.085188686847687,,,,,D08
LENO_002,LENO,2017,21.569572865962982,32.10983598232269,1.5274035036563873,9.172816455364227,0.13129640734405257,7.0069098472595215,0.34141263272613287,0.18080478580668569,0.7983578965067863,2.881302997469902,2.2992006838321686,29.577329874038696,24.06008969247341,,,,,D08
LENO_002,LENO,2018,19.886975169181824,32.71393585205078,1.4956962764263153,8.804063111543655,0.07415947754634544,7.651956111192703,0.3936666054651141,0.2156682200729847,0.8791368789970875,3.0837148874998093,2.719940133392811,29.09877836704254,23.435096204280853,0.9089898467063904,0.5649135708808899,0.8777156472206116,0.5387797355651855,D08
LENO_002,LENO,2019,21.097899675369263,32.88648462295532,1.4973302260041237,8.970737367868423,0.09575798967853189,7.401571661233902,0.36587780993431807,0.19785240292549133,0.8265303932130337,2.9282419979572296,2.536777764558792,30.18776535987854,22.98899145796895,,,,,D08
LENO_002,LENO,2021,15.928673923015594,30.13247513771057,1.6677451878786087,9.009581178426743,0.1215326776728034,7.915669098496437,0.5159655567258596,0.2848286684602499,0.8893882967531681,2.91923725605011,1.8373173847794533,26.588294982910156,40.849303126335144,,,,,D08
LENO_002,LENO,2023,17.41261500120163,30.889140725135803,1.569213643670082,8.806212842464447,0.09899474866688251,7.500454813241959,0.4375329166650772,0.24234461225569248,0.8869648054242134,2.9815676361322403,2.169935405254364,26.932008862495422,32.21844929456711,0.8961427211761475,0.507027804851532,0.867803692817688,0.4903095662593841,D08
LENO_002,LENO,2024,17.239843130111694,30.661816120147705,1.5739986449480057,8.681841284036636,0.09686732687987387,7.4070044457912445,0.4459025524556637,0.24722695164382458,0.8883112296462059,2.952421799302101,2.179180160164833,26.913346648216248,33.567737102508545,0.8998579978942871,0.5472948551177979,0.8674651980400085,0.5253671407699585,D08
LENO_014,LENO,2015,15.293437242507935,30.488735914230347,1.5506594777107239,7.735108733177185,0.04785035447275732,7.32932710647583,0.4937276868149638,0.2677421858534217,0.8324276246130466,2.5367877036333084,3.4127400666475296,27.444652795791626,40.71090441942215,,,,,D08
LENO_014,LENO,2016,15.95848399400711,30.113622665405273,1.5198019072413445,7.643003702163696,0.04164484579814598,7.267506450414658,0.4692127760499716,0.2549549015238881,0.8454589731991291,2.6180305182933807,3.6650790125131607,27.921812176704407,35.31301459670067,,,,,D08
LENO_014,LENO,2017,16.161199808120728,29.96261429786682,1.4887584373354912,7.357180655002594,0.035809490054816706,6.998335421085358,0.4446118101477623,0.23962276615202427,0.8289100416004658,2.5347097516059875,3.918248727917671,27.855249881744385,34.13236439228058,,,,,D08
LENO_014,LENO,2018,15.262331306934357,30.370434403419495,1.5114170908927917,7.299777507781982,0.03575466410256922,6.933987021446228,0.4667356852442026,0.25505542382597923,0.8769789822399616,2.7660935670137405,3.4220865964889526,26.978092193603516,37.53024387359619,0.9045568704605104,0.5596036314964294,0.8702613115310669,0.5320823788642883,D08
LENO_014,LENO,2019,16.807855129241943,30.341670751571655,1.4454086273908615,7.100287914276123,0.022397380249458365,6.841024994850159,0.41673469729721546,0.22703969478607178,0.8341515399515629,2.503074273467064,4.43073146045208,27.76875925064087,28.387871995568275,,,,,D08
LENO_014,LENO,2021,13.418234050273895,27.423783779144287,1.578524187207222,6.90230929851532,0.07519180979579687,6.291766718029976,0.4853903688490391,0.26389714516699314,0.881774690002203,2.7256510108709335,2.5649494230747223,24.24143362045288,48.295872032642365,,,,,D08
LENO_014,LENO,2023,14.737887144088745,28.222264051437378,1.4732131138443947,6.638157606124878,0.03478651979821734,6.218533679842949,0.42679139971733093,0.2320034308359027,0.8608977273106575,2.7328005731105804,3.4373618215322495,24.671757102012634,35.702897131443024,0.9125104546546936,0.5720489621162415,0.8961377143859863,0.5369191765785217,D08
LENO_014,LENO,2024,14.81927478313446,28.439062118530273,1.460498921573162,6.542274385690689,0.028111972118495032,6.197558894753456,0.4223146755248308,0.22876024432480335,0.8609142787754536,2.7350159734487534,3.6275861114263535,24.74121916294098,35.09155064821243,0.8992844223976135,0.6702699065208435,0.8654072284698486,0.6183626651763916,D08
LENO_011,LENO,2015,20.265394389629364,35.07039427757263,1.55706837028265,9.789480984210968,0.04577670949220192,9.312840908765793,0.5036443825811148,0.26833855733275414,0.8183355145156384,2.7364913001656532,3.34250907599926,32.47204899787903,28.510334581136703,,,,,D08
LENO_011,LENO,2016,20.67757737636566,35.106709718704224,1.504276156425476,9.636447995901108,0.035062282273429446,9.195371478796005,0.4620896503329277,0.2502697464078665,0.8466715179383755,2.8077614307403564,3.447827622294426,32.66156625747681,24.31515806913376,,,,,D08
LENO_011,LENO,2017,20.74942719936371,35.17194187641144,1.50654736161232,9.473513126373291,0.03299747213895898,9.115488827228546,0.4681245032697916,0.2520293891429901,0.8172469064593315,2.6410801708698273,3.682576261460781,32.89206314086914,24.201443135738373,,,,,D08
LENO_011,LENO,2018,19.717993021011353,35.86027634143829,1.5234858319163322,9.686507821083069,0.03496979558985913,9.240145802497864,0.48053417168557644,0.2635422134771943,0.8808233439922333,2.9604473263025284,3.5034971088171005,32.654985308647156,25.28958547115326,0.9194576740264891,0.664179265499115,0.8882026672363281,0.610553503036499,D08
LENO_011,LENO,2019,21.564882934093475,35.661505699157715,1.4547135382890701,9.23915296792984,0.020730387786898063,8.931084841489792,0.4288598317652941,0.2339273914694786,0.8437525890767574,2.7966298162937164,4.18168418109417,33.62553071975708,17.665296137332916,,,,,D08
LENO_011,LENO,2021,14.622680753469467,31.906376481056213,1.6084942519664764,8.006343811750412,0.07586204906692728,7.403853863477707,0.5164442881941795,0.28596440237015486,0.8856182657182217,2.8331940174102783,2.4627025946974754,26.264863550662994,40.55633020401001,,,,,D08
LENO_011,LENO,2023,15.39546012878418,31.942242860794067,1.5496467053890228,7.897660940885544,0.049862711486639455,7.389247298240662,0.486998476088047,0.2711826991289854,0.8902672678232193,2.824899211525917,2.8848545104265213,26.82745534181595,35.43802484869957,0.9170039892196656,0.548542320728302,0.9023537039756776,0.5173643827438354,D08
LENO_011,LENO,2024,15.092087805271149,31.62910223007202,1.5432906672358513,7.608690172433853,0.04284538037609309,7.200979486107826,0.4902091585099697,0.2701671030372381,0.8798858635127544,2.795593947172165,2.977094739675522,26.074181497097015,36.51078912615776,0.8821218013763428,0.694265604019165,0.8493322134017944,0.6287185549736023,D08
LENO_005,LENO,2015,20.546905755996704,29.172830939292908,1.3815425708889961,7.415178269147873,0.054674134007655084,5.916606426239014,0.2903299108147621,0.15437909634783864,0.8335201591253281,2.938049077987671,2.784345507621765,27.448565125465393,12.427333623170853,,,,,D08
LENO_005,LENO,2016,20.400338172912598,29.25067675113678,1.4125936925411224,7.817593604326248,0.06676684599369764,6.2265549302101135,0.3076827209442854,0.1646359609439969,0.8462860584259033,2.992091491818428,2.6826439574360847,27.59869921207428,14.824882358312607,,,,,D08
LENO_005,LENO,2017,20.46323424577713,29.35909652709961,1.4463423639535904,8.21969011425972,0.08783654612489045,6.272643953561783,0.31231586914509535,0.16617290815338492,0.8243471644818783,2.9164257794618607,2.4116915613412857,27.470849990844727,17.279442250728607,,,,,D08
LENO_005,LENO,2018,20.001665353775024,29.898024082183838,1.4537237584590912,8.300349950790405,0.07993082026951015,6.604060351848602,0.3325778432190418,0.1795871751382947,0.8816208094358444,3.120212271809578,2.520134374499321,27.786938309669495,18.292827486991882,0.8863525986671448,0.6390317678451538,0.8454676866531372,0.5943369269371033,D08
LENO_005,LENO,2019,20.899734616279602,29.935033917427063,1.4197258949279785,8.123602956533432,0.06551390467211604,6.577937513589859,0.3186187958344817,0.1713422085158527,0.8494711965322495,3.020269587635994,2.7288639694452286,28.390771985054016,15.632756426930428,,,,,D08
LENO_005,LENO,2021,19.53625589609146,30.359188079833984,1.485678069293499,8.70293927192688,0.07468673400580883,7.292866826057434,0.3787083961069584,0.20629216637462378,0.8956674374639988,3.116155982017517,2.437243238091469,28.081349730491638,21.625203907489777,,,,,D08
LENO_005,LENO,2023,19.284131050109863,30.536455869674683,1.480407752096653,8.52778109908104,0.067291812854819,7.294888466596603,0.3849984332919121,0.2137122666463256,0.9037289209663868,3.1283922493457794,2.6632682010531425,28.471453070640564,21.821717977523804,0.9072720408439636,0.6797984838485718,0.883222758769989,0.6209820508956909,D08
LENO_005,LENO,2024,19.87710052728653,30.531648993492126,1.430709846317768,8.040253847837448,0.047321071731857955,7.041319012641907,0.36037464067339897,0.19672925304621458,0.8922682218253613,3.127634420990944,2.962807610630989,28.38776934146881,17.967859506607056,0.880995512008667,0.6412984132766724,0.8466499447822571,0.5891512036323547,D08
LENO_015,LENO,2015,19.869417428970337,27.612942218780518,1.292336717247963,5.4709030240774155,0.024426319490885362,4.655060023069382,0.2430690648034215,0.13089719018898904,0.7770374529063702,2.6270061507821083,4.093620613217354,26.057027578353882,9.97267547994852,,,,,D08
LENO_015,LENO,2016,20.012345790863037,27.780487418174744,1.271384783089161,5.2339687049388885,0.012472429167246446,4.694523647427559,0.24273256352171302,0.13083250122144818,0.7713115736842155,2.610969804227352,4.498736754059792,26.21580696105957,8.786012850701809,,,,,D08
LENO_015,LENO,2017,20.382050573825836,28.093573689460754,1.297175072133541,5.731533199548721,0.02844212597119622,4.759632453322411,0.2416713172569871,0.12746361689642072,0.763722974807024,2.5951141119003296,4.1202294528484344,26.437611937522888,10.659850791096687,,,,,D08
LENO_015,LENO,2018,19.12259793281555,28.449962854385376,1.3410648629069328,6.1823664009571075,0.027012247446691617,5.462414592504501,0.2935971515253186,0.16000113310292363,0.851043950766325,2.9744759649038315,3.7890252619981766,26.209485173225403,14.344124794006348,0.9191349148750304,0.6947203278541565,0.8875467777252197,0.6366589665412903,D08
LENO_015,LENO,2019,20.451200366020203,28.411123633384705,1.3045030683279037,5.848436057567596,0.02187568567751441,5.171984329819679,0.2638511750847101,0.14122905768454075,0.7945001423358917,2.7426002621650696,4.393541097640991,26.97115457057953,11.413710862398148,,,,,D08
LENO_015,LENO,2021,17.666325569152832,28.580198764801025,1.4780926927924156,7.674283117055893,0.06112788646714762,6.657709002494812,0.3910495229065418,0.21812384948134422,0.9070448167622089,3.0278342366218567,2.817023389041424,26.498672008514404,26.370870292186737,,,,,D08
LENO_015,LENO,2023,19.26732325553894,29.066978216171265,1.3896169066429138,6.831934601068497,0.0347325648763217,6.0842995047569275,0.3348359763622284,0.1822144384495914,0.8633501641452312,3.0109977573156357,3.520636707544327,27.04075253009796,18.54940974712372,0.922413170337677,0.6903136968612671,0.9036535620689392,0.6286232471466064,D08
LENO_015,LENO,2024,19.1809561252594,29.163422465324402,1.377496376633644,6.46710991859436,0.03334852179250447,5.914088696241379,0.32889310643076897,0.17882435442879796,0.8649025149643421,3.0214578062295914,3.8303193524479866,26.779771208763123,18.196170419454575,0.8888039588928223,0.6786812543869019,0.8463625311851501,0.6257161498069763,D08
LENO_010,LENO,2015,19.246129512786865,29.241003394126892,1.4345383644104004,7.812309741973877,0.039402098482241854,7.061208963394165,0.3782783253118396,0.2073524333536625,0.8495310731232166,2.798976495862007,3.34909725189209,27.802985787391663,21.422600477933884,,,,,D08
LENO_010,LENO,2016,19.334396839141846,29.33258879184723,1.4220107272267342,7.66059410572052,0.03345817205263302,7.0489762127399445,0.3749591847881675,0.20602281158789992,0.8534953743219376,2.8143022060394287,3.4863053783774376,27.998523831367493,20.672222137451172,,,,,D08
LENO_010,LENO,2017,19.529151499271393,29.632161498069763,1.41880002617836,7.520574599504471,0.03216047163004987,6.869766891002655,0.3725118152797222,0.20580644579604268,0.8274290934205055,2.6567261666059494,3.6796063631772995,28.214759945869446,21.22379583120346,,,,,D08
LENO_010,LENO,2018,18.82083922624588,30.41412055492401,1.455687738955021,7.943147152662277,0.04059108661022037,7.2012238800525665,0.398222329095006,0.22144022397696972,0.8951938189566135,3.0041602551937103,3.1955776065587997,28.27260684967041,23.501552522182465,0.9130298495292664,0.6366309523582458,0.8835050463676453,0.591313898563385,D08
LENO_010,LENO,2019,20.12554281949997,30.442087769508362,1.394401490688324,7.550047367811203,0.020304528487031348,7.132520973682404,0.36565364338457584,0.2010456225834787,0.8462359234690666,2.7678590565919876,4.085507839918137,29.01914155483246,18.016256511211395,,,,,D08
LENO_010,LENO,2021,18.857289254665375,31.059325337409973,1.4905763044953346,8.50836968421936,0.05257703666575253,7.665382146835327,0.41984320990741253,0.23373505659401417,0.9061751142144203,3.0385954529047012,2.9780327528715134,28.926183938980103,26.146993577480316,,,,,D08
LENO_010,LENO,2023,18.815880298614502,31.35140109062195,1.470282442867756,8.270479023456573,0.0401662026415579,7.606428802013397,0.41546836867928505,0.2329139607027173,0.8931033350527287,2.952740639448166,3.374439090490341,28.94926166534424,25.061534702777863,0.8938456773757935,0.5636965036392212,0.8661691546440125,0.5329242944717407,D08
LENO_010,LENO,2024,19.867933690547943,31.421604990959167,1.413325384259224,7.819091707468033,0.026834001066163182,7.21225169301033,0.37284070532768965,0.20561234327033162,0.883403342217207,3.0205667912960052,3.5793630182743073,28.72907257080078,19.550805121660233,0.8926059007644653,0.7018859386444092,0.8673114776611328,0.6324288845062256,D08
LENO_012,LENO,2015,21.57642376422882,34.76073944568634,1.4343548268079758,8.239203482866287,0.043003434999263845,7.663129538297653,0.37797854002565145,0.20416894974187016,0.8079791404306889,2.765260264277458,3.641678474843502,32.56916415691376,16.446193512529135,,,,,D08
LENO_012,LENO,2016,21.398808360099792,34.69667148590088,1.4244483634829521,8.197374492883682,0.034223413895233534,7.65403425693512,0.3782322918996215,0.20445433584973216,0.8068709038197994,2.7252062410116196,3.7514805272221565,32.50374174118042,14.37869956344366,,,,,D08
LENO_012,LENO,2017,21.662621796131134,35.12476301193237,1.4419273138046265,8.704795509576797,0.050618598266737536,7.750521600246429,0.37048118840903044,0.19391120271757245,0.7631057873368263,2.658814251422882,3.3193778321146965,30.74166065454483,16.316727459430695,,,,,D08
LENO_012,LENO,2018,20.216896772384644,35.66520309448242,1.480579823255539,8.804346770048141,0.04672704782569781,8.169248968362808,0.41917130816727877,0.22628860967233777,0.8479710221290588,2.9698818176984787,3.297123610973358,31.01469737291336,20.008216876536608,0.9126365184783936,0.5823628306388855,0.8854628801345825,0.5505343675613403,D08
LENO_012,LENO,2019,21.766396403312683,35.1789927482605,1.4288982152938843,8.452329277992249,0.03599651012336835,7.978264510631561,0.3828733656555414,0.2035601339302957,0.7933082990348339,2.655065178871155,3.754048265516758,33.0903639793396,14.12845285795629,,,,,D08
LENO_012,LENO,2021,19.42285144329071,35.744511127471924,1.5267309844493866,9.245112270116806,0.059304227121174335,8.442438662052155,0.45052002742886543,0.24443835858255625,0.8698999211192131,3.0049336701631546,2.918609619140625,31.6239692568779,24.380104452371597,,,,,D08
LENO_012,LENO,2023,19.88734883069992,35.79153048992157,1.5203780233860016,9.30553537607193,0.05718827014788985,8.633389562368393,0.44767505675554276,0.24543723184615374,0.8739921413362026,2.966383785009384,3.341497018933296,33.04780983924866,22.47099857777357,0.8965610265731812,0.582389235496521,0.8685398697853088,0.5479567050933838,D08
LENO_012,LENO,2024,19.276417136192322,35.94221043586731,1.547678865492344,9.317511141300201,0.06119014648720622,8.71578899025917,0.4716997966170311,0.2584841661155224,0.873610146343708,2.9878537952899933,3.1813816502690315,31.92523580789566,26.079025149345398,0.8618729710578918,0.6579425930976868,0.8230224847793579,0.6011197566986084,D08
LENO_009,LENO,2015,29.050970911979675,39.2057466506958,1.3449493795633316,9.541611850261688,0.017165870674944017,9.009927302598953,0.31916650477796793,0.16692755883559585,0.8013296872377396,2.944790303707123,4.570838078856468,37.94870328903198,9.736892111599445,,,,,D08
LENO_009,LENO,2016,28.88273799419403,39.26685976982117,1.3455823361873627,9.543652445077896,0.013465625073877163,9.141970932483673,0.32554933801293373,0.17139597423374653,0.8080534115433693,2.94353948533535,4.780689939856529,37.99217414855957,9.043907087296247,,,,,D08
LENO_009,LENO,2017,28.8505117893219,39.27274036407471,1.3509413599967957,9.39475393295288,0.012822958080505487,9.115258991718292,0.3336474560201168,0.1753866896033287,0.7778751812875271,2.774804726243019,4.891979426145554,38.09816074371338,10.104847058653831,,,,,D08
LENO_009,LENO,2018,27.618850827217102,39.787110328674316,1.3959119990468025,10.4020916223526,0.022530820162501186,9.758014440536499,0.3624470978975296,0.19506717892363667,0.8567506819963455,3.1932822167873383,3.93431293964386,38.04126834869385,11.793532222509384,0.8988820910453796,0.6603764891624451,0.8609334826469421,0.6129987835884094,D08
LENO_009,LENO,2019,29.440853118896484,39.91492819786072,1.3317255973815918,9.43864220380783,0.007278144716110546,9.235530346632004,0.3212971007451415,0.16911005787551403,0.8055510707199574,2.8047038912773132,5.150392264127731,38.615156412124634,7.361917786300182,,,,,D08
LENO_009,LENO,2021,25.937410831451416,40.063589572906494,1.4552564546465874,11.173522591590881,0.03780425590230152,10.301024377346039,0.4031757842749357,0.22225195076316595,0.8865425549447536,3.2653545141220093,3.3139892667531967,38.01288366317749,14.559018224477768,,,,,D08
LENO_009,LENO,2023,26.828997492790222,40.157965898513794,1.40706317871809,10.522669732570648,0.019872503879014403,9.97935238480568,0.37803330086171627,0.20669465139508247,0.8721189051866531,3.1668228805065155,4.16057562828064,38.251296281814575,10.729233354330063,0.9034838080406188,0.6720032095909119,0.8767428994178772,0.6155394911766052,D08
LENO_009,LENO,2024,27.47650694847107,40.37090754508972,1.3899840340018272,10.340200364589691,0.019099880883004516,9.720330119132996,0.3600940052419901,0.19308194518089294,0.8562542349100113,3.200161263346672,4.115263938903809,38.179941177368164,10.38816323876381,0.8814685940742493,0.7190345525741577,0.8473691940307617,0.647054135799408,D08
LENO_018,LENO,2015,20.21417671442032,30.676348090171814,1.4492364078760147,7.988492518663406,0.06861449735879432,6.5989798456430435,0.34854266606271267,0.1897057401947677,0.8201884552836418,2.7690256386995316,2.953453414142132,28.575491309165955,24.607770517468452,,,,,D08
LENO_018,LENO,2016,20.542739272117615,30.838923454284668,1.416424348950386,7.711836725473404,0.047299623081926256,6.699137449264526,0.34585618134588003,0.1887571383267641,0.8328946009278297,2.789166495203972,3.291078247129917,28.88667118549347,22.505238756537437,,,,,D08
LENO_018,LENO,2017,21.04904043674469,31.305854439735413,1.417801022529602,7.794974625110626,0.053000496365712024,6.782682418823242,0.3421063283458352,0.18408352229744196,0.8043415658175945,2.7349939197301865,3.232935294508934,29.09044575691223,20.94508820772171,,,,,D08
LENO_018,LENO,2018,19.92250692844391,31.58849346637726,1.4436078891158104,8.042748659849167,0.04700528082321398,7.1498346626758575,0.3760750098153949,0.20685161836445332,0.869544941931963,3.0063625425100327,3.184057906270027,28.933390140533447,24.100382894277573,0.91325706243515,0.6208246350288391,0.8831812739372253,0.5821449160575867,D08
LENO_018,LENO,2019,20.91184914112091,31.601367235183716,1.416710577905178,7.853748321533203,0.046369589093956165,6.939030438661575,0.34995919093489647,0.19240129506215453,0.8295968398451805,2.7316934466362,3.5879050493240356,29.685810327529907,20.362390860915184,,,,,D08
LENO_018,LENO,2021,17.03432124853134,31.118637204170227,1.578285127878189,8.391634225845337,0.07792564120609313,7.480594575405121,0.47853743471205235,0.2650365303270519,0.8923013843595982,2.9471355974674225,2.58304263651371,27.571016550064087,36.563321590423584,,,,,D08
LENO_018,LENO,2023,18.06253480911255,30.93616008758545,1.512747347354889,8.087836503982544,0.06447414314607158,7.167135834693909,0.42658307310193777,0.23554180981591344,0.873668372631073,2.922525867819786,2.8993904665112495,28.0286728143692,30.639180123806,0.9067339301109314,0.5563479065895081,0.883009135723114,0.5286170840263367,D08
LENO_018,LENO,2024,16.57026094198227,29.103049755096436,1.530000515282154,7.691535472869873,0.06298993993550539,6.726698726415634,0.44430625531822443,0.2449730602093041,0.8843448720872402,2.876225858926773,2.66743703186512,26.358739972114563,36.19528239965439,0.8802356123924255,0.6664931774139404,0.8485735654830933,0.6073639988899231,D08
LENO_006,LENO,2015,26.74139416217804,36.10389280319214,1.3998749256134033,9.817551910877228,0.06354546581860632,7.823651731014252,0.29781583324074745,0.15311678778380156,0.8046371228992939,3.07054041326046,2.8901969864964485,34.697266697883606,13.949336618185043,,,,,D08
LENO_006,LENO,2016,25.870168209075928,36.42234516143799,1.4168855994939804,9.776261270046234,0.06213893071981147,8.168208956718445,0.3239305270835757,0.17119486210867763,0.8087587617337704,2.972327634692192,3.0746885910630226,34.684361815452576,14.88709907233715,,,,,D08
LENO_006,LENO,2017,26.597763419151306,36.70525050163269,1.4437797293066978,10.445305198431015,0.08388564293272793,8.275378584861755,0.3177489973604679,0.1668367669917643,0.8018442839384079,3.034917175769806,2.7248908281326294,35.15977704524994,16.519767694175243,,,,,D08
LENO_006,LENO,2018,26.70515251159668,37.292327880859375,1.3709344193339348,9.418585062026978,0.035422815824858844,8.252899169921875,0.3133185487240553,0.16390219470486045,0.8462418168783188,3.289571911096573,3.4226557165384293,35.26074481010437,11.704987227916718,0.9235970377922058,0.6974388957023621,0.896424412727356,0.6339961290359497,D08
LENO_006,LENO,2019,27.78772258758545,37.38895654678345,1.3643686473369598,9.400453478097916,0.04497361106041353,7.878654897212982,0.29054857790470123,0.15040725097060204,0.7804781123995781,2.914541080594063,3.6152063980698586,35.71119570732117,11.366393096745014,,,,,D08
LENO_006,LENO,2021,26.38431227207184,37.87598896026611,1.4004685953259468,9.973046094179153,0.04065138992154971,8.84457015991211,0.3392341695725918,0.18020178889855742,0.8628526218235493,3.3131047934293747,3.434653088450432,35.69915294647217,13.491513013839722,,,,,D08
LENO_006,LENO,2023,25.989693999290466,38.17821741104126,1.4152114242315292,10.278278917074203,0.039281046541873366,9.13873016834259,0.35501693934202194,0.1921760137192905,0.875022117048502,3.2865283489227295,3.3184718191623688,36.07881224155426,14.273095786571503,0.8991440534591675,0.6297266483306885,0.8710317015647888,0.5823355317115784,D08
LENO_006,LENO,2024,26.261012315750122,38.189574003219604,1.3994036763906479,9.884577184915543,0.038413053669501096,8.749448537826538,0.33999102376401424,0.18303116038441658,0.8672777861356735,3.3147128969430923,3.351091057062149,35.94619691371918,13.215119749307632,0.8790748119354248,0.6617134809494019,0.8396162986755371,0.6089575886726379,D08
LENO_013,LENO,2015,26.93508005142212,34.87508797645569,1.321033537387848,8.140479564666748,0.029938568419311196,7.075575828552246,0.26971212215721607,0.13579782098531723,0.7622307166457176,2.9898630678653717,3.8095138892531395,33.73452591896057,8.679840475320816,,,,,D08
LENO_013,LENO,2016,26.659132838249207,34.954577922821045,1.3424135744571686,8.669322490692139,0.030010583373950794,7.640221357345581,0.2926475154235959,0.14935558661818504,0.7798842191696167,3.0308514833450317,3.7126516550779343,33.96532642841339,9.66322860121727,,,,,D08
LENO_013,LENO,2017,27.163576126098633,35.379510164260864,1.3393502533435822,8.753998637199402,0.031721147475764155,7.569022625684738,0.2848978992551565,0.143834522459656,0.762533288449049,3.0039169788360596,3.5310886204242706,34.263516426086426,9.151416569948196,,,,,D08
LENO_013,LENO,2018,25.979807019233704,36.108919620513916,1.3779509514570236,9.364128023386002,0.03470224956981838,8.27185645699501,0.32237991597503424,0.16916803363710642,0.8423910923302174,3.2578642517328262,3.4386974424123764,34.32256019115448,11.747709944844246,0.8969472646713257,0.6523336172103882,0.8547834157943726,0.6074205636978149,D08
LENO_013,LENO,2019,28.186923503875732,36.23015093803406,1.2987067326903343,8.137435853481293,0.018588508282846306,7.377669245004654,0.2657371023669839,0.13310073828324676,0.7621765397489071,3.0013432800769806,4.467764049768448,34.95783805847168,6.675385802984238,,,,,D08
LENO_013,LENO,2021,25.656145691871643,36.79798674583435,1.4409314766526222,10.618385255336761,0.05443554068915546,9.159970551729202,0.3602422345429659,0.19164766371250153,0.8702626749873161,3.3150787353515625,2.9075902700424194,35.030699253082275,15.967990398406982,,,,,D08
LENO_013,LENO,2023,25.445576190948486,37.20681166648865,1.4103321358561516,10.065645635128021,0.02955768461106345,9.250211000442505,0.3660709299147129,0.1990411877632141,0.8804529197514057,3.2646859288215637,3.5938858836889267,35.374295473098755,13.092176169157028,0.8898736834526062,0.6043124794960022,0.8566808104515076,0.566693902015686,D08
LENO_013,LENO,2024,26.9315664768219,37.261449098587036,1.3600030317902565,9.37120071053505,0.024513322350685485,8.503536850214005,0.3192857950925827,0.1684587625786662,0.8519104570150375,3.2966683208942413,3.8122225552797318,35.539812326431274,9.625812441110611,0.9242669939994812,0.3007450401782989,0.8578823804855347,0.3247977495193481,D08
LENO_007,LENO,2015,16.695223927497864,25.851905822753906,1.4081054478883743,6.180803284049034,0.04691784083843231,5.403901651501656,0.34004651103168726,0.17986962525174022,0.7978594526648521,2.619987592101097,3.2440317198634148,23.64526480436325,25.71676941215992,,,,,D08
LENO_007,LENO,2016,17.12706059217453,26.133314311504364,1.4425610825419426,6.638943716883659,0.07216992251051124,5.547712087631226,0.3402838408946991,0.18235855782404542,0.8153676502406597,2.7572456151247025,2.94143445789814,24.425403952598572,25.58892235159874,,,,,D08
LENO_007,LENO,2017,17.853542506694794,26.032466292381287,1.414440006017685,6.214953288435936,0.07837719196686521,4.923164576292038,0.298472355119884,0.15788089064881206,0.7709156572818756,2.5907456129789352,2.9850826784968376,24.17465454339981,22.590933568775654,,,,,D08
LENO_007,LENO,2018,16.8039813041687,26.81618309020996,1.4511242136359215,6.4978552758693695,0.06973113911226392,5.607899636030197,0.3546626353636384,0.19221036974340677,0.8615556992590427,2.9164157062768936,3.05831665545702,24.40315818786621,25.836127161979675,0.903336763381958,0.6046178936958313,0.8693427443504333,0.5651414394378662,D08
LENO_007,LENO,2019,18.47928887605667,26.964280366897583,1.424235850572586,6.374896332621574,0.08570475230226293,5.072721362113953,0.29911167547106743,0.161524492315948,0.7904629148542881,2.6763071939349174,2.9325869753956795,25.460240602493286,20.907852791249752,,,,,D08
LENO_007,LENO,2021,17.333144426345825,27.520877599716187,1.4837885573506355,7.001499712467194,0.09157437947578728,5.730582907795906,0.35445589385926723,0.19342832965776324,0.8732964359223843,2.984909951686859,2.5250078439712524,25.102826476097107,25.902180016040802,,,,,D08
LENO_007,LENO,2023,17.328436374664307,27.730917096138,1.4993733242154121,7.444252967834473,0.0902159633114934,6.068507194519043,0.37082897033542395,0.20458438014611602,0.8830260336399078,2.9645284861326218,2.4952999502420425,25.449954330921173,27.81190523505211,0.8802497386932373,0.5232589840888977,0.8417271375656128,0.5015371441841125,D08
LENO_007,LENO,2024,18.049409210681915,27.633121132850647,1.434141330420971,6.773442029953003,0.06706262123771012,5.630244418978691,0.3343780618160963,0.1825803304091096,0.8612734489142895,2.9575510919094086,2.8839821070432663,25.456981897354126,22.689263328909874,0.8731980323791504,0.6323907375335693,0.8324218988418579,0.5867074728012085,D08
LENO_008,LENO,2015,19.58781987428665,26.738072395324707,1.3410634770989418,6.022461891174316,0.04336289409548044,4.893828779459,0.26532025542110205,0.14178653876297176,0.7872643023729324,2.695802167057991,3.229238383471966,25.452743530273438,13.97081083059311,,,,,D08
LENO_008,LENO,2016,19.68339568376541,27.155095100402832,1.3175433054566383,5.79202102124691,0.02651058709307108,5.086107790470123,0.2718525994569063,0.14500898262485862,0.7940332442522049,2.7441400587558746,3.7437854558229446,25.691538214683533,12.696643803268671,,,,,D08
LENO_008,LENO,2017,19.86369776725769,27.441221475601196,1.359976127743721,6.437951534986496,0.051102940167766064,5.1244750916957855,0.27328918781131506,0.14373615104705095,0.7735041379928589,2.706510305404663,3.1336279436945915,25.880035758018494,15.906323373317719,,,,,D08
LENO_008,LENO,2018,19.059560775756836,28.229272484779358,1.3733715042471886,6.496070086956024,0.039339859096799046,5.6257349997758865,0.30995554756373167,0.16743875155225396,0.8497156985104084,2.9904195219278336,3.366163358092308,25.940186977386475,17.036213360726833,0.9101595282554626,0.6466178894042969,0.8772196173667908,0.5980442762374878,D08
LENO_008,LENO,2019,20.161432027816772,28.578131675720215,1.3621705770492554,6.408037215471268,0.04621975889313035,5.443650439381599,0.29011815413832664,0.15651653753593564,0.793493065983057,2.8329098969697952,3.4868493378162384,26.635655403137207,15.613076880574226,,,,,D08
LENO_008,LENO,2021,18.16440439224243,29.165367364883423,1.4641458243131638,7.439480006694794,0.0608298908919096,6.4548724591732025,0.3782009044662118,0.2068782765418291,0.8803356476128101,3.0344220995903015,2.8379901573061943,26.593781352043152,24.43672850728035,,,,,D08
LENO_008,LENO,2023,19.513072788715363,29.785794377326965,1.4053307473659515,6.9234379529953,0.03953795289271511,6.249551743268967,0.34854521695524454,0.18809450790286064,0.8479789607226849,2.997999668121338,3.5584847405552864,27.35797345638275,19.92937007546425,0.9096757769584656,0.6206239461898804,0.8902443051338196,0.5716867446899414,D08
LENO_008,LENO,2024,20.13744080066681,30.01753544807434,1.3946319743990898,6.966331034898758,0.041134138591587543,6.047346413135529,0.3296871269121766,0.17722288751974702,0.839529812335968,3.0194769203662872,3.324515715241432,27.77008855342865,18.126181542873383,0.8988947868347168,0.6895862221717834,0.8613471984863281,0.6337987780570984,D08
LENO_022,LENO,2015,24.149985432624817,31.448089838027954,1.2661391124129295,6.114281788468361,0.019513557825121097,5.3225105702877045,0.22745256498456,0.1171002215705812,0.7485098615288734,2.8828289210796356,4.204913169145584,30.15713083744049,6.198402587324381,,,,,D08
LENO_022,LENO,2016,23.948111653327942,31.502721071243286,1.2790023982524872,6.396746277809143,0.02027138452103827,5.65786549448967,0.2406072779558599,0.12351805926300585,0.7522817440330982,2.8856061547994614,4.161266639828682,30.22110915184021,6.962435945868492,,,,,D08
LENO_022,LENO,2017,24.42494225502014,31.75028669834137,1.2434358149766922,5.799738571047783,0.011828869588498492,5.277287736535072,0.21898307371884584,0.11268736678175628,0.7377579249441624,2.7823978513479233,4.732594832777977,30.377203464508057,4.692020181566477,,,,,D08
LENO_022,LENO,2018,22.508843541145325,32.14439654350281,1.3454948663711548,7.485073387622833,0.0290341098443605,6.568898648023605,0.2946558129042387,0.1590940817259252,0.8450185842812061,3.1301268339157104,3.61085644364357,30.22112739086151,10.554567694664001,0.9159725904464722,0.6512933373451233,0.8891651034355164,0.6028671264648438,D08
LENO_022,LENO,2019,24.61585795879364,32.084299087524414,1.2857473269104958,6.7879084050655365,0.02387592439481523,5.802589371800423,0.238510609138757,0.12348534446209669,0.7561738826334476,2.8960681557655334,3.8615908175706863,30.901111841201782,6.305597081780434,,,,,D08
LENO_022,LENO,2021,18.714000642299652,29.923775553703308,1.4784465581178665,7.874508857727051,0.07507258199620992,6.5848312973976135,0.37101099360734224,0.207101549487561,0.8929227367043495,3.071283981204033,2.550017900764942,27.546093821525574,23.147582232952118,,,,,D08
LENO_022,LENO,2023,20.343022644519806,30.409013628959656,1.3960752859711647,7.223911106586456,0.04440141562372446,6.283647060394287,0.3281445065513253,0.1806499157100916,0.8655927255749702,3.0615552067756653,3.2065495029091835,28.228245735168457,17.029754243791103,0.8841272592544556,0.5865013599395752,0.8565260171890259,0.5446575880050659,D08
LENO_022,LENO,2024,20.962958574295044,30.674848556518555,1.3680517747998238,6.946479767560959,0.044092241645557806,5.8545151352882385,0.29710948932915926,0.1624116413295269,0.8495505712926388,3.071844533085823,3.2645042464137077,28.363700032234192,14.104223489761353,0.8933969140052795,0.6714351773262024,0.866194486618042,0.6132609844207764,D08
LENO_001,LENO,2015,17.43708872795105,25.67388653755188,1.3518512099981308,5.5418005138635635,0.03387717980513116,4.993986591696739,0.30061717890203,0.16705936193466187,0.8283216319978237,2.7121527194976807,3.950443685054779,23.933779001235962,17.71048636175692,,,,,D08
LENO_001,LENO,2016,17.31089025735855,25.893057227134705,1.3639453276991844,5.8048529624938965,0.03384871891466901,5.256322488188744,0.31348116137087345,0.174307809676975,0.8429635800421238,2.7721299678087234,3.7443799525499344,24.070372939109802,18.004033755511045,,,,,D08
LENO_001,LENO,2017,18.07727885246277,25.864426732063293,1.3169499933719635,5.214443534612656,0.02871736482484266,4.727229297161102,0.27255634870380163,0.1503946054726839,0.8064453490078449,2.653373807668686,4.045688986778259,24.100098490715027,12.732408035546541,,,,,D08
LENO_001,LENO,2018,16.186091542243958,26.470027565956116,1.4281924962997437,6.4321069419384,0.040668305300641805,5.839975714683533,0.3704145196825266,0.20759528130292892,0.9046393260359764,2.925716981291771,3.209810197353363,23.929759621620178,22.267841666936874,0.8917233347892761,0.639843225479126,0.8542458415031433,0.5928616523742676,D08
LENO_001,LENO,2019,18.23789155483246,26.270768761634827,1.3405268043279648,5.687703177332878,0.034046675194986165,5.088195845484734,0.2873143209144473,0.15664707869291306,0.8169195242226124,2.6764231771230698,3.8635240495204926,24.45181143283844,13.0225043669343,,,,,D08
LENO_001,LENO,2021,16.990625977516174,26.641894221305847,1.3936152011156082,6.406909137964249,0.03368800599128008,5.777183756232262,0.34127217531204224,0.19004008080810308,0.8971492499113083,2.972291946411133,3.408617988228798,24.349076867103577,17.99088802933693,,,,,D08
LENO_001,LENO,2023,17.289413809776306,26.563451290130615,1.382758691906929,6.313022553920746,0.03356012707808986,5.712587431073189,0.3300634790211916,0.18304727319628,0.8865728490054607,2.938256561756134,3.6550961285829544,24.392812252044678,16.932761818170547,0.92313414812088,0.6853703856468201,0.9046554565429688,0.6269687414169312,D08
LENO_001,LENO,2024,17.831793248653412,26.743265748023987,1.3497374802827835,5.982216268777847,0.028177147585665807,5.395728424191475,0.30290623009204865,0.16604770440608263,0.8694707341492176,2.9808814078569412,3.760232225060463,24.344428658485413,14.191980004310608,0.8992447853088379,0.8020896911621094,0.877909779548645,0.7001566886901855,D08
LENO_016,LENO,2015,20.775056183338165,30.371016025543213,1.3674834966659546,7.088723659515381,0.03462777117965743,6.251863941550255,0.3126321891322732,0.1695962934754789,0.8208421505987644,2.810160294175148,3.51790314912796,28.899307370185852,14.876163601875305,,,,,D08
LENO_016,LENO,2016,21.071347653865814,30.572756052017212,1.370391845703125,7.364662021398544,0.03589118935633451,6.451281845569611,0.31256953813135624,0.17261866386979818,0.8374982364475727,2.866053596138954,3.584642492234707,29.023102402687073,13.578058540821075,,,,,D08
LENO_016,LENO,2017,21.695053935050964,31.003063678741455,1.3572949096560478,7.263265520334244,0.03294886516232509,6.4491680562496185,0.305475153028965,0.16560526005923748,0.8122364543378353,2.796206161379814,3.697915740311146,29.493262887001038,13.239312924444675,,,,,D08
LENO_016,LENO,2018,20.66401642560959,31.680058121681213,1.3908296078443527,7.658034533262253,0.03263448993675411,6.877402037382126,0.33986664935946465,0.18673308845609426,0.8796866983175278,3.10302372276783,3.4771443605422974,29.420721888542175,14.968946039676666,0.9251925945281982,0.6774242520332336,0.8991718888282776,0.622687041759491,D08
LENO_016,LENO,2019,22.3566792011261,31.632153153419495,1.3329045549035072,7.10946723818779,0.021623016335070133,6.502095580101013,0.2972338916733861,0.16257940279319882,0.8237488940358162,2.7897564470767975,3.9770766496658325,30.32177174091339,9.965878427028656,,,,,D08
LENO_016,LENO,2021,20.741588234901428,32.536242842674255,1.4594149589538574,8.835095673799515,0.0589608910959214,7.647260755300522,0.3741141725331545,0.206693553365767,0.8945255056023598,3.146602600812912,2.859207607805729,30.29913330078125,20.017531991004944,,,,,D08
LENO_016,LENO,2023,18.526984930038452,32.72337484359741,1.5546496510505676,9.123148530721664,0.07614591944729909,8.262670427560806,0.4584959037601948,0.25875068083405495,0.9056791886687279,3.0200966000556946,2.7582626417279243,29.812167286872864,28.986517697572708,0.8811145424842834,0.5460640788078308,0.8536376953125,0.5157010555267334,D08
LENO_016,LENO,2024,18.527890920639038,32.5038720369339,1.5765488147735596,8.950103610754013,0.08288011199329048,8.184774726629257,0.4739403873682022,0.26439704094082117,0.9006872698664665,3.0144204795360565,2.706277448683977,29.41569435596466,30.39881181716919,0.8672735095024109,0.6447327136993408,0.8347504138946533,0.5892753005027771,D08
LENO_021,LENO,2015,18.45301854610443,30.915915489196777,1.487584449350834,8.165340006351471,0.03652767476160079,7.579385340213776,0.43972417153418064,0.23933096323162317,0.8499762564897537,2.7333990782499313,3.2953658998012543,29.236667275428772,29.200739920139313,,,,,D08
LENO_021,LENO,2016,18.86271220445633,31.554062008857727,1.498743824660778,8.409463196992874,0.0430778082809411,7.825281500816345,0.44413679279386997,0.24037794768810272,0.8508269339799881,2.71636763215065,3.3806976601481438,29.757500529289246,29.20449322462082,,,,,D08
LENO_021,LENO,2017,19.672020196914673,31.692078232765198,1.4809548184275627,8.36650562286377,0.03817858037655242,7.690923362970352,0.4288939917460084,0.23059057351201773,0.8202372193336487,2.6311555057764053,3.499272994697094,29.94121813774109,28.589186996221542,,,,,D08
LENO_021,LENO,2018,18.727704226970673,32.34946656227112,1.529794380068779,8.689856171607971,0.04127488425001502,8.142006546258926,0.47752369847148657,0.2612475515343249,0.8888078220188618,2.933320254087448,3.1394099071621895,30.34884738922119,31.634635597467422,0.9228325486183168,0.6084518432617188,0.8959625363349915,0.5699661374092102,D08
LENO_021,LENO,2019,20.34736442565918,32.373538970947266,1.4942929446697235,8.920022666454315,0.04282774357125163,8.200453072786331,0.4375353632494807,0.2390842493623495,0.8469287604093552,2.7900596261024475,3.234569236636162,31.07260525226593,27.034224033355713,,,,,D08
LENO_021,LENO,2021,19.09350574016571,33.34493958950043,1.5972754508256912,9.688049376010895,0.08454131695907563,8.735570639371872,0.49210463650524616,0.2704071179032326,0.9038801267743111,3.0690083354711533,2.487474709749222,30.94273579120636,34.05371183156967,,,,,D08
LENO_021,LENO,2023,20.81320559978485,34.04246759414673,1.4796965196728706,9.136828154325485,0.03324490340310149,8.585713595151901,0.4353281818330288,0.24005584511905909,0.8927566967904568,3.0242857187986374,3.533652037382126,31.69079613685608,24.398579955101013,0.92012220621109,0.5748341083526611,0.8989534974098206,0.5438804030418396,D08
LENO_021,LENO,2024,21.580128490924835,34.2904007434845,1.453770011663437,8.971189886331558,0.026992316415999085,8.47306975722313,0.4168649520725012,0.22837502788752317,0.8834806680679321,3.051677644252777,3.5697567462921143,31.985504031181335,22.170039534568787,0.8880796432495117,0.7213260531425476,0.8487113118171692,0.6531401872634888,D08
LENO_017,LENO,2015,24.14532446861267,34.94413995742798,1.352267175912857,8.260829478502274,0.020703047586721368,7.675696045160294,0.31985915917903185,0.17490355018526316,0.8391464240849018,3.0294631123542786,3.920803487300873,33.415430426597595,8.74711311608553,,,,,D08
LENO_017,LENO,2016,23.705321431159973,34.9331032037735,1.3648536205291748,8.391081035137177,0.021893565797654446,7.79004579782486,0.331132123246789,0.18289014184847474,0.8546868115663528,3.020531803369522,4.218244358897209,33.52216029167175,9.820740468800068,,,,,D08
LENO_017,LENO,2017,24.034881234169006,35.161954164505005,1.3556947112083435,8.0115247964859,0.02709336014231667,7.282245874404907,0.31317624170333147,0.17045120242983103,0.7955301403999329,2.8033313155174255,3.7751063853502274,33.47849452495575,9.041408739984035,,,,,D08
LENO_017,LENO,2018,21.449557662010193,35.470988035202026,1.4142729863524437,8.580226719379425,0.029127363668521866,7.985919833183289,0.3727025669068098,0.2090324955061078,0.9047607220709324,3.1872518360614777,3.6375956684350967,32.620510935783386,13.787195056676865,0.8857070803642273,0.5857915878295898,0.8430883288383484,0.5544754862785339,D08
LENO_017,LENO,2019,22.32053029537201,35.56046462059021,1.4066201522946358,8.644353717565536,0.032678763527655974,7.951729774475098,0.360390093177557,0.19998634699732065,0.8621031939983368,3.02792127430439,3.5876421481370926,33.23636507987976,12.90692064166069,,,,,D08
LENO_017,LENO,2021,21.199767410755157,36.32439410686493,1.487495556473732,9.70168587565422,0.05440514849033207,8.708570659160614,0.4132214803248644,0.23174953740090132,0.9151413477957249,3.230594888329506,2.8743371069431305,33.047104477882385,20.607690274715424,,,,,D08
LENO_017,LENO,2023,21.05024641752243,36.34355294704437,1.4700372889637947,9.380624741315842,0.03700301924254745,8.777927964925766,0.4210529662668705,0.23676637653261423,0.9138263016939163,3.1517415791749954,3.3432997688651085,33.21571385860443,20.612317740917206,0.8796888589859009,0.5462512969970703,0.8519992828369141,0.5130833387374878,D08
LENO_017,LENO,2024,21.176990687847137,36.188334226608276,1.4757677465677261,9.245686143636703,0.03799740329850465,8.761514246463776,0.4278043005615473,0.23950046207755804,0.908713985234499,3.1185511648654938,3.613708019256592,33.16921031475067,21.30317309498787,0.8791993856430054,0.6891220211982727,0.8491736650466919,0.6230407953262329,D08
LENO_004,LENO,2015,15.714353561401367,30.248976349830627,1.5708038434386253,7.9460432678461075,0.05360763434146065,7.569762215018272,0.5084727574139833,0.27269609179347754,0.8455754965543747,2.6985982954502106,2.9560400024056435,27.281687557697296,38.31283676624298,,,,,D08
LENO_004,LENO,2016,16.173458337783813,30.514071941375732,1.5286797508597374,7.738450527191162,0.03299299488571705,7.468059957027435,0.4909673035144806,0.2632063254714012,0.8409773856401443,2.6540035605430603,3.5488740876317024,27.504482209682465,34.764324486255646,,,,,D08
LENO_004,LENO,2017,16.70430564880371,30.632139086723328,1.5006122067570686,7.6231430768966675,0.01691151913109934,7.4452448934316635,0.480731513351202,0.2561380621045828,0.8315779864788055,2.5899269059300423,3.7286690697073936,27.9450546503067,32.72235196828842,,,,,D08
LENO_004,LENO,2018,16.32945191860199,31.22298574447632,1.491014450788498,7.515246763825417,0.021838908505742438,7.278090864419937,0.4634084589779377,0.2521057678386569,0.8751821368932724,2.79498852789402,3.5514989644289017,27.79658806324005,32.83036354184151,0.9294798374176024,0.6405515074729919,0.902123749256134,0.5948861837387085,D08
LENO_004,LENO,2019,18.428698748350143,31.766578197479248,1.4326128587126732,7.477718144655228,0.009394350170623511,7.350082278251648,0.4208814259618521,0.22692739963531494,0.8283143416047096,2.609520085155964,4.730253174901009,28.86410355567932,25.411568999290466,,,,,D08
LENO_004,LENO,2021,17.343543469905853,32.192439675331116,1.4817409217357635,7.854138374328613,0.026518765924265608,7.499262690544128,0.4468457493931055,0.24518657755106688,0.879850223660469,2.8990279883146286,3.490169644355774,28.534135341644287,28.322742223739624,,,,,D08
LENO_004,LENO,2023,18.945833027362823,31.653409123420715,1.408244751393795,7.435424089431763,0.011485083785373718,7.207627862691879,0.3913050703704357,0.21403392776846886,0.8650401085615158,2.866995185613632,4.439458057284355,29.190165996551514,19.43201807141304,0.922562301158905,0.6304324865341187,0.9123857021331788,0.5788341164588928,D08
LENO_004,LENO,2024,19.488930225372314,31.969627857208252,1.3951142057776451,7.338530868291855,0.009273577059502713,7.143177509307861,0.38106353860348463,0.20812763320282102,0.8627725094556808,2.9018372893333435,4.643740952014923,29.36394476890564,18.276426404714584,0.8934952020645142,0.7128899693489075,0.8632417321205139,0.6451128125190735,D08
LENO_019,LENO,2015,22.15937864780426,32.166189789772034,1.336919754743576,6.956976056098938,0.03714418533490971,5.87580731511116,0.2732089078053832,0.15076553728431463,0.8228006213903427,2.879067152738571,3.4910970330238342,29.878582000732422,9.66911505162716,,,,,D08
LENO_019,LENO,2016,22.083195567131042,32.42077279090881,1.333839863538742,7.031237840652466,0.031139415659708902,6.100941866636276,0.27994400821626186,0.15357396565377712,0.8374837152659893,3.0048590004444122,3.5330879241228104,29.93905246257782,9.033410802483559,,,,,D08
LENO_019,LENO,2017,22.96551537513733,32.823654532432556,1.3386875987052917,7.293900370597839,0.04121259308885783,6.006963670253754,0.2664277646690607,0.14481044607236981,0.8252571523189545,2.97078774869442,3.1522167026996613,30.75386893749237,8.587059870362282,,,,,D08
LENO_019,LENO,2018,21.383495688438416,33.149518847465515,1.3926070407032967,7.851875454187393,0.044344476133119315,6.784301996231079,0.32307629473507404,0.1787178972736001,0.8863095715641975,3.2038245648145676,3.223292648792267,30.291720271110535,13.485702872276306,0.9176580905914308,0.6444727778434753,0.8892454504966736,0.6002088189125061,D08
LENO_019,LENO,2019,23.092876315116882,33.247886538505554,1.3377556949853897,7.315466552972794,0.03599489032058045,6.256892621517181,0.2767611490562558,0.1515107760205865,0.8369858898222446,3.0521581918001175,3.504668414592743,31.11272966861725,9.243514880537987,,,,,D08
LENO_019,LENO,2021,20.620753586292267,33.71977341175079,1.4859708920121193,9.179582387208939,0.07754732598550618,7.682398945093155,0.3753439746797085,0.20978659391403198,0.9161160513758659,3.2532868683338165,2.487372800707817,30.69405484199524,20.127596616744995,,,,,D08
LENO_019,LENO,2023,21.878039121627808,34.06926226615906,1.3724429160356522,7.891783893108368,0.025962794257793576,7.190854460000992,0.3304443899542093,0.18418636918067932,0.8978254683315754,3.2131479680538177,3.607360363006592,31.242607593536377,11.752752482891083,0.9002757668495178,0.5942491888999939,0.8709478378295898,0.5584831237792969,D08
LENO_019,LENO,2024,22.294023156166077,34.2633535861969,1.3774570524692535,8.065280467271805,0.03709332749713212,6.996348142623901,0.3158814022317529,0.17518355417996645,0.8916171975433826,3.2583856731653214,3.2360490411520004,31.3134902715683,11.514561831951141,0.9075673818588256,0.6837062835693359,0.8800230026245117,0.626940131187439,D08
UKFS_032,UKFS,2016,12.315367877483368,17.515278339385986,1.5129941999912262,5.260735139250755,0.1482124519534409,3.399183303117752,0.28432597126811743,0.1511484133079648,0.7929125055670738,2.3743965327739716,1.917767621576786,16.348570704460144,37.60181051492691,,,,,D06
UKFS_032,UKFS,2017,12.706898152828217,17.476607978343964,1.5065863728523254,5.209321990609169,0.15394129510968924,3.2311962470412254,0.26522535644471645,0.1375979194417596,0.7522433698177338,2.296661823987961,1.950636826455593,16.29768168926239,36.11255905032158,,,,,D06
UKFS_032,UKFS,2018,12.248987644910812,17.823604226112366,1.6287486255168915,5.640279531478882,0.20636420091614127,3.7941146045923233,0.322730659507215,0.17112198704853654,0.7838861607015133,2.3147107511758804,1.6610464043915272,16.610286235809326,43.43599593639374,,,,,D06
UKFS_032,UKFS,2019,10.836255371570587,18.22116231918335,1.5706315487623215,5.44482946395874,0.10289998631924391,4.588407933712006,0.4354519313201308,0.24048953596502542,0.893743485212326,2.582878977060318,1.7479197978973389,16.570345878601074,45.11049473285675,,,,,D06
UKFS_032,UKFS,2020,10.295058101415634,17.749959647655487,1.6146299317479134,5.271581202745438,0.12028573011048138,4.369706392288208,0.45742382388561964,0.2528622546233237,0.8817352429032326,2.532614305615425,1.736384805291891,16.332499980926514,50.61791080236435,,,,,D06
UKFS_032,UKFS,2022,10.109781205654144,18.04865074157715,1.6435374692082405,5.512583881616592,0.11846416140906513,4.6805862337350845,0.49305673874914646,0.27226931322366,0.8867576085031033,2.5029300898313522,1.600579883903265,16.47124671936035,51.577526807785034,0.9093802571296692,0.6608915328979492,0.9031987190246582,0.5939226150512695,D06
UKFS_032,UKFS,2023,9.884285181760788,18.112837314605713,1.662698857486248,5.4896717965602875,0.11795756267383695,4.749654829502106,0.5165303032845259,0.2844789493829012,0.8857857622206211,2.4726570546627045,1.540361788123846,16.399499356746674,52.93522357940674,0.881132960319519,0.6464210152626038,0.8654670119285583,0.5830500721931458,D06
UKFS_032,UKFS,2024,9.530115872621536,18.14381456375122,1.702132061123848,5.577959477901459,0.1271378672681749,4.910206124186516,0.5499659348279238,0.30286819115281105,0.8869702257215977,2.4519102573394775,1.4206198528409004,16.353044033050537,55.77220332622528,0.8921766877174377,0.5822417140007019,0.8706308603286743,0.5437875986099243,D06
UKFS_057,UKFS,2016,8.686635375022888,13.39443165063858,1.4270297810435295,3.3492822125554085,0.08542018430307508,2.5957831665873528,0.29899973701685667,0.16556375194340944,0.820765420794487,2.122565634548664,2.614839941263199,12.15607464313507,68.45598936080933,,,,,D06
UKFS_057,UKFS,2017,9.142162561416626,13.558859169483185,1.3898211121559143,3.249156415462494,0.07600257164449431,2.4653432220220566,0.269896162673831,0.1474590632133186,0.7879658304154873,2.082520581781864,2.680179141461849,12.400373458862305,64.2487074136734,,,,,D06
UKFS_057,UKFS,2018,9.12519657611847,13.86766654253006,1.4475165978074074,3.5981224924325943,0.10398959508165717,2.6225367709994316,0.28621833119541407,0.1570559674873948,0.8071004822850227,2.1403673887252808,2.3466552644968033,12.610359609127045,63.8640798330307,,,,,D06
UKFS_057,UKFS,2019,7.673436611890793,14.487821817398071,1.5383063480257988,3.7191629111766815,0.09524029190652072,3.153696686029434,0.41225254721939564,0.23493846226483583,0.9117154888808727,2.280166320502758,2.0450185388326645,12.364691436290741,75.61894607543945,,,,,D06
UKFS_057,UKFS,2020,8.111290723085403,14.364252388477325,1.4814644679427147,3.555576577782631,0.08641152526251972,2.883874237537384,0.35711327381432056,0.2021149294450879,0.8801144547760487,2.2821572348475456,2.2816573306918144,12.303187370300293,74.04408621788025,,,,,D06
UKFS_057,UKFS,2022,8.088605642318726,14.221862077713013,1.4964066222310066,3.607334554195404,0.09996462217532098,2.817413628101349,0.3505992665886879,0.19828407419845462,0.8720056153833866,2.2695182859897614,2.130908854305744,12.256238758563995,75.02241349220276,0.8567848205566406,0.5617112517356873,0.8287465572357178,0.5216474533081055,D06
UKFS_057,UKFS,2023,7.765982300043106,14.360851228237152,1.5142058357596397,3.598777085542679,0.09550935635343194,2.9354124069213867,0.3816454205662012,0.2169324615970254,0.8964148238301277,2.274385243654251,2.1112480610609055,12.266966164112091,77.01547360420227,0.8084997534751892,0.5107495784759521,0.7681735754013062,0.4788121283054352,D06
UKFS_057,UKFS,2024,7.897234737873077,14.277341723442078,1.5017670318484306,3.5335858315229416,0.09465761226601899,2.866537243127823,0.3698277659714222,0.21015809010714293,0.889077004045248,2.265452429652214,2.206545367836952,12.242617011070251,76.11232805252075,0.8432490825653076,0.5002599954605103,0.8060474991798401,0.4776420891284942,D06
UKFS_051,UKFS,2016,8.190876379609108,13.119812309741974,1.3585833683609962,2.5662135779857635,0.05334135258453898,2.1570816040039062,0.2770485859364271,0.15385649306699634,0.7855347245931625,1.8771942257881165,3.371570013463497,11.607704371213913,68.92902660369873,,,,,D06
UKFS_051,UKFS,2017,8.545097291469574,13.21638810634613,1.3309983685612679,2.417761415243149,0.04743625147966668,2.061165936291218,0.2591119110584259,0.14366701152175665,0.7686473838984966,1.8058592453598976,3.493967279791832,11.776555806398392,63.412546157836914,,,,,D06
UKFS_051,UKFS,2018,9.090642303228378,13.950024485588074,1.4580420851707458,3.385541155934334,0.130347904691007,2.209646947681904,0.2546328790485859,0.13970430614426732,0.7722752615809441,1.9455460086464882,2.2251449525356293,12.442821592092514,60.02866446971893,,,,,D06
UKFS_051,UKFS,2019,7.488552689552307,14.580145359039307,1.510633148252964,3.410668909549713,0.09097100864164531,2.8430177345871925,0.38705611787736416,0.21938391961157322,0.8853628300130367,2.2037633806467056,2.064900152385235,11.887376725673676,75.1399564743042,,,,,D06
UKFS_051,UKFS,2020,8.498243123292923,14.590287804603577,1.4140633270144463,3.0986454486846924,0.07309612410608679,2.439188875257969,0.29954002145677805,0.16799828596413136,0.8349173665046692,2.1971540078520775,2.608945921063423,12.220495879650116,65.4268217086792,,,,,D06
UKFS_051,UKFS,2022,9.198036551475525,15.297796905040741,1.4342743679881096,3.498006835579872,0.09377749380655587,2.5419813245534897,0.28370454628020525,0.1584846917539835,0.8267924413084984,2.2595828101038933,2.4090435951948166,12.867159336805344,60.52736449241638,0.8699358701705933,0.5078252553939819,0.8504283428192139,0.4789317846298218,D06
UKFS_051,UKFS,2023,9.088740408420563,15.418896794319153,1.4224671125411987,3.4413008838891983,0.07834607292897999,2.6574105098843575,0.30018887110054493,0.1685471860691905,0.8418764173984528,2.3040715008974075,2.5165159478783607,12.941246032714844,61.45775830745697,0.8276758790016174,0.4859929382801056,0.8012633919715881,0.4574878215789795,D06
UKFS_051,UKFS,2024,9.200488835573196,15.531267583370209,1.3905639499425888,3.27615225315094,0.06038115359842777,2.6269331350922585,0.29214729089289904,0.16353318840265274,0.8330476209521294,2.2917053550481796,2.774344816803932,12.990361750125885,59.971025347709656,0.8432711958885193,0.4841852188110351,0.803986132144928,0.4641232490539551,D06
UKFS_047,UKFS,2016,13.472083508968353,17.965137779712677,1.3911054655909538,4.8544579446315765,0.07812951598316431,3.46484375,0.25824567023664713,0.1337975519709289,0.7893227599561214,2.460361674427986,2.5182787403464317,17.17098557949066,23.650843739509583,,,,,D06
UKFS_047,UKFS,2017,14.056962966918945,18.122425258159637,1.3504716157913208,4.5931074023246765,0.06439178623259068,3.2427894324064255,0.2322475928813219,0.11559875635430217,0.737813800573349,2.3159268498420715,2.6819957718253136,17.354246616363525,18.339683532714844,,,,,D06
UKFS_047,UKFS,2018,13.87752366065979,18.2703498005867,1.3776750937104225,4.822696998715401,0.07229480531532317,3.5259877294301987,0.254886819049716,0.13055170653387904,0.7705808766186237,2.4232105910778046,2.7410661578178406,17.488131165504456,21.635864794254303,,,,,D06
UKFS_047,UKFS,2019,12.396450161933899,19.225433588027954,1.489711582660675,5.591170281171799,0.07991599442902952,4.6357695907354355,0.377945926040411,0.20315657649189234,0.8842187002301216,2.678841322660446,1.9819146618247032,17.71775448322296,31.511133909225464,,,,,D06
UKFS_047,UKFS,2020,13.125441551208496,18.867106080055237,1.369656004011631,4.596677675843239,0.04839605250163004,3.7997756004333496,0.2908915178850293,0.15490464540198445,0.8387959003448486,2.6389243602752686,2.9147767946124077,17.49763596057892,23.70605731010437,,,,,D06
UKFS_047,UKFS,2022,13.21873527765274,18.8926522731781,1.3949632346630096,4.918951481580734,0.056091068021487445,4.017075315117836,0.30532436165958643,0.16234751138836145,0.8476361483335495,2.636006698012352,2.6752936765551567,17.71091091632843,24.47919112443924,0.9228846430778505,0.7109640836715698,0.9127535820007324,0.6394599676132202,D06
UKFS_047,UKFS,2023,12.989912331104279,19.0806245803833,1.4268489181995392,5.19564463198185,0.06596938101574779,4.2281454205513,0.32596711069345474,0.17379184532910585,0.8564093299210072,2.6448749899864197,2.3634462729096413,17.740704715251923,26.74635636806488,0.8765705823898315,0.6601063013076782,0.8504509329795837,0.5985599756240845,D06
UKFS_047,UKFS,2024,13.276375532150269,19.146862864494324,1.3939592018723488,4.946945503354073,0.05465283611556515,4.0545917600393295,0.30672015715390444,0.16275239549577236,0.8518549054861069,2.6490272283554077,2.576800584793091,17.816859006881714,23.75584703683853,0.8980046510696411,0.6503872275352478,0.8692854046821594,0.6019700765609741,D06
UKFS_055,UKFS,2016,9.412750631570816,16.49253559112549,1.5343955606222153,4.410890743136406,0.08932340249884874,3.752995327115059,0.4191918931901455,0.23312125634402037,0.870648954063654,2.3156283795833588,1.8811475932598114,14.771150141954422,56.38230264186859,,,,,D06
UKFS_055,UKFS,2017,9.960177153348923,16.231832683086395,1.4725578650832176,4.2350320518016815,0.07650840352289379,3.508368209004402,0.3664777986705303,0.20216563437134027,0.8591045662760735,2.293276824057102,2.178540587425232,14.668140411376953,52.33562684059143,,,,,D06
UKFS_055,UKFS,2018,10.125815749168396,16.777630925178528,1.4925995245575905,4.46240521967411,0.08629754756111652,3.609186142683029,0.37115422915667295,0.20526152988895774,0.8593467511236668,2.3501171469688416,2.0680094733834267,15.084363877773285,50.98330318927765,,,,,D06
UKFS_055,UKFS,2019,9.026381224393845,17.869106829166412,1.599061518907547,4.835472270846367,0.09298501280136406,4.308614209294319,0.48806156031787395,0.27653984259814024,0.9299308769404888,2.526085704565048,1.671178750693798,15.246968388557434,59.314223408699036,,,,,D06
UKFS_055,UKFS,2020,9.709456235170364,17.660288751125336,1.5122006833553314,4.520419508218765,0.06813127401983365,4.039237439632416,0.42562952265143394,0.2389100193977356,0.9083704277873039,2.4914348497986794,2.150578610599041,15.36018282175064,53.64265310764313,,,,,D06
UKFS_055,UKFS,2022,9.465752869844437,17.743640065193176,1.5352508425712585,4.759084194898605,0.05411260493565351,4.398685917258263,0.4690783638507128,0.26424685679376125,0.9161481261253357,2.466189466416836,2.0791600048542023,15.5639528632164,54.93595778942108,0.9224182367324828,0.7030500173568726,0.9093456268310548,0.6347307562828064,D06
UKFS_055,UKFS,2023,8.85294857621193,17.56995141506195,1.5953954756259918,4.775848627090454,0.07976186741143465,4.381301566958427,0.5015360414981842,0.2841641642153263,0.922144241631031,2.4637020975351334,1.8311478644609451,15.119023978710175,59.80174398422241,0.8815133571624756,0.6456040143966675,0.8601516485214233,0.5878252983093262,D06
UKFS_055,UKFS,2024,9.145925223827362,17.903419137001038,1.5787233039736748,4.8023961037397385,0.0708703869022429,4.432141229510307,0.49486318975687027,0.2798691438511014,0.9176993370056152,2.4346291571855545,2.0219545513391495,15.56837797164917,57.74811553955078,0.902478039264679,0.6364040374755859,0.878854513168335,0.5894421339035034,D06
UKFS_058,UKFS,2016,11.76645016670227,17.076880514621735,1.3918649479746819,4.289859548211098,0.06043183704605326,3.4211858808994293,0.2941848011687398,0.15774156572297215,0.8264458328485489,2.418285697698593,2.605991877615452,15.888380765914917,31.44579130411148,,,,,D06
UKFS_058,UKFS,2017,12.416640222072601,17.200118482112885,1.3216954991221428,3.7965810298919678,0.040834479601471685,3.037364572286606,0.24570566508919,0.13004924030974507,0.782465498894453,2.3562991842627525,3.0831654369831085,16.169206976890564,23.77859379351139,,,,,D06
UKFS_058,UKFS,2018,12.187886714935303,17.29951548576355,1.3902273923158646,4.404160484671593,0.06778270151698962,3.385678321123123,0.2788811158388853,0.14832784049212933,0.8177512399852276,2.4400492906570435,2.5278065875172615,16.224279046058655,28.611092031002045,,,,,D06
UKFS_058,UKFS,2019,10.968604862689972,18.001472771167755,1.486273042857647,4.923140853643417,0.07706338504794985,4.1256067007780075,0.37897377274930477,0.2088377783074975,0.903723668307066,2.6138271391391754,2.070350468158722,16.265084862709045,39.941139221191406,,,,,D06
UKFS_058,UKFS,2020,11.6741224527359,17.714438259601593,1.391631469130516,4.330640509724617,0.0518426897469908,3.5681468695402145,0.30767489317804575,0.16725862957537174,0.866714958101511,2.572478771209717,2.631157174706459,16.226361751556396,32.38648760318756,,,,,D06
UKFS_058,UKFS,2022,11.614496231079102,18.689847946166992,1.449219934642315,4.856448382139206,0.07025769911706448,3.9953700453042984,0.3449565377086401,0.1888448940590024,0.8789570182561874,2.603272870182991,2.3347115963697433,16.540208101272583,34.85011661052704,0.9050138592720032,0.7138674259185791,0.8913208842277527,0.6362369060516357,D06
UKFS_058,UKFS,2023,11.402769207954407,18.10219895839691,1.4653134942054749,4.911613494157791,0.07350477855652571,4.05275596678257,0.35847197845578194,0.19724241644144058,0.8921785205602646,2.61128006875515,2.239577643573284,16.500961005687714,36.14667236804962,0.8668501377105713,0.6686158776283264,0.8373656272888184,0.6025577783584595,D06
UKFS_058,UKFS,2024,11.645328402519226,18.47180700302124,1.4534954577684402,4.923639893531799,0.06706318142823875,4.097456708550453,0.35386283695697784,0.19394373893737793,0.8867696300148964,2.625815212726593,2.331502251327038,16.68719106912613,34.24772369861603,0.8967664241790771,0.6213517189025879,0.8704730272293091,0.5791833400726318,D06
UKFS_060,UKFS,2016,12.608458995819092,18.463185667991638,1.3823856487870216,4.428387805819511,0.05888586427317932,3.485655978322029,0.28527805395424366,0.15612481022253633,0.8126567378640175,2.4707846492528915,2.8702937215566635,17.12569147348404,29.739373236894608,,,,,D06
UKFS_060,UKFS,2017,12.822079956531525,18.665144681930542,1.3620763197541237,4.186381429433823,0.060807893285527825,3.2547872737050056,0.2626408217474818,0.14220140455290675,0.7905973307788372,2.440691575407982,2.9840687662363052,16.97114360332489,26.83635064959526,,,,,D06
UKFS_060,UKFS,2018,12.443750202655792,18.619017720222473,1.4002792686223984,4.572868466377258,0.06283287645783275,3.6333829313516617,0.30019099172204733,0.16374272014945745,0.8207159526646137,2.4773760437965393,2.706666126847267,17.078317880630493,31.194080233573914,,,,,D06
UKFS_060,UKFS,2019,11.235400468111038,19.416730165481567,1.5198258757591248,5.347403645515442,0.07622433913638815,4.667352110147476,0.4211537726223469,0.23407462611794472,0.9163352884352207,2.699618175625801,1.972024716436863,17.185217320919037,39.81603276729584,,,,,D06
UKFS_060,UKFS,2020,11.700573086738586,19.124651074409485,1.4449009001255035,4.702190980315208,0.062160965986549854,3.987488090991974,0.35626158490777016,0.1974791567772627,0.8821055926382542,2.6515870094299316,2.524134583771229,17.034885108470917,35.45349633693695,,,,,D06
UKFS_060,UKFS,2022,11.483348608016968,18.79712003469467,1.468005932867527,4.895230188965797,0.06807512335944921,4.159475937485695,0.37328437715768814,0.20661810226738453,0.8932142294943333,2.6238759607076645,2.3556082397699356,16.910987198352814,37.58957952260971,0.905540943145752,0.6653286814689636,0.8911928534507751,0.6043704748153687,D06
UKFS_060,UKFS,2023,11.055453091859818,18.748749554157257,1.526682011783123,5.1869712471961975,0.08817367115989327,4.37062780559063,0.4101916002109647,0.2289286395534873,0.91208516061306,2.6429490745067596,2.023081660270691,16.856576800346375,41.954821825027466,0.8680578470230103,0.6141931414604187,0.8447210192680359,0.5631935596466064,D06
UKFS_060,UKFS,2024,11.090565741062164,18.835524439811707,1.51239313185215,5.148361474275589,0.0772687466815114,4.39441841840744,0.40891418140381575,0.22856612037867308,0.9132502600550652,2.6367280185222626,2.1143744066357613,16.89708298444748,41.5706170797348,0.8984682559967041,0.6158629059791565,0.8741641640663147,0.5743007659912109,D06
UKFS_056,UKFS,2016,15.71517550945282,21.841371774673462,1.4423817619681358,5.993815526366234,0.08932888327399269,4.587077796459198,0.30509334802627563,0.1641817344352603,0.7975770607590675,2.5135708451271057,2.6525075286626816,20.953010320663452,22.694268196821213,,,,,D06
UKFS_056,UKFS,2017,16.064174234867096,21.74604892730713,1.4023822471499443,5.623157739639282,0.07436793809756637,4.306160777807236,0.2806341899558902,0.15004029776901007,0.7572102062404156,2.3550097346305847,2.8219155818223953,20.981499075889587,19.936618715524673,,,,,D06
UKFS_056,UKFS,2018,15.901978552341461,22.07832133769989,1.4287969395518303,5.871493488550186,0.08251637953799218,4.574053451418877,0.302266045473516,0.16266002343036234,0.7859226725995541,2.536922737956047,2.62315820902586,21.167197227478027,22.190112620592117,,,,,D06
UKFS_056,UKFS,2019,14.5463507771492,23.03216290473938,1.5270385593175888,6.679160177707672,0.10173511586617678,5.458854496479034,0.3874242324382067,0.20909767039120197,0.8791527599096298,2.8175110816955566,1.9447297751903534,21.120179653167725,28.371182024478912,,,,,D06
UKFS_056,UKFS,2020,15.162608802318573,22.539783120155334,1.421014666557312,5.722442373633385,0.056303076329641044,4.914001703262329,0.3392800157889724,0.18285039346665144,0.8547568544745445,2.750140592455864,2.781187526881695,21.033763766288757,22.653093576431274,,,,,D06
UKFS_056,UKFS,2022,14.316684901714325,22.574761867523193,1.4828580394387245,6.194440543651581,0.0791093113948591,5.166162729263306,0.37091052159667015,0.2040854264050722,0.8791982121765614,2.7608909755945206,2.4452882409095764,20.972071409225464,29.380891859531403,0.9013671278953552,0.6336411237716675,0.8941925764083862,0.5740856528282166,D06
UKFS_056,UKFS,2023,14.264665246009827,22.728927850723267,1.5035481601953506,6.2736828327178955,0.08500619884580374,5.247484236955643,0.38591012451797724,0.21127864811569452,0.8789074718952179,2.7824615091085434,2.233237773180008,20.96841013431549,29.497818887233734,0.8732370138168335,0.6055376529693604,0.8552999496459961,0.5529053211212158,D06
UKFS_056,UKFS,2024,14.558537364006042,22.768726110458374,1.452430821955204,5.991251111030579,0.06213710174779408,5.121607720851898,0.363382906652987,0.1975338920019567,0.872394323348999,2.7733452171087265,2.496401898562908,21.09220027923584,25.963140666484833,0.8920451402664185,0.5918769240379333,0.8708018064498901,0.5516181588172913,D06
UKFS_054,UKFS,2016,13.456584930419922,19.505667090415955,1.40665802359581,4.914628133177757,0.07636457600165159,3.8765644133090973,0.2899181339889765,0.15835799043998122,0.8218783363699913,2.5255335867404938,2.7076307237148285,18.15227597951889,24.314843237400055,,,,,D06
UKFS_054,UKFS,2017,14.496910154819489,19.867764830589294,1.3629776760935783,4.652166694402695,0.07101404550485313,3.5129388570785522,0.24856555555015802,0.13128503318876028,0.7631752267479897,2.3883727937936783,2.8677040338516235,18.531451761722565,18.569747671484947,,,,,D06
UKFS_054,UKFS,2018,13.816210389137268,19.794049859046936,1.4100623950362206,4.958124220371246,0.08107714378274977,3.7694248110055923,0.28209673427045345,0.15049628308042884,0.7860048674046993,2.4431680887937546,2.52789718657732,18.455109775066376,22.445501655340195,,,,,D06
UKFS_054,UKFS,2019,12.715505242347717,20.714510321617126,1.4832108095288277,5.637428432703018,0.08318313211202621,4.660072490572929,0.3664781879633665,0.2002116795629263,0.8947324454784393,2.740766257047653,2.102016180753708,18.416212499141693,30.590474843978882,,,,,D06
UKFS_054,UKFS,2020,13.693637073040009,20.473068833351135,1.3635599538683891,4.701364740729332,0.04815185163170099,3.8736988306045532,0.284194890409708,0.15517538785934448,0.8488808460533619,2.6942536532878876,2.9740134179592133,18.4750314950943,21.02994877099991,,,,,D06
UKFS_054,UKFS,2022,13.545293092727661,20.80617117881775,1.4351246356964111,5.377239719033241,0.07322777318768203,4.332794889807701,0.3244702657684684,0.1786139067262411,0.8725299388170242,2.7088700979948044,2.5314721390604973,18.854089379310608,26.743447184562683,0.8906155824661255,0.6673747897148132,0.8725003004074097,0.6028239130973816,D06
UKFS_054,UKFS,2023,13.440348505973816,20.792797446250916,1.464319884777069,5.667147278785706,0.08990393741987646,4.415706887841225,0.33058081567287445,0.18115221383050084,0.8810301497578621,2.749733626842499,2.242374964058399,18.805324912071228,28.158607184886932,0.8602206707000732,0.6263625621795654,0.830327570438385,0.572359025478363,D06
UKFS_054,UKFS,2024,13.897835552692413,20.866198778152466,1.4043361619114876,5.235314756631851,0.06211357400752604,4.195047125220299,0.3049049125984311,0.16617286391556263,0.8631802089512348,2.7442017942667007,2.5875176191329956,18.981894493103027,23.20758628845215,0.9058022499084472,0.6262404918670654,0.8833379745483398,0.5833531022071838,D06
UKFS_050,UKFS,2016,11.554996818304062,15.64847707748413,1.437232457101345,4.505039289593697,0.10136234597302973,3.142195701599121,0.2763215657323599,0.13842706102877855,0.7322961464524269,2.1620827987790108,2.1585495322942734,14.622064411640167,30.27444726228714,,,,,D06
UKFS_050,UKFS,2017,11.88135451078415,15.725045382976532,1.4464915245771408,4.634334743022919,0.11539681255817413,3.0081316009163857,0.25770715810358524,0.12662308802828193,0.7082121856510639,2.080977253615856,2.0542342141270638,14.721129715442657,27.929888427257538,,,,,D06
UKFS_050,UKFS,2018,11.782936334609985,15.926649034023285,1.49112056940794,5.004821673035622,0.12791220494545996,3.327724151313305,0.28931310772895813,0.14673441601917148,0.7430815137922764,2.1639469265937805,1.8773147612810135,15.036844849586487,31.888767957687378,,,,,D06
UKFS_050,UKFS,2019,10.17835658788681,17.285976350307465,1.5406545922160149,5.121074706315994,0.07098224433138967,4.542210564017296,0.4480803683400154,0.24817813467234373,0.9104160331189632,2.5552070885896683,1.8972136750817299,15.61645382642746,43.30747854709625,,,,,D06
UKFS_050,UKFS,2020,9.276315957307816,16.55783200263977,1.635182961821556,5.139093458652496,0.12177772424183786,4.416990578174591,0.48497630283236504,0.27246679924428463,0.9209353141486645,2.5120934396982193,1.582496039569378,15.03249979019165,54.66614520549774,,,,,D06
UKFS_050,UKFS,2022,8.823345690965652,16.48553454875946,1.662637785077095,5.01870733499527,0.12345617183018476,4.395589515566826,0.513609517365694,0.28950930666178465,0.9262318685650826,2.4317067116498947,1.644926279783249,14.989717602729797,58.69124984741211,0.8739604949951172,0.5962069034576416,0.8574671149253845,0.5460295081138611,D06
UKFS_050,UKFS,2023,8.17519024014473,16.75829017162323,1.6808508411049843,4.9415304362773895,0.08603453438263386,4.5885592848062515,0.5845886096358299,0.3285345686599612,0.9268082194030285,2.393791615962982,1.6227167844772339,14.980818748474121,61.749361634254456,0.8594646453857422,0.5849879384040833,0.8407328724861145,0.536785900592804,D06
UKFS_050,UKFS,2024,7.841642260551453,16.6202654838562,1.6933593451976776,4.758456662297249,0.0983456305693835,4.394391417503357,0.5830911155790091,0.3247530544176698,0.913172859698534,2.319675773382187,1.6006354875862598,14.601161003112793,66.4806536436081,0.8738033175468445,0.5969847440719604,0.8450257182121277,0.5543972253799438,D06
UKFS_046,UKFS,2016,16.159151315689087,21.634976148605347,1.404689982533455,5.977928668260574,0.07575044175609946,4.515891760587692,0.28087564185261726,0.14370678085833788,0.777067594230175,2.6191478818655014,2.593724362552166,20.609808087348938,19.826370060443878,,,,,D06
UKFS_046,UKFS,2017,16.959561109542847,21.818756222724915,1.369459979236126,5.732106029987335,0.06559494725661352,4.352839425206184,0.258588301949203,0.12379322154447436,0.7230247594416142,2.4796514064073563,2.7100535929203033,20.879762053489685,15.789200007915497,,,,,D06
UKFS_046,UKFS,2018,16.944415867328644,21.978304624557495,1.3518483862280846,5.570280909538269,0.0548685803078115,4.327838271856308,0.2567893974483013,0.12533392384648323,0.73680255189538,2.5953463166952133,2.921875551342964,20.93300759792328,15.157771855592728,,,,,D06
UKFS_046,UKFS,2019,15.500029444694519,22.57309067249298,1.4691432565450668,6.678230434656143,0.08067890512757003,5.406165510416031,0.35149588994681835,0.18172033317387104,0.8497635461390018,2.83039927482605,2.0785140469670296,20.98527193069458,22.366677045822144,,,,,D06
UKFS_046,UKFS,2020,16.387262105941772,22.566784262657166,1.3745467588305473,5.835366636514664,0.04535965155810118,4.910133644938469,0.30090972781181335,0.15218386566266418,0.8176018670201302,2.819623649120331,2.642461307346821,21.207002878189087,16.158854007720947,,,,,D06
UKFS_046,UKFS,2022,15.524393141269684,22.62936294078827,1.435403272509575,6.321792721748352,0.05824190645944327,5.426941424608231,0.35149865224957466,0.1868796432390809,0.8573499098420143,2.823192775249481,2.510312959551811,21.256529569625854,22.438012957572937,0.8836736679077148,0.6466125249862671,0.8591493964195251,0.5908567905426025,D06
UKFS_046,UKFS,2023,15.273761928081512,22.874402284622192,1.480007752776146,6.679618746042252,0.07958686060737818,5.574769675731659,0.3680644612759352,0.19584109028801322,0.8607732988893986,2.8409865647554398,2.174875922501087,21.250545859336853,24.45232915878296,0.8461041450500488,0.5875787734985352,0.8163278102874756,0.5406978726387024,D06
UKFS_046,UKFS,2024,16.319228947162628,22.7468683719635,1.3984684646129608,6.1131323873996735,0.05556412320584059,5.069179266691208,0.3111711796373129,0.16109502827748656,0.834789227694273,2.8230078667402267,2.629020966589451,21.44616985321045,17.706229031085968,0.877058207988739,0.6344282031059265,0.8503644466400146,0.5824177861213684,D06
UKFS_045,UKFS,2016,13.105755686759949,18.47822606563568,1.4621507599949837,5.3304539024829865,0.10621292889118195,3.8629741072654724,0.29960344545543194,0.15807302808389068,0.7946328893303871,2.4835042655467987,2.2769464924931526,17.43023431301117,29.73602283000946,,,,,D06
UKFS_045,UKFS,2017,13.865736782550812,18.66218876838684,1.4032448008656502,4.999953746795654,0.0866905654547736,3.568892188370228,0.2614743234589696,0.1326155778951943,0.7399619333446026,2.3445189595222473,2.525192052125931,17.690338850021362,23.63684058189392,,,,,D06
UKFS_045,UKFS,2018,13.861436665058136,18.785917162895203,1.4313872382044792,5.321893393993378,0.09508105565328151,3.780519798398018,0.27910894714295864,0.1432112380862236,0.7629270553588867,2.447086200118065,2.308211050927639,17.871695280075073,26.24115315079689,,,,,D06
UKFS_045,UKFS,2019,12.338744699954987,19.3310689330101,1.496335744857788,5.429314494132996,0.08613390265963972,4.536591187119484,0.378315731883049,0.20490310480818152,0.8783647902309895,2.682961106300354,2.106605850160122,17.68765938282013,33.09515368938446,,,,,D06
UKFS_045,UKFS,2020,12.598355650901794,19.100812554359436,1.4786628186702728,5.323947548866272,0.09026472945697606,4.2936305701732635,0.35053602512925863,0.1886366563849151,0.8585123121738434,2.629649206995964,2.216291844844818,17.605667114257812,33.093059062957764,,,,,D06
UKFS_045,UKFS,2022,12.40240216255188,19.289810955524445,1.5119018852710724,5.593384459614754,0.09665767732076347,4.572244688868523,0.37943064980208874,0.20481552556157112,0.8644629307091236,2.623246043920517,2.0553326457738876,17.724660277366638,36.19192433357239,0.9027037620544434,0.6776593923568726,0.8930471539497375,0.6053367853164673,D06
UKFS_045,UKFS,2023,12.289493650197983,19.43408477306366,1.5156463384628296,5.562432304024696,0.09417513990774751,4.61954602599144,0.38794824481010437,0.2098862766288221,0.8737790994346142,2.6392207890748978,2.026927925646305,17.70918756723404,36.01545983552933,0.8787374496459961,0.6405066251754761,0.8690634369850159,0.5737144351005554,D06
UKFS_045,UKFS,2024,12.355133056640625,19.569576621055603,1.5002445802092552,5.486229851841927,0.08132369222585112,4.62415412068367,0.3888283772394061,0.21111142402514815,0.8744585774838924,2.6550616025924683,2.1367911100387573,17.83166128396988,35.27444964647293,0.910189926624298,0.6115164756774902,0.8992341160774231,0.5654408931732178,D06
UKFS_043,UKFS,2016,15.244069755077362,20.852823853492737,1.4151410982012749,5.6930104196071625,0.08327051386004314,4.212858289480209,0.281393988057971,0.14417189918458462,0.7875362299382687,2.5447640866041183,2.3782574981451035,19.713579297065735,19.430837780237198,,,,,D06
UKFS_043,UKFS,2017,15.378458738327026,20.707149386405945,1.389963261783123,5.306848108768463,0.07449796897708438,4.075571686029434,0.27280022390186787,0.13907276280224323,0.757909219712019,2.4331905394792557,2.6448474898934364,19.61917531490326,18.187509804964066,,,,,D06
UKFS_043,UKFS,2018,15.546353995800018,21.19416332244873,1.3720577508211136,5.351945072412491,0.056231245514936745,4.201613411307335,0.27722183242440224,0.14163549477234483,0.786616712808609,2.588679224252701,2.6515160501003265,20.08246624469757,17.02304920554161,,,,,D06
UKFS_043,UKFS,2019,13.771030008792877,22.11017107963562,1.5308127477765083,6.629304468631744,0.08397799590602517,5.6604878306388855,0.4198948070406914,0.22319086361676455,0.8759054616093636,2.774206206202507,1.8058320432901382,20.029089331626892,28.47102451324463,,,,,D06
UKFS_043,UKFS,2020,14.553209483623505,22.128124833106995,1.4348477125167847,5.922396212816238,0.03897509723901749,5.341020792722702,0.37928012385964394,0.19982847291976213,0.8610458262264729,2.763288736343384,2.4094286039471626,20.478169322013855,22.99563592672348,,,,,D06
UKFS_043,UKFS,2022,14.459927499294281,22.545244932174683,1.44515211135149,6.086650371551514,0.03450082114068209,5.606365203857422,0.3974280636757612,0.21273276396095753,0.8757382519543171,2.7642000168561935,2.5742551386356354,20.76864492893219,25.18898355960846,0.920547366142273,0.6509432196617126,0.9127471446990968,0.5952016115188599,D06
UKFS_043,UKFS,2023,13.947865962982178,22.52509593963623,1.5197643414139748,6.601208209991455,0.06660919927526265,5.88825798034668,0.4339255429804325,0.2347098607569933,0.8926198817789555,2.812838912010193,2.097587116062641,20.684813380241394,30.902698636054993,0.8890174627304077,0.585306704044342,0.874976396560669,0.5423136949539185,D06
UKFS_043,UKFS,2024,14.435064613819122,22.509416818618774,1.443802684545517,6.045346230268478,0.031073986261617392,5.6268161833286285,0.4014761671423912,0.21496723871678114,0.8806149065494537,2.788484588265419,2.6003772020339966,20.852805018424988,24.95364272594452,0.8868511915206909,0.604152500629425,0.867345929145813,0.5576133728027344,D06
UKFS_052,UKFS,2016,16.738724291324615,21.674355506896973,1.414360672235489,6.250512778759003,0.09207337792031467,4.318793296813965,0.26038836035877466,0.12725153472274542,0.7488958388566971,2.565894737839699,2.351084180176258,20.781614065170288,18.627615094184875,,,,,D06
UKFS_052,UKFS,2017,17.270687103271484,21.75257396697998,1.3771824836730957,5.924115985631943,0.07176806998904794,4.249104201793671,0.2511881208047271,0.11742145102471113,0.6974272429943085,2.3864063397049904,2.4602775275707245,20.94935441017151,16.02810314297676,,,,,D06
UKFS_052,UKFS,2018,16.742994844913483,21.892410159111023,1.4587607011198997,6.690626531839371,0.11134615167975426,4.658382371068001,0.2831073207780719,0.1394607345573604,0.7479888238012791,2.548763632774353,2.167750835418701,20.98733079433441,21.875454902648926,,,,,D06
UKFS_052,UKFS,2019,14.76950478553772,22.807855129241943,1.547749400138855,7.222880035638809,0.09836967661976814,6.095655232667923,0.4189348816871643,0.221178213134408,0.8733423389494419,2.815576732158661,1.809162251651287,21.148395657539368,28.917479991912842,,,,,D06
UKFS_052,UKFS,2020,14.515754699707031,22.513729333877563,1.528997227549553,6.7897549867630005,0.0789483078988269,6.022252976894379,0.4287901418283582,0.23085521114990115,0.8795181699097157,2.8289744406938553,2.0505955778062344,21.11643922328949,29.165032148361206,,,,,D06
UKFS_052,UKFS,2022,13.767727792263031,22.526970624923706,1.5532669872045517,6.862028390169144,0.0699288098840043,6.287949204444885,0.468204602599144,0.2575806798413396,0.9068070240318775,2.8507952094078064,2.0334425307810307,20.979666352272034,32.48604470491409,0.8537548184394836,0.5137515068054199,0.8325124382972717,0.4836873114109039,D06
UKFS_052,UKFS,2023,13.663931727409363,22.454769492149353,1.564857892692089,6.890538513660431,0.07851723011117429,6.254629880189896,0.4690165501087904,0.25836546532809734,0.9128099642693996,2.8497802019119263,1.9562508687376976,20.990068435668945,32.845786571502686,0.8533316254615784,0.5225870013237,0.8335786461830139,0.4902923107147217,D06
UKFS_052,UKFS,2024,13.50373113155365,22.75796103477478,1.5558874607086182,6.686815470457077,0.05677053180988878,6.235707402229309,0.48787264339625835,0.2688138969242573,0.89891242608428,2.8460483700037003,2.064188487827778,21.04986870288849,32.63273388147354,0.8653514385223389,0.5621660351753235,0.8402441143989563,0.5233368277549744,D06
UKFS_059,UKFS,2016,16.449153542518616,22.0199453830719,1.3595262840390205,5.200375854969025,0.056577345822006464,4.208110183477402,0.2707431511953473,0.13631130941212177,0.7354803197085857,2.478803649544716,2.9711238741874695,20.919485569000244,16.049156978726387,,,,,D06
UKFS_059,UKFS,2017,17.29792094230652,22.359208822250366,1.3210229203104973,4.9810425490140915,0.027467258682008833,4.278272479772568,0.2718242332339287,0.12975844251923263,0.6825736593455076,2.2975921854376793,2.8416134007275105,21.357611656188965,11.693173192441463,,,,,D06
UKFS_059,UKFS,2018,16.619141221046448,22.043205499649048,1.369520254433155,5.4425123780965805,0.051718802300456446,4.422049507498741,0.28633877635002136,0.14260289375670254,0.7264358103275299,2.505848065018654,2.872996598482132,20.938593983650208,16.864555180072784,,,,,D06
UKFS_059,UKFS,2019,14.529548197984695,23.171753764152527,1.5594942420721054,7.185918301343918,0.0855689540039748,6.158621549606323,0.4475578349083662,0.2381639089435339,0.8742904402315617,2.8111329674720764,1.8105083927512169,21.343549847602844,30.22461211681366,,,,,D06
UKFS_059,UKFS,2020,16.039456605911255,22.9956111907959,1.3847943171858788,5.577751845121384,0.03405313944676891,4.8835999220609665,0.3301404109224677,0.1711654639802873,0.8193328380584717,2.75770203769207,2.8515340387821198,21.32272958755493,19.724888116121292,,,,,D06
UKFS_059,UKFS,2022,15.634550750255585,23.35039532184601,1.4521870613098145,6.473908483982086,0.051767149299848825,5.626606523990631,0.37787137646228075,0.19960724003612995,0.8505285121500492,2.7920331954956055,2.4740227833390236,21.64271169900894,25.054466038942337,0.9149082899093628,0.674182116985321,0.9032983779907228,0.6113301515579224,D06
UKFS_059,UKFS,2023,15.254561364650726,23.312072277069092,1.518984079360962,7.029376834630966,0.07810756179969758,5.939574629068375,0.4120580144226551,0.21777661656960845,0.8551207631826401,2.7537520974874496,2.046191893517971,21.577077627182007,28.70987817645073,0.8644511103630066,0.6215382814407349,0.8354271054267883,0.5684249401092529,D06
UKFS_059,UKFS,2024,15.969588279724121,23.360146522521973,1.4167857691645622,6.102307826280594,0.0442788684158586,5.279900461435318,0.3492695549502969,0.18357367953285575,0.8445073701441288,2.783053442835808,2.6861436143517494,21.685497760772705,22.073463708162308,0.9014535546302797,0.6155596971511841,0.8763538599014282,0.5747689008712769,D06
UKFS_048,UKFS,2016,14.192943692207336,20.50970447063446,1.397949106991291,5.19624488055706,0.07448033499531448,4.084247499704361,0.2847779132425785,0.15290621249005198,0.7897300869226456,2.4061010405421257,2.8211813792586327,19.413662135601044,22.49436628818512,,,,,D06
UKFS_048,UKFS,2017,15.223886132240295,20.822439312934875,1.3317380398511887,4.755459122359753,0.053115675298613496,3.638605609536171,0.24096143804490566,0.12211422435939312,0.7240075767040253,2.357104852795601,3.0154424533247948,19.345849871635437,14.626267522573471,,,,,D06
UKFS_048,UKFS,2018,14.756667077541351,21.331300973892212,1.3870621994137764,5.417411178350449,0.04839108037413098,4.580604776740074,0.31249657832086086,0.16580966114997864,0.8099731095135212,2.530173495411873,2.6039652079343796,20.11726039648056,19.659781128168106,,,,,D06
UKFS_048,UKFS,2019,13.129849374294281,21.529789209365845,1.4983976632356644,5.99687197804451,0.08601632987847552,4.894841551780701,0.37765382416546345,0.20783495251089334,0.9026178009808064,2.8003872334957123,2.036479763686657,19.343295693397522,32.2888298034668,,,,,D06
UKFS_048,UKFS,2020,14.03323096036911,21.375424027442932,1.4010809361934662,5.3123069405555725,0.05587284528883174,4.352501958608627,0.31360863242298365,0.17067684791982174,0.8696158453822136,2.7684188038110733,2.5759203657507896,19.48851603269577,22.82044631242752,,,,,D06
UKFS_048,UKFS,2022,13.711279511451721,21.789873838424683,1.4466622322797775,5.657867014408112,0.07857963652350008,4.521645113825798,0.3301190948113799,0.18179146759212017,0.8776085674762726,2.7817314714193344,2.379849135875702,19.5751394033432,26.77272778749466,0.8886045813560486,0.6859340667724609,0.8690045475959778,0.614784300327301,D06
UKFS_048,UKFS,2023,13.529253542423248,21.342158794403076,1.487197495996952,5.98122638463974,0.09885442303493619,4.665921792387962,0.34557313844561577,0.18910635728389025,0.888555571436882,2.76669505238533,2.136960096657276,19.496725142002106,30.460590481758118,0.8598547577857971,0.6472110748291016,0.8273593783378601,0.5877479314804077,D06
UKFS_048,UKFS,2024,13.571790039539337,21.341266989707947,1.4330597519874573,5.478767737746239,0.06788674934068695,4.4863210916519165,0.3323480188846588,0.18204189836978912,0.8736668527126312,2.7424290031194687,2.5242819488048553,19.478446304798126,26.66766232252121,0.896893322467804,0.6060167551040649,0.8715704083442688,0.5666365623474121,D06
UKFS_049,UKFS,2016,15.286522269248962,21.385267734527588,1.3921895772218704,5.426686331629753,0.058911432504828554,4.430198773741722,0.30127380415797234,0.1591500355862081,0.8071671538054943,2.62585486471653,2.669402912259102,20.277583479881287,20.214580863714218,,,,,D06
UKFS_049,UKFS,2017,15.61538279056549,21.249355912208557,1.3636151850223541,5.2545299381017685,0.05240893637528643,4.227302059531212,0.2777986703440547,0.1430995580740273,0.7668169774115086,2.5163383036851883,2.9120859503746033,20.299501299858093,18.57770897448063,,,,,D06
UKFS_049,UKFS,2018,15.38815551996231,21.32125413417816,1.3797878697514534,5.377003863453865,0.05107746063731611,4.414249688386917,0.2974731205031276,0.15597617952153087,0.7954935990273952,2.5948558300733566,2.681159920990467,20.251317501068115,19.688309088349342,,,,,D06
UKFS_049,UKFS,2019,13.740942776203156,22.010069727897644,1.5041049644351006,6.328651398420334,0.07650671643204987,5.382625937461853,0.40012343041598797,0.21782435104250908,0.9029159247875214,2.852989539504051,2.042610377073288,20.187851309776306,29.67258393764496,,,,,D06
UKFS_049,UKFS,2020,15.063759863376617,21.956018090248108,1.3504988998174667,5.0451840460300446,0.02798126410925761,4.468240901827812,0.303524318151176,0.1634669518098235,0.8567001782357693,2.8266303539276123,3.113346755504608,20.338553071022034,18.08902996778488,,,,,D06
UKFS_049,UKFS,2022,13.893183469772339,22.2513085603714,1.4540010541677475,5.871728271245956,0.06340354401618242,5.001305460929871,0.3637846242636442,0.2009324450045824,0.8899079486727715,2.808384582400322,2.455363802611828,20.037784576416016,28.10038924217224,0.8970656394958496,0.6228734254837036,0.8812330365180969,0.5729013681411743,D06
UKFS_049,UKFS,2023,14.090127885341644,22.121869564056396,1.4607592672109604,5.99761164188385,0.06849378882907331,5.054248496890068,0.3637270964682102,0.19868249353021383,0.8909350335597992,2.8316605240106583,2.315015457570553,20.15496289730072,27.231027245521545,0.8744056224822998,0.5846899151802063,0.8487505912780762,0.5443914532661438,D06
UKFS_049,UKFS,2024,14.65477854013443,22.1250159740448,1.3840588480234146,5.3720488250255585,0.04197231214493513,4.606292322278023,0.31700240820646286,0.17184985987842083,0.8693929016590118,2.812323674559593,2.845944866538048,20.13610339164734,21.141018271446228,0.909233570098877,0.6334459185600281,0.8872262835502625,0.588470458984375,D06
UKFS_031,UKFS,2016,17.550916075706482,22.81303632259369,1.3629962280392647,5.93467652797699,0.05512662715045735,4.650988683104515,0.26835952047258615,0.13480685092508793,0.7422575913369656,2.5014804154634476,2.982636049389839,21.971673607826233,15.4292733669281,,,,,D06
UKFS_031,UKFS,2017,18.02764868736267,23.027916312217712,1.3330079838633537,5.519364759325981,0.04912279896961991,4.49803452193737,0.2528708288446069,0.12417298555374146,0.7009540796279907,2.4071353152394295,3.631229504942894,22.119346857070923,13.064147779718041,,,,,D06
UKFS_031,UKFS,2018,18.03635996580124,23.107125282287598,1.332042932510376,5.65645632147789,0.04349955034558661,4.620187059044838,0.2573623629286885,0.1266671814955771,0.7324188575148582,2.53380623459816,3.499108709394932,22.28655695915222,13.446723274886608,,,,,D06
UKFS_031,UKFS,2019,16.18742173910141,23.864383935928345,1.4815044030547142,7.152193456888199,0.08288989588618279,5.861084163188934,0.3633417170494795,0.19147662911564112,0.8666748702526093,2.8817843794822693,2.1547766774892807,22.29801321029663,23.407066583633423,,,,,D06
UKFS_031,UKFS,2020,17.151734054088593,23.863396644592285,1.3741738721728325,6.067657470703125,0.037199312704615295,5.285497844219208,0.31400065310299397,0.16262935381382704,0.8211037404835224,2.793229803442955,2.9383736476302147,22.562219977378845,16.5161472260952,,,,,D06
UKFS_031,UKFS,2022,16.403567612171173,24.28507137298584,1.4717849865555763,7.025943607091904,0.06651757334475406,6.099225729703903,0.3796178959310055,0.20238873548805714,0.8494140990078449,2.8087828159332275,2.4703796580433846,22.858279943466187,23.739652514457703,0.9276588559150696,0.6753885746002197,0.9190739393234252,0.6159056425094604,D06
UKFS_031,UKFS,2023,16.47314167022705,24.23537766933441,1.5018005967140198,7.429637759923935,0.08808010490611196,6.153858512639999,0.3787311501801014,0.19988609617576003,0.8529979065060616,2.813542068004608,2.152658060193062,22.84949564933777,25.615320920944214,0.8668533563613892,0.5839316844940186,0.8397282958030701,0.5422588586807251,D06
UKFS_031,UKFS,2024,17.250335454940796,24.337547779083252,1.4081790447235107,6.6519875228405,0.0511766784475185,5.637570321559906,0.32866320759058,0.17153447726741433,0.8433111123740673,2.8390899896621704,2.70327577739954,23.0321387052536,18.743397295475006,0.8965142369270325,0.6130883693695068,0.8729498982429504,0.5708491206169128,D06
UKFS_044,UKFS,2016,16.047180771827698,21.960920810699463,1.4468860477209091,6.215398609638214,0.10832666419446468,4.309208646416664,0.2751404847949743,0.14197822799906135,0.7801550701260567,2.5571230202913284,2.2403305396437645,20.661420941352844,21.71131655573845,,,,,D06
UKFS_044,UKFS,2017,16.432855784893036,21.81050980091095,1.403365358710289,5.8426503688097,0.08894764306023717,4.162937983870506,0.2599452305585146,0.13075302029028535,0.7433672472834587,2.382274553179741,2.4853977635502815,20.86671793460846,18.938948556780815,,,,,D06
UKFS_044,UKFS,2018,16.60606622695923,22.393958806991577,1.422694444656372,6.183573707938194,0.09893625089898705,4.270264104008675,0.2618609145283699,0.13351503433659673,0.7592015378177166,2.519354060292244,2.3341263234615326,21.233901619911194,19.50601328909397,,,,,D06
UKFS_044,UKFS,2019,15.194975674152374,22.773078680038452,1.4789312481880188,6.498462110757828,0.1050680372864008,4.84499092400074,0.3220139155164361,0.17022216226905584,0.8569539934396744,2.7956878691911697,2.0403415486216545,20.752068996429443,23.97186303138733,,,,,D06
UKFS_044,UKFS,2020,15.93333888053894,22.61242926120758,1.3742958381772041,5.556669056415558,0.05886291741626337,4.318407192826271,0.2752640461549163,0.14487482700496912,0.8234667666256428,2.7487804293632507,2.786937654018402,20.89635443687439,17.774613976478577,,,,,D06
UKFS_044,UKFS,2022,15.618848264217377,22.732872486114502,1.4491301625967026,6.3281049728393555,0.08903512358665466,4.790778368711472,0.3121552523225546,0.1660587703809142,0.8461829759180546,2.7847011983394623,2.2778003588318825,21.018768191337585,23.139069616794586,0.91310054063797,0.6871821284294128,0.9021121263504028,0.6200292706489563,D06
UKFS_044,UKFS,2023,15.544424057006836,22.745025038719177,1.4709273353219032,6.455221444368362,0.10148832644335926,4.861570119857788,0.31916605960577726,0.16830816119909286,0.8483225405216217,2.7698793709278107,2.1152420938014984,20.9647935628891,23.41536682844162,0.8828057050704956,0.6441941261291504,0.8619636297225952,0.5867133140563965,D06
UKFS_044,UKFS,2024,15.640181422233582,22.711021065711975,1.4164039641618729,5.9949973821640015,0.07482959347544238,4.601554974913597,0.2979967352002859,0.15890546515583992,0.8502811044454575,2.8079566210508347,2.495835594832897,20.95556378364563,20.411888480186462,0.8952980637550354,0.6048569083213806,0.8734617829322815,0.5633479356765747,D06
UKFS_053,UKFS,2016,12.597748577594757,17.90190702676773,1.4617239609360695,5.031339570879936,0.10797561833169311,3.6863646060228348,0.2982373721897602,0.16094402829185128,0.81685771048069,2.4779045283794403,2.2906908094882965,16.805777490139008,31.305503398180008,,,,,D06
UKFS_053,UKFS,2017,13.384627759456635,18.24438464641571,1.4234647676348686,5.044920057058334,0.09111619088798761,3.623184487223625,0.2758101215586066,0.1436608755029738,0.7797759771347046,2.4386077225208282,2.282882072031498,17.24862563610077,25.51553425192833,,,,,D06
UKFS_053,UKFS,2018,13.088460266590118,20.554048597812653,1.4452761486172676,5.1871664971113205,0.09151907812338322,3.9165515154600143,0.3054844094440341,0.16172561375424266,0.7945409156382084,2.520189270377159,2.3340546414256096,17.389739274978638,28.565111249685287,,,,,D06
UKFS_053,UKFS,2019,11.471714198589325,19.25629413127899,1.5450963824987411,5.6901931166648865,0.08481760998256505,4.929356127977371,0.43597966618835926,0.23915225733071566,0.90706866979599,2.681989699602127,1.8121606186032295,17.327097356319427,38.11891722679138,,,,,D06
UKFS_053,UKFS,2020,12.257005989551544,18.834230601787567,1.4398699551820755,5.016021341085434,0.057356710196472704,4.276747524738312,0.3559040417894721,0.19270635023713112,0.8808978460729122,2.657167822122574,2.3600795939564705,17.350741267204285,30.726278424263,,,,,D06
UKFS_053,UKFS,2022,11.794171452522278,19.445035099983215,1.4824388921260834,5.323168754577637,0.056813709903508425,4.710365563631058,0.40529200062155724,0.2229788089171052,0.8964710868895054,2.6697693914175034,2.2049556374549866,17.52163201570511,35.45940488576889,0.9080937504768372,0.6626536250114441,0.8920565843582153,0.6048598289489746,D06
UKFS_053,UKFS,2023,11.136417806148529,19.153091073036194,1.5628843232989311,5.6842115223407745,0.08254824508912861,5.0317476987838745,0.45971380546689034,0.25500832684338093,0.913630835711956,2.6441865861415863,1.850576527416706,17.463469982147217,41.67554461956024,0.878159761428833,0.6030976176261902,0.8520854115486145,0.5586990118026733,D06
UKFS_053,UKFS,2024,11.40627372264862,19.337822437286377,1.5235683843493462,5.495788097381592,0.06700532336253673,4.887932777404785,0.4366634916514158,0.24173424020409584,0.9080000966787338,2.637153446674347,2.048015981912613,17.526329338550568,39.39602446556091,0.8864153027534485,0.6067782640457153,0.860007107257843,0.5630465149879456,D06
UKFS_007,UKFS,2016,15.34584766626358,28.30994403362274,1.62411417812109,8.689412981271744,0.08589256327832118,7.941686511039734,0.5220561679452658,0.29293020348995924,0.8686071485280991,2.75834983587265,2.2727706879377365,25.491042613983154,38.063478112220764,,,,,D06
UKFS_007,UKFS,2017,14.675066262483597,27.858814358711243,1.6537929698824883,8.711263865232468,0.08018068899400532,8.268469274044037,0.5636632181704044,0.3158032661303878,0.8549298793077469,2.6780175119638443,2.244349107146263,25.621639788150787,39.78085458278656,,,,,D06
UKFS_007,UKFS,2018,15.197134137153625,28.618125557899475,1.6208135336637497,8.752731442451477,0.06603429873939604,8.213351100683212,0.5445423666387796,0.3054748671129346,0.8693501688539982,2.7876148223876953,2.1887329667806625,25.845499634742737,37.49332106113434,,,,,D06
UKFS_007,UKFS,2019,14.420094609260559,29.255088567733765,1.684483826160431,9.07896676659584,0.07686260784976184,8.584700345993042,0.5989138949662447,0.33720359578728676,0.9133577272295952,2.9191044718027115,1.8254501149058342,25.756518185138702,43.085270285606384,,,,,D06
UKFS_007,UKFS,2020,14.58080044388771,29.0118271112442,1.6168497651815414,8.591138333082199,0.04331388749415055,8.282080292701721,0.567429956048727,0.3201205525547266,0.9076896235346794,2.81510654091835,2.3594663366675377,25.762335121631622,38.47946798801422,,,,,D06
UKFS_007,UKFS,2022,14.583304435014725,29.215728878974915,1.599661834537983,8.4624143242836,0.03317998323473148,8.199420511722565,0.5612643156200647,0.31781394500285387,0.9115680493414402,2.6999214589595795,2.7470728754997253,26.030658960342407,38.24376106262207,0.8806496858596802,0.6444863080978394,0.856547474861145,0.5876895189285278,D06
UKFS_007,UKFS,2023,14.85680067539215,29.33780586719513,1.6115624904632568,8.697344213724136,0.043791163829155266,8.354997843503952,0.5613519661128521,0.3167371554300189,0.909826572984457,2.757073476910591,2.541245974600315,26.148837566375732,38.71168255805969,0.8429446220397949,0.6164535284042358,0.8059432506561279,0.5651044845581055,D06
UKFS_007,UKFS,2024,14.894513040781021,29.45931828022003,1.6080305874347687,8.621362060308456,0.045911484165117145,8.252311557531357,0.5550945736467838,0.3131019826978445,0.9108803607523441,2.751751199364662,2.6696208864450455,26.18859976530075,39.61130714416504,0.8720183372497559,0.5870678424835205,0.8427435159683228,0.5483160018920898,D06
UKFS_005,UKFS,2016,10.170414745807648,15.661190152168274,1.4961667582392693,4.394891023635864,0.0949315462494269,3.4284673631191254,0.3621728867292404,0.19966717902570963,0.8621025271713734,2.2996735870838165,2.0618196427822113,14.534818589687347,53.70782083272934,,,,,D06
UKFS_005,UKFS,2017,10.53292852640152,15.912409603595734,1.4410922303795815,4.174968600273132,0.05787640193011612,3.4512045830488205,0.35569503623992205,0.19287689123302698,0.8335734270513058,2.2603691667318344,2.410741724073887,14.76900190114975,50.02970916032791,,,,,D06
UKFS_005,UKFS,2018,10.649965614080429,16.222351670265198,1.4623986631631851,4.457944348454475,0.06753246957669035,3.655827045440674,0.36525119189172983,0.19953371165320277,0.84566455706954,2.3044745922088623,2.3083098381757736,15.162717759609222,49.896084785461426,,,,,D06
UKFS_005,UKFS,2019,9.775944828987122,16.558043837547302,1.4981004670262337,4.323940217494965,0.07531526149250567,3.5971986800432205,0.3927007168531418,0.22019731905311346,0.9020512402057648,2.453798972070217,2.1322467625141144,14.761071860790253,54.977678179740906,,,,,D06
UKFS_005,UKFS,2020,10.284880995750427,16.756543695926666,1.448651671409607,4.181924343109131,0.060849242261610925,3.5069811195135117,0.3603629246354103,0.20124396681785583,0.886849470436573,2.4536788910627365,2.4931395053863525,15.085314571857452,51.22763592004776,,,,,D06
UKFS_005,UKFS,2022,10.453855127096176,16.81915509700775,1.4498432278633118,4.357350200414658,0.06270374995074235,3.631522685289383,0.35876570735126734,0.20094061363488436,0.8930617682635784,2.460297480225563,2.529333934187889,15.368792116641998,50.63628125190735,0.9105456471443176,0.6878846883773804,0.8984398245811462,0.6193810105323792,D06
UKFS_005,UKFS,2023,10.478189289569855,16.917822122573853,1.4352667555212975,4.199247971177101,0.05296072881901637,3.6102230846881866,0.3585733463987708,0.20075410418212414,0.8927321098744869,2.4898443520069122,2.611920602619648,15.359362661838531,48.796609938144684,0.881924033164978,0.6576693654060364,0.8600566387176514,0.5958367586135864,D06
UKFS_005,UKFS,2024,10.42448416352272,17.041492819786072,1.4668497368693352,4.414333790540695,0.073798808734864,3.645607516169548,0.36172445118427277,0.203238932415843,0.8951296769082546,2.511411279439926,2.3624961972236633,15.38827234506607,50.385708808898926,0.8999233245849609,0.6280584931373596,0.8842726945877075,0.5778334736824036,D06
UKFS_004,UKFS,2016,8.932315401732922,13.356619119644165,1.46543999761343,3.6264498122036457,0.09850321570411325,2.6527684833854437,0.31693271454423666,0.17142936028540134,0.7739508990198374,2.0959229429562884,1.9896762985736132,12.346686258912086,55.696816086769104,,,,,D06
UKFS_004,UKFS,2017,8.973851099610329,13.305436238646507,1.5417223274707794,3.974163420498371,0.14244213374331594,2.8426703363656998,0.34558360278606415,0.18318155454471707,0.8007830940186977,2.002021300792694,1.5602727639488876,12.41312099993229,56.9427033662796,,,,,D06
UKFS_004,UKFS,2018,9.210209786891937,13.74763011932373,1.5597061216831207,4.104555010795593,0.15363669837825,2.873202320188284,0.34719664230942726,0.18674637470394373,0.8087455593049526,2.0486359298229218,1.6830462533980608,12.841496422886848,55.66973042488098,,,,,D06
UKFS_004,UKFS,2019,7.9500612616539,15.2516268491745,1.5966185852885246,4.141193702816963,0.09827633135137148,3.7509415596723557,0.4780688416212797,0.26800230238586664,0.9022573344409466,2.2499713506549597,1.646423488855362,13.176109746098518,63.66950845718384,,,,,D06
UKFS_004,UKFS,2020,8.576499834656715,14.607566744089127,1.5414786115288734,3.9961013048887253,0.10559621686115861,3.3166323751211166,0.4039754755795002,0.22209575772285461,0.869248703122139,2.1934699155390263,1.805440153926611,12.972623109817505,59.20347583293915,,,,,D06
UKFS_004,UKFS,2022,8.41871577501297,14.684895694255829,1.5877526551485062,4.221906170248985,0.12260588235221803,3.4957592859864235,0.43416761606931686,0.2422000877559185,0.8992337286472321,2.2446783892810345,1.6789954900741577,13.15308153629303,62.05203378200531,0.9013490080833436,0.6416439414024353,0.8885621428489685,0.585238516330719,D06
UKFS_004,UKFS,2023,8.187918707728386,14.678843766450882,1.6128738224506378,4.247780591249466,0.12589018186554313,3.598103202879429,0.4611363001167774,0.2588751092553139,0.9189821444451809,2.253804709762335,1.5870240852236748,13.11638006567955,63.573116064071655,0.8609265685081482,0.5842099189758301,0.8364525437355042,0.5406157374382019,D06
UKFS_004,UKFS,2024,8.235162824392319,14.785616874694824,1.5986086502671242,4.145309180021286,0.11941558285616338,3.5416033565998077,0.4548612404614687,0.25596901681274176,0.9150936417281628,2.266245700418949,1.6992174424231052,13.161308586597443,62.913442730903625,0.8883982300758362,0.6052828431129456,0.8637779951095581,0.5632994174957275,D06
UKFS_009,UKFS,2016,,0.24381825141608715,1.838660828769207,0.0,1.0,,,,,,,,100.0,,,,,D06
UKFS_009,UKFS,2017,,0.33010679949074984,1.837762326002121,0.0,1.0,,,,,,,,100.0,,,,,D06
UKFS_009,UKFS,2018,,0.236081812530756,1.8163431733846664,0.0,1.0,,,,,,,,100.0,,,,,D06
UKFS_009,UKFS,2019,,0.08622888848185539,1.8481636558260237,0.0,1.0,,,,,,,,100.0,,,,,D06
UKFS_009,UKFS,2020,,0.12018681247718632,1.882316529750824,0.0,1.0,,,,,,,,100.0,,,,,D06
UKFS_009,UKFS,2022,,0.16965804481878877,1.9109219868977865,0.0,1.0,,,,,,,,100.0,0.741670548915863,0.5013564825057983,0.6558141112327576,0.4793233871459961,D06
UKFS_009,UKFS,2023,0.599591056505839,0.24300100514665246,1.9648756682872772,0.023256190354004502,0.9929591789841652,0.07353499655922253,0.11923106511433919,0.07076575979590416,,,,0.6932400266329447,100.0,0.6419675946235657,0.4001811444759369,0.5426439642906189,0.3869442343711853,D06
UKFS_009,UKFS,2024,,0.1565545592457056,1.8895312026143074,0.0023659029975533485,0.9997133016586304,,,,,,,,100.0,0.6673078536987305,0.4256545901298523,0.5641250014305115,0.4115117490291595,D06
UKFS_006,UKFS,2016,8.757307022809982,13.399066269397736,1.4562773033976555,3.4663055986166,0.10719049989711493,2.575473554432392,0.29861027281731367,0.1634096414782107,0.8103808499872684,2.070077620446682,2.3009452521800995,12.471693694591522,70.8819175362587,,,,,D06
UKFS_006,UKFS,2017,8.555330634117126,13.631885170936584,1.5355057418346405,3.629523381590843,0.13701844727620482,2.810396023094654,0.34792167227715254,0.19073141692206264,0.81852126121521,2.0534100756049156,2.0572840739041567,12.621988832950592,72.87028622627258,,,,,D06
UKFS_006,UKFS,2018,8.713890254497528,13.75384670495987,1.5256133526563644,3.6048093736171722,0.1354023942258209,2.7747320979833603,0.3371238885447383,0.18639378575608134,0.819245520979166,2.0666237995028496,2.0833667870610952,12.648692965507507,70.46111190319061,,,,,D06
UKFS_006,UKFS,2019,7.327980130910873,14.796924650669098,1.59014093875885,3.911274716258049,0.10252620233222842,3.4125939160585403,0.465023385360837,0.2657387563958764,0.93100780621171,2.3093916475772858,1.743970163166523,12.597979307174683,78.95058512687683,,,,,D06
UKFS_006,UKFS,2020,7.983542948961258,14.791155695915222,1.5223703160881996,3.590242311358452,0.08570286771282554,3.0604351684451103,0.4124298458918929,0.23173169139772654,0.8860855028033257,2.284061074256897,2.085527889430523,12.701540112495422,73.19868648052216,,,,,D06
UKFS_006,UKFS,2022,8.306659191846848,14.697463810443878,1.5088577792048454,3.757126271724701,0.0772771192714572,3.146123081445694,0.40389318484812975,0.22580661252141,0.8813047483563423,2.263033300638199,2.0654556527733803,12.774164617061615,69.9477299451828,0.909287929534912,0.6877613067626953,0.8964165449142456,0.6200634241104126,D06
UKFS_006,UKFS,2023,7.834798753261566,14.905319213867188,1.545518085360527,3.77155302464962,0.09010368911549449,3.1715032011270523,0.4289185702800751,0.24133587814867496,0.8944946750998497,2.243447706103325,1.8789233788847923,12.54938343167305,73.24021100997925,0.8806611895561218,0.6415268778800964,0.86092209815979,0.584189772605896,D06
UKFS_006,UKFS,2024,8.161526039242744,14.947166621685028,1.5152308717370033,3.7174327969551086,0.08373287878930569,3.0997851341962814,0.40247617196291685,0.22495488170534372,0.8824833407998085,2.2359646037220955,2.083952970802784,12.868837594985962,69.90660095214844,0.891478955745697,0.6350807547569275,0.8652377128601074,0.5860503315925598,D06
UKFS_012,UKFS,2016,10.21471118927002,15.706364393234253,1.3880807012319565,3.7430396303534508,0.04211052980099339,3.2934335470199585,0.32688583340495825,0.1800600062124431,0.8370329290628433,2.2538416609168053,3.2258253768086433,14.587141931056976,44.09531629085541,,,,,D06
UKFS_012,UKFS,2017,10.747607588768005,16.044426381587982,1.438646323978901,4.239282503724098,0.07199507183395326,3.4990070462226868,0.3350576367229223,0.18264382518827915,0.8401189632713795,2.316023290157318,2.378981575369835,15.05848902463913,39.8453733921051,,,,,D06
UKFS_012,UKFS,2018,10.641408801078796,16.295219838619232,1.4783087968826294,4.539530083537102,0.08557099802419543,3.6986858397722244,0.3578738858923316,0.19512795051559806,0.8572865054011345,2.364672839641571,2.16960971057415,15.295519173145294,40.33949053287506,,,,,D06
UKFS_012,UKFS,2019,9.513407677412033,17.202897131443024,1.5606028884649277,4.889257967472076,0.07174441835377365,4.429460823535919,0.4740279186517,0.2662192741408944,0.9316798560321331,2.541381746530533,1.7894368693232536,15.518272042274475,50.62972939014435,,,,,D06
UKFS_012,UKFS,2020,9.849569022655487,16.87213534116745,1.506162315607071,4.624430239200592,0.05485687043983489,4.200440838932991,0.43640141375362873,0.24310028925538063,0.9153490401804447,2.503682240843773,2.0322832614183426,15.404945015907288,47.01695132255554,,,,,D06
UKFS_012,UKFS,2022,9.616214841604233,16.695069432258606,1.5014927238225937,4.57810552418232,0.03637758654076606,4.3163339495658875,0.4565894026309252,0.2558764750137925,0.9206435196101665,2.4628448262810707,2.1502694860100746,15.415683150291443,48.46597373485565,0.918220043182373,0.6670019030570984,0.9053086638450624,0.6084360480308533,D06
UKFS_012,UKFS,2023,8.915509074926376,17.208550691604614,1.6137753427028656,5.010240614414215,0.07732505851890892,4.608806684613228,0.5239552762359381,0.2969798091799021,0.9333864785730839,2.4360613375902176,1.7455023229122162,15.39136517047882,56.23931694030762,0.8725992441177368,0.5968098640441895,0.851690411567688,0.5508893728256226,D06
UKFS_012,UKFS,2024,9.274013936519623,17.221595883369446,1.5642756894230843,4.82897187769413,0.05864585121162236,4.47393174469471,0.4940898586064577,0.2793577564880252,0.9267208576202393,2.426616832613945,2.0606435239315033,15.562313675880432,52.91195726394653,0.893396258354187,0.6137065291404724,0.8646711707115173,0.5728239417076111,D06
UKFS_002,UKFS,2016,11.724030435085297,16.767056465148926,1.3608995005488396,3.738384038209915,0.04634851316222921,3.2722707241773605,0.2937433887273073,0.16153211751952767,0.8114978224039078,2.346557378768921,3.5876702927052975,15.796643495559692,28.90822073817253,,,,,D06
UKFS_002,UKFS,2017,12.190370202064514,16.825407326221466,1.3143595829606056,3.3522832840681076,0.037359414898674004,3.013241186738014,0.26242070365697145,0.14263487746939063,0.775407575070858,2.2550918981432915,4.08467897772789,15.84573781490326,23.172686845064163,,,,,D06
UKFS_002,UKFS,2018,12.604585736989975,17.45554268360138,1.3718948066234589,3.9219199866056442,0.06410666645388119,3.1848806887865067,0.2745092883706093,0.1477057170122862,0.7780774720013142,2.3759804889559746,3.300526138395071,16.364648580551147,23.993024587631226,,,,,D06
UKFS_002,UKFS,2019,11.01260632276535,18.306880950927734,1.4916774407029152,4.926625028252602,0.07151959440670907,4.2303304225206375,0.3954430762678385,0.21828177850693464,0.903913963586092,2.625113070011139,2.1001430451869965,16.442978978157043,38.86465287208557,,,,,D06
UKFS_002,UKFS,2020,12.089712113142014,18.12146830558777,1.3563604727387428,3.980508267879486,0.03565409651491791,3.47300124168396,0.3002261407673359,0.16459518671035767,0.8492319919168949,2.584607779979706,3.182649649679661,16.481360912322998,27.21609538793564,,,,,D06
UKFS_002,UKFS,2022,12.283397167921066,18.28417992591858,1.384711854159832,4.412036865949631,0.043322152516338974,3.7542668730020523,0.31604431848973036,0.17220591474324465,0.8568314760923386,2.6017341166734695,2.796730123460293,16.837339222431183,28.44481635093689,0.9258739948272704,0.727418065071106,0.9144197106361388,0.6530386209487915,D06
UKFS_002,UKFS,2023,11.845577150583267,18.426307678222656,1.4279218539595604,4.672823444008827,0.06090133800171316,3.8590228259563446,0.3360535055398941,0.1854404043406248,0.8815410323441029,2.621599167585373,2.465973548591137,16.77075856924057,34.389190673828125,0.878237247467041,0.627169132232666,0.8596195578575134,0.5728108882904053,D06
UKFS_002,UKFS,2024,12.312834441661835,18.58575713634491,1.374990314245224,4.314425572752953,0.04104798811022192,3.6775248050689697,0.3091121222823858,0.16994821140542626,0.8626350648701191,2.6273711174726486,2.9287324845790863,17.004835963249207,28.76648509502411,0.898806095123291,0.6608074307441711,0.8750774264335632,0.6058079600334167,D06
UKFS_010,UKFS,2016,8.052900403738022,13.383373856544495,1.5069533810019493,3.7176038324832916,0.07304311335610691,3.2243851125240326,0.4110949635505676,0.22964409831911325,0.8839608505368233,2.1747287958860397,2.092599131166935,12.275965869426727,66.8624861240387,,,,,D06
UKFS_010,UKFS,2017,8.420763731002808,13.264962494373322,1.4586926698684692,3.5450395345687866,0.06133881746791303,3.0298714637756348,0.3734740624204278,0.2070372230373323,0.8538210205733776,2.126117281615734,2.4141589775681496,12.26683783531189,62.749428510665894,,,,,D06
UKFS_010,UKFS,2018,8.43898531794548,13.665845811367035,1.5155477747321129,3.939344733953476,0.08954013715265319,3.2395202666521072,0.39368228428065777,0.21877845656126738,0.871527872979641,2.1894520968198776,1.995025783777237,12.519063651561737,63.20884585380554,,,,,D06
UKFS_010,UKFS,2019,7.07176086306572,14.172319233417511,1.6182098537683487,3.9204330891370773,0.10320726642385125,3.469835117459297,0.49530517868697643,0.28382079489529133,0.9448822438716888,2.2887285724282265,1.6377635821700096,12.189776420593262,76.40505242347717,,,,,D06
UKFS_010,UKFS,2020,8.032173454761505,13.850454568862915,1.5498655885457993,3.8919567316770554,0.11630359874106944,3.1568584591150284,0.39550316892564297,0.22303083911538124,0.9138114489614964,2.318116456270218,1.8321824371814728,12.345781326293945,71.13838577270508,,,,,D06
UKFS_010,UKFS,2022,8.170407116413116,14.295207560062408,1.5321708619594574,3.898722991347313,0.09575687965843827,3.280954524874687,0.407570518553257,0.2289820834994316,0.9036739729344845,2.330957353115082,1.9120072200894356,12.51988011598587,67.46034860610962,0.9188028573989868,0.6724315881729126,0.9022344946861268,0.6158663630485535,D06
UKFS_010,UKFS,2023,8.12592676281929,14.07518345117569,1.569033496081829,4.044578805565834,0.12457282561808825,3.260295942425728,0.4055969249457121,0.22889753337949514,0.920305997133255,2.343774691224098,1.7168447449803352,12.551911234855652,69.37424302101135,0.8892471790313721,0.6499637961387634,0.868553638458252,0.5935167670249939,D06
UKFS_010,UKFS,2024,8.28448298573494,14.08725881576538,1.5357723534107208,3.9502080529928207,0.10831934562884271,3.2051203697919846,0.39049844816327095,0.2199973789975047,0.9153336957097054,2.3442564457654953,1.866052083671093,12.634666681289673,67.99308395385742,0.881914496421814,0.6467597484588623,0.851641058921814,0.5946969389915466,D06
UKFS_003,UKFS,2016,8.780032753944397,13.360653102397919,1.4414071515202522,3.542600095272064,0.08403288398403674,2.750408798456192,0.31637859530746937,0.17304868530482054,0.841545294970274,2.178075857460499,2.230437144637108,12.453521072864532,65.07303190231323,,,,,D06
UKFS_003,UKFS,2017,9.08210003376007,13.720235526561737,1.4096044078469276,3.488448068499565,0.04853188304696232,2.9773672819137573,0.33669836539775133,0.18003870313987136,0.8224154822528362,2.1388820186257362,2.3269559890031815,12.71982604265213,56.36999762058258,,,,,D06
UKFS_003,UKFS,2018,9.110520780086517,13.797287225723267,1.4616098254919052,3.816472977399826,0.097072176868096,2.888181045651436,0.31771332677453756,0.17409910820424557,0.8468201383948326,2.2014858424663544,2.127966858446598,12.850815296173096,59.70872092247009,,,,,D06
UKFS_003,UKFS,2019,7.914648354053497,14.784680128097534,1.5511133447289467,3.9458134919404984,0.0967502670828253,3.3607999235391617,0.4267470985651016,0.24256866052746773,0.9287199825048447,2.3529267758131027,1.8808079063892365,12.781573057174683,71.4418466091156,,,,,D06
UKFS_003,UKFS,2020,8.803060173988342,14.598404228687286,1.4310020133852959,3.563122436404228,0.05749906226992607,3.0316798239946365,0.34709459356963634,0.1940625850111246,0.8901339471340179,2.358151525259018,2.488752096891403,12.986400783061981,62.27829134464264,,,,,D06
UKFS_003,UKFS,2022,9.201328068971634,15.05351847410202,1.4524654671549797,3.862884432077408,0.07446527504362166,3.1556961685419083,0.3441888075321913,0.191901670768857,0.8894242122769356,2.386424630880356,2.3394632041454315,13.510447978973389,58.45468783378601,0.9271920919418336,0.6969799399375916,0.918034553527832,0.6307106018066406,D06
UKFS_003,UKFS,2023,9.107492595911026,15.202117323875427,1.464508756995201,3.879845008254051,0.07747812638990581,3.20071317255497,0.3540943395346403,0.1985990134999156,0.8940025307238102,2.410317227244377,2.352531708776951,13.51817411184311,59.08336877822876,0.8934621810913086,0.6487141847610474,0.8750823140144348,0.5919632911682129,D06
UKFS_003,UKFS,2024,9.215591102838516,15.260339081287384,1.4838661700487137,4.010035127401352,0.09313040948472917,3.200774520635605,0.35046335868537426,0.19685260765254498,0.8932637572288513,2.4072360545396805,2.2172860726714134,13.665453553199768,58.56110453605652,0.8956535458564758,0.612555980682373,0.8712989091873169,0.5703838467597961,D06
UKFS_001,UKFS,2016,15.449619352817535,21.46313226222992,1.3868469297885895,5.576201409101486,0.04168757697334513,4.857539504766464,0.3232024656608701,0.1716548716649413,0.7871429063379765,2.4886838272213936,3.2512433752417564,20.615350127220154,21.128156900405884,,,,,D06
UKFS_001,UKFS,2017,15.284037947654724,21.67917561531067,1.4146423861384392,5.791805729269981,0.05234909901628271,4.885435342788696,0.3339944910258055,0.17832099529914558,0.7746285758912563,2.4884061068296432,2.850892335176468,20.610532999038696,23.772324204444885,,,,,D06
UKFS_001,UKFS,2018,14.87702751159668,21.58841896057129,1.4162621572613716,5.681079283356667,0.04477869760012254,4.96101213991642,0.34942603670060635,0.19006312638521194,0.8028187490999699,2.522238105535507,2.919091798365116,20.658482670783997,25.933697298169136,,,,,D06
UKFS_001,UKFS,2019,13.100678861141205,22.748412013053894,1.5709225311875343,6.969385623931885,0.05862008733674884,6.430469483137131,0.49932014010846615,0.2769792154431343,0.9146462790668011,2.8481825292110443,1.8059381619095802,20.90494680404663,34.83473163843155,,,,,D06
UKFS_001,UKFS,2020,12.91112107038498,22.340672850608826,1.5052527710795403,6.132708102464676,0.03143549314700067,5.8112633228302,0.46563934721052647,0.25859955605119467,0.9066943675279617,2.7665928304195404,2.283902369439602,20.611748814582825,34.85510939359665,,,,,D06
UKFS_001,UKFS,2022,12.584013402462006,22.408737421035767,1.5020403191447258,5.993288636207581,0.023950619768584147,5.791773349046707,0.47298844903707504,0.264299975708127,0.9167604967951775,2.6843914538621902,2.5913119465112686,20.665969014167786,37.53774136304855,0.9132267236709596,0.6626181602478027,0.9027318358421326,0.603926420211792,D06
UKFS_001,UKFS,2023,11.946021854877472,22.281519055366516,1.5373879000544548,5.870377957820892,0.035834396549034864,5.56758089363575,0.49313213117420673,0.2741955751553178,0.9047264419496059,2.633390724658966,2.4108268171548843,20.25435769557953,41.540204375982285,0.893524169921875,0.6385710835456848,0.877480685710907,0.584175705909729,D06
UKFS_001,UKFS,2024,12.009429574012756,22.289912223815918,1.521903932094574,5.797290354967117,0.02937534448574297,5.548334136605263,0.486001705750823,0.2688319128938019,0.9016424790024757,2.5756331384181976,2.537846140563488,20.300913214683533,40.207597732543945,0.8815279006958008,0.6193851232528687,0.8579482436180115,0.5691738724708557,D06
UKFS_011,UKFS,2016,15.41675889492035,23.428434133529663,1.5019832700490952,6.571744292974472,0.10052135298610665,5.414415791630745,0.3641126872971654,0.20282589085400105,0.8305904902517796,2.6000640094280243,2.5216449350118637,22.39601469039917,29.202762365341187,,,,,D06
UKFS_011,UKFS,2017,15.358555018901825,23.352524518966675,1.4992093592882156,6.2581895142793655,0.09704798203893006,5.362732969224453,0.3709804192185402,0.20594838401302695,0.7989640794694424,2.443297326564789,2.785419423133135,22.369744181632996,29.354430351406336,,,,,D06
UKFS_011,UKFS,2018,15.166809916496277,23.63497292995453,1.5108001753687859,6.673510253429413,0.07483759772730991,5.902925297617912,0.412886262871325,0.22907516779378057,0.8281550668179989,2.557631701231003,2.5663283616304398,22.720568299293518,30.089194148778915,,,,,D06
UKFS_011,UKFS,2019,12.829975366592407,24.351613759994507,1.6525028049945831,7.316229671239853,0.07930858200415969,6.727905675768852,0.5570164602249861,0.31090840278193355,0.9103653132915497,2.8769021779298782,1.7465907856822014,22.436965107917786,40.830770671367645,,,,,D06
UKFS_011,UKFS,2020,12.411769032478333,24.273325085639954,1.6470307856798172,6.903893321752548,0.05390233680373058,6.582693189382553,0.5843655616044998,0.3201204165816307,0.8762456700205803,2.7262498438358307,1.9214295595884323,21.484398901462555,42.90984237194061,,,,,D06
UKFS_011,UKFS,2022,11.976278185844421,23.92879605293274,1.6185623928904533,6.4487417340278625,0.060447239491622895,6.0960444658994675,0.5477712750434875,0.3047430017031729,0.8993406184017658,2.6074118614196777,2.460142817348242,21.140309870243073,45.49330133199692,0.9169957041740416,0.6884171366691589,0.913388729095459,0.615001916885376,D06
UKFS_011,UKFS,2023,10.96014553308487,23.879215598106384,1.7266958430409431,6.617512345314026,0.09467570704873651,6.173217833042145,0.6191535033285618,0.3368324628099799,0.8870221897959709,2.5549210011959076,1.9224315658211708,20.7502658367157,53.66021364927292,0.8934303522109985,0.6454851627349854,0.8854276537895203,0.5814564824104309,D06
UKFS_011,UKFS,2024,10.787283450365067,23.70544135570526,1.6669892966747284,6.275075346231461,0.06886140262940899,5.863038018345833,0.5860827974975109,0.32276499504223466,0.8845060281455517,2.496621809899807,2.15564738959074,19.848160445690155,53.82755720615387,0.9101601839065552,0.6309840679168701,0.8979561924934387,0.5796787142753601,D06
UKFS_008,UKFS,2016,17.070231199264526,22.509108543395996,1.4211401417851448,6.313296854496002,0.09408017771784216,4.439712852239609,0.266454610042274,0.1350797601044178,0.7553504444658756,2.550572708249092,2.369222953915596,21.620136857032776,17.95665669441223,,,,,D06
UKFS_008,UKFS,2017,17.43325924873352,22.5155291557312,1.401569664478302,6.0139714777469635,0.08651397848734632,4.3743093609809875,0.2606390407308936,0.12932840920984745,0.7248208597302437,2.479316309094429,2.6199951358139515,21.735610365867615,16.242501094937325,,,,,D06
UKFS_008,UKFS,2018,17.136546432971954,22.57120180130005,1.381400242447853,5.8474056124687195,0.06445011519826949,4.604996904730797,0.2771170921623707,0.140893145930022,0.7524814680218697,2.5856787264347076,2.7514607161283493,21.809523582458496,15.448079854249954,,,,,D06
UKFS_008,UKFS,2019,15.526502847671509,23.383341670036316,1.486357256770134,6.792969226837158,0.08958576014265418,5.48536616563797,0.35914497822523117,0.19223214406520128,0.8804715611040592,2.8712626695632935,2.0790175199508667,21.765173077583313,23.42180961370468,,,,,D06
UKFS_008,UKFS,2020,16.846559405326843,23.491393208503723,1.3598448559641838,5.6087305545806885,0.04461071043624543,4.708616405725479,0.28779307287186384,0.15125983534380794,0.825708381831646,2.8488992750644684,2.9439085945487022,22.02705407142639,14.416596204042435,,,,,D06
UKFS_008,UKFS,2022,16.546678960323334,23.556212902069092,1.4605361372232437,6.80990469455719,0.08910919982008636,5.286355525255203,0.3273933716118336,0.17265968723222613,0.8411439545452595,2.8197093456983566,2.2692314088344574,22.234041690826416,22.40637630224228,0.8981794714927673,0.6614777445793152,0.8849223852157593,0.5981186628341675,D06
UKFS_008,UKFS,2023,16.583382964134216,23.816969871520996,1.5017402172088623,7.236464411020279,0.10936123691499233,5.548770844936371,0.343539098277688,0.17758025601506233,0.8324942924082279,2.7868042290210724,1.992183730006218,22.265562772750854,24.337553322315216,0.8600296378135681,0.5984496474266052,0.8330132961273193,0.5500114560127258,D06
UKFS_008,UKFS,2024,16.66288858652115,23.698572874069214,1.4039408788084984,6.078499406576157,0.06409251369768754,4.918966010212898,0.30506940744817257,0.16215077927336097,0.8437923975288868,2.8667546808719635,2.6654443368315697,22.20682430267334,18.310042947530746,0.9085049629211426,0.629211962223053,0.8894177675247192,0.5833413004875183,D06
UKFS_017,UKFS,2016,6.637106209993362,8.086941708810627,1.9497827887535095,2.1872940473258495,0.5119256577454507,2.3251466496537128,0.3536037802696228,0.1981186904013157,0.7972665131092072,2.120190050866869,1.5988574862480163,9.608792891105017,79.2199969291687,,,,,D06
UKFS_017,UKFS,2017,7.952875459194184,8.082460541278124,1.7880665510892868,2.1330945822410285,0.5284541677683592,2.645387440919876,0.3853066563606262,0.20822723731398582,0.8049449801445008,2.070987436506483,1.671882925927639,11.336231470108032,76.8254064321518,,,,,D06
UKFS_017,UKFS,2018,8.17233486175537,8.250587122514844,1.8484298139810562,2.1331634894013405,0.5080489995889366,2.81758793592453,0.35730979442596433,0.19586183056235312,0.8037601947784424,2.138619343439738,1.9261673122644425,11.829546928405762,75.73944044113159,,,,,D06
UKFS_017,UKFS,2019,4.806597884496053,9.097342094406486,1.925755962729454,2.3696797406300902,0.4407476047053933,2.25865724782149,0.4363252172867457,0.24382393211126327,0.833366368498121,2.2521232499016657,1.2521976606609921,8.13870970805486,84.32600283622742,,,,,D06
UKFS_017,UKFS,2020,6.752697565338829,8.911854781210423,1.8927276581525803,2.4036872535943985,0.4864048876333982,3.188619613647461,0.47740168463100086,0.27093312821604987,0.9297097704627297,2.2286747097969055,1.4304211730645462,11.370959693735296,82.91536688804626,,,,,D06
UKFS_017,UKFS,2022,6.870976296338168,9.188745549879968,1.8907361552119255,2.4783298891270533,0.4736581619363278,3.2528264061971144,0.4665514447472312,0.2635756473649632,0.8834499987688932,2.260102188587189,1.471888803453608,11.551507581364024,82.5191730260849,0.8668601512908936,0.5987988114356995,0.8380568027496338,0.5525850653648376,D06
UKFS_017,UKFS,2023,5.639817517537337,9.437019964680076,1.9392497017979622,2.561494711553678,0.46540563739836216,2.8837337256051025,0.46867351004710567,0.2643412514947928,0.8633564040064812,2.0982470133087854,1.3408148793334311,9.988090657270872,83.60541033744812,0.8267787098884583,0.541052520275116,0.7934984564781189,0.5040324926376343,D06
UKFS_017,UKFS,2024,5.108676441510519,9.415957955643535,1.9258094802498817,2.5623641945421696,0.4626204217784107,2.4746407335003218,0.43750278279185295,0.2482875584314267,0.8835423038556025,2.2677589058876038,1.3827884315767072,8.836791249116262,83.01495051383972,0.8249079585075378,0.5867233276367188,0.7801756858825684,0.5406091809272766,D06
UKFS_019,UKFS,2016,13.397507846355438,18.041881501674652,1.3071938753128052,3.8933343440294266,0.043051953020039946,2.9440219700336456,0.22333892434835434,0.11862147226929665,0.7660863362252712,2.4468945413827896,3.214878022670746,16.940822064876556,21.346448868513107,,,,,D06
UKFS_019,UKFS,2017,13.814714252948761,18.051457285881042,1.2724978178739548,3.5410499274730682,0.03497975094069261,2.7729397118091583,0.20478548109531403,0.10589529108256102,0.7241477183997631,2.3330511152744293,3.7955120652914047,17.02845072746277,17.34517142176628,,,,,D06
UKFS_019,UKFS,2018,13.66447240114212,18.168622314929962,1.3366200923919678,4.159523785114288,0.060734950413461775,3.081485763192177,0.22999494429677725,0.12133450713008642,0.7515261061489582,2.4090801253914833,3.010652042925358,17.10751873254776,21.977217853069305,,,,,D06
UKFS_019,UKFS,2019,12.215908408164978,18.92909073829651,1.4529342725872993,5.04257333278656,0.08454573713243008,3.8435214161872864,0.3217717222869396,0.17761035822331905,0.8773187287151814,2.676647409796715,2.2703201472759247,17.082632184028625,33.36484205722809,,,,,D06
UKFS_019,UKFS,2020,13.223826825618744,18.842751920223236,1.3131886944174767,3.907869666814804,0.03589142649434507,3.164243698120117,0.24564831424504519,0.1334922146052122,0.813210666179657,2.6142630875110626,3.3213359862565994,17.225433886051178,22.51732575893402,,,,,D06
UKFS_019,UKFS,2022,13.213927805423737,19.21621811389923,1.37289360165596,4.5819108337163925,0.060363699099980295,3.4969270080327988,0.2688419260084629,0.1464297971688211,0.8344234600663185,2.6403331458568573,2.798673465847969,17.536760091781616,26.4408877491951,0.926543354988098,0.7091689705848694,0.9135496020317078,0.6424804925918579,D06
UKFS_019,UKFS,2023,12.813948273658752,19.06927180290222,1.397638976573944,4.676311552524567,0.06771932973060757,3.6449234783649445,0.2885980624705553,0.15824401145800948,0.8521409071981907,2.6693386137485504,2.7104074209928513,17.371912360191345,29.891412913799286,0.8777247667312622,0.6531983613967896,0.851418137550354,0.5957269668579102,D06
UKFS_019,UKFS,2024,13.227428078651428,19.242812156677246,1.3533648625016212,4.3896122723817825,0.04988379776477814,3.4870173782110214,0.2661593221127987,0.14492190489545465,0.8367681689560413,2.6763983219861984,3.032749742269516,17.510076940059662,25.04318332672119,0.905550181865692,0.6702370643615723,0.8832334876060486,0.6153175830841064,D06
UKFS_016,UKFS,2016,12.028950780630112,18.79661637544632,1.456452615559101,5.011909544467926,0.07090313096705358,4.11861789226532,0.3523764982819557,0.19379916600883007,0.8524340018630028,2.472217097878456,2.5316607281565666,17.539082467556,39.6681222319603,,,,,D06
UKFS_016,UKFS,2017,12.254337012767792,18.604542672634125,1.4479220062494278,4.7832436710596085,0.08475397402071394,3.7778116911649704,0.3204812090843916,0.174777552485466,0.811820987612009,2.3522643446922302,2.659712105989456,17.352515280246735,37.91923636198044,,,,,D06
UKFS_016,UKFS,2018,12.112839311361313,18.803905606269836,1.4645623341202736,4.912573888897896,0.073366515658563,4.202434316277504,0.3615462798625231,0.1978055676445365,0.8358107842504978,2.4189529418945312,2.507106475532055,17.514144718647003,37.832715690135956,,,,,D06
UKFS_016,UKFS,2019,11.430412828922272,19.597143709659576,1.5536366328597069,5.6681482791900635,0.09524039295502007,4.775957405567169,0.42981054075062275,0.2384475488215685,0.9170944653451443,2.676204279065132,1.825392246246338,17.750085771083832,42.38049817085266,,,,,D06
UKFS_016,UKFS,2020,11.770293265581131,19.481060087680817,1.4465874135494232,4.766729399561882,0.045836296638299245,4.32973700761795,0.38576794788241386,0.21350279171019793,0.8880941309034824,2.6236228942871094,2.788390778005123,17.63383811712265,37.6209819316864,,,,,D06
UKFS_016,UKFS,2022,11.88333573937416,19.40370911359787,1.4393000230193138,4.839796751737595,0.038900534505955875,4.4012221544981,0.3858723919838667,0.2138401549309492,0.8921788409352303,2.6160267144441605,2.7970034405589104,17.765334904193878,38.05558627843857,0.9224961996078492,0.6934303045272827,0.913299024105072,0.6255193948745728,D06
UKFS_016,UKFS,2023,11.463219404220581,19.890970289707184,1.5548399835824966,5.68089684844017,0.08220744458958507,5.00428418815136,0.4516682717949152,0.25166585948318243,0.9202397838234901,2.671287551522255,1.9774832651019096,17.978091597557068,42.32210063934326,0.8583412766456604,0.5750647783279419,0.8311328887939453,0.5337061285972595,D06
UKFS_016,UKFS,2024,11.826672524213791,19.574674904346466,1.4865338578820229,5.231306195259094,0.055485582328401506,4.701287224888802,0.41376346349716187,0.22960109822452068,0.9039829596877098,2.602595165371895,2.471810981631279,18.01510125398636,38.86329650878906,0.8925802707672119,0.6435662508010864,0.865925133228302,0.5921124815940857,D06
UKFS_018,UKFS,2016,0.6092051267623901,0.33556350972503424,1.80763179063797,0.020701268455013633,0.9875034168362617,0.08452796190977097,0.13875123858451843,0.07782278954982758,,,,0.7639239430427551,100.0,,,,,D06
UKFS_018,UKFS,2017,0.640725165605545,0.4534933213144541,1.8107490986585617,0.021414721617475152,0.993579525500536,0.07705941051244736,0.12076959386467934,0.07166372239589691,,,,0.7431685924530029,100.0,,,,,D06
UKFS_018,UKFS,2018,,0.272457217797637,1.8372153043746948,0.0024777052458375692,0.9996744804084301,,,,,,,,100.0,,,,,D06
UKFS_018,UKFS,2019,0.7006517648696899,0.27086993772536516,1.9506511837244034,0.016671305056661367,0.9949926882982254,0.12000840902328491,0.17347817867994308,0.09472272545099258,0.4394969940185547,,,0.8590734899044037,100.0,,,,,D06
UKFS_018,UKFS,2020,0.5717228353023529,0.4326891410164535,2.035308450460434,0.027682517422363162,0.9918328709900379,0.0769878625869751,0.1281880121678114,0.06559760496020317,0.2761954367160797,,,0.6827659606933594,100.0,,,,,D06
UKFS_018,UKFS,2022,0.5529269576072693,0.4032918056473136,1.9546468630433083,0.010245839017443359,0.9969228617846966,0.044865332543849945,0.08114152401685715,0.04648108780384064,,,,0.6160745620727539,100.0,0.7763223648071289,0.5081878304481506,0.709629237651825,0.483177125453949,D06
UKFS_018,UKFS,2023,0.6474035978317261,0.385401657782495,2.1086060032248497,0.037885531317442656,0.9765637367963791,0.10650421725586057,0.15997697226703167,0.09647531434893608,0.6500224471092224,,,0.7739881575107574,100.0,0.7339805960655212,0.5098689198493958,0.6579232215881348,0.4798700213432312,D06
UKFS_018,UKFS,2024,0.6836267480483422,0.8821550998836756,2.3022093027830124,0.16263772267848253,0.9131892584264278,0.11496285263162392,0.1656178551224562,0.09282233766638316,0.30125302374362944,,,0.8591561271594121,100.0,0.6858706474304199,0.4164773523807525,0.5943153500556946,0.4047542214393616,D06
UKFS_014,UKFS,2016,13.464419782161713,17.954847157001495,1.3698142021894455,4.655927583575249,0.0640193042345345,3.4211962819099426,0.2569175409153104,0.13398214150220156,0.78013626486063,2.4623240381479263,2.6494445353746414,17.122214376926422,21.840945065021515,,,,,D06
UKFS_014,UKFS,2017,13.997430264949799,18.17790460586548,1.3439986184239388,4.48682276904583,0.05667396310309414,3.2839880138635635,0.24016617983579636,0.12045332277193666,0.7272334359586239,2.3292284458875656,2.8521813228726387,17.328497290611267,17.983975678682327,,,,,D06
UKFS_014,UKFS,2018,13.641230165958405,18.245899200439453,1.395129680633545,4.909633293747902,0.07428138388786465,3.631552577018738,0.272147249430418,0.14093025587499142,0.7700895443558693,2.4830500334501266,2.56306404620409,17.390990793704987,23.37226104736328,,,,,D06
UKFS_014,UKFS,2019,11.632770836353302,19.82927918434143,1.53855562210083,5.991169095039368,0.04077370777667966,5.580974519252777,0.48631222173571587,0.26769025437533855,0.8939762860536575,2.732077106833458,1.75513506680727,18.068848133087158,35.4548636674881,,,,,D06
UKFS_014,UKFS,2020,12.678332209587097,18.81732201576233,1.42476487159729,4.8713981211185455,0.07087087188847363,3.90506175160408,0.31682511512190104,0.1716648885048926,0.8569985963404179,2.660388723015785,2.541961096227169,17.287786960601807,28.999633491039276,,,,,D06
UKFS_014,UKFS,2022,12.325521379709244,18.978718280792236,1.492871031165123,5.2781758308410645,0.09437847172375768,4.2833496034145355,0.36156343668699265,0.1971353106200695,0.8736662641167641,2.6537791788578033,2.259882442653179,17.484492301940918,35.744356632232666,0.9191713929176332,0.6739069223403931,0.9056240916252136,0.6152880191802979,D06
UKFS_014,UKFS,2023,11.832216590642929,19.24595296382904,1.5468811690807343,5.647955149412155,0.09672130731632933,4.747214704751968,0.42012947611510754,0.2293506981804967,0.8875352256000042,2.6727189868688583,1.9359072670340538,17.601179718971252,39.42330455780029,0.8791037797927856,0.6312541961669922,0.8525584936141968,0.5798658132553101,D06
UKFS_014,UKFS,2024,12.16286525130272,19.274609088897705,1.5055101811885834,5.287390917539597,0.09563796245492995,4.34000726044178,0.3753300402313471,0.204112246632576,0.8755013421177864,2.661039710044861,2.1980530880391598,17.596715569496155,36.392011761665344,0.8934615254402161,0.6217983961105347,0.8683474659919739,0.5775629878044128,D06
UKFS_015,UKFS,2016,10.105062425136566,14.506112575531006,1.7206331565976143,4.344197355210781,0.2404032659251243,2.863050952553749,0.28999375738203526,0.15667844098061323,0.8013860359787941,2.1283925101161003,1.6111510898917913,13.726123034954071,57.22278606891632,,,,,D06
UKFS_015,UKFS,2017,10.595972776412964,14.716485977172852,1.7630694881081581,4.298894792795181,0.265877396450378,2.86258564889431,0.2804117863997817,0.15042252000421286,0.7862079441547394,2.115150675177574,1.7161635621450841,13.976425647735596,53.140023320913315,,,,,D06
UKFS_015,UKFS,2018,10.643265783786774,14.79750394821167,1.7638954296708107,4.375230431556702,0.2513821435859427,2.8726706504821777,0.2765726400539279,0.14987916545942426,0.7894422635436058,2.152913823723793,1.6813082825392485,14.082721769809723,54.29647821187973,,,,,D06
UKFS_015,UKFS,2019,8.968901425600052,16.454074919223785,1.6877272054553032,4.576464310288429,0.1556287845596671,4.022250592708588,0.4532230906188488,0.25235691759735346,0.8986547738313675,2.3999963998794556,1.516497048549354,14.290783524513245,60.99444806575775,,,,,D06
UKFS_015,UKFS,2020,9.532555907964706,15.265663862228394,1.6479860916733742,4.1905853152275085,0.1778484380338341,3.2258632481098175,0.3608870040625334,0.20054971054196358,0.8756736814975739,2.3547352254390717,1.8838311983272433,13.926766991615295,58.314617395401,,,,,D06
UKFS_015,UKFS,2022,9.555232554674149,15.517962276935577,1.6872407495975494,4.444746658205986,0.19623043085448444,3.4335198551416397,0.382334990426898,0.21329559665173292,0.8899556435644627,2.402026042342186,1.7016983292996883,14.256510496139526,57.82683277130127,0.9038894176483154,0.6342650651931763,0.8834071755409241,0.5832929611206055,D06
UKFS_015,UKFS,2023,9.290786489844322,15.570090651512146,1.6437342390418053,4.306181646883488,0.17637053923681378,3.3729934990406036,0.38574352115392685,0.21577826235443354,0.8896891437470913,2.380194455385208,1.7497692182660103,13.928458988666534,58.64705669879913,0.8569532632827759,0.5905299782752991,0.8219760060310364,0.5473710894584656,D06
UKFS_015,UKFS,2024,9.120375111699104,15.655310690402985,1.6647256761789322,4.259542167186737,0.18073275568895042,3.361763946712017,0.3970536645501852,0.22290798462927341,0.8845460005104542,2.3855786696076393,1.755555878393352,13.829103976488113,59.49736142158508,0.8705699443817139,0.597557544708252,0.8407810926437378,0.5528208017349243,D06
UKFS_013,UKFS,2016,7.936494588851929,9.484806703403592,2.1372824981808662,2.7508468627929688,0.5253635724075139,2.4775494436422982,0.3044870837281148,0.16777323139831424,0.7499472374717394,1.7511845231056213,1.228704707076152,11.585589369138082,84.78883361816406,,,,,D06
UKFS_013,UKFS,2017,8.920849943161011,8.905462635681033,1.7229322344064713,2.641369640827179,0.5149196737911552,2.9486447095870973,0.3482350066304207,0.1906910225749016,0.822529274225235,2.126645505428314,1.5424511015415192,13.040191841125488,80.37147259712219,,,,,D06
UKFS_013,UKFS,2018,8.292128245035807,9.807242556475103,1.968405306339264,2.882312148809433,0.4972101701423526,2.6763157645861306,0.3297821891804536,0.18036079096297422,0.7862876206636429,1.9231570959091187,1.2705076808730762,12.117565552393595,81.87505102157593,,,,,D06
UKFS_013,UKFS,2019,6.903564095497131,9.429446621797979,2.247902624309063,2.5394442938268185,0.46964295697398484,2.745363059143225,0.39645296956102055,0.2256018907452623,0.8248092010617256,1.8629298309485118,1.33963767089881,11.1607164144516,87.61328673362732,,,,,D06
UKFS_013,UKFS,2020,7.052103281021118,9.448828838765621,2.1990920528769493,2.5667219161987305,0.4694570363499224,2.742593971391519,0.38306104609121877,0.21680490765720606,0.8305325731635094,1.9228361000617344,1.3488965888197224,11.160483797391256,86.46191239356995,,,,,D06
UKFS_013,UKFS,2022,7.492027629505504,9.45650103315711,1.898889236152172,2.6542821899056435,0.47216594824567437,3.252320311286233,0.4434527267109264,0.2508875619281422,0.8951820189302618,2.1962625005028467,1.45110995457931,12.258663350885564,84.48243117332458,0.8935006856918335,0.6592621803283691,0.8696248531341553,0.6014068722724915,D06
UKFS_013,UKFS,2023,6.226467925768632,9.409423865377903,2.090636968612671,2.6261446673888713,0.46544392965734005,2.724215269088745,0.4053121954202652,0.23065241025044367,0.8906312476504933,2.1260686354203657,1.39101654172621,10.378229287954477,85.4742500782013,0.7966119647026062,0.5125395059585571,0.747519850730896,0.481855034828186,D06
UKFS_013,UKFS,2024,5.993123389207399,9.648300377652049,2.0388946309685707,2.5770114806946367,0.4785812385380268,2.7319114735493293,0.41754705802752423,0.23787532546199286,0.8745159777727994,2.1259574348276313,1.2924635112285614,10.300430650894459,87.66620874404907,0.8143253326416016,0.5664541125297546,0.7629500031471252,0.5272759199142456,D06
UKFS_025,UKFS,2016,,0.27456481475383043,1.7819537818431854,0.0,1.0,,,,,,,,100.0,,,,,D06
UKFS_025,UKFS,2017,,0.331137340515852,1.8045767024159431,0.0,1.0,,,,,,,,100.0,,,,,D06
UKFS_025,UKFS,2018,,0.23062900360673666,1.7899356931447983,0.0,1.0,,,,,,,,100.0,,,,,D06
UKFS_025,UKFS,2019,,0.12508765142410994,1.7396200224757195,0.0,1.0,,,,,,,,100.0,,,,,D06
UKFS_025,UKFS,2020,0.7028449376424154,0.40851813228800893,1.9137818813323975,0.04691359121352434,0.9728617295622826,0.14927169928948084,0.21168411274751028,0.11505023141702016,0.36671097576618195,,,0.9710675279299418,100.0,,,,,D06
UKFS_025,UKFS,2022,,0.21282966015860438,1.8910007551312447,0.0,1.0,,,,,,,,100.0,0.6908891797065735,0.4521738886833191,0.5967605113983154,0.4351600110530853,D06
UKFS_025,UKFS,2023,,0.1813766355626285,1.7867425382137299,0.0,1.0,,,,,,,,100.0,0.5932772755622864,0.3530943393707275,0.4772025048732757,0.3477179706096649,D06
UKFS_025,UKFS,2024,0.543379008769989,0.3561113402247429,1.9014385491609573,0.010341879911720753,0.998642310500145,0.03872653469443321,0.07126984000205994,0.0392756313085556,,,,0.6060949563980103,100.0,0.6273692846298218,0.372031569480896,0.5144011974334717,0.3673619031906128,D06
YELL_002,YELL,2018,0.5989128180912563,0.5735538545995951,1.8389011919498444,0.023924521286971867,0.9972308874130249,0.07886673430246967,0.12986776658466884,0.08121273879493986,,,,0.6765500392232623,100.0,,,,,D12
YELL_002,YELL,2019,0.5608789473772049,0.4891794268041849,1.756301887333393,0.03197565581649542,0.9885155148804188,0.0517746526747942,0.09214366227388382,0.05365942046046257,,,,0.636992946267128,100.0,,,,,D12
YELL_002,YELL,2020,,0.388752119615674,1.7598812058568,0.0018084325129166245,0.9998282976448536,,,,,,,,100.0,,,,,D12
YELL_002,YELL,2022,0.5604861862957478,0.6975558437407017,1.8412852957844734,0.08923062216490507,0.9717639163136482,0.05261428334051743,0.09090370906051248,0.04863526322878897,0.4798320233821869,,,0.6569454148411751,100.0,0.5710614919662476,0.3138183653354645,0.4867734909057617,0.3029170334339142,D12
YELL_002,YELL,2023,0.6373723424397982,0.740454226732254,1.9168347343802452,0.08488022640813142,0.9753134436905384,0.09452463056032474,0.1262510992013491,0.07029022476994075,0.9612365961074829,,,0.7932565945845383,100.0,0.5225147008895874,0.305454671382904,0.4145205318927765,0.2960917949676513,D12
YELL_002,YELL,2025,0.6477058529853821,0.8320691362023354,1.9532960951328278,0.15883586439304054,0.9234063848853111,0.09009510527054469,0.13765849272410074,0.07735159049431482,0.34781691431999207,,,0.79625350634257,100.0,0.4675013720989227,0.254477858543396,0.3386796116828918,0.2535970509052276,D12
YELL_016,YELL,2018,0.5746961832046509,0.45437444001436234,1.8682641088962555,0.015022265841253102,0.9975521191954613,0.05132762963573138,0.08317268391450246,0.05102557688951492,,,,0.6266295115152994,100.0,,,,,D12
YELL_016,YELL,2019,,0.2260952319484204,1.8792414516210556,0.0,1.0,,,,,,,,100.0,,,,,D12
YELL_016,YELL,2020,,0.1364359650760889,1.8297631964087486,0.0,1.0,,,,,,,,100.0,,,,,D12
YELL_016,YELL,2022,0.5713685154914856,0.3170923152938485,2.134091131389141,0.005990625126287341,0.9986902065575123,0.047858718782663345,0.08376156538724899,0.04766241833567619,,,,0.6475079655647278,100.0,0.5052847862243652,0.3267271518707275,0.4081233441829681,0.3058042228221893,D12
YELL_016,YELL,2023,0.5761899352073669,0.33867622213438153,2.0800534561276436,0.011641695629805326,0.9964455291628838,0.06743152625858784,0.11601564660668373,0.06224782019853592,,,,0.6973041594028473,100.0,0.462597906589508,0.3186309039592743,0.3508833050727844,0.297754555940628,D12
YELL_016,YELL,2025,0.6452619433403015,0.4116907133720815,2.101519964635372,0.020554822403937578,0.9964038878679276,0.10903651018937428,0.1691446453332901,0.11145482460657756,,,,0.7476925055185953,100.0,0.300090491771698,0.1965235322713852,0.1542427241802215,0.1902839988470077,D12
YELL_013,YELL,2018,0.5695134997367859,0.45258853305131197,1.9425047487020493,0.026731586665846407,0.9956665486097336,0.05422636400908232,0.09171793039422482,0.057232537190429866,,,,0.6272585913538933,100.0,,,,,D12
YELL_013,YELL,2019,,0.1720893457531929,1.883639708161354,0.0,1.0,,,,,,,,100.0,,,,,D12
YELL_013,YELL,2020,,0.17287997622042894,1.8472932875156403,0.0,1.0,,,,,,,,100.0,,,,,D12
YELL_013,YELL,2022,0.567340299487114,0.46514972671866417,2.0479268208146095,0.030183847527951002,0.993690725415945,0.05448326049372554,0.09438122669234872,0.05356623907573521,,,,0.6604383662343025,100.0,0.7014948725700378,0.4616323113441467,0.6409065127372742,0.4312276542186737,D12
YELL_013,YELL,2023,0.5769548118114471,0.429348410340026,2.014535129070282,0.033953228034079075,0.9921849370002747,0.04989883035887033,0.08426206884905696,0.04548439884092659,,,,0.6385813355445862,100.0,0.6699208617210388,0.4733859002590179,0.5977139472961426,0.4374753832817077,D12
YELL_013,YELL,2025,0.6479970812797546,0.6522283973172307,2.1721088215708733,0.08470295113511384,0.971038993448019,0.0960226021707058,0.14714514531872488,0.0851109390231696,0.32275694608688354,,,0.7908242832530629,100.0,0.4784298539161682,0.3149797916412353,0.3411999344825744,0.3079769611358642,D12
YELL_006,YELL,2018,7.848996599515279,12.208828775212169,2.299784541130066,3.6050178857985884,0.6107829976826906,2.6254208123932283,0.31012428402900694,0.17635469250380992,0.8522647458773392,2.2572895884513855,0.7610149559779809,11.792613581816356,82.84212327003479,,,,,D12
YELL_006,YELL,2019,10.166232802651145,10.864999393001199,2.1218082681298256,3.674182202666998,0.6616403684020042,2.923051492734389,0.292397334494374,0.1655275235799226,0.7484452358701013,1.9700972708788784,0.6404914570351442,14.656805905428799,83.15964245796204,,,,,D12
YELL_006,YELL,2020,10.039068785580723,10.802390413358808,2.2263448536396027,3.4040540009737015,0.6756980456411839,2.9928367246281016,0.30040955543518066,0.16961530460552735,0.7539536966518923,1.9787022308869795,0.7144805091348562,14.7457106330178,85.02550983428955,,,,,D12
YELL_006,YELL,2022,8.270396824393954,11.210332004353404,2.147838182747364,3.7369624050334096,0.6632278598845005,2.5097892989537547,0.2905575622405325,0.16108013370207377,0.8207114636898041,2.177310271696611,0.6794674396514893,11.891358337232045,81.88635993003845,0.6063873171806335,0.2713758647441864,0.394292801618576,0.2605971395969391,D12
YELL_006,YELL,2023,7.824133173624674,12.090073611587286,2.2510497868061066,3.6669995323754847,0.5951938191428781,2.8402336058517297,0.3454083854953448,0.18951001440485318,0.8612397267268255,2.250728448232015,0.8450418369223675,11.909191397825877,80.17295122146606,0.6267737150192261,0.298182725906372,0.6603344082832336,0.2843434512615204,D12
YELL_006,YELL,2025,6.884484749287367,11.317188885062933,2.192025661468506,3.6260085962712765,0.6020242162048817,2.6287262502592057,0.332666149828583,0.18336152634583414,0.84804567694664,2.2615520520643755,0.7626250342776378,10.486821833997965,81.23117327690125,0.4780437648296356,0.2189433574676513,0.4374940991401672,0.2150592058897018,D12
YELL_020,YELL,2018,3.226436026394367,6.685733616352081,2.223599575459957,1.6799978949129581,0.5069414963945746,1.2290885634720325,0.38624189235270023,0.22042351868003607,0.8357966095209122,1.2674815952777863,0.599754519527778,5.281240999698639,99.98868417739868,,,,,D12
YELL_020,YELL,2019,3.9783924520015717,6.229084596037865,2.5777491703629494,1.8557122647762299,0.648978715762496,0.9890969954431057,0.2504473375156522,0.13786964444443583,0.7263555452227592,1.1554772059122722,0.44283202418591827,5.61183924973011,100.0,,,,,D12
YELL_020,YELL,2020,4.127000570297241,6.298368155956268,2.39378322660923,1.9585915692150593,0.5918151829391718,1.002672292292118,0.2442190060392022,0.1362847089767456,0.6997609548270702,1.1406668225924175,0.5565401373896748,5.74014076590538,100.0,,,,,D12
YELL_020,YELL,2022,3.8840783536434174,7.2814309895038605,2.2743120715022087,2.0003397427499294,0.5245935441926122,1.3761300183832645,0.35911086574196815,0.20452501438558102,0.8335150331258774,1.4120910055935383,0.6467247572727501,6.174559473991394,100.0,0.7465804815292358,0.3648566603660583,0.7010298371315002,0.3559582531452179,D12
YELL_020,YELL,2023,3.8951288014650345,7.53019443154335,2.054336652159691,2.084790602326393,0.4339344371110201,1.4524667784571648,0.3785214815288782,0.2156591797247529,0.8598408550024033,1.4209004119038582,0.7709590010344982,6.308677434921265,100.0,0.7727962732315063,0.4152200222015381,0.7248783707618713,0.4013570249080658,D12
YELL_020,YELL,2025,4.179245293140411,8.214395016431808,2.014648549258709,2.19009929895401,0.4018480759114027,1.5413350388407707,0.37478928454220295,0.21350442990660667,0.8457356169819832,1.5404129773378372,0.8900565821677446,6.699031352996826,99.99530076980591,0.7129598259925842,0.3360781371593475,0.6334841847419739,0.3372750580310821,D12
YELL_008,YELL,2018,4.336315696438153,6.004422914236784,2.159118242561817,1.4506953083910048,0.7533300849609077,1.4886583538415532,0.2835900379965703,0.15144221174220243,0.7540092468261719,1.9059876203536987,1.1239682942894953,6.834783966342608,92.45348834991455,,,,,D12
YELL_008,YELL,2019,6.954006143978664,5.4265824584290385,1.874701276421547,1.5451147044077516,0.7585775507614017,2.254817560315132,0.2994146389620645,0.1693714420710291,0.806656946738561,2.0324403047561646,1.1135134398937225,10.639602737767357,92.92677402496338,,,,,D12
YELL_008,YELL,2020,7.861525399344308,5.893530915025622,1.9971895292401314,1.4860499203205109,0.7365808789618313,2.616674610546657,0.33362928458622526,0.18849196604319982,0.7847623654774257,1.871284386941365,1.602870691035475,12.30360208238874,91.50317859649658,,,,,D12
YELL_008,YELL,2022,3.7044670542081195,6.048414763063192,2.2680977880954742,1.5173308461671695,0.7481789465527982,1.1973259868721167,0.2250301902492841,0.12395791237552961,0.8051626256534031,2.191110610961914,1.18467515707016,5.721283622582754,91.898681640625,0.6242548227310181,0.3629739582538605,0.5349441766738892,0.3500736057758331,D12
YELL_008,YELL,2023,3.497391525655985,6.147343195974827,2.1998817175626755,1.5372124161804095,0.7401236253790557,1.1806334739085287,0.22484938700781865,0.12151255621574819,0.824072573866163,1.9773054122924805,1.1769695574683803,5.5850317776203156,91.78011679649353,0.6559366583824158,0.3881389796733856,0.5811741352081299,0.3712947964668274,D12
YELL_008,YELL,2025,3.7420533696810403,6.4522614777088165,2.2529022321105003,1.6623054768424481,0.7112728045322001,1.4063161840041478,0.296575332681338,0.1640163963039716,0.827554736818586,2.052416443824768,1.1492810222719396,6.155027290185292,92.14452242851257,0.5127347111701965,0.2872206270694732,0.3840087056159973,0.2860748469829559,D12
YELL_014,YELL,2018,0.5717813287462506,0.5553606450557709,1.8125413954257965,0.022460482781752944,0.9960691072046757,0.07074555674833911,0.1204093609537397,0.06796150175588471,,,,0.6466042484555926,100.0,,,,,D12
YELL_014,YELL,2019,,0.371786224655807,1.8099554926156998,0.0037238094955682755,0.9996886551380157,,,,,,,,100.0,,,,,D12
YELL_014,YELL,2020,,0.3643358116969466,1.7870192900300026,0.0,1.0,,,,,,,,100.0,,,,,D12
YELL_014,YELL,2022,0.5586309157885038,0.6129085868597031,1.8226848095655441,0.06402782420627773,0.9791588895022869,0.043464900746655,0.07281415334616143,0.040942439903469324,,,,0.6260455250740051,100.0,0.4711471498012543,0.2525011301040649,0.3713051080703735,0.2447237521409988,D12
YELL_014,YELL,2023,0.585153286655744,0.6534953452646732,1.8460159003734589,0.05942700046580285,0.985083069652319,0.06837642223884662,0.11245742688576381,0.061321392034490906,0.7219281196594238,,,0.7168599168459574,100.0,0.4644665718078613,0.2438126057386398,0.355301022529602,0.2392712384462356,D12
YELL_014,YELL,2025,0.6032067963055202,0.8023869171738625,1.877256490290165,0.12930403486825526,0.933729562908411,0.0812660873468433,0.13173614575394563,0.0725646595071469,0.12525201216340065,,,0.7343293300696782,100.0,0.4074111878871918,0.2195888012647628,0.2849552035331726,0.2159227132797241,D12
YELL_001,YELL,2018,0.5845065457480294,0.5270011126995087,1.9583408385515213,0.025893868994899094,0.9957027956843376,0.05892267410776445,0.09769973850675992,0.05741223825940064,,,,0.6626902222633362,100.0,,,,,D12
YELL_001,YELL,2019,,0.2695873249322176,1.8425359204411507,0.0,1.0,,,,,,,,100.0,,,,,D12
YELL_001,YELL,2020,,0.2817081669345498,1.8479685187339783,0.0,1.0,,,,,,,,100.0,,,,,D12
YELL_001,YELL,2022,0.5629655539989471,0.5848393645137548,2.0774913355708122,0.04671602544840425,0.9884994477033615,0.04636682658456266,0.0801387820392847,0.04625106849707663,,,,0.6312685966491699,100.0,0.6878454685211182,0.4384503364562988,0.6182309985160828,0.4139542281627655,D12
YELL_001,YELL,2023,0.5918613821268082,0.5837255334481597,2.0349553897976875,0.05035393685102463,0.9881447590887547,0.04815729521214962,0.07694753835042922,0.041751524123052754,,,,0.6619735956192017,100.0,0.5406515598297119,0.3167287409305572,0.4260472655296325,0.3102026879787445,D12
YELL_001,YELL,2025,0.6399432908404957,0.6580319963395596,2.1894853189587593,0.07486873760353774,0.9804789870977402,0.0814798694442619,0.1275659054517746,0.07537564465945418,,,,0.7442021532492205,100.0,0.3879321813583374,0.2268289923667907,0.2457018345594406,0.2247429490089416,D12
YELL_011,YELL,2018,0.5735803484916687,0.5121150072664022,1.9627369418740273,0.020486766006797552,0.9954227954149246,0.05471144840121269,0.09513066560029984,0.05580924972891808,,,,0.643989908695221,100.0,,,,,D12
YELL_011,YELL,2019,0.5448663830757141,0.2824424309656024,1.7754178568720818,0.011002068407833576,0.9926346801221371,0.03301333263516426,0.06058977171778679,0.03384974226355553,,,,0.608898401260376,100.0,,,,,D12
YELL_011,YELL,2020,,0.2493667295202613,1.7977767139673233,0.0,1.0,,,,,,,,100.0,,,,,D12
YELL_011,YELL,2022,0.5571750154097875,0.5843954533338547,1.9072342216968536,0.04488626751117408,0.9906266517937183,0.04387553269043565,0.07804783526808023,0.044774679001420736,,,,0.6180381526549658,100.0,0.5605969429016113,0.3192391991615295,0.4874289035797119,0.3021177649497986,D12
YELL_011,YELL,2023,0.6058548526330427,0.5900941528379917,1.9603097289800644,0.04183982464019209,0.9917086698114872,0.05194286759212175,0.08482077613503018,0.04647937264632095,,,,0.6677330461415377,100.0,0.5602226257324219,0.347198873758316,0.4778785109519958,0.3259101212024688,D12
YELL_011,YELL,2025,0.6498343256803659,0.7093899007886648,1.984610877931118,0.08249954250641167,0.9779782146215439,0.0677751937451271,0.10518980069229236,0.06132973135950474,,,,0.7422414651283851,100.0,0.3843327760696411,0.2270318567752838,0.2539747953414917,0.2211821973323822,D12
YELL_004,YELL,2018,0.6703918054699898,0.6816055197268724,1.8561810851097107,0.08053789043333381,0.9606081806123257,0.12399948295205832,0.16585259279236197,0.09470612951554358,0.8883948028087616,,,0.8710958808660507,100.0,,,,,D12
YELL_004,YELL,2019,0.7760796546936035,0.3904270213097334,1.8445452377200127,0.02915054652839899,0.9864918924868107,0.20950735360383987,0.2721331939101219,0.16562895476818085,0.7933953702449799,,,1.080106943845749,100.0,,,,,D12
YELL_004,YELL,2020,0.7627348899841309,0.2567356270737946,1.8344511091709137,0.020505934953689575,0.9857594929635525,0.15685653686523438,0.20565013587474823,0.12048612534999847,0.3095434308052063,,,0.9703726768493652,100.0,,,,,D12
YELL_004,YELL,2022,0.7584608537810189,0.6818189863115549,1.8676149919629097,0.08977161679649726,0.9556237682700157,0.1564472553187183,0.17480228335729667,0.10160361576293196,0.761235256989797,,0.0,0.9971817306109837,100.0,0.5112090706825256,0.2944543957710266,0.4236755967140198,0.2798137664794922,D12
YELL_004,YELL,2023,0.7968955039978027,0.7059146845713258,1.952934816479683,0.09939193516038358,0.9472323544323444,0.15927250842962945,0.17409229917185648,0.09739285175289426,0.8577691316604614,,0.0,1.0765641927719116,100.0,0.4774418473243713,0.2871895730495453,0.3745851516723633,0.2737323939800262,D12
YELL_004,YELL,2025,0.730239850282669,0.7995807603001595,1.927362509071827,0.12554004043340683,0.929377032443881,0.1462770514190197,0.18237649500370026,0.10568489655852317,0.6140488088130951,,0.0,0.9666184902191162,100.0,0.4001036286354065,0.2353586256504058,0.2780457139015198,0.2276664972305297,D12
YELL_003,YELL,2018,1.1027507682641347,0.7837521443143487,1.963426411151886,0.08199974009767175,0.9926083981990814,0.2052871958973507,0.09725212818011642,0.05827075343889495,0.7872625589370728,1.0436755418777466,0.0708831250667572,1.3918593227863312,100.0,,,,,D12
YELL_003,YELL,2019,3.8891379833221436,0.5429956801235676,1.873038835823536,0.10221605002880096,0.986268937587738,0.6208745241165161,0.1596432328224182,0.08108969032764435,0.5079558491706848,0.6333388686180115,0.22508341073989868,5.398748874664307,100.0,,,,,D12
YELL_003,YELL,2020,4.069236755371094,0.5725169191136956,1.8868262320756912,0.09199044853448868,0.9908854179084301,0.8640202283859253,0.21232978999614716,0.11104597896337509,0.5182529091835022,0.5318179130554199,0.12945806980133057,5.767956733703613,100.0,,,,,D12
YELL_003,YELL,2022,0.9084760480456882,0.8623459571972489,2.0292446836829185,0.10819396551232785,0.9866279885172844,0.1764068582819568,0.10337316058576107,0.05713241785350773,0.7055350542068481,1.0992225408554077,0.10485328733921051,1.1547740830315485,100.0,0.5249565243721008,0.3051222264766693,0.4197738170623779,0.2954545617103576,D12
YELL_003,YELL,2023,0.9447146475315094,0.8969580307602882,2.006393864750862,0.13520615675952286,0.9826210476458073,0.14990633651614188,0.08980384711176156,0.048749585170298815,0.7190877795219421,1.1229971647262573,0.20405127108097076,1.1662519037723542,100.0,0.4734830856323242,0.2860346138477325,0.3582319319248199,0.2737355530261993,D12
YELL_003,YELL,2025,0.8985448642210527,0.9990544077008963,2.0535976514220238,0.19059630576521158,0.9568429216742516,0.23714568457481536,0.16815246252173727,0.09607769159430807,0.7790312767028809,1.1324702501296997,0.23457224667072296,1.2274251905354587,100.0,0.3797770142555237,0.2183556109666824,0.2317545861005783,0.2179077267646789,D12
YELL_010,YELL,2018,0.688959383047544,0.8037405163049698,2.1214329674839973,0.09392250888049603,0.9747370518743992,0.12632855128210324,0.17362919478462294,0.10243104985700204,0.6574088856577873,,,0.8552473462544955,100.0,,,,,D12
YELL_010,YELL,2019,0.6716522872447968,0.3325923504307866,1.95201675593853,0.01928510912694037,0.9946138821542263,0.09698179364204407,0.14120852574706078,0.08475204557180405,,,,0.780356764793396,100.0,,,,,D12
YELL_010,YELL,2020,0.6567933559417725,0.3562966953031719,1.9223476871848106,0.02163051161915064,0.9942117743194103,0.11784945676724116,0.1726487303773562,0.10579725354909897,0.8112781047821045,,,0.7971461613972982,100.0,,,,,D12
YELL_010,YELL,2022,0.6092704108783177,0.7160516008734703,2.184495061635971,0.08947901660576463,0.9706060476601124,0.0768951629953725,0.11831228395125695,0.06718449068388768,0.5194338709115982,,,0.7306903643267495,100.0,0.5902435183525085,0.3710778653621673,0.5032704472541809,0.3506743013858795,D12
YELL_010,YELL,2023,0.6576959618500301,0.7917677853256464,2.1301416531205177,0.11289075808599591,0.962730810046196,0.09646273351141385,0.1427613938493388,0.08016255843852248,0.5109320680300394,,,0.8222869336605072,100.0,0.466675341129303,0.2753266096115112,0.3485868573188782,0.2671397030353546,D12
YELL_010,YELL,2025,0.6653775743075779,0.839451476931572,2.1925374045968056,0.14685987145639956,0.940664991736412,0.10499861384076732,0.15595655302916253,0.08961122802325658,0.4573521465063095,,,0.8336175765310015,100.0,0.3533439934253692,0.2077107727527618,0.2139105349779129,0.2040528655052185,D12
YELL_005,YELL,2018,0.6585126280784607,0.8675346672534943,1.981380321085453,0.08909312612377107,0.9817289710044861,0.1312019269913435,0.17574938610196114,0.0989217193176349,0.9222724437713623,,,0.8667224168777465,100.0,,,,,D12
YELL_005,YELL,2019,0.7192850311597189,0.5422595180571079,1.805690884590149,0.022281905519776046,0.9965655654668808,0.15952577566107115,0.21204234411319098,0.12210183839003245,0.7735795080661774,,,0.9424476822217306,100.0,,,,,D12
YELL_005,YELL,2020,0.7201649248600006,0.5107470396906137,1.8685268983244896,0.02500183111988008,0.9954303652048111,0.17862187582068145,0.22777229454368353,0.1339194136671722,0.6751432567834854,,,0.9558087140321732,100.0,,,,,D12
YELL_005,YELL,2022,0.7121240456899007,1.0048038810491562,1.9892159923911095,0.1355038951151073,0.9664464071393013,0.16520728568236034,0.18543602029482523,0.10424379085501036,0.9274936517079672,,0.0,0.9595390995343526,100.0,0.6209359169006348,0.320001482963562,0.5443784594535828,0.312963604927063,D12
YELL_005,YELL,2023,0.7493235309918721,1.068523045629263,1.9974778816103935,0.1731766362208873,0.9456783123314381,0.18020499361058076,0.1916445943216483,0.10736420427759488,0.8935778935750326,,0.04583359509706497,1.0662564476331076,100.0,0.5774210691452026,0.310637354850769,0.4810376763343811,0.3048222064971924,D12
YELL_005,YELL,2025,0.7965735495090485,1.2720247581601143,2.105194926261902,0.2064860863611102,0.9437447190284729,0.21677771396934986,0.20878128102049232,0.11925696162506938,0.8804969390233358,0.6888167262077332,0.021598652005195618,1.1687910631299019,100.0,0.4710367023944855,0.2599222064018249,0.3532561659812927,0.2552608549594879,D12
YELL_007,YELL,2018,4.918311481292431,7.653203641995788,2.3334587439894676,1.620568464975804,0.6941352966241539,1.975860664477715,0.45002415776252747,0.23623853348768675,0.7665564447641373,1.6688592612743378,1.1087721386458724,7.891940442415384,89.75595879554749,,,,,D12
YELL_007,YELL,2019,8.837077426910401,7.84216817561537,2.5447326228022575,2.018899418413639,0.7463880525901914,1.8281255662441254,0.2163431689143181,0.12104144040495157,0.636823584139347,1.481917005777359,0.7782237620092929,11.359497261047363,88.91774296760559,,,,,D12
YELL_007,YELL,2020,8.993336534500122,7.874316954985261,2.5941695272922516,1.93155999481678,0.7402185190003365,1.9376907467842102,0.2236427530646324,0.12558863516896962,0.6364332795143127,1.5027892470359803,0.9503751010634005,11.615922355651856,89.02078342437744,,,,,D12
YELL_007,YELL,2022,4.818159818649292,8.266648788005114,2.5956195890903473,1.7140209303470328,0.7224716038908809,1.6353704042267054,0.3409218431916088,0.17928679601754993,0.7136553347110748,1.6779518723487854,1.0812277001328767,7.450642552226782,88.81908559799194,0.6987161040306091,0.3617087304592132,0.6470901370048523,0.3512583971023559,D12
YELL_007,YELL,2023,4.989912420511246,9.125618431717157,2.5906737744808197,2.063342669280246,0.6910160963889211,2.2036524896975607,0.4130426093470305,0.22027473303023726,0.7490778689583143,1.945000660419464,0.99953136051243,8.22836096957326,88.98747682571411,0.7130751013755798,0.3814765214920044,0.6640251278877258,0.367741197347641,D12
YELL_007,YELL,2025,4.8393613658845425,9.27313132956624,2.5126947686076164,2.1332948898198083,0.6646565217524767,2.206267471337924,0.4472272772109136,0.22018594192923047,0.657859895664912,1.957845723628998,0.9978442080318928,7.8708320409059525,88.52740478515625,0.6278189420700073,0.2616088688373565,0.5530153512954712,0.2671757638454437,D12
YELL_018,YELL,2018,0.6133240461349487,0.18308892846107483,1.8082486987113953,0.004962921142578125,0.9989583343267441,0.09677504003047943,0.1577877700328827,0.08516273647546768,,,,0.7795729041099548,100.0,,,,,D12
YELL_018,YELL,2019,,0.11666674632579088,1.8180115073919296,0.0,1.0,,,,,,,,100.0,,,,,D12
YELL_018,YELL,2020,,0.13685016334056854,1.8394986167550087,0.0,1.0,,,,,,,,100.0,,,,,D12
YELL_018,YELL,2022,,0.14380486030131578,1.8624071553349495,0.0,1.0,,,,,,,,100.0,0.5230210423469543,0.3242543339729309,0.4251724481582641,0.3069814443588257,D12
YELL_018,YELL,2023,0.6167189180850983,0.2174097173847258,1.9023468494415283,0.013624502345919609,0.9961472675204277,0.11707525886595249,0.18346450477838516,0.09695049561560154,0.36205124855041504,,,0.8887104690074921,100.0,0.4267969131469726,0.2821513712406158,0.2995485663414001,0.2689980864524841,D12
YELL_018,YELL,2025,,0.1355867893435061,1.874725565314293,0.0,1.0,,,,,,,,100.0,0.3290770649909973,0.2245708107948303,0.1891185045242309,0.2138603925704956,D12
YELL_023,YELL,2018,13.188145458698273,22.74064826220274,2.0424435883760452,7.4052115976810455,0.4033080516383052,5.661690650507808,0.4759524706751108,0.2534174481406808,0.8740112334489822,2.7282038847605388,0.9390231112639109,20.76628864556551,56.07958173751831,,,,,D12
YELL_023,YELL,2019,13.023073516786098,21.227578412741423,2.5402207747101784,6.858177689369768,0.6036287732422352,5.2717861058190465,0.4795815544202924,0.25082702934741974,0.7812983989715576,2.3314834594726563,0.5410993638137976,19.825649429112673,69.29988920688629,,,,,D12
YELL_023,YELL,2020,12.941088926047087,21.45362950116396,2.49755996465683,6.943966489285231,0.6109535936266184,5.420543698826805,0.4584171250462532,0.24379350000526756,0.8072631319363912,2.426808404922485,0.518740048011144,20.00956428050995,71.2779769897461,,,,,D12
YELL_023,YELL,2022,11.779234778136015,22.30081857740879,2.323691986501217,7.082903174683452,0.47494405414909124,5.92521798517555,0.5860671121627092,0.3025085311383009,0.8244202919304371,2.561294595400492,0.7114981929461162,20.068925596773624,64.94152331352234,0.7177006006240845,0.3142722249031067,0.692522406578064,0.3084291219711303,D12
YELL_023,YELL,2023,11.383603759109974,22.045865066349506,2.180273547768593,6.736595220863819,0.39953347109258175,5.704789885319769,0.5816331272944808,0.2963851420208812,0.8315812684595585,2.529485241572062,0.8808895746866862,19.28488526493311,61.23459184169769,0.7142641544342041,0.3971145153045654,0.65839022397995,0.378503680229187,D12
YELL_023,YELL,2025,10.95650514215231,22.04776631295681,2.2447071373462677,6.746749449521303,0.39713212195783854,5.8596097975969315,0.6242690440267324,0.323159147053957,0.8244791217148304,2.5003214915593466,0.7616737531498075,19.307062417268753,63.00728440284729,0.6962245106697083,0.3481604158878326,0.6319810152053833,0.3406667411327362,D12
YELL_012,YELL,2018,11.075127720832825,18.27590548992157,1.6709555238485336,5.554769217967987,0.22909267526119947,3.7504108548164368,0.3396697361022234,0.19102530367672443,0.8994726277887821,2.6385039538145065,1.5025108885020018,16.403123676776886,50.20127320289612,,,,,D12
YELL_012,YELL,2019,11.659280836582184,17.860989093780518,2.0675740763545036,6.252344906330109,0.48460463620722294,3.6606632322072983,0.3167865015566349,0.1752290315926075,0.8537992984056473,2.4572283029556274,0.7246670424938202,16.54718989133835,63.840513706207275,,,,,D12
YELL_012,YELL,2020,11.843977451324463,18.06000792980194,1.9903059303760529,6.272339046001434,0.44241603277623653,3.48896424472332,0.2942481925711036,0.1644243486225605,0.8523487746715546,2.4863076359033585,0.8340515960007906,16.66318380832672,60.41043448448181,,,,,D12
YELL_012,YELL,2022,11.358924925327301,18.356588542461395,1.8139557391405106,5.9604178965091705,0.31674304977059364,3.800786107778549,0.33653898909687996,0.18885823246091604,0.8987190425395966,2.6159564554691315,1.1680964902043343,16.61889135837555,53.70056414604187,0.6787217855453491,0.2629686892032623,0.6519842743873596,0.2628600299358368,D12
YELL_012,YELL,2023,10.812518656253815,18.44186109304428,1.7388223484158516,5.603659480810165,0.2623792504891753,3.875808209180832,0.36467758752405643,0.20472214091569185,0.9036311767995358,2.634492442011833,1.3530623521655798,16.38997483253479,53.83177363872528,0.6298224925994873,0.2180422693490982,0.5983211398124695,0.2222315222024917,D12
YELL_012,YELL,2025,10.556521832942963,18.31716012954712,1.8431710004806519,5.839426815509796,0.3289515543729067,3.950788676738739,0.38141906075179577,0.21506063919514418,0.9149206541478634,2.634330466389656,1.0791503302752972,16.346234381198883,59.73879790306091,0.6385310292243958,0.1653097718954086,0.6385733485221863,0.1733629703521728,D12
YELL_009,YELL,2018,11.545428425073624,19.497497618198395,1.706580102443695,5.871679127216339,0.2474864195100963,4.005427435040474,0.35430986527353525,0.1990059008821845,0.8950850740075111,2.6383338421583176,1.4658918306231499,17.49061632156372,51.07203817367554,,,,,D12
YELL_009,YELL,2019,12.207732021808624,19.0674911737442,1.936754122376442,6.481529653072357,0.41177978552877903,3.7305846214294434,0.3123212829232216,0.17383423121646047,0.8102670684456825,2.3887161910533905,0.9124988038092852,17.47548121213913,58.2722442150116,,,,,D12
YELL_009,YELL,2020,11.747370898723602,19.20675778388977,1.9896918684244156,6.375190705060959,0.424836047925055,4.18540957570076,0.35975011717528105,0.20119647588580847,0.8367690443992615,2.43438633531332,0.8906846586614847,17.98674476146698,62.498982548713684,,,,,D12
YELL_009,YELL,2022,12.148336589336395,19.58773022890091,1.9666575640439987,6.523209720849991,0.4084293991327286,4.103191643953323,0.3488071449100971,0.1936759650707245,0.8669864013791084,2.5538718849420547,0.9229908250272274,18.051690459251404,59.1352858543396,0.5757712721824646,0.2475953698158264,0.5181456208229065,0.2453018724918365,D12
YELL_009,YELL,2023,11.681180655956268,19.60232949256897,1.8180314302444458,6.289571851491928,0.3229836863465607,4.111373469233513,0.3603833680972457,0.20205296110361814,0.8929566070437431,2.6413290947675705,1.1371297985315323,17.76911473274231,55.77241003513336,0.5799906849861145,0.2186954319477081,0.5606015920639038,0.2182752192020416,D12
YELL_009,YELL,2025,11.638787150382996,19.48265504837036,1.826519064605236,6.295512825250626,0.32569849118590355,4.109439566731453,0.36294314358383417,0.20360821951180696,0.8904166184365749,2.625625491142273,1.1160727851092815,17.630864679813385,55.814900040626526,0.5342086553573608,0.2103566080331802,0.5010283589363098,0.208343356847763,D12
YELL_021,YELL,2018,13.505162417888641,23.548248052597046,1.67287015914917,6.925485908985138,0.21152162086218596,4.895596235990524,0.37819921504706144,0.21203584037721157,0.9068229645490646,2.8174485713243484,1.5147392861545086,20.85078239440918,39.655733585357666,,,,,D12
YELL_021,YELL,2019,13.915268123149872,23.043833374977112,1.8546855598688126,7.426367700099945,0.3504123967140913,4.589699909090996,0.34396635461598635,0.1936252461746335,0.8708433471620083,2.6947028785943985,1.063388254493475,20.900522708892822,48.54667258262634,,,,,D12
YELL_021,YELL,2020,13.929724991321564,23.15576207637787,1.7821108102798462,7.42993238568306,0.304819593206048,4.688642799854279,0.349171981215477,0.19705588929355145,0.8816523514688015,2.7553070783615112,1.177100021392107,21.1128591299057,44.539806842803955,,,,,D12
YELL_021,YELL,2022,13.234620928764343,23.885414838790894,1.6811101585626602,6.865240812301636,0.20367532595992088,5.074651345610619,0.40466187708079815,0.2273664316162467,0.9074732288718224,2.84905543923378,1.5335132405161858,20.782390117645264,40.357043743133545,0.7438971400260925,0.2486469745635986,0.7260951399803162,0.2529173493385315,D12
YELL_021,YELL,2023,13.1939797103405,23.997711896896362,1.640905886888504,6.75233256816864,0.17501638131216168,5.104943469166756,0.4051100891083479,0.22742320224642754,0.9152726754546165,2.8752921372652054,1.6035726107656956,20.77371907234192,38.34925138950348,0.759043276309967,0.255471259355545,0.741549551486969,0.2598208487033844,D12
YELL_021,YELL,2025,13.372539758682251,23.859952569007874,1.6258859559893608,6.735883980989456,0.16490166122093797,5.170910879969597,0.404240095987916,0.22640702780336142,0.9153913520276546,2.8739736676216125,1.6634633839130402,20.976856112480164,36.325509548187256,0.7003315091133118,0.2697580754756927,0.640933096408844,0.2723999917507171,D12
YELL_022,YELL,2018,8.969871073961258,19.97010040283203,2.059056341648102,5.82750429213047,0.32671246118843555,5.287142843008041,0.6302813459187746,0.3544174646958709,0.9057613201439381,2.638798877596855,0.9260084303095937,17.176274001598358,69.1786687374115,,,,,D12
YELL_022,YELL,2019,9.519175231456757,19.20219337940216,2.150756113231182,5.923040926456451,0.4097659424878657,4.968725264072418,0.5791150350123644,0.3235705140978098,0.8714060857892036,2.4726368710398674,0.7768457438796759,17.370735228061676,72.6148452758789,,,,,D12
YELL_022,YELL,2020,9.457318991422653,19.192441701889038,2.118668355047703,5.977230355143547,0.40109015069901943,5.059255883097649,0.5833378974348307,0.32810282334685326,0.8755564093589783,2.507960468530655,0.7663959078490734,17.29144075512886,72.24817848205566,,,,,D12
YELL_022,YELL,2022,9.175409197807312,19.835444748401642,1.9842518270015717,5.920939192175865,0.2977086049504578,5.240928769111633,0.6117831747978926,0.34385360311716795,0.9165112860500813,2.638420283794403,0.9919184176251292,17.409478187561035,68.04956459999084,0.6536188125610352,0.2514342963695526,0.6550473570823669,0.2508500814437866,D12
YELL_022,YELL,2023,8.950251430273056,19.732975006103516,1.9223486855626106,5.720360457897186,0.24762937938794494,5.165866106748581,0.6234195493161678,0.3511542584747076,0.9208319112658501,2.632583186030388,1.1099590919911861,17.18828135728836,66.77236235141754,0.673854649066925,0.2296080440282821,0.6834481358528137,0.2321790903806686,D12
YELL_022,YELL,2025,8.95160423219204,19.90796148777008,1.965259075164795,5.799644187092781,0.28282413398846984,5.161811515688896,0.6186003815382719,0.3470814498141408,0.9183925092220306,2.639218531548977,0.9925986882299185,17.059033751487732,68.05514359474182,0.6850509643554688,0.1668314188718795,0.7660104632377625,0.1741993278264999,D12
YELL_047,YELL,2018,4.7299457006156445,10.421590130776167,2.383150577545166,2.6895326643716544,0.5768554024398327,2.41072642756626,0.5281960722059011,0.29101544350851327,0.8644224206606547,1.9174098372459412,0.5462115117659171,8.822808962315321,92.61361527442932,,,,,D12
YELL_047,YELL,2019,5.252748556931814,9.0400623511523,2.5268124639987946,2.4015449709258974,0.75121477432549,2.032317403952281,0.4508823404709498,0.22606782764196395,0.6875488437139071,1.4452254387239616,0.3610531620573826,8.501917068163554,93.8532166481018,,,,,D12
YELL_047,YELL,2020,5.862169325351715,8.319616220891476,2.3411300480365753,2.407756384462118,0.7378509379923344,2.003459123464731,0.3340913699223445,0.182745927801499,0.7039329799321982,1.6566496653990312,0.4678988287394697,8.93321941449092,94.19182395935059,,,,,D12
YELL_047,YELL,2022,4.407936904579401,9.416961651295424,2.4815185740590096,2.461490041576326,0.6765880547463894,2.2069059719797224,0.49770391127094626,0.2752139214426279,0.8468051830927531,1.833146835366885,0.35648807949785677,7.9911416955292225,93.24022150039673,0.6142106652259827,0.2991421818733215,0.5588892698287964,0.2909268140792846,D12
YELL_047,YELL,2023,4.222172789275646,9.593959830701351,2.253500811755657,2.5394567102193832,0.546756966970861,2.2230146108195186,0.5342792943120003,0.29622549656778574,0.837548028677702,1.8984104196230571,0.5014848380039135,8.071553759276867,92.87244033813477,0.6300703883171082,0.353412926197052,0.5685552358627319,0.3362040221691131,D12
YELL_047,YELL,2025,4.106693245470524,9.51626144349575,2.3032443448901176,2.55498103518039,0.5745785133913159,2.329037337563932,0.5638702008873224,0.3110730149783194,0.8736835519472758,1.8779473851124446,0.38752463708321255,8.134640339761972,93.4097228050232,0.5671384334564209,0.2751669883728027,0.4967651963233948,0.2707134187221527,D12
YELL_054,YELL,2018,5.6309798285365105,14.239831231534481,2.115339510142803,3.7862097285687923,0.3862388748675585,3.4215872306376696,0.5988201424479485,0.33557203505188227,0.8971851095557213,2.1914936701456704,0.784424439072609,11.638808906078339,88.66105127334595,,,,,D12
YELL_054,YELL,2019,6.509068854649862,12.943542947992682,2.201380118727684,3.714723577722907,0.5030789636075497,3.274907661477725,0.4996521765987078,0.27703598911563554,0.7656972408294678,2.011220531804221,0.6765649179617564,12.171094703674317,88.73416757583618,,,,,D12
YELL_054,YELL,2020,6.631243795156479,14.332080334424973,2.421529918909073,3.9014450795948505,0.5054831160232425,3.234555176459253,0.48858213890343904,0.2704526773886755,0.7624671198427677,2.013829469680786,0.6421079691499472,12.081229716539383,88.59758424758911,,,,,D12
YELL_054,YELL,2022,5.436135068535805,13.043452806770802,2.294626899063587,3.528988813981414,0.48230774514377117,3.1855527348816395,0.6056131049990654,0.3345318092033267,0.8905227892100811,2.168460181781224,0.6457092472817749,11.168169006705284,90.45478534698486,0.674805223941803,0.28704634308815,0.6705539226531982,0.2822793126106262,D12
YELL_054,YELL,2023,5.39985117316246,13.357341460883617,2.1498396173119545,3.5700765680521727,0.3900274718180299,3.22710994631052,0.5904133971780539,0.3270037258043885,0.894236646592617,2.082207282384237,0.784698249399662,11.185977265238762,90.20280027389526,0.6681092977523804,0.3575844764709472,0.6234520673751831,0.3416487276554107,D12
YELL_054,YELL,2025,5.002926029264927,12.732230864465237,2.1820090785622597,3.3361391592770815,0.43746355222538114,3.0517719369381666,0.5969961378723383,0.3313611438497901,0.902858093380928,2.106366344860622,0.7449896378176553,10.480210438370705,91.78434419631958,0.6004275679588318,0.2679334282875061,0.5587320327758789,0.2640492916107178,D12
YELL_058,YELL,2018,5.114734228168215,8.69193720817566,1.9993027970194817,2.4917211503488943,0.6453714282251894,2.1444862575403283,0.3317722678184509,0.19005240499973297,0.8379260139031843,2.228613793849945,0.9463109374046326,8.52834687914167,88.79754257202148,,,,,D12
YELL_058,YELL,2019,7.03230197429657,8.064850071445107,2.0466312766075134,2.4386918514501303,0.7023641364648938,2.8847145289182663,0.3747034952044487,0.2144901216030121,0.8377848996056451,2.0427287883228726,0.8323545191023085,11.437263774871827,89.60393691062927,,,,,D12
YELL_058,YELL,2020,6.485650761560961,8.07200161460787,1.9769391566514969,2.4896784373559058,0.6837722407653928,2.5909229401837695,0.3313137052411383,0.19016290760853075,0.8400193187925551,2.1194461120499506,0.8350243700875176,10.464009653438222,89.89485359191895,,,,,D12
YELL_058,YELL,2022,4.779538318514824,8.624770179390907,2.1538738533854485,2.499893656698987,0.7084278017282486,1.8649228154681623,0.2876176374265924,0.16307964245788753,0.8931746542453766,2.2302808894051447,0.7014511393176185,7.53655781596899,90.21671223640442,0.684343159198761,0.3409880995750427,0.7229725122451782,0.3272958695888519,D12
YELL_058,YELL,2023,4.934287643432617,8.647803232073784,2.0472995340824127,2.561873077880591,0.6509527573361993,2.011806009709835,0.3049694130070343,0.17317278000215688,0.9069222867488861,2.267942123942905,0.9345413578881158,8.059920124212901,89.68440437316895,0.6184596419334412,0.3379061222076416,0.559379518032074,0.3234077095985412,D12
YELL_058,YELL,2025,4.857842703660329,8.786521680653095,2.0752511098980904,2.5255532320588827,0.6645378959365189,2.076244609057903,0.35442370424667996,0.19980836560328802,0.9101633727550507,2.302513016594781,0.8503957887490591,8.101450602213541,90.22194266319275,0.4790798723697662,0.242572471499443,0.3879052698612213,0.2391566038131714,D12
YELL_044,YELL,2018,5.143819652497768,11.211532235145569,2.4134679287672043,2.8768166210502386,0.505187492351979,2.667629100382328,0.563116891309619,0.30392035096883774,0.8353747259825468,1.7313843257725239,0.6536469996062806,9.53473573923111,89.09623265266418,,,,,D12
YELL_044,YELL,2019,5.824060350656509,9.129985910840333,2.4676253721117973,2.688710526563227,0.634763010777533,2.5862653718463013,0.43683388855840477,0.24136647475617273,0.7366173175665048,1.9483921527862549,0.6311609209156953,9.649641918284553,91.4460039138794,,,,,D12
YELL_044,YELL,2020,5.861230544745922,10.374089568853378,2.8535578921437263,3.0174629352986813,0.6168976649641991,2.4378691744059324,0.4459042935632169,0.2449870186392218,0.6677435375750065,1.753750374683967,0.4631980430567637,9.551013052463531,91.61502027511597,,,,,D12
YELL_044,YELL,2022,5.011810909956694,10.105564817786217,2.4122010841965675,2.7530956473201513,0.5617844806984067,2.45678651612252,0.5061384495347738,0.273663398809731,0.8087993375957012,2.1120613515377045,0.6404728896295031,8.967521540820599,89.41716885566711,0.6533172130584717,0.3247295916080475,0.635876476764679,0.314875453710556,D12
YELL_044,YELL,2023,5.185998582839966,10.280032027512789,2.176927872002125,2.8330953307449818,0.4899589344859123,2.5570398648579915,0.5266422271728516,0.2899069090684255,0.8774508515993754,1.9923438475682185,0.7265372311075529,9.431477403640747,90.2074670791626,0.5966328978538513,0.3214187622070312,0.5237846374511719,0.3118298649787903,D12
YELL_044,YELL,2025,4.881838276982307,10.232903331518173,2.35476915538311,2.80558305606246,0.5220491136424243,2.430364292114973,0.5281929839402437,0.2920209523290396,0.8704785257577896,1.8888480812311172,0.6448608261843523,8.783460527658463,90.7917149066925,0.4544899463653564,0.2128832340240478,0.349190890789032,0.2156057655811309,D12
YELL_052,YELL,2018,8.5128722935915,17.06587179005146,1.9894957542419434,4.724069816991687,0.33750934060662985,3.9409903939813375,0.490503566339612,0.2749970224685967,0.8853430077433586,2.4890206972757976,1.2013801087935765,14.904713094234467,67.49732804298401,,,,,D12
YELL_052,YELL,2019,9.349992402394612,16.089158529415727,2.0494523271918297,4.900548428297043,0.44690413773059845,3.7784281571706138,0.43432169159253436,0.2376061975955963,0.7975969751675923,2.1818294127782187,0.8795993248621623,15.18843542734782,72.03753924369812,,,,,D12
YELL_052,YELL,2020,8.93749205271403,16.08233606349677,2.176162786781788,4.75528547167778,0.46319902036339045,4.037875398000081,0.4805278102556864,0.26209547817707063,0.798247367143631,2.155744131406148,0.8112183784445127,15.807312520345052,74.39719843864441,,,,,D12
YELL_052,YELL,2022,7.9312286004424095,16.23354470729828,2.287330463528633,4.573486182838678,0.450918635353446,3.740575361996889,0.5152352508157492,0.2856462327763438,0.8486005626618862,2.3381627003351846,0.7648197785019875,13.874254256486893,74.28290295600891,0.7095663547515869,0.2945469319820404,0.501852810382843,0.2885365188121795,D12
YELL_052,YELL,2023,8.176142171025276,16.619818091392517,2.123974494636059,4.765576239675283,0.3900149120017886,3.9820802211761475,0.5231990031898022,0.2927747620269656,0.892115630209446,2.45167818069458,0.8874222449958324,14.670265302062035,71.32960796356201,0.7097364664077759,0.3880457580089569,0.6761189103126526,0.3674227595329284,D12
YELL_052,YELL,2025,7.339946061372757,15.43123422563076,2.1939528360962868,4.389227345585823,0.415791985578835,3.648025283589959,0.5506078191101551,0.3049048185348511,0.8717400953173637,2.315807851155599,0.7627496365457773,13.41392296552658,76.06051230430603,0.6099555492401123,0.2628998160362243,0.5639536380767822,0.2620200216770172,D12
YELL_055,YELL,2018,7.858101770281792,18.31659036874771,1.9062006324529648,4.984210669994354,0.2709048450924456,4.260985255241394,0.5714186709374189,0.31971613597124815,0.9040409699082375,2.5026927068829536,1.068787420168519,15.015773713588715,74.69760179519653,,,,,D12
YELL_055,YELL,2019,7.9610476195812225,16.675576090812683,2.1699640974402428,4.949151426553726,0.4433284606784582,4.114867262542248,0.541979631409049,0.30307086277753115,0.8536481112241745,2.327761672437191,0.6895520370453596,14.364973664283752,79.46647071838379,,,,,D12
YELL_055,YELL,2020,7.6691611260175705,16.37434232234955,2.0497142523527145,4.975118562579155,0.3384081805124879,4.422649905085564,0.6136416178196669,0.34347795229405165,0.8569099269807339,2.297214761376381,0.8419670891016722,14.66219824552536,76.05494904518127,,,,,D12
YELL_055,YELL,2022,7.383101016283035,16.97193843126297,2.0992650985717773,4.967318966984749,0.34691137727349997,4.407492488622665,0.6625645477324724,0.36270636413246393,0.8804748617112637,2.447800576686859,0.7425617855042219,14.66569858789444,77.41885185241699,0.6911677122116089,0.319546639919281,0.660252034664154,0.3112321496009826,D12
YELL_055,YELL,2023,7.72966867685318,16.815799117088318,1.9129612892866135,4.758779630064964,0.2835256243124604,4.010346755385399,0.560753496363759,0.31160777155309916,0.9046469926834106,2.444926217198372,1.0538147883489728,14.077581524848938,75.05979061126709,0.7051347494125366,0.3808892667293548,0.6562716960906982,0.3636175692081451,D12
YELL_055,YELL,2025,7.485227182507515,17.366898238658905,2.0372422114014626,4.785882353782654,0.3474089130759239,4.081265106797218,0.5996982734650373,0.32992290891706944,0.8854829333722591,2.4438398331403732,0.8571249591186643,14.16984224319458,78.28874182701111,0.6390154361724854,0.3081517815589905,0.5751346349716187,0.3025307357311249,D12
YELL_062,YELL,2018,5.223163351416588,11.85516183078289,2.4429175183176994,3.1616436168551445,0.5621065553277731,2.961702786386013,0.6110057104378939,0.3341698879376054,0.8280467838048935,1.9153086304664613,0.44598596706055105,9.983983054757118,91.09373474121094,,,,,D12
YELL_062,YELL,2019,5.588724061846733,11.39893952012062,2.773998908698559,3.0049109514802694,0.666271410882473,2.7702489560469985,0.5718351434916258,0.3003990165889263,0.6727307513356209,1.5018496990203858,0.33911987989995396,10.286879926919937,92.11029386520386,,,,,D12
YELL_062,YELL,2020,5.7823917008936405,11.063081413507462,2.62319003790617,3.116080624051392,0.6665397211909294,2.6002133027650416,0.4770328094018623,0.25216045713750646,0.6694380799929301,1.7696791887283325,0.3886920064687729,9.934269417077303,91.13396573066711,,,,,D12
YELL_062,YELL,2022,5.178563795983791,11.203579396009445,2.5807049721479416,2.898964513093233,0.6507586156949401,2.8250460997223854,0.575904356315732,0.3129200851544738,0.8081265278160572,1.8477240204811096,0.36268166539957747,9.745843559503555,92.01005148887634,0.6356891393661499,0.2883619964122772,0.6371535062789917,0.2802250981330871,D12
YELL_062,YELL,2023,5.351525880396366,11.703414529561996,2.548006236553192,3.1170610152184963,0.6099787410348654,2.853356759995222,0.5870414096862078,0.31612402852624655,0.8317194432020187,1.7491854932159185,0.39881434256676584,10.05774100124836,92.04411935806274,0.6101412773132324,0.3252029716968536,0.5489490628242493,0.3127144575119018,D12
YELL_062,YELL,2025,4.951850414276123,11.583715483546257,2.525726653635502,3.1098565869033337,0.5891250465065241,2.933308210223913,0.658598430454731,0.34948751144111156,0.7920642979443073,1.8259583751360575,0.370009180624038,9.900959566235542,92.43871808052063,0.5160964727401733,0.238633930683136,0.4367577135562897,0.2376259863376617,D12
YELL_056,YELL,2018,6.5835490599274635,12.76404283195734,2.085051879286766,3.556495546363294,0.45474764332175255,2.806432917714119,0.4472717549651861,0.25191829819232225,0.915113165974617,2.251908506665911,1.042488541986261,11.1665975227952,81.87938189506531,,,,,D12
YELL_056,YELL,2019,7.533073747158051,11.77718060463667,2.3663428276777267,3.5704084183089435,0.5916083641350269,2.6509687773883344,0.33907028237978615,0.18702118595441183,0.7813795570816312,1.9562578861202513,0.730663852500064,11.677535684903463,82.95845866203308,,,,,D12
YELL_056,YELL,2020,7.457090862592062,11.536668231710792,2.2093783766031265,3.550014316337183,0.5793500505387783,2.610727287704746,0.3306125428527594,0.18502173783878487,0.8196553375039782,2.0804305993593655,0.8655269827980262,11.528991079330444,82.33419990539551,,,,,D12
YELL_056,YELL,2022,6.670434184372425,12.124935567378998,2.186740428209305,3.572580151259899,0.5166184203699231,2.7234371481463313,0.42874702624976635,0.2369336225092411,0.8519167061895132,2.1575236228796153,0.7414380803704261,10.812358900904655,81.33447694778442,0.6837843656539917,0.256096750497818,0.6563051342964172,0.2530745267868042,D12
YELL_056,YELL,2023,6.437538951635361,12.22558143734932,2.098819963634014,3.5152798295021057,0.45370697183534503,2.69788620993495,0.44896942377090454,0.24942732881754637,0.8659019395709038,2.203429416968272,0.8154143244610168,10.62350732088089,80.89443635940552,0.6392308473587036,0.2939708828926086,0.6404561996459961,0.2858551442623138,D12
YELL_056,YELL,2025,5.83901084959507,10.839498162269592,2.106147490441799,3.180961363017559,0.4706971114501357,2.40760469250381,0.4398348852992058,0.24474480655044317,0.8436705060303211,2.3820515394210817,0.7065535959700355,9.615610659122467,82.79085922241211,0.5270001292228699,0.2045382857322693,0.5011889934539795,0.2059778273105621,D12
YELL_048,YELL,2018,8.63752418756485,18.291022539138794,1.9790149480104446,5.028971329331398,0.2984338025562465,4.347378313541412,0.5314976815134287,0.3002881547436118,0.9018923491239548,2.5166799128055573,1.0844009504653513,15.254906058311462,69.33246564865112,,,,,D12
YELL_048,YELL,2019,9.251537770032883,17.691679060459137,2.2242801636457443,5.136676132678986,0.45006096828728914,4.0496000945568085,0.4630387034267187,0.2571633430197835,0.8270540870726109,2.231085281819105,0.7740964277181774,15.196161210536957,74.01094913482666,,,,,D12
YELL_048,YELL,2020,9.03511455655098,17.961375534534454,2.1918204873800278,5.1369016617536545,0.45172315649688244,4.244751647114754,0.5000174306333065,0.2791643338277936,0.8328484501689672,2.278985109180212,0.7913494543172419,15.445922017097473,73.41113042831421,,,,,D12
YELL_048,YELL,2022,7.782186131924391,17.400967076420784,2.123755358159542,4.840974361635745,0.4244958804920316,4.218243985436857,0.598916795104742,0.3273880332708359,0.8397939689457417,2.5119524161020914,0.7767669469118118,14.446899652481079,74.55991649627686,0.6823812127113342,0.2442924976348877,0.746009349822998,0.242698460817337,D12
YELL_048,YELL,2023,8.071457087993622,17.179469376802444,1.955770954489708,4.888758886605501,0.34864494670182467,4.041631789878011,0.5425859019160271,0.30219128262251616,0.8712173625826836,2.5187139987945555,0.9810721317927042,14.492085717618465,71.69929647445679,0.6534416675567627,0.2982580959796905,0.6200525760650635,0.2897920906543731,D12
YELL_048,YELL,2025,7.861676104366779,17.141386531293392,2.0522298738360405,4.937266558408737,0.39655958767980337,4.092252651229501,0.5608425121754408,0.31109790317714214,0.8853127062320709,2.5163887977600097,0.802226306994756,14.213539980351925,74.62448382377625,0.5842849016189575,0.223754197359085,0.5506222248077393,0.225059375166893,D12
YELL_060,YELL,2018,10.624568859736124,14.619974759407341,2.1352927684783936,4.352259628474712,0.578096142038703,4.346475501855214,0.4487510745724042,0.24983899916211763,0.8778025756279627,2.490230123202006,0.8938515602300564,17.0740385055542,77.18548655509949,,,,,D12
YELL_060,YELL,2019,10.19663973649343,13.06807656493038,2.4738707467913628,3.8844717368483543,0.6553212832659483,3.7181941668192544,0.35135553777217865,0.1982865563283364,0.7633142396807671,2.0658396085103354,0.6827979830559343,15.784576614697775,82.43627262115479,,,,,D12
YELL_060,YELL,2020,10.04527852932612,13.406648232601583,2.3274971693754196,3.744627472013235,0.6327713364735246,3.960941195487976,0.4138983488082886,0.22967645029226938,0.7702444866299629,2.2630507349967957,0.7902054029206435,16.29259216785431,80.72380375862122,,,,,D12
YELL_060,YELL,2022,7.9311366975307465,12.623548149131238,2.2234802916646004,3.7464469335973263,0.64607605477795,3.4784116574696133,0.39302869407194,0.21308495623192616,0.8634285222400319,2.563902401924133,0.7827458113685928,13.070883073977061,80.46501088142395,0.6739031076431274,0.2907194793224334,0.9811509847640992,0.2824392318725586,D12
YELL_060,YELL,2023,8.385325268904369,14.157563287764788,2.272378735244274,4.169421915430576,0.5800517946481705,3.579785137126843,0.3986460745334625,0.22094360577563446,0.8515814755644117,2.4029002636671066,0.8675844127622744,13.600918440024058,77.64405059814453,0.6720927953720093,0.3482840955257416,0.6644760966300964,0.3341182768344879,D12
YELL_060,YELL,2025,8.81918038214956,14.155145455151796,2.281988389790058,4.116466231644154,0.5760153792798519,3.8330557325056622,0.4535464271903038,0.24937254935503006,0.8776868411472866,2.3924264262119928,0.8769877888262272,14.430577303682055,78.68654823303223,0.543515682220459,0.2415106147527694,0.561130166053772,0.2403141260147094,D12
YELL_051,YELL,2018,7.305938998858134,5.046773988753557,1.9851678609848022,1.420903217047453,0.8241270091384649,2.9750764469305673,0.35912419855594635,0.20330560952425003,0.9107153316338857,2.5304481983184814,1.0770539417862892,11.915400465329489,91.69332075119019,,,,,D12
YELL_051,YELL,2019,8.99114532272021,5.3538040816783905,2.0882705450057983,1.4829252287745476,0.8094044388271868,2.674576111137867,0.2699217076102893,0.15386683866381645,0.6974239448706309,1.7754450798034669,1.227324875444174,13.322096367677053,88.79699492454529,,,,,D12
YELL_051,YELL,2020,8.982874965667724,4.820834203623235,1.9764362648129463,1.4812253508716822,0.857846025377512,3.3560446202754974,0.35152062177658083,0.19948553144931794,0.8654932975769043,2.3723978400230408,0.8695571348071098,14.390900373458862,91.91917037963867,,,,,D12
YELL_051,YELL,2022,5.684757575392723,5.126180444844067,2.092390537261963,1.4546211176202632,0.8485619053244591,2.4341716750059277,0.3183337324298918,0.17643061699345708,0.8203396598498026,2.4861218333244324,0.7411027602851391,9.305330753326416,91.7113528251648,0.748313844203949,0.4217278361320495,0.7930960059165955,0.3949377536773681,D12
YELL_051,YELL,2023,4.554992443985409,5.11919433157891,2.0608387738466263,1.3698014143155888,0.8297023251652718,2.1508948360052376,0.34463395757807624,0.18933462061815792,0.8617898921171824,2.4982044100761414,0.8663121137768031,8.123501168357002,92.43483138084412,0.7154059410095215,0.4560447931289673,0.7246536612510681,0.4209924340248108,D12
YELL_051,YELL,2025,4.88557571834988,5.216513719409704,2.131246417760849,1.5027644339716062,0.8268585614860058,2.239665884938505,0.3452446891201867,0.18943769691718948,0.8496847748756409,2.5399009585380554,0.7225984264165163,8.38776210281584,92.0759060382843,0.564967155456543,0.3133856356143951,0.7776198983192444,0.3042347431182861,D12
YELL_053,YELL,2018,5.131716852838343,7.154252273030579,2.067462407052517,2.034052125411108,0.7084689531475306,2.3603751962496475,0.41770921207287093,0.23640772006051106,0.898148881064521,2.3175967080252513,0.6443942884604136,8.83873508193276,93.29929089546204,,,,,D12
YELL_053,YELL,2019,6.823600754141808,6.356405542232096,2.283968023955822,1.5965463367756456,0.8177733328193426,2.541647754609585,0.3669474869966507,0.20338350534439087,0.7700043097138405,1.9680256673267909,0.47472326550632715,10.76016217470169,97.40996789932251,,,,,D12
YELL_053,YELL,2020,6.9572398364543915,6.219327721744776,2.2133538499474525,1.7311641306150705,0.801115695387125,2.5620438251644373,0.35054835863411427,0.19795086653903127,0.7087825462222099,1.9186891147068568,0.48984660767018795,10.831983894109726,96.81718683242798,,,,,D12
YELL_053,YELL,2022,4.089809060096741,6.266801184043288,2.36641439050436,1.6042563165538013,0.7848400585353374,2.190509623763236,0.4691653983159499,0.26130531694401393,0.8237621585528055,2.1155491726739064,0.4203402914572507,7.547199184244329,97.25910663604736,0.6760782599449158,0.354915976524353,0.6735244989395142,0.339741587638855,D12
YELL_053,YELL,2023,3.47921451429526,5.58229301776737,2.172247886657715,1.5204691847320646,0.7351975468918681,1.7117961870972067,0.38470756138364476,0.2145610903001701,0.7994992335637411,2.1570528745651245,0.5192886425389184,6.115760609507561,97.0339765548706,0.633034884929657,0.3831931352615356,0.5647795796394348,0.3638301789760589,D12
YELL_053,YELL,2025,3.2451235285172095,5.625902378000319,2.261691138148308,1.5348709267564118,0.7601205632090569,1.6420623396451657,0.3773571972090464,0.21138704209946668,0.8488912714852227,2.1668717861175537,0.5428660728835634,5.860427773915804,97.09596824645996,0.5281068682670593,0.2800169289112091,0.4436314404010772,0.2756195962429046,D12
YELL_045,YELL,2018,7.870946101844311,14.308962762355804,2.185494288802147,4.127791101112962,0.47211663890630007,3.0403540767729282,0.4157606866210699,0.23135583382099867,0.8606523051857948,2.1017792224884033,0.8552688793497509,12.527743048965931,76.93969488143921,,,,,D12
YELL_045,YELL,2019,8.069578878581524,13.59125805273652,2.289976269006729,4.097910496406257,0.5613681888207793,2.798385292873718,0.3563552142586559,0.19917782326228917,0.7979487538337707,2.0555702765782673,0.7101438785592715,12.54513244330883,79.33745098114014,,,,,D12
YELL_045,YELL,2020,8.268115736544132,13.793604642152786,2.4255941957235336,4.144941210746765,0.5511581553146243,2.8738444386981428,0.3678532514022663,0.20537336880806834,0.7541452124714851,2.028334581851959,0.6851874045096338,12.817922443151474,78.8519549369812,,,,,D12
YELL_045,YELL,2022,8.10951443016529,14.537004381418228,2.3681304901838303,4.259170517325401,0.520232412032783,3.1768935695290565,0.4403461394831538,0.24502022843807936,0.8583600223064423,2.1289301216602325,0.7090925562661141,13.057594001293182,78.51660394668579,0.7353153824806213,0.3128427863121032,0.7666662335395813,0.3050082623958587,D12
YELL_045,YELL,2023,7.900442734360695,14.178436025977135,2.10216723382473,4.160216279327869,0.43541798926889896,3.0935766771435738,0.43465830758213997,0.24318010173738003,0.8669888712465763,2.211635692914327,0.8931728573516011,12.731966748833656,76.10096096992493,0.6968511343002319,0.3454770147800445,0.6675480008125305,0.3328249454498291,D12
YELL_045,YELL,2025,7.812326475977898,14.339817136526108,2.3460716754198074,4.137529883533716,0.5103458343073726,3.2129870131611824,0.47106909193098545,0.26117377541959286,0.86080127581954,2.092512421309948,0.7141647301614285,12.836368560791016,78.09064555168152,0.545788586139679,0.2299096286296844,0.4845744371414184,0.2320049703121185,D12
YELL_046,YELL,2018,8.031813289437975,13.20718945004046,2.681184932589531,3.5774466767907143,0.687046374194324,3.6845626107284,0.4789229077952249,0.2620957429919924,0.824321910738945,2.1606835251053176,0.575529663823545,13.565754073006767,85.03336882591248,,,,,D12
YELL_046,YELL,2019,9.581244240204493,11.519132882356644,2.5947441682219505,3.2556675241794437,0.7932698950171471,3.097117638836304,0.3062637063364188,0.16814670028785864,0.7463837211782282,1.9166214845397256,0.36937534233385866,14.293649911880493,88.33519697189331,,,,,D12
YELL_046,YELL,2020,9.47369304070106,12.168006226420403,2.7831746712327003,3.3586918273940682,0.7642040960490704,2.838954666772714,0.27050372700278574,0.15006993997555512,0.6795760641495386,1.9641676924445413,0.4329562479009231,13.9768352325146,86.63706827163696,,,,,D12
YELL_046,YELL,2022,6.61854760987418,10.701517067849636,2.7510962039232254,2.9397556725889444,0.7723373966291547,2.960081128935729,0.4516676015087536,0.23848571415458406,0.7661037643750509,2.1678437769412993,0.4218471951105378,11.02540524516787,87.59857940673828,0.752191424369812,0.4146167635917663,0.8041983246803284,0.3892220854759216,D12
YELL_046,YELL,2023,7.757101910454886,13.237944524735212,2.828569270670414,3.477196831256151,0.7313700709491968,3.821828302528177,0.5310706804905619,0.2816083330128874,0.8237395605870655,2.1543406347433725,0.4464497815351933,13.73943806546075,86.20516538619995,0.8016647696495056,0.542088508605957,0.7899027466773987,0.4905500113964081,D12
YELL_046,YELL,2025,7.2467069540705,12.449752209708095,2.8053132370114326,3.3462463403120637,0.7326087737455964,3.7095600105822086,0.5816002759550299,0.2965860015579632,0.78858668250697,2.1631488366560503,0.459304897657906,12.843483405453819,86.6456708908081,0.6883318424224854,0.3925532102584839,0.6506869196891785,0.3765611946582794,D12
YELL_061,YELL,2018,5.840398395061493,11.0569671029225,2.451784074306488,3.037939563393593,0.632056319154799,2.8004443034529687,0.4556142787138621,0.24724728266398113,0.8364159337111882,2.2233049273490906,0.5592151548374783,9.968955588340759,86.2754397392273,,,,,D12
YELL_061,YELL,2019,6.7636412133773165,10.307634475640953,2.531366676092148,2.8525678750593215,0.7206447459757328,3.5515619786456227,0.5708872849742571,0.31473094907899696,0.7372065674174916,1.8904153466224671,0.4395487013865601,12.187124515573183,89.36215853691101,,,,,D12
YELL_061,YELL,2020,7.813716444102201,9.36018884088844,2.333291709423065,2.8477639872580767,0.6899604150094092,3.0741570138118486,0.42412323741750285,0.2362938000058586,0.7538925409317017,2.0377668142318726,0.6267892040989615,12.163703701712869,86.93232274055481,,,,,D12
YELL_061,YELL,2022,4.870213715235392,10.57509633153677,2.613357812166214,2.780308436602354,0.6233304589986801,2.8895856946706773,0.5537863676746686,0.3033865305284659,0.7428473512331645,2.1109853863716124,0.3311218947172165,9.369004376729329,89.57211661338806,0.7838912010192871,0.3580682873725891,0.8223980069160461,0.3462125062942505,D12
YELL_061,YELL,2023,4.61004269917806,10.449774053879082,2.371593251824379,2.8587568644434214,0.5085731083527207,2.804576583703359,0.595024460554123,0.31808993419011433,0.767653755346934,2.0812216281890867,0.3895294648129493,9.27924542427063,88.9188928604126,0.7800295352935791,0.4837915301322937,0.763667106628418,0.447295218706131,D12
YELL_061,YELL,2025,4.64128528436025,10.501211915165186,2.431137330830097,2.7699258122593164,0.5257098842412233,2.805856970945994,0.5824452400207519,0.3156996488571167,0.780410885810852,1.8928177898580378,0.4305058689167102,9.397222264607747,90.11458587646484,0.6893775463104248,0.3271493315696716,0.6721041202545166,0.3188331723213196,D12
YELL_049,YELL,2018,1.9657300859689713,1.9819984808564186,2.157181531190872,0.3167749885469675,0.9433176070451736,1.7745927721261978,0.7437436208128929,0.34717822074890137,0.6689349114894867,1.782109260559082,0.04793988664944967,6.059006899595261,99.74483680725098,,,,,D12
YELL_049,YELL,2019,0.6599695384502411,0.2953093443065882,1.8708272650837898,0.021253731567412615,0.9882017560303211,0.11284289509057999,0.17140324413776398,0.11134233698248863,,,,0.7599879503250122,100.0,,,,,D12
YELL_049,YELL,2020,0.7943061888217926,0.3026626640930772,1.9372012913227081,0.021883168257772923,0.9935616999864578,0.2142985761165619,0.26543137431144714,0.1563597023487091,0.9709506034851074,,,1.0593176782131195,100.0,,,,,D12
YELL_049,YELL,2022,1.3257994294166564,1.0348331360146403,2.1367485970258713,0.1691499981097877,0.9498818404972553,0.5158741325139999,0.3655315160751343,0.198395037651062,0.6827994227409363,,0.07229025413592656,2.221581721305847,100.0,0.75164794921875,0.4883166551589966,0.6984180212020874,0.4573127627372741,D12
YELL_049,YELL,2023,1.4945846455437797,2.135971801355481,2.320500537753105,0.32139608077704906,0.8928344454616308,0.7399570388453347,0.4516689734799521,0.22097232405628478,0.7745469297681536,0.536575436592102,0.1126282673329115,2.5772299425942555,99.92509984970093,0.7542253732681274,0.5531339645385742,0.693886935710907,0.5081195831298828,D12
YELL_049,YELL,2025,1.6623929057802473,2.1206642580218613,2.415220893919468,0.308079618960619,0.910640012472868,0.6728582658937999,0.3966795216713633,0.21286403281348093,0.6386411445481437,0.5618613262971243,0.09323043748736382,2.7912714311054776,100.0,0.546631932258606,0.3524982333183288,0.4154337644577026,0.3465825021266937,D12
YELL_059,YELL,2018,11.147226370871067,18.522227838635445,1.9708865508437157,5.609967650379986,0.48115442134439945,4.25949864089489,0.38110884465277195,0.21371799148619175,0.8986845135688781,2.852471649646759,1.313574992120266,16.805160857737064,60.04307687282562,,,,,D12
YELL_059,YELL,2019,13.67176342010498,17.23812709748745,2.2142490819096565,5.22169604152441,0.5528665555175394,4.402513384819031,0.31371076534000725,0.17926319022304738,0.7729376004292414,2.22111491056589,1.1802256737943166,19.60416786487286,65.35593676567078,,,,,D12
YELL_059,YELL,2020,14.783289649269797,16.67337094526738,1.9838956743478775,5.539920473005623,0.6115703489631414,5.399409857663241,0.3704547042196447,0.2087946371598677,0.8634475577961315,2.6952333450317383,0.8787556534463709,22.15615532614968,70.29923391342163,,,,,D12
YELL_059,YELL,2022,10.278365932404995,17.341638397425413,2.0982607528567314,5.739180838689208,0.5168230906128883,4.135782993864268,0.40880940668284893,0.22500636102631688,0.864141845703125,2.776791745966131,0.9113645404577255,15.789675571024418,65.13613843917847,0.6708229184150696,0.3070233166217804,0.634284496307373,0.300517201423645,D12
YELL_059,YELL,2023,10.021334059536457,17.292757462710142,1.9800473600625992,5.363587263971567,0.4788640676997602,4.154903884977102,0.4127171281725168,0.22817089688032866,0.8562443614006042,2.8628462227908047,1.0850184381437988,15.71059938147664,62.46448791027069,0.74892657995224,0.4395694136619568,0.7193533182144165,0.4101056456565857,D12
YELL_059,YELL,2025,9.780119881033897,17.423297569155693,2.0901292338967323,5.253439218737185,0.47900394909083843,4.297707579098642,0.4694732269272208,0.2606457397341728,0.8510109372437,2.6753329982360206,1.0633252116923149,15.759061098098755,64.53315365314484,0.697681725025177,0.369732916355133,0.6545206308364868,0.3548252880573272,D12
YELL_043,YELL,2018,4.65124576886495,11.534736884757876,2.2998724281787872,3.5556884966790676,0.4589211028069258,3.7187594791253407,0.7068326771259308,0.3573266327381134,0.699569724003474,1.9612063765525818,0.4260435998439789,10.593439435958862,84.23213052749634,,,,,D12
YELL_043,YELL,2019,6.600365161895752,10.713010399136692,2.2927382439374924,3.478886913508177,0.6030291775241494,4.638411646087964,0.6926077057917913,0.3591371973355611,0.7141663655638695,1.5377983272075653,0.6387215709934632,13.603267351786295,84.14655351638794,,,,,D12
YELL_043,YELL,2020,6.204021612803142,11.027073381002992,2.18607297539711,3.331022895872593,0.5624765772372484,4.304828683535258,0.6794142350554466,0.33712492510676384,0.6657858888308207,1.4772841691970826,0.9141334642966589,13.700474580128988,86.14974284172058,,,,,D12
YELL_043,YELL,2022,4.280940866470337,11.070035772398114,2.11333616822958,2.4508262053132057,0.4347790624015033,2.20992245276769,0.45996340016523996,0.235860409339269,0.7349800586700439,1.4223429239713228,0.9620792997380098,8.47422997156779,94.04288101196289,0.8540720343589783,0.5668383836746216,0.8305957913398743,0.5253090262413025,D12
YELL_043,YELL,2023,4.074795611202717,12.29497329890728,2.0843033269047737,2.6899571772664785,0.33296925760805607,2.4419498331844807,0.5407586693763733,0.26787447836250067,0.7405938804149628,1.4914418275539691,1.1224712240509689,9.604714348912239,93.39851093292236,0.8737224340438843,0.6908416748046875,0.8596445322036743,0.6126120686531067,D12
YELL_043,YELL,2025,4.5147136971354485,11.976497381925583,1.9396930560469627,2.5156246833503246,0.3057229765690863,2.0465176329016685,0.4328712644055486,0.22345385886728764,0.7510896548628807,1.554321583112081,1.317237974726595,8.790627166628838,96.09202432632446,0.8413262367248535,0.6016802191734314,0.8215538859367371,0.5441796779632568,D12
YELL_050,YELL,2018,6.966817110776901,14.311714075505733,2.2420780956745148,4.190124750137329,0.49548615142703056,3.700852992013097,0.5491959527134895,0.30679764971137047,0.900867160409689,2.2886891663074493,0.6998656402031581,12.804591320455074,80.01531410217285,,,,,D12
YELL_050,YELL,2019,6.807498924434185,12.68305530026555,2.3874731063842773,3.948994249571115,0.6492319479584694,3.5095113455317914,0.466667328029871,0.26374322222545743,0.7829708755016327,2.030989291767279,0.5210687114546696,12.08270875737071,84.64091777801514,,,,,D12
YELL_050,YELL,2020,7.233408041298389,12.967252593487501,2.24482312053442,4.113886669278145,0.6005895733833313,3.390713730477728,0.4080425542779267,0.22672724747098982,0.7928908788240873,2.191777139902115,0.6271178550445117,12.256651032716036,82.78579926490784,,,,,D12
YELL_050,YELL,2022,6.717080637812614,13.348916746675968,2.3255544006824493,4.064378620125353,0.5601470237597823,3.73593857139349,0.5555654466152191,0.30507850367575884,0.8357036709785461,2.300940051674843,0.5524813494334618,12.273027285933495,81.71039414405823,0.6504281163215637,0.3055195808410644,0.6413996815681458,0.2952676117420196,D12
YELL_050,YELL,2023,6.754305653274059,13.68301448225975,2.292078711092472,4.078417087905109,0.5291675161570311,3.682232942432165,0.5555360578000546,0.3075570873916149,0.8601348549127579,2.3199137220015893,0.6213219096263249,12.554187960922718,81.35231137275696,0.6633976697921753,0.348707377910614,0.6224831938743591,0.3324083685874939,D12
YELL_050,YELL,2025,6.583483647555113,13.642900705337524,2.3173168525099754,4.1470362059772015,0.5339918090030551,3.799241059459746,0.5958835817873478,0.323768244124949,0.8400898762047291,2.4576481878757477,0.5428196580459674,12.583002254366875,81.7204020023346,0.5613371729850769,0.2669097483158111,0.505012571811676,0.2616572380065918,D12
YELL_057,YELL,2018,7.003862476348877,13.48301910981536,2.220977671444416,3.64806442335248,0.525490459986031,3.0098633189996082,0.46584807833035785,0.24367861251036327,0.8709314167499542,2.4166704018910727,0.8423511119416127,12.374681337674458,81.44254946708679,,,,,D12
YELL_057,YELL,2019,8.569243450959524,11.823304255027324,2.252277508378029,3.366438090801239,0.6342298490926623,3.300886188944181,0.42169276376565296,0.23240549800296625,0.7631698499123255,1.9536985009908676,0.6911079827696085,13.799345334370932,84.74175071716309,,,,,D12
YELL_057,YELL,2020,8.324939141670862,12.690340370871127,2.2053311243653297,3.3936821594834328,0.5942290900275111,3.293661504983902,0.48169851923982304,0.23418578505516052,0.7479126329223315,2.017969846725464,0.7566253809879223,13.787261168162027,83.69407534599304,,,,,D12
YELL_057,YELL,2022,6.485729026794433,13.104751033242792,2.396330803632736,3.3505500815808773,0.5842749057337642,2.769919437170029,0.4916952073574066,0.25248499115308126,0.7903963784376781,2.2120739221572876,0.46680806192258995,10.782826900482178,85.26178169250488,0.7172883749008179,0.3729682862758636,0.775508463382721,0.3552597761154175,D12
YELL_057,YELL,2023,6.458533803621928,13.535291222855449,2.0997088477015495,3.3842981457710266,0.4447910077869892,2.892491771777471,0.5150498688220978,0.2653386582930883,0.8065430641174316,2.3251698513825736,0.8141084313392639,11.508387438456218,82.29539108276367,0.7528010606765747,0.4469577074050903,0.765322208404541,0.4183589220046997,D12
YELL_057,YELL,2025,6.018648110330105,13.65041471645236,2.1809662356972694,3.3977614250034094,0.4656033292412758,2.729612809140235,0.48411611723713577,0.24841916793957353,0.8151513278484345,2.222716808319092,0.682134238568445,10.340022154152393,84.11949849128723,0.6173150539398193,0.3474327623844147,0.5558419227600098,0.3353115320205688,D12
YELL_015,YELL,2018,0.6753636399904887,0.7656644657254219,2.0322925075888634,0.09734806313645095,0.9730995446443558,0.1121653945883736,0.1428962763554106,0.08055911158832411,0.8706233501434326,,,0.8250741958618164,100.0,,,,,D12
YELL_015,YELL,2019,1.3226547241210938,0.3827112354338169,1.9556818753480911,0.02768524782732129,0.9936192780733109,0.28250977396965027,0.213592991232872,0.11787090450525284,0.7219281196594238,,,1.616126298904419,100.0,,,,,D12
YELL_015,YELL,2020,1.0735546946525574,0.41929829958826303,1.9490573033690453,0.037999692372977734,0.9903539530932903,0.3176145404577255,0.28354212641716003,0.16498886793851852,0.8047777116298676,,,1.4537030458450317,100.0,,,,,D12
YELL_015,YELL,2022,0.6635653632027763,0.8243108280003071,2.069390669465065,0.1285282038152218,0.9565249346196651,0.10435401595064572,0.14414346111672266,0.08051116232361112,0.7786776423454285,,,0.8101574735982078,100.0,0.708831787109375,0.4705210030078888,0.649196207523346,0.4376895129680633,D12
YELL_015,YELL,2023,0.6874578930437565,0.9115412384271622,2.1018552780151367,0.13227361347526312,0.9604759626090527,0.1274801364634186,0.17244204180315137,0.09663202543742955,0.9769993424415588,,,0.8933632597327232,100.0,0.5865074396133423,0.3717895448207855,0.4838407337665558,0.3563945293426513,D12
YELL_015,YELL,2025,0.7219970375299454,0.9844291843473911,2.195277124643326,0.19726199144497514,0.9212355762720108,0.13675573142245412,0.17960501881316304,0.10265173763036728,0.7108461757500967,,,0.9291193448007107,100.0,0.4667677283287048,0.2866708040237427,0.339323341846466,0.2790068686008453,D12
BONA_072,BONA,2017,11.689423859119415,16.597899854183197,1.627792865037918,5.553432583808899,0.24212216213345528,2.9024227261543274,0.2503233291208744,0.1359082143753767,0.8079132251441479,2.3468713462352753,1.4018323123455048,15.300628900527954,43.49669373035431,,,,,D19
BONA_072,BONA,2018,11.745866358280182,16.76930469274521,1.6497723311185837,5.718647360801697,0.2545697716996074,3.0413147509098053,0.2606069603934884,0.14261149754747748,0.8230865374207497,2.380730703473091,1.3350976407527924,15.49020367860794,44.77525174617767,,,,,D19
BONA_072,BONA,2019,12.151935398578644,16.894918262958527,1.5753350034356117,5.472995162010193,0.21275158505886793,2.826164662837982,0.23402673192322254,0.12642746744677424,0.7899550087749958,2.322328060865402,1.5522771403193474,15.632262706756592,37.90916043519974,,,,,D19
BONA_072,BONA,2021,11.27877789735794,17.606638073921204,1.4842893481254578,4.79510885477066,0.1145638742018491,3.438973695039749,0.3087452258914709,0.16826347867026925,0.8645177558064461,2.561657130718231,2.0203140527009964,15.649710059165955,37.24730026721954,,,,,D19
BONA_072,BONA,2023,12.364284038543701,17.70670658349991,1.4755124375224113,4.836024105548859,0.13897921089665033,3.04052734375,0.2502818312495947,0.1342798308469355,0.8130369670689106,2.459494039416313,2.15287122130394,16.12389862537384,29.291892498731613,0.8536984324455261,0.6013727784156799,0.8962526321411133,0.5220061540603638,D19
BONA_079,BONA,2017,9.26555585861206,15.754120707511902,1.6568377763032913,4.854167699813843,0.17061519296839833,3.7945504039525986,0.43376381788402796,0.243607216514647,0.8706628084182739,2.267307385802269,1.6192614287137985,14.507478952407837,58.3463659286499,,,,,D19
BONA_079,BONA,2018,9.53095930814743,15.934440732002258,1.6579541712999344,5.032020390033722,0.17793793603777885,3.8557077050209045,0.42434408236294985,0.23838130943477154,0.8833198808133602,2.354150876402855,1.4867877513170242,14.753897428512573,56.72884273529053,,,,,D19
BONA_079,BONA,2019,9.648949533700943,16.25903809070587,1.6611426323652267,5.067114248871803,0.17309840396046638,3.9107481092214584,0.43311849422752857,0.24242239212617278,0.8718647919595242,2.3201152086257935,1.5556119307875633,14.931091904640198,55.22744345664978,,,,,D19
BONA_079,BONA,2021,8.961970776319504,16.960961282253265,1.5951275154948235,4.564568877220154,0.09245993848890066,4.059344008564949,0.4809795320034027,0.2709386721253395,0.9128498025238514,2.4547191709280014,1.903808370232582,14.881500005722046,56.82856774330139,,,,,D19
BONA_079,BONA,2023,9.65031561255455,17.221235811710358,1.6045499294996262,4.755167171359062,0.1147680381545797,4.022932410240173,0.45598413329571486,0.25344868563115597,0.874816033989191,2.3985573649406433,1.8809741213917732,15.315752565860748,50.26346534490585,0.8507325649261475,0.5735520720481873,0.9031211137771606,0.5015538930892944,D19
BONA_070,BONA,2017,4.431910738348961,6.78062216937542,3.2460211515426636,1.643709521740675,0.8453014269471169,1.3063219152390957,0.2912155487574637,0.16201246995478868,0.7101902700960636,1.1461805025736491,0.14398935332428664,6.4118155390024185,100.0,,,,,D19
BONA_070,BONA,2018,4.543272376060486,7.589019000530243,2.9862591326236725,1.9071978777647018,0.7956242971122265,1.378179769963026,0.3039155239239335,0.16813247138634324,0.7398290298879147,1.3468612059950829,0.2156225647777319,6.884211212396622,99.97119808197021,,,,,D19
BONA_070,BONA,2019,4.279991969466209,7.141396522521973,3.3313792049884796,1.5341279059648514,0.8647884242236614,1.443934615701437,0.3411981547251344,0.18601263174787164,0.7541451947763562,1.3209835489590962,0.12631492083892226,6.489181324839592,100.0,,,,,D19
BONA_070,BONA,2021,3.1120061427354813,8.36089438199997,2.1660321429371834,1.9693595468997955,0.4735444914549589,1.7058486342430115,0.548437898978591,0.30562131293118,0.8586900271475315,1.4617848321795464,0.4433853328227997,6.354201406240463,99.97867202758789,,,,,D19
BONA_070,BONA,2023,3.0989803224802017,7.285521477460861,2.7679772824048996,1.5026877671480179,0.749334841966629,1.444735862314701,0.466833284124732,0.2633626041933894,0.8458916060626507,1.3158774748444557,0.1977560156956315,5.578310579061508,99.99318408966064,0.8066813945770264,0.4004790186882019,0.763093113899231,0.3967348337173462,D19
BONA_075,BONA,2017,8.872029066085815,15.799061179161072,1.6617926880717278,4.755318775773048,0.16952239675447345,3.7668784260749817,0.44401527382433414,0.2470730822533369,0.8845419399440289,2.322898246347904,1.532183539122343,14.381863236427307,62.56053042411804,,,,,D19
BONA_075,BONA,2018,9.108847379684448,16.06959766149521,1.7075135484337807,5.014300689101219,0.21144473180174828,3.7611112743616104,0.43252810277044773,0.2401651469990611,0.8811918944120407,2.346202552318573,1.3258725516498089,14.595514476299286,62.88941287994385,,,,,D19
BONA_075,BONA,2019,9.501359730958939,16.273307740688324,1.6757902577519417,5.003923520445824,0.19558588275685906,3.7521965205669403,0.418164836242795,0.23079629242420197,0.8707373552024364,2.3490313813090324,1.4520791247487068,14.77259349822998,57.58837389945984,,,,,D19
BONA_075,BONA,2021,8.581028521060944,17.053825438022614,1.6072354912757874,4.590503007173538,0.09047657763585448,4.113675773143768,0.4962915927171707,0.2783444281667471,0.9146797694265842,2.4535027891397476,1.7380468919873238,14.625261723995209,60.23919463157654,,,,,D19
BONA_075,BONA,2023,9.375384509563446,17.209328174591064,1.5878002345561981,4.719947069883347,0.09700957546010613,4.074155300855637,0.46167347207665443,0.2533825431019068,0.8795680031180382,2.402758650481701,1.8234103992581367,15.260184049606323,52.0661917924881,0.8877719640731812,0.4972046911716461,0.9190876483917236,0.4612103104591369,D19
BONA_078,BONA,2017,9.211426824331284,15.92034137248993,1.752053938806057,5.259962379932404,0.22723804973065853,4.069705247879028,0.46328747645020485,0.26082759723067284,0.9057468771934509,2.4126546531915665,1.2619734182953835,14.925144255161285,61.45235776901245,,,,,D19
BONA_078,BONA,2018,9.472847431898117,16.278592824935913,1.7660757005214691,5.423516869544983,0.2462101960554719,4.110926255583763,0.451168654486537,0.2541356794536114,0.9024236798286438,2.446270912885666,1.2048335783183575,15.124636352062225,60.838982582092285,,,,,D19
BONA_078,BONA,2019,9.544850170612335,16.216234266757965,1.841359905898571,5.543350845575333,0.28506603511050344,4.202526405453682,0.47154472302645445,0.2639517141506076,0.8892370834946632,2.3724977523088455,1.0794095434248447,15.367303490638733,61.38598990440369,,,,,D19
BONA_078,BONA,2021,8.7113578915596,16.85174036026001,1.6672369539737701,4.950551390647888,0.12205761088989675,4.351744458079338,0.5199525058269501,0.2944580325856805,0.9364878721535206,2.5142499804496765,1.5263630487024784,15.026379883289337,59.13112664222717,,,,,D19
BONA_078,BONA,2023,9.476953774690628,16.90242213010788,1.7126926630735397,5.334190294146538,0.17265348974615335,4.3777938187122345,0.4944210974499583,0.2762782988138497,0.9056088030338287,2.489904746413231,1.376761544495821,15.621459126472473,55.258965730667114,0.8942487239837646,0.4775754809379577,0.9205341935157776,0.4489836990833282,D19
BONA_076,BONA,2017,6.800308674573898,12.296753168106079,2.14477801322937,3.7553336024284363,0.5143954996019602,2.4955353289842606,0.3700775261968374,0.20886632520705462,0.8582322522997856,2.0443546772003174,0.6500919908285141,11.098432064056396,91.894127368927,,,,,D19
BONA_076,BONA,2018,6.913693428039551,12.515559494495392,2.141841635107994,3.7711578607559204,0.507340669631958,2.536760337650776,0.3729787077754736,0.20915723592042923,0.8527648895978928,2.048586428165436,0.6836842577904463,11.217868208885193,90.91581964492798,,,,,D19
BONA_076,BONA,2019,6.941266655921936,12.412286221981049,2.23626422137022,3.772148475050926,0.5494370777159929,2.662031665444374,0.38843822106719017,0.21774110849946737,0.8555301390588284,2.020886942744255,0.583752928301692,11.16797822713852,90.73874235153198,,,,,D19
BONA_076,BONA,2021,5.486664563417435,13.130036115646362,1.8718561828136444,3.4630523175001144,0.26961540430784225,2.9446330666542053,0.5480150859802961,0.3110020263120532,0.9152552522718906,2.11317927390337,0.9742520228028297,10.677107691764832,91.62719774246216,,,,,D19
BONA_076,BONA,2023,5.976514980196953,12.898008525371552,2.2225999385118484,3.566112980246544,0.48803626373410225,2.9634945690631866,0.5151519160717726,0.2916914466768503,0.9146783240139484,2.1421195790171623,0.6205997560173273,11.004746854305267,91.88465809822083,0.7767024040222168,0.3525033295154571,0.8138886094093323,0.3354996740818023,D19
BONA_082,BONA,2017,9.621078103780746,14.929763317108154,1.6944265365600586,5.058953940868378,0.22701904876157641,3.6025608628988266,0.38332076743245125,0.21365770464763045,0.8849400617182255,2.3387983441352844,1.3877237141132355,14.18254178762436,56.67525053024292,,,,,D19
BONA_082,BONA,2018,9.854952603578568,15.202851116657257,1.6919752284884453,5.2023820877075195,0.23011554311960936,3.6416217237710953,0.37773497402668,0.21063661947846413,0.8818115070462227,2.397709012031555,1.342720564454794,14.375367641448975,55.575013399124146,,,,,D19
BONA_082,BONA,2019,10.217257350683212,15.314952492713928,1.7291845455765724,5.2953386306762695,0.256983800791204,3.6428274512290955,0.36987885646522045,0.20347017887979746,0.8559668026864529,2.3159766644239426,1.291955828666687,14.679209411144257,53.50955855846405,,,,,D19
BONA_082,BONA,2021,9.371164739131927,16.10646104812622,1.5565184503793716,4.577087700366974,0.1015626578591764,3.835675746202469,0.4210820347070694,0.23697666265070438,0.9209701642394066,2.4896678179502487,1.8853081241250038,14.507833302021027,53.34698212146759,,,,,D19
BONA_082,BONA,2023,10.373936384916306,16.388966500759125,1.64192845672369,5.000609427690506,0.18694276735186577,3.7284154891967773,0.37452073208987713,0.20628903107717633,0.8733914457261562,2.4378209486603737,1.6434692684561014,15.158536076545715,47.860241651535034,0.8651661276817322,0.5070279240608215,0.8676033020019531,0.4724545478820801,D19
BONA_071,BONA,2017,4.617842465639114,8.63409623503685,2.071501985192299,2.464006692171097,0.5102360602468252,1.3726584687829018,0.2965533593669534,0.16282648872584105,0.7452914528548717,1.4770526252686977,0.6591669153422117,7.0297935009002686,99.89400911331177,,,,,D19
BONA_071,BONA,2018,4.808519899845123,9.067241966724396,2.108124814927578,2.552432380616665,0.5334375258535147,1.4259609431028366,0.2951603475958109,0.15978926280513406,0.7349251061677933,1.45884894952178,0.6106843017041683,7.28908509016037,99.72236633300781,,,,,D19
BONA_071,BONA,2019,4.750356271862984,8.47459077835083,2.2758451625704765,2.4485717192292213,0.6098969168961048,1.4139242842793465,0.3010781714692712,0.16337641282007098,0.7246641181409359,1.376172710210085,0.4629446966573596,6.930049329996109,99.9642858505249,,,,,D19
BONA_071,BONA,2021,3.766564264893532,9.56747317314148,1.8355346843600273,2.3171743899583817,0.27585762925446033,1.8976567387580872,0.5034416131675243,0.2864153478294611,0.8705567233264446,1.636144407093525,0.8330191522836685,7.055535554885864,99.79637241363525,,,,,D19
BONA_071,BONA,2023,3.9439855813980103,8.80927038192749,2.138696677982807,2.275380462408066,0.4835319612175226,1.7491004467010498,0.44480552338063717,0.25254978239536285,0.865837324410677,1.5897535607218742,0.5671223811805248,6.842545121908188,99.9276762008667,0.8174523115158081,0.3243655562400818,0.8122784495353699,0.3260961174964905,D19
BONA_087,BONA,2017,8.421370476484299,14.595154225826263,1.8230265602469444,4.815838649868965,0.28244972229003906,3.6656911820173264,0.453550698235631,0.2526352880522609,0.8785070516169071,2.2366129755973816,1.1220059357583523,13.315392315387726,67.75371432304382,,,,,D19
BONA_087,BONA,2018,8.553650110960007,14.752543330192566,1.8469450920820236,4.976920738816261,0.29864150006324053,3.777693510055542,0.46028848364949226,0.25707914400845766,0.8810045756399632,2.2664118111133575,1.0320099517703056,13.500863254070282,67.09899592399597,,,,,D19
BONA_087,BONA,2019,8.527824074029922,14.899341881275177,1.9145462587475777,4.9738001972436905,0.33431932143867016,3.8827310651540756,0.4760717172175646,0.2655213251709938,0.8855805397033691,2.273139178752899,0.975259818136692,13.618347764015198,68.11285746097565,,,,,D19
BONA_087,BONA,2021,7.629047125577927,15.302779376506805,1.730482093989849,4.467549234628677,0.16595037723891437,3.895219624042511,0.5300063751637936,0.30011775251477957,0.9305203147232533,2.367835968732834,1.3706496618688107,13.393315553665161,69.98264265060425,,,,,D19
BONA_087,BONA,2023,7.936603933572769,15.285181939601898,1.8436527252197266,4.5826199650764465,0.24279188318178058,3.9873733669519424,0.5315064769238234,0.2971400413662195,0.9033094048500061,2.3007571399211884,1.2679880447685719,13.839077353477478,68.52207517623901,0.8017123937606812,0.4976679980754852,0.8587777018547058,0.4372943341732025,D19
BONA_084,BONA,2017,10.945116519927979,16.665641963481903,1.8522988110780716,6.324297338724136,0.3119144393131137,4.401667356491089,0.42906275019049644,0.2298632450401783,0.809714287519455,2.2130330353975296,0.9878139793872833,15.77083545923233,55.82513427734375,,,,,D19
BONA_084,BONA,2018,11.2628692984581,16.86660724878311,1.832866333425045,6.390955835580826,0.30570258386433125,4.408096641302109,0.4151661843061447,0.22138286661356688,0.8044747114181519,2.2215569987893105,1.0264100842177868,16.103415548801422,53.61026096343994,,,,,D19
BONA_084,BONA,2019,11.331921607255936,17.06221830844879,1.885024182498455,6.493172138929367,0.33597704768180847,4.3916990756988525,0.4196510352194309,0.22275844495743513,0.7838024813681841,2.149667903780937,0.9601448066532612,16.155669510364532,55.15232491493225,,,,,D19
BONA_084,BONA,2021,10.26431518793106,17.458789885044098,1.744185820221901,5.910023599863052,0.1992972264997661,4.7959558963775635,0.49073217064142227,0.26936623826622963,0.8863147124648094,2.452409267425537,1.3092327825725079,16.102121770381927,52.633687019348145,,,,,D19
BONA_084,BONA,2023,10.661823719739914,17.607788562774658,1.7988241836428642,6.208195298910141,0.23411290789954364,4.99555878341198,0.4957514610141516,0.2682164078578353,0.8499880321323872,2.3502329736948013,1.2443559095263481,16.60741251707077,53.38097596168518,0.8276267647743225,0.4439314603805542,0.8182935118675232,0.4210314154624939,D19
BONA_080,BONA,2017,5.109091401100159,8.81168594956398,2.6900273263454437,2.333008274435997,0.7306740768253803,1.473861999809742,0.28865038231015205,0.15807015728205442,0.7346573173999786,1.4607888460159302,0.3071869448758662,7.43433603644371,99.7796983718872,,,,,D19
BONA_080,BONA,2018,5.220031380653381,9.43647614121437,2.6300520300865173,2.4745753556489944,0.713886022567749,1.6231404058635235,0.3075606534257531,0.1693848269060254,0.7486234121024609,1.5708796828985214,0.3298085583373904,7.824268877506256,99.57242918014526,,,,,D19
BONA_080,BONA,2019,5.110440298914909,8.823389559984207,2.880621150135994,2.2071960121393204,0.7689528204500675,1.6525308191776276,0.3291606595739722,0.18009959906339645,0.7340328507125378,1.354577824473381,0.2520757874008268,7.608988493680954,99.79351711273193,,,,,D19
BONA_080,BONA,2021,3.8689754009246826,10.360544383525848,2.0663124844431877,2.463525727391243,0.4134208466857672,2.094094157218933,0.5389680378139019,0.30259103886783123,0.8634750321507454,1.7090280875563622,0.6054984275251627,7.590603291988373,99.38218593597412,,,,,D19
BONA_080,BONA,2023,3.911323308944702,9.671816498041153,2.426215961575508,2.2341848388314247,0.6041399333626032,1.9281103238463402,0.49522726610302925,0.2770743975415826,0.8538106717169285,1.6460189409554005,0.3917083190754056,7.377907425165176,99.58406066894531,0.8294674754142761,0.380125492811203,0.8035268783569336,0.37822225689888,D19
BONA_086,BONA,2017,2.662188056856394,4.555285528302193,2.8418098837137222,1.082149273250252,0.8424042426049709,1.0904278464149684,0.4290489894337952,0.23454668186604977,0.7497136910756429,0.9947159257200029,0.09794475467732319,4.295492269098759,100.0,,,,,D19
BONA_086,BONA,2018,2.7495898683865865,4.530394159257412,2.7293107137084007,1.019732098095119,0.8602441027760506,1.1676732699076335,0.41004432290792464,0.22128187194466592,0.695544387285526,0.9376373390356699,0.09960925638337027,4.546422596772512,100.0,,,,,D19
BONA_086,BONA,2019,2.246335793286562,4.1806445941329,2.7901275902986526,0.8496818114072084,0.87056053429842,1.0853251875378191,0.4411221770569682,0.2468244843184948,0.740225014942033,0.996298803223504,0.07013669779354875,3.880063656717539,100.0,,,,,D19
BONA_086,BONA,2021,2.0782134234905243,6.467510715126991,2.1310923025012016,1.3538844212889671,0.50137541256845,1.228211060166359,0.5710588693618774,0.3041781848296523,0.7754703424870968,1.28238398920406,0.2357759369770065,4.647635951638222,99.98972034454346,,,,,D19
BONA_086,BONA,2023,1.9827242270112038,5.676744699478149,2.432985171675682,1.1147004067897797,0.6701320298016071,1.1118235625326633,0.5486329570412636,0.2957356683909893,0.7868099994957447,1.1421205053726833,0.12703718891134486,4.2452565506100655,100.0,0.8421574234962463,0.4452225267887115,0.8197823166847229,0.431660920381546,D19
BONA_088,BONA,2017,9.01352372765541,14.598152935504913,1.7717467248439789,4.942070573568344,0.2871545432135463,3.302969917654991,0.374390940181911,0.20771040627732873,0.8751913905143738,2.25452683866024,1.108475361019373,13.434610962867737,65.17715263366699,,,,,D19
BONA_088,BONA,2018,9.35165473818779,14.715736627578735,1.7744183540344238,5.060720592737198,0.29930251790210605,3.2801708430051804,0.3563111647963524,0.19779488816857338,0.8700391016900539,2.2780251801013947,1.1014321334660053,13.665678799152374,63.26248359680176,,,,,D19
BONA_088,BONA,2019,9.333742946386337,14.725573301315308,1.8070151060819626,5.146992653608322,0.3147113546729088,3.4255938977003098,0.37280820682644844,0.20560875721275806,0.8738469295203686,2.2854856997728348,1.042040128260851,13.744572758674622,63.613765239715576,,,,,D19
BONA_088,BONA,2021,8.401889622211456,15.46811157464981,1.6499328464269638,4.533425986766815,0.1592078716494143,3.6783241778612137,0.44391155429184437,0.25105446204543114,0.9250079616904259,2.4445126354694366,1.4859230890870094,13.527496755123138,65.73153829574585,,,,,D19
BONA_088,BONA,2023,9.077372819185257,15.473130762577057,1.7173852697014809,4.970680683851242,0.2225933838635683,3.682471826672554,0.4153016787022352,0.2317005298100412,0.902283389121294,2.40920427441597,1.295804563909769,13.946428060531616,61.440046548843384,0.8459064960479736,0.465702474117279,0.846733808517456,0.4399711489677429,D19
BONA_089,BONA,2017,7.771695375442505,14.100575804710388,1.8598166331648827,4.819965019822121,0.26656892988830805,4.019666448235512,0.5316041875630617,0.295718383975327,0.8726588413119316,2.091706208884716,1.08153872564435,13.159623503684998,70.61207222938538,,,,,D19
BONA_089,BONA,2018,7.984646290540695,14.315042734146118,1.8592652827501297,4.931112855672836,0.26843721186742187,4.09932105243206,0.5288000889122486,0.29424440674483776,0.8754351176321507,2.1591506972908974,1.0253022611141205,13.339762508869171,69.61564922332764,,,,,D19
BONA_089,BONA,2019,7.8659031093120575,14.571617543697357,1.972109630703926,4.978759199380875,0.33163128793239594,4.184871882200241,0.5543277133256197,0.30607487354427576,0.868229765444994,2.137682355940342,0.8849049881100655,13.467521786689758,72.64855313301086,,,,,D19
BONA_089,BONA,2021,6.942228764295578,15.434097468852997,1.8147015944123268,4.531231939792633,0.1750841592438519,4.135712027549744,0.6142958011478186,0.3436889611184597,0.9024524502456188,2.2629299238324165,1.1982697285711765,13.202374160289764,72.71700167655945,,,,,D19
BONA_089,BONA,2023,7.115536451339722,15.220052599906921,1.855560064315796,4.597986206412315,0.20885625202208757,4.17649781703949,0.6065784748643637,0.3359284969046712,0.8849890641868114,2.1849451884627342,1.158500038087368,13.369527995586395,73.96181058883667,0.8579546809196472,0.451628178358078,0.8620706796646118,0.4292337894439697,D19
BONA_085,BONA,2017,3.971511021256447,7.266897916793823,2.7981892228126526,1.7993652783334255,0.7636719420552254,1.466561559587717,0.37795344833284616,0.20443776715546846,0.7610122859477997,1.2489289343357086,0.2335485671646893,6.53389784693718,99.84861612319946,,,,,D19
BONA_085,BONA,2018,3.937216952443123,7.023897558450699,2.7761732637882233,1.8365438245236874,0.7620676979422569,1.623432133346796,0.41823172848671675,0.22540237847715616,0.7273172028362751,1.103429988026619,0.21774060418829322,6.541272193193436,99.64488649368286,,,,,D19
BONA_085,BONA,2019,3.334093952178955,6.767578365281224,2.7649974152445793,1.5605374611914158,0.7441031895577908,1.823921012878418,0.5881621460119884,0.3134881377220154,0.7013123214244843,1.165956437587738,0.19906544064482054,6.223225657145182,99.7411241531372,,,,,D19
BONA_085,BONA,2021,2.6635671257972717,7.986880660057068,2.073153406381607,1.7607397437095642,0.4130774848163128,1.5534613728523254,0.5780063383281231,0.3173636719584465,0.8298823870718479,1.2855941578745842,0.4114075470715761,5.64576730132103,99.87715005874634,,,,,D19
BONA_085,BONA,2023,2.7209518998861313,7.3015682101249695,2.470974385738373,1.54204610735178,0.6510222367942333,1.4440754875540733,0.5265861805528402,0.29348490852862597,0.8322629779577255,1.2421598061919212,0.2418976118788123,5.318972706794739,99.95433807373047,0.792576014995575,0.3736978769302368,0.7696952819824219,0.3673248887062073,D19
BONA_083,BONA,2017,2.387323011051525,2.846299961209297,2.7363639548420906,0.5075984071008861,0.9421936981379986,0.9327140240506693,0.3868783549828963,0.2194837988777594,0.7630271524190902,0.8220110386610031,0.04712111363187432,3.5231057622215967,100.0,,,,,D19
BONA_083,BONA,2018,2.5219909277829258,2.8474901150912046,2.766613334417343,0.5991478087380528,0.9235949814319611,1.2164911194281145,0.5256871120496229,0.306984007358551,0.7584269100969488,0.4010675350824992,0.035427816550840034,3.812419717962092,100.0,,,,,D19
BONA_083,BONA,2019,2.3198045055071512,3.6500299498438835,2.9029922261834145,0.6464806671719998,0.9141489863395691,0.8870955780148506,0.40465424954891205,0.2182200272878011,0.7118707734804887,0.7856187298893929,0.0535728856204794,3.4832011461257935,100.0,,,,,D19
BONA_083,BONA,2021,2.0508333072066307,5.862972468137741,2.1983827129006386,1.2614840269088745,0.5300053711980581,1.1266143843531609,0.5443574450910091,0.295004703104496,0.7944807410240173,0.9275328248739243,0.21918079257011414,4.2952732145786285,100.0,,,,,D19
BONA_083,BONA,2023,2.0889011695981026,5.545375943183899,2.538324400782585,1.0755199193954468,0.7057140208780766,1.0102631859481335,0.4824261758476496,0.26490022521466017,0.7627371624112129,0.8424781616777182,0.14282161789014935,4.097845688462257,100.0,0.7982010841369629,0.4696084260940552,0.776909351348877,0.4420982599258423,D19
BONA_074,BONA,2017,3.8745379712846546,2.956622399389744,3.022546075284481,0.5598725639283657,0.9574267268180847,0.7604734961771302,0.20755036423603693,0.1215530004248851,0.5490897132290734,0.6048556991985866,0.0442948117852211,4.864036030239529,100.0,,,,,D19
BONA_074,BONA,2018,3.9597798784573874,4.513962496072054,3.422565519809723,0.8053623083978891,0.9375109523534775,0.9266947160164515,0.24693158331016699,0.13368700506786504,0.5456120744347572,0.791045743227005,0.05340841627464844,5.1881729662418365,100.0,,,,,D19
BONA_074,BONA,2019,3.069148361682892,2.09729996137321,2.5805467888712883,0.3609416417311877,0.9628571756184101,0.9171416142157146,0.3000180497765541,0.1714698789375169,0.6481806586186091,0.49471869468688967,0.03545814682729542,4.187219883714404,100.0,,,,,D19
BONA_074,BONA,2021,2.182170644402504,6.856140092015266,2.4362767785787582,1.3493965230882168,0.607837276533246,1.3490872830152512,0.6049639135599136,0.32225747406482697,0.7940889038145542,1.114821587006251,0.1709830234758556,4.937220945954323,99.95404434204102,,,,,D19
BONA_074,BONA,2023,2.030197858810425,5.263424411416054,2.9942038655281067,0.8870329521596432,0.8075168915092945,1.0723000913858414,0.5257735755294561,0.2883508177474141,0.8051061742007732,0.8444448987642924,0.07190657808678225,4.049971833825111,100.0,0.7848469614982605,0.4278696477413177,0.7472832202911377,0.4126295447349548,D19
BONA_081,BONA,2017,4.252550748678354,5.688692909665406,3.3176787719130516,1.2045658873394132,0.8787749856710434,1.2426599951890798,0.28380788762408954,0.15667277975724295,0.6323072772759658,1.2583918137983843,0.14037267065473966,6.184540216739361,99.92415046691895,,,,,D19
BONA_081,BONA,2018,4.368615475567904,5.334264889359474,2.753767043352127,1.1662560626864433,0.868960689753294,1.4695087291977622,0.3305795301090587,0.17660885642875324,0.6472847732630643,1.0668751976706765,0.20397661338475617,6.545103983445601,99.87291860580444,,,,,D19
BONA_081,BONA,2019,4.448260524056175,5.372644136659801,2.8806558400392532,1.0735047906637192,0.9039370603859425,1.5723830732432278,0.3633339283141223,0.1993951438502832,0.7634756890210238,1.3104482184756885,0.13721528107469733,6.663308273662221,99.93872547149658,,,,,D19
BONA_081,BONA,2021,2.631580740213394,8.447825103998184,2.4298525974154472,1.6279846541583538,0.573903875425458,1.599148117005825,0.6017267685383558,0.32027132622897625,0.7874013781547546,1.362500782807668,0.28266945108771324,5.817341044545174,99.79867553710938,,,,,D19
BONA_081,BONA,2023,2.387810580432415,6.3558749705553055,2.9197030067443848,1.1642690356820822,0.7676864638924599,1.2450484745204449,0.5091587658971548,0.2769823567941785,0.7878536060452461,1.1428827551695018,0.1443426018813625,4.821403652429581,99.93230628967285,0.7636795043945312,0.4515133798122406,0.7567604184150696,0.4172639548778534,D19
BONA_077,BONA,2017,3.3789072036743164,4.850450564175844,3.154836058616638,0.8590912509243935,0.9260155409574509,1.5101721888551345,0.4462190499672523,0.24495014319053063,0.7201506917675337,0.8706669428131797,0.06195988800997535,5.451776756690099,99.96366262435913,,,,,D19
BONA_077,BONA,2018,3.365944287606648,4.868208652362227,3.126680441200733,0.9794420320540667,0.8991223536431789,1.2611618478383337,0.42637427523732185,0.22253000736236572,0.5820043832063675,0.72420903227546,0.0813180931772177,4.999312826565334,100.0,,,,,D19
BONA_077,BONA,2019,2.915305652788707,4.988883711397648,3.014196753501892,0.9176715251524001,0.9028848074376583,1.5238576488835471,0.5356955932719367,0.2857427043574197,0.740147434748136,0.9518119909546592,0.07101759656021993,5.091288817780359,100.0,,,,,D19
BONA_077,BONA,2021,2.208652690052986,8.122896283864975,2.2804974019527435,1.5110728666186333,0.516464039683342,1.4923638328909874,0.6576307211071253,0.33685583155602217,0.751985527575016,1.2505731542905172,0.21864704065956175,5.3073611706495285,99.7800350189209,,,,,D19
BONA_077,BONA,2023,2.0460276529192924,5.798183292150497,2.541694760322571,1.102734874933958,0.7019417472183704,1.0909233763813972,0.5281285680830479,0.28860696963965893,0.7753213904798031,0.9496105114618937,0.13458376750349998,4.112211763858795,100.0,0.7872766852378845,0.3984180092811584,0.7802614569664001,0.382026344537735,D19
BONA_073,BONA,2017,1.69593857973814,1.5230732858181,2.308647483587265,0.24155819742009044,0.9664861150085926,0.7307762216078117,0.36540279467590153,0.20477012102492154,0.6855684459209442,0.4674086570739746,0.04583015739917755,2.566975772380829,100.0,,,,,D19
BONA_073,BONA,2018,2.5461617708206177,2.4836193155497313,2.679987818002701,0.38746211817488074,0.9559818394482136,1.055962529964745,0.4930723593570292,0.266933789011091,0.5826239841324943,0.7133449415365855,0.0305526633746922,4.125433586537838,100.0,,,,,D19
BONA_073,BONA,2019,1.805465281009674,1.745819010771811,2.475219152867794,0.2585478328401223,0.9655613861978054,0.6281739510919174,0.31588601558339885,0.17529470066397657,0.6820559501647949,0.657272736231486,0.03975746501237154,2.621232853995429,100.0,,,,,D19
BONA_073,BONA,2021,2.1085429415106773,5.64888696372509,2.5623248368501663,1.102610433474183,0.7016310226172209,1.1930890046060085,0.5603565853089094,0.3061474487185478,0.8322638273239136,0.9988068129335131,0.1378539901925251,4.4324366599321365,100.0,,,,,D19
BONA_073,BONA,2023,1.9010226130485535,4.135745659470558,2.806639939546585,0.6703372043557465,0.8792492337524891,0.8631893629208207,0.4371105441823602,0.2457937658764422,0.8531268914540608,0.8360929091771444,0.06405622946719329,3.450469546020031,100.0,0.7525296807289124,0.4417772591114044,0.739374577999115,0.4099686443805694,D19
BONA_014,BONA,2017,10.363744407892227,15.874522626399994,1.8606717213988304,5.51848566532135,0.364668739028275,3.355939418077469,0.32659254036843777,0.18305416870862246,0.8664076216518879,2.361904501914978,1.006233911961317,14.842998385429382,63.1732542514801,,,,,D19
BONA_014,BONA,2018,10.58675503730774,16.109621286392212,1.8255085125565529,5.61187019944191,0.34698154870420694,3.3440300673246384,0.3186586666852236,0.17868442833423615,0.8662387356162071,2.4070136547088623,1.0545665100216866,15.074252486228943,60.88554549217224,,,,,D19
BONA_014,BONA,2019,10.620343923568726,16.195895969867706,1.9471515268087387,5.756698369979858,0.4080152567476034,3.602854073047638,0.347185954451561,0.1925341710448265,0.8588569946587086,2.373853549361229,0.8807114884257317,15.302132248878479,63.2748384475708,,,,,D19
BONA_014,BONA,2021,9.43572524189949,16.395833432674408,1.722905807197094,5.118212193250656,0.21770936297252774,3.960418924689293,0.43485479429364204,0.2447293559089303,0.9219390973448753,2.51176518201828,1.3323153257369995,14.866477847099304,59.18038809299469,,,,,D19
BONA_011,BONA,2017,4.387702867388725,8.58299919962883,2.385172814130783,2.3434187173843384,0.6286856718361378,1.7628540620207787,0.3998633101582527,0.2231061952188611,0.8540281020104885,1.5600078627467155,0.41376246977597475,7.526741534471512,99.7238073348999,,,,,D19
BONA_011,BONA,2018,4.55284184217453,8.708846896886826,2.3081563264131546,2.463624984025955,0.6018584836274385,1.7621158435940742,0.3825920857489109,0.2132319211959839,0.8374477662146091,1.6274706646800041,0.47044954635202885,7.74169260263443,99.71634769439697,,,,,D19
BONA_011,BONA,2019,4.371956989169121,8.524725377559662,2.3648271560668945,2.3802247643470764,0.6248617321252823,1.8467824682593346,0.42164219729602337,0.23634902108460665,0.8566802553832531,1.5811616852879524,0.4066362353041768,7.493478208780289,99.69693422317505,,,,,D19
BONA_011,BONA,2021,2.9830161184072495,8.897802591323853,2.0129310488700867,2.0379380136728287,0.3428722256794572,1.8329478055238724,0.6151212640106678,0.3394263219088316,0.8526135087013245,1.5250135660171509,0.5307719018310308,6.54579621553421,99.83909463882446,,,,,D19
BONA_011,BONA,2023,3.265553906559944,8.972958952188492,2.176626592874527,2.1109052523970604,0.46795167215168476,1.859023317694664,0.5704361628741026,0.31695549190044403,0.8511522226035595,1.5788966417312622,0.45539296232163906,6.851844429969788,99.83999156951904,0.651423454284668,0.399335652589798,0.7210708856582642,0.3371909856796264,D19
BONA_001,BONA,2017,12.782675206661224,19.05527913570404,1.6497124135494232,6.253350168466568,0.23415376525372267,3.878027006983757,0.30962800886482,0.17058549914509058,0.8617917038500309,2.562310740351677,1.4259782209992409,17.91434520483017,41.11673825979233,,,,,D19
BONA_001,BONA,2018,12.886098563671112,19.26973807811737,1.6791428327560425,6.424452930688858,0.2563288128003478,3.87009659409523,0.30648122541606426,0.1690889340825379,0.8611925840377808,2.5739083290100098,1.3385055214166641,18.010159015655518,41.88721144199371,,,,,D19
BONA_001,BONA,2019,13.278828799724579,19.285178303718567,1.6805251836776733,6.555351942777634,0.26056809443980455,3.8792209327220917,0.2985974494367838,0.16193392407149076,0.8461586721241474,2.517403557896614,1.3098264299333096,18.276515305042267,40.08760964870453,,,,,D19
BONA_001,BONA,2021,12.047732293605804,19.729687571525574,1.5812508761882782,5.839767515659332,0.14702533627860248,4.461062639951706,0.3803703375160694,0.20984717085957527,0.9078510589897633,2.7121105194091797,1.699498638510704,17.83840322494507,37.89487725496292,,,,,D19
BONA_001,BONA,2023,14.18478352682931,18.540635354816914,1.478351616859436,4.921455335617066,0.17826497970769803,3.6276130846568515,0.26514920805181774,0.14151210550751006,0.8049280515738896,2.5068628447396413,2.3075641989707947,18.496767248426163,28.90945358276367,0.6572033166885376,0.6605923175811768,0.7595700025558472,0.4575713574886322,D19
BONA_018,BONA,2017,3.114066369831562,7.950639724731445,2.387958787381649,2.083979867398739,0.5419816840440035,2.121255323290825,0.698273591697216,0.3844780633226037,0.8572560586035252,1.395754773169756,0.29060455737635493,6.779271975159645,99.97282600402832,,,,,D19
BONA_018,BONA,2018,3.2741271182894707,8.238530158996582,2.3424593433737755,2.2079942524433136,0.5171509217470884,2.18513473123312,0.6910087559372187,0.38052421901375055,0.8679089285433292,1.4776672665029764,0.3355096187442541,7.026347279548645,99.9338607788086,,,,,D19
BONA_018,BONA,2019,3.1488511487841606,8.59990444779396,2.359312355518341,2.1637323200702667,0.5192161090672016,2.1854277923703194,0.7146460749208927,0.38829947263002396,0.854075413197279,1.6052218601107597,0.31706757890060544,7.039409935474396,99.85143566131592,,,,,D19
BONA_018,BONA,2021,2.5874543339014053,8.8962442278862,2.129983112215996,1.9697917327284813,0.34875432308763266,1.9308740682899952,0.7513566575944424,0.3911978676915169,0.8040275871753693,1.5959803313016891,0.3785111438483,6.593379586935043,99.9162187576294,,,,,D19
BONA_018,BONA,2023,2.7523232251405716,9.105555027723312,2.136929325759411,2.0726515389978886,0.3614133931696415,2.011919628828764,0.733229510486126,0.384146973490715,0.8120352663099766,1.5956497676670551,0.3865097016096115,6.987943276762962,99.80679893493652,0.7300083637237549,0.5079892873764038,0.7920424938201904,0.4240622520446777,D19
BONA_023,BONA,2017,2.585499659180641,4.686333566904068,2.046537086367607,1.404762163758278,0.4981525456532836,0.9466613195836544,0.3705236818641424,0.20966040343046188,0.84525241330266,0.7050260146458943,0.457976957783103,4.022714912891388,100.0,,,,,D19
BONA_023,BONA,2018,2.9065741151571274,5.304339945316315,2.0139749944210052,1.5686216801404953,0.47769187949597836,1.0001671127974987,0.34909472428262234,0.19575841026380658,0.8062938340008259,0.8919163346290588,0.571906691417098,4.440242633223534,100.0,,,,,D19
BONA_023,BONA,2019,3.284630626440048,5.924375653266907,1.9220904633402824,1.7953903749585152,0.4237017659470439,1.150015514343977,0.3543798318132758,0.1973118418827653,0.8178765438497066,1.086680743843317,0.7082466427236795,5.053652688860893,100.0,,,,,D19
BONA_023,BONA,2021,3.3784734159708023,8.197750926017761,1.6733456626534462,1.8823177888989449,0.18460204312577844,1.5161683037877083,0.4514088109135628,0.25724268332123756,0.8445898480713367,1.3851629048585892,1.0239777490496635,5.971542209386826,99.98443984985352,,,,,D19
BONA_023,BONA,2023,4.209589302539825,8.18508842587471,1.6300290152430534,2.0847121998667717,0.19337894744239748,1.5454265475273132,0.37187203019857407,0.21137057151645422,0.8537697866559029,1.5356100052595139,1.4097275882959366,6.666631668806076,100.0,0.809354305267334,0.5987069606781006,0.8505272269248962,0.5086349248886108,D19
BONA_009,BONA,2017,2.263292074203491,6.006304994225502,1.9981178790330887,1.358497265726328,0.42817879002541304,1.1129783801734447,0.46962992288172245,0.2489956384524703,0.7413638010621071,0.5892864891460964,0.3830653661862016,4.0058611780405045,99.39209651947021,,,,,D19
BONA_009,BONA,2018,2.473074793815613,5.976064473390579,2.007199600338936,1.4749177768826485,0.4319441244006157,1.177817277610302,0.4592815563082695,0.24839371629059315,0.8046108298003674,0.7126909387963158,0.4359537046402693,4.447201237082481,99.37903499603271,,,,,D19
BONA_009,BONA,2019,2.9860199242830276,6.262560486793518,1.8219147846102715,1.6405512243509293,0.334202672354877,1.1632217839360237,0.38074556831270456,0.20160664757713675,0.7687994539737701,0.8306621611118317,0.8536881804466248,4.830437004566193,99.24015188217163,,,,,D19
BONA_009,BONA,2021,3.191009446978569,8.427079558372498,1.685717061161995,1.8001956790685654,0.19680694723501801,1.4316812381148338,0.44721395894885063,0.2506298068910837,0.7995641939342022,1.279626615345478,0.974120207130909,5.708707571029663,99.55889558792114,,,,,D19
BONA_009,BONA,2023,4.014750108122826,8.385595262050629,1.5415401458740234,1.8646882772445679,0.13043937692418694,1.4632425531744957,0.36661229096353054,0.20523812156170607,0.8126098699867725,1.4281261563301086,1.6363832354545593,6.430789619684219,99.37213850021362,0.8336935043334961,0.6338066458702087,0.8686506152153015,0.5416252017021179,D19
BONA_002,BONA,2017,8.080857425928116,14.607782065868378,1.6670892611145973,4.4600542187690735,0.1468480909243226,3.6976547241210938,0.484898217022419,0.26853549014776945,0.8940410502254963,2.185254506766796,1.6315779089927673,13.44266563653946,66.61252951622009,,,,,D19
BONA_002,BONA,2018,8.33322098851204,14.794139444828033,1.6774145513772964,4.60397432744503,0.1587879885919392,3.728442430496216,0.47806512378156185,0.26499510649591684,0.8968799635767937,2.3027985244989395,1.4821628108620644,13.633976638317108,64.49868988990784,,,,,D19
BONA_002,BONA,2019,8.575586140155792,15.14003849029541,1.6696183606982231,4.661331579089165,0.1588820954784751,3.785985589027405,0.47152794152498245,0.25987051893025637,0.8844062425196171,2.222454145550728,1.59370768815279,13.914021372795105,61.616276144981384,,,,,D19
BONA_002,BONA,2021,7.803897529840469,15.436376512050629,1.6642198115587234,4.3772513419389725,0.11641687923111022,3.897606447339058,0.5240055602043867,0.2930976031348109,0.9245671294629574,2.3403774797916412,1.6131385490298271,13.661390841007233,66.53603887557983,,,,,D19
BONA_002,BONA,2023,8.601673036813736,15.589297890663147,1.6145101487636566,4.462878420948982,0.10465799900703132,3.8921327590942383,0.48280767537653446,0.26661366038024426,0.9045005664229393,2.3373461440205574,1.7588751912117004,14.130301833152771,57.65300464630127,0.8376750946044922,0.5305793285369873,0.8940863013267517,0.4705309867858886,D19
BONA_012,BONA,2017,9.516051173210144,15.42247450351715,1.6614750102162361,4.929669767618179,0.2102345982566476,3.4760555773973465,0.3752900408580899,0.20688745751976967,0.8605770580470562,2.3292981535196304,1.4178633578121662,13.852672636508942,56.80743908882141,,,,,D19
BONA_012,BONA,2018,9.915206402540207,15.612237334251404,1.6736477762460709,5.095874637365341,0.22908293269574642,3.405132606625557,0.3544169645756483,0.19418903859332204,0.8497406616806984,2.3482751846313477,1.3657779805362225,14.113204777240753,54.72819638252258,,,,,D19
BONA_012,BONA,2019,10.239349007606506,15.841846108436584,1.6664672270417213,5.149051249027252,0.2277898984029889,3.3840979784727097,0.3435235247015953,0.18614769214764237,0.830159317702055,2.3129496201872826,1.3846823386847973,14.316400289535522,50.63673186302185,,,,,D19
BONA_012,BONA,2021,9.14087164402008,16.17960000038147,1.5881741717457771,4.574642479419708,0.12208860507234931,3.7723487615585327,0.42776688002049923,0.23884261772036552,0.909497644752264,2.4764051139354706,1.726197075098753,14.224337875843048,55.67793273925781,,,,,D19
BONA_012,BONA,2023,10.459711790084839,16.569044172763824,1.495608352124691,4.389426961541176,0.10391027224250138,3.395511671900749,0.34275667555630207,0.18634006567299366,0.8409469351172447,2.4098503589630127,2.099337585270405,14.808311820030212,42.05478394031525,0.8982948660850525,0.4749335646629333,0.9071727991104126,0.4536750316619873,D19
BONA_008,BONA,2017,10.25915390253067,17.51425462961197,1.6065326556563377,5.204129755496979,0.1355505920946598,4.0818450301885605,0.425703264772892,0.23714989982545376,0.857306394726038,2.339055597782135,1.8617196008563042,15.62363189458847,47.98576104640961,,,,,D19
BONA_008,BONA,2018,10.434491902589798,17.780410587787628,1.6095977872610092,5.31317862868309,0.1367975976318121,4.129891946911812,0.42414987459778786,0.2364557422697544,0.8596694469451904,2.3575028479099274,1.8316934332251549,15.893977701663971,47.47215211391449,,,,,D19
BONA_008,BONA,2019,10.827847123146057,17.92533975839615,1.6329578310251236,5.54934760928154,0.16624236851930618,4.161640778183937,0.41119962092489004,0.22741808742284775,0.8422773666679859,2.3596675395965576,1.7051096558570862,16.22743648290634,46.606518387794495,,,,,D19
BONA_008,BONA,2021,10.282321244478226,18.61925721168518,1.5800010859966278,5.076814413070679,0.10709784156642854,4.1971524357795715,0.43758608866482973,0.24529787059873343,0.8875884562730789,2.5011247098445892,1.94867954403162,16.013022661209106,46.71144461631775,,,,,D19
BONA_093,BONA,2017,7.989455819129944,13.272505402565002,1.9992031082510948,4.3582021445035934,0.4447137685492635,2.7674288004636765,0.34856920409947634,0.19491599965840578,0.8542857952415943,2.1119667142629623,0.8022064063698053,12.055450648069382,82.41175580024719,,,,,D19
BONA_093,BONA,2018,8.057305455207825,13.633826613426208,1.965258076786995,4.384385943412781,0.4271788224577904,2.7689312994480133,0.34138219244778156,0.19215162564069033,0.8480285108089447,2.159440830349922,0.8612532112747431,12.219236433506012,82.21616435050964,,,,,D19
BONA_093,BONA,2019,8.03238570690155,13.789358854293823,2.051790252327919,4.370976194739342,0.4617940958123654,3.058087356388569,0.38580440171062946,0.21432513743638992,0.8494922891259193,2.1419741958379745,0.8016693405807018,12.250115007162094,81.6290694475174,,,,,D19
BONA_093,BONA,2021,6.698754906654358,14.767762422561646,1.7585587874054909,3.969373106956482,0.1915902541950345,3.43385548889637,0.529875073581934,0.3021879065781832,0.9232029505074024,2.2761966958642006,1.2503663301467896,12.145374357700348,80.35023283958435,,,,,D19
BONA_093,BONA,2023,7.446008205413818,14.521526336669922,1.8805862069129944,4.2796731144189835,0.3053508382290602,3.4246246218681335,0.4816688783466816,0.27354165632277727,0.9125217981636524,2.301502339541912,1.0603860300034285,12.500101625919342,77.98516476154327,0.808953046798706,0.4038468599319458,0.8591797351837158,0.3764507174491882,D19
BONA_007,BONA,2017,10.967432677745819,14.985652565956116,1.593958742916584,5.086317151784897,0.22804662119597197,2.476073406636715,0.22703347448259592,0.12087163748219609,0.7739698886871338,2.1768681332468987,1.4312943071126938,13.99299931526184,43.27171242237091,,,,,D19
BONA_007,BONA,2018,11.186676323413849,15.215391039848328,1.5633600428700447,5.031732439994812,0.2063172971829772,2.532348908483982,0.2274419441819191,0.12141957459971309,0.7784498520195484,2.2116795033216476,1.5455751344561577,14.275888502597809,40.269954562187195,,,,,D19
BONA_007,BONA,2019,11.495084583759308,15.278589129447937,1.5332807451486588,5.000845193862915,0.19034630060195923,2.4561104848980904,0.21479398012161255,0.11299310252070427,0.7628278322517872,2.1800868660211563,1.6137539595365524,14.455761313438416,35.53606832027435,,,,,D19
BONA_007,BONA,2021,10.582795798778534,15.727703988552094,1.4427534565329552,4.208973616361618,0.10007096198387444,2.9572895020246506,0.2806425504386425,0.15154704917222261,0.8474763371050358,2.439205065369606,2.1585640907287598,14.278635203838348,39.98505687713623,,,,,D19
BONA_005,BONA,2017,5.758231148123741,12.623524576425552,1.8626390546560287,3.992239110171795,0.20248355390504003,3.6680982895195484,0.6388512067496777,0.3458478543907404,0.8143893964588642,1.6562711261212826,1.0786911360919476,11.344737708568573,81.9355297088623,,,,,D19
BONA_005,BONA,2018,5.689575761556625,12.735533386468887,1.8831045180559158,4.117702431976795,0.18765181861817837,3.847111415117979,0.6818169876933098,0.3717393148690462,0.834741398692131,1.6928291898220778,1.0128831602633,11.601144507527351,80.74543952941895,,,,,D19
BONA_005,BONA,2019,5.775462195277214,13.154741913080215,1.888312205672264,4.070220023393631,0.21643414720892906,3.7430107966065407,0.652147488668561,0.35316066071391106,0.8199116326868534,1.676830217242241,1.1311385706067085,11.638175547122955,81.51386070251465,,,,,D19
BONA_005,BONA,2021,5.141155317425728,13.69788682460785,1.926251344382763,3.8741944283246994,0.18978730775415897,3.6885570138692856,0.7196568250656128,0.390779722481966,0.8540688380599022,1.8984290808439255,0.9688930753618479,11.60774713754654,85.2766842842102,,,,,D19
BONA_021,BONA,2017,1.9873675778508186,4.689631387591362,1.7812317982316017,1.1828592531383038,0.3902521366253495,0.9275366310030222,0.39193963073194027,0.20836761128157377,0.6508138254284859,1.0718763768672943,0.09335910435765982,3.2944695353507996,96.70972108840942,,,,,D19
BONA_021,BONA,2018,2.051679093390703,4.741400741040707,1.7660111486911774,1.2290525287389755,0.3641460323706269,0.9860826376825571,0.4219553880393505,0.22643681894987822,0.6878766436129808,1.2382988706231117,0.16440486907958984,3.47301434725523,96.52282905578613,,,,,D19
BONA_021,BONA,2019,2.600555934011936,5.122124269604683,1.630474790930748,1.4289942495524883,0.23603965062648058,1.0491584539413452,0.3352578869089484,0.1862359787337482,0.6649062484502792,0.908635824918747,0.541236053686589,4.128316566348076,96.68414449691772,,,,,D19
BONA_021,BONA,2021,3.0177479535341263,7.601497501134872,1.6665828451514244,1.7321741506457329,0.18911901582032442,1.4085929282009602,0.4380998369306326,0.24524606112390757,0.7805536948144436,1.0355446487665176,0.8605572022497654,5.331326678395271,97.37253427505493,,,,,D19
BONA_026,BONA,2017,8.032266557216644,14.36378014087677,1.771226093173027,4.468284338712692,0.26430598041042686,3.3470675945281982,0.4276278614997864,0.2431768011301756,0.9134460389614105,2.315847672522068,1.2212567701935768,13.091164827346802,75.27093482017517,,,,,D19
BONA_026,BONA,2018,8.198334276676178,14.461234509944916,1.769442543387413,4.552716284990311,0.26470021018758416,3.3750166594982147,0.42290641926229,0.24073439370840788,0.9144648090004921,2.3310207575559616,1.2050218321383,13.112973511219025,74.85128283500671,,,,,D19
BONA_026,BONA,2019,8.309276551008224,14.67264038324356,1.8189202100038528,4.678709119558334,0.29683113656938076,3.427329882979393,0.42624581791460514,0.24241377413272858,0.9194580167531967,2.341309905052185,1.1006246972829103,13.424935340881348,74.51394605636597,,,,,D19
BONA_026,BONA,2021,7.50492861866951,15.05924391746521,1.7031404748558998,4.224881514906883,0.17421580269001424,3.5585599690675735,0.4894431233406067,0.27963436022400856,0.9393526688218117,2.3836934119462967,1.413352183997631,13.069169044494629,75.21080279350281,,,,,D19
BONA_022,BONA,2017,,0.18054483085870743,1.786780908703804,0.0,1.0,,,,,,,,100.0,,,,,D19
BONA_022,BONA,2018,,0.19715683907270432,1.7894318997859955,0.0,1.0,,,,,,,,100.0,,,,,D19
BONA_022,BONA,2019,,0.2221206771209836,1.7964146509766579,0.0,1.0,,,,,,,,100.0,,,,,D19
BONA_022,BONA,2021,1.6751035372416179,2.7597306333482265,3.273483172059059,0.39356266986578703,0.9511571861803532,0.6590600204964479,0.34847871139645575,0.20011865173776944,0.8488299718924931,0.8045232693354288,0.019371953792870045,2.7532785693804422,100.0,,,,,D19
BONA_022,BONA,2023,1.4742374420166016,0.3314173361286521,1.9090800827199763,0.011874082187811533,0.9992465327183405,0.3387454152107239,0.22977669537067413,0.14017775654792786,0.0,,,1.822791337966919,100.0,0.7425714135169983,0.6304634809494019,0.7298662066459656,0.5289937257766724,D19
BONA_010,BONA,2017,,0.25089877378195524,1.7787046283483505,0.0,1.0,,,,,,,,100.0,,,,,D19
BONA_010,BONA,2018,,0.24721520207822323,1.8312816619873047,0.0,1.0,,,,,,,,100.0,,,,,D19
BONA_010,BONA,2019,,0.3019979912787676,1.8127439245581627,0.001981478650122881,0.999761451035738,,,,,,,,100.0,,,,,D19
BONA_010,BONA,2021,1.283302865922451,2.501574829220772,2.843945801258087,0.368489938788116,0.9169271774590015,0.5214719865471125,0.3983437828719616,0.22350754775106907,0.8744860775768757,,0.010171955366703596,2.2147838175296783,100.0,,,,,D19
BONA_003,BONA,2017,3.9187683761119843,6.564285427331924,3.0318974405527115,1.6046725735068321,0.782765056937933,1.5696326866745949,0.4134456031024456,0.2309247264638543,0.802113477140665,1.097728755325079,0.19594235834665596,6.169516026973724,100.0,,,,,D19
BONA_003,BONA,2018,4.1878355741500854,6.408852070569992,3.0683955252170563,1.5860648266971111,0.8237566873431206,1.3070512376725674,0.32226057117804885,0.1812158462125808,0.7392670679837465,1.0236327424645424,0.15935760334832594,6.083622485399246,100.0,,,,,D19
BONA_003,BONA,2019,3.9893676042556763,6.52961391210556,3.1070678383111954,1.5638325735926628,0.8149114847183228,1.3345692232251167,0.3373362682759762,0.1865721931681037,0.7592904847115278,1.0686187278479338,0.17613453592639416,6.092630356550217,100.0,,,,,D19
BONA_003,BONA,2021,2.394079715013504,7.052188485860825,2.251023605465889,1.5292100757360458,0.5135341584682465,1.4154657199978828,0.5956501923501492,0.3240970093756914,0.8224672712385654,1.225130956619978,0.2869151383638382,5.220668345689774,100.0,,,,,D19
BONA_003,BONA,2023,2.6070803850889206,7.132269740104675,2.5408041924238205,1.4679812155663967,0.640553180128336,1.40479551628232,0.5412019733339548,0.2995653599500656,0.8258695639669895,1.205856028944254,0.2510001908522099,5.334198042750359,100.0,0.5151239037513733,0.3772905766963959,0.641730010509491,0.2772528231143951,D19
BONA_004,BONA,2017,4.540793374180794,8.509068787097931,2.0824135839939117,2.5110494047403336,0.4905522409826517,1.6336176842451096,0.3659784970805049,0.20589163061231375,0.8342813737690449,1.5906375646591187,0.6424884181469679,7.137256383895874,99.96301794052124,,,,,D19
BONA_004,BONA,2018,4.812919393181801,8.832390069961548,2.1126922219991684,2.657953195273876,0.5191765557974577,1.694809876382351,0.3593460600823164,0.20246668625622988,0.8475610725581646,1.6637383624911308,0.5943436846137047,7.517937332391739,99.98802661895752,,,,,D19
BONA_004,BONA,2019,4.627121180295944,8.948094874620438,2.104997992515564,2.6588504537940025,0.5006401799619198,1.885006695985794,0.4137929156422615,0.23359125014394522,0.8810440227389336,1.700611151754856,0.5896824272349477,7.62926322221756,99.94081687927246,,,,,D19
BONA_004,BONA,2021,3.4457394033670425,9.00501361489296,1.8948091641068459,2.223073460161686,0.2913720216602087,1.8767235428094864,0.5507510881870985,0.31088962964713573,0.8775128461420536,1.6059910729527473,0.704794256016612,6.789111524820328,99.98471117019653,,,,,D19
BONA_004,BONA,2023,3.7901294976472855,9.225317120552063,1.957794189453125,2.378089889883995,0.3507457170635462,1.9266984164714813,0.5156063307076693,0.29161544796079397,0.8728630617260933,1.6770139262080193,0.6885799951851368,7.099493563175201,99.96561336517334,0.6569811701774597,0.3450248837471008,0.7411150336265564,0.302244633436203,D19
BONA_006,BONA,2017,3.8894323259592056,6.696081906557083,2.608610913157463,1.9080334156751633,0.6978629529476166,1.4229793176054955,0.36967955622822046,0.20760808931663632,0.8301392532885075,1.2171368803828955,0.2846821011044085,6.0654251873493195,100.0,,,,,D19
BONA_006,BONA,2018,4.02602231502533,7.010448068380356,2.5607847720384598,2.000802308320999,0.6804864779114723,1.4231252036988735,0.3611214803531766,0.20019140746444464,0.8011229149997234,1.2513545826077461,0.3335528960451484,6.221541255712509,100.0,,,,,D19
BONA_006,BONA,2019,3.8235401064157486,7.295692712068558,2.48152294754982,2.017030529677868,0.6548870801925659,1.5784972943365574,0.4099173713475466,0.2319373432546854,0.8588170111179352,1.4120203778147697,0.3521982468664646,6.473783880472183,99.92947053909302,,,,,D19
BONA_006,BONA,2021,2.8853628039360046,7.844328433275223,2.0547663494944572,1.865629255771637,0.4023019839078188,1.5959042757749557,0.5497460570186377,0.3062979793176055,0.8395126350224018,1.363798551261425,0.47837274242192507,5.915496200323105,99.94877052307129,,,,,D19
BONA_006,BONA,2023,3.178414285182953,7.6065500527620316,2.209684520959854,1.9329747185111046,0.49764670990407467,1.6157537177205086,0.5046872645616531,0.28196134231984615,0.849256057292223,1.415779670079549,0.4258929258212447,6.115481346845627,99.85920667648315,0.6790316700935364,0.5000602602958679,0.7024405598640442,0.4174627065658569,D19
BONA_016,BONA,2017,3.669213811556498,5.651630578562617,3.1132322251796722,1.2632260732352734,0.8575693368911743,1.2631994227568308,0.35933095725874103,0.20496833361685277,0.7073080023129781,1.0304474601378808,0.1328779766956965,5.520572392145793,100.0,,,,,D19
BONA_016,BONA,2018,3.8290680795907974,6.386844962835312,3.1673589646816254,1.477470189332962,0.8317752070724964,1.3470227234065533,0.3541576098650694,0.19709937553852797,0.7830776926130056,1.1135853305459023,0.15949204069329426,5.965774327516556,100.0,,,,,D19
BONA_016,BONA,2019,3.5879859924316406,6.368664562702179,3.175214096903801,1.4078731760382652,0.8230475001037121,1.3965242803096771,0.39205847680568695,0.2162765422835946,0.8065923787653446,1.0510129816830158,0.17087199073284864,5.750652372837067,100.0,,,,,D19
BONA_016,BONA,2021,2.1950629577040672,6.544472008943558,2.2445947900414467,1.397571824491024,0.515770754776895,1.2764224037528038,0.5765321385115385,0.3142465874552727,0.8148376829922199,1.0673724673688412,0.25530428159981966,4.690983101725578,100.0,,,,,D19
BONA_016,BONA,2023,2.3119528368115425,6.334413379430771,2.564047634601593,1.296075601130724,0.6817412506788969,1.278725478798151,0.5490660723298788,0.30252626817673445,0.8299434967339039,1.0349595211446285,0.17413427028805017,4.784133553504944,100.0,0.5847393274307251,0.4550637602806091,0.6523473262786865,0.3492692410945892,D19
BONA_013,BONA,2017,7.398678630590439,13.258117854595184,1.8026113286614418,4.126438677310944,0.2892793286591768,2.9241811111569405,0.41818719543516636,0.23496181797236204,0.8802763745188713,2.112467013299465,1.08724882081151,11.795905083417892,80.17272925376892,,,,,D19
BONA_013,BONA,2018,7.492782294750214,13.19098898768425,1.7747221812605858,4.077891454100609,0.257788750808686,3.0568348094820976,0.4413467310369015,0.25019467156380415,0.886041946709156,2.117464579641819,1.1899874359369278,12.098219215869904,76.43482828140259,,,,,D19
BONA_013,BONA,2019,7.69416469335556,13.832503199577332,1.836881048977375,4.314222067594528,0.3073055651038885,3.1082966029644012,0.4269918370991945,0.23973929695785046,0.8840639591217041,2.1700309962034225,1.0490949731320143,12.247349917888641,76.66007447242737,,,,,D19
BONA_013,BONA,2021,6.750962093472481,14.067153930664062,1.7240906581282616,3.769233286380768,0.1771255382336676,3.1926254481077194,0.5088652689009905,0.28623517882078886,0.9044310301542282,2.2135346978902817,1.344305407255888,11.889593988656998,78.99879264831543,,,,,D19
DEJU_050,DEJU,2017,2.960847280919552,5.190895542502403,3.0593712627887726,1.2323858868330717,0.7608386166393757,1.1433644220232964,0.3972149547189474,0.2240425916388631,0.8071851953864098,0.8915434650012425,0.22137316304724663,4.688606083393097,100.0,,,,,D19
DEJU_050,DEJU,2018,3.0269114673137665,5.387417137622833,3.0872939974069595,1.2640940845012665,0.773694671690464,1.1702869907021523,0.3958723936229944,0.22452276945114136,0.828849233686924,0.975444861820766,0.21756985658430494,4.859479978680611,100.0,,,,,D19
DEJU_050,DEJU,2019,2.7494315036705563,4.551206175237894,3.0007089227437973,1.035189511720091,0.8132840432226658,1.1717774591275625,0.4520158384527479,0.2549413985439709,0.7912208012172154,0.8424077332019806,0.18125620311392204,4.473553478717804,100.0,,,,,D19
DEJU_050,DEJU,2021,2.3381348699331284,5.942363262176514,2.33306223154068,1.3104805052280426,0.5131530798971653,1.1731198877096176,0.501192370429635,0.27706428058445454,0.7981406040489674,0.9750229865312576,0.32338538067415357,4.576589673757553,100.0,,,,,D19
DEJU_050,DEJU,2023,2.4709383100271225,5.8661962151527405,2.7375465780496597,1.2566634379327297,0.6871640365570784,1.1826583333313465,0.48403586260974407,0.27096071001142263,0.8312622979283333,0.9557109512388706,0.2170587715227157,4.681531488895416,100.0,0.650058388710022,0.3255722224712372,0.5872802138328552,0.3145802617073059,D19
DEJU_051,DEJU,2017,3.205156236886978,6.416330516338348,2.493632808327675,1.6591650880873203,0.6540642231702805,1.302636481821537,0.4166018795222044,0.2335084704682231,0.8338342271745205,1.1260386817157269,0.33806882752105594,5.321709901094437,100.0,,,,,D19
DEJU_051,DEJU,2018,3.3989814817905426,6.7111198008060455,2.367592804133892,1.8383104354143143,0.6112119480967522,1.3817939162254333,0.4148572050035,0.23226041346788406,0.8575365915894508,1.214211095124483,0.402179938275367,5.711434215307236,100.0,,,,,D19
DEJU_051,DEJU,2019,3.154981467872858,5.798519536852837,2.3557266741991043,1.665481558535248,0.6455156691372395,1.2309599928557873,0.3939259611070156,0.2259956607595086,0.8589544482529163,1.1216328422228494,0.36895301441351575,5.0926868468523026,100.0,,,,,D19
DEJU_051,DEJU,2021,2.5333637669682503,6.8670134246349335,1.992334470152855,1.5591062493622303,0.3673196258023381,1.3122484907507896,0.5207063499838114,0.28761286474764347,0.8103549517691135,1.1361518017947674,0.46957592968828976,5.084608614444733,100.0,,,,,D19
DEJU_051,DEJU,2023,2.712973430752754,6.9445469081401825,2.247234061360359,1.6163269989192486,0.5317151285707951,1.3485086932778358,0.5012242514640093,0.27827621810138226,0.8225602731108665,1.193930272012949,0.36019784212112427,5.254451721906662,100.0,0.674898087978363,0.265655368566513,0.626636266708374,0.2672752737998962,D19
DEJU_049,DEJU,2017,4.191834041050503,7.740723857656121,2.493438743054867,1.8391034037340432,0.6446855305694044,1.8089218778269631,0.4322902762464115,0.23611843000565255,0.7980852339948926,1.331580285515104,0.5984660118286099,7.552604981831142,98.51771545410156,,,,,D19
DEJU_049,DEJU,2018,4.086149203777313,8.08958800137043,2.5385515093803406,1.9469298608601093,0.67343495413661,1.7407041311264038,0.42781080504258473,0.23119176278511683,0.8184857288996379,1.445750538791929,0.477049803893481,7.546311235427856,98.66323614120483,,,,,D19
DEJU_049,DEJU,2019,3.9814066767692564,8.025130342692137,2.554748184978962,1.9490847885608673,0.6745508946478367,1.7643540422121684,0.448345688978831,0.24543124238650005,0.8006083846092225,1.4366850554943085,0.4184189128379027,7.411013412475586,98.73958683013916,,,,,D19
DEJU_049,DEJU,2021,3.3220362961292267,9.153617337346077,2.2187894582748413,2.0485657416284084,0.4737885594367981,1.8188306614756584,0.5541976373642683,0.3000301094725728,0.8240920193493366,1.4850514252980551,0.5557564131449908,7.080642744898796,98.396249294281,,,,,D19
DEJU_049,DEJU,2023,3.449895851314068,9.175579383969307,2.3393260836601257,2.028602736070752,0.56485481467098,1.8333869948983192,0.5340923145413399,0.29429637361317873,0.8426575884222984,1.612766512802669,0.46964992000721395,7.073272153735161,98.50689744949341,0.798705518245697,0.431854635477066,0.7685986757278442,0.4147974252700805,D19
DEJU_057,DEJU,2017,2.6647703607877093,4.294895486906171,2.80362281948328,1.0075053642503917,0.8591970875859261,1.211230101188024,0.4490723490715027,0.2585067788759867,0.8507565122384292,0.7384592309594155,0.13470547118534645,4.247210864226023,100.0,,,,,D19
DEJU_057,DEJU,2018,3.0942764043807984,4.794228088110685,2.91914189606905,1.1641663988120854,0.8244547378271818,1.2220545291900635,0.4322861313819885,0.2434899648030599,0.7922825972239177,0.8515477505597201,0.18058651393013342,4.713898396492004,100.0,,,,,D19
DEJU_057,DEJU,2019,2.773882261912028,4.309270983561873,2.847150467336178,1.0574067533016205,0.8424521628767252,1.1534768556555113,0.3928215478857358,0.22028501120706398,0.8358213390622821,0.756951475685293,0.16494496632367373,4.254674383004507,100.0,,,,,D19
DEJU_057,DEJU,2021,1.9080680534243584,5.383108638226986,2.503579042851925,1.0883793644607067,0.6592144444584846,1.1649968475103378,0.5949268415570259,0.3213093262165785,0.810904860496521,1.1519789149363835,0.15627044346183538,4.117577254772186,100.0,,,,,D19
DEJU_057,DEJU,2023,1.8452073149383068,5.38464030623436,2.549586445093155,1.0445380033925176,0.7062564454972744,1.2202029703184962,0.6549213565886021,0.342477411031723,0.7563421837985516,1.1482432972301135,0.12076384002963701,4.194074463099241,100.0,0.8428004384040833,0.533396303653717,0.8194732666015625,0.4992448985576629,D19
DEJU_047,DEJU,2017,4.917118400335312,10.004224359989166,2.008128270506859,2.7444014996290207,0.4575722496956587,1.7548606023192406,0.3580693509429693,0.19742167834192514,0.8072711825370789,1.697413630783558,0.7413255572319031,8.032680660486221,99.50532531738281,,,,,D19
DEJU_047,DEJU,2018,5.170919209718704,10.28479015827179,2.0140866115689278,2.865896686911583,0.4677592068910599,1.7721691727638245,0.34411967918276787,0.19010897167026997,0.8038425408303738,1.7445974498987198,0.7312029656022787,8.312785565853119,99.40703678131104,,,,,D19
DEJU_047,DEJU,2019,5.02146577835083,10.337158143520355,2.044739343225956,2.8195837885141373,0.47976187244057655,1.860084444284439,0.3725859262049198,0.20630657859146595,0.8240100517868996,1.7524408996105194,0.6969203781336546,8.220068335533142,99.49282550811768,,,,,D19
DEJU_047,DEJU,2021,4.170442506670952,10.30545324087143,1.8399150148034096,2.5173172801733017,0.2887198068201542,1.9885260537266731,0.4808795042335987,0.2711915262043476,0.8608203791081905,1.7073157280683517,0.8973978757858276,7.657839238643646,99.59293365478516,,,,,D19
DEJU_047,DEJU,2023,4.488512635231018,10.462467193603516,1.9145199209451675,2.6472269147634506,0.35730719566345215,2.0100198313593864,0.45215940475463867,0.2553059086203575,0.8643952496349812,1.7768241837620735,0.8443335965275764,7.956800103187561,99.6064805984497,0.7286325097084045,0.2715002298355102,0.7041759490966797,0.2734442949295044,D19
DEJU_052,DEJU,2017,2.557775514466422,4.5780922546982765,3.0454398840665817,0.9260273049585521,0.8693366385996342,1.5034809580871038,0.612433427146503,0.34524850121566225,0.8547819129058293,1.1031074361367659,0.08902915088193757,4.811663218906948,100.0,,,,,D19
DEJU_052,DEJU,2018,2.4384951181709766,5.067876368761063,3.313343398272991,0.9366102062631398,0.8734750673174858,1.4110306431539357,0.5651282258331776,0.32115041208453476,0.8573114593823751,0.9702986983152536,0.08595031752650227,4.591661479324102,100.0,,,,,D19
DEJU_052,DEJU,2019,2.6094123497605324,5.298956170678139,3.3773884028196335,1.0407367097213864,0.85597338154912,1.5409701652824879,0.6091954931616783,0.341615985147655,0.8341406602412462,1.024559424473689,0.08790750925739606,4.977797321975231,100.0,,,,,D19
DEJU_052,DEJU,2021,2.038549207150936,6.298759490251541,2.571090057492256,1.2377454675734043,0.6514169629663229,1.3390004374086857,0.6584689281880856,0.3505381587892771,0.8159288503229618,1.2141391038894653,0.14488423406146467,4.780938237905502,100.0,,,,,D19
DEJU_052,DEJU,2023,1.7976724356412888,5.942679673433304,2.6257210075855255,1.096461996436119,0.6748202219605446,1.2529243305325508,0.7090859077870846,0.3637840040028095,0.7887283489108086,1.1161986717156,0.11540132632944733,4.525481030344963,100.0,0.6871616840362549,0.4013556540012359,0.6248427033424377,0.3820559978485107,D19
DEJU_045,DEJU,2017,2.4843212503653307,3.525861226953566,2.954089418053627,0.772371091414243,0.8840256221592426,1.142260393844201,0.45436728115265185,0.2662006289913104,0.856304387251536,0.8243689239025116,0.11160149255936797,4.001294081027691,100.0,,,,,D19
DEJU_045,DEJU,2018,2.5228433779307773,4.370730044320226,3.110471583902836,0.8659790526144207,0.8753923065960407,1.2688353444848741,0.5157095513173512,0.29162667053086416,0.8864762740475791,0.9487477107481523,0.10773338569113268,4.368625249181475,100.0,,,,,D19
DEJU_045,DEJU,2019,2.580081284046173,4.262963742017746,3.0568055361509323,0.8998412247747183,0.8670052140951157,1.2480754085949488,0.4920720372881208,0.2808408864906856,0.8716942242213658,0.9140883326530457,0.10165432175355298,4.40502633367266,100.0,,,,,D19
DEJU_045,DEJU,2021,2.0273116379976273,5.146419160068035,2.6989230513572693,1.058595571666956,0.7258866410702467,1.1245606858283281,0.5469544474035501,0.30167333595454693,0.8561334162950516,0.9791800609001746,0.1414012131591638,4.2151255533099174,100.0,,,,,D19
DEJU_045,DEJU,2023,2.039152354001999,5.261144399642944,2.79468896985054,1.0117685347795486,0.7707411907613277,1.169371623545885,0.5727317929267883,0.3149029277265072,0.8450563810765743,1.0281860186503484,0.11610893253237009,4.370517581701279,100.0,0.6573489308357239,0.3898445069789886,0.5829282999038696,0.3726434111595154,D19
DEJU_056,DEJU,2017,3.3316938281059265,6.328995317220688,2.785780981183052,1.6113310642540455,0.721320690587163,1.4265985824167728,0.4369821986183524,0.24607722368091345,0.8535766899585724,1.1388963721692562,0.2586586409015581,5.604481279850006,100.0,,,,,D19
DEJU_056,DEJU,2018,3.325273349881172,6.426069349050522,2.7526397183537483,1.6269181556999683,0.7047341372817755,1.426777821034193,0.43676668405532837,0.24581377301365137,0.8384088464081287,1.20725492015481,0.2865335873211734,5.631871461868286,100.0,,,,,D19
DEJU_056,DEJU,2019,3.2513291612267494,6.1139263063669205,2.720471903681755,1.5664303060621023,0.7239828854799271,1.326330604031682,0.40869855880737305,0.2314096288755536,0.8410593792796135,1.1873868147532145,0.2842342344423135,5.265290558338165,100.0,,,,,D19
DEJU_056,DEJU,2021,2.5521678626537323,6.6021997928619385,2.3220644891262054,1.481012251228094,0.5170712098479271,1.3381524942815304,0.5263457670807838,0.29263900127261877,0.83056565746665,1.142585588619113,0.362152703339234,5.093947008252144,100.0,,,,,D19
DEJU_056,DEJU,2023,2.7026792839169502,6.693705499172211,2.414067305624485,1.5354580096900463,0.565026898868382,1.36274728551507,0.5066635813564062,0.28448011726140976,0.8514200299978256,1.170192452147603,0.34538608067668974,5.264140143990517,100.0,0.5844172239303589,0.3064448833465576,0.5217837691307068,0.2920657694339752,D19
DEJU_061,DEJU,2017,3.7169371396303177,7.319167733192444,2.7769626677036285,1.7754436135292053,0.7224069871008396,1.511946652084589,0.4120721686631441,0.2317007454112172,0.8389346450567245,1.2970010377466679,0.29819211224094033,6.238821893930435,99.95659732818604,,,,,D19
DEJU_061,DEJU,2018,3.7479442358016968,7.480159252882004,2.684075176715851,1.8615633323788643,0.7008209116756916,1.557705968618393,0.42172351479530334,0.2371118003502488,0.8501698300242424,1.356122925877571,0.3208399899303913,6.347807556390762,99.89825487136841,,,,,D19
DEJU_061,DEJU,2019,3.6633116006851196,7.532107383012772,2.8984621465206146,1.706964187324047,0.7412838656455278,1.5576430708169937,0.42874069698154926,0.23891261592507362,0.844499584287405,1.319939248263836,0.2728477385826409,6.325095474720001,99.96007823944092,,,,,D19
DEJU_061,DEJU,2021,2.904437378048897,8.087326169013977,2.184386469423771,1.7999783083796501,0.47775284945964813,1.5570269227027893,0.5393468514084816,0.2988363765180111,0.8343175873160362,1.3298002630472183,0.4464978603646159,5.871369689702988,99.96259260177612,,,,,D19
DEJU_061,DEJU,2023,3.0458189994096756,8.187981337308884,2.349169835448265,1.7978685572743416,0.5507563259452581,1.5793896690011024,0.5247220993041992,0.2911146003752947,0.8446568101644516,1.365191776305437,0.39302284829318523,6.005318462848663,99.98071956634521,0.67799973487854,0.3286954462528229,0.6258077621459961,0.3202739357948303,D19
DEJU_064,DEJU,2017,4.135975077748299,8.390645772218704,2.5429507791996,2.1573414504528046,0.6634755432605743,1.7713289745151997,0.42604895401746035,0.23657419858500361,0.8524762019515038,1.4816604442894459,0.3504914799705148,7.32570880651474,99.77573871612549,,,,,D19
DEJU_064,DEJU,2018,4.2216417491436005,8.656019985675812,2.5576483607292175,2.1711996272206306,0.6762834042310715,1.7221526838839054,0.4048135280609131,0.22360465582460165,0.8180770762264729,1.4921259731054306,0.3461881950497627,7.45161435008049,99.62641477584839,,,,,D19
DEJU_064,DEJU,2019,2.2836431935429573,9.37445244193077,2.210840031504631,1.991690218448639,0.2940613245591521,2.026628613471985,0.8970916904509068,0.43067918345332146,0.715715404599905,1.6735471412539482,0.27997902128845453,6.334607392549515,99.7441897392273,,,,,D19
DEJU_064,DEJU,2021,3.106980249285698,9.107235610485077,2.2250394374132156,1.9857802391052246,0.4899662882089615,1.7751512676477432,0.571783784776926,0.31412206776440144,0.8304037041962147,1.5006544291973114,0.4194081239402294,6.3967795968055725,99.8015832901001,,,,,D19
DEJU_064,DEJU,2023,3.220828488469124,8.968123316764832,2.3941592425107956,1.9574692621827126,0.5736055932939053,1.790236547589302,0.5583590045571327,0.30801356863230467,0.8425836265087128,1.5028822124004364,0.3548142984509468,6.588122695684433,99.8533730506897,0.6653996706008911,0.3166974782943725,0.6060909628868103,0.3109813034534454,D19
DEJU_054,DEJU,2017,3.232071057955424,5.811286935582757,2.1943919137120247,1.6335470452904701,0.5663275010883808,1.2776904106140137,0.4000674029191335,0.2259740024805069,0.8629696170488993,1.349953164656957,0.6390233842226175,5.334948547681173,100.0,,,,,D19
DEJU_054,DEJU,2018,3.3851309458414716,6.236433435231447,2.241715371608734,1.7025003675371408,0.5766960494220257,1.3623091677824657,0.4237161874771118,0.23844752609729766,0.8641916712125143,1.392687161763509,0.5877749232043114,5.594247762362162,100.0,,,,,D19
DEJU_054,DEJU,2019,2.544968109577894,7.033842459321022,1.8809012174606323,1.7661041878163815,0.2555913534015417,1.6073522046208382,0.6082032155245543,0.3152754846960306,0.7364649269729853,1.4979905990453868,0.46504369951435365,5.225327678024769,99.8921332359314,,,,,D19
DEJU_054,DEJU,2021,2.823085367679596,7.131243944168091,2.053460866212845,1.6629985831677914,0.394113733433187,1.399894181638956,0.4970749896019697,0.27743459958583117,0.8260559141635895,1.2649204837424415,0.5923806768842041,5.285431459546089,99.95578002929688,,,,,D19
DEJU_054,DEJU,2023,3.0010469928383827,7.0892438888549805,2.1111209616065025,1.7030347865074873,0.4352488787844777,1.379423025995493,0.46652924083173275,0.2612013518810272,0.8386343792080879,1.2996701364006316,0.6126983254216611,5.427954450249672,99.92694330215454,0.7162097096443176,0.3188784718513489,0.678360641002655,0.3142448663711548,D19
DEJU_060,DEJU,2017,3.679277330636978,6.709761947393417,2.248698614537716,1.9377330243587494,0.591866958886385,1.1962889358401299,0.33329667057842016,0.18707373086363077,0.8078811429440975,1.2438212260603905,0.4685750352218747,5.712913870811462,100.0,,,,,D19
DEJU_060,DEJU,2018,3.8711751997470856,6.874240696430206,2.2123407125473022,2.0381984040141106,0.5788484159857035,1.2520467415452003,0.33194983284920454,0.18612426985055208,0.8149458318948746,1.268009439110756,0.49369795992970467,5.921841323375702,100.0,,,,,D19
DEJU_060,DEJU,2019,2.332938030362129,7.615404427051544,2.072812132537365,1.8022610992193222,0.3135382579639554,1.7528239004313946,0.7518116272985935,0.39194763265550137,0.781902089715004,1.3950823806226254,0.32329509127885103,5.51468051970005,100.0,,,,,D19
DEJU_060,DEJU,2021,2.838163435459137,7.0980768501758575,1.973344475030899,1.75248671323061,0.38829505629837513,1.390888500958681,0.4906107895076275,0.27670491114258766,0.841020755469799,1.2468390725553036,0.522025540471077,5.345761775970459,100.0,,,,,D19
DEJU_060,DEJU,2023,3.005249321460724,7.1664667427539825,2.0388636514544487,1.8166948556900024,0.434394596144557,1.4075058177113533,0.4689626134932041,0.2656006598845124,0.8470070362091064,1.2766069807112217,0.5087449178099632,5.484111577272415,100.0,0.6952667236328125,0.2426284700632095,0.6593450903892517,0.247696191072464,D19
DEJU_046,DEJU,2017,3.5036812275648117,6.7904046177864075,2.5814703181385994,1.768790202215314,0.6559676844626665,1.5343948863446712,0.45600232668220997,0.25393646117299795,0.8345772102475166,1.2578814347585043,0.3685050612548366,6.144245058298111,100.0,,,,,D19
DEJU_046,DEJU,2018,3.7229018211364746,7.185116678476334,2.713045686483383,1.8480527475476265,0.6760035529732704,1.5874920189380646,0.43258404545485973,0.24539102334529161,0.8443314731121063,1.2254229336977005,0.34360839519649744,6.472402006387711,100.0,,,,,D19
DEJU_046,DEJU,2019,1.874354712665081,7.96780326962471,2.0358185842633247,1.6066098921000957,0.21231539780274034,1.5836732871830463,0.8278442919254303,0.3562266919761896,0.6298729591071606,1.4696855396032333,0.2196233682334423,5.143415033817291,100.0,,,,,D19
DEJU_046,DEJU,2021,2.6070798337459564,7.814601331949234,2.120696149766445,1.695550438016653,0.4091254910454154,1.5255611315369606,0.5917195230722427,0.3195991814136505,0.8101974576711655,1.3001300655305386,0.44261926459148526,5.587428778409958,100.0,,,,,D19
DEJU_046,DEJU,2023,2.7612573951482773,7.903434783220291,2.2666902616620064,1.745169322937727,0.5039127264171839,1.560398519039154,0.5731676109135151,0.3116790484637022,0.8164357244968414,1.3471087515354156,0.37656977120786905,5.8246282786130905,100.0,0.6590453386306763,0.3028492033481598,0.5988034009933472,0.2990871667861938,D19
DEJU_055,DEJU,2017,3.7713318467140198,8.345334678888321,2.230266287922859,2.1880727261304855,0.5395561512559652,1.7091269865632057,0.45766203850507736,0.2526097437366843,0.8356763236224651,1.4331142157316208,0.5106607032939792,6.866228550672531,99.92823791503906,,,,,D19
DEJU_055,DEJU,2018,3.896823674440384,9.055845946073532,2.322882294654846,2.256656728684902,0.5783470645546913,1.8613252341747284,0.4817804843187332,0.2672834126278758,0.8669555075466633,1.5811344683170319,0.4474843814969063,7.408933907747269,99.79002046585083,,,,,D19
DEJU_055,DEJU,2019,3.7364641278982162,7.889692664146423,2.4394314736127853,2.072175160050392,0.6300641223788261,1.7605963870882988,0.4765868466347456,0.2648243326693773,0.8575052209198475,1.3809293434023857,0.3616909869015217,6.853633135557175,99.9341812133789,,,,,D19
DEJU_055,DEJU,2021,3.040618732571602,8.905917406082153,2.0078457966446877,2.012884333729744,0.35764298494905233,1.7543530613183975,0.5756575129926205,0.315091235563159,0.8264432027935982,1.439291287213564,0.5499469358474016,6.557702153921127,99.90889358520508,,,,,D19
DEJU_055,DEJU,2023,3.1164312809705734,8.871459990739822,2.2379490584135056,1.9436584934592247,0.5047415979206562,1.7170359939336777,0.5531158279627562,0.3040587780997157,0.8198594301939011,1.4584311842918396,0.4203785415738821,6.445277690887451,99.87387132644653,0.6817936897277832,0.2713718116283417,0.6395145058631897,0.2718259394168854,D19
DEJU_063,DEJU,2017,3.5202285051345825,6.646484375,2.273242026567459,1.8841955214738846,0.5811028238385916,1.3124381229281425,0.3750050701200962,0.2113684369251132,0.8323499113321304,1.1943546645343304,0.4728935966268182,5.65842741727829,100.0,,,,,D19
DEJU_063,DEJU,2018,3.7281071096658707,7.238517612218857,2.314844198524952,1.9754527732729912,0.621707160025835,1.3761790096759796,0.37099035643041134,0.20754186622798443,0.8206573314964771,1.305146723985672,0.41633907798677683,5.979408413171768,100.0,,,,,D19
DEJU_063,DEJU,2019,3.5877720415592194,6.773672342300415,2.3154330402612686,1.8999961540102959,0.607777189463377,1.3263801410794258,0.36827003583312035,0.205976951867342,0.8068635277450085,1.2141781151294708,0.42827630043029785,5.7533691972494125,100.0,,,,,D19
DEJU_063,DEJU,2021,2.8487482219934464,7.434695214033127,1.9149074852466583,1.7477838695049286,0.3418479608371854,1.4033996909856796,0.49199943989515305,0.2742485534399748,0.8162591569125652,1.217909500002861,0.58438341319561,5.435180962085724,100.0,,,,,D19
DEJU_063,DEJU,2023,3.038843423128128,7.5231000781059265,2.1022548750042915,1.8211340382695198,0.47122980654239655,1.4265197589993477,0.47107526473701,0.2640084670856595,0.8303312174975872,1.281218633055687,0.4872343484312296,5.624544560909271,100.0,0.6631805300712585,0.2506933212280273,0.6177420616149902,0.2528795897960663,D19
DEJU_059,DEJU,2017,3.753716304898262,6.788192868232727,2.7991254925727844,1.7420983985066414,0.7405875958502293,1.4442010521888733,0.38328969292342663,0.214923488907516,0.8398792035877705,1.2678990885615349,0.26180749759078026,6.048579663038254,100.0,,,,,D19
DEJU_059,DEJU,2018,3.785144552588463,7.0074611604213715,2.825694262981415,1.7566520720720291,0.7417159788310528,1.4919624775648117,0.39399187080562115,0.22136930748820305,0.8402792997658253,1.3020799532532692,0.2655138811096549,6.163952618837357,100.0,,,,,D19
DEJU_059,DEJU,2019,1.8646393492817879,7.610358834266663,2.218248039484024,1.6160769313573837,0.3098436025902629,1.6531341224908829,0.8907494619488716,0.40517098270356655,0.6317500304430723,1.4573891498148441,0.2041688049212098,5.3968836814165115,100.0,,,,,D19
DEJU_059,DEJU,2021,2.7629865556955338,7.5357286632061005,2.2258503437042236,1.713601991534233,0.49543736688792706,1.5044561177492142,0.5450179800391197,0.3028500359505415,0.8371878191828728,1.3223961219191551,0.37680422607809305,5.5932891964912415,100.0,,,,,D19
DEJU_059,DEJU,2023,2.897545874118805,7.61835303902626,2.4677658304572105,1.6563027575612068,0.6039748676121235,1.4821966886520386,0.5129315927624702,0.28613257594406605,0.8343631029129028,1.3199891038239002,0.3113201134838164,5.603467434644699,100.0,0.620431661605835,0.313310444355011,0.5539065599441528,0.3035144209861755,D19
DEJU_048,DEJU,2017,3.9869350492954254,7.559589385986328,2.1785672679543495,2.1569521576166153,0.5536698773503304,1.3735931441187859,0.34321652725338936,0.19112612213939428,0.7983803786337376,1.3932252526283264,0.5436091106384993,6.38859435915947,99.95381784439087,,,,,D19
DEJU_048,DEJU,2018,4.138281837105751,7.761129826307297,2.2098739370703697,2.229777902364731,0.5841824859380722,1.4108499959111214,0.34198066499084234,0.1891658427193761,0.7952165305614471,1.395448487251997,0.48491937294602394,6.533306032419205,99.95381784439087,,,,,D19
DEJU_048,DEJU,2019,2.5061485171318054,8.464761108160019,1.9860509559512138,2.042202740907669,0.1966488747857511,1.9952410534024239,0.7979406043887138,0.41199651174247265,0.7768376208841801,1.5677388235926628,0.38722184021025896,6.187992632389069,99.8733811378479,,,,,D19
DEJU_048,DEJU,2021,3.127319633960724,8.047250747680664,1.879459708929062,1.9339476376771927,0.3119391230866313,1.579442173242569,0.5041915327310562,0.2847202196717262,0.8560385517776012,1.380558781325817,0.6862896922975779,5.947513222694397,99.94141435623169,,,,,D19
DEJU_048,DEJU,2023,3.37592351436615,8.239384293556213,2.028464548289776,2.0578882917761803,0.4197193570435047,1.63855642080307,0.48542395606637,0.27504796627908945,0.8695514872670174,1.4576049372553825,0.5950663667172194,6.285176247358322,99.93653869628906,0.7087525129318237,0.2410934716463089,0.6822994947433472,0.2459032237529754,D19
DEJU_062,DEJU,2017,3.754226729273796,7.5236819088459015,2.181221157312393,2.0581013709306717,0.5452001299709082,1.4124438799917698,0.3758416138589382,0.20875825732946396,0.8225226290524006,1.3279807940125465,0.5434773117303848,6.2079311311244965,100.0,,,,,D19
DEJU_062,DEJU,2018,3.868439793586731,7.655370712280273,2.2442033290863037,2.0975756347179413,0.5758863482624292,1.449916522949934,0.37680176459252834,0.2097736829891801,0.8226879313588142,1.3634845279157162,0.49608031939715147,6.33439502120018,99.89763689041138,,,,,D19
DEJU_062,DEJU,2019,2.469500310719013,8.441568821668625,2.0541235357522964,1.9543680101633072,0.27552933245897293,1.903887964785099,0.7716029696166515,0.4007685985416174,0.7899771891534328,1.5432718023657799,0.36000900994986296,6.020979166030884,99.89513826370239,,,,,D19
DEJU_062,DEJU,2021,2.916937306523323,8.076187402009964,1.925318069756031,1.835964947938919,0.33411397133022547,1.5218601524829865,0.5202906187623739,0.2900953823700547,0.820355337113142,1.3231740854680538,0.5960886459797621,5.720133602619171,99.95999717712402,,,,,D19
DEJU_062,DEJU,2023,3.1240343898534775,8.173514425754547,2.0786658450961113,1.9013547524809837,0.4449809528887272,1.5420982390642166,0.49435603618621826,0.27703655418008566,0.8347756713628769,1.3688396662473679,0.5323131596669555,5.9017579555511475,99.94396352767944,0.6925581097602844,0.2415588796138763,0.66217041015625,0.2454830259084701,D19
DEJU_058,DEJU,2017,4.293269157409668,8.398058593273163,2.042308285832405,2.4084112644195557,0.47591924853622913,1.564509056508541,0.3672336433082819,0.20382282231003046,0.8207745440304279,1.5109510272741318,0.676954185590148,7.0883302092552185,99.84565734863281,,,,,D19
DEJU_058,DEJU,2018,4.489070266485214,8.59263065457344,2.090172417461872,2.4688414186239243,0.516298858448863,1.528726950287819,0.343862596899271,0.1892971070483327,0.7972275167703629,1.519422024488449,0.6210644841194153,7.246367543935776,99.88496923446655,,,,,D19
DEJU_058,DEJU,2019,3.5656146705150604,9.114715576171875,1.9530097991228104,2.430397368967533,0.29334146063774824,2.1637918055057526,0.6195814292877913,0.346251224167645,0.8646949417889118,1.6559490785002708,0.6638546697795391,7.258375763893127,99.76975965499878,,,,,D19
DEJU_058,DEJU,2021,3.5425960272550583,8.960346728563309,1.8312456607818604,2.1560726389288902,0.27189598325639963,1.764957346022129,0.497616158798337,0.2803020104765892,0.8569402135908604,1.520781122148037,0.8403733819723129,6.7819876074790955,99.85960865020752,,,,,D19
DEJU_058,DEJU,2023,3.8638827204704285,9.117190271615982,1.9398352727293968,2.2885122671723366,0.36268441285938025,1.7680508345365524,0.4580109063535929,0.2585038682445884,0.8561793304979801,1.5813677459955215,0.7847036048769951,6.9971785843372345,99.84395456314087,0.6968503594398499,0.246898666024208,0.6631053686141968,0.2510443925857544,D19
DEJU_053,DEJU,2017,4.08403705060482,7.358474016189575,2.1471487805247307,2.1616391763091087,0.5358443856239319,1.3061427846550941,0.3211418082937598,0.17965900525450706,0.7988393269479275,1.3435701243579388,0.6010526828467846,6.285422429442406,100.0,,,,,D19
DEJU_053,DEJU,2018,4.2983338832855225,7.476778626441956,2.1125027760863304,2.2663071155548096,0.534601453691721,1.2377520725131035,0.2886891281232238,0.16178769059479237,0.7598577216267586,1.366640366613865,0.6055587204173207,6.460278242826462,100.0,,,,,D19
DEJU_053,DEJU,2019,3.1598565578460693,7.9070568680763245,2.032090425491333,2.1804796755313873,0.3222565557807684,1.8396267369389534,0.6383566306903958,0.3464002860710025,0.8114418089389801,1.449796438217163,0.49764273315668106,6.400356709957123,99.92870712280273,,,,,D19
DEJU_053,DEJU,2021,3.2670203000307083,7.712559074163437,1.8493319526314735,1.9304815232753754,0.31121581606566906,1.4707151651382446,0.45050402358174324,0.25453637167811394,0.825034961104393,1.341214381158352,0.7356373444199562,5.862215936183929,100.0,,,,,D19
DEJU_053,DEJU,2023,3.4801845252513885,7.788344293832779,1.9378526210784912,2.0433920472860336,0.3749299990013242,1.5238820165395737,0.4399310555309057,0.24852650053799152,0.8428311347961426,1.4032788760960102,0.6972339358180761,6.1572306752204895,100.0,0.697642982006073,0.2552286386489868,0.6603749394416809,0.2589216530323028,D19
DEJU_010,DEJU,2017,1.1357920244336128,2.3298507034778595,2.160780221223831,0.5551261929795146,0.7384955771267414,0.488045790232718,0.41200327361002564,0.21665707789361477,0.8294279256037304,0.49601447582244873,0.026053886860609055,1.9853398017585278,100.0,,,,,D19
DEJU_010,DEJU,2018,1.2936275005340576,2.402238756418228,2.2695952132344246,0.6053634285926819,0.7362233847379684,0.5545511732498805,0.42311219771703085,0.22912922004858652,0.8185013175010681,0.6445748805999756,0.020841601822111342,2.319618892669678,100.0,,,,,D19
DEJU_010,DEJU,2019,1.2498700805008411,2.8384964764118195,2.0170538127422333,0.6786779100075364,0.6601658090949059,0.6071799173951149,0.46816054731607437,0.25379609037190676,0.7767230188474059,0.30957286059856415,0.024426064525659267,2.3418326377868652,100.0,,,,,D19
DEJU_010,DEJU,2021,1.3328298926353455,3.517851233482361,1.926996998488903,0.7882863320410252,0.4543772526085377,0.5854107569903135,0.43675487488508224,0.23616432398557663,0.7213400080800056,0.6496524810791016,0.06300626136362553,2.481122672557831,100.0,,,,,D19
DEJU_010,DEJU,2023,1.2720555439591408,3.2626380175352097,1.9393824711441994,0.744305182248354,0.46933783777058125,0.5590481627732515,0.4357610624283552,0.23502167873084545,0.7060559652745724,0.6530903379122416,0.04988957941532135,2.3749244436621666,100.0,0.8362257480621338,0.5041584372520447,0.8134366869926453,0.4761699438095093,D19
DEJU_004,DEJU,2017,0.566061794757843,0.37831921875476837,1.910898707807064,0.018796846503391862,0.9948071204125881,0.040604815197487674,0.07255937593678634,0.04103547676155964,,,,0.6214984655380249,100.0,,,,,D19
DEJU_004,DEJU,2018,0.5527052581310272,0.3360971352085471,1.9036550521850586,0.017871230142191052,0.9963149689137936,0.044598931446671486,0.0802482608705759,0.05112559162080288,,,,0.5962347090244293,100.0,,,,,D19
DEJU_004,DEJU,2019,0.5839783906936645,0.4319718275219202,1.8873987942934036,0.02927945530973375,0.9909200184047222,0.0587656170129776,0.09827723652124405,0.05577955469489097,,,,0.6657064437866211,100.0,,,,,D19
DEJU_004,DEJU,2021,0.8003392378489177,1.3719659987837076,2.0913310050964355,0.3356470940634608,0.7333146147429943,0.17413566062847774,0.2122892399628957,0.1169268364707629,0.4581333515899522,,0.0,1.1072144627571106,100.0,,,,,D19
DEJU_004,DEJU,2023,0.8160149733225505,1.4855600204318762,2.1225726157426834,0.28088147658854723,0.8460660390555859,0.2310038814942042,0.2696696708599726,0.14849299440781275,0.567219710120788,,0.0,1.2288960258165995,100.0,0.8063039779663086,0.5079019069671631,0.7688542008399963,0.4784843623638153,D19
DEJU_003,DEJU,2017,1.0236553363502026,2.0534309297800064,2.1715369299054146,0.5165053009986877,0.6697720568627119,0.38199328631162643,0.36438778322190046,0.19676761981099844,0.8413952328264713,,0.006654686760157347,1.729925811290741,100.0,,,,,D19
DEJU_003,DEJU,2018,1.135588314384222,2.154459200799465,2.1449774354696274,0.5827994048595428,0.6408751644194126,0.4107084274291992,0.35104120150208473,0.1922260569408536,0.8655977956950665,,0.008158004563301801,1.8516028672456741,100.0,,,,,D19
DEJU_003,DEJU,2019,1.3728962391614914,2.8871747106313705,1.9469199255108833,0.7473513595759869,0.5636864919215441,0.539576293900609,0.3878040723502636,0.21590224374085665,0.6885001063346863,0.7196325163046519,0.016686556511558592,2.2531195655465126,100.0,,,,,D19
DEJU_003,DEJU,2021,1.5386275947093964,3.955470994114876,1.857036478817463,0.8878740482032299,0.37817940302193165,0.6273807846009731,0.4047741126269102,0.22069821879267693,0.6802485249936581,0.6657792727152506,0.11569456523284316,2.706180661916733,100.0,,,,,D19
DEJU_003,DEJU,2023,1.6458907052874565,3.9703883826732635,1.8934900611639023,0.9361109770834446,0.4003486717119813,0.6332821734249592,0.380955308675766,0.20668806787580252,0.6707994416356087,0.6859565774599711,0.1337932636961341,2.80435548722744,100.0,0.8396441340446472,0.5298036336898804,0.8168420791625977,0.4949836134910583,D19
DEJU_023,DEJU,2017,2.2052005231380463,6.12292505800724,2.3320212066173553,1.3732776157557964,0.5875486526638269,1.3554455526173115,0.6080456171184778,0.32332567032426596,0.7980592362582684,1.0828541900430406,0.19175824557896703,4.87451434135437,100.0,,,,,D19
DEJU_023,DEJU,2018,2.369340553879738,6.328515991568565,2.3396636247634888,1.4819606058299541,0.5881925784051418,1.4286231063306332,0.6029365006834269,0.3216497264802456,0.8209831863641739,1.1282334455421992,0.2207909154240042,5.176471218466759,100.0,,,,,D19
DEJU_023,DEJU,2019,2.208153575658798,6.400695845484734,2.2330418676137924,1.406485602259636,0.5720392502844334,1.3855823129415512,0.622179914265871,0.33370262384414673,0.8045582063496113,1.2046026862584627,0.218154416535981,4.903730407357216,100.0,,,,,D19
DEJU_023,DEJU,2021,2.0528607219457626,6.8340306133031845,1.9341159164905548,1.3675646111369133,0.32144670002162457,1.2013710625469685,0.5796888079494238,0.3011844689026475,0.7245310992002487,1.1101102391878763,0.29973968071863055,4.513919025659561,100.0,,,,,D19
DEJU_023,DEJU,2023,2.0769085958600044,6.86022774875164,2.033909924328327,1.376096721738577,0.3915586322546005,1.213417612016201,0.5793992094695568,0.30037044826895,0.7290567569434643,1.0738807996114095,0.2827697009779513,4.5649604350328445,100.0,0.7768920063972473,0.3786460757255554,0.7595534920692444,0.3659564256668091,D19
DEJU_008,DEJU,2017,1.3375195960203807,0.7685351660475135,2.260469578206539,0.09306342015042901,0.989619567990303,0.20277843872706094,0.20133397604028383,0.11302780204763015,0.6409854789574941,0.0,0.0032154452055692673,1.640992283821106,100.0,,,,,D19
DEJU_008,DEJU,2018,0.6311196982860565,0.43176430370658636,2.0198420360684395,0.022624816745519638,0.9961834438145161,0.12352633487898856,0.17923633666941896,0.12301712885770637,1.0,,,0.7257068951924642,100.0,,,,,D19
DEJU_008,DEJU,2019,0.7863196805119514,1.545749969780445,1.7950144857168198,0.4027807470411062,0.43688243441283703,0.12595486431382596,0.15671066707000136,0.06510631646960974,0.18775521049445326,,0.0012121248990297317,0.9403304904699326,100.0,,,,,D19
DEJU_008,DEJU,2021,1.4045642912387848,3.296313464641571,2.5500080212950706,0.6931507736444473,0.6574166268110275,0.5830960087478161,0.4093721229583025,0.22394997160881758,0.7586377300322056,0.3975339432557424,0.06587847345508635,2.4913173466920853,100.0,,,,,D19
DEJU_008,DEJU,2023,1.3404194973409176,2.9775865375995636,2.8613848090171814,0.541558500379324,0.830690786242485,0.5557928960770369,0.40426952578127384,0.2253878517076373,0.7863580845296383,0.5665802359580994,0.045322156278416514,2.3617895171046257,100.0,0.7034388184547424,0.4297873377799988,0.6404041647911072,0.4077513217926025,D19
DEJU_019,DEJU,2017,3.910062402486801,7.8077878057956696,2.447864256799221,2.048520840704441,0.6488640196621418,1.5235908776521683,0.3881226647645235,0.21642359904944897,0.8351529203355312,1.4321502335369587,0.3901246841996908,6.53390371799469,99.91883134841919,,,,,D19
DEJU_019,DEJU,2018,3.9375954270362854,8.016840934753418,2.478998601436615,2.0569869354367256,0.6624608151614666,1.593685433268547,0.4055814854800701,0.22673042118549347,0.8473212793469429,1.4828256666660309,0.3658725144341588,6.659325838088989,99.97888517379761,,,,,D19
DEJU_019,DEJU,2019,2.174431584775448,8.52947223186493,2.215735286474228,1.8617618680000305,0.31646727584302425,1.899155743420124,0.8729635812342167,0.4271869696676731,0.7156909294426441,1.5504948012530804,0.2606547730974853,6.017518997192383,99.91292953491211,,,,,D19
DEJU_019,DEJU,2021,2.9695062786340714,8.34928473830223,2.0770440474152565,1.914484366774559,0.41075085662305355,1.641231194138527,0.550430765375495,0.30514490976929665,0.8455453738570213,1.3854761607944965,0.48643827624619007,6.148376852273941,99.96740531921387,,,,,D19
DEJU_019,DEJU,2023,3.1775522381067276,8.556225031614304,2.319927893579006,1.9095855131745338,0.5516293589025736,1.6479181051254272,0.5167716294527054,0.28781940042972565,0.8421497456729412,1.4334164410829544,0.3878506803885102,6.302302896976471,99.9576210975647,0.6800351142883301,0.3057764768600464,0.6245167255401611,0.3033590316772461,D19
DEJU_005,DEJU,2017,3.682527482509613,1.5213127182796597,2.4286477342247963,0.30480063147842884,0.967981643974781,0.8521644994616508,0.23773428425192833,0.13667938858270645,0.6294021978974342,0.7218415439128876,0.11666275281459093,4.968228578567505,100.0,,,,,D19
DEJU_005,DEJU,2018,3.0763648549715676,1.6763193598017097,2.560889311134815,0.3021741327829659,0.9713861010968685,0.7464266320069631,0.29180385420719784,0.18069469556212425,0.6628149201472601,0.7548748403787613,0.07851061238907278,4.07781982421875,100.0,,,,,D19
DEJU_005,DEJU,2019,0.9043429829180241,2.408900249749422,1.9634735062718391,0.5385650899261236,0.4618588611483574,0.3051016181707382,0.2750991485081613,0.09955624607391655,0.22379650465316242,0.9833694100379944,0.03792588362315049,1.5700447335839272,100.0,,,,,D19
DEJU_005,DEJU,2021,1.3371372483670712,2.819931458681822,2.9216573536396027,0.5165590289980173,0.8753017112612724,0.5638192852493376,0.34667590353637934,0.187499767402187,0.7020721916969006,1.1411456614732742,0.07693466707132757,2.376691609621048,100.0,,,,,D19
DEJU_005,DEJU,2023,1.2314748565355937,2.3483339939266443,2.7264032065868378,0.37676876364275813,0.9359776116907597,0.5093946991798778,0.31223976410304505,0.17534142009293038,0.8378583590189616,1.0913242995738983,0.08367300573736429,2.1798513372739157,100.0,0.6779205799102783,0.3880679309368133,0.6076470017433167,0.3735661804676056,D19
DEJU_001,DEJU,2017,,0.29784622695297003,1.8885073214769363,0.0,1.0,,,,,,,,100.0,,,,,D19
DEJU_001,DEJU,2018,0.544370174407959,0.3796896804124117,1.963225118815899,0.009369224542751908,0.9982671812176704,0.01755528012290597,0.0320823995086054,0.020111069393654663,,,,0.5653692086537679,100.0,,,,,D19
DEJU_001,DEJU,2019,0.6842536528905233,0.4488170938566327,2.037572704255581,0.027410953538492322,0.9947077371180058,0.040771800093352795,0.06271970458328724,0.040948644590874515,,,,0.7211880485216776,100.0,,,,,D19
DEJU_001,DEJU,2021,1.4633190520107746,4.417695045471191,2.710756689310074,0.7443391233682632,0.7425830475986004,0.8644424770027399,0.5890201069414616,0.29818486887961626,0.7370316758751869,0.7625979880491892,0.04198351001832634,3.2494365870952606,100.0,,,,,D19
DEJU_001,DEJU,2023,1.0952750891447067,2.534886360168457,2.5766958594322205,0.43654687027446926,0.8311172090470791,0.4792547356337309,0.4314595842733979,0.23826823569834232,0.7797396222750346,,0.006338087442730155,2.0353898890316486,100.0,0.7033381462097168,0.41654172539711,0.6440247893333435,0.3961947560310364,D19
DEJU_007,DEJU,2017,1.7853835746645927,1.3219522004947066,2.5219333320856094,0.1945934786926955,0.9706114642322063,0.24975594104034826,0.183427142794244,0.10669476515613496,0.6425425052642822,0.0,0.0167767812187473,2.161608546972275,100.0,,,,,D19
DEJU_007,DEJU,2018,1.041367068886757,0.7244165232405066,2.130381964147091,0.08386889984831214,0.9818960689008236,0.3555186493322253,0.27368846349418163,0.1576015129685402,0.7456958889961243,,0.016093343496322632,1.5507355332374573,100.0,,,,,D19
DEJU_007,DEJU,2019,0.8375323042273521,0.8755856435745955,2.17818533629179,0.11780070560052991,0.9700850322842598,0.2892961944453418,0.2707219300791621,0.15509265754371881,0.8086593548456827,,0.002257340122014284,1.3050765171647072,100.0,,,,,D19
DEJU_007,DEJU,2021,1.1279783695936203,3.6194508150219917,2.294700503349304,0.6217262744903564,0.6313105840235949,0.5445131342858076,0.47493521124124527,0.2340726451948285,0.6643853820860386,0.7003500461578369,0.02735660846034686,2.2575357854366302,100.0,,,,,D19
DEJU_007,DEJU,2023,1.0360606722533703,2.701499566435814,2.315122865140438,0.49778886791318655,0.7112860716879368,0.38679138477891684,0.3719334080815315,0.20016773603856564,0.6886607781052589,,0.0030744095732058796,1.771402195096016,100.0,0.6865596771240234,0.3811245858669281,0.6502224206924438,0.3596106171607971,D19
DEJU_015,DEJU,2017,2.163060761988163,4.4711557030677795,2.564092516899109,1.1980087868869305,0.7070509754121304,1.2747407630085945,0.663372665643692,0.3352200514636934,0.7073466889560223,0.3398693118776594,0.13625293163931929,4.134901165962219,100.0,,,,,D19
DEJU_015,DEJU,2018,2.645064152777195,4.56607848405838,2.748874217271805,1.1707050204277039,0.7953265998512506,1.1840068399906158,0.5073730116710067,0.2734006680548191,0.7794773131608963,0.3982671893068722,0.12646133083035238,4.247973158955574,100.0,,,,,D19
DEJU_015,DEJU,2019,2.446788437664509,4.509044989943504,2.7341351956129074,1.2074906378984451,0.76662153378129,1.2737127915024757,0.5722091104835272,0.3056883318349719,0.7969186007976532,0.46540673449635506,0.10698032936488744,4.210420623421669,100.0,,,,,D19
DEJU_015,DEJU,2021,1.7820576801896095,5.0314621925354,2.110384553670883,1.1618690565228462,0.48679541051387787,1.039508193731308,0.5825706496834755,0.30245396960526705,0.7417373843491077,0.868207859992981,0.1511632075998932,3.894516959786415,100.0,,,,,D19
DEJU_015,DEJU,2023,1.6437004953622818,4.935028776526451,2.1067949756979942,1.0845350213348866,0.4924569632858038,0.9920383766293526,0.598844001069665,0.30673840921372175,0.7197172529995441,0.9092992842197418,0.10604972916189581,3.776653617620468,100.0,0.8265988826751709,0.5103241801261902,0.7947354316711426,0.4816684126853943,D19
DEJU_017,DEJU,2017,1.2196016572415829,2.388533167541027,2.4838054329156876,0.4878152450546622,0.8493953980505466,0.5401378264650702,0.4176143817603588,0.2346989093348384,0.826008278876543,0.6688224673271179,0.039360283149613276,2.1674884259700775,100.0,,,,,D19
DEJU_017,DEJU,2018,1.2304556518793106,2.3131978511810303,2.452958434820175,0.5046758912503719,0.8315156660974026,0.5301978960633278,0.4062060285359621,0.23023843299597502,0.8436412066221237,,0.03815294077826871,2.1287671700119972,100.0,,,,,D19
DEJU_017,DEJU,2019,1.2500607212384542,2.4275277256965637,2.379070371389389,0.5496855736710131,0.801526490598917,0.6315671741962433,0.4913749476273855,0.27534529368082683,0.8728328307469686,0.6763907968997955,0.023797667839310387,2.30760395526886,100.0,,,,,D19
DEJU_017,DEJU,2021,1.4923642054200172,3.7138600945472717,2.104368194937706,0.866074476391077,0.5306746121495962,0.6898929476737976,0.45845220796763897,0.25153193436563015,0.795515526086092,0.6058448314666748,0.09155067871324718,2.8627911061048508,100.0,,,,,D19
DEJU_017,DEJU,2023,1.5275261402130127,3.758821204304695,2.1695732846856117,0.8744126372039318,0.5640061795711517,0.7046840358525515,0.45874672941863537,0.25381486117839813,0.7998413443565369,0.5729372402032217,0.09415634791366756,2.9070464819669724,100.0,0.6282991170883179,0.3004106879234314,0.584600031375885,0.2900334894657135,D19
DEJU_014,DEJU,2017,4.535080716013908,9.931880742311478,2.193127527832985,2.6787043809890747,0.5066102277487516,2.1434894874691963,0.47988622076809406,0.2696631057187915,0.8906414173543453,1.7407994121313095,0.5852502882480621,8.334091156721115,99.00527000427246,,,,,D19
DEJU_014,DEJU,2018,4.6629892736673355,10.213682413101196,2.20158451795578,2.7443131282925606,0.5056872237473726,2.207531362771988,0.47995488345623016,0.27016504388302565,0.8945758789777756,1.8042139932513237,0.5904427720233798,8.577114760875702,98.74224758148193,,,,,D19
DEJU_014,DEJU,2019,4.608201265335083,10.16609412431717,2.165856219828129,2.7272904440760612,0.4826489305123687,2.2062217444181442,0.4832577109336853,0.27188495825976133,0.8954390361905098,1.781073309481144,0.6398045849055052,8.626262843608856,98.72419023513794,,,,,D19
DEJU_014,DEJU,2021,3.846700832247734,10.6172636449337,1.906349778175354,2.4224073067307472,0.2857078530360013,2.1311562061309814,0.5550361331552267,0.30948152020573616,0.8499430380761623,1.6913358569145203,0.8562603443861008,7.8203505873680115,98.67198419570923,,,,,D19
DEJU_014,DEJU,2023,4.143553853034973,10.84476125240326,2.0573169142007828,2.604474186897278,0.39316015457734466,2.230797976255417,0.5416868384927511,0.30364486295729876,0.8684472404420376,1.7837523967027664,0.7021639253944159,8.244669318199158,98.51105213165283,0.7980145812034607,0.3310078978538513,0.797183096408844,0.3255155980587005,D19
DEJU_006,DEJU,2017,3.457999423146248,7.348082810640335,2.6980942487716675,1.8167337365448475,0.7099707089364529,1.785658337175846,0.5278007909655571,0.2979000601917505,0.9066597484052181,1.3340255737304687,0.2353933472186327,6.553710788488388,99.66106271743774,,,,,D19
DEJU_006,DEJU,2018,3.4822961539030075,7.18971848487854,2.5340108573436737,1.8503973074257374,0.6592584252357483,1.7304147705435753,0.515092683956027,0.2904107188805938,0.8666867576539516,1.2948798259099326,0.314771621953696,6.468039885163307,99.66346168518066,,,,,D19
DEJU_006,DEJU,2019,3.3446137607097626,7.4664875864982605,2.656118556857109,1.7683072742074728,0.7032485492527485,1.7465844042599201,0.5448556840419769,0.3028978882357478,0.8762117139995098,1.3389030337333678,0.23523437345284037,6.462135121226311,99.70081806182861,,,,,D19
DEJU_006,DEJU,2021,2.8148184195160866,7.889327645301819,2.163384974002838,1.781284287571907,0.4467629846185446,1.6311332918703556,0.5742858592420816,0.3144877888262272,0.8177528716623783,1.324414610862732,0.4086040169931948,5.967367380857468,99.71946287155151,,,,,D19
DEJU_006,DEJU,2023,2.9861920326948166,7.721015125513077,2.4709498286247253,1.7017590925097466,0.6419805884361267,1.6640472114086151,0.5479749925434589,0.30410067550837994,0.8490692637860775,1.2878019530326128,0.24221491580829024,6.023696735501289,99.57886934280396,0.7013275027275085,0.3317326605319977,0.6491841077804565,0.3258706927299499,D19
DEJU_021,DEJU,2017,2.890569716691971,5.315977603197098,2.2187552228569984,1.4876404777169228,0.5949428305029869,0.8285896293818951,0.28673953376710415,0.1578255551867187,0.6996306553483009,0.8160951009818486,0.41206134855747223,4.195686087012291,100.0,,,,,D19
DEJU_021,DEJU,2018,3.005183234810829,5.545537114143372,2.143095940351486,1.57488451898098,0.5644903220236301,0.8704197332262993,0.2892787894234061,0.15707147447392344,0.7116202935576439,0.8453289307653904,0.48699106834828854,4.4184562265872955,100.0,,,,,D19
DEJU_021,DEJU,2019,2.994677811861038,5.342912778258324,2.2726503759622574,1.5131466388702393,0.6248390376567841,0.7998418174684048,0.2654537195339799,0.14373922860249877,0.6832098886370659,0.7831856489181519,0.39428751822561026,4.179188922047615,100.0,,,,,D19
DEJU_021,DEJU,2021,2.4423848539590836,5.996575981378555,1.869642212986946,1.423877753317356,0.3503062929958105,1.0316565409302711,0.42050471529364586,0.2362980069592595,0.768379881978035,0.8897696509957314,0.49517811834812164,4.281514137983322,100.0,,,,,D19
DEJU_021,DEJU,2023,2.6198510229587555,6.152523577213287,1.9379070773720741,1.5020051524043083,0.40219371765851974,1.0377737246453762,0.3947105146944523,0.22259651869535446,0.759281974285841,0.9405624829232693,0.5260588228702545,4.419385731220245,100.0,0.6988704204559326,0.2659412026405334,0.652133584022522,0.2700770795345306,D19
DEJU_002,DEJU,2017,1.5014586806297303,1.6826492520049214,2.465413875877857,0.272830281406641,0.9442941397428513,0.5435486167669297,0.3896546199917793,0.2236745335161686,0.7850892245769501,0.6168651580810547,0.028983731754124165,2.339289164543152,100.0,,,,,D19
DEJU_002,DEJU,2018,1.832842575179206,1.8103439649567008,2.577179603278637,0.3080017641186714,0.9491339847445488,0.6981821341647042,0.38045914140012527,0.2132071413927608,0.7570298479663001,0.6451933681964874,0.03589383140206337,2.694004853566488,100.0,,,,,D19
DEJU_002,DEJU,2019,2.3465830385684967,1.92564997356385,2.5328918397426605,0.3481612019240856,0.9549660570919514,0.6241242317482829,0.28367649018764496,0.16424065153114498,0.7161971852183342,0.6930252909660339,0.05779688459421907,3.065499171614647,100.0,,,,,D19
DEJU_002,DEJU,2021,1.2896989174187183,3.3847690001130104,2.3128299191594124,0.7160613967571408,0.6023769658058882,0.660600908100605,0.4882598929107189,0.24903473956510425,0.7829453110694885,0.6481284737586975,0.06507306419579047,2.7093501649796963,100.0,,,,,D19
DEJU_002,DEJU,2023,1.2179379165172577,3.0514305159449577,2.539220079779625,0.5406294576823711,0.7978051118552685,0.510919448453933,0.3844076804816723,0.2053764658048749,0.7311279575030009,0.6943013399839402,0.04467568148604848,2.2408155761659145,100.0,0.7154290676116943,0.3954658210277557,0.6762915253639221,0.3762969374656677,D19
DEJU_024,DEJU,2017,3.18371794372797,5.049567997455597,3.2297991812229156,1.10590485855937,0.874344065785408,0.9892233721911907,0.32122583501040936,0.17995067266747355,0.7516032867133617,0.893523131098066,0.11288255511317402,4.6030153930187225,100.0,,,,,D19
DEJU_024,DEJU,2018,3.2220565006136894,5.118326872587204,3.308400720357895,1.0639533922076225,0.8890086561441422,1.0341014619916677,0.33310539461672306,0.18497595423832536,0.7379697896540165,0.8798235217730205,0.09776342823170125,4.656781032681465,100.0,,,,,D19
DEJU_024,DEJU,2019,3.0740575790405273,4.793690502643585,3.4282373040914536,0.9638265743851662,0.9012520089745522,1.0732397697865963,0.3616177747026086,0.20391100319102407,0.8024096302688122,0.7563829123973846,0.07463644730160013,4.545842334628105,100.0,,,,,D19
DEJU_024,DEJU,2021,2.1780629381537437,5.603510320186615,2.1093262806534767,1.3261743634939194,0.4763220101594925,1.077547561377287,0.49543729051947594,0.2736215814948082,0.7955244444310665,0.9013119637966156,0.2822257885709405,4.272591486573219,100.0,,,,,D19
DEJU_024,DEJU,2023,2.2821120023727417,5.688603520393372,2.453663170337677,1.2645718902349472,0.6518812030553818,1.1091054640710354,0.48796167969703674,0.2690325640141964,0.786514300853014,0.9715685546398163,0.19234240567311645,4.49628546833992,100.0,0.6752285957336426,0.3061380088329315,0.6171407103538513,0.3037044107913971,D19
DEJU_016,DEJU,2017,3.1007369458675385,6.809116572141647,2.549904853105545,1.7288758754730225,0.6717084161937237,1.6595011726021767,0.5399358700960875,0.30668005999177694,0.9182710722088814,1.2759542018175125,0.24770901445299387,6.096475929021835,100.0,,,,,D19
DEJU_016,DEJU,2018,3.2475577145814896,6.8466969430446625,2.5363932996988297,1.7687980458140373,0.6693403571844101,1.646100953221321,0.5109789427369833,0.28982645086944103,0.9079469479620457,1.2584266178309917,0.27638847287744284,6.140352517366409,100.0,,,,,D19
DEJU_016,DEJU,2019,2.311040446162224,7.170689612627029,2.350187987089157,1.6423675194382668,0.5627742521464825,1.7825239822268486,0.7763788141310215,0.4215601831674576,0.8223523385822773,1.3612778410315514,0.22715923422947526,5.6477415561676025,100.0,,,,,D19
DEJU_016,DEJU,2021,2.330311842262745,7.035270810127258,2.09628102183342,1.5315663293004036,0.432160135358572,1.3457166031002998,0.5760460384190083,0.31109648011624813,0.7910843528807163,1.1522823572158813,0.3208984760567546,5.048412173986435,100.0,,,,,D19
DEJU_016,DEJU,2023,2.3999340385198593,6.981722354888916,2.214554823935032,1.51720529794693,0.5117627829313278,1.346867635846138,0.5592118576169014,0.30363279208540916,0.7948401756584644,1.1651726104319096,0.28601535875350237,5.157502233982086,100.0,0.7472786903381348,0.3274879455566406,0.7034414410591125,0.3269675374031067,D19
DEJU_009,DEJU,2017,3.468848332762718,7.257144391536713,2.708257421851158,1.8051352947950363,0.7097694724798203,1.7342046946287155,0.49816844798624516,0.281064978800714,0.8960625156760216,1.3009444884955883,0.25110258092172444,6.512396305799484,99.78281831741333,,,,,D19
DEJU_009,DEJU,2018,3.6062579303979874,7.555276721715927,2.690162107348442,1.8579648658633232,0.7130532823503017,1.8022883161902428,0.49548684246838093,0.2809278331696987,0.9006642550230026,1.4130741655826569,0.25370615045540035,6.676758497953415,99.7717695236206,,,,,D19
DEJU_009,DEJU,2019,3.203442305326462,7.819507509469986,2.6484825164079666,1.7367037683725357,0.7255403138697147,1.9005435854196548,0.6003101598471403,0.3367146197706461,0.8917032852768898,1.4373590685427189,0.2161139517556876,6.541072279214859,99.84090900421143,,,,,D19
DEJU_009,DEJU,2021,2.6115918830037117,7.79705873131752,2.130597099661827,1.7504777908325195,0.42812818940728903,1.6093491539359093,0.6145943179726601,0.3364888671785593,0.8455924093723297,1.3168512843549252,0.38945681042969227,5.89102628827095,99.87128162384033,,,,,D19
DEJU_009,DEJU,2023,2.779770314693451,7.958972364664078,2.367904841899872,1.7329924553632736,0.5690704714506865,1.6440866887569427,0.5918538644909859,0.32481857389211655,0.8462933972477913,1.357134472578764,0.31021167151629925,6.127515971660614,99.86882209777832,0.7434114813804626,0.3259459733963012,0.6979363560676575,0.3256058096885681,D19
DEJU_018,DEJU,2017,3.3295433670282364,6.352071851491928,2.9098767042160034,1.475419420748949,0.7925981096923351,1.386942345649004,0.4205657932907343,0.23754512332379818,0.854204349219799,1.152611430734396,0.1787867732346058,5.587961435317993,100.0,,,,,D19
DEJU_018,DEJU,2018,3.408280447125435,6.159627228975296,2.985569715499878,1.4661870300769806,0.80509053170681,1.4243473932147026,0.42391747422516346,0.24045495130121708,0.8675271607935429,1.1198358200490475,0.16350667108781636,5.63837257027626,100.0,,,,,D19
DEJU_018,DEJU,2019,3.2520834505558014,5.538564682006836,3.3217966109514236,1.1947054006159306,0.8703756034374237,1.4297387301921844,0.4447691747918725,0.256764973513782,0.8140489459037781,0.8776502688725789,0.08891842188313603,5.241401672363281,100.0,,,,,D19
DEJU_018,DEJU,2021,2.198986165225506,6.426113575696945,2.214441068470478,1.3784084767103195,0.5055240821093321,1.2207800224423409,0.5540288127958775,0.300039691850543,0.7927830964326859,1.0108393095433712,0.2540812767110765,4.545714750885963,100.0,,,,,D19
DEJU_018,DEJU,2023,2.249159723520279,6.493093729019165,2.4421406388282776,1.3223912715911865,0.6156908348202705,1.2417110241949558,0.5515598859637976,0.2989810146391392,0.7902693226933479,1.0627076290547848,0.1992297386750579,4.636340990662575,100.0,0.706638514995575,0.3166667222976684,0.6522470116615295,0.3154724538326263,D19
DEJU_020,DEJU,2017,4.043001145124435,7.264510065317154,2.0507363975048065,2.181837424635887,0.5040919445455074,1.2125046327710152,0.2997747603803873,0.16666318709030747,0.7685077972710133,1.361328661441803,0.6445005666464567,6.080025881528854,100.0,,,,,D19
DEJU_020,DEJU,2018,4.22170814871788,7.413609594106674,2.1816971972584724,2.214276373386383,0.5741421543061733,1.2535775303840637,0.29646705090999603,0.1648275488987565,0.7733622305095196,1.4044256508350372,0.5308331362903118,6.299755036830902,100.0,,,,,D19
DEJU_020,DEJU,2019,4.063706561923027,7.349758446216583,2.242261365056038,2.137429364025593,0.602146016433835,1.3648091070353985,0.33605584502220154,0.18699821829795837,0.8119710497558117,1.3976623117923737,0.4659639224410057,6.297953307628632,100.0,,,,,D19
DEJU_020,DEJU,2021,3.078305870294571,7.6579815447330475,1.8802753910422325,1.8790042847394943,0.32470650505274534,1.496972732245922,0.4867219962179661,0.2761014373973012,0.8502360545098782,1.3583152294158936,0.6584317032247782,5.765898138284683,100.0,,,,,D19
DEJU_020,DEJU,2023,3.3319937139749527,7.706055760383606,2.0667948722839355,1.9835938513278961,0.45718524884432554,1.5268500447273254,0.45983959175646305,0.26151789259165525,0.8577198758721352,1.4230424910783768,0.5400976911187172,6.01087686419487,100.0,0.7049726247787476,0.2561111748218536,0.6696352958679199,0.2602338492870331,D19
HEAL_072,HEAL,2017,0.5774090647697449,0.6076291557401419,1.7788702249526978,0.06959866126999259,0.9716978296637535,0.06489904364570975,0.10780523121356964,0.062420548778027295,0.11911602318286896,,,0.6738842368125916,100.0,,,,,D19
HEAL_072,HEAL,2018,0.6244742373625437,0.5692555923014879,1.7956755086779594,0.06456000450998545,0.9648389890789986,0.08009460405446589,0.11731724829102556,0.07136298165035744,0.8517608046531677,,,0.7326273322105408,100.0,,,,,D19
HEAL_072,HEAL,2019,0.6503075427479215,0.6489849183708429,1.8763142451643944,0.08563538803718984,0.9632135555148125,0.0918052835493452,0.13487443922915393,0.07844122463009423,0.25388919562101364,,,0.7890675200356377,100.0,,,,,D19
HEAL_072,HEAL,2021,0.8562139309942722,1.936973325908184,1.9920124262571335,0.38991502299904823,0.7049936056137085,0.28151814453303814,0.32563862949609756,0.17219391092658043,0.6725861839950085,,0.0,1.3841625228524208,100.0,,,,,D19
HEAL_072,HEAL,2023,0.8203424848616123,1.922485038638115,1.9089923799037933,0.35355223435908556,0.7257073372602463,0.2694051773287356,0.31699470337480307,0.16277546808123589,0.5648527343291789,,0.0034178048372268677,1.3562483564019203,100.0,0.808401346206665,0.5535359382629395,0.7593570947647095,0.5174880027770996,D19
HEAL_063,HEAL,2017,0.8571734428405762,0.39895397517830133,1.9194660782814026,0.036986063001677394,0.9895656704902649,0.12394115328788757,0.13801204785704613,0.08546573296189308,0.8904916644096375,,,1.006509393453598,100.0,,,,,D19
HEAL_063,HEAL,2018,0.9063701033592224,0.4774833368137479,1.9489341080188751,0.04576252494007349,0.9860268048942089,0.19199549903472266,0.20405645171801248,0.1187040979663531,0.7249787449836731,,,1.163394272327423,100.0,,,,,D19
HEAL_063,HEAL,2019,0.8022265553474426,0.5074757216498256,1.885616809129715,0.06012094090692699,0.9820300526916981,0.18485752493143082,0.20526128038764,0.12255124598741532,0.907449464003245,,,1.0188878893852233,100.0,,,,,D19
HEAL_063,HEAL,2021,0.9645555317401886,1.011776597239077,2.0623801425099373,0.1657470539212227,0.9454012028872967,0.22446018680930138,0.21361079663038254,0.12418622933328152,0.7138365677424839,,0.0,1.2953827857971192,100.0,,,,,D19
HEAL_063,HEAL,2023,0.9012047111988067,1.0060656052082777,1.9200070351362228,0.15075582161080092,0.9485157988965511,0.2254935961216688,0.21277363002300262,0.12168535254895688,0.7434582561254501,,0.0,1.2559161722660064,100.0,0.7964802980422974,0.5853354334831238,0.7353651523590088,0.5438334941864014,D19
HEAL_070,HEAL,2017,,0.16612324304878712,1.7535283342003822,0.0,1.0,,,,,,,,100.0,,,,,D19
HEAL_070,HEAL,2018,,0.19796642987057567,1.779074564576149,0.0,1.0,,,,,,,,100.0,,,,,D19
HEAL_070,HEAL,2019,,0.16726237954571843,1.7535361498594284,0.0,1.0,,,,,,,,100.0,,,,,D19
HEAL_070,HEAL,2021,,0.20608451822772622,1.7367181330919266,0.0,1.0,,,,,,,,100.0,,,,,D19
HEAL_070,HEAL,2023,,0.2883396241813898,1.751640684902668,0.0,1.0,,,,,,,,100.0,0.7574370503425598,0.5439655780792236,0.6860403418540955,0.5086022019386292,D19
HEAL_060,HEAL,2017,,0.1559769087471068,1.743869625031948,0.0,1.0,,,,,,,,100.0,,,,,D19
HEAL_060,HEAL,2018,,0.1467444133013487,1.7766782343387604,0.0,1.0,,,,,,,,100.0,,,,,D19
HEAL_060,HEAL,2019,,0.16331079276278615,1.7862788289785385,0.0,1.0,,,,,,,,100.0,,,,,D19
HEAL_060,HEAL,2021,,0.18528777174651623,1.7683176100254059,0.0,1.0,,,,,,,,100.0,,,,,D19
HEAL_060,HEAL,2023,,0.24302371311932802,1.758598804473877,0.0,1.0,,,,,,,,100.0,0.7730069160461426,0.5831621289253235,0.6992421746253967,0.5428063273429871,D19
HEAL_071,HEAL,2017,,0.1555960807017982,1.8097324445843697,0.0,1.0,,,,,,,,100.0,,,,,D19
HEAL_071,HEAL,2018,,0.18992819031700492,1.7797363996505737,0.0,1.0,,,,,,,,100.0,,,,,D19
HEAL_071,HEAL,2019,,0.16586837405338883,1.79024188965559,0.0,1.0,,,,,,,,100.0,,,,,D19
HEAL_071,HEAL,2021,,0.2039959216490388,1.7611123099923134,0.0,1.0,,,,,,,,100.0,,,,,D19
HEAL_071,HEAL,2023,,0.23633594065904617,1.7258330732584,0.0,1.0,,,,,,,,100.0,0.7786169648170471,0.5823270678520203,0.7040009498596191,0.5442771911621094,D19
HEAL_050,HEAL,2017,,0.1445922958664596,1.7880140990018845,0.0,1.0,,,,,,,,100.0,,,,,D19
HEAL_050,HEAL,2018,,0.19905737042427063,1.7660542279481888,0.0,1.0,,,,,,,,100.0,,,,,D19
HEAL_050,HEAL,2019,,0.17646052781492472,1.7607188448309898,0.0,1.0,,,,,,,,100.0,,,,,D19
HEAL_050,HEAL,2021,1.032969355583191,0.3214997835457325,1.8575569614768028,0.009173691854812205,0.9992908984422684,0.2013329565525055,0.19490699470043182,0.113931804895401,0.9182958602905273,,,1.2309719324111938,100.0,,,,,D19
HEAL_050,HEAL,2023,0.9248704314231873,0.38866135384887457,1.8649230152368546,0.009204293543007225,0.9992487281560898,0.26598963141441345,0.29120711982250214,0.18673987686634064,0.9943497180938721,,,1.2258963584899902,100.0,0.7700960040092468,0.5696508288383484,0.6928017139434814,0.5341139435768127,D19
HEAL_067,HEAL,2017,,0.22154782246798277,1.805684819817543,0.0,1.0,,,,,,,,100.0,,,,,D19
HEAL_067,HEAL,2018,,0.22154682502150536,1.7754049226641655,0.0,1.0,,,,,,,,100.0,,,,,D19
HEAL_067,HEAL,2019,,0.21320405509322882,1.7872344255447388,0.0,1.0,,,,,,,,100.0,,,,,D19
HEAL_067,HEAL,2021,1.1099350154399872,0.3526910338550806,1.8618333116173744,0.02038195263594389,0.9970561638474464,0.1404026597738266,0.12668389827013016,0.0692148432135582,0.5,,,1.2497745752334595,100.0,,,,,D19
HEAL_067,HEAL,2023,0.5873628854751587,0.31665743980556726,1.797496609389782,0.004247997421771288,0.9991629458963871,0.07052033394575119,0.12006263434886932,0.07057081162929535,,,,0.6884547472000122,100.0,0.7747101783752441,0.5793793797492981,0.7015768885612488,0.5401901006698608,D19
HEAL_068,HEAL,2017,1.4063677489757538,0.6368215093389153,1.9772740826010704,0.08915785700082779,0.9827146418392658,0.30757385259494185,0.1685026865452528,0.09708175668492913,0.8595937192440033,0.6271024346351624,0.04162703827023506,1.7901968359947205,100.0,,,,,D19
HEAL_068,HEAL,2018,1.028471827507019,0.6912581445649266,1.9275342226028442,0.08475423196796328,0.9756767265498638,0.6367517281323671,0.4492432698607445,0.23587671418984732,0.7636443078517914,0.2750365436077118,0.043267980217933655,2.0888637701670327,100.0,,,,,D19
HEAL_068,HEAL,2019,1.4675222237904866,0.6717623649165034,1.98946051299572,0.07842902047559619,0.9810694195330143,0.658890388906002,0.3393665204445521,0.19219843546549478,0.8593020737171173,0.3070606589317322,0.0253762174397707,2.309958358605703,100.0,,,,,D19
HEAL_068,HEAL,2021,1.3296605050563812,1.3249957775697112,2.1123785972595215,0.19375477638095617,0.9298504292964935,0.5813097159067789,0.3917931740482648,0.20980820059776306,0.6632294903198878,1.3074030876159668,0.022865112870931625,2.3655123909314475,100.0,,,,,D19
HEAL_068,HEAL,2023,1.0153942439291213,1.3486200124025345,2.0398976132273674,0.17151869455119595,0.940922524780035,0.40547071521480876,0.31558971396750873,0.17201138887968329,0.6315102676550547,1.096871256828308,0.018077448941767216,1.7814235819710627,100.0,0.8172720670700073,0.5792386531829834,0.7658362984657288,0.5402733683586121,D19
HEAL_064,HEAL,2017,1.7233906090259552,0.44210448022931814,1.8831871077418327,0.027322689071297646,0.9966743215918541,0.17403749004006386,0.18831247091293335,0.11330926045775414,0.3609640598297119,,0.0,1.9112014174461365,100.0,,,,,D19
HEAL_064,HEAL,2018,1.7634471654891968,0.5167072173207998,1.8846471905708313,0.035353172570466995,0.9969011098146439,0.5621684193611145,0.3224058002233505,0.18290936946868896,0.7529448866844177,,0.0,2.238072693347931,100.0,,,,,D19
HEAL_064,HEAL,2019,1.9666423201560974,0.5671051661483943,1.957618772983551,0.0750414477661252,0.9917613640427589,0.6796213798224926,0.26176244765520096,0.16027286648750305,0.4841962456703186,0.48965227603912354,0.09716375172138214,2.857136458158493,100.0,,,,,D19
HEAL_064,HEAL,2021,1.3587025233677454,1.5261308150365949,1.9745704755187035,0.25005055079236627,0.9053856302052736,0.5898392666131258,0.3780317106949432,0.2120019511452743,0.8066386679808298,1.161192536354065,0.14939724188297987,2.3891162616865977,100.0,,,,,D19
HEAL_064,HEAL,2023,1.0563658475875854,1.1665925392881036,2.0292883217334747,0.10758484317921102,0.9817850850522518,0.38388586277142167,0.295218413695693,0.16232657432556152,0.8926348209381103,0.8626797199249268,0.015910642221570015,1.7422690019011497,100.0,0.8051333427429199,0.5818848609924316,0.7465552091598511,0.5423715114593506,D19
HEAL_062,HEAL,2017,,0.21854255255311728,1.755198821425438,0.0,1.0,,,,,,,,100.0,,,,,D19
HEAL_062,HEAL,2018,,0.24371745344251394,1.7611656486988068,0.0,1.0,,,,,,,,100.0,,,,,D19
HEAL_062,HEAL,2019,,0.20474637625738978,1.8112153857946396,0.0,1.0,,,,,,,,100.0,,,,,D19
HEAL_062,HEAL,2021,1.2007248997688293,0.46650978177785873,1.9323729947209358,0.026339547708630562,0.9964596442878246,0.4081012159585953,0.33493871986866,0.1959511861205101,0.9100965559482574,,0.0,1.8219778537750244,100.0,,,,,D19
HEAL_062,HEAL,2023,1.0085313121477764,0.5374895129352808,1.8666342869400978,0.023460436379536986,0.9972929209470749,0.26860232030351955,0.23651964962482452,0.1403000478943189,0.7431572079658508,,0.0,1.4597525993982952,100.0,0.7891165018081665,0.5901579856872559,0.7213054299354553,0.549072265625,D19
HEAL_061,HEAL,2017,1.4220042328039806,1.222096593119204,2.2619356960058212,0.1485815343912691,0.9828155525028706,0.6990117477253079,0.35650325840106234,0.21237596879169965,0.7108653585116068,0.68088698387146,0.017326123313978314,2.247383097807566,100.0,,,,,D19
HEAL_061,HEAL,2018,1.7161784768104553,0.904850997030735,2.1634186282753944,0.10077558481134474,0.9879099167883396,0.5477968864142895,0.35429203044623137,0.19181983079761267,0.7020317117373148,,0.005698144435882568,2.4785555005073547,100.0,,,,,D19
HEAL_061,HEAL,2019,1.384765190737588,1.1882918616756797,2.36085157841444,0.12262981152161956,0.9850404560565948,0.44987994698541506,0.28319375962018967,0.1612016260623932,0.6105396449565887,0.939163088798523,0.007538259495049715,1.9590240972382682,100.0,,,,,D19
HEAL_061,HEAL,2021,1.2393610278765361,2.881634434685111,2.5205067545175552,0.5021683117374778,0.8474973291158676,0.6441334446271261,0.4540521651506424,0.2409149169921875,0.7006991399185998,1.1664924174547195,0.04618322580224938,2.547148283322652,100.0,,,,,D19
HEAL_061,HEAL,2023,1.2553753534952798,2.797770293429494,2.429250866174698,0.41288722679018974,0.8873225636780262,0.5845409582058588,0.4102584679921468,0.21993388831615449,0.6673959632714589,0.998293325304985,0.029082265100441873,2.4028621355692548,100.0,0.8311190605163574,0.5547361373901367,0.7935240864753723,0.5190314650535583,D19
HEAL_073,HEAL,2017,2.881793737411499,0.5264501515775919,2.0017871856689453,0.046819399343803525,0.996978085488081,0.2129921019077301,0.07390955835580826,0.045292191207408905,0.45914793014526367,,0.023530498147010803,3.09189510345459,100.0,,,,,D19
HEAL_073,HEAL,2018,1.6678368151187897,0.42303485982120037,1.8144423440098763,0.02544392365962267,0.9965766184031963,0.2013477236032486,0.14912670850753784,0.08491051197052002,0.0,,0.0,1.8552057147026062,100.0,,,,,D19
HEAL_073,HEAL,2019,,0.24727690499275923,1.73175348341465,0.0,1.0,,,,,,,,100.0,,,,,D19
HEAL_073,HEAL,2021,1.3255185617340937,1.639068833552301,2.268331900238991,0.22315853321924806,0.9547996297478676,0.5256327895654572,0.34182389328877133,0.1863383928106891,0.6575519343217214,1.0568366646766663,0.034024737775325775,2.219468010796441,100.0,,,,,D19
HEAL_073,HEAL,2023,1.205568015575409,1.4811038840562105,2.138895757496357,0.14958918141201138,0.9740434847772121,0.45901064491934246,0.3376132912105984,0.18234380872713196,0.8216992393136024,0.8033414483070374,0.025722966218988102,2.0471472011672125,100.0,0.8193811178207397,0.5817062258720398,0.7688305974006653,0.5421189665794373,D19
HEAL_052,HEAL,2017,,0.1801412277854979,1.7992353439331055,0.0,1.0,,,,,,,,100.0,,,,,D19
HEAL_052,HEAL,2018,,0.17615216504782438,1.7831879258155823,0.0,1.0,,,,,,,,100.0,,,,,D19
HEAL_052,HEAL,2019,,0.19049087911844254,1.764222539961338,0.0,1.0,,,,,,,,100.0,,,,,D19
HEAL_052,HEAL,2021,,0.25535188149660826,1.8119788020849228,0.0,1.0,,,,,,,,100.0,,,,,D19
HEAL_052,HEAL,2023,1.2469555139541626,0.3478097505867481,1.9079051613807678,0.01574757881462574,0.9974145665764809,0.21469873189926147,0.17217834293842316,0.10062406212091446,0.5586293935775757,,,1.5451209545135498,100.0,0.7703489661216736,0.5705350637435913,0.6933795809745789,0.5346927046775818,D19
HEAL_066,HEAL,2017,2.435205982791053,2.2102952748537064,2.618318036198616,0.34817771683447063,0.9679811634123325,0.9520763547884094,0.3295044062866105,0.19354849308729172,0.6565091397081103,1.1496656239032745,0.0386750303208828,3.5941039787398443,100.0,,,,,D19
HEAL_066,HEAL,2018,1.9182412889268663,1.9370815549045801,2.431902639567852,0.31032548984512687,0.9598525278270245,0.8628666740324762,0.38415252500110203,0.2278866267038716,0.8059239132063729,0.8699628909428915,0.041218801587820056,3.0353846748669944,100.0,,,,,D19
HEAL_066,HEAL,2019,2.3685120277934604,2.0942613687366247,2.604492850601673,0.3170095677487552,0.9666197001934052,0.8836285264955627,0.2937241627110375,0.1704404569334454,0.6692836781342825,1.073714941740036,0.03665658598765731,3.305503785610199,100.0,,,,,D19
HEAL_066,HEAL,2021,1.2973308190703392,3.8523269183933735,2.441187970340252,0.703750479966402,0.749241441488266,0.797936815302819,0.5293540069833398,0.2690385337918997,0.6655649026234944,1.085075614353021,0.056373454009493194,3.020190168172121,100.0,,,,,D19
HEAL_066,HEAL,2023,1.3274788334965706,3.8203186243772507,2.491717629134655,0.6494056470692158,0.8018576577305794,0.7934452788904309,0.5316624101251364,0.2759229261428118,0.7361382097005844,1.1873707820971806,0.04877401143312454,2.9959090799093246,100.0,0.8134200572967529,0.5256914496421814,0.7757754325866699,0.4931879937648773,D19
HEAL_058,HEAL,2017,,0.19592884741723537,1.7492690607905388,0.0,1.0,,,,,,,,100.0,,,,,D19
HEAL_058,HEAL,2018,,0.19757179915905,1.7377912774682045,0.0,1.0,,,,,,,,100.0,,,,,D19
HEAL_058,HEAL,2019,,0.2089303806424141,1.811335802078247,0.0,1.0,,,,,,,,100.0,,,,,D19
HEAL_058,HEAL,2021,0.9557541608810425,0.2699487516656518,1.8077099546790123,0.005858616903424263,0.9993990398943424,0.11041277647018433,0.11552424728870392,0.06535584479570389,0.8112781047821045,,,1.0342544317245483,100.0,,,,,D19
HEAL_058,HEAL,2023,1.169905424118042,0.3129894994199276,1.8468732088804245,0.007629218511283398,0.9993567764759064,0.3344902992248535,0.28591224551200867,0.17724429070949554,0.9182958602905273,,,1.5720285177230835,100.0,0.7811214923858643,0.5895572900772095,0.706098735332489,0.5505640506744385,D19
HEAL_069,HEAL,2017,0.6089200973510742,0.33948766998946667,1.801157385110855,0.007849487476050854,0.9984107464551926,0.06841432303190231,0.11235353350639343,0.0669076219201088,,,,0.6910521984100342,100.0,,,,,D19
HEAL_069,HEAL,2018,0.5298571189244589,0.30932433530688286,1.7992927208542824,0.01052801450714469,0.9978507719933987,0.016629329572121303,0.03088372138639291,0.01924341528986891,,,,0.5488362908363342,100.0,,,,,D19
HEAL_069,HEAL,2019,0.6250289082527161,0.34589479584246874,1.814083106815815,0.01372815016657114,0.9960711188614368,0.057974389754235744,0.08675677329301834,0.04930162150412798,,,,0.6711818873882294,100.0,,,,,D19
HEAL_069,HEAL,2021,0.8255958755811056,0.8556041736155748,1.924482211470604,0.09278069343417883,0.9770019687712193,0.21370150107476446,0.23505105367965168,0.1367872984459003,0.6406921505928039,,0.0,1.1551194455888536,100.0,,,,,D19
HEAL_069,HEAL,2023,0.7559897422790527,0.8446851456537843,1.909588523209095,0.08062428777338937,0.9809851199388504,0.16065637916326522,0.17659037001430988,0.1014963342808187,0.788549929857254,,0.0,0.9983498990535736,100.0,0.7840484380722046,0.5627676844596863,0.7163070440292358,0.5276450514793396,D19
HEAL_048,HEAL,2017,,0.1756122512742877,1.788172610104084,0.0,1.0,,,,,,,,100.0,,,,,D19
HEAL_048,HEAL,2018,,0.20161228301003575,1.769896261394024,0.0,1.0,,,,,,,,100.0,,,,,D19
HEAL_048,HEAL,2019,,0.20347443036735058,1.8169650435447693,0.0,1.0,,,,,,,,100.0,,,,,D19
HEAL_048,HEAL,2021,,0.2715762024745345,1.8170743361115456,0.0,1.0,,,,,,,,100.0,,,,,D19
HEAL_048,HEAL,2023,0.5566946268081665,0.3043322451412678,1.7731110006570816,0.0011638514697551727,0.9999302066862583,0.0439341701567173,0.07891969382762909,0.055804651230573654,,,,0.5846541523933411,100.0,0.740991473197937,0.5454405546188354,0.6583688855171204,0.511269211769104,D19
HEAL_054,HEAL,2017,0.9688980430364609,0.7837286796420813,2.396283693611622,0.09501463221386075,0.982272557914257,0.29260280448943377,0.27324929647147655,0.1641186587512493,0.8537328640619913,,0.0,1.3151948377490044,100.0,,,,,D19
HEAL_054,HEAL,2018,1.0469970107078552,0.35127147752791643,1.9529395923018456,0.015502014197409153,0.9984040707349777,0.281676322221756,0.2578132674098015,0.1691761463880539,0.7219281196594238,,,1.2931217849254608,100.0,,,,,D19
HEAL_054,HEAL,2019,,0.25626335479319096,1.833880938589573,0.0,1.0,,,,,,,,100.0,,,,,D19
HEAL_054,HEAL,2021,0.8313799872994423,0.7133280169218779,2.163983777165413,0.07409628410823643,0.9871168993413448,0.1608925259206444,0.14084596140310168,0.08367833192460239,0.8859482010205587,,0.0,1.0529924258589745,100.0,,,,,D19
HEAL_054,HEAL,2023,0.8824778571724892,0.8000708865001798,2.030138522386551,0.047120200586505234,0.9947916157543659,0.2531057693413459,0.2624840224161744,0.14669390593189746,0.9099952578544617,,,1.2981290444731712,100.0,0.809219241142273,0.6065216064453125,0.7516714930534363,0.5610501766204834,D19
HEAL_053,HEAL,2017,,0.1865189610980451,1.7326680570840836,0.0,1.0,,,,,,,,100.0,,,,,D19
HEAL_053,HEAL,2018,,0.22617359785363078,1.7860030382871628,0.0,1.0,,,,,,,,100.0,,,,,D19
HEAL_053,HEAL,2019,,0.21220468915998936,1.7588575780391693,0.0,1.0,,,,,,,,100.0,,,,,D19
HEAL_053,HEAL,2021,0.7153779864311218,0.41288322024047375,1.8224346935749054,0.011596026597544551,0.9985746070742607,0.1406426802277565,0.19390065222978592,0.11705446243286133,0.6500224471092224,,,0.8931164145469666,100.0,,,,,D19
HEAL_053,HEAL,2023,0.9988248149553934,0.5107658058404922,1.9927970170974731,0.028741476184222847,0.9958901628851891,0.21155044063925743,0.19429107507069907,0.11320377389589946,0.6531675457954407,,,1.3170424302419026,100.0,0.7868072390556335,0.5850333571434021,0.7217272520065308,0.5432949662208557,D19
HEAL_074,HEAL,2017,1.3280065804719925,1.0881622601300478,2.1827333495020866,0.13197962567210197,0.9801293723285198,0.47015269473195076,0.24320622719824314,0.15068011824041605,0.7345726966857911,0.5947430729866028,0.018768958747386932,1.8017858192324638,100.0,,,,,D19
HEAL_074,HEAL,2018,1.2633328497409821,1.411349717527628,2.2908494770526886,0.16414866549894214,0.9757235832512379,0.4946537747979164,0.3138277277350426,0.18128501921892165,0.8039128383000692,0.5681796371936798,0.01989118444422881,1.9904300451278687,100.0,,,,,D19
HEAL_074,HEAL,2019,0.8521385490894318,0.7898987755179405,2.0600169748067856,0.10671864077448845,0.9743897430598736,0.3094459256972186,0.24884797597769648,0.1484239652636461,0.7367134392261505,0.0,0.03478611633181572,1.2157179415225983,100.0,,,,,D19
HEAL_074,HEAL,2021,0.885378010571003,2.2869150787591934,2.2789414897561073,0.39990551490336657,0.8165773265063763,0.41706829657778144,0.38532985374331474,0.19007463520392776,0.5065268793931375,1.3186925649642944,0.017820102162659168,1.8168757408857346,100.0,,,,,D19
HEAL_074,HEAL,2023,0.9734312668442726,2.3015870712697506,2.2148030772805214,0.3783562832977623,0.8668759427964687,0.465286519844085,0.37453946378082037,0.19656456424854696,0.6674212757498026,1.217444121837616,0.020627514592238834,1.9383861050009727,100.0,0.8317071199417114,0.551203191280365,0.7984749674797058,0.5147387385368347,D19
HEAL_056,HEAL,2017,,0.2324925442226231,1.8021537140011787,0.0,1.0,,,,,,,,100.0,,,,,D19
HEAL_056,HEAL,2018,,0.24029371328651905,1.7752365544438362,0.0,1.0,,,,,,,,100.0,,,,,D19
HEAL_056,HEAL,2019,,0.23552152700722218,1.745626799762249,0.0,1.0,,,,,,,,100.0,,,,,D19
HEAL_056,HEAL,2021,1.3798244953155518,0.8471753634512424,2.0856615006923676,0.08968768874183297,0.9874146617949009,0.4941264882683754,0.30317986458539964,0.17847845256328582,0.9072749217351278,,0.008344468971093496,2.047691750526428,100.0,,,,,D19
HEAL_056,HEAL,2023,1.2691096901893615,0.9080060916021466,1.9591029509902,0.08020621351897717,0.9892319962382317,0.4582743614912033,0.32407480478286743,0.1800745263695717,0.6847735084593296,,0.00806026595334212,1.9657861828804015,100.0,0.7798511385917664,0.5754507184028625,0.7058424949645996,0.5392053723335266,D19
HEAL_051,HEAL,2017,1.7015818527766637,1.4688775995746255,2.2320625856518745,0.2031186199747026,0.9628435112535954,0.7754637950233051,0.3456395497279508,0.18207778143031256,0.545974177122116,0.3176577389240265,0.007382909922550122,2.634114478315626,100.0,,,,,D19
HEAL_051,HEAL,2018,1.4285572852407182,1.1018935712054372,2.307908095419407,0.12442799424752593,0.9844253249466419,0.5384365753935916,0.260917958936521,0.15033124440482684,0.7604046911001205,0.28014659881591797,0.013245808193460107,2.0297642265047346,100.0,,,,,D19
HEAL_051,HEAL,2019,1.5206904922212874,1.1501584248617291,2.3261828050017357,0.15866490127518773,0.9697133973240852,0.6246555383716311,0.3248185579265867,0.19482608352388656,0.7255558843413988,0.0,0.010409813839942217,2.2240461025919234,100.0,,,,,D19
HEAL_051,HEAL,2021,1.0042621530592442,2.2726661786437035,2.381310261785984,0.4043112602084875,0.828649740666151,0.38665555650368333,0.33157004695385695,0.17269719205796719,0.5812266821662585,1.1091832220554352,0.018793980901439983,1.7243916690349579,100.0,,,,,D19
HEAL_051,HEAL,2023,1.084662103652954,2.2047499138861895,2.4268073067069054,0.3473226026399061,0.8891435489058495,0.4477198366075754,0.3570050502816836,0.19464885766307513,0.8013241092363993,1.067928284406662,0.014796163576344648,1.930354106426239,100.0,0.8075005412101746,0.5256592035293579,0.7677890658378601,0.4928671419620514,D19
HEAL_065,HEAL,2017,,0.16283411113545299,1.765373945236206,0.0,1.0,,,,,,,,100.0,,,,,D19
HEAL_065,HEAL,2018,,0.21487723803147674,1.7760258242487907,0.0,1.0,,,,,,,,100.0,,,,,D19
HEAL_065,HEAL,2019,,0.21694015990942717,1.7347076833248138,0.0,1.0,,,,,,,,100.0,,,,,D19
HEAL_065,HEAL,2021,,0.3096172222867608,1.7910307198762894,0.002147401450201869,0.9998762384057045,,,,,,,,100.0,,,,,D19
HEAL_065,HEAL,2023,0.6263312697410583,0.40619143657386303,1.7645901665091515,0.007163813919760287,0.999325554817915,0.07675996422767639,0.12255489081144333,0.07454913854598999,,,,0.7255048155784607,100.0,0.7643166184425354,0.5730904936790466,0.6919673085212708,0.5324709415435791,D19
HEAL_057,HEAL,2017,1.6689672214644296,1.5582510102540255,2.161535896360874,0.2160480720922351,0.9694750607013702,0.7895561084151268,0.39957092915262493,0.23622804560831615,0.6431661486625672,0.7687232792377472,0.03424501558765769,2.5537075655800954,100.0,,,,,D19
HEAL_057,HEAL,2018,1.7062579840421677,1.5050679231062531,2.2644318640232086,0.25484085781499743,0.9688189327716827,0.6348697254434228,0.304255154915154,0.17565364111214876,0.809016740322113,0.34705162048339844,0.05119752045720816,2.398492842912674,100.0,,,,,D19
HEAL_057,HEAL,2019,1.3191515877842903,1.524685994721949,2.1776145473122597,0.21532608196139336,0.9678148776292801,0.7429369250312448,0.46746633388102055,0.2501360890455544,0.6778021256128947,0.4815852642059326,0.03993672807700932,2.427017457783222,100.0,,,,,D19
HEAL_057,HEAL,2021,1.0703988373279572,2.920521043241024,2.246297352015972,0.5258600236847997,0.7723367661237717,0.5378003790974617,0.4469993971288204,0.22296138340607285,0.6097967306772868,0.874181350072225,0.04143232272730933,2.1915361285209656,100.0,,,,,D19
HEAL_057,HEAL,2023,1.0213441451390584,2.710725110024214,2.152205243706703,0.42808811110444367,0.8399634025990963,0.5585292165478071,0.47654496431350707,0.2360682522257169,0.68527517754298,0.9011706233024597,0.047296175733208656,2.26331129471461,100.0,0.8336309194564819,0.5499549508094788,0.8008705973625183,0.5141539573669434,D19
HEAL_046,HEAL,2017,0.6869230419397354,0.417748399078846,1.9030582681298256,0.04840681655332446,0.9791019558906555,0.09311382099986076,0.12721260637044907,0.07391020562499762,,,,0.7960540652275085,100.0,,,,,D19
HEAL_046,HEAL,2018,0.5262129306793213,0.35796068888157606,1.7933838367462158,0.004838938359171152,0.9986172579228878,0.014554472640156746,0.02765890397131443,0.0161126758903265,,,,0.5374329686164856,100.0,,,,,D19
HEAL_046,HEAL,2019,0.7840539216995239,0.4713228242471814,1.7939611375331879,0.05386082991026342,0.9764100983738899,0.1528820904592673,0.17751257494091988,0.10460992654164632,0.9780893623828888,,,0.959594190120697,100.0,,,,,D19
HEAL_046,HEAL,2021,0.8572989915098462,1.1693191165104508,2.1188117936253548,0.19154669158160686,0.930409099906683,0.21502552394356048,0.2368143999150821,0.13707964601261274,0.7491114305125343,,0.0,1.1711330243519373,100.0,,,,,D19
HEAL_046,HEAL,2023,0.8469325025876363,1.263939306139946,2.1193158254027367,0.18548675766214728,0.9427764751017094,0.20611502329508463,0.22193327421943346,0.1256927455464999,0.7255952027108934,,0.0,1.1611575603485107,100.0,0.8131194114685059,0.5796354413032532,0.7679868936538696,0.5360419750213623,D19
HEAL_059,HEAL,2017,1.8909607648849487,1.1779317203909159,2.273061878979206,0.11854630219750106,0.9890003688633442,0.9753990769386292,0.5987946391105652,0.37787152379751204,0.7707800209522248,,0.011690441519021988,2.872100281715393,100.0,,,,,D19
HEAL_059,HEAL,2018,3.2339145115443637,2.164664433337748,2.7717739045619965,0.34172468073666096,0.9732409864664078,0.8658848575183323,0.2830559036561421,0.16310002388698713,0.5852092376777104,0.7153210242589315,0.027276908845773766,4.256247929164341,100.0,,,,,D19
HEAL_059,HEAL,2019,2.301938811937968,0.9738400587812066,2.160118095576763,0.10318333748728037,0.992232009768486,0.8382764259974161,0.4400024910767873,0.25415972868601483,0.5326809088389078,0.3539887070655823,0.012467957101762295,3.205392678578695,100.0,,,,,D19
HEAL_059,HEAL,2021,1.5535175204277039,3.2184819392859936,2.68783175945282,0.5293758874759078,0.8938740603625774,0.7743910392125447,0.4769593914349874,0.25884863336881003,0.8216669346605029,0.8306120137373606,0.03725595702417195,2.9852405071258543,100.0,,,,,D19
HEAL_059,HEAL,2023,1.4678165763616562,3.5607034973800182,2.7153261452913284,0.5327214319258928,0.8950645104050636,0.818474639672786,0.5151011496782303,0.2735937163233757,0.8009468082870755,0.8655450865626335,0.031431713714622535,3.1024902425706387,100.0,0.8156989812850952,0.5787420272827148,0.7762212753295898,0.5333261489868164,D19
HEAL_055,HEAL,2017,,0.14975150395184755,1.7473387941718102,0.0,1.0,,,,,,,,100.0,,,,,D19
HEAL_055,HEAL,2018,,0.1772893755696714,1.7964224740862846,0.0025209798477590084,0.9996508397161961,,,,,,,,100.0,,,,,D19
HEAL_055,HEAL,2019,,0.18894504103809595,1.7739142030477524,0.0,1.0,,,,,,,,100.0,,,,,D19
HEAL_055,HEAL,2021,1.4705657958984375,0.3861290542408824,1.8979412540793419,0.022766515612602234,0.9963450282812119,0.49510690569877625,0.33667781949043274,0.18620049953460693,0.7799302935600281,,0.0,2.366273880004883,100.0,,,,,D19
HEAL_055,HEAL,2023,0.6693409979343414,0.3443932328373194,1.8235856741666794,0.012460490223020315,0.9970353320240974,0.08631269447505474,0.11816088482737541,0.06839491985738277,0.32275694608688354,,,0.8047272861003876,100.0,0.7552770972251892,0.5533986687660217,0.6738781929016113,0.5200967788696289,D19
HEAL_047,HEAL,2017,1.7347490549087525,1.049072423018515,2.149756543338299,0.15319380583241582,0.9779741205275059,0.834584328532219,0.3631630539894104,0.21854499131441116,0.8830170234044393,0.7919052541255951,0.042414321564137936,2.6537044048309326,100.0,,,,,D19
HEAL_047,HEAL,2018,1.1798162360986073,0.8608927917666733,2.073266088962555,0.10200768010690808,0.9830001443624496,0.4998010915393631,0.2935681516925494,0.18760234707345566,0.9418399135271708,0.5933334827423096,0.026223238557577133,1.78836856285731,100.0,,,,,D19
HEAL_047,HEAL,2019,1.0698541402816772,0.7884696442633867,2.009589970111847,0.09956894349306822,0.9786172471940517,0.39203869986037415,0.24227887267867723,0.1471808422356844,0.9887557923793793,1.0470517873764038,0.05018974468111992,1.6271554132302601,100.0,,,,,D19
HEAL_047,HEAL,2021,1.2071805497010548,1.991757838986814,2.27355570346117,0.3305970567744225,0.9025707766413689,0.546251029552271,0.3469382931167881,0.18987821865205964,0.6990658342838287,1.006369988123576,0.03716881355891625,2.2214904576539993,100.0,,,,,D19
HEAL_047,HEAL,2023,1.1419787662369865,2.237856946885586,2.3062471970915794,0.34728060965426266,0.9009844027459621,0.5109332012278693,0.33631823105471476,0.18419022219521658,0.6703646779060364,1.2254123290379841,0.040325530183811985,2.1183082376207625,100.0,0.8080739974975586,0.5556572079658508,0.7612215876579285,0.518189549446106,D19
HEAL_010,HEAL,2017,0.8578165065158497,1.0538013577461243,2.0463485792279243,0.13217108394019306,0.97235007584095,0.2473507674241608,0.18745976043018428,0.1103322600776499,0.8400774598121643,0.0,0.02004075050354004,1.219873758879575,100.0,,,,,D19
HEAL_010,HEAL,2018,0.6971320907274882,0.8316565565764904,1.964775525033474,0.08588421938475221,0.9816606678068638,0.1703936987453037,0.21286283847358492,0.1324448494447602,0.9713411132494608,,0.0,0.886801130241818,100.0,,,,,D19
HEAL_010,HEAL,2019,1.0134499594569206,0.9908407442271709,2.1067683920264244,0.11188044026494026,0.9814328774809837,0.35144355427473783,0.2439405331388116,0.14185530599206686,0.8943678289651871,0.0,0.011257154867053032,1.4727355390787125,100.0,,,,,D19
HEAL_010,HEAL,2021,1.4013366550207138,4.0050574615597725,2.5467537939548492,0.7141297329217196,0.758193913847208,0.8117764685302973,0.5656706634908915,0.2973840981721878,0.809818908572197,0.8370057088988168,0.041256248764693734,3.1257566958665848,100.0,,,,,D19
HEAL_010,HEAL,2023,1.4155616611242294,3.9640035927295685,2.623255029320717,0.6687369272112846,0.8000867776572704,0.8181606978178024,0.5704659577459097,0.3054774608463049,0.7767187245190144,0.7462971061468124,0.039149152231402695,3.0814384818077087,100.0,0.8283761739730835,0.6637310981750488,0.7805601358413696,0.6003609895706177,D19
HEAL_002,HEAL,2017,,0.1488152421079576,1.7143565863370895,0.0,1.0,,,,,,,,100.0,,,,,D19
HEAL_002,HEAL,2018,,0.31043292954564095,1.7698044627904892,0.0,1.0,,,,,,,,100.0,,,,,D19
HEAL_002,HEAL,2019,,0.17268617963418365,1.728902481496334,0.0,1.0,,,,,,,,100.0,,,,,D19
HEAL_002,HEAL,2021,0.5321740508079529,0.22983866557478905,1.8033369183540344,0.0049859825521707535,0.9985659644007683,0.026841668412089348,0.05043775960803032,0.0285043865442276,,,,0.5764715671539307,100.0,,,,,D19
HEAL_002,HEAL,2023,0.7082892656326294,0.2966339001432061,1.7824444249272346,0.009850643808022141,0.9973792135715485,0.11169045604765415,0.14684942364692688,0.09151085652410984,0.8112781047821045,,,0.8329144716262817,100.0,0.716841459274292,0.5202066898345947,0.6320568919181824,0.4876619577407837,D19
HEAL_003,HEAL,2017,,0.17154622357338667,1.7548405900597572,0.0,1.0,,,,,,,,100.0,,,,,D19
HEAL_003,HEAL,2018,,0.1810533762909472,1.7139808684587479,0.0,1.0,,,,,,,,100.0,,,,,D19
HEAL_003,HEAL,2019,,0.165578190702945,1.7707705795764923,0.0,1.0,,,,,,,,100.0,,,,,D19
HEAL_003,HEAL,2021,,0.2065866906195879,1.8072200864553452,0.0,1.0,,,,,,,,100.0,,,,,D19
HEAL_003,HEAL,2023,1.3150132894515991,0.32620907574892044,1.803066410124302,0.004159634001553059,0.9998400174081326,0.09170321375131607,0.0697355791926384,0.04639013484120369,0.0,,,1.3949357271194458,100.0,0.7712686061859131,0.5854241847991943,0.6932318210601807,0.5464551448822021,D19
HEAL_014,HEAL,2017,1.2520671354399786,1.4638174418359995,2.072452113032341,0.2176868747919798,0.9561325795948505,0.5771732611788644,0.39529751903480953,0.2108453404572275,0.7902974585692087,0.5441989004611969,0.025666619651019573,2.1370756228764853,100.0,,,,,D19
HEAL_014,HEAL,2018,1.0546174157749524,1.544019827619195,2.063880205154419,0.2333596758544445,0.9453061111271381,0.4831254693933509,0.36351525969803333,0.19519343582743948,0.690975410597665,0.8189833462238312,0.033270408399403095,1.8705761215903542,100.0,,,,,D19
HEAL_014,HEAL,2019,1.116777246648615,1.7901636194437742,2.190533146262169,0.26497583580203354,0.9465702585875988,0.5695474458519708,0.37757712111554365,0.21224725381894546,0.870215083871569,0.9110661745071411,0.042886505369096994,2.0688991167328576,100.0,,,,,D19
HEAL_014,HEAL,2021,1.2045842930674553,3.816107600927353,2.217596545815468,0.7111271731555462,0.6527056004852057,0.7036509681493044,0.5461711343377829,0.27654074504971504,0.6786829419434071,0.9300349056720734,0.04186036647297442,2.7274094223976135,100.0,,,,,D19
HEAL_014,HEAL,2023,1.2837934792041779,4.239352732896805,2.2392974868416786,0.7699012905359268,0.6560388337820768,0.8059727884829044,0.5943614579737186,0.3056542882695794,0.6900792829692364,1.1655892133712769,0.05437508871546015,2.9717101752758026,100.0,0.8458229899406433,0.6417674422264099,0.8016570806503296,0.5889507532119751,D19
HEAL_022,HEAL,2017,2.7929959297180176,0.45360521879047155,1.9485875144600868,0.05428856983780861,0.9940944872796535,0.9805087447166443,0.35105985403060913,0.19597040116786957,0.8201680183410645,,0.029352212324738503,3.8510308265686035,100.0,,,,,D19
HEAL_022,HEAL,2018,2.755589723587036,0.48335161712020636,1.8985962942242622,0.06060415133833885,0.9931249991059303,1.3692936897277832,0.49691492319107056,0.2830960154533386,0.960955798625946,0.6755110025405884,0.05292240157723427,4.281681060791016,100.0,,,,,D19
HEAL_022,HEAL,2019,1.9590389728546143,0.42629519337788224,1.910332828760147,0.0323670469224453,0.9964923486113548,1.1005960702896118,0.5618041157722473,0.322896808385849,0.9074246883392334,,0.02346913516521454,3.5244967937469482,100.0,,,,,D19
HEAL_022,HEAL,2021,1.279668186392103,1.1103950813412666,2.1579869985580444,0.15496100496966392,0.9709360525012016,0.47271517577714156,0.29170499881729484,0.16664296661370567,0.9018650650978088,1.0207315683364868,0.021449998021125793,2.0123053789138794,100.0,,,,,D19
HEAL_022,HEAL,2023,1.2163118422031403,1.256578559987247,2.1112260445952415,0.14421031560050324,0.9769021421670914,0.4574478594586253,0.3223139885812998,0.1868054922670126,0.9364220499992371,1.0047181844711304,0.042725066343943276,1.9208212494850159,100.0,0.8141647577285767,0.5869154930114746,0.7599092721939087,0.5463454723358154,D19
HEAL_023,HEAL,2017,1.9588117003440857,1.4940649857744575,2.21076887100935,0.30651789996773005,0.9491748809814453,0.5749912704341114,0.23700754344463348,0.13678269600495696,0.7144785046577453,0.9998750686645508,0.05122765153646469,2.5969954803586006,100.0,,,,,D19
HEAL_023,HEAL,2018,1.7595243453979492,1.5084353294223547,2.3120580166578293,0.23405536590144038,0.948822621256113,0.7906481772661209,0.3670184835791588,0.21547083769525802,0.7653998583555222,0.9225711524486542,0.03165368953098854,2.764108521597726,100.0,,,,,D19
HEAL_023,HEAL,2019,1.5122880265116692,1.2536562634631991,2.269532084465027,0.20492823189124465,0.949747309088707,0.594152576290071,0.33123711962252855,0.2004626290872693,0.6788808226585388,0.6931260824203491,0.011942594312131405,2.104227028787136,100.0,,,,,D19
HEAL_023,HEAL,2021,1.2980956323444843,3.6469575241208076,2.3527076467871666,0.6882638223469257,0.7463117111474276,0.7792352428659797,0.534138492308557,0.2686237758025527,0.6766252179940542,1.2004704475402832,0.04705265676602721,2.9523800536990166,100.0,,,,,D19
HEAL_023,HEAL,2023,1.3725962154567242,3.8221428841352463,2.4299612790346146,0.6540417135693133,0.7991635873913765,0.835374039132148,0.5308444686233997,0.27677234215661883,0.7089647909005483,1.2224637508392333,0.03699805315297384,3.13733871281147,100.0,0.8639091849327087,0.5394688248634338,0.8632485866546631,0.4942385852336883,D19
HEAL_021,HEAL,2017,0.9744461476802826,0.42142052855342627,1.8795847967267036,0.017574742203578353,0.9982644394040108,0.5440800134092569,0.41505880653858185,0.25918019004166126,0.9463946223258972,,0.0,1.5898818969726562,100.0,,,,,D19
HEAL_021,HEAL,2018,0.5721074342727661,0.3342122845351696,1.8415886238217354,0.008115090895444155,0.998194195330143,0.04719538986682892,0.08249392360448837,0.058332011103630066,,,,0.6021423935890198,100.0,,,,,D19
HEAL_021,HEAL,2019,1.1982682943344116,0.5146713647991419,1.7860244885087013,0.0186251038685441,0.9979780241847038,0.9947407841682434,0.8301486968994141,0.40338438749313354,0.45548591017723083,,0.0,2.5538370609283447,100.0,,,,,D19
HEAL_021,HEAL,2021,1.2851263920466105,2.555617891252041,2.7980715930461884,0.384267890593037,0.9155942462384701,0.566515322526296,0.3942559997240702,0.21781570067008335,0.7564786779029029,0.7328119277954102,0.02912513559891118,2.340712034702301,100.0,,,,,D19
HEAL_021,HEAL,2023,1.3365854918956757,2.2332097981125116,2.582044668495655,0.270818960852921,0.9606015346944332,0.5075268937008721,0.3473336600831577,0.19588432567460196,0.8467454440318621,0.6726507544517517,0.017757501187069074,2.2458066131387437,100.0,0.8237191438674927,0.6319445371627808,0.7537755966186523,0.590483546257019,D19
HEAL_001,HEAL,2017,1.7538432776927948,0.564133295789361,2.133453942835331,0.0419879409018904,0.9969619885087013,0.6318537797778845,0.23907679691910744,0.13462950754910707,0.7584059238433838,0.6004482507705688,0.023373350501060486,2.334953635931015,100.0,,,,,D19
HEAL_001,HEAL,2018,1.937421590089798,0.8662876673042774,2.1823568791151047,0.1082742614671588,0.9922264218330383,0.7533893038053066,0.24999078921973705,0.14053775067441165,0.7266577184200287,0.5847199857234955,0.016307730227708817,2.615273177623749,100.0,,,,,D19
HEAL_001,HEAL,2019,1.0616409480571747,0.4252145104110241,1.9665012583136559,0.017047990579158068,0.9986509345471859,0.6904173865914345,0.5063319727778435,0.3580307774245739,0.6309297680854797,,0.0,1.501019924879074,100.0,,,,,D19
HEAL_001,HEAL,2021,1.088333319533955,1.610927521251142,2.539744585752487,0.23853711236733943,0.9405290968716145,0.46735594082962384,0.37662936747074127,0.206903145394542,0.803368021141399,0.8287254869937897,0.021990534849464893,1.911430218003013,100.0,,,,,D19
HEAL_001,HEAL,2023,1.0297027776638668,1.7441787365823984,2.3932584077119827,0.2184031581855379,0.9441629610955715,0.4372047943373521,0.3847167032460372,0.20551912548641363,0.7575687110424042,0.6929046511650085,0.007579774285356204,1.9078344255685806,100.0,0.8275914788246155,0.5916024446487427,0.7789095640182495,0.5504316091537476,D19
HEAL_016,HEAL,2017,1.2344666123390198,1.8584607616066933,2.1652734577655792,0.39917125971987844,0.8529315963387489,0.44048598195825306,0.3271194430334227,0.18319877556392125,0.7429424077272415,0.6705584228038788,0.10596116233084883,1.875503523009164,100.0,,,,,D19
HEAL_016,HEAL,2018,1.169759213924408,1.9085776545107365,2.1052637845277786,0.4281604317948222,0.835259547457099,0.4044189908807831,0.3043017104001982,0.16560931929520198,0.8067155554890633,0.6474649906158447,0.14437981757024923,1.8271719685622625,100.0,,,,,D19
HEAL_016,HEAL,2019,1.1765408653479357,1.5934815928339958,2.1237937435507774,0.309561476809904,0.8793390970677137,0.3314444527316552,0.2616965796511907,0.14941012802032325,0.7170182168483734,0.6266629099845886,0.14927424266934394,1.6521250697282643,100.0,,,,,D19
HEAL_016,HEAL,2021,1.3538199961185455,3.0918846800923347,2.211023025214672,0.6865640431642532,0.6784017644822598,0.6227938658557832,0.43114655278623104,0.2391090327873826,0.7941233476003011,0.7800392905871073,0.087024737149477,2.4854286685585976,100.0,,,,,D19
HEAL_016,HEAL,2023,1.2613425366580486,3.0697193294763565,2.234534703195095,0.6220678584650159,0.673374998383224,0.5951355388388038,0.45227828063070774,0.24659664276987314,0.7797108478844166,0.7219588955243429,0.09257388043289001,2.3969655856490135,100.0,0.8410245180130005,0.5484825372695923,0.815463662147522,0.5104100108146667,D19
HEAL_020,HEAL,2017,1.737253295050727,2.4024018049240112,2.151527352631092,0.46220575273036957,0.74451057985425,0.884470091925727,0.48733724488152397,0.2512895067532857,0.610683391491572,0.2566551208496094,0.02107502059597108,3.3174579540888467,100.0,,,,,D19
HEAL_020,HEAL,2018,1.8978790442148845,2.6218522312119603,2.305971622467041,0.5077491849660873,0.834136426448822,1.0003167026572757,0.521801405482822,0.26818253265486824,0.6959908472167121,0.7696541726589203,0.026425891038444307,3.6204063759909735,100.0,,,,,D19
HEAL_020,HEAL,2019,1.6075525134801865,2.1490903282538056,2.208801619708538,0.3983899913728237,0.8706244863569736,0.9624911919236183,0.5777492970228195,0.28933147341012955,0.724642276763916,0.39792804419994354,0.013668940926436335,3.11044941842556,100.0,,,,,D19
HEAL_020,HEAL,2021,1.6439181725184122,4.499598100781441,2.4968497529625893,0.8026894284412265,0.6645694375038147,0.8907016495863597,0.5113939205805461,0.26801576018333434,0.7541009426116944,1.1284702643752098,0.09800717447485242,3.3929118076960245,100.0,,,,,D19
HEAL_020,HEAL,2023,1.6642390886942546,4.799216905608773,2.5320656076073647,0.7855014288797975,0.62901964597404,0.9489528814951579,0.5414986431598663,0.2757507602373759,0.7210878610610962,1.270793154835701,0.06698093403662954,3.6229704856872558,100.0,0.8555676341056824,0.1852208971977234,0.922523558139801,0.1975472569465637,D19
HEAL_006,HEAL,2017,,0.14353914326056838,1.764321394264698,0.0,1.0,,,,,,,,100.0,,,,,D19
HEAL_006,HEAL,2018,,0.14806085731834173,1.7637553289532661,0.0,1.0,,,,,,,,100.0,,,,,D19
HEAL_006,HEAL,2019,,0.1707797939889133,1.790294349193573,0.0,1.0,,,,,,,,100.0,,,,,D19
HEAL_006,HEAL,2021,,0.1903934497386217,1.751996949315071,0.0,1.0,,,,,,,,100.0,,,,,D19
HEAL_006,HEAL,2023,,0.2444596393033862,1.7506387829780579,0.0,1.0,,,,,,,,100.0,0.7368787527084351,0.1671777963638305,0.7631434202194214,0.1774334758520126,D19
HEAL_019,HEAL,2017,0.5911780595779419,0.2348960884846747,1.7898536399006844,0.008920544758439064,0.9961419738829136,0.051236774772405624,0.0866689383983612,0.05269736796617508,,,,0.6451324224472046,100.0,,,,,D19
HEAL_019,HEAL,2018,0.7133208513259888,0.4514606539160013,1.972129836678505,0.028344355523586273,0.9960246160626411,0.13936074078083038,0.1953689306974411,0.11505265533924103,,,0.0,0.8846854567527771,100.0,,,,,D19
HEAL_019,HEAL,2019,0.762043833732605,0.2739106621593237,1.8050653710961342,0.014804759994149208,0.9936440661549568,0.18119585514068604,0.23777616024017334,0.13891421258449554,0.4138168394565582,,,1.020864725112915,100.0,,,,,D19
HEAL_019,HEAL,2021,1.2306888302167256,0.9171109516173601,2.123829834163189,0.09155846759676933,0.9830599315464497,0.3525397777557373,0.25222382694482803,0.13708535706003508,0.6636861979961395,,0.003194912647207578,1.7572711805502574,100.0,,,,,D19
HEAL_019,HEAL,2023,1.2205685888017928,0.9612619858235121,2.1099512726068497,0.12514704844215885,0.9804842732846737,0.34000406161482843,0.1993328213159527,0.11370072380772658,0.7588794946670532,0.6886475682258606,0.02401777356863022,1.7326888186591012,100.0,0.8282357454299927,0.4001925885677337,0.7883280515670776,0.3992176949977875,D19
HEAL_011,HEAL,2017,,0.22938480507582426,1.7665161415934563,0.0,1.0,,,,,,,,100.0,,,,,D19
HEAL_011,HEAL,2018,,0.2357828477397561,1.8150331601500511,0.0,1.0,,,,,,,,100.0,,,,,D19
HEAL_011,HEAL,2019,,0.2736264057457447,1.7500185668468475,0.0,1.0,,,,,,,,100.0,,,,,D19
HEAL_011,HEAL,2021,1.0135820806026459,0.8719394272193313,2.2114402055740356,0.10057272156700492,0.9839536175131798,0.2611275347881019,0.20938202133402228,0.12267214874736965,0.9579154451688131,,0.017153078690171242,1.3544426634907722,100.0,,,,,D19
HEAL_011,HEAL,2023,0.8360859089427524,0.7848543273285031,1.9891940504312515,0.05202019866555929,0.9946939460933208,0.17287355775220525,0.16063522692355844,0.09585589004887475,0.8503828793764114,,0.008626054972410202,1.0572840306493971,100.0,0.7870175838470459,0.3003617227077484,0.7736577987670898,0.3042799830436706,D19
HEAL_025,HEAL,2017,4.329429477453232,8.784337937831879,2.4535197764635086,2.327117033302784,0.5452666962519288,1.9417612738907337,0.4474697457626462,0.2544047851115465,0.8253551460802555,1.4897559694945812,0.5761794366990216,7.426259100437164,99.08400344848633,,,,,D19
HEAL_025,HEAL,2018,4.613004177808762,9.236576795578003,2.4426284953951836,2.4425963424146175,0.5774064492434263,1.8858199939131737,0.4145152037963271,0.2346923346631229,0.8375936597585678,1.5648326687514782,0.5459009410114959,7.864446312189102,98.74324226379395,,,,,D19
HEAL_025,HEAL,2019,4.694109737873077,8.707490026950836,2.504799544811249,2.408904543146491,0.6254541110247374,1.8881070166826248,0.4053526585921645,0.23133169673383236,0.8292040675878525,1.5155794024467468,0.4756860110210255,7.680200412869453,98.52184867858887,,,,,D19
HEAL_025,HEAL,2021,3.8413624465465546,10.214620739221573,2.008609212934971,2.45569134503603,0.349487348459661,2.1558291539549828,0.5785893611609936,0.3216498587280512,0.872337568551302,1.7090823724865913,0.7194718718528748,7.8414168655872345,98.25667095184326,,,,,D19
HEAL_025,HEAL,2023,4.110544003546238,10.478360712528229,2.0917555540800095,2.5487255044281483,0.4079358261078596,2.1999743171036243,0.5457343775779009,0.30457080341875553,0.8640274070203304,1.7329362779855728,0.6708694850094616,8.058080658316612,97.98623132705688,0.8134112358093262,0.4219242036342621,0.79433673620224,0.4051201045513153,D19
HEAL_018,HEAL,2017,1.5138314962387085,1.2124036671593785,2.1554283499717712,0.20140116941183805,0.9648737013339996,0.7360503524541855,0.39250753819942474,0.2263359042505423,0.7235742479562759,0.8343048095703125,0.02986296731978655,2.4739794731140137,100.0,,,,,D19
HEAL_018,HEAL,2018,1.9963824152946472,1.544588556047529,2.2414618879556656,0.26762184547260404,0.9537481889128685,0.9310595964392027,0.4462679574886958,0.2546430590252082,0.707330858707428,0.555341362953186,0.036051396280527115,3.480449636777242,100.0,,,,,D19
HEAL_018,HEAL,2019,1.472529411315918,1.3449043584987521,2.2274738773703575,0.19322584569454193,0.9665450267493725,0.7215485828263419,0.44205659202166964,0.24566935215677535,0.7540634075800577,0.4570022225379944,0.022759314626455307,2.4576543228966847,100.0,,,,,D19
HEAL_018,HEAL,2021,1.2468306834881122,2.7518115993589163,2.4094153121113777,0.4318396979942918,0.8453403133898973,0.6311778621031687,0.47417105677036137,0.24456794531299517,0.7705358018477758,0.7919533401727676,0.03586359191685915,2.576251813998589,100.0,,,,,D19
HEAL_018,HEAL,2023,1.1183096511023385,2.5329365786165,2.3533506765961647,0.372653383994475,0.8346991091966629,0.5104308889380523,0.42114886375410215,0.2107154931873083,0.7207779015103976,1.018737514813741,0.026037344191637304,2.1320747307368686,100.0,0.8409477472305298,0.6199050545692444,0.8021450042724609,0.5691112279891968,D19
HEAL_017,HEAL,2017,1.35636239250501,1.2730807578191161,2.114275701344013,0.16639570659026504,0.9753447920084,0.65416792454198,0.3342387309918801,0.18926913446436325,0.8930990298589071,0.5574742555618286,0.027596609201282263,2.3790407876173654,100.0,,,,,D19
HEAL_017,HEAL,2018,1.7908349752426147,1.1151254922151566,2.072389706969261,0.16348004434257746,0.9752429723739624,0.7433059692382813,0.3541953831911087,0.19736330658197404,0.8114190697669983,0.7465658783912659,0.052217201640208565,2.7638702273368834,100.0,,,,,D19
HEAL_017,HEAL,2019,1.0974249958992004,0.813401703722775,1.9880730211734772,0.09533204743638635,0.9793045818805695,0.5179940909147263,0.4512447714805603,0.24628203958272935,0.6413561105728149,,0.0,1.8481104612350463,100.0,,,,,D19
HEAL_017,HEAL,2021,1.265854887664318,3.1245861649513245,2.5083001405000687,0.5403869664296508,0.7909503132104874,0.5938585661351681,0.4356821672990918,0.2330476688221097,0.727106680162251,0.8604820668697357,0.046652364234129585,2.4270781725645065,100.0,,,,,D19
HEAL_017,HEAL,2023,1.2342469841241837,2.9540428183972836,2.4135680198669434,0.4614201575750485,0.84643579646945,0.5860163769102655,0.44285074797517154,0.22978624179086182,0.7261608521143595,1.0456593831380208,0.04350048520912727,2.4192882664501667,100.0,0.8301480412483215,0.6428841948509216,0.7902196645736694,0.5822008848190308,D19
HEAL_004,HEAL,2017,1.0269868969917297,0.8739101262763143,2.1092608347535133,0.13736739894375205,0.9665005169808865,0.3816914026226316,0.23370773877416337,0.13454527407884598,0.7923852602640787,0.9109513759613037,0.03840944916009903,1.5372909137180872,100.0,,,,,D19
HEAL_004,HEAL,2018,0.8628814697265625,0.8367805955931544,1.9462769255042076,0.10241991770453751,0.964916292577982,0.49791200235486033,0.47469192892313006,0.23598138839006425,0.4664812584718068,0.6931420564651489,0.016806906554847956,1.8925957798957824,100.0,,,,,D19
HEAL_004,HEAL,2019,0.8897061177662441,1.0192726999521255,2.1040087789297104,0.13362198323011398,0.9659116007387638,0.4801966260586466,0.383475589965071,0.19201783303703582,0.6215141043066978,0.673610508441925,0.013416208326816559,1.8262092556272234,100.0,,,,,D19
HEAL_004,HEAL,2021,1.0779123774596624,2.5038025211542845,2.293608844280243,0.38383970642462373,0.7902375860139728,0.43519869736129685,0.39250628334204,0.19310094564155275,0.5986813966717038,0.8247840603192648,0.024748943047598004,1.9711943439074926,100.0,,,,,D19
HEAL_004,HEAL,2023,1.0226963572204113,2.6216747537255287,2.191629432141781,0.46328880777582526,0.7166867656633258,0.43817083921749145,0.3799516139551997,0.19272621115669608,0.6381734036482297,0.9025687078634897,0.035182130626506276,1.8764758668839931,100.0,0.8699447512626648,0.328772485256195,0.8640460968017578,0.3358349800109863,D19
HEAL_005,HEAL,2017,0.9337896505991617,0.49189634807407856,1.9224481210112572,0.021778499009087682,0.9980118460953236,0.3834230663875739,0.29830822596947354,0.18455113843083382,0.6309297680854797,,0.0,1.341589132944743,100.0,,,,,D19
HEAL_005,HEAL,2018,2.3523449897766113,0.4988963883370161,1.9335393458604813,0.019421051954850554,0.998954426497221,0.5751701593399048,0.2445092499256134,0.15505781769752502,0.7924812436103821,,0.0041067819111049175,2.9164578914642334,100.0,,,,,D19
HEAL_005,HEAL,2019,0.7112342715263367,0.5113099971786141,1.9666943848133087,0.01982376677915454,0.9987259544432163,0.1660159551538527,0.21596459578722715,0.13688985060434788,0.9182958602905273,,0.0,0.8736831247806549,100.0,,,,,D19
HEAL_005,HEAL,2021,1.3096251726150512,2.479404328390956,2.5382528379559517,0.3666317535098642,0.9358264654874802,0.5549198124557734,0.33403970673680305,0.1864878475666046,0.8145251978527416,0.7999086499214172,0.04450320824980736,2.3485731442769366,100.0,,,,,D19
HEAL_005,HEAL,2023,1.3043929796952467,2.092318592593074,2.491534002125263,0.2529733964474872,0.963203676044941,0.491254859818862,0.29959605949429363,0.16981721153626075,0.796082365512848,0.747917373975118,0.025140973140618632,2.161361575126648,100.0,0.811461865901947,0.5684729814529419,0.7579197883605957,0.5317800045013428,D19
HEAL_015,HEAL,2017,2.2403009116649626,2.278539953753352,2.96691083163023,0.2968351854942739,0.9780474528670311,0.8877977266907692,0.41316776648163794,0.23805817998945714,0.6852883895238241,0.39969531695048016,0.00948481618737181,3.0942582368850706,100.0,,,,,D19
HEAL_015,HEAL,2018,2.5673011600971223,2.4263059068471193,2.942983627319336,0.38288256828673184,0.9691261611878872,0.9559231892228126,0.38282757103443144,0.21541466191411018,0.6225446495744917,0.30897533893585205,0.03200303134508431,3.564745783805847,100.0,,,,,D19
HEAL_015,HEAL,2019,2.2390991232611914,2.3921274729073048,2.8672970309853554,0.3167670222464949,0.9766177348792553,0.9627704754133116,0.4023536592721939,0.22697414288466627,0.7330444852511088,0.567691195011139,0.023893747478723526,3.171163401820443,100.0,,,,,D19
HEAL_015,HEAL,2021,1.9142019674181938,4.796499885618687,2.5934526324272156,1.025025935843587,0.6972582116723061,1.0289074797183275,0.5297150164842606,0.2932780524715781,0.8693742714822292,0.8348831717784588,0.1284096782406171,3.920067109167576,100.0,,,,,D19
HEAL_015,HEAL,2023,2.1072070077061653,5.003464467823505,3.0007836520671844,0.9197421260178089,0.8223981931805611,1.079759145155549,0.502492493018508,0.28260655980557203,0.8683056831359863,0.9310719875188974,0.08939375641445318,4.172639824450016,100.0,0.8018977642059326,0.5129827857017517,0.7539786696434021,0.4852174818515777,D19
HEAL_049,HEAL,2017,,0.1468609794974327,1.7424993366003036,0.0,1.0,,,,,,,,100.0,,,,,D19
HEAL_049,HEAL,2018,,0.145484474953264,1.777249351143837,0.0,1.0,,,,,,,,100.0,,,,,D19
HEAL_049,HEAL,2019,,0.13739696890115738,1.7799388393759727,0.0,1.0,,,,,,,,100.0,,,,,D19
HEAL_049,HEAL,2021,,0.1668336372822523,1.7659552842378616,0.0,1.0,,,,,,,,100.0,,,,,D19
HEAL_049,HEAL,2023,,0.1884387545287609,1.763912208378315,0.0,1.0,,,,,,,,100.0,0.7595390677452087,0.5646395683288574,0.6810991168022156,0.528212308883667,D19
HEAL_026,HEAL,2017,3.439394310116768,6.0390457808971405,2.79566653072834,1.6137535572052002,0.762890413403511,1.4384701438248158,0.42639416456222534,0.24107324052602053,0.8819334171712399,1.1309516727924347,0.20605099177919328,5.589994460344315,100.0,,,,,D19
HEAL_026,HEAL,2018,3.5454723834991455,6.191518574953079,2.638416476547718,1.7341524101793766,0.7107899580150843,1.4364010766148567,0.4054676238447428,0.22918910253793,0.8821077235043049,1.1245867162942886,0.27350303903222084,5.636536955833435,100.0,,,,,D19
HEAL_026,HEAL,2019,3.514095738530159,6.3115160167217255,2.7926070392131805,1.6390405595302582,0.7621139548718929,1.4828743450343609,0.42553529888391495,0.23939710017293692,0.8591007925570011,1.1722990423440933,0.2066644849255681,5.6990369856357574,100.0,,,,,D19
HEAL_026,HEAL,2021,2.544254891574383,6.780074626207352,2.111716330051422,1.6428966149687767,0.45205733366310596,1.430533193051815,0.5615579448640347,0.31411993131041527,0.8640546351671219,1.1749457716941833,0.36567882308736444,5.200462579727173,100.0,,,,,D19
HEAL_026,HEAL,2023,2.8892371356487274,6.983179330825806,2.3237200528383255,1.7146433591842651,0.5739018470048904,1.493564985692501,0.518168892711401,0.29288277495652437,0.8736918494105339,1.296959564089775,0.31858453061431646,5.5640406012535095,100.0,0.8137192726135254,0.4015993177890777,0.8048054575920105,0.3878970146179199,D19
HEAL_045,HEAL,2017,,0.12862691190093756,1.776511162519455,0.0,1.0,,,,,,,,100.0,,,,,D19
HEAL_045,HEAL,2018,,0.1591240307316184,1.741796225309372,0.0,1.0,,,,,,,,100.0,,,,,D19
HEAL_045,HEAL,2019,,0.1467807674780488,1.7753849476575851,0.0,1.0,,,,,,,,100.0,,,,,D19
HEAL_045,HEAL,2021,,0.16780588123947382,1.7230388671159744,0.0,1.0,,,,,,,,100.0,,,,,D19
HEAL_045,HEAL,2023,,0.20348047511652112,1.7416489720344543,0.0,1.0,,,,,,,,100.0,0.7367919087409973,0.5454344749450684,0.652032196521759,0.5114474892616272,D19
HEAL_024,HEAL,2017,,0.2812336664646864,1.812053121626377,0.0020912960171699524,0.9997306019067764,,,,,,,,100.0,,,,,D19
HEAL_024,HEAL,2018,,0.26741764042526484,1.8206248581409454,0.0,1.0,,,,,,,,100.0,,,,,D19
HEAL_024,HEAL,2019,0.5469990968704224,0.32969709392637014,1.8327545896172523,0.003162182169035077,0.9994612075388432,0.02503802813589573,0.04577343910932541,0.03236670792102814,,,,0.5629332065582275,100.0,,,,,D19
HEAL_024,HEAL,2021,0.8712416841433599,1.1179948635399342,2.132184185087681,0.13738015480339527,0.9695904590189457,0.23850534455134317,0.2507432537296644,0.14834939416211385,0.8871352002024651,,0.0,1.2524553216420686,100.0,,,,,D19
HEAL_024,HEAL,2023,0.7758357246716817,1.2252704668790102,2.205913931131363,0.13282656157389283,0.9669666774570942,0.212003879994154,0.2523202054202557,0.13984264433383942,0.760276859998703,,0.0,1.143691901365916,100.0,0.76554936170578,0.3311489522457123,0.7197660803794861,0.3341398239135742,D19
