resp,pred,n,x2_beta,x2_p,vertex,shape
Hill_q1,dhi_cum_mean,487,-0.10130649245108266,0.0004027210014588679,-0.461638452202252,단봉(hump)
Hill_q1,VCI_mean,472,0.00563504314875219,0.8233324405791285,-28.67715025259758,선형/단조
LCBD_turnover_rare,lc_edge,480,-0.1377532076443569,0.004232492336393265,-0.31722668744231614,단봉(hump)
Hill_q1,lc_forest_frac,525,-0.0167019760559422,0.728249828557223,4.357062631923895,선형/단조
Hill_q1,specdiv_rao_q,525,-0.03319123052941682,0.34125454412713596,2.184226201771372,선형/단조
Hill_q1,FHD_mean,472,0.021020629471443855,0.5645764627527952,-5.5984495722942595,선형/단조
Hill_q1,severity,228,0.023911083579688994,0.5369496625875595,2.1990184914305746,선형/단조
LCBD_turnover_rare,severity,199,0.10187182351970814,0.06546254851376179,0.32672851277179255,선형/단조
