level,r,p,n
plot,0.3904016623236536,4.0171501844409305e-27,706
site,0.48521379814948007,0.0483508162076664,17
