proxy,r_vs_tower,p,n
DHI,0.35303302687561755,0.21566938477452363,14.0
MODIS,0.6737658442821022,0.0042143286653564295,16.0
PML,0.6891023017325928,0.0031502198335809145,16.0
tower_quad,0.14245772329602024,0.5237028133945145,
