variable,domain,siteID,plotID,within
Hill q1,0.38147843310024576,0.050728843176334706,0.5677927237234197,0.0
Hill q2,0.3420974464259014,0.05217786376033609,0.6057246898137623,0.0
LCBD Turnover,0.5412254027065867,0.08696081848854088,0.37181377880487226,0.0
LCBD Nestedness,0.18804916416057163,0.02897554388530845,0.78297529195412,0.0
