plotID,siteID,Canopy_Ht_mean,Canopy_Ht_sd,Canopy_Ht_trend,Canopy_Ht_nyears,Max_Ht_mean,Max_Ht_sd,Max_Ht_trend,Max_Ht_nyears,Rumple_mean,Rumple_sd,Rumple_trend,Rumple_nyears,Rugosity_mean,Rugosity_sd,Rugosity_trend,Rugosity_nyears,Deep_Gap_mean,Deep_Gap_sd,Deep_Gap_trend,Deep_Gap_nyears,Vert_SD_mean,Vert_SD_sd,Vert_SD_trend,Vert_SD_nyears,Vert_CV_mean,Vert_CV_sd,Vert_CV_trend,Vert_CV_nyears,Gini_mean,Gini_sd,Gini_trend,Gini_nyears,VCI_mean,VCI_sd,VCI_trend,VCI_nyears,FHD_mean,FHD_sd,FHD_trend,FHD_nyears,LAI_mean,LAI_sd,LAI_trend,LAI_nyears,Q95_mean,Q95_sd,Q95_trend,Q95_nyears,Ht_Ratio_mean,Ht_Ratio_sd,Ht_Ratio_trend,Ht_Ratio_nyears,Hill_q1,Hill_q2,sample_coverage,richness_pooled,abundance_pooled,LCBD_bray,LCBD_turnover,LCBD_nestedness,domain,LCBD_bray_rare,LCBD_turnover_rare,LCBD_nestedness_rare
ABBY_001,ABBY,26.74262238400323,0.8392879891878611,0.1813163767660284,7,49.78328602654593,1.0551288598874664,0.3160548127455518,7,1.606186829507351,0.0254809961248392,0.0013412543588635,7,15.105240574904853,0.4143338480879264,0.1185342795242463,7,0.0300989690502839,0.0056469524025597,-0.0006713015785221,7,14.603760719299316,0.4496126121481015,0.1289728971230501,7,0.5706340628010886,0.0256075738171634,0.0021892208606004,7,0.312431283960385,0.0136894252102859,0.0008783344787712,7,0.889306515455246,0.0055290512173421,-0.0004180956933367,7,3.099625989794731,0.0530439200216621,0.0009467747342379,7,2.7795286497899463,0.1885038787378474,0.0170439826270748,7,44.86753439903259,1.0418799951176194,0.3423001972926145,7,28.33393315758024,2.235700360475999,0.117641510129664,7,2.2173474522732106,1.8148148148148149,0.7551020408163266,3.0,7.0,,,,D16,,,
ABBY_002,ABBY,2.163896475846951,1.1883195793052703,0.4108540316602226,7,5.7094739103423695,3.113894084795597,1.075136182485202,7,1.886491900043828,0.1361684311581331,-0.0429655226496602,7,1.286540994753263,0.7470892171730062,0.2583555285711207,7,0.419193864866559,0.2721167685743675,-0.0883411227730829,7,1.151774310394303,0.6595016854245376,0.2284967909012571,7,0.5126197639811825,0.1221385565720703,0.0229011483307432,7,0.2823415535635182,0.0694084140734026,0.0149029832053391,7,0.7830897298242364,0.1153553722291123,0.0365477742444228,7,1.0714466653350323,0.4730861072298456,0.1812135131458441,6,0.5642169049048485,0.48680539300642,0.1857433656213106,6,4.27441505833969,2.3308405118202207,0.809193384935918,7,99.95375640051704,0.1223490639603476,-0.0280669245416718,7,1.8898815748423097,1.7999999999999998,1.0,2.0,9.0,0.6692704772131094,0.1851851851851851,0.2215167548500881,D16,,,
ABBY_003,ABBY,6.69009526570638,2.4918153862560724,0.8195759809535483,6,13.08627918859323,3.614434556350834,1.1728007793426511,6,1.504444365700086,0.1654578712117151,-0.0501073048166606,6,2.80511611700058,0.518697833298044,0.1691889221901479,6,0.0769873402362767,0.0799254767084308,-0.020473083616905,6,2.526676346858342,0.4856827232526465,0.156014951188927,6,0.4132257446957131,0.0952509287460432,-0.0300339680246036,6,0.2349792237703999,0.0552223002583726,-0.0174033933663335,6,0.8892945802460114,0.0173003507493713,-0.0051421361125033,6,2.051025322328011,0.3806495871706165,0.1217454827350119,6,2.3069274003307023,0.9785220311773402,0.3110401951910361,6,10.678624724348388,3.0916226947386343,1.015506602499796,6,81.4693334698677,19.068964973306752,-6.022159400193588,6,1.0,1.0,1.0,1.0,16.0,0.3670376208247486,0.0,0.1543209876543209,D16,0.0724,0.0,0.0912888888888888
ABBY_004,ABBY,2.4066844637904845,1.3211491374073263,0.4573737037448868,7,5.968973460740277,3.2537959380313475,1.1236561379271608,7,1.8937603384256363,0.2152068263921713,-0.0718716019710708,7,1.3518327670837087,0.7536197271945041,0.2601683253363162,7,0.4043868658232635,0.2897817256447791,-0.0962168337882232,7,1.1901073110245524,0.6874371285675607,0.2377178337604439,7,0.4778947207367136,0.1144838846620684,0.0220039057331823,7,0.2653178166952871,0.0659127079608647,0.0136288635095362,7,0.8047624256994043,0.0953268455470706,0.027900594453505,7,1.111813303196069,0.5097505331321133,0.1968936386230317,6,0.7030764152295887,0.5827333374557865,0.2234716155077331,6,4.534572805109479,2.477523309611417,0.8575221774694086,7,99.89448990140644,0.2791534816845069,-0.0640379211117077,7,1.0,1.0,1.0,1.0,15.0,0.3831026387998045,0.0,0.1543209876543209,D16,0.0724,0.0,0.0912888888888888
ABBY_005,ABBY,2.328312082837025,0.8563061687271529,0.2661232902951862,6,6.149244520813227,2.44488245594396,0.7557858209247175,6,1.862391070773204,0.2104120385155836,-0.0489129526135714,6,1.386551168669636,0.5495086615783435,0.1729009621574178,6,0.3355403065118783,0.2647114090971152,-0.0646382175618782,6,1.259202897703896,0.4881356971070843,0.1555202172502227,6,0.5269949305802584,0.0922747773523704,0.0183242033843113,6,0.2933556793335204,0.0523556521153855,0.0112449123686098,6,0.8222080242748445,0.0620168315417218,0.0184892068451961,6,1.131354693293808,0.268873873642374,0.0733812006873003,6,0.5366801590259586,0.4109322174960976,0.1232225606810903,6,4.636110819255312,1.7365642515635735,0.5479911559301874,6,99.89234240849812,0.2637061661165762,-0.0561691781748896,6,,,,,,,,,D16,,,
ABBY_006,ABBY,27.04403849158968,1.249798094646675,0.4308036081708235,7,43.787504945482524,1.064255949918405,0.3420341152676268,7,1.477743275463581,0.0272780131256126,-0.0081068820002451,7,11.67239625964846,0.216263138875494,-0.0355441601290179,7,0.0468862056524293,0.0123832523976344,-0.0025280999451084,7,10.634418044771468,0.1313184666511148,-0.0064546000750767,7,0.4147983828027333,0.0160468410031831,-0.0050533145579988,7,0.2159796583998416,0.0117885817395543,-0.003861671886972,7,0.8616494743951729,0.0134335476859456,-0.0040943649721283,7,3.201227850147656,0.0667694968845724,0.005856469359701,7,2.617748374385493,0.1584607340478283,0.0377928442779303,7,39.31935930252075,1.0239583842571964,0.3518005719763695,7,19.09877095903669,1.6894969962200113,-0.5013216435047932,7,1.0,1.0,1.0,1.0,20.0,0.3195761047953573,0.0,0.1543209876543209,D16,0.0724,0.0,0.0912888888888888
ABBY_007,ABBY,0.9010339466234047,0.3126275952485039,0.0851821913181439,6,1.8341617522140343,1.1438312652294336,0.325592596731756,6,2.0754393599927425,0.1102180598557912,0.0224982501695985,6,0.3352325344264197,0.2828852929157837,0.0802719426675416,6,0.8496939353644848,0.1409868447870364,-0.0395871312559946,6,0.3235039674743478,0.2298260242111706,0.0647506920464614,6,0.3078981142358056,0.1225816153690499,0.0370466392921133,6,0.1675794050901285,0.0661670362430115,0.0196441370427683,6,0.6384073898931601,0.1080546564126889,0.0285330531800594,5,0.269533280815397,0.3811776212400504,,2,0.0428489508816883,0.0363289860527289,0.0113424127338971,5,1.501365661709791,0.7755000387639499,0.2154903574181454,6,100.0,0.0,0.0,6,1.4575692649810903,1.28,0.9027777777777778,2.0,8.0,0.599798900351491,0.1111111111111111,0.2331569664902998,D16,,,
ABBY_008,ABBY,24.112421236116266,4.324823046995458,0.0905157184834827,7,39.74023147885288,6.000786303857755,0.9758043442502876,7,1.724415454836119,0.0877039045170625,-0.0224291591372104,7,10.770467689948246,1.3883583399742097,0.1022033902407338,7,0.1598284724196197,0.0971903106137161,-0.0302232380547948,7,9.284657212666104,1.2852077810479106,0.2561902731718039,7,0.5199955152968566,0.1124039543327453,0.0195702996957322,7,0.2491813376146767,0.0474558231253207,0.0069289302868815,7,0.8040762285822306,0.0176710124351369,0.0017115360527344,7,2.977780721709132,0.1586578442107331,-0.0173296675376723,7,1.7567909812846438,0.3024129057489503,0.0439244762033476,7,35.964502380788325,5.40113055149219,0.4627518778390507,7,39.29411606703486,8.910600422928379,-0.8452426924698615,7,1.0,1.0,1.0,1.0,11.0,0.4672215747316301,0.0,0.1543209876543209,D16,0.0724,0.0,0.0912888888888888
ABBY_009,ABBY,6.47498745696394,0.8451160699011395,0.0847410200152955,7,13.925047481432555,2.52295424627103,0.8641778356530245,7,1.806164382823876,0.1569323200728458,-0.0505654491656432,7,3.930563340562263,0.3901634980552976,0.1336996004636792,7,0.276595719150334,0.253020814505613,-0.0754308668187297,7,3.713866378272791,0.3616331573499186,0.1244091462677699,7,0.5431847822248608,0.0933467770893176,0.0152770301348642,7,0.2922057404929956,0.0492370184860447,0.0089468352195155,7,0.8014730633369513,0.0634305940221044,0.020762483362173,7,1.8187459229261844,0.4237160146614033,-0.0381061716423151,7,0.9489704313566022,0.5619584151355123,0.1763141013046875,7,12.169136873640856,1.3764318258502215,0.4444443010698164,7,86.7962304353714,0.981748128187267,0.2371881197642728,7,1.0,1.0,1.0,1.0,33.0,0.2986934906461988,0.0,0.1543209876543209,D16,0.0724,0.0,0.0912888888888888
ABBY_010,ABBY,29.799840033054352,1.472444232410962,0.4701762017996415,6,41.17247919241587,1.8100249028213653,0.5706426060718038,6,1.3590631373226645,0.0419808661592136,-0.0101233668949293,6,9.927675242225328,0.4800650878015771,-0.0432603048241656,6,0.0655571346675666,0.0282070923651958,-0.0055825394836416,6,7.040441470841567,0.4861500744742829,0.0738776928704717,6,0.2376515207191308,0.0161669262648047,-0.0013965258131856,6,0.1129229501044998,0.0080198695838868,-0.0013346053538439,6,0.7802537356813749,0.0144038062583407,-0.0015078756310369,6,3.00884547829628,0.1233057252808072,0.0140139813656392,6,2.452589850872755,0.2489279942238596,0.0567859550533087,6,37.42267700036367,1.5134401069790266,0.4807809435802957,6,10.354385557274025,2.4352072673194374,-0.5688582001172977,6,1.2289892094880015,1.110769230769231,0.9526315789473684,2.0,19.0,0.3504100343332589,0.1296296296296296,0.2331569664902998,D16,0.1170666666666667,0.0446666666666666,0.2106666666666667
ABBY_011,ABBY,1.5913718111280886,0.7322541479610871,0.2308304585308207,6,4.026706086471677,2.262260709582053,0.7261478461973045,6,2.045288333048424,0.1814779972371983,-0.0563701392839784,6,0.885991813071693,0.5450544107359473,0.1772234772493982,6,0.5749483088341852,0.2585519204212599,-0.0849029680147119,6,0.7666492011353728,0.4365746380053369,0.1405493739084195,6,0.4537178011877196,0.0927744305597531,0.0275639242475262,6,0.2505829792159299,0.0540947553467485,0.0165181470144054,6,0.787885914867123,0.0488015113292981,0.014899281218,6,0.7976506017887639,0.3311160093323824,0.1879334126757521,4,0.2124185360541256,0.2837967493118231,0.0805446549961545,6,3.018762958901269,1.519775053328267,0.4874120916453947,6,100.0,0.0,0.0,6,1.0,1.0,,1.0,1.0,,,,D16,,,
ABBY_012,ABBY,2.2077396332665726,1.1412091787663317,0.373595522923602,6,5.756763168300192,3.2435015837819887,1.055997607500657,6,1.8235003377000487,0.1573247860375272,-0.0515310919803121,6,1.275992473665004,0.7434456729681527,0.2421921581920722,6,0.3602379338893418,0.3208353848147114,-0.0964475214612953,6,1.150484925515398,0.6571548311062669,0.2157314946191106,6,0.4925849931314587,0.1246530263771959,0.0282874375014849,6,0.2745074804665313,0.070094264123811,0.0172174638609631,6,0.8080383544166883,0.0800035820535932,0.0248703979117714,6,1.1263477156559627,0.425693379402479,0.1640550858012182,5,0.6441172527382151,0.460359265130372,0.1757513350266754,5,4.285400615522155,2.270364673098262,0.7460465109794612,6,99.98243498802184,0.0430253166723406,-0.0091643540755562,6,,,,,,,,,D16,,,
ABBY_013,ABBY,1.9329831765916865,1.0516799431250068,0.3411567133592821,6,4.872771959441404,2.87659473057562,0.9443004685251608,6,1.8681752396126587,0.1295517857004008,-0.0407087137193783,6,1.112302315964674,0.7025559233338504,0.2309249156033215,6,0.4440659321068476,0.2940435050917929,-0.0930485175821282,6,0.9568093723307052,0.6087537535813405,0.2000593311436798,6,0.4559656284415187,0.1199750200259744,0.0330995610077245,6,0.2537469976366712,0.0689980306607129,0.0198707409922569,6,0.7947012132240667,0.0742869800214788,0.0236903672524984,6,1.095843312803369,0.3563296396238037,0.2083919659518933,4,0.4897694087267986,0.394283061827044,0.1492090992605699,5,3.672612773206753,2.120210414271802,0.6951116404704824,6,99.9995535214742,0.0010936445693139,-0.0002329453178074,6,1.0,1.0,1.0,1.0,12.0,0.4426482296145465,0.0,0.1543209876543209,D16,0.0724,0.0,0.0912888888888888
ABBY_014,ABBY,33.39747672421591,0.992214682765832,0.3050900942328348,7,48.74977789606367,1.180733580633461,0.3727136829684924,7,1.4234505934374673,0.0163821853524071,-0.0034351896688428,7,13.191248042242869,0.2498538408386436,0.0234943947006512,7,0.0544087855295012,0.0148667373523666,-0.0033249197091376,7,11.009914010763168,0.8049645004831187,0.1271764555073886,7,0.3370838070820485,0.0255567812582394,0.0018798363545769,7,0.1659484848912273,0.0123152427513791,0.0006321371449534,7,0.8260079015578542,0.0091535205839974,-0.0009980708619073,7,3.2721292631966725,0.0527634132392152,0.0043462940378685,7,2.4117537875260626,0.1295623043463498,0.0360515631433856,7,44.55322759492056,1.0460755826429535,0.3596668587943722,7,14.237913003989627,1.0313547344234462,-0.1629242858273445,7,2.4243759512390586,1.8059701492537312,0.7443181818181819,4.0,11.0,,,,D16,,,
ABBY_015,ABBY,2.272084087913945,1.1842279304838137,0.4099945808837983,7,5.749269586056471,2.861815323753467,0.980871348001192,7,1.836704035954816,0.1779734033964837,-0.0615592012558713,7,1.2852258253509976,0.6489672022754326,0.2234775325985937,7,0.3618827995378524,0.2591111225063471,-0.0828392094713124,7,1.126629237143234,0.5945854286364592,0.2057807560157755,7,0.4808715840358109,0.0921337331326299,0.0147940280709078,7,0.2681547708543284,0.051558836953369,0.0099470841908299,7,0.821507600849712,0.0583166351948429,0.0195597669641187,7,1.07803427556914,0.4009892248580624,0.1547171201273089,6,0.5797291369620888,0.5647971540770403,0.1922877737538089,7,4.321419332353842,2.179581867524087,0.7562215805326467,7,99.93070677348544,0.1833326448987499,-0.0420565825666306,7,,,,,,,,,D16,,,
ABBY_016,ABBY,29.964608430862427,1.3863953441457115,0.4700225605440966,7,46.96962812968663,0.9374132583852662,0.2942288197533933,7,1.4489048283014978,0.0352171037170766,-0.0111113170624812,7,12.76426873888288,0.3570152111328362,-0.08774521257836,7,0.028671317649631,0.0118294524565817,-0.0023412625301464,7,12.028595353875842,0.3866486134581988,-0.0592512316097413,7,0.4102733610197902,0.0290013722353786,-0.008335412216152,7,0.2114688483332949,0.017140239000411,-0.0051190322480363,7,0.8584220638232571,0.008890394292233,-0.0020967763498683,7,3.297425395676068,0.0492344318494804,0.0059503961160692,7,2.746079039360796,0.2898157697265062,0.0854110314451545,7,42.56032000269209,0.9629209370521448,0.3292256393873622,7,16.4314963051251,2.4159321925147554,-0.7392828125140569,7,1.1958352709427176,1.090721649484536,0.960144927536232,2.0,23.0,0.3098032933241452,0.1111111111111111,0.2331569664902998,D16,0.1173333333333334,0.0406666666666666,0.2158603174603174
ABBY_017,ABBY,6.93327322602272,2.2257534769567746,0.7325483469859414,6,13.828235189119974,3.664026793450312,1.1961351419272632,6,1.494967233389616,0.1085735836016384,-0.0346500679202701,6,2.7871926402052245,0.5520566134616334,0.1755170256871244,6,0.075467318795745,0.0533800694666376,-0.0166692415160745,6,2.5574808679521084,0.5518706449964158,0.1784477036284363,6,0.4040587247970204,0.0475303974779545,-0.014818482870317,6,0.2278354090328017,0.0274366857039976,-0.0084892875595909,6,0.8683242027958235,0.0120770134398875,-0.0005343957277743,6,2.047614386305213,0.3702771433421795,0.1181682081812102,6,2.480985574424267,0.7194010286672505,0.230506660659676,6,11.011234211424986,3.026852755192491,0.9944536135248516,6,78.47859499851863,20.337040147512813,-6.540078183879023,6,1.4299323848799934,1.2565055762081785,1.0,2.0,26.0,0.3258768098258922,0.1111111111111111,0.2331569664902998,D16,0.1553333333333333,0.0433333333333333,0.240031746031746
ABBY_018,ABBY,2.230445638394509,1.3119401997090767,0.4226895128080876,6,5.660198877565563,3.4437820498849523,1.1323060049958853,6,1.8920494690537453,0.2068227973493095,-0.0658626569354016,6,1.2693291865677263,0.7888539627422709,0.2599750452917879,6,0.4176786838797852,0.3077250861535376,-0.0999916723230853,6,1.1332785826271925,0.7047230289965245,0.2317074609789561,6,0.4783698930046879,0.1056273534726842,0.0263842842930983,6,0.2656336958663395,0.062916701540154,0.0167213571911995,6,0.8017019430796305,0.0894559119369029,0.0270361287276382,6,1.1214381381869316,0.4510931920865303,0.168712981907067,5,0.5290218257522654,0.5681503451720858,0.1767145373384173,6,4.281464404593676,2.50887189976975,0.8218022420454185,6,99.94817781448364,0.1269379118709244,-0.0270376620085343,6,,,,,,,,,D16,,,
ABBY_019,ABBY,8.350209557584353,1.5766876298406565,0.5382234068275187,7,21.63918937104089,2.60614204259588,0.8830677909141329,7,1.7318847541298186,0.1550876917725423,-0.0519022600283856,7,5.750350670090744,0.2850394679309728,0.0899076056532088,7,0.0966711724759079,0.0642527680528211,-0.0184696657213683,7,5.505568091358457,0.2400511152793086,0.0731631244365879,7,0.6242660563439131,0.1004778014012343,-0.0341742369104069,7,0.3158020108406033,0.0419307193755933,-0.0142475150207951,7,0.8428934761988265,0.0200864452730509,0.0068521192997177,7,2.0293087097150937,0.3747559428602822,0.1223954806653405,7,1.8590148038097791,0.8017129477440564,0.2728958419184981,7,17.800368481448718,2.065133652861771,0.6715784940244145,7,82.75770451341357,10.380879832269652,-3.320022712553167,7,1.0,1.0,1.0,1.0,23.0,0.2988899635282544,0.0,0.1543209876543209,D16,0.0724,0.0,0.0912888888888888
ABBY_023,ABBY,10.571723081171513,1.804598863127274,0.5651117705780527,6,20.31230717897415,2.331459303441944,0.7591593161873196,6,1.3837298539777596,0.0549426827563267,-0.0113510264326696,6,4.100091921786468,0.3997784334036111,0.1171916344243547,6,0.0254854495039277,0.0136686595609196,-0.0027807872272957,6,3.852595226218303,0.3488371035936584,0.109078317394723,6,0.3471241318620741,0.0389591043776519,-0.0082318024385882,6,0.191410513749967,0.0224436403218348,-0.0048300299550528,6,0.8486626806358496,0.0183301131365653,0.0008775229039399,6,2.404270480076472,0.266901980361018,0.0850145102519056,6,3.34875812754035,0.5564934705161678,0.0672880956984084,6,16.977238620320957,2.0375060273034644,0.6597292643526327,6,51.33712264895439,24.290866441793515,-7.5657883027325505,6,3.978429098251206,3.5785288270377733,1.0,5.0,60.0,0.5804843727542637,0.074074074074074,0.5401234567901234,D16,0.6367999999999999,0.0335555555555555,0.5225269841269843
ABBY_025,ABBY,22.1243622813906,0.6317393437794695,0.097665468047809,7,38.06900213445936,1.0994805938372851,0.3648838976215075,7,1.4114931832466806,0.0377362734719211,0.008267146056098,7,8.786718538829259,0.6808103322020487,0.2081971963533776,7,0.0218874105682646,0.0084093587853649,-0.0004909138225792,7,8.30400802407946,0.6969687036312134,0.2293560885625078,7,0.3804532391950488,0.0342900257326281,0.0093873594268467,7,0.2035182193586868,0.0208132656735493,0.0057008861539874,7,0.8630141610545772,0.0188790989310944,0.0043423440458113,7,3.130490909729685,0.0728149295276529,0.0169060418026984,7,3.020909324288368,0.2692423868825427,-0.0257421104463538,7,32.93361515658243,1.0162826185778482,0.3354427425158505,7,14.60431540438107,2.8116245108099034,0.6343239890357661,7,1.871741830659702,1.7705382436260622,1.0,2.0,25.0,0.6992239947046807,0.1296296296296296,0.2331569664902998,D16,0.6743999999999999,0.0666666666666666,0.2790539682539683
ABBY_061,ABBY,5.695259186838355,2.359337451544947,0.8176579203650441,7,11.618606235299792,3.498215933327784,1.190443383992752,7,1.5603538283279963,0.17792944982393,-0.0558972842991352,7,2.6088775726301328,0.6242107911782838,0.2123351037459221,7,0.1031543799867254,0.0913060302455922,-0.0257910667086555,7,2.3174155333212445,0.5591615205473502,0.1901882883656575,7,0.4457297858649066,0.100591836894455,-0.0328932410224496,7,0.2533407735505274,0.0569005197632575,-0.0187035883491525,7,0.8883483441812652,0.0128080209360033,-0.0002893656169231,7,1.889853363058397,0.4496894661493611,0.148569556157713,7,1.876913703312832,0.9197133343670736,0.3103756096720092,7,9.354556901114329,3.0376343953843024,1.0496264877002364,7,89.29993707793099,14.332288538606566,-4.580090537925676,7,1.0,1.0,1.0,1.0,66.0,0.4344183925710614,0.0,0.1543209876543209,D16,0.0724,0.0,0.0912888888888888
ABBY_062,ABBY,5.2251928587044985,2.011894465370961,0.6988441741277027,7,11.031268262437411,3.4047835671041025,1.1533251712260215,7,1.5260908784610885,0.109241813089223,-0.036845029864697,7,2.3907960105155195,0.583894386747572,0.1942263416342996,7,0.0725372916702846,0.0502027437960046,-0.0164817261196352,7,2.1908452457615306,0.5743239018332338,0.1924467655706268,7,0.446706287296755,0.065486491039652,-0.0219072333100989,7,0.2541878633201122,0.0372214495717226,-0.0123522141759924,7,0.8897163293191365,0.0071824069728424,0.0005723521264129,7,1.7700729466619944,0.4510059076885479,0.1446856090888696,7,1.9471505570358465,0.9342358865788918,0.324066494430033,7,8.799643980605262,2.819881766600529,0.973191398502774,7,92.56398929868426,10.421606314246262,-3.27500629562863,7,1.0,1.0,1.0,1.0,63.0,0.4197765191227783,0.0,0.1543209876543209,D16,0.0724,0.0,0.0912888888888888
ABBY_063,ABBY,3.565696387418679,1.403959013618647,0.4809752248679799,7,9.041814276150294,3.151313552589281,1.052818217976934,7,1.737747953406402,0.1745178326849711,-0.0255854875279988,7,2.054416675054069,0.7341396767742983,0.2526820465852372,7,0.1862312121666036,0.216378518247668,-0.0354361072358624,7,1.926891373603472,0.6793471074050246,0.2334339379607511,7,0.5549157618079334,0.0504550712761101,0.0056704581927809,7,0.3008534088398197,0.0233241704650045,0.0040468869211335,7,0.8322297815888465,0.0439714376979414,0.0118262680527361,7,1.6038736686820074,0.4235383007806276,0.1393046600683116,7,0.975291058911188,0.4906190515242859,0.1667670370491404,7,6.983656579362495,2.503340202727234,0.8583160281353601,7,96.45384747641428,5.773409663260204,-1.7052023741551217,7,1.0,1.0,1.0,1.0,35.0,0.3027868699876979,0.0,0.1543209876543209,D16,0.0724,0.0,0.0912888888888888
ABBY_064,ABBY,6.364577675504344,1.2377264088489064,0.425945266865926,7,16.97734605414527,2.763867064803573,0.90431853405313,7,1.776659988931247,0.1637462740910397,-0.0429257310797713,7,4.550976635622127,0.5531040807197324,0.1845053507585745,7,0.1373627347072345,0.1282958737018109,-0.0266202411048705,7,4.403113935142756,0.4359468000850753,0.145241773951088,7,0.6272205614617893,0.0505186748708829,-0.0160784570747889,7,0.3298209463911397,0.0237169976980284,-0.0075172032767939,7,0.8495258688926697,0.0317258570072123,0.0094063175422263,7,1.8430125067631404,0.3084197389689249,0.1050145338022065,7,1.396045038143971,0.6059200213242815,0.1728677605547958,7,14.017292706029757,2.012182655273365,0.6833600617213056,7,90.24107098579408,5.1396118658859935,-1.6396031710453804,7,1.0,1.0,1.0,1.0,22.0,0.3028738067792961,0.0,0.1543209876543209,D16,0.0724,0.0,0.0912888888888888
ABBY_065,ABBY,6.768997685185501,1.2664979678596522,0.433906325004521,7,15.72219215972083,2.286700501112872,0.7730804532766342,7,1.7861477125968253,0.1822590099841303,-0.0550221144894644,7,4.148409450160606,0.4340627537199912,0.1449417860995482,7,0.1882046080094629,0.1183118593170515,-0.0278740112223619,7,3.686114361775773,0.4080069615894215,0.1273263139660992,7,0.5905938584889684,0.087625049983928,-0.0297202300926336,7,0.3133407504563885,0.0363192396481196,-0.0122523273319824,7,0.838875302778823,0.0385993379160945,0.0119873792837465,7,1.756961589869188,0.2792651348766946,0.0942079184513806,7,1.0788707345324968,0.5348713842284257,0.1851571183517101,7,12.248337979827609,1.6280658607505265,0.5313323745234854,7,89.63830539158413,3.376493178900055,-1.0130094396585674,7,1.0,1.0,1.0,1.0,26.0,0.2957104774967358,0.0,0.1543209876543209,D16,0.0724,0.0,0.0912888888888888
ABBY_066,ABBY,4.665035749120372,0.6520521235430576,0.2066203157896595,7,12.47993541508913,2.450286276565686,0.7918931224701032,7,1.8718548832195143,0.1472476664243185,-0.0308778964284527,7,3.388670646984662,0.4478100927674072,0.152220009347004,7,0.2503132953009169,0.1643329401821434,-0.0342852649399391,7,3.1788423558963195,0.4873236267682851,0.1575952550084088,7,0.6251452666308198,0.0266939169672992,0.0012735779359506,7,0.339942361228168,0.0182510350192967,0.0033090221130348,7,0.8051375533853259,0.0475099779188481,0.0144122313772667,7,1.5670501522365068,0.2203932234681781,0.0716934668291396,7,0.6844783956229331,0.3598793138654183,0.1206872874667225,7,9.7484604205404,1.5867973519267868,0.5436352887594631,7,94.4177518572126,0.8263350541523424,-0.1337665836246027,7,1.0,1.0,,1.0,1.0,,,,D16,,,
ABBY_067,ABBY,10.240299171635083,1.3027223836073754,0.4429370325080232,7,21.61076381802559,2.289186438237885,0.7909134198303166,7,1.650370934179851,0.1593615444639085,-0.0515434705797647,7,5.471742303243706,0.1627742281088002,0.0491532334745619,7,0.0966843613361041,0.0731798240898417,-0.0213827917069187,7,4.854348439191069,0.2316871647539667,0.0752217304715186,7,0.533648350276053,0.0831305357405977,-0.0275861933111412,7,0.2756849670383547,0.0415419542604533,-0.0136860851790605,7,0.8263909140867847,0.0078989646060216,0.0015546347019989,7,2.0923617386392186,0.3028120643749636,0.1022051369739061,7,2.021430983341166,0.8887068705959792,0.2906212524613203,7,17.91590460922037,1.6648474404287097,0.5758324075124166,7,77.9028913974762,8.444512529759198,-2.5620940022730414,7,1.0,1.0,1.0,1.0,70.0,0.4547341238826431,0.0,0.1543209876543209,D16,0.0724,0.0,0.0912888888888888
ABBY_068,ABBY,11.523685346756665,0.874226054354005,0.0016681566145378,7,29.555825616632188,1.1442018110449703,0.3855146447013567,7,1.936761198299272,0.1153105540237469,-0.0391238815651808,7,7.918536121291773,0.1710782818298432,-0.0402553995392915,7,0.1496913614516545,0.0638393592134144,-0.0200202597927293,7,7.612406743956463,0.111475238757933,-0.03070413273883,7,0.7473779597452709,0.0605077434859782,-0.0107675844135914,7,0.3720920866887484,0.0242454697893107,-0.0044479999352095,7,0.8101423978805542,0.0157290734626143,0.0052145016352737,7,2.34676452513252,0.1418998191346079,0.0476236443299089,7,1.4505663106351026,0.4724388455200378,0.162460909876434,7,24.68009558107172,0.5731631159971765,0.1557697812256785,7,70.92327879156385,3.397013084930061,-0.2584881562029006,7,1.1214979894043935,1.0499687695190507,0.9767711962833914,2.0,41.0,0.3301135545828481,0.1666666666666666,0.2215167548500881,D16,0.0988,0.0386666666666666,0.1519301587301587
ABBY_069,ABBY,4.336194283195904,1.7073226104412382,0.5918040502321169,7,10.463390839951378,3.110547579219377,1.0572602189861968,7,1.7183207890817098,0.1761844645363423,-0.0538251659256874,7,2.4470349129821574,0.6970870009112997,0.2394025369703424,7,0.1497319703422752,0.1106228189240505,-0.0301274914658531,7,2.2565276862255166,0.6065975152793397,0.2096489761347715,7,0.5654149420027222,0.0804441449853561,-0.0264462587407472,7,0.3159591061994433,0.0386032353792096,-0.012868270124551,7,0.8838643298617431,0.0324973481110811,0.0103517470375306,7,1.7426732461694832,0.3856928313323862,0.1295272959665411,7,1.2536402052667523,0.6456523113931687,0.2212243833891357,7,8.221792438200541,2.532757546471989,0.8777944488676986,7,95.4515072277614,6.71091544124334,-2.0647736698216783,7,1.1167839111004445,1.0475920679886686,0.9778012684989428,2.0,43.0,0.3385422891362192,0.1666666666666666,0.2215167548500881,D16,0.1014666666666667,0.0413333333333333,0.1589333333333333
ABBY_070,ABBY,5.754057201956,2.4070443379420023,0.8354346424858006,7,11.572473675012589,3.664474036059563,1.2462040134248014,7,1.5381353763597352,0.1732854802415378,-0.0552269855374201,7,2.533210715012891,0.5980100112389715,0.200929149877646,7,0.0932797715691517,0.0943186488232296,-0.025396457098921,7,2.2775027682738647,0.5543796846240141,0.1853063470021837,7,0.4341496811913592,0.095305522390337,-0.0319479689475773,7,0.2470115299469658,0.054150210355378,-0.0181402752439712,7,0.8902380567576204,0.013137631651402,-0.003194148043935,7,1.8591151966580324,0.4687122382013676,0.1521762072006401,7,2.091954443869846,1.0622505337170067,0.3611801475329549,7,9.388390045080866,3.11842096110595,1.076218661975998,7,88.73966584886823,15.304213421931427,-4.867727168033578,7,1.0,1.0,1.0,1.0,55.0,0.3850676003290069,0.0,0.1543209876543209,D16,0.0724,0.0,0.0912888888888888
ABBY_073,ABBY,9.363126215125831,1.17382930972394,0.3498885367776272,7,24.37327555886337,2.265658058354642,0.7627454702392479,7,1.7573062820093972,0.1757693189856864,-0.0583490108737366,7,6.234553984765496,0.1537022899926774,0.0103253643809026,7,0.1019841813083205,0.0899884013412741,-0.0244968670699274,7,5.998009094702346,0.1229310822581669,0.0178288750436609,7,0.642642469943634,0.0932829319328566,-0.0315059385601581,7,0.321450075201158,0.043117480362066,-0.01462425518178,7,0.8123293880905423,0.0146367238212385,0.0044324709199412,7,2.1010017393499005,0.2559281029776017,0.0869530309253148,7,1.8554877751906005,0.8435891761813278,0.289635746626754,7,19.26355860488756,1.653500071493207,0.5109759947295822,7,80.28532920564923,8.773044074601522,-2.5025718429185058,7,1.0860691983497126,1.0327780763030627,0.9843830005120328,2.0,62.0,0.4164078746676924,0.1851851851851851,0.2215167548500881,D16,0.0870666666666667,0.0226666666666666,0.1241968253968253
ABBY_074,ABBY,6.274521737226418,1.3668321656296287,0.4061497789673033,7,18.029688454100064,2.6331140218199787,0.8795454265237543,7,1.7810209095478058,0.2128454010824709,-0.0652286628465776,7,4.562863250928266,0.2315130419025762,0.0668315558204416,7,0.1223294975186165,0.160797850162713,-0.032832429316746,7,4.4348394732390135,0.1605589795192682,0.0344099851185186,7,0.6437676014112574,0.104871856438415,-0.029676742997085,7,0.329220182129315,0.0474028575418557,-0.0148610089033454,7,0.8384228939456599,0.0250898092608312,0.0066128448513201,7,1.8416154312563464,0.3527182877476143,0.1177546470237605,7,1.526041711547545,0.8177822082269218,0.279200559169743,7,15.24422085072313,1.9537464636983408,0.6672620682874855,7,91.65127185412815,5.57806870536494,-1.3660332453733235,7,1.0,1.0,1.0,1.0,56.0,0.3890596781644312,0.0,0.1543209876543209,D16,0.0724,0.0,0.0912888888888888
ABBY_075,ABBY,6.107959305601461,1.1329175088182448,0.3490818920679863,7,18.21666002060686,2.44895449850748,0.8119430080314591,7,1.865132324397564,0.2667533381012089,-0.0744721189227407,7,4.15510855615139,0.4760878614056499,0.1431792870680721,7,0.1605930884823984,0.1737463875914298,-0.0387172787143444,7,4.05625300056168,0.4394966780033417,0.0944452930048021,7,0.6894616271768298,0.0934654911328271,-0.0318920195231892,7,0.3443052422787462,0.036294544641785,-0.0122158165881141,7,0.8159177300653288,0.0456981843144889,0.0150026330412123,7,1.7821491656558854,0.295446256673163,0.101396225074123,7,1.2240140430263378,0.653197145594171,0.2242805821669013,7,13.638432281357902,1.8634148269535944,0.5243530042598701,7,91.47814752374376,2.9744764137456925,-0.6041609992870705,7,1.0,1.0,1.0,1.0,34.0,0.3002664767783983,0.0,0.1543209876543209,D16,0.0724,0.0,0.0912888888888888
ABBY_076,ABBY,4.137000086052077,1.571614874169391,0.5446368836383254,7,9.811754230942045,3.035021042357585,1.032298490060547,7,1.6605436791266714,0.166894506647655,-0.0489148770410546,7,2.210230903966086,0.6182357989178734,0.2127090490966862,7,0.1468797396706317,0.1231098388061522,-0.0307685832509073,7,1.986277376966817,0.5484695492797395,0.1887234811794895,7,0.5073313532131059,0.0621747596447241,-0.0209694740744684,7,0.2864509693213871,0.0316690481184082,-0.010610350100808,7,0.8779575196760041,0.0198589219742889,0.0056257298205456,7,1.5942059311838377,0.4310615624030596,0.1422058279574032,7,1.3399233109251196,0.6858978885822764,0.2352992287161355,7,7.515815134559359,2.332657039386001,0.8046763604776017,7,97.70203406470162,4.240933346594106,-1.180953570183991,7,1.0,1.0,1.0,1.0,36.0,0.3062030649607718,0.0,0.1543209876543209,D16,0.0724,0.0,0.0912888888888888
ABBY_077,ABBY,3.0792923511138985,1.7094752555536148,0.5924895736092777,7,7.534551187285355,3.535893302964216,1.205222227626798,7,1.736286154815129,0.2637760344690081,-0.0871284902741798,7,1.5798253055129732,0.7325134689528356,0.2485396298176118,7,0.2628291138264882,0.2795138305821797,-0.0832894226725245,7,1.4038193320323311,0.6681140148858422,0.2300132233595658,7,0.4683819524943828,0.0595076593226378,-0.0069777700253304,7,0.2623423713126352,0.0330208996752616,-0.0021679012207152,7,0.8356143108436039,0.0461100331348003,0.0147607171143582,7,1.3099138248297904,0.4921024922042034,0.1883400464306275,6,1.01639394448804,0.9138626332202736,0.314930022058933,7,5.479859940707684,2.767853592646736,0.9598138101097472,7,99.4323319026402,1.4289737188160394,-0.3313265728812685,7,1.5488224884555977,1.2796709753231492,0.9714795008912656,3.0,33.0,0.3256574322159354,0.074074074074074,0.3759259259259259,D16,0.1636,0.0422222222222222,0.2750095238095237
BART_001,BART,15.188384301960468,0.5557080161450373,0.1213309268271798,8,23.300627559423447,0.7158898296285328,0.1762742440918782,8,1.2655275324359536,0.0181926219748988,-0.0017868607355711,8,3.88706527929753,0.1999906953181323,0.0148124955119705,8,0.0179103902864881,0.0041810533431245,-0.0004886790070091,8,3.462235923856497,0.1184248178233197,0.0025574775932838,8,0.2314298110431991,0.013815955205412,-0.0018731899077109,8,0.1280649934778921,0.00799001844726,-0.0011696351734168,8,0.7933005036320537,0.0157549660705592,0.001928798316925,8,2.5038501638919115,0.1790835375516343,0.0413425877811182,8,4.186561664566398,0.2805510804815906,-0.0004483893910813,8,20.57362470030785,0.4558136932936225,0.1046883391339422,8,9.790399403544145,2.536019658698993,-0.5044098435118708,8,2.318493854074562,1.6372443487621098,0.8987678987678988,6.0,39.0,,,,D01,,,
BART_002,BART,17.68091480433941,0.461879547853287,0.050259582275311,8,23.42733196914196,0.6392565823084595,0.1613107483190843,8,1.2396845631301403,0.0307512303917678,0.004997883617947,8,4.088370590470731,0.5431322772445613,0.10933845381437,8,0.0150801189865887,0.0055389783784754,0.0001766491947723,8,3.6204707762226462,0.4630913608722971,0.0965398038507612,8,0.2084059985936619,0.0265420715362688,0.0044908083458393,8,0.1109366342425346,0.0128566159282177,0.0019003736634381,8,0.772694228682667,0.0331247759609901,0.0064937921320784,8,2.655670899897814,0.2199721634081592,0.0528945753292578,8,4.40022025629878,0.5548402582490077,-0.0986510396763458,8,22.164173677563667,0.4269674348273078,0.0995561307164498,8,6.81720819522161,1.8255591034645129,0.1817926747102812,8,2.0257058466839943,1.742222222222222,0.9667487684729064,3.0,28.0,0.8076521389488048,0.2972972972972973,0.2351516351516351,D01,0.7790990990990991,0.4827327327327327,0.1229327379327379
BART_003,BART,16.751522548496723,0.8078003808609971,0.1740052883069733,8,24.07723680138588,1.0407498355068732,0.2630866275601702,8,1.349927875213325,0.0571383970490803,-0.0078644978437197,8,5.471937321126461,0.5033545372248532,-0.0205102187180988,8,0.0504608339761034,0.0284925820862129,-0.0049435780323617,8,4.40915890969336,0.3257612729938828,0.0460158429202447,8,0.2645476462785154,0.0223834953987013,-0.0002791183878724,8,0.145351831393782,0.0133425173538146,-0.0002367670684491,8,0.8419749960303307,0.0209612569953494,0.0018560137353656,8,2.828634165227413,0.1282845247425026,0.0286950025608199,8,3.292344539426267,0.6111195706804995,0.095923134541249,8,22.39524546265602,0.861389922372026,0.2134994894162528,8,13.438870885409417,4.872625655337344,-0.7394276809288342,8,6.369433732014884,5.12121212121212,0.9524702939337084,9.0,39.0,0.7975583477470749,0.5643929643929645,0.098777666889122,D01,0.822072072072072,0.6926726726726727,0.0566661216661216
BART_004,BART,17.8791049644351,0.5284001174869518,0.1068552340858919,8,24.01668730378151,0.7570494748577699,0.1902778148651123,8,1.2270578714087603,0.0249674121204026,-0.0030321129970036,8,3.940707564353943,0.3245717705984978,-0.0170309866842223,8,0.0185625935819189,0.0073908923387278,-0.0011383163198196,8,3.263523442670703,0.1734942087096287,0.0018551329437854,8,0.1838082619942724,0.0136450186109479,-0.0012273418513123,8,0.0992980429728049,0.0075796831411611,-0.0006905077130513,8,0.756657978054136,0.0183285148330996,0.0011996261102092,8,2.652598887681961,0.1516459724157541,0.034169675853548,8,4.268244465813041,0.4066785546357014,0.0319686107087107,8,22.276045590639114,0.4050996993337669,0.0963526183732829,8,4.794709264417179,1.6252808140941422,-0.2706397579516676,8,3.859711647876861,3.2051282051282053,0.963076923076923,5.0,25.0,0.5395761718485048,0.2644144144144144,0.1265636765636765,D01,0.5109909909909911,0.2970870870870871,0.112055107055107
BART_005,BART,21.25255243480205,0.342894665975851,0.0104374823398965,8,30.44588008522988,0.7454752391011216,0.1859662444400897,8,1.2719285730272532,0.0205272595353614,0.0023177398211157,8,5.586717404425144,0.3831626614648029,0.0584140121591464,8,0.0230119525240297,0.0053146045914345,-0.0005947704164942,8,4.750243527814746,0.3787556294939885,0.0800004359572124,8,0.2257871652254834,0.0192877044729283,0.0036134629813589,8,0.1207270201412029,0.0105130653461747,0.0018729207522493,8,0.8002775930799544,0.0278229175290039,0.0056343976870127,8,2.89090037625283,0.183549746141348,0.0432765184019973,8,3.87242878600955,0.2581496257282882,-0.0141987168291628,8,27.403962641954426,0.5117576417092813,0.1177411065593379,8,5.640325236949138,1.0587339130563342,0.1344545125423877,8,2.586409289858933,2.272727272727273,1.0,3.0,15.0,0.6791308984751018,0.2567567567567568,0.2354772854772854,D01,0.6214414414414414,0.486036036036036,0.0754117104117104
BART_006,BART,16.785726495087147,1.2735523486980114,0.2987476907074797,8,24.97442455589772,1.2040012560087676,0.2726140427009255,8,1.274603446945548,0.0329503036474668,-0.0056493653379475,8,4.482400164008141,0.2866370290374567,-0.0146574472635121,8,0.0085821878201954,0.0064320246706986,0.0008367290487336,8,4.27820404805243,0.2370179767666826,-0.0417760114508183,8,0.2595017569838092,0.0335852826583657,-0.0073781222297118,8,0.1445216685533523,0.0196877485775249,-0.0044481164213541,8,0.8261896534822881,0.0203691872753905,-0.0035159664222083,8,2.635857092216611,0.1572278645912836,0.0321722892075259,8,4.943907035514712,0.4937237700941891,0.0232907275853814,8,22.7752502411604,0.9788803380917755,0.2168238009666098,8,10.437253143900309,5.478746432669163,-1.0486034630899783,8,2.313422090811051,1.6351351351351353,0.8678321678321679,5.0,22.0,,,,D01,,,
BART_007,BART,18.28426751494408,0.2862700425423211,-0.0457967316703752,8,26.928169578313828,0.5787492447058159,0.1388573174128526,8,1.2739010956138372,0.0328999192347319,0.0047932847868111,8,4.766104431822896,0.5307211139170508,0.0704613133384344,8,0.02711251151959,0.0102324276135971,0.0004985121575105,8,3.8733743522316217,0.3063814543346396,0.0675257578543964,8,0.2179600616218522,0.0193446340235962,0.0042856278800139,8,0.1171134279866237,0.0105378617068015,0.0023581655655565,8,0.7782347449101508,0.0278834740786657,0.0063331200075384,8,2.71162785962224,0.1583511187537862,0.0368648173842203,8,3.721361357718706,0.4970574117185153,-0.0501409456530976,8,23.6443542689085,0.2279752851099836,0.0313797581375404,8,8.599891204736196,1.9434203222861368,0.3603633977850491,8,2.348894280002719,1.7609756097560978,0.9569377990430622,4.0,19.0,0.6031484377439608,0.1936936936936936,0.1814896814896814,D01,0.575135135135135,0.3596846846846847,0.1089186589186589
BART_010,BART,15.00024649873376,1.6508384996323062,0.3814173312825372,8,19.866452552378178,1.7462773061381498,0.43668115905649,8,1.1990617718547585,0.0364519697951816,-0.0024509055762274,8,2.9241411425173283,0.4181409979687956,0.0590498930540449,8,0.0064368507296421,0.0052402803067647,0.0004971031085722,8,2.698068730533123,0.2412426973281942,0.0298657682513859,8,0.1832432530936785,0.0313718161511658,-0.0040905395148242,8,0.1007632838445715,0.0181141988125065,-0.0027175026445035,8,0.7456800448708236,0.0285170509238112,-0.0017713615206757,8,2.354797658510506,0.2608178129319804,0.0564258479246673,8,5.060174256563187,0.5438267236132586,-0.0197169504464017,8,18.62928587198257,1.568457964317293,0.3824007944878393,8,8.9791236105375,9.5813104572894,-1.6587169746957884,8,5.854572592261238,5.146163215590742,1.0,7.0,65.0,0.7693599793505568,0.5971042471042469,0.0733034938917291,D01,0.8036036036036037,0.6698798798798797,0.0648482898482898
BART_011,BART,15.842530369758606,0.329560743540287,-0.0399080389206268,8,25.272507935762405,0.659589980169958,0.1455726007459337,8,1.408996595069766,0.038733967476635,-0.0078136632402415,8,5.502225930802524,0.2159788629739187,-0.0276827045639724,8,0.0635382511471789,0.0416368967341641,-0.0100871665044526,8,4.745349767617881,0.3466570216733885,0.0679209301310784,8,0.3170113248634152,0.0315287587084908,0.0066568197273494,8,0.1767806182033382,0.0179823362749715,0.0038253467326049,8,0.846413285471499,0.0216490113493576,0.0041913609187683,8,2.726005917415023,0.1099700156606379,0.0210550860312971,8,3.47050891071558,0.231198772038191,0.0309137796955064,8,22.664867356419563,0.33450672427766,0.0562992572508156,8,19.988149734796025,2.5311934107683296,-0.4856029479113663,8,3.1411720117906192,2.332197614991482,0.9743954480796586,5.0,37.0,0.4984282558300321,0.1572072072072072,0.1497167997167997,D01,0.5207207207207207,0.2946546546546547,0.106086151086151
BART_012,BART,18.66199005395174,0.4459756578753822,0.061903780401789,8,26.678546220064163,0.6081155530156528,0.1420408375431737,8,1.2769395699724555,0.0147832023584692,0.0001564005417867,8,4.9879373498260975,0.2259493219135163,0.0267801728544202,8,0.01434269188303,0.0034998403067992,-3.085394347873533e-05,8,4.598654542118311,0.1476800122194925,0.0154247519107986,8,0.2512553787673823,0.0115370686002393,-0.0002614448881931,8,0.1395016346359625,0.0064574484669675,-0.0004533266169499,8,0.8241476248949766,0.0157768740826591,0.0027759745285381,8,2.7914737965911627,0.2036489760892266,0.0490307447221022,8,4.502990543842316,0.3679449476968885,-0.0357876402754358,8,24.897822201251984,0.3848139875382644,0.0576355819215918,8,7.687983090872876,1.3245854105419697,-0.1511157497144191,8,2.1233067957605125,1.7950310559006208,0.9477124183006536,3.0,17.0,0.7189728795932612,0.3423423423423424,0.2229452229452229,D01,0.6823423423423425,0.5154654654654655,0.0966528866528866
BART_013,BART,17.732843458652496,0.7528858604424236,-0.1585434878273054,8,25.299022555351257,0.1901258612055074,0.0459257304875626,8,1.2883400591090322,0.0495789508150162,0.011502171248232,8,4.972002875059843,0.6155208043220006,0.1463181135068763,8,0.0122163142668796,0.0081475226427996,0.0015366271506609,8,4.6590301636606455,0.5240363439135013,0.1221014322197174,8,0.2665338785154745,0.0415474530178331,0.0093508171401097,8,0.1444948408170603,0.0232781033116521,0.0052204347109834,8,0.8266881760209799,0.0405615028668551,0.0094352636490608,8,2.752211448736489,0.1877417053657454,0.0443754559544671,8,4.351302295923233,0.5684446017933537,-0.1167501553737689,8,23.51907311379909,0.2580045388474845,-0.0327207653989383,8,9.991237574606204,3.897191515995812,0.8573883197163497,8,1.4365013757341831,1.2620087336244543,1.0,2.0,17.0,0.6874135617308585,0.2027027027027027,0.3896318396318396,D01,0.701081081081081,0.350900900900901,0.2618075218075218
BART_015,BART,16.4566370844841,0.3829346965472431,-0.0412092501705518,8,23.01465085148812,0.4220189288708076,0.0995276355522394,8,1.2393217803910377,0.0247718271670187,0.0037439930428635,8,3.8403177801519632,0.3219152907040029,0.0511583333116279,8,0.0154423148683235,0.0066116632031109,0.0001879378666976,8,3.385162640362978,0.2379070628060959,0.0468611159509745,8,0.2068418926792219,0.0186837329059321,0.0033924951944349,8,0.1120474237250164,0.0105744294275125,0.001860320115913,8,0.7773797735571861,0.0297740385185582,0.005912900040075,8,2.603239097632468,0.1782711063947797,0.0426345878255878,8,4.41009808331728,0.3295483567271065,-0.0195748848130501,8,20.9205734282732,0.196065463381295,0.0310033985250656,8,6.730140214087442,1.8158598120354763,0.3130278101132649,8,3.1450551722399767,2.6253101736972706,0.9791859389454208,5.0,46.0,0.4482203685009779,0.1572072072072072,0.1497167997167997,D01,0.4804504504504505,0.2724474474474475,0.122063947063947
BART_016,BART,17.484175831079483,0.2532840516978698,0.00776047529793,8,25.92328484356404,0.5243879625012734,0.1280898850320526,8,1.286331725306809,0.0185595848069944,-0.0026805626610477,8,4.693552780896425,0.2182913798947369,-0.0146194762385181,8,0.0247530494930288,0.0080288956065397,-0.0015412870094415,8,4.107154957950115,0.1507861450708334,-0.0002351836975866,8,0.2420819300459697,0.0118860142723325,-0.0007056532371551,8,0.1349544389522634,0.0070754655406945,-0.0005293946787671,8,0.8118292414583266,0.0196996227644535,0.0027113202592381,8,2.6794550586491823,0.1705870006576507,0.0394804609091229,8,4.201449832879007,0.3034337589584404,0.0219818847048876,8,23.48009829223156,0.1185174600579537,0.0166380716226606,8,9.45209102355875,1.9664462463985235,-0.437303430069484,8,4.042195235055104,2.91566265060241,0.9646464646464646,6.0,22.0,0.6168556939279627,0.3770270270270269,0.0979004479004479,D01,0.5779279279279279,0.4054804804804803,0.1112782612782612
BART_018,BART,17.851226843893528,0.3599092271268317,0.0511989980970583,8,25.303028523921967,0.7836176573991762,0.1969577821353633,8,1.2724008848890662,0.0224029468649374,0.0038165044933039,8,4.678748372010887,0.3910293215716331,0.0803348216835759,8,0.0213049393269102,0.0039827405595393,-0.000134340230688,8,4.074961187317967,0.3746555402324306,0.0807528109187184,8,0.2312457934604026,0.0213528042163325,0.0040484968543717,8,0.1255055101064499,0.0107355980367304,0.0018886150735584,8,0.7977661290206015,0.0267198604063439,0.0052003810443372,8,2.6826630467548966,0.2001913271547883,0.0463979491232306,8,4.010562086477876,0.2901514048648746,-0.0485910929886242,8,23.190244764089584,0.5190203324811691,0.1260219020887708,8,8.02075535239419,1.350800137554992,0.2313316515420249,8,5.74945589887442,4.218978102189781,0.884108867427568,9.0,34.0,,,,D01,,,
BART_019,BART,12.862422928214071,0.3714683306440217,-0.0240895890416027,8,21.45461519062519,0.5097840715459986,0.127683989971289,8,1.3519518384709954,0.0183714549053065,0.0003848571507292,8,4.4232033509761095,0.1237974960389219,-0.0009912170063993,8,0.0201018215611838,0.0052529233042602,-7.373825889412607e-05,8,4.105860468000174,0.0755323416917379,-0.0016546193100209,8,0.3205446325009689,0.0134179280751306,0.0003328057964303,8,0.1808997804764658,0.0081336230922722,0.0002640179905561,8,0.8711796062998474,0.0141112674430409,0.0018967500696798,8,2.581501821987331,0.0945509314229112,0.0211683995805913,8,3.856730928644538,0.2269715644214824,-0.0174750592624326,8,19.25543169677257,0.232975585455143,-0.0004359033403363,8,26.82984383031726,3.1376751484741217,0.1175300439221834,8,5.231471428791501,4.190476190476191,0.9328591256072172,8.0,44.0,0.6052782747458639,0.3601673101673102,0.1420196081960787,D01,0.6354054054054055,0.3538738738738738,0.1333231033231033
BART_023,BART,13.771995313465595,0.2400750483661501,0.0217988950352541,8,21.94865630567073,0.5347944955495733,0.1191370228903318,8,1.4154522474855185,0.0354010096063669,-0.0076153436686459,8,5.200017049908638,0.2873827920789351,-0.0542965946440624,8,0.0615168636904854,0.0245229304870279,-0.0055822962662677,8,4.2706755716353655,0.1087845129077784,0.0111141730604967,8,0.3196523889200762,0.0109180302714797,0.0004941995027944,8,0.1790786974597722,0.0067155006556442,0.0003436256916643,8,0.864241580478847,0.0142590652433623,0.002121874270475,8,2.6682359110564,0.0656012408509889,0.0145858504646484,8,2.869958532974124,0.3555129040340657,0.0782888570880282,8,20.24104142189026,0.2086286181406254,0.0213749776157277,8,26.740010421723127,2.662096767270992,-0.56091753414995,8,2.592835301957294,1.7745750184774574,0.9192089206816748,7.0,49.0,0.5726437732976489,0.2375160875160874,0.1487591281708928,D01,0.5729729729729729,0.3588888888888889,0.143027313027313
BART_024,BART,18.65897459536791,0.2515571299372539,0.0342452775423662,8,26.2010834813118,0.775567509713748,0.185133142239249,8,1.352286810055375,0.0372303173598804,-0.0061532218756018,8,6.00063743442297,0.4895453074294761,-0.0697986478048569,8,0.0682423198850301,0.0224535223146018,-0.0041285038893399,8,3.96294884942472,0.218966163894329,0.0408325130217044,8,0.2197065496002324,0.0113087591652074,0.0016305289416857,8,0.1183914934808854,0.0063208976577671,0.0008769006830416,8,0.7931618145667017,0.0209236342405849,0.0038441622959987,8,2.74206380173564,0.1463744218475974,0.0330052734595461,8,2.7397703351452947,0.3667631896438367,0.0690790830678624,8,23.870873674750328,0.3183505521317064,0.074074672658087,8,13.16092093475163,2.1763202641341586,-0.3517773046934176,8,1.7547653506033232,1.6,1.0,2.0,32.0,0.6424859837434864,0.2837837837837837,0.3408759408759408,D01,0.654954954954955,0.4945945945945945,0.1411261261261261
BART_025,BART,15.644725307822227,0.5769500148894724,0.1139707646806436,8,25.068054854869843,0.6884315924301342,0.1615431759061846,8,1.346950013190508,0.0240025934063711,-0.0043613602982473,8,5.121527934446931,0.2146294988225693,-0.0212639445743306,8,0.0260666572203263,0.0064998436502409,-0.0013693714164606,8,4.627647530287504,0.1619555060732779,-0.0046569935347224,8,0.3050816936884075,0.0176435948078907,-0.0024289634760775,8,0.1678015538491308,0.0103713140195553,-0.0014905696767161,8,0.8631113981828094,0.0114071367806281,-0.0006404905596171,8,2.8178541716188192,0.0812145359207586,0.0170649262285453,8,3.6231342935934654,0.2600577229443374,0.0318786561713572,8,22.088305436074734,0.4533487398450518,0.0863333963298024,8,17.24082111986354,2.375124320362896,-0.4880930820171347,8,3.027042791456239,2.6133333333333333,0.9667487684729064,4.0,28.0,0.7028275248565675,0.2139639639639639,0.1796287796287796,D01,0.6874774774774774,0.384009009009009,0.0918629668629668
BART_026,BART,16.441469557583332,0.3046306595197967,0.0403320038581087,8,24.57464899122715,0.6720043376784299,0.165587974036693,8,1.420741337351501,0.0373417844636887,-0.0082111733761612,8,6.261087248101831,0.3133796428724198,-0.0661365568534247,8,0.0683663217241701,0.0263614523772605,-0.0063171762109937,8,5.046744477003813,0.1841711343522052,0.0303159331598536,8,0.3158893343061209,0.0139571135899982,0.0011892429836793,8,0.1697570713004097,0.0082025452075096,0.0005409099185366,8,0.8522018888033926,0.0134237067682527,0.0014846874044847,8,2.836815988644957,0.067083273924313,0.0148711527588745,8,2.6028059609234333,0.3188682095811972,0.0733601885695584,8,22.39937680959701,0.2927350075871373,0.0696268352406878,8,19.745550779625773,2.64971100466074,-0.5594858027312598,8,2.1327655699895685,1.6373937677053827,0.9722689075630252,4.0,34.0,0.6154242427955573,0.4009009009009008,0.1381670881670881,D01,0.6356756756756756,0.4734984984984985,0.1242570492570492
BART_027,BART,20.01419896632433,0.3591599462527147,0.0711100035857491,8,25.87821549177169,0.8407695717130104,0.2056766904519303,8,1.3218950191512704,0.0537289336112263,-0.0089299201809931,8,5.844041546806693,0.7396606297103574,-0.1082809554501452,8,0.0793866970998351,0.0296382423705833,-0.0053152093937785,8,2.9190770210698247,0.2534302491478977,0.0372525922617381,8,0.146845445560757,0.0126654657971631,0.001273372935224,8,0.076090153073892,0.0060574777871268,0.0007183696461683,8,0.7000199873000383,0.0231096341194746,0.0040833758900367,8,2.433373233303428,0.184065828689579,0.0406404268665634,8,2.7635715771466494,0.4047672780502692,0.069720471668492,8,23.83711075782776,0.4557666300650861,0.1131794079706539,8,8.876919494010508,3.0077342687497763,-0.4977730045295811,8,1.990457322403841,1.5990016638935107,1.0,3.0,31.0,0.5974407320452012,0.2567567567567568,0.2354772854772854,D01,0.6276576576576576,0.4738738738738738,0.1112069212069212
BART_028,BART,15.991117261350157,0.3436736286990827,0.0280733759820392,8,25.46085479855537,0.3944216425928675,0.0811602174199746,8,1.4388522850349543,0.0472389601034555,-0.0098026273200161,8,6.203358011320233,0.4401168905448889,-0.0790940038816677,8,0.0783929215904208,0.031642582123767,-0.0072050643969475,8,4.945477247238159,0.1789758094492421,0.0215957211729825,8,0.3182747639948502,0.0145711277960502,0.0010978503342661,8,0.1752388743334449,0.0084515438955146,0.0004997029107361,8,0.8481805669143796,0.0137872969133374,0.0016489762506368,8,2.782911956310272,0.063675607671374,0.0132796272618193,8,2.6155501333996654,0.4038916512829315,0.0872520835398937,8,22.52894696593285,0.2123079251117555,0.0386548553391652,8,21.072792645543814,2.7976714426222538,-0.510654555031488,8,2.330644402002197,1.814814814814815,0.909297052154195,4.0,21.0,0.6548786820449007,0.509009009009009,0.1169855669855669,D01,0.6582882882882882,0.5912162162162162,0.0821511121511121
BART_032,BART,15.942639388144016,0.6496247972357712,-0.1307089888897583,8,23.978800624609,0.3172410963538565,0.0789740616034798,8,1.310521561652422,0.0272039583224829,0.0045614418328706,8,4.866110464558005,0.2215854836661301,0.0246550496559706,8,0.0140570736693916,0.0053656742199427,0.0004371258344928,8,4.558953046798706,0.1649787218472654,0.0218389375461211,8,0.2864397829398513,0.0220525392355826,0.0040087213141893,8,0.1603007559897378,0.0132000552075102,0.0023797691129536,8,0.8491980559192598,0.0290070330606476,0.0057785702979371,8,2.68268096074462,0.1484257684010578,0.0328474422940511,8,4.3944607600569725,0.3938193165665676,-0.0484735774413735,8,22.256379455327988,0.179151804346543,-0.0227858335090539,8,13.548058218322694,3.2880325607760703,0.5816091567985843,8,3.891192858238453,2.9069561364643337,0.9509240088950234,9.0,81.0,0.6368547238618435,0.2898755898755898,0.1848271304927652,D01,0.6508108108108107,0.4681681681681681,0.095020605020605
BART_033,BART,16.32371212169528,3.462018077962573,0.4620977552782481,8,22.592006504535675,3.227536053136651,0.506058657017395,8,1.214404127560556,0.0719351313936938,-0.0034508280119365,8,3.249066128395498,0.5794612246722424,0.1145095574051176,8,0.0096650056457292,0.0056578230568914,0.0010088411107237,8,2.8854577215388417,0.3957052017750908,0.07212803338418,8,0.1909778238623403,0.073298386842364,-0.0059419392893006,8,0.1030299833510071,0.0415939325759858,-0.0040343207299605,8,0.7409252990037203,0.0529896307021592,-0.0012648602384266,8,2.4513286016881466,0.3226895490276906,0.0759161306353046,8,4.694459285587072,0.6351010437843734,-0.0392321910739359,8,20.51618566736579,3.281168090041434,0.449961083892599,8,12.097910119453443,24.936154532680963,-3.19222552161599,8,3.466530420310008,2.397163120567376,0.9430521091811416,7.0,52.0,0.5836682475504824,0.2622265122265122,0.1322040836746719,D01,0.614954954954955,0.4135135135135135,0.0956004706004706
BART_034,BART,17.474840112030506,0.2865551502520913,-0.0006386260582978,8,25.17796023190021,0.4887261706904099,0.1192081934607319,8,1.3017363445833323,0.0155640543568415,-0.0016524855172647,8,4.947138557210565,0.1807003720704674,-0.0141871862139375,8,0.0256835740476617,0.0086949388837521,-0.0018706957336441,8,4.379732545465231,0.1505110823267418,0.0174667268542536,8,0.2579762033419683,0.0123420609311326,0.0012063118979887,8,0.1419282955466769,0.0070018644843093,0.000701415404863,8,0.8241926357150078,0.0191307192924657,0.0034419651448657,8,2.7627911679446697,0.1164856300793125,0.0251036710769525,8,4.016608365811408,0.2318881295302692,0.0232557344011884,8,23.214841946959496,0.1923296679710005,0.0383907799648934,8,10.883003610302694,1.199382711627973,0.0024060261503794,8,4.710718770462289,3.9873997709049256,0.9836158192090396,7.0,59.0,0.4307612243695318,0.1688545688545688,0.1544096647037823,D01,0.511981981981982,0.2727477477477478,0.1201526201526201
BART_036,BART,15.31881394982338,0.9313857010555788,-0.2166820359810202,8,22.311161071062088,0.30626214865177,0.070254414548465,8,1.308251293376088,0.0595315740041538,0.0142274437642732,8,4.550161749124527,0.5587859764847838,0.131689019026375,8,0.0179516897542271,0.0065920034272623,0.0010426447595245,8,4.14430327154696,0.5498383251012633,0.1322491810088362,8,0.2759376953472383,0.0559097660825422,0.0133557975176734,8,0.1517926508677192,0.0328190352186777,0.0078378973160746,8,0.831016153562814,0.0542625077982433,0.0129144582185173,8,2.6688215155154467,0.119534879743447,0.0260683307262312,8,3.980508927255869,0.4755429745996135,-0.0948081550772192,8,20.67885647714138,0.1240777452517686,-0.0195839293171605,8,14.499546885723248,6.972188009408807,1.667451831543449,8,3.9798733601137934,3.028430160692213,1.0,6.0,70.0,0.4960362893547486,0.1639639639639639,0.1441481191481191,D01,0.5319819819819819,0.2807957957957958,0.1185287285287285
BART_037,BART,19.0710466876626,0.5079436880991125,-0.0808857776751247,8,25.11988191306591,0.2956571082942639,0.0671288951937873,8,1.211739850230515,0.0393182874523163,0.0083170186551255,8,3.955204699188471,0.6219802854776628,0.1331105304413571,8,0.0129420755961291,0.0057201034380748,0.0009223843793067,8,3.4073148109018803,0.4974596766965536,0.1118400192550822,8,0.1799245770089328,0.0312578872040966,0.0067832437565125,8,0.096892994857626,0.0155996774273103,0.0032637599126682,8,0.7490032124333084,0.0432499630805947,0.0093634884290802,8,2.569225143641233,0.2738829072271104,0.0641455922107431,8,4.53243606351316,0.6154315462076468,-0.1129203927233763,8,23.67349375784397,0.1949826383040475,0.0038370313953828,8,3.4614587718388066,2.264708530249058,0.5056827988546786,8,3.62741407871242,2.7818181818181813,0.9811463046757164,6.0,51.0,0.5752449097402654,0.2373873873873874,0.1248624498624498,D01,0.6018018018018019,0.3528528528528529,0.1032437632437632
BART_039,BART,15.807477124035358,0.3162944290991751,-0.0518519048895233,8,22.68653531372547,0.3816583161054574,0.0833056607086163,8,1.2796764560043812,0.0238612666589424,0.0027169959224665,8,4.250565553084016,0.3019796099512468,0.0326857923390829,8,0.0246105901087503,0.0081389739715843,-0.0008840282761151,8,3.589855061843992,0.2763224666214866,0.0585484259685248,8,0.2307798034744337,0.0220318828316613,0.004572391377272,8,0.1260084264795296,0.011669455130175,0.0023613844626946,8,0.7952382019720972,0.0299907206021027,0.0058887372935149,8,2.61470355372876,0.1664194714774396,0.0372143804871607,8,3.820767030119896,0.3952495022519817,0.0009448384630859,8,20.7648964971304,0.1064401659498872,-0.0017225774110813,8,10.323653002735227,2.3314912754040247,0.4532370435706364,8,4.015617004697733,3.3303457106274004,0.9811463046757164,6.0,51.0,0.4348261024291093,0.2644144144144144,0.1211128211128211,D01,0.4999099099099099,0.2982432432432432,0.1130830230830231
BART_040,BART,17.774822868406773,0.5301834783457705,-0.0934751229241991,8,24.8102445602417,0.4811503384629798,0.1157795794454952,8,1.2771309055387974,0.0299214729923862,0.0051117982469317,8,4.758607329800725,0.3849660087283643,0.0640093677462459,8,0.0198743107830523,0.0064916780365071,-0.0003935747779501,8,4.192261455580592,0.38529820222658,0.0861464914793487,8,0.2390908895758912,0.028642045513643,0.0062737728426986,8,0.1296634707250632,0.0164462640118959,0.0035714851384755,8,0.7991072623990476,0.0413312460809378,0.0087278961815881,8,2.734919523820281,0.1888435507726759,0.0425692775814447,8,4.008377971127629,0.246974681307843,-0.0091597074394568,8,23.13226954638958,0.207332327324596,0.0381526868285337,8,7.892597956117243,2.571099483048987,0.527844237420505,8,5.392348337879554,4.4916943521594686,0.9622781065088756,8.0,52.0,0.6002075649249813,0.2944980694980695,0.1545200427553368,D01,0.647027027027027,0.4319219219219219,0.1121607721607721
BART_041,BART,18.76911526918412,0.6245415486008402,-0.1260803240337349,8,25.97934900224209,0.570206092551108,0.141646153542838,8,1.2709493963047862,0.0368911768894961,0.0077850806806344,8,4.825814536772668,0.514999479194891,0.1072453155008555,8,0.0237980429274102,0.0076161793850304,-6.659504031806457e-05,8,4.165450635366142,0.5244965394281491,0.1168522040423346,8,0.2269504244322888,0.0369154751240596,0.0082263423907996,8,0.1206364063255023,0.0207525702938448,0.0045835927162785,8,0.7764410749077797,0.0459112739413293,0.0101361895975066,8,2.771619049832225,0.1803151341533721,0.0414335080363106,8,4.108294976875186,0.339081062392417,-0.0584137010995648,8,23.945659324526787,0.2206031052781256,0.0383707898240514,8,8.403537144535221,2.329040846491685,0.5008321271255302,8,4.333202523622043,3.6312900274473927,0.984623015873016,6.0,63.0,0.4713076601226743,0.2585585585585585,0.1228909978909978,D01,0.5163063063063063,0.2842042042042042,0.1145595445595445
BART_042,BART,17.989285945892334,0.5058231610271403,0.0950449637438441,8,23.95375852286816,0.630997123648442,0.1589366617512178,8,1.209456492215395,0.0164402766042965,0.0012461343134817,8,3.713076625019312,0.2752005445553725,0.0447284777844076,8,0.0091554178952719,0.00254485230993,9.00642984959638e-05,8,3.367003634572029,0.2145884665100631,0.03378984162871,8,0.1875331921619363,0.0131381740982547,0.0008771349643578,8,0.1023876621620729,0.007032143609516,0.0003079526473877,8,0.7658674591220915,0.0238485654680117,0.003727952516956,8,2.5576668065041304,0.2434701452267393,0.0518755775165171,8,4.924487641081214,0.3153702720401133,-0.0219380304579939,8,22.5060643106699,0.5217773275091763,0.1260042098002251,8,3.3506170358741656,0.9845319627372092,0.0342716138781861,8,6.4083380478413,5.243064729194188,0.9370158730158732,10.0,63.0,0.5120118346970655,0.1231445731445731,0.2685229108603722,D01,0.612972972972973,0.3166366366366365,0.1554600304600304
BART_044,BART,15.746309891343117,0.6601825266532904,-0.1462203711789287,8,22.047415554523468,0.3430196885384474,0.0773234908854284,8,1.3254156848415732,0.0514215210912103,0.0077610974084598,8,4.727566385641694,0.631450102289681,0.0909043194279333,8,0.0453937380025308,0.0190416996500233,-0.000713423836845,8,3.7312671709805727,0.4665225252948127,0.1116189888461578,8,0.2444670921540819,0.0392366894084782,0.0093629002880827,8,0.131138334661955,0.0216580487283489,0.0051050016752024,8,0.7946180668659508,0.0488264908870465,0.0112283960770414,8,2.6193881575018167,0.1812936683547201,0.0402983134377182,8,3.244530099444092,0.5303079123099169,-0.0535949822320998,8,20.505267843604088,0.125502197595854,-0.0093432164827614,8,13.452466731192544,3.849912362317576,0.7007325947617082,8,3.108677180898896,2.5654450261780104,1.0,5.0,70.0,0.4770435604499248,0.209009009009009,0.1387129387129387,D01,0.5205405405405404,0.2987837837837838,0.1266122616122616
BART_046,BART,19.95545418560505,0.4781599074667134,-0.0341484017609721,8,26.482300713658333,0.7842895732282611,0.1971154739240644,8,1.2208540048450232,0.0346523491118702,0.0049745940354027,8,4.316377464681864,0.5837024450877066,0.090407274309481,8,0.0112423943410249,0.0049706949223237,3.8445867022185406e-05,8,3.848132811486721,0.5320467829612506,0.0991315635165085,8,0.1946935408050194,0.0305217842833945,0.0052701404689447,8,0.1016499551187735,0.0164058698472596,0.0027369403462157,8,0.7518979534506798,0.0426288769693791,0.0080927474681085,8,2.767796330153942,0.1948827926300669,0.0454717452528855,8,4.587737845256925,0.4088876254140919,-0.0356226746998684,8,24.619983583688736,0.3413475426315371,0.0687857837279177,8,4.3328094478929415,1.7720629586187715,0.2435387883471327,8,4.778054111776654,3.764749813293502,0.9581450969970768,8.0,71.0,0.5086188527117704,0.2367117117117117,0.1620884062060532,D01,0.562882882882883,0.3149399399399399,0.1275937875937875
BART_047,BART,15.184381872415544,0.6865729483660101,-0.1543253738938173,8,22.47124809026718,0.4200656946930393,0.0869208680657909,8,1.3001315342262387,0.0368409060934658,0.0071720072129786,8,4.340951709076762,0.3729081360542496,0.0673517113592505,8,0.0242709371341334,0.0096979267297907,-0.0002954738722967,8,3.845371551811695,0.3443006826799657,0.0805992104225335,8,0.2578500165836885,0.0341548572720895,0.0080154601059344,8,0.1428964773658663,0.0198480657408704,0.0046491084311714,8,0.8179384237155318,0.0446968701704296,0.0103511882045868,8,2.5960807241499424,0.1841446909625823,0.0409203236307495,8,4.031265586614609,0.3868687419561271,-0.0497232445559938,8,20.607204020023342,0.1645107920334179,-0.0179770542600063,8,13.893688409822062,3.789647889679981,0.8138830937199113,8,4.155247042979558,3.377855887521969,0.9853153586904188,7.0,62.0,0.5688863657274771,0.2612612612612612,0.133913913325678,D01,0.5915315315315314,0.3752852852852852,0.0916501216501216
BART_050,BART,16.265318289399147,0.2963990251403439,0.0494637485174839,8,23.5586006641388,0.6091001064903615,0.1494841293830031,8,1.3377754371613264,0.0337952587853631,-0.0078956853093305,8,4.998579001054168,0.2792878081736013,-0.0594297276069501,8,0.0429928124731304,0.0222742462534734,-0.005498790499002,8,4.300705699250102,0.0966907861702628,0.0048893004103303,8,0.2718506223754957,0.0086824328980701,-0.0002205999706238,8,0.1506493000779301,0.005617906474275,-8.525469298296427e-06,8,0.8311887914314866,0.0157182447681319,0.0024870764356223,8,2.71268692240119,0.1185277657657698,0.0251311656014253,8,3.68144388217479,0.3747251734163008,0.0857671784584519,8,21.968519881367683,0.2852671835292144,0.0690360065130894,8,13.888682715129107,2.059141493967855,-0.4614632334322738,8,3.801823482278934,2.5101271785209613,0.9729780446612872,8.0,73.0,0.593627429508048,0.1828828828828828,0.1861919523684229,D01,0.5756756756756757,0.4006906906906907,0.1004278954278954
BART_051,BART,15.61231842637062,0.3714918420743902,-0.0630687355028243,8,23.30910025537014,0.8552189463980323,0.2123944639192671,8,1.288520731031895,0.032465815825153,0.0059320471516075,8,4.334033222869039,0.3900877104792896,0.0676623582321964,8,0.0206249560653759,0.0071253750919809,-0.0003612206111257,8,3.821428885683417,0.3656335428620581,0.0835477030670932,8,0.2492760620079934,0.0309553229992438,0.0069781051924924,8,0.1365155021776445,0.0173610926610398,0.0038832808663444,8,0.8146714619360864,0.033688726579724,0.0073317844951622,8,2.6578494822606444,0.1700831053083195,0.039061625363998,8,3.893470112234354,0.3728251817790675,-0.0352613164472414,8,21.04399737715721,0.2846236196927432,0.0624679648862376,8,11.570776732172815,3.2333967509238897,0.6797957230372266,8,5.088495833711336,3.745709828393136,0.940430226144512,9.0,49.0,0.4585018654565378,0.2097597597597597,0.2140607347263694,D01,0.5275675675675676,0.3189339339339339,0.1421378621378621
BART_070,BART,18.58694638311863,0.3722457060443346,0.0213296041842269,8,25.734083592891693,0.7825363463841376,0.1956919590540031,8,1.257224247790873,0.027465761620334,0.0002401988879968,8,4.649434110149741,0.3990269835371026,0.0156475091277517,8,0.0207688430309644,0.0084527674477109,-0.0005958171699359,8,3.966791870072484,0.2276569753121517,0.0275475291809367,8,0.2142528188414871,0.0152537702013383,0.0012119406853669,8,0.1165074260788969,0.0089965241667729,0.0007136822570231,8,0.7876563314348459,0.0239541618573121,0.0038825272995792,8,2.730637978762388,0.1371516247097379,0.0326902157392866,8,4.087592555209994,0.3705959370288157,-0.0009465595558372,8,23.78069043159485,0.307760307496442,0.0732083204585458,8,5.8627824819413945,1.5586563901773531,-0.0027549405434403,8,3.724927657627594,2.8613861386138613,0.9861226180613092,7.0,68.0,0.5521386483912674,0.2256756756756756,0.1475758519876167,D01,0.5465765765765765,0.3488438438438438,0.0989273689273689
BART_071,BART,14.26011198759079,0.5254783163858905,-0.0745206022870361,8,23.593403711915016,0.8341199235264276,0.2025643716958003,8,1.3678656704723835,0.0280872796960832,0.0042900453091772,8,5.148837313055992,0.234898331450863,0.0377130023573945,8,0.0117892042613902,0.0043577247378875,-0.0002669860290476,8,4.966223591938615,0.2197336648320763,0.0433373633741918,8,0.3504466001177206,0.0263285606621742,0.0046823239212948,8,0.1961972272838466,0.0170297939371491,0.0031865616760681,8,0.8792282384820282,0.0228061552274373,0.0046158991581388,8,2.6098318826407194,0.0888191306750132,0.0177620460612749,8,4.406310301274061,0.4626553094783415,-0.0047713923219457,8,21.18326546251774,0.3236420950364774,0.062087254203761,8,23.22565457224846,4.780975387580939,0.9901239173022788,8,4.354791583495982,3.1425178147268413,0.9052711993888464,10.0,63.0,0.623381346891498,0.3367653367653367,0.2005293338110675,D01,0.6427027027027026,0.4468918918918918,0.1097053597053596
BART_072,BART,17.031990125775337,0.574726252265713,-0.1096336345683658,8,23.93932630121708,0.5934085864824987,0.1416391631543014,8,1.247962936758995,0.0475325244272953,0.0106201589729114,8,4.088294573128223,0.6194572116914072,0.1380433465072481,8,0.0132417602303576,0.0056045703155175,0.0009427146247123,8,3.72539842966944,0.5453913349187635,0.1263280409115214,8,0.2220315113081596,0.0409829188910934,0.0093690954285823,8,0.1195041135069914,0.021748523244288,0.0049300755175566,8,0.7807429363019764,0.0444652706151894,0.0099751798615187,8,2.64628304541111,0.1945886547531369,0.0445412024423946,8,4.624194774776697,0.5999293905585666,-0.1168225300201535,8,21.98476167023182,0.2160856485354231,0.0416472625345647,8,7.120475325966254,3.6097058242453466,0.8249490586317739,8,3.411378401997964,2.9574036511156185,1.0,4.0,54.0,0.4825671802280604,0.1576576576576576,0.192106842106842,D01,0.5385585585585585,0.2755255255255255,0.1037289887289887
BART_073,BART,15.705799721181393,0.465070748003207,-0.0839566654705918,8,22.08275859057904,0.5673112722865744,0.138716232320801,8,1.256505016237497,0.0419024965172389,0.0088389681291745,8,3.8926922837272286,0.5423276299520183,0.113202147841937,8,0.0195532979159906,0.0081219917255735,0.0006677524740351,8,3.341801218688488,0.4502826155384779,0.1057854480566597,8,0.216358961770311,0.0347309448506827,0.007961267670174,8,0.118651000666432,0.0190360357900566,0.0043069396550019,8,0.7847051536664367,0.0449081315834006,0.0099976433231684,8,2.548332506790757,0.2172475262767917,0.0516099575669574,8,4.129099542275071,0.5823098367783406,-0.0957460606326095,8,20.16983990371228,0.1926745624739761,0.0329081853322883,8,9.0854021795094,3.4796608392014035,0.7734042460990256,8,3.8573410762035225,3.2666666666666666,0.9645702902675014,7.0,84.0,0.4944581200980588,0.1874517374517374,0.1537501890443067,D01,0.5468468468468467,0.2843093093093092,0.1109415959415959
BART_074,BART,16.28005013614893,0.4754273238902055,-0.0804491771745516,8,21.84345489740372,0.4093550634257252,0.0821059034707786,8,1.2576661799103022,0.0327698779884386,0.0054682482331818,8,4.010035550221801,0.4350087655962399,0.0691498968132953,8,0.0228986581028038,0.0078572628676322,-0.0001557390271787,8,3.360480124130845,0.3296785626499069,0.075277903696753,8,0.2104876321973279,0.026210012067292,0.0058889543067832,8,0.1118897606793325,0.013881124260968,0.0029622329404925,8,0.7570652649737895,0.0347539784144038,0.0070261193842973,8,2.5505696339532733,0.1761839435915528,0.0383676408529972,8,3.9055522540584207,0.4586423772898296,-0.0482408553102892,8,20.49195441603661,0.2172929941802721,-0.0229678515901709,8,8.301338532357477,2.4283574758449364,0.4632259244703594,8,2.513064910615954,2.0564174894217206,0.9636488340192044,5.0,54.0,0.5048567795046911,0.2301801801801802,0.1419530919530919,D01,0.5525225225225225,0.3096846846846847,0.1490717340717341
BART_075,BART,17.117683969438076,0.5350795615158412,0.0731096720087707,8,24.000330209732056,0.8412372669075711,0.2053191880085791,8,1.271203950047493,0.0179266770415023,0.0024623665721225,8,4.496359691023827,0.3207928720023998,0.0664064584435897,8,0.0170537717167462,0.0045530426331774,0.0005646624371637,8,3.967033794149757,0.2338586342101413,0.0473843026789701,8,0.2360243508010171,0.0148335425547559,0.0012663727208566,8,0.1291883407684508,0.0082923263135833,0.0004470223975869,8,0.8042133250273764,0.0224075753216757,0.0037688935868364,8,2.6961165722459555,0.1649191233905343,0.0374422095292965,8,4.251271326094866,0.3263779366305804,-0.0622046341556248,8,22.279525935649872,0.5371579867971127,0.1025626850017667,8,9.404075447935613,2.3907627323753444,-0.1059140078637097,8,3.6805243946302255,2.9575191163976213,1.0,5.0,59.0,0.4711039368218757,0.231981981981982,0.1339094839094839,D01,0.4982882882882883,0.3155555555555555,0.0998521248521248
BLAN_036,BLAN,7.311824927727382,1.048839969895054,0.2916861431939261,6,13.852911993861198,2.1924782620128886,0.5601293120001044,6,1.5459515924255054,0.0387288494718378,0.0016994013317993,6,3.594420585781336,0.558290938819309,0.1628741615318826,6,0.0704474873115638,0.0156830967992947,0.0020441897495402,6,3.185999071846405,0.4887581982199507,0.1436138039987002,6,0.4582285219803452,0.027750641953343,-0.0010134642943739,6,0.2529574502259493,0.0166545922360218,0.0001813971071637,6,0.8717433071384827,0.0325741050130569,0.007510146126151,6,2.0489512191464505,0.2097158713282586,0.061190640553832,6,1.9993111612275245,0.1938720908137489,0.0125331084709614,6,12.016239722569784,1.5134887600057736,0.4453567122774465,6,73.10528761148453,10.644372846292663,-3.013695020760809,6,1.2507183622782252,1.1245136186770428,0.9477124183006536,2.0,17.0,0.8741501384794068,0.6875,0.1166666666666666,D02,0.8594444444444445,0.6527777777777778,0.1387037037037037
BLAN_037,BLAN,0.99324244633317,0.2954214341959568,0.0202771592885255,3,0.6610835486402115,0.6658275194210224,0.0704374479994709,6,1.8466894030570984,0.1850916253076137,0.0238033832449998,6,0.1497256987107297,0.2202288501339253,0.0220622831090752,6,0.8406081077021857,0.2463436860146687,-0.0188209285760032,6,0.1770898710625867,0.041481282991483,0.0089586648446995,3,0.182413256727159,0.0393695709580717,0.0042732830292412,3,0.10169700670263,0.0156670584903362,0.0013022922064429,3,0.4831403261671463,0.2391824370424093,0.0431950391491963,3,,,,0,0.0,,,1,1.2720112481878862,0.2847601454622652,0.0406749226034633,3,100.0,0.0,0.0,6,,,,,,,,,D02,,,
BLAN_038,BLAN,0.7862380636139559,0.177089403128025,0.0166845963551448,4,0.6288695210823789,0.4293314329674052,0.063850906839694,6,1.867897915343444,0.0844167653911523,0.0145890546430434,6,0.1239904375009549,0.1489455334775606,0.0251578867235886,6,0.8758583601253728,0.1522693391642622,-0.0264939168035718,6,0.1518705817799155,0.0850424978201254,0.0041563912267513,4,0.1784956672801994,0.0777416772546374,-0.0002547877844109,4,0.101817591015536,0.0404850190980722,-0.0006001274572214,4,0.6908759932296399,0.1797934064548108,0.0258106127014902,3,,,,0,0.0,0.0,,2,1.0354836877148883,0.336992991377253,0.0237584471593409,4,100.0,0.0,0.0,6,,,,,,,,,D02,,,
BLAN_039,BLAN,0.6758129026740789,0.1687476014069515,0.0312559799779029,4,0.5791982266431054,0.5164120811679648,0.1011888940452731,6,1.8579059119025867,0.1242900815638857,0.0224968147064958,6,0.0927604713166753,0.1895005387527346,0.0394038816676974,6,0.9062249315902592,0.213048508499081,-0.0451601074143712,6,0.0864465145161375,0.0546482199506417,0.0076757392491258,4,0.1184497603913769,0.0455914261363242,0.0037985216560108,4,0.0682917550788261,0.0190572595724001,0.0014743825110296,4,0.4005974335595965,0.2958028238741101,,2,,,,0,0.0,,,1,0.8082238212227821,0.2816674492554735,0.0460552519985607,4,100.0,0.0,0.0,6,,,,,,,,,D02,,,
BLAN_040,BLAN,1.0706506967544556,,,1,0.472645426595894,0.6967499768534988,0.0123524454081364,6,1.8205432631075384,0.0732373654838152,0.0037479605525732,6,0.0846741025646527,0.2074083457114877,0.0090722252747842,6,0.9100706501243016,0.2202810200956831,-0.0096352874866819,6,0.2568084597587585,,,1,0.2408899450674653,,,1,0.1344642243348062,,,1,0.7156244534999132,,,1,,,,0,0.0,,,1,1.5192456096410751,,,1,100.0,0.0,0.0,6,,,,,,,,,D02,,,
BLAN_041,BLAN,2.398716357226173,1.024508961529088,0.2896435937312033,6,4.547974146902561,1.5921413090001029,0.4484501562214323,6,1.544787734746933,0.168588360938924,-0.0442326003685593,6,0.9950944217853248,0.2545537273125729,0.0715796341288036,6,0.205459853207382,0.147468382413692,-0.0383258183002388,6,0.7584271496549869,0.1905436892206732,0.0548538055362379,6,0.3382669916997353,0.0608712845441915,-0.0158677052906049,6,0.1880588683610161,0.0325211425395001,-0.0085537636519542,6,0.7515875768537322,0.043376882955631,-0.0085418393170194,6,0.7471067706640396,0.23575492449962,0.0612248298301849,6,1.072108404070903,0.957348826980108,0.2623303035222976,6,3.6616898166636624,1.2980997347967174,0.3707529073581099,6,100.0,0.0,0.0,6,,,,,,,,,D02,,,
BLAN_042,BLAN,0.9271501227310208,0.4979246520933691,0.0868083181448313,3,0.8159500809075931,1.0505217328877154,0.2097663249920255,6,1.7764655848344166,0.1554384793903265,-0.0113180379516312,6,0.1293539213947951,0.2514815201643686,0.0495198350316578,6,0.8447469241242894,0.3384322409210369,-0.0694029196526701,6,0.2211974781034796,0.2481595315550549,0.0404790400583861,3,0.1928009989332746,0.1301280905405271,0.020467531872768,3,0.1087707939331956,0.0725591425862296,0.0111054965175962,3,0.51112757747372,0.3354017632445893,,2,0.3945077359676361,,,1,0.3152351729571819,,,1,1.2930277492963906,0.9525147975409176,0.1571983619685812,3,100.0,0.0,0.0,6,,,,,,,,,D02,,,
BLAN_043,BLAN,1.448320135474205,,,1,0.5299173114278043,0.8110950227657103,0.0154136055498383,6,1.7598781697452068,0.1106713001543643,-0.0064086961959089,6,0.0993409811635501,0.2414947069505845,0.0103427021302715,6,0.868673249729909,0.321476721360383,-0.014037058127412,6,0.2697087423875928,,,1,0.1891957372426986,,,1,0.1068313578143715,,,1,0.3083896753378212,,,1,,,,0,0.0,,,1,1.8513683453202248,,,1,100.0,0.0,0.0,6,,,,,,,,,D02,,,
BLAN_044,BLAN,3.500867255652944,2.423205438298451,0.6279944942465852,6,5.408470744887988,3.076372515813917,0.7946289043341365,6,1.4773099459707737,0.3199602345259434,-0.0719991116119282,6,0.8879818354422847,0.3246107788427252,0.0813600534706243,6,0.2404084204445098,0.2707499851222738,-0.055553278869086,6,0.7072322439247122,0.2476175770802622,0.0607972929969297,6,0.2631047947021822,0.1182193576242705,-0.0304390846452276,6,0.1428331373026594,0.0647433400389151,-0.0167781019866067,6,0.636609417018998,0.0947217568823743,-0.020145116472018,6,1.067218147094051,0.3261821744760749,0.0821544094144233,6,2.401113666212118,2.40866577770181,0.5372192307807588,6,4.679503937562306,2.7607491592716285,0.7105921453663282,6,99.72759866714478,0.3591086652588318,-0.0953621779169355,6,2.0,2.0,0.5,2.0,2.0,,,,D02,,,
BLAN_045,BLAN,0.7316688580645455,0.1869304607958195,0.0345803975163261,3,0.4771262746459494,0.394924606256318,0.0517011623596772,6,1.843309593697389,0.1014633339446266,0.0256161238732082,6,0.0955854746280238,0.1893028163409806,0.0362172202772594,6,0.9134027867888412,0.1866303843317812,-0.037972853618807,6,0.0908921018967198,0.0098683062621448,0.0001693590699384,3,0.1258522397838533,0.021743708990037,-0.0047814820503785,3,0.0711727017381538,0.0142062975168241,-0.0031007745658184,3,0.5589388757944107,0.3965316910581664,,2,,,,0,,,,0,0.8736546677019862,0.1918832078356203,0.0336812928603972,3,100.0,0.0,0.0,6,,,,,,,,,D02,,,
BLAN_046,BLAN,1.2706784482631417,0.4218926549765031,0.0355895145175357,6,1.4169161481161912,0.8135085206669361,0.1934298655084733,6,1.9181477663417656,0.2678698673336421,0.0160958432991589,6,0.3163109361873163,0.2343762489011217,0.0497854719402052,6,0.7878607865714002,0.2489240738030761,-0.0402938223986504,6,0.5455198234475647,0.3198404793359909,0.0061533298280856,6,0.3439230892256582,0.1527862255585577,-0.0087669387116844,6,0.186655144049834,0.0791250026488484,-0.003772475650842,6,0.7439382863334484,0.1759442250185436,0.0273433788635191,6,0.9870560829838118,0.5301305156117037,0.1076318712734719,5,0.2636771811586287,0.2242137558189598,0.0282602948690986,6,2.257828117528605,1.0745732831202062,0.0467910133783711,6,100.0,0.0,0.0,6,,,,,,,,,D02,,,
BLAN_047,BLAN,7.702651201436917,0.5309217829097538,0.1159544583143932,6,13.920598049958548,1.300641741788295,0.3844337466039828,6,1.595968541999658,0.0779176508820539,0.0067583394369908,6,3.7376840518166623,0.5816414126778144,0.1519892136566341,6,0.1178930955071943,0.038939504815579,-0.0048884447706508,6,3.361129004508257,0.551367056591383,0.1507050483487546,6,0.4523508305040498,0.0591955049135955,0.0129392961472538,6,0.2482815855182707,0.0332183858925739,0.0073371339988495,6,0.8499041019628445,0.0257411191487321,0.0069961043606911,6,2.011255400885074,0.1252257595113364,0.0306952822921785,6,2.134826877464851,0.4068537837106834,-0.0592264426023965,6,12.30128343651692,1.1407043385296884,0.3340013226760285,6,63.99086852868398,4.7200169475700005,-1.0785896416221348,6,2.208636317342514,1.986206896551724,0.9616666666666668,3.0,24.0,0.8914738957804138,0.8541666666666666,0.0323412698412698,D02,0.8750000000000002,0.7907407407407407,0.0624911816578483
BLAN_048,BLAN,17.542880127827328,0.8538320100907013,-0.1407513522676059,6,29.478064835071564,0.7008286869388517,0.1545954410518918,6,1.499671748528878,0.048717896283665,0.0069215843187911,6,7.7608813891808195,0.2735934852964589,0.0384609470410006,6,0.0177199332799015,0.0079255721160558,0.0011158120959667,6,7.554399564862251,0.2572462825077539,0.0274041619684015,6,0.4775408757850528,0.0461042725449291,0.0054514872941321,6,0.2524704017365972,0.0215150688297357,0.002358184154478,6,0.8328263660271963,0.0258929346963516,0.0063595752497868,6,2.639400353034337,0.0969601103110656,0.0255786797830036,6,3.3621076308190823,0.3247117918433587,-0.0220274942527924,6,27.25561304887136,0.4876408838037516,0.0536546153681618,6,28.303062533959743,4.047811554854595,0.9882275013120048,6,3.369922186199325,3.0,0.8024691358024691,4.0,9.0,,,,D02,,,
BLAN_049,BLAN,0.7898892346946966,0.2330944111966976,0.0336497986440566,3,0.5941182315194359,0.6342041745293482,0.050790720810515,6,1.88309009373188,0.0758631245752009,0.0172379285629306,6,0.110098971442009,0.1922613338431378,0.0219436166018048,6,0.8971526410120229,0.1908946512686381,-0.0203773232476253,6,0.1523667466161506,0.1252570033049025,0.0131299832707109,3,0.1736019917630723,0.112378553082383,0.0130291562843675,3,0.0959178413752289,0.060672222655576,0.0067525541145939,3,0.6454120852053166,0.1681328961269604,,2,,,,0,0.0,0.0,,2,1.0585476933490665,0.4828887566269874,0.0577760468775829,3,100.0,0.0,0.0,6,,,,,,,,,D02,,,
BLAN_050,BLAN,4.121348743637403,3.140296808422564,0.8535538274528726,6,6.594560819988449,4.061091384588435,1.1210861003824644,6,1.5356299926837285,0.3555780930959717,-0.0875950632616877,6,1.089223720288525,0.5459230932281454,0.1570236865996516,6,0.2874870019343992,0.3030534955317127,-0.0799950037522389,6,0.9548009787492144,0.4475619022026892,0.1309582907893595,6,0.3074730948234598,0.1369880431501371,-0.0312192461403485,6,0.1649103229089329,0.0710478031164986,-0.016116903346431,6,0.6961668305781298,0.058952030531897,-0.004690500142658,6,1.2890061943067446,0.5227144771309359,0.1526639657095074,6,2.591736827319902,2.6923942129730216,0.5821225978173538,6,5.664691235870123,3.637526858253101,1.008080161043576,6,98.4192791779836,3.207289116387785,-0.7632883872304644,6,1.0,1.0,1.0,1.0,19.0,0.9553571428571428,0.875,0.0416666666666666,D02,1.0,1.0,0.0
BLAN_051,BLAN,1.6000846922397614,,,1,0.5445310636423528,0.8958699078607851,0.0184669988146717,6,1.7435290031135082,0.1315629632643035,-0.0027631696845803,6,0.1067617641141017,0.2615118461189293,0.0114387604407966,6,0.8622735913377255,0.3373594253286056,-0.0147564009281008,6,0.2600217051804065,,,1,0.1627287669107318,,,1,0.0913022351451218,,,1,0.2510736677795648,,,1,,,,0,0.0012165050720795,,,1,1.9618169963359835,,,1,100.0,0.0,0.0,6,,,,,,,,,D02,,,
BLAN_052,BLAN,4.17391220976909,2.95035476544968,0.8039442212320865,6,7.31087554867069,4.115083107623795,1.142551792386387,6,1.573055226355791,0.3577649443540214,-0.0904375010036996,6,1.2603777687375743,0.4760120528004468,0.1392342015502176,6,0.2531193184428654,0.2549350223162253,-0.0670942188485891,6,1.0515267836550872,0.4181744359004494,0.1231230388595057,6,0.3327823467552662,0.1439307749540134,-0.0341478898522577,6,0.1824074142302076,0.0776990357883117,-0.0183021015088473,6,0.7391039123758674,0.0694702808895876,-0.0088670031566705,6,1.2824025131052448,0.5024039051202485,0.1326118224509516,6,2.236071190473616,2.21639995335712,0.5650313379993533,6,6.038438905030489,3.5112160953867164,0.975310408643314,6,98.19017259279887,2.8508643410460373,-0.7552635925156731,6,3.216463455324144,2.7777777777777777,0.82,4.0,10.0,,,,D02,,,
BLAN_053,BLAN,2.629519758621852,1.3933475839942453,0.3857928288923133,6,4.561147415389617,2.12592962390396,0.5807889914140106,6,1.572943518559138,0.2319772694386381,-0.0594807504011052,6,0.875273141078651,0.2695645695744675,0.0752065280518893,6,0.2494777984320535,0.1894562419311567,-0.0497025995971073,6,0.701655906252563,0.223226686772389,0.0631267007285108,6,0.3060002192958361,0.0623196842388942,-0.0151489575537631,6,0.1707688914249754,0.03416830227241,-0.0082861994565021,6,0.7183994926748767,0.0513905416384839,-0.0057941572189483,6,0.7629581823324164,0.3715135957024035,0.1027524353869791,6,1.539208329390161,1.5321719321071652,0.3876286864979192,6,3.79296777335306,1.6543355770348147,0.4621551446749696,6,99.99980847040813,0.0004691497707452,-2.052102770124163e-05,6,1.0,1.0,,1.0,1.0,,,,D02,,,
BLAN_054,BLAN,0.8166804019184339,0.3228407992444581,0.0472381417037678,3,0.7291345906754335,0.8346110368578961,0.1354848582996055,6,1.817847527563572,0.2238751907113194,0.0074179481182779,6,0.1318217046015585,0.2207954651898618,0.0308489895874767,6,0.8328485928456454,0.3039626702542528,-0.0498174779859255,6,0.1821993828440705,0.18220863205159,0.023413757837954,3,0.1879397108263912,0.130405039157433,0.0115793161410965,3,0.1072333126461931,0.0702212317683347,0.0065876121385669,3,0.5868324403251921,0.2704905727140667,,2,,,,0,0.0031195158759752,,,1,1.130000695231415,0.6581680631683641,0.0888198205605656,3,100.0,0.0,0.0,6,,,,,,,,,D02,,,
BLAN_055,BLAN,1.491858572980005,0.7445837205659465,0.2149793659653641,6,2.798898036281268,1.743423058578048,0.5009127710280674,6,1.7745201227565606,0.1673218052759292,-0.0360379961452313,6,0.603679489538384,0.366817197116895,0.108228834865648,6,0.5242174520002058,0.2923281551033441,-0.0830704822760058,6,0.4357866488788868,0.2467896172778318,0.0719779471397165,6,0.2784287962352945,0.0462838103806435,0.0128495121702589,6,0.1535867640567529,0.0261242197407211,0.0072536277487718,6,0.6792065415700729,0.0728596754856777,-0.0008590967944738,6,0.5541533189160482,0.1298340068989932,0.0612948617109885,3,0.3976794925854645,0.4500673747694367,0.1274580087296531,6,2.21981084095462,1.1458730881939054,0.33168846471742,6,100.0,0.0,0.0,6,,,,,,,,,D02,,,
BLAN_056,BLAN,2.2680484785387915,0.7660030829770954,0.1188693534050669,6,2.623590544021378,1.086792946023765,0.2792069549239906,6,1.886249280224244,0.2076470233652775,0.009004643586065,6,0.5698415309501191,0.2464572587589618,0.0597859662125951,6,0.664220390356301,0.2269003635373437,-0.0254056900261535,6,0.7700454672831776,0.2609622118495663,0.047916831158111,6,0.3402593171490091,0.0522258282622325,0.0038246210769046,6,0.1881658735263738,0.0274022426513643,0.0019116006820101,6,0.7600726268416832,0.0839142211068596,0.0167222529389977,6,1.180879827340444,0.1841969001869875,0.034557379628353,5,0.8082642187312659,0.5533662621242278,0.0901025564049459,6,3.477857010793828,1.084805333325892,0.1972380554189487,6,99.8131152788798,0.2723049708937587,-0.074495724269322,6,,,,,,,,,D02,,,
BLAN_057,BLAN,3.20623386444317,2.6240781856646427,0.7140099589402477,6,4.385083230522771,3.3121357103496942,0.90135271298433,6,1.4984032399952412,0.3382535117634558,-0.0824755683009113,6,0.7023986331963291,0.4679871629187551,0.1295730363760542,6,0.3825960200996026,0.3974570068073568,-0.0996574216894065,6,0.5053653672932544,0.320607555059973,0.0894376184112237,6,0.1982406175591879,0.0705702124217128,-0.0168276254126491,6,0.1089159621158614,0.0416048236518701,-0.0103194453246292,6,0.5891388932725897,0.0842380389044587,-0.0120145264894716,6,1.254773821681738,0.2893922155493669,0.136769101023674,3,2.1775340667615333,2.37246984231295,0.5414305180976434,6,3.91751795295212,2.945265337487851,0.8030834664368913,6,99.99988881746928,0.0002723404685778,-1.1912414005824498e-05,6,1.9378192408783848,1.8823529411764703,1.0,2.0,8.0,0.9907407407407408,0.9375,0.03125,D02,,,
BLAN_059,BLAN,0.846470157802105,0.3068852116308775,0.0435391040962366,4,0.9851718166222176,0.8761900383545063,0.1633121887155409,6,1.8839347052077453,0.3793537107824868,0.0094929676769035,6,0.1961456018228394,0.2204789994150477,0.0259005766565678,6,0.7538927197262334,0.3548507753216393,-0.0422869712617414,6,0.1900619729422032,0.1335549064989036,0.0165343744946377,4,0.2062169912736862,0.0736092727291152,0.0045697628298685,4,0.1157332742353901,0.041937987748896,0.0023149485101125,4,0.455019239258642,0.1901809125352307,-0.0076770425685459,4,0.0,,,1,0.0028988549020141,,,1,1.1767104424536228,0.5455600489097808,0.0738856363154593,4,100.0,0.0,0.0,6,,,,,,,,,D02,,,
BLAN_060,BLAN,1.428509086370468,,,1,0.504388507300367,0.8196507682724686,0.0155453052388371,6,1.7628521050016086,0.1289679356099234,-0.0029785158112645,6,0.0945858002329866,0.2316869474836394,0.0101341928821057,6,0.864070448364752,0.3329580424716563,-0.0145638805323479,6,0.2896596081554889,,,1,0.2048728866502642,,,1,0.1171770393848419,,,1,0.4480753634124994,,,1,,,,0,0.0,,,1,1.868614174425602,,,1,100.0,0.0,0.0,6,,,,,,,,,D02,,,
BLAN_063,BLAN,20.379449516534805,0.6477018467895658,0.0133713941488947,6,31.812050938606266,0.775812618915243,0.1590486275298255,6,1.426516331732273,0.0172007128683474,-0.002482342267675,6,7.7638788769642515,0.1487680996665238,-0.0008930398949554,6,0.0226062762715931,0.010938322097913,0.0029213883021189,6,7.357121283809344,0.2856143732154714,-0.0709548874625138,6,0.3948363905462126,0.0273072406222096,-0.0071870369803426,6,0.2061782168069233,0.012834093980669,-0.0030066155179935,6,0.817978118856748,0.0291566675210515,0.0073311688777591,6,2.7739588109155497,0.2306591780780349,0.0643470312601753,6,3.4697619328896203,0.4228552974245119,-0.1074876907680715,6,29.12842228015264,0.598827620922389,-0.0430787631443568,6,18.772502684344847,1.5105095417827756,-0.374182621948421,6,4.10892430380254,3.033613445378152,0.9052631578947368,6.0,19.0,0.9251549124280264,0.7083333333333333,0.1201388888888889,D02,0.9200000000000002,0.7356481481481478,0.1012566137566137
BLAN_064,BLAN,0.7740549212055547,0.2492553073023411,0.0150530550360453,5,0.6034768503159285,0.5380835723093087,0.0683931235772823,6,1.8623669669032097,0.1515730389210374,0.0309703922165291,6,0.1306163656408898,0.203021051867442,0.0269303585914063,6,0.8760858559980989,0.2039395749435764,-0.0258464246123497,6,0.1119931045298775,0.1034665877181629,-0.0023867477660114,5,0.1285289880908316,0.1030214308915655,-0.008236240262179,5,0.0734660559400383,0.0581788746483274,-0.0051478466013736,5,0.5254445837603675,0.2437186117294759,0.052853876163089,3,,,,0,0.0,,,1,0.9382333935016678,0.3835198147598965,0.0164019978384252,5,100.0,0.0,0.0,6,,,,,,,,,D02,,,
GRSM_001,GRSM,24.543368211814336,1.268382544688793,0.2917116567492485,6,33.2923093352999,1.4063277475984408,0.4254437671767341,6,1.312588560794081,0.1141462986668173,-0.0065503002868758,6,6.791939303278923,1.3890809034924474,0.0627670815835396,6,0.0509258592553253,0.0662084745848482,-0.006759297759931,6,5.234132398452077,0.7544766477709772,0.2332244870977269,6,0.2188698627453829,0.0266878943806623,0.0060012354761258,6,0.1152241543667124,0.0130466101695558,0.0022156623056313,6,0.7684981647346701,0.0391397302378036,0.0098746958292192,6,2.7442181003945216,0.300280403574953,0.0804396190991004,6,3.6051404353763377,0.7595198252269146,0.0148888206523325,6,31.401320695877075,1.401148440495757,0.3993202673064337,6,8.499503246242446,6.525504488649615,-0.6234541073131064,6,5.802233094330744,5.070175438596491,0.8305882352941176,7.0,17.0,,,,D07,,,
GRSM_002,GRSM,15.943337947130203,0.57547703641475,0.0787866033356765,4,25.78906336426735,0.891151114549241,0.2852042790116935,4,1.492170583456755,0.1186208240410575,-0.0112488138778456,4,6.810885779559612,0.7916362400836453,-0.0423062890768051,4,0.0930929956884938,0.0678026401589921,-0.0119170528030673,4,5.669788673520088,0.5878787379851069,0.1049335747957229,4,0.3629432311281562,0.0486860211736144,0.0055106936086868,4,0.1969663453055545,0.0267885721743121,0.0029203458287721,4,0.8574201548472047,0.0154007051911598,0.0046621344598202,4,2.763467028737068,0.091625695924764,0.0275177174601061,4,2.39285103790462,0.5434228034029304,0.0719351471755011,4,23.649634569883347,0.5878371502356851,0.1875683706382225,4,23.57625526189804,7.678018095527253,-0.950643195160504,4,5.119918070128863,3.9090909090909087,0.9545700378583016,8.0,43.0,0.6055295959671748,0.5466791979949874,0.0519754153655082,D07,0.6678947368421053,0.5895405179615705,0.059700650226966
GRSM_003,GRSM,22.23084393143654,0.4133270969481477,-0.1566066871206444,4,29.822754234075543,0.362230493238557,0.0985483046037605,4,1.4293021857738497,0.1044979582688598,-0.0015954314226127,4,8.353035658597946,1.278053500474549,-0.0035620281495243,4,0.0920174543680332,0.0725317476066984,-0.0080618910070337,4,6.004798240959644,0.5894592027945404,0.2171835450522871,4,0.2784074451774359,0.0356440292060919,0.0129890088665198,4,0.1428476465516723,0.0187748619856994,0.006927142320874,4,0.7922411011531949,0.0316383476352079,0.0102720628212015,4,2.8728924691677094,0.1734625758091488,0.0433139765118978,4,2.400555862113833,0.5699737318642428,0.0035110558551478,4,28.607934445142742,0.2026250159836473,0.0583383735403957,4,15.962808473035691,6.389282474950519,-0.0885871317551796,4,4.666017038523991,3.666666666666667,0.6536796536796536,6.0,11.0,,,,D07,,,
GRSM_004,GRSM,18.898840477069218,1.1588012645992745,0.3511440388122853,6,28.17853023608525,1.5236892736450445,0.4616990452672279,6,1.4004805001119771,0.2250659121361826,-0.0113241285277538,6,6.133293511966865,1.4159167580327083,0.0809878149897243,6,0.0892444872661144,0.1391801867739,-0.0083501392211879,6,4.60298806677262,0.3447719500749618,0.1133089113516868,6,0.2487139368119339,0.0124676078752182,0.0014541372856676,6,0.1380261303856969,0.0066495711326753,0.000576282595584,6,0.8073758774747452,0.0349660811704303,0.0087697595325918,6,2.706316673507293,0.242867811670395,0.0711267975202957,6,3.2254400976623097,1.1368253842665266,-0.0249853285645082,6,25.700307548046112,1.240230469373099,0.3904173236036505,6,14.425090375977256,13.40758913728006,-0.9861316737427092,6,4.933745127235073,3.3422459893048133,0.7232941176470589,9.0,25.0,,,,D07,,,
GRSM_005,GRSM,24.37507180372874,0.8123382553252327,-0.0366797870205294,3,33.60635670026144,1.7598377370919125,0.5293501827024644,3,1.365672588348389,0.0914396288047496,-0.0044956310622153,3,8.288395608464876,1.5131880073371666,-0.0401960282075789,3,0.0338402098132064,0.0305375438640709,-0.0047260762765936,3,7.338791375358899,1.0546673166128513,0.0982455363677393,3,0.3117074005616208,0.0552676388467248,0.0032960994754947,3,0.1533527988940477,0.0265255990504221,0.0018737245906865,3,0.7536714126666387,0.0345234961556752,0.0105792958169214,3,2.697133685151736,0.2268900702675968,0.0641113382674032,3,3.410505416492621,0.8090801165480166,0.097604890504191,3,31.435252904891968,0.2977627114820002,0.0628424959798013,3,12.534647947177293,5.822575475733751,-0.2420635241113843,3,4.963225915211198,4.266666666666667,0.8828125,6.0,16.0,,,,D07,,,
GRSM_006,GRSM,18.19142402211825,0.825527949832427,0.1116925859144317,6,30.348279118537903,0.288802680075632,0.0745907607508319,6,1.4386443843444188,0.108567096181351,-0.0134130376730865,6,7.198063209652901,0.8054574814101488,-0.1038656404857471,6,0.0600258364393084,0.0616120833876343,-0.0073595650051233,6,6.261542310317357,0.2336071614541436,-0.0208385382087445,6,0.3538238280452788,0.0303267501221654,-0.0037874667325692,6,0.1970421456110974,0.0177083808400443,-0.0024995541024169,6,0.8911406733095646,0.0056274428357502,-0.0003118123619341,6,3.03177281220754,0.0363082498883931,0.0097654317325788,6,2.8861471166213355,0.6243633211103923,0.0873211120842864,6,27.17866764465968,0.2357547742363589,0.0286242895371924,6,19.2604222993056,8.471164598227212,-1.020862862659626,6,4.8804315107245415,3.96,0.9412304866850322,7.0,33.0,0.5490548754942187,0.4273182957393484,0.0886372575878849,D07,0.5921052631578948,0.4619883040935673,0.084923955187113
GRSM_007,GRSM,11.99357527749879,5.850254892336093,-1.8025767766518723,6,23.394246691837907,4.477180207150131,-0.6055470460197991,6,1.8544991165399551,0.4591689742459204,0.0176379251604278,6,6.257999790898923,1.5619223129666122,-0.195854103911875,6,0.1986629522393091,0.2970541137558774,-0.0265606742739085,6,6.073987204333146,1.0356274389808604,-0.1406243160201443,6,0.5820667412841604,0.2086135196672014,0.060474294814695,6,0.2960481913405515,0.1013911957815895,0.029558156005676,6,0.7392115003296308,0.1255950422101398,0.0016609621399806,6,2.251006523945502,0.567138429431329,-0.0998061219230294,6,1.681069826574198,1.1397071939068704,-0.1531685437231014,6,20.33941697960808,5.186881020150474,-1.3878252807425129,6,61.68355467489788,33.65978166441123,8.739183596356044,6,2.87389958579782,1.92,0.8818493150684932,6.0,24.0,,,,D07,,,
GRSM_008,GRSM,26.215083411761693,0.4616067130185586,0.1028630200359556,6,34.20147563729967,0.7705102900875772,0.2499105195204416,6,1.307986112577575,0.0324186786306756,0.002066636023422,6,7.593056261539459,0.718981730731864,0.1015417690078417,6,0.0455639117073068,0.0204190011071567,-0.0006039428481421,6,5.655391763363566,0.4269746933151123,0.1111503534432914,6,0.21728410931038,0.0160646139979426,0.0034007709602721,6,0.1145461730525961,0.0079077935158078,0.0015162549718903,6,0.794050353446177,0.024199522910059,0.005855311318818,6,3.003063065665109,0.1448773159922126,0.0360280074593093,6,3.2814841121435165,0.4317574936974098,-0.0548129195140467,6,32.66856639725821,0.6147802944594112,0.1963774220810996,6,6.680471906172378,1.757762213022123,0.006237339000735,6,2.93169990440515,2.3764258555133075,0.8832432432432432,5.0,25.0,,,,D07,,,
GRSM_009,GRSM,25.84965785912105,1.719155717215212,-0.5582613635394308,6,33.85700973442623,0.6682299053439202,0.2131598989168802,6,1.384458291743483,0.15227509789179,0.0223827250094877,6,8.646379988108363,2.5200923197766976,0.3904039193772607,6,0.0630222164950932,0.0834814285204163,-0.0044475445803173,6,6.870604540620532,1.767656376324613,0.5863268026047281,6,0.2818471988263939,0.0962842219415484,0.0321368677528678,6,0.1399776609614491,0.0535029873635805,0.0178950180765241,6,0.7538856251963547,0.0725170388407785,0.023516732154207,6,2.9113156720995903,0.2686181168754231,0.0732528850850131,6,2.9836105150835857,1.1148369361248678,-0.2151238946451081,6,32.43758872577122,0.3564540872605843,0.0845149182611041,6,13.151262098657233,8.6538162730475,1.211757202487853,6,4.86550222667393,4.245283018867924,0.8090909090909091,6.0,15.0,,,,D07,,,
GRSM_010,GRSM,33.52899840899876,0.9547096159210798,0.118671143386099,6,42.2721688747406,1.386381778661086,0.4075183577007717,6,1.3000218059335436,0.0902541070213227,0.0038367491215467,6,9.269172672714506,1.881967966205785,0.2545871594713794,6,0.0307678928968795,0.0419633173982269,-0.0038817141541383,6,7.97944985968726,1.64952907556191,0.4200814534806543,6,0.2443461864521461,0.0516615193424707,0.0115795161833779,6,0.1163320796497698,0.0230002474575455,0.0049569082401123,6,0.7344093083270958,0.0533808323871337,0.0120815672808223,6,3.0315232362066,0.3772582885420712,0.0992266078376107,6,3.73769413413746,0.6995965698879113,-0.0104869769265254,6,40.59647498811994,1.236226226637397,0.3202914774417876,6,7.225045949486749,5.266435666268187,0.0811415295271823,6,4.013570290623977,3.457142857142857,0.7443181818181819,5.0,11.0,,,,D07,,,
GRSM_011,GRSM,28.081681752204894,0.4874599777711042,-0.0544255517192722,5,37.04985616207123,0.6737497752517999,0.2142947334604165,5,1.3363491982221605,0.0775039808056588,0.0039686137407096,5,8.584950238466263,1.6190420418310223,0.1034632340534446,5,0.0460142307274509,0.0349275439717684,-0.0023161711477459,5,7.041383865475654,0.8654280683417442,0.1874149305765162,5,0.2601995821110904,0.0352127864670912,0.0080162851696776,5,0.1347631970886141,0.018855596461224,0.0044672624328048,5,0.7854920268058777,0.0319427983332305,0.0098839374931202,5,3.004877856373787,0.1551330504241153,0.0463883173988037,5,3.52278610765934,0.7957709381355894,0.0012798949922483,5,35.65119183063507,0.4409276007814572,0.13518426528911,5,9.432455870509148,4.033365718040797,0.2199928741134012,5,10.294887715844665,9.057971014492752,0.8125,12.0,25.0,,,,D07,,,
GRSM_012,GRSM,25.005508278097427,1.5961930074833803,-0.4172141735752423,6,32.38979037318911,1.2672797543602854,-0.0511083038316832,6,1.3856696848358427,0.0924617038700453,0.0176619377194179,6,8.13004721914019,1.0591818550926189,0.0584732598728603,6,0.0709712109674001,0.0439593442847472,0.0004610014731345,6,6.1161337579999655,0.9026331357333454,0.2569056500163343,6,0.2662585160828062,0.0677637444319096,0.0213010137098737,6,0.1349407244872834,0.0365163700618727,0.0114687896585868,6,0.7659604927258832,0.0421249789278434,0.011914332749115,6,2.922344002340521,0.187995487618466,0.0256290938498245,6,2.892215130052396,0.573247360044078,-0.0948868496033052,6,31.17653610876628,1.2374307266760232,-0.1105937919682926,6,12.966437013819814,7.005854028390668,1.343966453693186,6,6.825575036930731,5.88235294117647,0.9136363636363636,8.0,20.0,0.721543059740782,0.551065162907268,0.0633909863786024,D07,0.667719298245614,0.5532142857142859,0.096883477146635
GRSM_013,GRSM,15.757210065921148,0.9198751797715342,0.0684653461746903,6,26.15118585030238,0.5616090455990035,0.1716300811890368,6,1.4615433427194755,0.0838610574494362,-0.005386860297729,6,6.83502375582854,0.5213724641408316,-0.0244701572498026,6,0.0422757336200447,0.0320465703096957,-0.0052514462093492,6,6.315916607777278,0.4107678795676108,0.0382172426952312,6,0.4059359847257535,0.0518134904200452,0.0014958446885383,6,0.2273813125987847,0.0312676752084281,0.0007007399757788,6,0.9123198272039492,0.0134928711966882,0.0024100317751645,6,2.9159800509611764,0.0669973689367129,0.0152635429805952,6,2.916434676696857,0.4943795929349821,0.0770445522000861,6,24.280980785687763,0.3612691549148145,0.1102893628787585,6,23.31870332360268,7.320172876744133,-0.4445726009397547,6,7.8907405492698,6.413612565445027,0.8604269293924467,11.0,35.0,,,,D07,,,
GRSM_014,GRSM,30.90464930023466,2.934831854239472,0.4109202426340844,6,39.140864082745146,2.311481602109008,0.5125957472456826,6,1.2427107095718384,0.0258428492059851,0.0009326901079879,6,7.212227089064462,0.6446821213768043,0.1898326702415942,6,0.013469233298695,0.0092067617530051,-0.0015876036668184,6,6.594832124454634,0.7637342271470625,0.2305853554772005,6,0.2171277556834476,0.0276237410192675,0.0034378095478233,6,0.1083231422983642,0.0158412690331825,0.001150387560483,6,0.7647695541381836,0.050264331327606,0.0076854105107486,6,3.040567864264761,0.3725913821778965,0.0977930410868591,6,4.877958300922598,0.4067822739796513,0.0632262849145465,6,37.52370922906058,2.710912218498996,0.5171936141120063,6,4.150078357330391,1.7816468203754614,-0.1702572495262655,6,5.04434123391372,4.21505376344086,0.8954388984509467,7.0,28.0,,,,D07,,,
GRSM_015,GRSM,17.694986635446547,2.148250183762469,0.3706412064967697,5,27.80205905437469,2.7362440482664367,0.6307521308820273,5,1.4919096022844314,0.2849294246815306,-0.0133651274534844,5,6.6775159507989885,1.501553479687063,0.1308685296128705,5,0.0995394428202416,0.1649897590578022,-0.0080529119794349,5,5.647303733229637,0.5092854928231165,0.116527724127794,5,0.334986007399857,0.0402051567876172,-0.0009065335664475,5,0.1860249578952789,0.0215100250748912,-0.0005663167133197,5,0.8316191144287586,0.0595616135769697,0.0103828413507987,5,2.621204246580601,0.2989273689031975,0.0918736455520403,5,3.057039119675756,1.1554774393233374,0.004842681272589,5,25.656357049942017,2.515421551254593,0.515928506543956,5,23.72213063016534,17.072802844840126,-1.538887394918609,5,9.06510375098006,8.1,0.8904538341158059,11.0,36.0,,,,D07,,,
GRSM_016,GRSM,14.192609179019929,0.792576202470993,0.2800804839205386,5,27.00711042881012,0.4137340762318492,0.1265557159238787,5,1.4626846373081208,0.0821280440387747,-0.0276157532943718,5,6.145830237865448,0.5740272901617519,-0.1891387189502147,5,0.0460205555507855,0.034158678345534,-0.0095681367416111,5,5.620884421467781,0.3384092292617696,-0.1200632799917192,5,0.4014488823711872,0.0455417322257545,-0.0162794748460179,5,0.2241127457469701,0.0271853604678185,-0.0096726616524827,5,0.8891085505485534,0.0179465109065937,-0.0059483839449153,5,2.81259340941906,0.0301731373879338,0.0048047646657744,5,3.111283655464649,0.7243115507809276,0.2249548329568621,5,22.71156015396118,0.3336411709842452,0.1106791429555238,5,32.093461227416995,8.212616888775173,-2.905916880315809,5,2.8816826849369788,2.588235294117647,0.9782828282828284,4.0,44.0,0.966359196961476,0.9473684210526316,0.0075187969924812,D07,0.9652631578947368,0.9491228070175434,0.0046282372598162
GRSM_017,GRSM,20.70908114739827,1.0177525907049711,0.1729232021503978,6,29.563247050557816,1.325513075064355,0.3863457186354531,6,1.3687436495508467,0.1493759225840319,-0.0012490642360515,6,6.64013987992491,1.3527814757172565,0.1997334962503777,6,0.0595679121387157,0.0902137053234191,-0.0070375091127465,6,5.411351489169257,0.8900850354972653,0.2979239595433076,6,0.2667173438572457,0.0397784060992836,0.0112524958624918,6,0.1434086843593312,0.0198569216438683,0.0052726897824969,6,0.811347250959703,0.0562772027750415,0.0150704335731764,6,2.755849155996527,0.3503361883927272,0.1020290260099702,6,3.2127948190484727,0.9278626161253316,-0.0912185363471508,6,27.650177240371704,1.2410193337580044,0.3588864336411159,6,10.77439486514777,8.209128800700045,-0.2843556907002089,6,6.817522530519254,4.970873786407767,0.87890625,10.0,32.0,,,,D07,,,
GRSM_018,GRSM,22.01422581076622,1.0225965622214148,0.3193625108949069,4,29.59005305171013,0.9041531857173288,0.2889026547300404,4,1.2554592471569777,0.0408203868279997,-0.008723107262932,4,5.535231232643127,0.7135323755974148,-0.1191516698434435,4,0.0117963410466472,0.006329893104085,-0.0014376828093473,4,5.071145173162222,0.5417103088055301,-0.0714889895813218,4,0.231996132992208,0.0304481152732907,-0.0060809548173485,4,0.1201544859213754,0.0145956382723873,-0.0031588685393718,4,0.793635580688715,0.0098511739258238,-0.0026073865592479,4,2.9101298451423645,0.0611731974384179,0.0120248486255777,4,4.2907667718827724,0.7562676782226964,0.166859473904659,4,27.83005392551422,0.82414533298774,0.2483703226878725,4,5.157592074014247,1.9439534068905384,-0.5009159424567017,4,5.641449573576343,4.281481481481481,0.8858131487889274,9.0,34.0,,,,D07,,,
GRSM_019,GRSM,17.0915012160937,0.8457409838681075,0.0687336118436166,6,25.86920017004013,0.7213803629310669,0.2460841738614912,6,1.4389673893650372,0.1091028074612757,-0.005369489604823,6,6.856083000699679,0.8392789508458336,-0.0005983795986666,6,0.055284581354499,0.0574432850200771,-0.0061998345548211,6,6.053234537442525,0.5109741899906518,0.082481376347112,6,0.3620048179291188,0.0454786241842836,0.003315902179179,6,0.1967101083913197,0.0277279433094778,0.0018749609169882,6,0.8821649961173534,0.0256484694912616,0.0040164967207437,6,2.9330749114354453,0.0640350646593218,0.0208182644434752,6,2.775891224543253,0.5886059639035714,0.063206333459191,6,24.109339714050293,0.47536170549202,0.1603269525863581,6,20.82058244446913,8.266081903323306,-0.3965155386361952,6,7.661631026236403,6.148936170212767,0.9475357710651828,10.0,34.0,0.6252795040351634,0.5447786131996658,0.0489711450386543,D07,0.663859649122807,0.556378446115288,0.0796510409668304
GRSM_025,GRSM,11.37834300994873,0.7856706907292453,0.2986735025448586,5,21.97955116033554,0.8039123124838067,0.2796254371529195,5,1.4627656280994414,0.0711919498540459,-0.0260592454404973,5,4.947222977876663,0.2983535864752566,-0.1076059743984421,5,0.0472961529158055,0.0278903759373811,-0.0088929128626781,5,4.518086397647858,0.1686597152874372,-0.0628179981192546,5,0.3995605304837227,0.0412864388737376,-0.0156038072822031,5,0.2259272003546357,0.0241727722163702,-0.009130861276566,5,0.8907677970826626,0.0128653393454264,-0.0043900432204132,5,2.5532747983932493,0.0502355355446468,0.0171574573241063,5,3.1482609838247297,0.5559833621758696,0.2001358892268209,5,18.749616312980653,0.4603731240493161,0.1772171454643135,5,45.22519180774689,7.889486788694132,-2.989605381417632,5,2.518480237069768,2.2135539795114263,1.0,3.0,53.0,0.966359196961476,0.9473684210526316,0.0075187969924812,D07,0.9652631578947368,0.9491228070175434,0.0046282372598162
GRSM_047,GRSM,9.14357538308416,1.3458082309189476,-0.3691296924319532,6,16.7077442577907,0.5468607530484482,-0.0358622036046451,6,1.8321918823889325,0.3359039341409862,-0.0100176417579253,6,5.125854351690838,0.2337464984758382,-0.0433386139157745,6,0.2295097786534045,0.2020256690899642,-0.016923269745247,6,4.198088227638176,0.4230079196110058,0.063615880244308,6,0.490637961109834,0.1072968812059115,0.0280733362202429,6,0.2748734849239034,0.0627781113633101,0.0161151103882326,6,0.8873382742915835,0.0768901315910669,0.011993496844338,6,2.343477821775845,0.2301254577880095,0.015251749774648,6,1.2652602580242924,0.4352749172486513,-0.0035800851571063,6,15.240306334836143,0.3446815627499952,-0.1116307495368851,6,64.73929182120732,7.332898402909904,1.1616844389173715,6,7.9519734482041695,6.674603174603174,0.9833430742255992,10.0,58.0,0.5897771760407412,0.5140768588137008,0.0537465882580334,D07,0.6829824561403508,0.5746261487050961,0.0740187784924627
GRSM_048,GRSM,22.588312753609248,1.3320071557812287,0.0820464665691057,6,33.063802293368745,1.4902202276009109,0.2945042159822251,6,1.4004577557955469,0.1180520097350607,-0.0022686275757021,6,7.831619543688638,0.8317276958343605,0.0905902586049503,6,0.0471575697826795,0.0513958237009768,-0.0025349057368152,6,6.99068908393383,0.6391841202418505,0.1118368830531835,6,0.3287135637365281,0.0465372769302308,0.0024669352336786,6,0.1745423552181039,0.0231979433359268,0.0014625964647469,6,0.8110038324126175,0.0531814961730826,0.0123046221728954,6,2.8641930477959767,0.3143585829691391,0.088374053272936,6,3.496518623482968,0.7238662716222982,-0.0413648695684969,6,30.88847475392478,1.1670272789258112,0.1712368706862131,6,14.436217996424862,6.891724065738588,-0.0042890115537577,6,10.502901574621005,7.913294797687861,0.871977240398293,14.0,37.0,,,,D07,,,
GRSM_049,GRSM,19.453049429825374,1.054394645861427,-0.2927556536263889,6,27.10026335716248,0.508529552583013,0.1396101574103037,6,1.465113310941628,0.181112007132317,0.0136985588611827,6,7.676940245287759,1.7500229182121023,0.2454488631751802,6,0.0899561447627742,0.1168039171234262,-0.0062855209791854,6,6.11203741814409,1.122623623899025,0.3604676439530319,6,0.3267797570276473,0.079166532681598,0.0255332308019407,6,0.1683921033649572,0.0433664477860733,0.013959577669286,6,0.7971899972430297,0.0636529657124118,0.0144769709039893,6,2.7373714670538902,0.2495554684690329,0.0353804858608378,6,2.612546800236617,1.0707883893120815,-0.1793287445687585,6,25.709705114364624,0.4270726678040865,0.0736269540256924,6,19.22797593926745,10.89384626301371,1.1369543280297267,6,5.321119865326482,4.1178707224334605,0.912902824436979,10.0,57.0,0.5979374744663105,0.4887218045112782,0.0664943144805136,D07,0.6577192982456139,0.5447660818713449,0.0695559606085922
GRSM_050,GRSM,25.29093256167003,0.5738832742959509,0.1798382280601395,6,36.03561561448233,0.89542598189112,0.2965993838177787,6,1.3209158586604255,0.0341834078668382,0.0026380642420715,6,7.315576238291604,0.582774079323933,0.0961036675506167,6,0.0298648198045806,0.0240081559839882,-0.0012083238777753,6,6.451648822852543,0.478079746823321,0.1478209493060907,6,0.2710074045296226,0.0176014811263597,0.0053456399460426,6,0.147247826614018,0.0092704312197144,0.0026775102713145,6,0.8185722929026399,0.0312812857222618,0.0068384422299762,6,2.9854853557688847,0.2330029216536481,0.0634360662351051,6,3.9188705134604658,0.5374285485587645,-0.0307486267346474,6,33.88035925797054,0.8406946826208719,0.2840832812918557,6,7.518719611556402,1.885766767365435,0.2048964322958555,6,3.7444837659359966,3.1244695898161248,0.9583521955636034,6.0,47.0,0.707361265937436,0.5175438596491228,0.1015274353224491,D07,0.7256140350877194,0.5687134502923977,0.0864362927520822
GRSM_051,GRSM,8.034550446413812,1.7712214180109187,-0.5819783769796292,6,16.57029867145632,2.132237536010496,-0.1863574890833762,6,1.9210995063185687,0.4596919742143465,-0.0055934781829516,6,4.334207267367414,0.4058317097631905,-0.0145807350882225,6,0.2452524015513648,0.2676039008031463,-0.0198711024202768,6,4.025958724639246,0.2359051845571737,0.0144284621998667,6,0.5758284106229742,0.1171024042011452,0.0343009530659765,6,0.3055562379991724,0.0574290393135328,0.0172609182185907,6,0.8288360947654362,0.0757423308874999,0.0051622999211152,6,2.109617439338139,0.2855490722817431,-0.0495263314019474,6,1.414867432111697,0.8073354458234849,-0.1010524996401121,6,14.472733328172138,1.6537369442962548,-0.3865233444008562,6,70.46064868569374,13.560797102287513,3.066079689810673,6,7.37805928274639,4.78534923339012,0.9077883387714568,13.0,53.0,0.6326766486428793,0.53015873015873,0.1027245937115863,D07,0.6817543859649123,0.6616123642439432,0.0544633631475736
GRSM_052,GRSM,19.48040791494505,2.03935325713602,-0.087575139850378,6,28.77648741858346,2.3261287069924106,0.5553305092785092,6,1.4587294661573,0.1338318184779857,0.0326243258805738,6,6.606525199753897,1.3659609345933397,0.3791839025086826,6,0.067315427750665,0.0708384981371307,-0.0010495728940036,6,5.641123477901731,1.1552986664652962,0.3731651222126351,6,0.3523076413465397,0.117828701388914,0.0374990556751274,6,0.1872101532228823,0.0601252738780409,0.0186881369057421,6,0.8009594822568553,0.0506871967711687,0.0060206408095028,6,2.6688963983740126,0.2534803550437337,0.0518266449785894,6,3.098865145950445,1.0735623561764376,-0.2823524922235972,6,26.99231924329485,2.144922459869379,0.4494878209299511,6,20.53676581821804,6.770328622361347,1.933640503748837,6,6.178959351160878,4.748976807639836,0.9327828480370852,10.0,59.0,0.5346587706971874,0.4010860484544695,0.0882987951680344,D07,0.6426315789473683,0.4534168755221388,0.0911251224409119
GRSM_053,GRSM,33.982317856379915,0.4576967435438769,0.0609911133845647,6,43.2962772165026,0.6938436841611176,0.2241667509078979,6,1.295061819255352,0.0506128959921184,0.0016947216871711,6,9.588816949299405,1.3693586372513966,0.1190481229788727,6,0.0276952897838782,0.0236579544437418,-0.0014327262726308,6,8.130211770534515,0.7290670269002116,0.1668146276639567,6,0.2428472489783806,0.0211808662840979,0.003975627804175,6,0.1159139506718409,0.0095937502751287,0.0019729965172397,6,0.755007936486176,0.0493108810461874,0.0110230476905902,6,3.11519669847829,0.3316898884370194,0.0828538621879286,6,3.61173114074128,0.6186709189246811,-0.0740989312529564,6,41.39193398611887,0.5508458368815748,0.1784934858481089,6,6.558606652276857,3.092013248066764,-0.0578204319501916,6,1.558552154571028,1.2731277533039649,1.0,3.0,34.0,0.8156256346828501,0.4385964912280702,0.2646720238825502,D07,0.8203508771929825,0.5447368421052634,0.1790730614414825
GRSM_054,GRSM,21.17410076516015,0.4523925314368391,-0.099081095887555,6,32.09817704132625,0.5703136802886993,0.1535856395959854,6,1.542470897947039,0.1622104224809745,-0.0100974821796019,6,9.352379700967244,0.9288191114867556,0.0064163977073298,6,0.1221816363665441,0.1106575545426501,-0.0124134136642371,6,7.493679898125785,0.5657094840448915,0.1916798224879635,6,0.3612591994128057,0.0322812327951739,0.0105752481820268,6,0.1966999584941991,0.0181367803652823,0.0057461235749845,6,0.8268272839486599,0.060567198689161,0.0141690813522372,6,2.8536008106810704,0.2460829906592898,0.0612432515041695,6,2.396806050091982,0.6005462823447156,0.0225673207185334,6,30.1775153705052,0.2415647876670739,0.073081530796157,6,24.128608929259435,9.515891370613456,-0.7450264917893542,6,3.371929433242638,2.6473829201101933,0.9053295932678822,6.0,31.0,0.5833761186011168,0.6228070175438597,0.075969021744645,D07,0.6219298245614033,0.5050877192982456,0.1316542229700124
GRSM_055,GRSM,27.88393811668669,1.4285782976482857,0.1917691141366958,6,38.10371860436031,1.6627600778093914,0.383246425125334,6,1.341511523084981,0.0346211212904224,0.0037308936317761,6,8.740899814026696,0.97390021533293,0.2053762427634663,6,0.0405831236307027,0.023352746830761,-0.001054921972132,6,7.364889794162342,0.7112026314050901,0.2323454421013593,6,0.2740170588450772,0.0213411045486546,0.0057355152430116,6,0.1395744235986577,0.0116995945951873,0.0025187993014696,6,0.7891721028302398,0.0401059852730433,0.0086528635169896,6,3.02753113423075,0.2509715029971046,0.0616861765169435,6,3.370423390397004,0.5006395015225606,-0.0713975394972496,6,35.68869258676256,1.5767873354980684,0.3331647011968824,6,9.111621963924597,2.020028603726658,0.0958167811700453,6,5.393030569519429,4.048327137546469,0.8503554059109615,9.0,33.0,,,,D07,,,
GRSM_056,GRSM,16.98851458941187,1.649801277842038,-0.524744569013516,6,27.643012745039805,0.4560445803443968,0.0893127424849404,6,1.6851142815181188,0.3137255915729189,-0.0166100804590516,6,7.709896868893078,0.6703607126321859,0.0276174003051386,6,0.141917305122271,0.1600858651538625,-0.0212938528500469,6,6.608016676136425,0.6454893777230091,0.1953169590069187,6,0.448533455375582,0.0803475137775632,0.0252487212147874,6,0.2438747056294232,0.0456199123774786,0.0144222463655751,6,0.8324407700981412,0.0702465266510812,0.0167524211108684,6,2.7270086439592496,0.2430597309555565,0.0295163203858666,6,2.158823034260422,0.6604925307812166,0.0265438461314058,6,25.66099393367768,0.2966754524781788,-0.0840284980005688,6,36.566974118351936,10.816550933923228,1.3098172792543967,6,9.067088719629789,5.877777777777778,0.851595100282676,15.0,46.0,,,,D07,,,
GRSM_057,GRSM,30.216262493814742,0.4865662529713516,0.0662094861268997,6,40.21193439619882,0.8692787235263002,0.2943196793397267,6,1.3043741136789322,0.030780250574426,0.0001078441739082,6,8.744239300489426,0.7843905152100983,0.0637059205108218,6,0.0298194477238991,0.0226750944786181,-0.0029813259450747,6,7.308501946074622,0.7186923072920222,0.2128951500687334,6,0.2469920001125761,0.0231064289970858,0.0061771265541513,6,0.1265576426605028,0.0123194956657247,0.0030797359921659,6,0.787491926657302,0.0495405751232289,0.0120067650762697,6,3.099950862782342,0.3178092264154612,0.0865348246362474,6,3.637312856103693,0.4972264598559004,0.0188027149273289,6,38.08674233300345,0.5326762634953115,0.1717587219344244,6,6.378185406859432,1.9644937664159168,0.0210044281919383,6,7.88717604033508,5.727272727272727,0.90812324929972,12.0,42.0,0.625938611073655,0.5458020050125313,0.1132965387951537,D07,0.6585964912280702,0.5777777777777778,0.0943358395989975
GRSM_058,GRSM,29.34532058238983,0.6201040782229368,-0.0915047228336334,6,38.34666531426566,0.6627373855061871,0.1993697881698608,6,1.2997157030871935,0.0828296239633719,0.001032090311249,6,8.255723574331828,1.5827408409645125,0.0835837562878926,6,0.0342234106584718,0.0461903234112226,-0.0040976993039496,6,6.857305929064751,0.9488905097195216,0.2483513904942406,6,0.2368307969798999,0.0357161450144996,0.008791851826633,6,0.1224363000863897,0.0195295313143127,0.0048716487647551,6,0.782580586948565,0.0609648846541843,0.0160981041896674,6,3.036780923604965,0.349842161311427,0.097859591535396,6,3.8140845506318977,0.7430613934331224,0.0342032299273543,6,36.79179995400565,0.5141147653947967,0.1495752619372473,6,5.6167455414044,4.570684502570145,-0.1426032371560318,6,4.705020503136421,3.555555555555556,0.8785211267605634,7.0,24.0,,,,D07,,,
GRSM_059,GRSM,11.39661253775869,1.3966667633117142,-0.408543794767724,6,20.78983108486448,0.5821323792409331,-0.094280776547061,6,1.6953182145953178,0.2215584031889905,-0.0001718033105134,6,6.086010494402477,0.4047964377972569,-0.0179268732666969,6,0.1641305794556891,0.1646323834998355,-0.015284170827201,6,5.027224255459649,0.5866908486082891,0.1228763160606225,6,0.4605349721387028,0.104880288946727,0.0284745076619502,6,0.2578039525875023,0.062327791595193,0.0169221252358208,6,0.8809250433530126,0.0664677810791452,0.0128583428346448,6,2.541299852941717,0.1787563887870711,0.0143873813665575,6,1.6802803996418203,0.5008988401445413,-0.0123091270008848,6,18.357682985918863,0.6447665224429303,-0.1964062028461032,6,48.6264996613775,9.590717710725594,1.4296040043234826,6,5.404608190365643,4.502507522567704,0.9705947872577412,8.0,67.0,0.5937570449327154,0.5401002506265664,0.0513906200438708,D07,0.6389473684210525,0.5327401837928153,0.0734561150350624
GRSM_060,GRSM,21.70626246077674,1.373614062482871,-0.4587298858496877,6,32.80431938171387,1.2484903459526433,0.2432232714361614,6,1.471196522670133,0.1218526913012218,0.0039695138318671,6,8.795848020485469,1.1066272720426762,0.0738905218740304,6,0.0886144178844655,0.0897429753774808,-0.0119112789289728,6,6.902404602084841,1.2103267040295178,0.4072227743764718,6,0.3319135753970061,0.0775022253022069,0.0259715088293887,6,0.1762681976625962,0.0434380428462067,0.0145257389147041,6,0.8100374282470771,0.0618316186718924,0.0185241773517595,6,2.89439611349787,0.2360645723472518,0.059355428483751,6,2.423423157738788,0.4553725750602099,-0.0113947580878933,6,29.75768385614668,0.1730041427146532,0.0019581897391213,6,18.890334167650767,7.41791024067238,0.3443779901083972,6,4.095485263211356,2.653927813163482,0.9216,9.0,50.0,0.5660118373143103,0.4956140350877193,0.0639220306606651,D07,0.6010526315789474,0.4832456140350876,0.0967716007189691
GRSM_061,GRSM,19.63194387299674,0.4196503884273575,0.0508009162214067,6,30.18513858318329,1.776860222302255,0.3992176837391323,6,1.351363470511777,0.042577000267079,0.0010837025526497,6,6.098673273410116,0.4265210512282753,0.070263814429442,6,0.051963800098747,0.0341999389603062,-0.0036872361472988,6,4.951185167900154,0.4343832260567827,0.1147711628841029,6,0.2656913379074207,0.0245711793829912,0.006594717158522,6,0.1426020640813346,0.0128339917775941,0.003393227890289,6,0.7904444682810988,0.033137150909586,0.0080325075114766,6,2.8213780809726035,0.2228246731849487,0.0557787785513533,6,3.3438474519976547,0.387632929390389,-0.0206450890128811,6,26.103784697396414,0.5704061788069006,0.1328199886613421,6,11.535116834299904,2.7155794381831067,0.1540160418177644,6,5.782095784315026,4.357512953367875,0.9316341829085456,10.0,58.0,0.5490953667362569,0.4787176274018379,0.0691677291834216,D07,0.5963157894736841,0.4881286549707602,0.0757696397170081
GRSM_062,GRSM,5.780166127639157,2.0801469937920065,-0.5880871266457769,6,13.942832589149477,3.959876875427101,-0.2619915911720858,6,1.9441831835678645,0.3715238376796573,0.0053827329435282,6,3.473315579118207,1.0094200782742229,-0.1693701218839527,6,0.2982931711095651,0.3008962021548556,-0.0181195242388639,6,3.300711216351816,1.00175991764117,-0.1461298174411058,6,0.6044441003707194,0.2201723408708642,0.0299829395943217,6,0.312871320421497,0.0972655369949897,0.0119265565327886,6,0.7616097847265857,0.0989188313172245,-0.0178061163880758,6,1.8292087651789188,0.4415227014838055,-0.120511466740734,6,0.9463392329801408,0.7013972826079571,-0.1342385817810686,6,10.898999349843889,3.604302631492122,-0.7696072358141343,6,80.48748661790576,13.266443964965708,3.165341688858138,6,6.1285646157438745,4.411764705882352,0.983879781420765,9.0,60.0,0.6367484091769702,0.5951336675020885,0.0432845177019855,D07,0.6689473684210528,0.6447953216374268,0.0534034970877076
GRSM_063,GRSM,30.39559965474265,0.6860176654279735,0.1052660903996891,6,40.9588977098465,0.8606448228005348,0.2666552997297711,6,1.3280141513262476,0.0857933471550572,-0.0015735058941774,6,9.146578416228294,1.7028608443154762,0.0881774760782718,6,0.0363386201903007,0.0425324122732789,-0.0029860113135226,6,7.891426999654088,0.8787213270818759,0.1518671730740202,6,0.2689037190617195,0.029322823259953,0.0026906332065765,6,0.1362371250787483,0.0144628793381902,0.0008783664185709,6,0.7835717041577611,0.0428656575409634,0.0107990307733416,6,3.0560140375580107,0.2970519680029088,0.0817526110758384,6,3.667548171111516,0.7552257180939644,-0.0150824413945277,6,38.807817918913706,0.6266435929026188,0.1929553061723709,6,8.763010918295809,4.9831938857053695,-0.4432258774267716,6,3.3205273021460706,2.6759259259259256,0.913511939429237,6.0,34.0,0.6050902422144999,0.5964912280701754,0.0834460476427235,D07,0.6214035087719298,0.5033040935672515,0.1135873775347459
GRSM_064,GRSM,27.42512329987117,0.7632271125880294,-0.2076460000541474,6,35.600712299346924,0.6215172264076196,0.2052677989006042,6,1.3441957267267364,0.13575873588571,0.0119184827225075,6,8.416816602860179,2.4372823125499545,0.3270635901639859,6,0.0623144788509567,0.0724142079130836,-0.0026881038400056,6,6.246909401246479,1.3859470998668115,0.4460908782564931,6,0.233615387962865,0.0575013580060634,0.0183479902140485,6,0.1181711563840508,0.0288894059837869,0.0091335776126167,6,0.7602761366537639,0.0686511726009148,0.0186205066326591,6,2.900998761611325,0.3617508451863542,0.0982968288163343,6,3.075474491608994,0.9631836247821046,-0.1281692900591426,6,34.03734488146646,0.4537632907177283,0.1327438943915896,6,9.71488686597773,7.827961470638773,0.4130385875081022,6,5.290080596137648,4.101694915254237,0.9800556586270872,8.0,44.0,0.5452458542693747,0.5272556390977444,0.0617349970291146,D07,0.6073684210526316,0.5028822055137844,0.0896267767320398
GRSM_065,GRSM,19.768573190484727,0.3093048595392476,-0.0265220686793327,6,28.191398245947703,1.1122685581190412,0.371645238664415,6,1.4090305385845048,0.1780889630921414,-0.0040925727122359,6,6.743473557489259,1.6147821956804511,0.0673959343383709,6,0.0794924593834106,0.1161209237954406,-0.0119863837560842,6,5.289479932614735,0.7765307015914994,0.2518418843547503,6,0.2789849446022084,0.0486646404784537,0.0161216799066298,6,0.1483763943958495,0.0262654020171316,0.0086427685261393,6,0.8055232938911233,0.0589993086093447,0.014280884195533,6,2.7522221973964145,0.301005860215827,0.0815899167416824,6,2.9361932080771243,0.919421308123164,-0.0514573706727888,6,26.31243319170816,0.6009473740620307,0.2014884816275702,6,15.577181998108117,10.299742020274696,-0.007443048711866,6,7.0993396712729,5.152671755725191,0.8686567164179104,12.0,45.0,,,,D07,,,
GRSM_066,GRSM,23.301951238087245,0.9665865624894704,-0.1684235483407974,6,34.69802025386265,0.6499540567723617,0.2012231204244825,6,1.4842647079910551,0.161760491724541,-0.0064861539958251,6,9.40003428714616,1.0761374090452034,-0.0155922394659783,6,0.0882322240774686,0.1014059194805109,-0.0104740346076141,6,7.910075277090073,0.6283779819860367,0.1502895510031117,6,0.3551790123539312,0.0459014670876109,0.010096686739578,6,0.190366227778473,0.0280417361593754,0.0063084900624946,6,0.8329532487051827,0.0580089795937848,0.0150874982898434,6,2.97772065443652,0.2583091808544296,0.0681521703385644,6,2.7793522737920284,0.7037545247323069,0.001248619146645,6,32.67901461465018,0.3363304668327318,0.106100966864162,6,18.69342605876071,9.612871366821716,-0.2493414903059601,6,11.572055620321164,9.657142857142857,0.7012696041822255,14.0,26.0,,,,D07,,,
HARV_001,HARV,15.057633893830436,1.3755799057873417,0.3890673530054283,7,25.45151141711644,0.8756169006207709,0.2263019365143491,7,1.469556782926832,0.1021835115652592,-0.0278183837009378,7,6.449398800730705,0.6317882142514321,-0.1646418115532255,7,0.0284394542052593,0.0270951235073373,-0.0043132478097964,7,6.189076987760408,0.543131095807428,-0.151791854357102,7,0.4345162878079073,0.0833913004447137,-0.0233101480625629,7,0.2357660446182957,0.0416717775962275,-0.0116601673222009,7,0.8222992340368884,0.0311464686331617,0.006791241756414,7,2.421238969479288,0.2521422146022281,0.0558090675696433,7,3.94051202918802,0.9674298725386036,0.1971530578288424,7,23.638409712484904,0.7577987972530262,0.208227218503496,7,34.3695182119097,11.066329713962492,-3.100518877347152,7,3.794197929058648,3.657142857142857,1.0,4.0,16.0,0.634677288183674,0.2205882352941176,0.1751333633686574,D01,0.5550980392156863,0.353921568627451,0.0764589169000933
HARV_002,HARV,13.526041431086403,2.100595964180316,-0.4327865736299303,7,22.92836347648076,0.9238130881432814,-0.0124028999491991,7,1.537472814321518,0.109467107188037,-0.0116444988940579,7,6.162455582192966,0.8637263084760931,-0.20393983206426,7,0.1073748819180764,0.0725488240300263,-0.0132076599618023,7,4.993084164602416,0.2594745215053756,-0.0270431309760329,7,0.3918024535690035,0.0526057453665037,0.0073525141219634,7,0.2167744547394769,0.0335136863711659,0.0052170798969102,7,0.8749814491186824,0.0419978539145401,0.0087317462966024,7,2.685891404747963,0.0797821526812139,0.0033046319427718,7,2.196975787835462,0.656210948589982,0.1227979729642193,7,20.37136689254216,1.4885962143537532,-0.2727625410395315,7,36.778551533818245,8.875077770415437,1.051644562012646,7,4.599922316248868,4.25531914893617,1.0,5.0,20.0,0.6159752872109102,0.2985294117647058,0.1123066476007652,D01,0.5788235294117646,0.369330065359477,0.09360217124923
HARV_004,HARV,19.886302100760595,2.808960336676607,-0.7321869542161783,7,30.221934505871364,0.5674724674909885,0.150280134373927,7,1.5524294802120753,0.2236031368053718,0.0246480055509572,7,8.55256906577519,1.3622620799052785,0.1320811401444127,7,0.1181839585406123,0.1198411150748411,-0.0010258062650961,7,6.935094133019447,1.2282704551370909,0.2912071784179049,7,0.3797578674608043,0.1280224581730702,0.0315000357317823,7,0.20323277101852,0.0763096690775603,0.0193488041599433,7,0.8146891274622509,0.0745596451039845,0.0201983952828018,7,2.873698466590473,0.1518161160606507,0.038670899977247,7,2.393461028113961,0.781704052415986,-0.0797363641408394,7,28.18151342868805,0.3523980670506441,-0.0304555033307626,7,25.26789769210986,13.65660630986612,1.9661464272178264,7,7.236983800357897,6.545454545454545,0.6115819209039548,8.0,12.0,,,,D01,,,
HARV_005,HARV,15.699089603764673,1.8471144351637725,-0.4618961403806846,7,24.02958548069,0.2726816296437396,-0.0504899447657672,7,1.5909727801169669,0.1369527272668051,-0.0052283284109664,7,7.510566694395883,0.8314125551353995,-0.1486837707192774,7,0.1516469898550505,0.1072262285909104,-0.0146269517720202,7,5.653400248714855,0.4176270415339765,0.107073878387056,7,0.376244351933045,0.0716820627023297,0.0183272368712462,7,0.2046897569006042,0.0465775937474778,0.0118551746101686,7,0.8636968918144703,0.0605471118830822,0.0150829594122223,7,2.7683666284595216,0.100467266218254,0.0183409093563775,7,1.8932288299713813,0.5385897159111637,0.0834275926222126,7,22.50017249584198,0.6376252148437825,-0.1628917289445124,7,30.54514965415001,8.1027005787796,0.4973646407108382,7,3.3534761195718903,2.8131868131868134,0.939453125,5.0,32.0,0.5805641401383047,0.2985294117647058,0.1123066476007652,D01,0.5802941176470588,0.3787254901960783,0.090740104122457
HARV_006,HARV,14.83588591643742,0.5330041775272001,-0.0109724473668284,7,21.64615167890276,0.8762807763460382,0.2237731992485988,7,1.56987198974405,0.1325552387192481,-0.0289276340063587,7,6.608557852251189,0.7361166447163422,-0.1838665024574059,7,0.1870161814482084,0.0924499565521423,-0.0213932541200883,7,4.134197952491896,0.2702211416352338,0.0420673701808272,7,0.2829318566780005,0.0266805264041905,0.003159475930228,7,0.1520362632748271,0.0182411376592557,0.0021835747805694,7,0.8122397506875652,0.042885268880191,0.0073303115142294,7,2.5988207161426544,0.1489701837766518,0.0371328087382582,7,1.7604501492210798,0.5311444824503151,0.1325870234133356,7,19.75472634179252,0.406910623183401,0.0992235971162043,7,29.964084970099584,8.276781022241707,-1.6422557026978983,7,3.250521084116893,2.599045346062053,0.9714795008912656,5.0,33.0,0.6708691063126784,0.5666666666666668,0.0631647764000705,D01,0.6646078431372547,0.519297385620915,0.0672797300738477
HARV_008,HARV,18.90597437393097,1.449494788164708,-0.3217308120344423,7,26.007916646911983,0.3528405878092105,0.0796155010244919,7,1.450987428568658,0.1653875675366603,-3.599254575225227e-05,7,7.374935640039898,1.4940125638307988,0.0067925566419028,7,0.0707381609390029,0.1111580952073515,-0.0076622442023058,7,6.335472971342859,0.7535404855052266,0.1316587788927285,7,0.3487896292514744,0.0609704082089475,0.0117021601882133,7,0.1823399958732937,0.0415108264800158,0.0087493772798429,7,0.7878191326345716,0.0891843177332786,0.0226412507805572,7,2.7118873298168182,0.2034465685610194,0.0507117803115768,7,3.263316626740353,1.0102403630515435,0.0774183901820881,7,25.16748342514038,0.1941074756164515,0.0193944463216926,7,23.012058369602475,9.97195219568943,0.3929220035019148,7,3.454436655786227,3.161290322580645,0.938095238095238,4.0,14.0,0.6769112926206224,0.2205882352941176,0.1751333633686574,D01,0.582843137254902,0.3611928104575163,0.0830571117335823
HARV_010,HARV,12.62141111918858,0.8911525204942164,-0.1245043290801257,7,23.028802360807145,0.1388659893318908,-0.027201696221097,7,1.5016323721834592,0.1146066349957085,-0.0232641448329881,7,5.782668760844639,0.9795035374736316,-0.2476785480085597,7,0.0637325457636117,0.0594960943797841,-0.0095446217224867,7,5.207293985145433,0.6405153938405856,-0.1757851429135201,7,0.419983159883746,0.0518740999245803,-0.0118126829796697,7,0.2325956123614949,0.0289845785243873,-0.0057264658626154,7,0.8601681983896664,0.0271796714815001,0.0025328000881282,7,2.520198343055589,0.1057499217194899,0.0037863780095045,7,3.092704515372004,0.8865442759572041,0.1668929388056475,7,20.69193936245782,0.621988835980389,-0.1549083127443534,7,44.09147148047175,7.492476383432405,-1.135481922749979,7,3.973242082371889,3.4819277108433733,0.889273356401384,5.0,17.0,,,,D01,,,
HARV_011,HARV,19.189552230494364,0.4954145374782723,-0.0719853747650921,7,26.874866928373063,0.4458982818553742,0.123366648219971,7,1.416226017688002,0.0560910819144372,-0.0117044444548418,7,6.99728114264352,0.544344262445329,-0.1031581342101572,7,0.0587422139547665,0.0332448012204354,-0.0076465391418507,7,5.868220165371895,0.2431862454412194,0.0177506147568444,7,0.3267530033897076,0.0184694564402919,-0.000422181791637,7,0.1687264237552881,0.0112161909260403,0.0009297639561958,7,0.8105383978358337,0.0422205672857154,0.0107503928526108,7,2.82471736414092,0.1569139426303843,0.0433172157026856,7,2.999233647116593,0.5517737797815859,0.1370170708389514,7,25.70446252822876,0.229245099636321,0.0517887579967301,7,17.76197954852666,2.6435998096156417,-0.3092544562075717,7,7.886966806002418,7.18390804597701,0.9288888888888888,9.0,25.0,0.7120281279045938,0.4818160597572363,0.1245080793364348,D01,0.7092156862745098,0.4985737628384686,0.1338412622236151
HARV_012,HARV,13.007017088787896,3.2317228734809755,-0.7343090159959527,7,22.69481338773455,1.2229469766351095,-0.2847456972437551,7,1.6187254254307066,0.1630226973287944,0.0139273733523974,7,6.265837735363415,1.1298682118659116,-0.189949271925892,7,0.1464391403133049,0.0969236336416697,-0.0007011621185871,7,5.0589733230216165,0.3788841068417961,-0.0582274608165619,7,0.4234548827101077,0.0948893325512789,0.0181156878222329,7,0.2329336857157094,0.0569034882738648,0.0108789154476823,7,0.8637509351330144,0.0514678797787227,0.0076476101841465,7,2.6411883596863066,0.0903787935516526,-0.0087431274146672,7,2.065857695681708,0.684724614574365,-0.0180060172757779,7,20.01867821386882,2.32140226641873,-0.5891495499002981,7,41.96476910795485,14.553653946240944,2.8178612753689527,7,4.949176784493509,4.313432835820896,0.889273356401384,6.0,17.0,,,,D01,,,
HARV_013,HARV,20.4447266970362,0.7692604271127635,0.1310663603216528,7,28.43441649845668,1.395424234077306,0.4013551376255385,7,1.4363728389143944,0.0500654308167023,-0.0080066128704414,7,8.086087367364339,0.4591961197598766,-0.0402265011195642,7,0.0735640631485564,0.0304671981840782,-0.0065716327058995,7,6.399250349828175,0.405804688703296,0.0775348154672113,7,0.3204733569707189,0.0255455812599272,0.0018631735746099,7,0.1540982722570853,0.0191447554731622,0.0031604929957019,7,0.7564971776945251,0.0546090103439551,0.01348339013785,7,2.614626978124891,0.2900700297395952,0.0779924718625992,7,2.49519382417202,0.5803127889941766,0.1481458078995643,7,26.421767354011536,1.1418038454773718,0.3186642776922401,7,18.383014921631133,2.833504753393286,-0.1605848277588764,7,2.2116305638083653,1.6407766990291262,0.7813765182186234,4.0,13.0,,,,D01,,,
HARV_014,HARV,20.69399438585554,1.3009293344877435,-0.3477389931203835,7,28.83476270948137,0.8234999988207513,0.2356856429719355,7,1.5700105865086829,0.0957724232055062,0.0010445558900139,7,9.65404753599848,0.7470148684148626,-0.0281381018133277,7,0.1574736909907577,0.0836831756167394,-0.012203967391209,7,6.675802903515952,1.1811967290147356,0.3316320373836267,7,0.3335702046751976,0.0851661986946289,0.0235763410981967,7,0.1670232162744339,0.0537078230703214,0.0149043165601834,7,0.7742349500102657,0.0677398901755473,0.017954713690922,7,2.7109883427619934,0.213216824738288,0.0525210274465055,7,1.750531893223524,0.3732034478279741,0.0617272736081682,7,27.042258313723973,0.4801621470549071,0.128934827458811,7,25.83516996247428,6.187538986057856,0.4743087140924903,7,3.668803162358954,3.422535211267605,1.0,4.0,27.0,0.6666746251857696,0.3259803921568627,0.1454421395597866,D01,0.6553921568627452,0.4341503267973856,0.0755733101321336
HARV_015,HARV,13.443244338035583,0.3790830479791544,-0.0154589558265123,7,18.448072722979955,0.5237469652207075,0.149493617128091,7,1.4368184230157308,0.0365561496383014,-0.009779105534354,7,5.275607707245009,0.3000767095198333,-0.0685144054640336,7,0.0967312292029548,0.0366670049913666,-0.0096785152665862,7,3.760196945496968,0.2797936884472782,0.0719030644017386,7,0.2811877429485321,0.0261928715715078,0.0057974285538868,7,0.1461780934727617,0.0177174696110883,0.0038886861931309,7,0.798406079943691,0.0450741735639736,0.0100163556264334,7,2.494614306305136,0.1510563284174202,0.0387316144616955,7,2.3285397546631947,0.3420629432112128,0.0903910903252691,7,17.37858738218035,0.3800466871460654,0.1031916348107782,7,25.0441238624709,2.126781423303887,-0.4724713922496811,7,2.714012292083172,2.403755868544601,0.9706439393939394,4.0,32.0,0.8104375199894609,0.5416666666666666,0.1011623996918114,D01,0.7830392156862745,0.5680555555555554,0.0688884644766997
HARV_016,HARV,17.35795356120382,0.6586208059315353,-0.16070688412009,7,24.618531388895853,0.6342917896492989,0.1721873735764112,7,1.4127579810363906,0.0607971504755147,0.0039836411100934,7,6.198409461549351,0.6736049946296774,0.0720828287451865,7,0.0693168671922259,0.0380512437008222,-0.0036063688950737,7,4.971851719277246,0.6209454371537567,0.1671902709807532,7,0.3088148162434144,0.0390601764880658,0.0105881553710961,7,0.1633637649273233,0.0236785840960211,0.0064592717388882,7,0.7998861287321363,0.0492221344553943,0.0132123306913086,7,2.6197829001716206,0.1778476847791488,0.0438762050997688,7,2.941642896405288,0.3974789001823623,-0.0127450034200432,7,23.002846913678304,0.3744057633137895,0.0689975478022222,7,24.09553884980934,3.727945305524756,0.0703590258258391,7,4.843372787625888,3.816199376947041,0.9444897959183672,7.0,35.0,0.673568933489179,0.3187675070028011,0.1102417862798485,D01,0.68921568627451,0.4876143790849673,0.0845095862742921
HARV_017,HARV,14.426945769361089,1.2093961825344317,-0.3039848406713797,7,21.19306262901851,0.2646638218721207,0.0371464668992031,7,1.558138693017619,0.1166194032909034,-0.0050432820214455,7,6.3167446958167215,0.7348309832723566,-0.1068249203531865,7,0.146381571776666,0.0801465830264527,-0.0126044909706092,7,4.540301067488534,0.5670025138010216,0.1129824036502268,7,0.3324528438970446,0.0713158736229773,0.0172480459480854,7,0.1763194642096225,0.0410103927630598,0.0098811406549437,7,0.8274582831987313,0.0575417067669097,0.0127651635408995,7,2.580762063818318,0.1587372099433645,0.0341175764917852,7,1.950188854709268,0.4600182797936945,0.0734211704526764,7,19.83390297208513,0.2781171625347838,-0.0647728801723495,7,29.694022429840903,7.910787397649725,0.5768071550772012,7,4.047064089474275,3.4468085106382977,0.9502923976608189,5.0,18.0,0.6275065182594148,0.2985294117647059,0.1123066476007652,D01,0.5851960784313726,0.3816993464052287,0.0857678323854794
HARV_020,HARV,21.02551127331597,2.067220531739697,-0.5235307083661813,7,28.190974490983145,0.3263628501718814,0.0734327352379422,7,1.4143010803631373,0.0568106737404685,0.0145105107045506,7,7.8806478679180145,0.3833819923814532,0.0509503770515738,7,0.07064789233222,0.0164794580169928,-0.0015966218032487,7,6.070122063159943,0.7743302049130157,0.2106105001324201,7,0.2994699889261807,0.0756082008365647,0.0203168398025352,7,0.1542989121350859,0.0491846254336373,0.013101683292293,7,0.78287198767066,0.0811288480283687,0.0212386639202495,7,2.8417343965598514,0.1729283074733155,0.0396320550624592,7,2.579925875578608,0.2349688819999859,-0.0256887901411113,7,27.09518539905548,0.3380994643647298,-0.0332523159296864,7,16.172241293958255,5.4192435400221255,1.3583898883001264,7,3.233374321368176,2.4693877551020407,0.9132231404958676,5.0,22.0,0.8800142510628652,0.6534313725490196,0.0566309507485977,D01,0.8640196078431371,0.7151633986928106,0.0402874685227626
HARV_021,HARV,16.043801533324377,0.4690614175801597,0.0406726697289136,7,26.593866297176906,1.1090721815588658,0.3115278491935882,7,1.6445084192923136,0.0370085590280671,-0.0090100151816924,7,8.28958552650043,0.2573971621942124,0.0101259948010463,7,0.1301128911353381,0.0426439457719661,-0.0095634476065568,7,7.019222634179251,0.376036768711438,0.0923934373188303,7,0.4772740392280476,0.0249736641207636,0.0035755608167751,7,0.2494291885356818,0.0158342344632237,0.0025128152405108,7,0.8233847852264132,0.0332247098131822,0.0075141030745914,7,2.653297391320978,0.1279083911790502,0.0321612624355046,7,1.7747890917318208,0.2472799036907721,0.0601481592646276,7,24.221879754747665,0.8000391367259814,0.2277052374000093,7,35.36645484822137,2.069569571288891,-0.4764196903582112,7,2.500435422077365,2.2830188679245285,0.9242424242424242,3.0,11.0,0.7024302353964009,0.2549019607843137,0.2527913263207381,D01,0.6135294117647059,0.4119281045751634,0.1037701949466655
HARV_022,HARV,20.50318304130009,0.7059778816440133,0.1912198415790421,7,29.708386727741782,1.3055851409246648,0.3715629235681785,7,1.409915346120085,0.024761683737609,-0.001814147197749,7,7.434034494417054,0.5604219192558306,0.0918683361009772,7,0.0859161095805965,0.0205897710588227,-0.0039890726495569,7,5.268129834106991,0.5193679617176332,0.143711348587417,7,0.2621773377593074,0.017842099143916,0.0046545825527602,7,0.1412042545686875,0.0097090255948838,0.0025229951982716,7,0.7848440318235329,0.0343942639781609,0.0086870651128163,7,2.6566993509020125,0.2381817600611613,0.0645135097443107,7,2.5510119199752808,0.2856031158683745,0.0179439645216047,7,27.572287372180394,1.0697990136965467,0.3027342959229215,7,13.487158334414874,1.4677154174603015,-0.1380411635980425,7,2.453209860475848,1.7475035663338083,0.974436090225564,5.0,35.0,0.7944985422094403,0.3862745098039215,0.1031096354625766,D01,0.798235294117647,0.5799019607843137,0.0838796225560931
HARV_023,HARV,12.978959892864353,0.9543528916322463,0.0713957768771493,7,25.373390501195733,3.2101928836655524,0.3574507853251701,7,1.839958592571996,0.1511696177760125,-0.041184906041933,7,7.602516638768184,0.9438772203524834,-0.0507595182512169,7,0.2045213989520373,0.0857524379526775,-0.0226520856758323,7,7.053032698375838,0.9521666483212684,-0.0594975389688613,7,0.5718005160232643,0.0659731859924452,-0.0067127476284757,7,0.3126908472509354,0.0345798950730079,-0.0030553068897198,7,0.8376009768576591,0.0441645581354488,0.0112360215272615,7,2.551069514453411,0.2223307362541291,0.045877986968276,7,1.7289448367165667,0.4408979095505686,0.1216340290078247,7,23.520591482713623,2.570817526164721,0.2086202071137033,7,53.79877116502105,7.211066617392754,-1.90004354612804,7,1.302195976214733,1.1589825119236885,1.0,2.0,27.0,0.8536799544917146,0.3676470588235294,0.3127387318563789,D01,0.8590196078431374,0.565686274509804,0.2003579209461562
HARV_024,HARV,4.814251138695648,0.9955205238544976,0.2845967347878383,7,10.346635865313669,1.8623620105859768,0.5361348353177904,7,1.7233310895306724,0.2432224575224822,-0.0607544513515742,7,2.374329926179988,0.2776420738734262,0.0770661534956727,7,0.195537743017277,0.1508209046247823,-0.0381806864340516,7,2.137383483350277,0.2460491509249056,0.0698935239913454,7,0.4859995880563344,0.0468585126310219,-0.0120121316531621,7,0.2708010503223964,0.0258187568545802,-0.0064340893427778,7,0.8698579323078904,0.0169581387746992,-0.0017386731725052,7,1.649826089186328,0.2169124804086486,0.0615727689963175,7,1.659469224379531,0.6089694193031001,0.1609399948877642,7,8.520356874380793,1.4243171410550866,0.410100233032409,7,92.89137608664376,5.159945303247235,-1.458619417897259,7,1.5069930657725377,1.3243243243243243,0.8928571428571429,2.0,7.0,,,,D01,,,
HARV_025,HARV,18.95497136456626,0.3050842997516885,-0.0433183931022051,7,26.941350766590663,0.6974664497500834,0.1931760600838528,7,1.3518488023962294,0.0231146776214762,0.0020711565931954,7,5.946622493011611,0.3580676989585911,0.0559270527970743,7,0.0569953736079956,0.0121141817157169,-0.0018178915990023,7,4.691434036408152,0.2980746490840747,0.0681472445032985,7,0.2583875962133918,0.0186338185278543,0.0043235370588759,7,0.1415325722191482,0.0109148756902112,0.0026167862723021,7,0.7920828216842243,0.0360180408681392,0.00826088493445,7,2.674786358007363,0.1709506776065473,0.0406116051859114,7,3.296279321291617,0.2449238116830902,-0.0182721842733393,7,24.936806167875016,0.3209452055199093,0.0798019536462913,7,12.75724975032998,1.4398418543470617,0.2261534423708351,7,5.3149885599930204,3.626415094339623,0.9731182795698924,8.0,31.0,0.7006571101066297,0.35843837535014,0.1082391512754834,D01,0.7165686274509803,0.531764705882353,0.0876234386528504
HARV_026,HARV,19.96461829117366,0.4159861711501123,0.0004772643644021,7,28.67375126906804,1.1708683132594804,0.3345007713572437,7,1.471166389329093,0.0417369806881611,-0.0084541485722796,7,8.101038815719741,0.3275196047681035,-0.0395494519892441,7,0.1085177577042486,0.0406462986098817,-0.0111223670192048,7,5.963265512670789,0.7184776055922693,0.180615875172425,7,0.3045611893758178,0.0400580154836712,0.0095101458417526,7,0.1591046737240893,0.0247102471100485,0.0062116158428598,7,0.8136050397796291,0.0504645593869256,0.0131953810063372,7,2.7907744624785016,0.2225406316108296,0.0606029682544123,7,2.251795436122588,0.3539925696310864,0.0906012743503686,7,26.70812596593584,0.9639595413911968,0.2699585727961415,7,18.763006742511475,2.5884854619935624,-0.4493020007097389,7,6.504477807991793,4.828571428571428,0.8931623931623931,9.0,26.0,,,,D01,,,
HARV_027,HARV,23.10387868540628,0.7885006339241952,-0.0344929913600602,7,33.40033214432852,0.8287102459884659,0.2267748711118659,7,1.3318745919636317,0.0532363816700446,0.005264652544165,7,7.226046123674938,0.8095472712793085,0.1232637036962813,7,0.0466198529902612,0.0185433048271301,-0.000579722362054,7,5.7185182975871225,0.6649186421074803,0.1533947533582786,7,0.2485481665602752,0.0356692457399529,0.0069885387871993,7,0.1329464898444712,0.0215451522098344,0.0044096771764951,7,0.8072480335831642,0.0450823965416102,0.0109288862783951,7,2.91207413162504,0.1948839417694108,0.0483720074018159,7,3.136223368346691,0.4209017543469187,-0.0233895113446798,7,30.66549793311528,0.6965778443452125,0.1666105935773051,7,7.844433284763779,2.941329574935832,0.2019301823366329,7,4.372587343530096,4.121951219512195,0.9643874643874644,5.0,26.0,0.7747829396844863,0.5700980392156862,0.0717444320385496,D01,0.7701960784313724,0.6002941176470588,0.0591344167814756
HARV_033,HARV,22.956458824021475,0.4075985555291163,-0.0551754186352885,7,28.273566927228654,0.937067723190712,0.2681206847092071,7,1.3094888531735964,0.0222140409909076,-0.0015635199221481,7,6.632233777216503,0.4137844332310984,-0.0387363079415849,7,0.0577388260488597,0.0173680011588018,-0.0037994916448545,7,4.199457200510161,0.6646697256611198,0.1763620873787013,7,0.1849449931510857,0.0326648158783902,0.0086052989813525,7,0.0861907647257404,0.0187083957106223,0.0050758560868981,7,0.6681400776973793,0.0655250481873374,0.0175586203892392,7,2.574935754495008,0.2726532023989345,0.0740209001290845,7,2.8335307698164667,0.3016419501020783,0.0725533484789242,7,26.644295590264456,0.5642481697615425,0.1492181740908983,7,8.389736619378839,1.3849474080874686,-0.0395646825492144,7,4.3964822208350665,3.339130434782609,0.9175438596491228,8.0,48.0,0.5704777614709566,0.2446778711484594,0.1366503402403056,D01,0.5705882352941177,0.368562091503268,0.0957502573679044
HARV_034,HARV,15.210412408624377,0.9746328990454144,-0.2075864559863193,7,29.19257824761527,0.2789642654972751,0.0592574980629392,7,1.5890551156231336,0.0530705062803465,-0.0130058186818878,7,8.4281567803451,0.8288802154152639,-0.2292902247008099,7,0.0422606272170794,0.0205855714802358,-0.0051754683120152,7,8.090183458157949,0.7283974451415427,-0.1982680126371611,7,0.5403783145759787,0.0310062290536794,-0.0073554588155264,7,0.2948519228292363,0.0163797802482719,-0.003787416358111,7,0.8529162720910141,0.0282635263157203,0.0063989120665418,7,2.669874445668289,0.0734284936881776,0.014899232428506,7,3.3112332757030214,0.5138102031021726,0.0910280406534434,7,27.498517104557585,0.4792731539160861,-0.0643978159266164,7,39.241780528000426,4.812469771493587,-1.0413663246004703,7,4.78799635930217,4.323758228605626,0.9885088919288646,6.0,85.0,0.7140114116556913,0.3931372549019608,0.0862638178814649,D01,0.7592156862745099,0.5933660130718954,0.0606386750504397
HARV_035,HARV,15.7223716037614,0.3922428647248579,0.0504834529650638,7,20.773152266229904,0.8158056258707358,0.2351286665376913,7,1.2653802186250689,0.0407285843934781,0.0054897257828142,7,3.932454737169402,0.5374487541015485,0.0968014182025693,7,0.042903137147992,0.0158661053986079,0.0008918465464375,7,2.6612000135438785,0.2350073138482334,0.0562979145146223,7,0.1707397930856262,0.0161844291715837,0.0031925443405901,7,0.0898852604441344,0.0093724985634704,0.0018065903717058,7,0.713916653501136,0.0304382408856057,0.0068780583630045,7,2.4077801534107754,0.1425554848636033,0.0383211764028347,7,3.397550131593432,0.5845471330932231,-0.0891785484801725,7,18.994054555892944,0.4980083600599916,0.1329582749134991,7,8.17043328977057,2.197268982037857,0.2397265368961243,7,3.964977329796685,2.990222222222222,0.9829072532699168,8.0,116.0,0.7405371012017583,0.4272759103641457,0.0946807565752202,D01,0.7255882352941175,0.5257352941176471,0.0701424664659958
HARV_036,HARV,22.83345537526267,0.4951541805782251,0.0066958475872814,7,28.26436492374965,0.7807626881923869,0.2236022398291356,7,1.2743535286613874,0.0195914137074002,0.0014762352127952,7,5.980306642396109,0.3479946931707089,0.0475976333853258,7,0.0321941903634329,0.0080597296956091,-0.0019215084672664,7,4.64817103104932,0.5323271474151064,0.1327911599342566,7,0.2061669087436582,0.0261414222108747,0.0060094304668505,7,0.0988570228884262,0.014877325056016,0.003456864779188,7,0.718937591782638,0.0464439196510174,0.0115238451343252,7,2.7797704615763257,0.1889475992295194,0.0492295874839284,7,3.422035118298872,0.1806721969372953,0.0223586492952835,7,27.24360859394073,0.5866714334214687,0.1581808829687506,7,6.927316778206399,1.081924852119902,0.0811089017461851,7,5.345396474750936,3.933085501858737,0.9791859389454208,8.0,46.0,0.6200990484366106,0.3934173669467787,0.0995222482246703,D01,0.6140196078431374,0.439640522875817,0.0880554304083716
HARV_037,HARV,18.35327400479997,0.4191515734866268,0.0554553947125773,7,24.72807846750532,0.7563552973912698,0.2097634858344181,7,1.2846445121935437,0.0259801005110585,0.0031978234470602,7,5.025967027459826,0.3993822570950091,0.0755225848926016,7,0.0318284895454001,0.0070456159487884,6.178087392887766e-05,7,4.046049760920661,0.3117988449472538,0.0651169026871601,7,0.2221327677502163,0.0178379263556337,0.0028405482444793,7,0.1108302546864641,0.0097160688777209,0.001591909155936,7,0.755355738635574,0.0295360670118966,0.0060652845513179,7,2.6751090054001128,0.1669603596374322,0.0373866785748071,7,3.690197275153228,0.3199389782867051,-0.0508273126357105,7,22.708988172667368,0.5210763714128446,0.1358560886516039,7,8.749471089137453,1.5622079817024823,0.1738653108254965,7,2.8712281585902475,2.224199288256228,0.9807843137254902,5.0,50.0,0.63134779250037,0.3754901960784313,0.1013047410106233,D01,0.6452941176470588,0.460392156862745,0.0952301728772317
HARV_038,HARV,18.92645370506105,0.3849887282746309,-0.0091531722669107,7,25.00061477933611,0.8466370900372977,0.1878033282747306,7,1.2636167910836993,0.0307428765650795,0.0051603466123936,7,4.88526788793859,0.4959110807887139,0.0890367129112619,7,0.0167440652868771,0.0050732785848629,0.0007617567025996,7,4.354595994807425,0.3957102743082514,0.0667817256068328,7,0.2311265807110993,0.0233213415052158,0.003700445759188,7,0.1195230396841431,0.0141680575540192,0.0026798006823375,7,0.7625089745081607,0.0483391529358134,0.0088536319534379,7,2.7339069322511853,0.1927124779876788,0.041063790735945,7,4.3443655996095565,0.5776859015246169,-0.1019142483810029,7,23.582255912962413,0.553179917168129,0.1173233904686582,7,8.807503859308504,2.6567931477692985,0.2324574512448088,7,4.861801082310329,3.7802330253113694,0.9899011150852094,8.0,97.0,0.6238671230679342,0.3688375350140056,0.1064967423963963,D01,0.6094117647058823,0.4603104575163398,0.0764457437986849
HARV_039,HARV,19.816552136625564,0.4731075982757155,-0.0802637901439134,7,25.382589731897628,0.6498197081354407,0.1825022652329677,7,1.3961607728685652,0.0113542306673815,0.0008046104168274,7,7.1976885710443765,0.2212669793033584,0.0077935443575163,7,0.0764659932298984,0.0177937557952893,-0.0042123552419911,7,5.018382014972823,0.5593385424336825,0.1543297629610475,7,0.2580032254835324,0.0353457271203685,0.0095306582233137,7,0.1275885160014565,0.0227179440979538,0.0061326823837357,7,0.7480684077101094,0.0537281319214682,0.0141353524508941,7,2.7086436471768787,0.182659239535259,0.0501412847543142,7,2.4923927603023395,0.2159932028458825,0.0536002146889014,7,24.356156366212023,0.4901379568859482,0.1312122489826612,7,15.027597848858152,1.4095994542454604,0.3475036859156126,7,3.712428956727517,3.115197779319917,0.9705947872577412,6.0,67.0,0.674116769892585,0.5073529411764706,0.064957754663637,D01,0.6369607843137253,0.5102287581699346,0.0687487893370246
HARV_040,HARV,12.179418112550463,0.2290126865482959,-0.0186687905593697,7,20.09952196053096,0.4811142420759906,0.1303667268192625,7,1.5020461699792318,0.0187092464412443,-0.004608434005325,7,4.461146265268326,0.0835081662648147,0.0148523290496898,7,0.0546684859273227,0.0185565939647916,-0.0048167514330752,7,4.14444073928254,0.1211975524109118,0.0328957091467789,7,0.4372321302071213,0.0079367684593065,0.0009487365424425,7,0.2401407526672951,0.004416974028988,0.0007650417255319,7,0.8512218019792012,0.0250697261890407,0.0059189453528103,7,2.4674219701971327,0.0948784257562593,0.0239602297960049,7,3.022545166047556,0.1808397980554442,0.0170202870738221,7,18.076521996940887,0.2761884791157161,0.0624876524585176,7,42.02283579350582,1.2747116922740025,0.175010520089195,7,4.0696232547885725,3.449744463373083,0.9565432098765432,6.0,45.0,0.6406003294538982,0.3848039215686274,0.092248192983487,D01,0.6704901960784312,0.4723856209150326,0.0802206997795233
HARV_041,HARV,19.46204968009676,0.261720635890509,0.0151277321030894,7,26.03154637132372,0.8304795371945946,0.2328793420734633,7,1.312012072120394,0.021652639258529,0.0041740175737327,7,5.586775049567223,0.3944134862377013,0.0866336225869646,7,0.0576225874538067,0.0058028985863856,-6.552367200759569e-05,7,3.828333684376308,0.3708272208043912,0.0960151791216367,7,0.199135891228382,0.0201314256979164,0.0049533369297911,7,0.1017270357614117,0.0108674058955103,0.0026960908648635,7,0.748550109565258,0.0253051834116356,0.0060919777479067,7,2.656390986272267,0.1412057524018042,0.036604027883465,7,3.097885464983327,0.1820188217248711,-0.0246387645899062,7,24.17276871204376,0.429782484673496,0.1147046516616031,7,8.953690338081547,1.2506308176701073,0.2245844701653814,7,4.906199447537858,3.2321262766945216,0.8988861985472155,11.0,59.0,,,,D01,,,
HARV_042,HARV,19.502954423427585,0.4054459830974811,-0.0610599029824078,7,25.20342443670545,0.7571979536265224,0.2181644325712287,7,1.3544693578566824,0.0323097361338473,0.0084543161955012,7,6.52461091535432,0.508350765435253,0.1386408511979646,7,0.0480088168530658,0.0070823887777566,-0.0005297494195452,7,5.146102155957903,0.6993611616266491,0.196292044008633,7,0.2674447136398937,0.0405712330601559,0.0110866215174639,7,0.1302825031203351,0.0244172398941418,0.006643866741681,7,0.7294425772769111,0.0572261050808663,0.0148568211338553,7,2.663087330758572,0.1838188084769689,0.048906665399255,7,2.94809978561742,0.1135357310799924,-0.0114764726880299,7,24.089079805782863,0.5459266798541339,0.1511812668397607,7,14.18570002913475,2.313190960639247,0.6065709661558805,7,3.8609063116406586,3.720787207872079,1.0,4.0,55.0,0.6588110319953275,0.3480392156862745,0.1449016669604905,D01,0.6548039215686274,0.4536764705882351,0.066609229550406
HARV_043,HARV,18.542704003197805,0.4556918748643191,0.0483042189324519,7,24.74701326234,0.8707491032274857,0.2465763621596226,7,1.3157767855695317,0.0285663883094113,0.0054826560129682,7,5.417371463562761,0.4392506405600316,0.1001046170365525,7,0.0550794636219507,0.0124293078027167,0.0016310875006859,7,3.822116442024708,0.2915915649867381,0.0484242996282549,7,0.2091136518865823,0.0191966508088109,0.0023294520041204,7,0.1058201325192515,0.0112119202790046,0.0017046193268513,7,0.7426027740750994,0.035469146740513,0.0075562342600637,7,2.591523379087448,0.1365932061734662,0.0313085385290275,7,3.0590156338044574,0.3335746523890172,-0.0664746189764533,7,22.859795536313737,0.5615102178754166,0.1504828718553976,7,9.785152017538037,1.359554099058136,0.1556249603599428,7,4.69320233935489,3.665060240963856,0.977855477855478,7.0,39.0,0.580082369182187,0.2497198879551821,0.1138490210289518,D01,0.5816666666666667,0.351984126984127,0.1017064417064417
HARV_044,HARV,14.541520535945892,0.4556426351681194,-0.0541060906482407,7,21.17883971759252,0.6917836475437795,0.193608042253441,7,1.3814588721309389,0.0570888283486,0.0088991927376306,7,5.17466282418796,0.58692444553142,0.1009184377364428,7,0.0507259077151372,0.0135723876833793,0.0002766693775858,7,4.276968149202211,0.5873571914334764,0.130552678380117,7,0.3001262907470975,0.0490689137062082,0.0099449231404351,7,0.1589708897684301,0.027960250047722,0.005810229869307,7,0.8305161414401872,0.0380049336857087,0.0083855926856932,7,2.6382478986467635,0.1108301750484527,0.0282992908501055,7,2.8340583283986365,0.4220895763703557,-0.0469508520902628,7,19.437203552041733,0.3445582822970059,0.0964119376176856,7,20.040126089538848,4.352197160704187,0.5718554974314701,7,4.193439162023244,2.730700179533214,0.9875040571243104,8.0,78.0,0.684420730368757,0.3670868347338935,0.1072608715774805,D01,0.6646078431372549,0.5150653594771241,0.0750877172935996
HARV_045,HARV,18.90339815616608,0.5329621988190443,-0.0500889743466776,7,23.97626074722835,0.6222686084217445,0.1791645917759473,7,1.339088914649827,0.0273424779015621,0.0023425302479371,7,6.098199371780668,0.3402626108442581,0.0350500413502355,7,0.0476653014421961,0.0080625078541054,-0.0013454882630385,7,4.742473834327289,0.4278597066622895,0.0848262331993931,7,0.2517280179475035,0.0289108865557535,0.0052397097757761,7,0.1222406101546117,0.0197050610686139,0.0041517213458173,7,0.7364892422088555,0.0644767804641155,0.0156677830222237,7,2.6486500778368542,0.2002527578567841,0.0516772377657225,7,2.8558389267751148,0.1824362969307164,0.0155392775378854,7,23.05911563123976,0.445372241699188,0.12386389533837,7,11.077558776097638,1.7951664045004887,0.1879338999520022,7,4.246067542461802,3.5923632610939102,0.9836158192090396,6.0,59.0,0.5800453607049141,0.234313725490196,0.1127294274353098,D01,0.5884313725490196,0.3418627450980392,0.0952450273038508
HARV_046,HARV,11.550860737051282,0.3881315400615076,-0.0190859466672418,7,17.867447240012034,0.7729472539170472,0.2136023341422062,7,1.4512489203895842,0.0618398482115614,0.0088760781127855,7,4.667159293379102,0.529163278009271,0.0940894667964532,7,0.0795371573892355,0.0273611369390373,-0.0006388648168695,7,3.688044284071241,0.5236258378965807,0.1272935385544936,7,0.3327160610684326,0.0511842279699698,0.0115547504617398,7,0.1783484334924391,0.0285224645312531,0.0063997285414591,7,0.8317104822822979,0.0359549676446785,0.0067209973560267,7,2.427030478205,0.1076964968143486,0.0246520124346136,7,2.293129190802574,0.4261433163202477,-0.0591393320624571,7,16.13425906215395,0.4394265581308514,0.1212557962691166,7,33.71121548754828,3.878880128060199,0.2351258247497072,7,4.85959502832684,3.947368421052632,0.9891330891330892,7.0,90.0,0.7872873584780627,0.5341036414565827,0.0673018494385276,D01,0.8117647058823532,0.648529411764706,0.0540643670055435
HARV_047,HARV,14.186147434370858,0.4619432184899957,0.0906804069817303,7,19.499534615448542,0.9899818057406996,0.2841395650251928,7,1.3711053824850492,0.0250709721877875,-0.002231265266103,7,4.8721382064478735,0.2701167242997601,0.0188986628179056,7,0.0715160599772519,0.0202099413552249,-0.0039600758754244,7,3.41208590567112,0.3706946899878882,0.0991428515528777,7,0.2419978074197258,0.0242396594677015,0.005454915236177,7,0.1255007670926196,0.0154639356324786,0.0034622816430159,7,0.7708670736423561,0.0417000372043464,0.0100132178559721,7,2.488703535071441,0.1854185416047159,0.0511506093272649,7,2.6823802260415897,0.2676193637214447,0.0597636216872954,7,18.033485182694022,0.7356037787568633,0.209310769678587,7,20.02692655154637,2.4580705487778256,-0.0336564548936973,7,5.104941842060873,3.795515695067264,0.9676284584980236,10.0,92.0,0.6992758778135016,0.413515406162465,0.1528692250100008,D01,0.6699999999999999,0.5047222222222223,0.0737492953669424
HARV_048,HARV,18.00868363039834,0.3607034683555383,0.039172002043857,7,24.134433150291443,0.7443833381153206,0.2123634983818844,7,1.2643646406275886,0.030292852142843,0.0043419685170232,7,4.506293882216726,0.4923097841180832,0.1031646745732106,7,0.0369566124988653,0.0089148411258026,0.0004500736897779,7,3.3168643127594675,0.2745234239715604,0.0648979129217773,7,0.1858002806880644,0.0158033184891555,0.0028236130265467,7,0.0960874511926834,0.0085237690858621,0.0014684961323043,7,0.7317468103553567,0.0308726712776065,0.0071904845758382,7,2.587413153478077,0.141294385192829,0.0365785175852804,7,3.6026181738291467,0.4040396921847375,-0.0694254176372076,7,21.951830301965988,0.5126004892262203,0.139247827083466,7,6.592335356665509,1.4598773979238464,0.1409059963244722,7,3.7551618018046353,2.755411863930278,0.9802020202020202,8.0,99.0,0.6247508276498123,0.2746498599439776,0.1305568998475572,D01,0.6418627450980392,0.4332026143790849,0.0901530114765409
HARV_049,HARV,16.756640791893005,0.3961678242178912,-0.0441858573738797,7,22.70467802456447,0.385087935231055,0.0970600700948342,7,1.3040848129561968,0.0363982549029136,0.0076334582441356,7,4.78160144175802,0.4570835826888954,0.0938433020475851,7,0.0354535745178249,0.0121289997614599,0.002588567949831,7,3.909341352326529,0.2030232574082971,0.0365990842896628,7,0.2388226055939282,0.0166175900943116,0.0030774120927836,7,0.128021964736815,0.0093913353751114,0.001889104075522,7,0.7926269391817706,0.0272988972158507,0.0063292551859916,7,2.659808810268129,0.1265606354407203,0.0283784328466392,7,3.4735958789076125,0.4980423258009173,-0.0879066528463031,7,21.344728759356908,0.2688796380706849,0.0271865768261639,7,11.731065923081976,2.337773534957723,0.4801690386630506,7,3.60551356274969,2.6893698281349456,0.97016317016317,7.0,65.0,0.6624060849992514,0.3432773109243698,0.0914604618756868,D01,0.6711764705882353,0.506111111111111,0.0701000198059021
HARV_050,HARV,18.566454657486503,0.3149756880746912,-0.0801609176326083,7,25.978356054850988,0.6528143288704575,0.1698864080991403,7,1.3032298258372716,0.0209173716329261,0.0030158554979292,7,5.354478010109493,0.2983470117371885,0.029765384694732,7,0.0339055079135245,0.0064683852982296,-0.0009449419895496,7,4.373872868716717,0.2951416695676094,0.0701484898350153,7,0.2387142518003072,0.0207249670897469,0.0052809154603674,7,0.1271252668728786,0.0126367354391009,0.0032807604495094,7,0.786653169031654,0.0338162311364001,0.0088081479265514,7,2.7939144245215823,0.1436683791850603,0.0346432740529219,7,3.5058025951896394,0.2816094013632149,-0.001965639363247,7,23.97076858792986,0.3306238735169173,0.0685839664888571,7,8.942432662206036,1.4359261598815272,0.2710138026817862,7,4.600754886489536,3.621417797888386,0.9902000404122044,8.0,98.0,0.5916460005817984,0.2481442577030812,0.1392773940784321,D01,0.5994117647058824,0.3768370681605975,0.0864004459592695
HARV_051,HARV,18.92795169353485,0.4382855887029535,-0.0354336224704149,7,23.740974477359227,0.512626912111778,0.1442967717391086,7,1.2760028498513358,0.021338421269256,0.0044970379259244,7,5.087054216435978,0.3008792729074291,0.0715762185029299,7,0.0236517566809197,0.0024245652014264,0.0003552065826375,7,4.295926766736167,0.3324057763481753,0.0749018256704645,7,0.2280075318579162,0.0216182356939396,0.0043205889108854,7,0.1100614920058953,0.0152693050875283,0.0031944298439573,7,0.7215525332306113,0.0544928021456596,0.0132490908764154,7,2.725132810217993,0.1632331656793307,0.0407801850205398,7,3.789001994899341,0.2517496395625966,-0.0504904067314478,7,22.71722727162497,0.3571429397157504,0.0948928599338607,7,8.615625879594258,1.1376262770092331,0.2060261928583996,7,4.520390155725166,3.578723404255318,0.9660436957093972,9.0,87.0,0.5877044150073124,0.2177754435107376,0.1733307713957868,D01,0.5750980392156863,0.4075490196078432,0.0830353470059352
HARV_052,HARV,19.005153826304845,0.3274504531180801,0.0612163315731215,7,24.747161524636404,0.7128234204437447,0.1991752248361291,7,1.1944504167352403,0.0318885909583863,0.007677643674897,7,3.605096745703901,0.5791476224094897,0.1464030291751561,7,0.0145081910179994,0.0090585086617914,0.0022534309184005,7,3.0229015009743825,0.2188144899211921,0.0484966332931442,7,0.1595990665123931,0.0119261684495429,0.0021552790765209,7,0.0876971066796353,0.0069527408851259,0.0012383126705677,7,0.7220616058579513,0.0270071217732932,0.0058338817921411,7,2.3301782118422643,0.2102985192356969,0.0556201700165689,7,4.638766882675035,0.5263644457512129,-0.1276018780719236,7,23.22511328969683,0.4703967275362948,0.133773451544849,7,2.93936802792762,1.25065275133438,0.2718716587285062,7,3.487147948465554,2.4543524416135885,0.9710207612456748,7.0,68.0,0.6906437976950567,0.4488795518207282,0.0669188510451486,D01,0.7168627450980392,0.563921568627451,0.0591305481011363
JERC_001,JERC,11.441094720332572,4.49304023203942,-1.0738078057943354,8,18.335129485698417,3.534574909464288,-0.7565482846195144,8,2.0561383478343487,0.139057697191915,0.0166661797002667,8,6.137068063573679,1.62370689530505,-0.3552342632014881,8,0.4046725064108614,0.0616490978644321,-0.0110156457300209,8,4.369872179714244,0.3503308739772978,-0.0331214186409765,8,0.4526465298278102,0.15297390379095,0.0374403967671761,8,0.2389581704012622,0.0841511610989713,0.0206837780475671,8,0.7820737719691049,0.0404848950392695,0.0070785877117443,8,2.1908878122575777,0.2395580432361833,-0.043611476132794,8,0.8616254696787413,0.2499494939739918,-0.0293586688980992,8,17.126142304670065,4.215140653117634,-0.9501323263471324,8,64.84930843114853,16.871071624074535,3.7915288451172056,8,1.0,1.0,,1.0,1.0,,,,D03,,,
JERC_002,JERC,21.40264598885551,1.4337659330179269,-0.1188976818340874,8,27.167011635843664,0.9323711998080064,0.2258268072757692,8,1.9373162472620609,0.2510201507799511,-0.057561908804235,8,10.7148785792524,0.5331813630209614,-0.0199169949517541,8,0.3875549156800844,0.1330401259831398,-0.0324140588220741,8,5.220164824771928,1.6448719923348052,0.2083407740990099,8,0.2705764120910316,0.1154378033831346,0.0143589619159077,8,0.1251354037085548,0.056405496277067,0.0074948642286472,8,0.658622987723599,0.0634632374111818,0.0146883350634385,8,2.157667980218927,0.245610661841645,0.0617743058810158,8,0.9177141207735986,0.245304976159667,0.0648005384774435,8,26.097444464452565,0.6639512938777821,0.14357938715035,8,43.24753125011921,11.071856675974374,-2.676616976658503,8,1.0,1.0,1.0,1.0,5.0,0.4417750948238752,0.15,0.1399999999999999,D03,,,
JERC_003,JERC,13.877799328416586,1.1153417143403646,-0.1594732723065785,8,21.437716349959373,0.5961814079225651,0.1598271535975592,8,1.4927337290719151,0.0811657710386441,0.0045137551746198,8,5.317687192000449,0.6904405070836795,0.1224761116540148,8,0.1069535745318717,0.0266459688620238,-0.0049613277626035,8,4.382290496490896,0.6616900591061871,0.1410674070495934,8,0.338550487300381,0.0807743280138202,0.0136514767183966,8,0.1855418786290101,0.0466416732744324,0.0080487104243643,8,0.8480617492459714,0.054032762726073,0.0130518252650896,8,2.629713129252196,0.1332017505999431,0.0348968450866994,8,2.8748567884322256,0.7380421365293883,-0.0853587212262763,8,19.718576461076736,0.4021077203165947,0.0878601982480003,8,31.97298592608422,7.0101082826170105,0.6329413851989167,8,6.558062674867428,5.1652892561983474,0.8464,9.0,25.0,,,,D03,,,
JERC_004,JERC,3.284862563416797,1.0122993725441023,0.0682880231812273,8,3.3083366983628366,0.497516258223263,0.0635745648566323,8,1.994601907208562,0.1735289535661074,0.0312556173829805,8,0.9704383747739485,0.124809484701928,0.0251404261881751,8,0.8106005396693945,0.1264062480082115,-0.0032691110502041,8,1.3564572103837105,0.4305655501950687,-0.0199368041778477,8,0.309948594952244,0.0560238592976143,8.396980284736783e-05,8,0.1688683275103133,0.0283641890033288,0.0003368037023645,8,0.6959504522900615,0.1650859184553305,0.0133673302986949,8,2.201033265888691,0.425948169861464,0.0728304066828319,8,0.2792068373811032,0.0845845445486942,0.0005796525652716,8,4.966447845958497,1.32924913217705,0.0754992755511984,8,95.65640896558762,1.30641765021889,-0.3340860378174555,8,,,,,,,,,D03,,,
JERC_005,JERC,19.615242656320333,1.2542455287778045,-0.2088992911435309,8,26.12935271859169,0.1849316499282393,0.041882540498461,8,1.9142702911049128,0.1254062829258319,-0.0287921861523673,8,9.9735714122653,0.4130082291921289,-0.0920891974653516,8,0.3685928680934012,0.0716880621884399,-0.0191155253754307,8,5.306640923023224,0.924849414242406,0.0967790755842413,8,0.3057433963404037,0.0907180055451318,0.0112087096564383,8,0.1517648841254413,0.047431959120853,0.0068964242735611,8,0.71238714735955,0.0402759178521217,0.009903916157782,8,2.29987707734108,0.1492525436276905,0.0379910572831119,8,0.960771310259588,0.1643788044244205,0.0412999689745317,8,25.11995439231396,0.1375603760054039,0.0159439004602886,8,42.12379687279463,5.26593963378482,-1.193779041369756,8,1.0,1.0,1.0,1.0,4.0,0.4602703118137901,0.15,0.1399999999999999,D03,,,
JERC_006,JERC,13.881378816937406,2.411660573574935,-0.392534252403984,8,20.459870500024408,1.152172461696506,-0.1670032524548116,8,2.276455571874976,0.379298974044604,-0.0765403296266283,8,7.347772952489322,0.7029804954350855,-0.0509314143869449,8,0.4877742436947301,0.1249198060453133,-0.028356563316525,8,5.232320172168935,0.8643025612502434,0.0147968717954225,8,0.4252435249121239,0.1235036529381469,0.0125459454295831,8,0.2182929233686688,0.06901009888244,0.0064850282238145,8,0.7259438156150282,0.046015125282147,0.0097663732955143,8,2.085022151652014,0.1440422990776903,0.0297413943124229,8,0.6426028143895868,0.1736739669996874,0.0424471373230011,8,19.70179154518992,1.6136080411770586,-0.3383246983091037,8,59.06875763833523,8.314870196627808,-1.6480048497517903,8,,,,,,,,,D03,,,
JERC_007,JERC,13.780039040744304,1.0681154509721946,-0.0487355970378433,8,21.05366624612361,1.5144066711322863,0.4263799476570317,8,2.0657163206487894,0.1436373020435874,-0.0379943897326787,8,7.0629926674300805,0.2470667285934589,0.0374175348274764,8,0.4098804251116235,0.1234643997051875,-0.0337281410770845,8,4.810111241112463,0.7451538471675188,0.1467213804744894,8,0.4479811546470349,0.1189904604833554,0.0121073335860042,8,0.2351750268057609,0.0602765250267705,0.0075536238487869,8,0.7607226183017095,0.0562084525581211,0.0119808079083524,8,2.21599956284765,0.1826084366116186,0.0455803826447077,8,0.9244195989322646,0.2338866297712118,0.0617994340222928,8,19.53455814427386,1.0007777901130128,0.2432049555142247,8,61.93827534466982,6.083775550732523,-1.5205384237425668,8,1.0,1.0,1.0,1.0,2.0,1.0,1.0,0.0,D03,,,
JERC_008,JERC,15.51320172753185,0.9068473538935088,-0.0409425623892318,8,22.446543000638485,0.471542921644946,0.1192464424031121,8,1.871488071978092,0.1169319359830475,-0.0310300363316422,8,7.864717253949493,0.3711457926680876,-0.0860878519625181,8,0.3338331967242993,0.0707081658472928,-0.0175665559945628,8,4.549691684544087,0.5406019904509805,-0.0035998540974798,8,0.3519243779010139,0.0711594156115728,-0.0019338495330885,8,0.1824887677212245,0.0346860588073526,0.0003547817468643,8,0.7628927677869797,0.0349453076018933,0.0090185461920641,8,2.3279379680752754,0.1349338741571915,0.0349752257267634,8,1.0909021880361252,0.213822739801004,0.0585726192387353,8,21.18213277496397,0.3974407506760924,0.0661641151777335,8,44.29406809061766,3.9754571628481967,-0.9917716000761304,8,,,,,,,,,D03,,,
JERC_009,JERC,13.18033725116402,2.840911769010673,-0.4948876131148565,8,20.18321471940726,0.9062586836936184,-0.1667449064552784,8,2.2165007051080465,0.1881120518434223,-0.039673182758547,8,7.257336273585679,0.5791746290338119,-0.1153316968813582,8,0.4683412665617652,0.1238928583650982,-0.0280355883296579,8,5.250323984539136,0.9641619760707208,0.0952722956537313,8,0.4857421460619662,0.1977866326400549,0.0293752937660818,8,0.2352819294756045,0.0899260093862291,0.0145865838789004,8,0.6916921302820334,0.0604056270198109,0.0125046508059395,8,2.0971802552377348,0.1470899572960874,0.0297621356324336,8,0.6537071370155207,0.128340659216029,0.018984729648423,8,19.022419368382543,1.5721441806359564,-0.2591406613854425,8,62.23908467590809,4.870892008017316,-0.3082918169952574,8,1.0,1.0,,1.0,1.0,,,,D03,,,
JERC_010,JERC,10.964608430862429,0.5826268563158341,-0.0911783189291045,8,18.974194832146168,0.7919785440661806,0.1608769070534479,8,1.7549168579280376,0.0827287611144175,-0.0233449296404918,8,5.827802367508411,0.315881536651269,-0.0532458596641109,8,0.2760065970942378,0.0727938714825184,-0.0198113746508689,8,3.884559353813529,0.222518063769725,0.0508182999633607,8,0.3638505252311006,0.0429373169416624,0.0082795143437882,8,0.2024562411825172,0.0249532024824905,0.0048664134561217,8,0.8534397752955556,0.033244276224973,0.0077976957407026,8,2.449299189262092,0.1136602633703526,0.0281489994376897,8,1.3014388540759685,0.2370787957481769,0.0621824688943369,8,16.903580091893673,0.2528394468190607,0.0279761233500071,8,62.04506938159466,2.4588793095541943,-0.2646359049138568,8,3.1700328249236738,2.5789473684210527,0.6142857142857143,4.0,7.0,,,,D03,,,
JERC_011,JERC,21.318696096539497,1.0051164089313418,0.0243464992159888,8,28.345001593232155,0.3340863816270589,0.0861042993409293,8,2.059049722738564,0.1918128281274212,-0.0473891475370952,8,10.751088259741664,0.4667952878127043,-0.108091630218994,8,0.4102089594234712,0.0838168388738839,-0.0210558246388765,8,6.029172984883189,1.119139714978445,-0.156105067048754,8,0.3400581916212104,0.0898705418097489,-0.0101100389867843,8,0.1643033254949841,0.040110466880196,-0.0032378558756872,8,0.6838882097508758,0.0521797379934963,0.0128588047809898,8,2.259926220402121,0.2389946236839309,0.0614419448233786,8,0.8978853819717187,0.2264831749324675,0.0596743242488065,8,27.33238495886326,0.1654692265852593,0.0244590058213188,8,45.8336141332984,8.126664002761702,-2.058848803951627,8,1.0,1.0,1.0,1.0,4.0,0.4602703118137901,0.15,0.1399999999999999,D03,,,
JERC_012,JERC,0.6691840901007863,0.1293642709411966,0.0190528554529507,7,0.6523202321259305,0.6016364504906673,-0.0387776554284972,8,1.806599361822009,0.1045300874631426,0.0165869047244389,8,0.1098536945792147,0.1646558299986564,-0.0060169306012713,8,0.8751826969673857,0.2203410504085662,0.0045412985962771,8,0.0975248140701073,0.0618552942302552,0.0067806930477416,7,0.1351803722601308,0.0666595377649569,0.0071343970571318,7,0.0754647381591046,0.0339337756701222,0.003421953814027,7,0.4092746982868347,0.1889831598197035,0.0045501615059676,3,,,,0,0.0,0.0,,2,0.8173776989435257,0.2298733110931117,0.0282432674081305,7,100.0,0.0,0.0,8,,,,,,,,,D03,,,
JERC_013,JERC,14.07890052255243,0.8934761760754424,-0.0668779099803595,8,22.467382825445384,0.7232636466766974,-0.0770100782669725,8,2.075693600811064,0.1702701368266781,-0.0358330131996245,8,7.559791313542519,0.4206545037906662,-0.0816980061076936,8,0.4348629274172708,0.0668426229928942,-0.0161145034889202,8,4.937349131621886,0.6483551328439727,-0.0968093366051713,8,0.3960903980769217,0.0804114388995941,-0.0075270164247957,8,0.2122775894822552,0.041159363503683,-0.0034046055793407,8,0.7756653953033189,0.0357998094954825,0.0053437584996341,8,2.412029303734501,0.1586264689339226,0.0404701809561441,8,0.8426740401220134,0.2030547925309266,0.0556329904053921,8,20.490153016056865,0.6316541846342342,-0.0865286629469621,8,57.76122713088989,5.358303930134155,-1.289774822337287,8,,,,,,,,,D03,,,
JERC_014,JERC,4.556601918344809,1.356043176078529,0.0386246853152689,8,4.581934217305388,0.6572329745962674,0.1072828737697342,8,2.049471781589091,0.1405269523996722,0.0166469742322251,8,1.254174369139946,0.1983663146383312,0.037262139132335,8,0.7719031599117443,0.173684114708613,-0.0057584122488541,8,2.00702537876066,0.4549111315786001,-0.011756373760491,8,0.3618404242098211,0.0601391677583688,-0.0007718395552354,8,0.200014965525159,0.0333225465834336,-0.0006570091499489,8,0.7473668100800188,0.0491677734964659,0.0096394645970931,8,2.119452938437462,0.2638508188840399,0.0593900273716638,8,0.5105036479177042,0.2081826491899451,0.0210385609401259,8,7.198968836876414,1.6824009723981093,0.048760341471543,8,93.77809463441372,1.110729632401312,-0.2800983289877574,8,,,,,,,,,D03,,,
JERC_015,JERC,19.02815799601376,1.5799662596201027,-0.3685957134834358,8,24.395685342140496,0.5825632714199487,-0.1255792086677891,8,2.0074212355539203,0.1727708972720339,-0.0253171857801221,8,9.569128948729483,0.3995018260910545,-0.0997401853313758,8,0.4428807985968888,0.0691114651068532,-0.0119971996672185,8,4.432590781478211,1.145092910262204,0.1497747365030504,8,0.2513375896087382,0.0878821940082718,0.0141003917863902,8,0.1256172077410156,0.0432227860740597,0.0076572878433147,8,0.6902379936072975,0.0566605243245272,0.0133254118041978,8,2.1582801073789595,0.1800560726961151,0.0423028124880696,8,0.810235354519682,0.1373525592476625,0.0212711943884468,8,23.53579794894904,0.7831704465778345,-0.1769688902866272,8,48.47772605717182,5.662129664088099,-0.4649405791645958,8,,,,,,,,,D03,,,
JERC_016,JERC,12.734096745029092,3.741386527925726,-0.8316980085912205,8,23.0068728029728,1.0901082259493624,-0.2347060527120317,8,1.6078154677525165,0.1889673107569844,0.0322664614234651,8,6.318438309244812,0.4849411117173764,-0.0033327605397928,8,0.078030405615209,0.0307831304456417,0.0021382801198688,8,5.706850115209818,0.4349347091567906,0.0742407630064657,8,0.5113475822145119,0.1755021862160939,0.0321968530992134,8,0.278341882280074,0.0957805784561734,0.0184166262181298,8,0.845145660918206,0.0479922534897456,0.012993458481062,8,2.5027315309271216,0.1120369234501544,-0.0151850930636837,8,2.248663234291598,0.6861812760668076,-0.1104426634098802,8,21.03762995824217,1.783068194075652,-0.4038242740290506,8,45.668299462180585,19.936867096948024,4.5020642119592855,8,5.298702257124207,4.571428571428571,0.4087837837837837,6.0,8.0,,,,D03,,,
JERC_019,JERC,10.030344326980412,2.283660410085277,-0.4750280321708747,8,18.73257463099435,2.579222836898749,-0.5286684318756064,8,2.018896588124335,0.1677480502863662,-0.040920451993034,8,5.751899242197396,1.219932332509714,-0.2709316818758712,8,0.3246679741350817,0.0851782327846759,-0.0229349137745365,8,4.645360644222819,1.0199304647854108,-0.1970362495922017,8,0.571762516599847,0.0864346448684834,0.0005245601253894,8,0.2923522699711611,0.0398800300712459,0.0022687180025968,8,0.7753685351926833,0.0333425822325784,0.0080574403206507,8,2.1641575524095624,0.1104107517614874,-0.0255868437507795,8,0.9391066320599444,0.2141404806833441,0.0347003694231038,8,16.904676510952413,3.147247581554721,-0.6916599224898077,8,63.23757549375296,7.238893837934508,0.8367234014329457,8,,,,,,,,,D03,,,
JERC_021,JERC,16.48430803604424,1.267941139650953,-0.1117627352830909,8,23.65947826951742,0.6506311893363435,0.1385222914673033,8,2.214542156085372,0.1446428928235195,-0.0266171059615555,8,8.403095817193389,0.2940965869327493,-0.0318062488167058,8,0.4882238693535328,0.0502151248293229,-0.010600055235305,8,4.8905646139755845,1.035897002251652,-0.0085339174561557,8,0.3557189361890778,0.1247560494963745,-0.0022745516062492,8,0.1817592925217468,0.0570465337232615,0.0015791522483119,8,0.7266712291166186,0.0547035490013683,0.0116760603462656,8,2.2607843020930884,0.1575506442067432,0.0382697445650895,8,0.7236445822636597,0.0914672176215746,0.0193742283736355,8,22.19826688989997,0.3847307595476228,-0.0121343366446949,8,55.33018983900547,3.391492267380811,-0.373351202124641,8,,,,,,,,,D03,,,
JERC_022,JERC,14.524768386439732,1.3674622781087364,-0.3571815421243036,8,21.650507076410577,0.4066896198688179,0.0950174379783372,8,2.0808074679225683,0.182451109579021,-0.0435331928588095,8,7.658751880459022,0.316608703008215,-0.0610909456320639,8,0.4371182891190983,0.1183038396978228,-0.0316783255132447,8,5.253843838562412,0.5425370123742081,0.0514207050474065,8,0.3963185881924195,0.09418458803029,0.0197917584104404,8,0.2068669563392177,0.0534930880833131,0.0117327436261499,8,0.7729513633064926,0.0455865457684833,0.0120165283895201,8,2.330627863947302,0.1745477752923744,0.0411192174675682,8,0.8504912809197169,0.2180233475523367,0.0580735085369457,8,20.736266712347664,0.4050227006323064,-0.0646401984203192,8,55.66723874211311,4.924419638618536,-1.0271411807764144,8,,,,,,,,,D03,,,
JERC_028,JERC,14.082438930869102,2.8493081661214337,-0.6505960247346333,8,23.26773013174534,0.6408558696784136,-0.115075287364778,8,1.482581064105034,0.1715996957854051,0.0316804314830473,8,5.96233582124114,0.8192338591381931,0.1496826431580952,8,0.051723143399613,0.0388148045011175,0.0028594096741774,8,5.444693816825748,0.7553548460250139,0.167907057950894,8,0.4154969555092975,0.1402080193131359,0.0294869709870822,8,0.2300572571693919,0.0834338665965193,0.017949005616607,8,0.8782423227094114,0.0615356567563602,0.0157247079270226,8,2.681364605203271,0.0733062263470408,0.0051487957437833,8,2.842185515910387,0.9621150208630423,-0.1616626871483666,8,21.591954857110977,1.0909979375489065,-0.2320966748964218,8,31.68975736759603,18.200219692176525,4.088966105133295,8,,,,,,,,,D03,,,
JERC_029,JERC,12.100958721401108,2.0510188419183004,-0.2283451979466857,8,15.899004486389458,0.3191908982861114,0.0510264652825537,8,2.2208945360034704,0.2535356068480434,0.0459834432140702,8,5.230621031820192,0.5867192904911144,-0.1339191288737181,8,0.5364262840594165,0.0434690141500831,-0.0065068673630732,8,3.382259595866235,0.3735676781861652,0.0090960268288205,8,0.3496310885474529,0.1325178018261284,0.0137816188392353,8,0.174453647445095,0.0601020972776582,0.0067677783241178,8,0.7015381490346044,0.0239838241700387,0.0050037817926042,8,2.0022391248971987,0.0923515408079392,-0.0042648752594095,8,0.8920453365590686,0.1692535975809216,0.0403405646267614,8,16.24716963630115,1.4888167472843277,-0.1131584864672479,8,60.6257773116231,2.7413774610044275,-0.2970151021367028,8,,,,,,,,,D03,,,
JERC_030,JERC,10.71880183275789,2.0297449265799075,-0.430353191991647,8,18.03378853946924,1.756650614603892,-0.3257008723559834,8,1.8015542468056085,0.1078709999080815,-0.013238440932972,8,5.593029467388988,1.0149907312191715,-0.2397858202457428,8,0.2543571522692218,0.0636252174893413,-0.0136895327249519,8,4.079327581450343,0.4333755979449871,-0.1026098935731819,8,0.4401553479256108,0.0751811925423114,0.0095440596120343,8,0.238507205620408,0.0391437014360005,0.0058444712277767,8,0.831698743160814,0.0336376821296177,0.0090769130204405,8,2.2564443959854543,0.1021418602563071,-0.0062689244569767,8,1.3742854538431857,0.2638868771734498,0.0570411105540448,8,16.52132294140756,2.094946162415284,-0.4393142589500972,8,57.52466947957873,8.70492357685465,1.5844039643804233,8,1.0,1.0,,1.0,1.0,,,,D03,,,
JERC_031,JERC,13.151528364047408,0.8503413191438991,-0.0558676483730475,8,19.77622815966606,0.3680170498536951,0.0583350821619942,8,2.0106662455946207,0.2116297884452619,-0.0524537474626586,8,6.757342524826527,0.3333873530578415,-0.03129830991938,8,0.3859005939448252,0.0954785346846987,-0.0238346919483904,8,4.109417971223593,0.374777549459721,0.0182464617703642,8,0.3992943950579501,0.0656666417861904,-0.0046643822930664,8,0.21053113223752,0.0314583676861877,-4.686604508952725e-05,8,0.8002967250067741,0.0522629285119659,0.0133100863590481,8,2.3021464850753546,0.151894267507359,0.0392731307517914,8,0.9427388337498996,0.22244592519459,0.0606207247418794,8,18.411899607628584,0.528976708036013,-0.0220960211895761,8,54.88277466595173,4.3096457600599765,-1.0025482050010135,8,,,,,,,,,D03,,,
JERC_033,JERC,18.752894645556808,1.336256067558511,-0.1957839968658629,8,24.37296594772488,0.5644660811579155,0.0982278698966616,8,2.1846702955663204,0.1783443360059897,-0.0219849594646976,8,8.866568918339908,0.5806200640881097,-0.1141094710855256,8,0.4546811223844997,0.0783734423330611,-0.0193204178552453,8,4.278092325665057,0.6951868522446284,0.082284560515767,8,0.2533395460923202,0.0822827755911861,0.0120059326956314,8,0.1241635747428517,0.0401583056981475,0.0067225432417,8,0.6803384921513498,0.0434746396096531,0.0090738914330445,8,2.1122295959852635,0.1398177694089987,0.0313533323240422,8,0.8684481184233543,0.2023860669530246,0.0533334328287136,8,23.35354318935424,0.5876339747723577,0.0367199948855808,8,47.6745997145772,6.714294906790002,-1.667311456941423,8,,,,,,,,,D03,,,
JERC_034,JERC,20.374660432338715,1.1107325905527787,-0.2351245511145819,8,26.415502190589905,0.423330142181113,0.0226276254370099,8,1.7244379809126258,0.1099702661209615,0.0153758038899728,8,9.430987924337389,0.4073062094355427,-0.0741853249214944,8,0.2863522011903114,0.0383995527079263,0.0039530211194817,8,4.679258681833744,0.7978465059622036,0.1412385884849798,8,0.2390768454642966,0.0573094048021887,0.009858688566878,8,0.1178106469160411,0.0298838222455649,0.0052656704737317,8,0.717079256195575,0.0342953512143433,0.007566384793747,8,2.384761539986357,0.0768950381516619,0.0119588359126022,8,1.3471340070245788,0.1388368502188621,0.0021241817046843,8,25.152969665825367,0.3346449436851031,-0.0465952973990213,8,31.85841011628509,4.8948059664985255,0.6609021985814685,8,,,,,,,,,D03,,,
JERC_035,JERC,8.992376015255495,3.488190667572816,-0.8678235030181858,8,15.986522233812138,3.8333623494606512,-0.9604384618190428,8,2.4339174581691623,0.2123812826971545,0.0323898515530994,8,4.964787864155369,1.6165275939341075,-0.4323264736504781,8,0.580397606419865,0.1005749518969775,0.0141047779138066,8,4.045550169814046,1.018398638423553,-0.2307937268601718,8,0.5241682623745874,0.205106145762472,0.0244087652425237,8,0.260447943876248,0.0944423551701778,0.0102764062269045,8,0.7106152440878416,0.0323319928527494,0.0068356291640315,8,1.8915046171315293,0.1444612547702132,-0.0166936763235487,8,0.5152000251879986,0.1570562519615307,-0.0358934307812724,8,14.488383057128106,3.5584707548308336,-0.9413024402749376,8,73.23836973309517,10.756132426991426,2.713813385793141,8,,,,,,,,,D03,,,
JERC_036,JERC,7.703291550278664,0.6697831865259446,-0.0079335268764268,8,13.910605408251286,0.9289801922426904,0.2652382190738405,8,1.7291617644950747,0.1116649467776553,-0.0293177249176161,8,4.088790787383914,0.2063515481418003,-0.0182910235155196,8,0.2283704063374898,0.1012403877169054,-0.0272964184245904,8,3.028272924013436,0.3635000765075378,0.0950616948483955,8,0.4145159961190074,0.0714369394684365,0.0120633408937248,8,0.2317827582010068,0.0429881322757781,0.0077900037535333,8,0.861487960908562,0.0489601060588977,0.0125245827560623,8,2.074391287751496,0.1363736369282101,0.0379447116560879,8,1.4878748247865587,0.4157147638594973,0.1121128499064417,8,12.52274852246046,0.700454851552368,0.1720708204167229,8,80.9156304448843,3.8370166041931446,-0.5941495114848727,8,,,,,,,,,D03,,,
JERC_038,JERC,16.114944368600845,0.7472053073761485,-0.0452671150366465,8,25.11474722623825,0.6101778532168592,0.1711605106081281,8,1.576880507171154,0.0701528363755966,0.0001424064061471,8,7.832830276340246,0.4944439881184297,-0.0068616650643802,8,0.1152491589164128,0.0332427386264921,-0.0043589323357168,8,6.385991727933288,0.5631800829822715,0.0614627285727432,8,0.4199749011313543,0.0592650026614367,0.0063917079408253,8,0.2251467337482608,0.0342041275617437,0.0041365500295623,8,0.8495400627143681,0.0313758004179197,0.0075919029435941,8,2.71030156314373,0.1089324153935177,0.0298339846943105,8,1.933819535188377,0.3208499574384803,0.0456194535252593,8,23.605752184987068,0.4014594472418561,0.1073350693498339,8,29.86079869046808,5.298306863882833,0.3454760650084132,8,,,,,,,,,D03,,,
JERC_040,JERC,12.214945772911111,1.0122601976419108,0.075884777035505,8,19.37743282294832,0.4782074179576257,0.0612907789736276,8,1.895597499795258,0.0809323783879743,-0.0173300502023526,8,6.494474359322339,0.2068279037468177,0.025602387397417,8,0.3500913303432753,0.0578976842197249,-0.0054468934374329,8,4.524045759051417,0.3747706497887892,0.0015667402067236,8,0.4196380086864034,0.0842896239207357,-0.0098716307202324,8,0.2260154735141744,0.0442102957519666,-0.004751522947354,8,0.8130387833341957,0.0288518020048111,0.0025312782043502,8,2.348621851023996,0.1147959217643986,0.0289509097468994,8,1.0073550126088473,0.0803418770162322,0.0137123593964451,8,18.11817129856596,0.501240817322078,0.0187480053494846,8,53.30995916202664,4.196004292310082,-0.3795997702649661,8,,,,,,,,,D03,,,
JERC_041,JERC,11.489409046247602,6.439293764309545,-1.4826693197801,8,20.779816031456,3.922171382580879,-0.8474341794138863,8,1.5896302005276084,0.2475019038164342,0.0264768025704792,8,5.176390568725765,1.6503298189552698,-0.3335444257550296,8,0.0693738567088075,0.0600478052167788,-0.002331012631614,8,4.685713049955666,1.151002548787391,-0.2434882363747982,8,0.5053967370186001,0.2152054220683029,0.031027407718024,8,0.2582544000761118,0.1027542823676955,0.0161518200073346,8,0.7888072794303298,0.0339502572242441,0.0052994240430139,8,2.2077251011505723,0.4379172605904078,-0.088899426871822,8,2.4146598633378744,0.9830119692070498,-0.0821221202966712,8,18.345343187451363,5.307317053480526,-1.2331160612049556,8,54.01682295976207,36.302973933263225,8.906035310322684,8,,,,,,,,,D03,,,
JERC_042,JERC,10.446572553366424,0.4278116521832961,-0.0636252746695563,8,17.427512548863888,0.404244817950954,0.0940116622618266,8,1.7784619061276317,0.1669270227568741,-0.043312754748123,8,5.254875112324953,0.3261407352533961,-0.0593098182053793,8,0.2898651502327993,0.1091224460936175,-0.0275932319373601,8,3.462466513738036,0.1358629872327517,0.0274913752717631,8,0.3487618473591283,0.0213430318841198,0.0025054049190311,8,0.1939095825655385,0.0135947746676162,0.0020587411653693,8,0.8550057807005942,0.0353230472851394,0.0085267750102849,8,2.4038722468540072,0.1232012659038694,0.0324710512622481,8,1.336396944243461,0.3698352768305885,0.0931864146010151,8,15.654429100453854,0.1751260704528472,0.0013445253883089,8,58.52680458128452,3.0908130592898466,-0.7988796007065546,8,,,,,,,,,D03,,,
JERC_044,JERC,12.731799075845627,4.364435924378008,-1.0521139994795834,8,19.70297116227448,3.2526953106025087,-0.7638362450968652,8,2.028886266984045,0.1118034365875967,-0.0114314138357128,8,6.60973758623004,1.640019858430687,-0.3924035937747075,8,0.3850192923564464,0.0522296782194893,-0.0124273175495632,8,4.270727104274556,0.3457875695299746,-0.0827537783465924,8,0.4304892660293262,0.168819890573609,0.0341542495713968,8,0.219306626211619,0.0825754211261908,0.0186211542348333,8,0.7356087870430201,0.0420345706656863,0.0097855304900024,8,2.014421333826826,0.1618374880827073,-0.0296588411449102,8,0.8513910941566185,0.1778977942994442,-0.0131608079453664,8,18.098774320445955,4.068656820723439,-0.969327679524819,8,57.62381552904844,14.205438788877158,3.243997942124094,8,,,,,,,,,D03,,,
JERC_047,JERC,11.353668976575136,0.5621016951938408,-0.075421513368686,8,20.301256135106087,0.4825928924879763,0.1326302956967126,8,1.779626400209963,0.1193503318883289,-0.0323778773170141,8,5.869415340945125,0.3859921416041315,-0.0773090959659644,8,0.2586325461452361,0.0872988364887252,-0.0232076260255694,8,4.341628420166671,0.1065255893877307,0.01706473591427,8,0.40620879502967,0.0344443351791416,0.0056641449087432,8,0.2243930323165841,0.0196668983843162,0.0031509475139457,8,0.8531561447307467,0.0307528101024575,0.007222348735446,8,2.4754100078716874,0.096984288790895,0.0260341702295201,8,1.4118663467234,0.3019657497962235,0.0816648738414403,8,18.13158497959376,0.4892476058010301,-0.0111354270151683,8,54.94035480171442,3.5580363982718946,-0.9779712579080037,8,3.2085001874767216,2.1950207468879666,0.8734015345268542,6.0,23.0,,,,D03,,,
JERC_048,JERC,15.356942339924474,1.351702486129563,-0.2429340963562329,8,21.591508392477408,0.5285620075349693,0.1271078308733801,8,2.102711660787463,0.2135626070055893,-0.0438209027938899,8,7.633832660154439,0.1589942902032366,-0.0029885282496079,8,0.4591278895386494,0.1110352375049795,-0.027163860443536,8,4.656650879290343,0.7664705300062014,0.1234637914452746,8,0.3328854328137822,0.0943845222193616,0.0191261851217686,8,0.1741133603616617,0.0503359138523991,0.0108391693959544,8,0.7279114816648264,0.0471611484163058,0.0114853111731391,8,2.225239766140779,0.174296173991194,0.0439675076140297,8,0.7889143695977205,0.1874143294262702,0.0416984635863512,8,20.859136166765044,0.588877243564569,0.0025984668394638,8,53.49031824618578,7.188106375722637,-1.445243736108144,8,1.0,1.0,1.0,1.0,7.0,0.4213172953357632,0.15,0.1399999999999999,D03,,,
JERC_049,JERC,16.2378502599895,0.7085679650111463,-0.1111052210132281,8,22.99033433943987,0.6207860435979043,0.1732198737916492,8,1.94307610578835,0.2271153424770737,-0.0561921646197636,8,8.159035817719996,0.227222640900908,0.004438923317052,8,0.3840571141336113,0.1007467273155689,-0.0275764539616093,8,4.61934778187424,0.6945745703774451,0.1188115265575193,8,0.2980315372115001,0.0603385502385534,0.010467302519828,8,0.1572868858347647,0.0331973139402201,0.0065304943903659,8,0.7785672065801919,0.0569380169807094,0.0140733986738182,8,2.4012044901028275,0.2078746427656871,0.0539842114916869,8,0.9912993879697752,0.2156047376476424,0.0570273703779093,8,21.69216083735228,0.3746752222497344,0.0993239751883915,8,46.93395645916462,7.376225936018794,-1.9685976334980555,8,1.4000329297344922,1.2320819112627983,1.0,2.0,19.0,0.5911256854940076,0.2,0.2655681818181817,D03,0.3666666666666669,0.3047619047619047,0.1853061224489796
JERC_050,JERC,13.00803393125534,0.7385608571836141,0.1615923366376332,8,21.495559580624104,1.0859862707286063,0.2997210054170517,8,1.660899511538446,0.1052220212791688,-0.0273470293198313,8,6.655289202928543,0.2842808967527496,-0.0477593251991839,8,0.198554273119953,0.0685224026809463,-0.0165604839518588,8,4.918002804741263,0.156001162813196,-0.0200817567251977,8,0.3851527259685099,0.0347939740963243,-0.0059455584158145,8,0.2103678327403031,0.0182815390077722,-0.002470908614452,8,0.854512486141175,0.0308176585310357,0.0069514890423133,8,2.5613036612048745,0.1512029321221482,0.0411696524492331,8,1.674022851511836,0.3480449622908953,0.0867812876988734,8,19.78312210738659,0.7154057679188169,0.2016667482398805,8,48.704760141670704,10.748489641329272,-3.013481637551671,8,4.883053958075945,4.121951219512195,0.7813765182186234,6.0,13.0,,,,D03,,,
JERC_051,JERC,14.66878712316975,0.8534505363367333,-0.1409591861690084,8,21.803237829357386,0.619326044897254,0.1538018869856993,8,1.9393639611080289,0.2032915553887281,-0.0508708973370847,8,7.693800729437498,0.290190973545571,-0.06506776141413,8,0.3862928405287675,0.1138202773398802,-0.029941445571326,8,4.94842585026654,0.5040425339895361,-0.0099983829567506,8,0.373189365166642,0.0611510961390709,0.0028794288335784,8,0.1964584788085024,0.0280153317941577,0.0020328287549683,8,0.8006172457399467,0.0423144515493521,0.0098549629014635,8,2.460661398122708,0.1585183572020214,0.0415962118951101,8,0.9753540036936708,0.2870296266675753,0.0789074420574165,8,20.542251895647496,0.4181697033980759,-0.0338074819051793,8,49.69732090830803,7.928731106158392,-2.129464505683808,8,1.2507183622782252,1.1245136186770428,0.9477124183006536,2.0,17.0,0.5770588291770019,0.25,0.2446590909090908,D03,0.3942857142857144,0.3952380952380953,0.165230536659108
JERC_052,JERC,13.63670776175956,1.850568880523684,-0.3832839022641853,8,19.45239670388401,0.761749160311156,-0.1196536418227922,8,2.279568924568593,0.1683851585144878,-0.0360541498909393,8,6.717337618523743,0.5689825367741115,-0.1171936880342573,8,0.5170761971676257,0.0846432006578944,-0.0225204167294404,8,4.031895986471015,0.5849684762847526,0.0311919254176909,8,0.3402190953774455,0.1045564685309511,0.0190807072810703,8,0.1794844545875094,0.0562028495419983,0.0105476011113274,8,0.728430314315483,0.0435190055969078,0.0085666934619583,8,2.13416322888363,0.1431899466536031,0.0285427563382384,8,0.720939814123752,0.1398361238353794,0.0359910399610516,8,18.698793812841178,1.2878968670582536,-0.2450276271218344,8,59.18859105184674,3.863323567362349,-0.8025395980193502,8,1.7547653506033232,1.6,0.85,2.0,4.0,,,,D03,,,
JERC_053,JERC,15.11273527611047,1.6845572828258832,-0.3687413850178321,8,21.776615910232067,1.0228493703713646,-0.2343585469893046,8,1.962631830945611,0.1672206572693921,-0.0404082776180335,8,7.685765150701627,0.8246184058771168,-0.1953800920219648,8,0.3938023772789165,0.0850664095500859,-0.0228223863745196,8,4.180538618937135,0.5953251315546816,-0.0392995646578215,8,0.3141710714262444,0.0751930899493224,0.0084504865614386,8,0.1647967594035435,0.0392467132328435,0.0056887381665763,8,0.7785919373854995,0.0443373396049226,0.0106318987063353,8,2.364777662292389,0.160233331489449,0.0194455039541737,8,0.9041620593343396,0.1571794740800144,0.0414072664931327,8,20.314150760881603,1.4282497797455835,-0.343133369017215,8,48.648921087384224,2.2465639303411367,-0.5076870251269567,8,1.0,1.0,1.0,1.0,21.0,0.6285092576148912,0.15,0.1399999999999999,D03,0.393809523809524,0.257142857142857,0.2632086167800453
JERC_054,JERC,14.225907929241655,0.5689341176625657,0.0323399291152045,8,20.457392066717148,1.1206559624294938,0.3140847129481179,8,1.4217465640977025,0.0614368562994067,0.0025292009647403,8,5.308376764878631,0.7005415398556525,0.096563101879188,8,0.0910571725457884,0.0236159627988538,-0.0038403136298126,8,3.816138802096248,0.6646192383491789,0.1490332422157128,8,0.2726775955525227,0.0519322116467951,0.0094432505679183,8,0.1459050568810198,0.0308002050678941,0.0055559893842742,8,0.8106595054268837,0.0643317751515967,0.0145355226649414,8,2.574584785848856,0.2249739731410053,0.0582916940606775,8,2.481312559451908,0.4763428613974645,-0.0149848809288371,8,18.936421751976013,0.7658481504571774,0.2162423524118605,8,21.74516129679978,5.016037537223245,0.1264604392151037,8,6.793302564627648,4.235294117647059,0.9022099447513812,14.0,60.0,0.9782817071763766,0.8472222222222221,0.1127831059960216,D03,0.9252380952380952,0.8300680272108845,0.0523465159179445
JERC_055,JERC,10.033166016607236,1.7492995461523904,-0.2267715073974123,8,16.040601736400276,1.4929289378259971,0.3398839088511609,8,2.243117116391659,0.1866391771397295,-0.0476336509344123,8,5.168734015634982,0.2181037150494376,0.04169423774805,8,0.5341820982284844,0.1814722586234403,-0.0488329435299549,8,4.067018914880464,0.2782627492086993,0.0334263293244432,8,0.4804478200288334,0.1375787231009298,0.0257877748106635,8,0.2436689071570678,0.0619746396382668,0.0118638946007685,8,0.6891974380695736,0.0596468397276873,0.0117338276083448,8,1.930558821228756,0.1517149006916073,-0.0031924301165556,8,0.5995094976891299,0.1330524042063206,0.0357900782976897,8,15.325810089707376,1.125096029130502,0.0295714804281791,8,71.38598999381065,4.055046828768612,-0.9333571153027672,8,1.0,1.0,1.0,1.0,2.0,0.6281708731136648,0.15,0.1399999999999999,D03,,,
JERC_056,JERC,11.632607232721952,1.694974530642739,-0.2253748383352553,8,16.581033438676968,0.8895186195261818,0.1685003918551263,8,2.1923510897904634,0.1609630837488909,-0.0282687699156148,8,5.476893322018441,0.3434426485276738,0.0151773355845805,8,0.5134963688324206,0.1143602179902742,-0.0307610513354163,8,3.797970469672687,0.5269227659257043,0.0574746238045003,8,0.3961031489784662,0.1111272847564554,0.0193311486982254,8,0.2060237233186714,0.0568737903655154,0.01047501375416,8,0.7199519457901067,0.0529151390890544,0.0110638618242134,8,1.9611521446111648,0.0749722427720373,0.0071720705055382,8,0.7907153162935792,0.1177494751223652,0.0169445977420932,8,16.290302557479112,1.1100468754491322,-0.0048813335975047,8,63.285036727786064,3.557504839770383,-0.9584353112039112,8,1.0,1.0,1.0,1.0,2.0,0.9967741935483873,0.95,0.0433333333333333,D03,,,
JERC_057,JERC,9.192865315824749,0.8172712048160098,-0.0501385881077675,8,16.883891221135855,0.9770093804674465,0.2460492913212095,8,1.671935573220253,0.1180676826826887,-0.0329782511329367,8,3.996782755479217,0.3123373089670581,0.0604569487983272,8,0.1641876181520274,0.0756080945754606,-0.0208678445166394,8,3.515021921135485,0.2555855720155007,0.0573484827542588,8,0.4245367507683113,0.0595574123487242,0.0064094900264449,8,0.2327780363848433,0.0343166299644113,0.0045595785735973,8,0.8520392375066876,0.044039045248095,0.0112520362738342,8,2.260738761164248,0.1620710666183442,0.041972873821145,8,2.0409045209235046,0.3101467823765177,0.0201652670900026,8,14.500106424093246,0.5289954161497251,0.098547733255795,8,60.97327071381733,5.831943990201904,0.1381199775884548,8,7.673614304296589,7.043478260869565,0.9459876543209876,9.0,36.0,0.942907632317725,0.2388888888888888,0.5710518225735619,D03,0.9142857142857144,0.7483219954648527,0.1063676799391085
JERC_058,JERC,14.248823901638389,1.941561502833061,-0.3170660894718908,8,21.78683621995151,0.5324599883466014,0.0885487342519419,8,2.298765485174954,0.2749469574172915,-0.0678185662698178,8,7.55304883280769,0.3412557723690358,0.0120995784000981,8,0.4921202715486288,0.1150829962929873,-0.0322930237577695,8,5.340432400349528,1.071155441184775,0.0598085932433605,8,0.4404917343053967,0.1571523900252002,0.0199706162481258,8,0.227294471435016,0.0813865039068747,0.0093991188471028,8,0.7292378442361951,0.0231060384235409,0.0048904025572396,8,2.1040706899172315,0.0870897826567143,0.0206301959852377,8,0.647936029074117,0.1833889697436239,0.0383823538303702,8,20.48009904846549,0.5476431296010763,-0.07131025798264,8,62.783855713903904,6.982240654555199,-1.2353378591083346,8,1.0,1.0,1.0,1.0,3.0,0.5197485847485848,0.15,0.1399999999999999,D03,,,
JERC_059,JERC,18.400211952626705,1.5249940859285995,-0.1522262586014611,8,25.293061807751656,0.4972395520875717,0.1394846808342706,8,1.883504632860422,0.1705755930939897,-0.0440680052907693,8,9.642044860869646,0.2580214518058389,-0.068225785380318,8,0.3544434203067794,0.1059199993617628,-0.0279726821130939,8,5.445730078034103,1.5593684235872871,0.1620379149736393,8,0.3233253184007481,0.1203738442567995,0.0119846046880064,8,0.1672232117562089,0.0630796652951827,0.0067812929018622,8,0.737733184825629,0.0626430913440611,0.0140814648142882,8,2.354335737414658,0.2236283686850031,0.0546553275060086,8,0.9363990555284544,0.2335416650475033,0.0607600976557781,8,24.150832071900368,0.3176607600992416,0.0849670583293551,8,42.49243349581957,8.288724438631801,-2.1302294184764228,8,1.0,1.0,1.0,1.0,8.0,0.4235161391005311,0.15,0.1399999999999999,D03,,,
JERC_060,JERC,17.027412999421358,0.5188210966444744,0.0291293316653796,8,23.82853159308433,0.5602832187038193,0.1547885579722268,8,2.036472810432315,0.2385237250575043,-0.0549338887489977,8,8.267655585892498,0.2843831821455671,-0.0069041313337428,8,0.404223012534203,0.0982113536446935,-0.0243226965761832,8,4.609247885644436,0.3852125022883933,0.0108735793758006,8,0.2993435027310624,0.042884081479282,-0.0020226494719584,8,0.1576899421634152,0.0209375960162206,5.5367637070871534e-05,8,0.7798033237922937,0.027491079115392,0.006005802391363,8,2.42086641676724,0.1244416236099924,0.0303488491723934,8,1.0080644440240576,0.2492808424994222,0.0621644843742528,8,22.62725779414177,0.413363232009708,0.1038079652048292,8,45.84994760900736,8.192374698303151,-2.036600044085866,8,2.137308637435014,1.7536231884057971,0.9242424242424242,3.0,11.0,0.5116953083932366,0.2916666666666666,0.3233333333333333,D03,0.4728571428571429,0.5253968253968253,0.1517460317460317
JERC_061,JERC,18.0306890681386,0.7859817623578049,-0.0654871974672589,8,24.549739450216293,0.5134914150776362,0.1313093929063706,8,1.9540197234600785,0.1969922180165967,-0.0477610247298365,8,9.066734056919811,0.1279901401047815,-0.0066508136334873,8,0.4028960060095414,0.0934918233988852,-0.0253678575446385,8,4.656187158077955,0.97923916817073,0.0829209530992167,8,0.2733028811635449,0.0824656815772136,0.0073278708427789,8,0.1396027193113695,0.0405664899963845,0.0042226839633215,8,0.7417852918151766,0.0366285396371642,0.0092089021179292,8,2.3468055510893464,0.1296698917629179,0.0336025579876842,8,0.9182071818504484,0.2146263850599821,0.0509573745186485,8,23.336315259337425,0.1864718134513108,0.0427431818984803,8,44.11388072371483,8.566198768319065,-2.0777047049431574,8,1.384145488461686,1.2195121951219512,0.9181818181818182,2.0,10.0,0.4736970032475126,0.25,0.2446590909090908,D03,0.4009523809523811,0.4880952380952381,0.1214096749811035
JERC_062,JERC,18.495084449648857,0.5713986509870025,-0.0631382912397384,8,25.274482786655422,0.3962531424790591,0.1063351318949744,8,1.8194867949932807,0.1639638460204331,-0.0403074937916937,8,8.996445078402758,0.3958754706537674,-0.0938123595856484,8,0.3335076227667741,0.0819885896571227,-0.0210441279978979,8,4.344495598226786,0.6088716611139678,0.0036507431595098,8,0.2601543405326083,0.0432413145904039,0.0012812686285802,8,0.1348811788484454,0.0202197595579257,0.0014479879755526,8,0.7322565629146993,0.0472858151259807,0.0110491830855607,8,2.32889471296221,0.1915931235705102,0.0493931974328699,8,1.1475338698364794,0.2649285288626442,0.0691804005764424,8,23.72161944955588,0.2018374695890927,0.0446906359422774,8,43.104620695114136,6.177200965483724,-1.5212701892568952,8,2.137308637435014,1.7536231884057971,0.9242424242424242,3.0,11.0,0.4979564211691831,0.2333333333333333,0.3474509803921569,D03,0.4242857142857144,0.3746031746031747,0.1918442932728647
JERC_063,JERC,10.672561452599862,1.9368211968161533,-0.1361590692536935,8,14.112975663738323,0.9364168949366136,0.234649488037186,8,2.3346665017306805,0.1656516539874229,-0.0463573748157137,8,4.900708700384712,0.3374790918852841,0.0852908168148826,8,0.6363177738385275,0.1157423634929843,-0.0302255612221502,8,3.459920778606708,0.4692546531165835,0.0377988362241358,8,0.3764330499029408,0.1186694582489907,0.001312668963025,8,0.198174811269079,0.0572847612199371,0.0026027021622876,8,0.726632504975141,0.0836204396844051,0.0157773129281844,8,2.00461342574069,0.2141825042754461,0.0446662674068028,8,0.5542306300477603,0.131074168077437,0.0287608024289653,8,14.782008144569891,1.5232989968771842,-0.0344526273981919,8,74.59132408350706,4.797777871705439,-1.2758107511770158,8,1.0,1.0,1.0,1.0,4.0,0.4602703118137901,0.15,0.1399999999999999,D03,,,
JERC_064,JERC,18.030058373572928,1.0916396458416684,-0.2341669285669922,8,23.07944085309282,0.2170866743088135,-0.014932456781112,8,1.865080357529223,0.1579363043934135,-0.0352690428318012,8,8.603631883423077,0.4742367233111225,-0.1140300630386697,8,0.3971158190979622,0.0931030676111032,-0.0213242594396606,8,4.327507025802818,0.2756514340998117,-0.0332601990284664,8,0.2609304231513912,0.0139304692335483,0.0003259840916605,8,0.1353754242804522,0.0078742758921301,0.0011384749433971,8,0.7400282589408258,0.0527599488102015,0.0133981364232207,8,2.3567396316677334,0.2028317638861097,0.0537874264376504,8,1.0325053539282332,0.2591237355879876,0.0647269267056669,8,22.983072163102527,1.028253858326014,-0.1965625021547551,8,45.80060754716396,7.566856184700022,-1.801664876086372,8,1.0,1.0,1.0,1.0,8.0,0.4235161391005311,0.15,0.1399999999999999,D03,,,
JERC_065,JERC,21.006488896906376,0.6719631153539724,-0.1139457850229172,8,26.66812154650688,0.3653036492507518,0.0297779667945135,8,1.9445029720664024,0.1386180201674868,-0.0288934022010791,8,10.056141655892134,0.4420711226201761,-0.116242793344316,8,0.3958791619515978,0.0648948729114286,-0.0140139702264042,8,4.14966247137636,0.5466612388280477,0.0419625697568768,8,0.2067258931347169,0.0343656458267038,0.0031516889963919,8,0.1034043307590764,0.0169145446589675,0.0019163992089618,8,0.7010635442566127,0.038439041189269,0.0082719721609637,8,2.3012450598180294,0.1509879532138124,0.0340854478556485,8,0.9891776285949164,0.1748564022470319,0.0423156036662736,8,25.562933139503,0.3090154957769221,-0.0584614042724881,8,41.62015055119991,5.903531774546576,-1.2384820239884513,8,1.0,1.0,1.0,1.0,7.0,0.4213172953357632,0.15,0.1399999999999999,D03,,,
JERC_066,JERC,13.30185988448192,4.36007951619028,-0.9951171559646672,8,16.95078602869762,3.2045973908412293,-0.7661262698793074,8,2.0970219802111387,0.1341424379250135,0.0198223881778262,8,5.985079643520294,1.4890036294372675,-0.3504209822027145,8,0.5346241440274753,0.0433321216381153,0.0005816732743932,8,3.9727652576076538,0.1948561484259135,-0.0134607633338945,8,0.3622043146124969,0.1378750529951093,0.0326033795273398,8,0.1800938094691066,0.0669831470993858,0.0163386727683002,8,0.7179428905448211,0.0420538112477081,0.0049048990049228,8,2.1036282840680767,0.086898150946095,0.0020611432018697,8,0.8234946510732604,0.1101741926460408,0.0056062907285195,8,18.17926477067234,4.119499524752695,-0.8799508471404506,8,61.953053668141365,8.918757790133743,1.5393197124912623,8,1.0,1.0,1.0,1.0,3.0,0.5197485847485848,0.15,0.1399999999999999,D03,,,
MLBS_001,MLBS,9.31910148759683,0.4029246077664742,-0.0376215754328547,6,13.345141927401224,0.3735896018749321,0.0957434342519657,6,1.5068036119143169,0.0622474646694385,0.0150557193603064,6,4.024417079985142,0.2900667684436821,0.0786978417151683,6,0.1363263191112006,0.0294510580122412,0.0064176576057876,6,2.724738764266173,0.2952975542094769,0.0712247095196633,6,0.2964270020214219,0.0424717477574341,0.008723396807909,6,0.1621666538994759,0.0266057045899473,0.0051995850344364,6,0.8240888454020023,0.0616696879426264,0.0138278556735934,6,2.2364281689127288,0.1177620143390625,0.0286544606693693,6,1.9825123424331348,0.2693283793659626,-0.0681490638368838,6,12.51755408445994,0.227365533109825,0.0682935899979359,6,54.88632162412008,6.390234587625766,0.996533331838814,6,3.1954410019789203,2.640625,0.9260355029585798,5.0,26.0,0.6815094405434288,0.4283333333333334,0.0912137862137862,D07,0.692111111111111,0.5188888888888888,0.0795092993426326
MLBS_002,MLBS,14.936610380808512,0.5988184765110729,-0.1751232018341889,6,20.445137957731884,0.3492331764641963,0.1015546370196986,6,1.399893791725238,0.0573791749290996,0.0156823988198428,6,5.493874837954839,0.5030321791919357,0.1192516746955948,6,0.0568584436938787,0.0158022544019238,0.0028151875614295,6,4.439060403654973,0.4057606244841188,0.1188729195477995,6,0.3070307609935601,0.0434745908402576,0.0132415755337255,6,0.1613407391123473,0.0266451551955598,0.0080970615790401,6,0.8065895860393842,0.0504900958671119,0.0139586516731494,6,2.621514362593492,0.1078735675817939,0.0293130447735657,6,2.917967393994332,0.4195441565357251,-0.0819639762410441,6,19.560415585835774,0.1621986711304341,0.0504810262370753,6,20.579070429007214,5.007013585620431,1.5058274079818983,6,3.68198059600527,2.985074626865672,0.9586956521739132,5.0,20.0,0.6509169292188093,0.3166666666666665,0.1109501609501609,D07,0.6464444444444444,0.4566851851851851,0.0708847325513992
MLBS_003,MLBS,16.174126853545506,1.3562672006298542,-0.4063275242979463,6,22.5986567735672,0.2400682893648569,0.0507480711550326,6,1.5762244164943695,0.1203199981883619,0.0348514107534208,6,7.38903425137202,0.549790042120748,0.1162540280335658,6,0.1652051785495132,0.0521038231429337,0.0138886854197276,6,5.190987897415956,0.5650312405072366,0.1634892008795931,6,0.3345990542632838,0.0672593260526822,0.0203077634167228,6,0.176525501611953,0.0439924949718505,0.0132707194299311,6,0.7943923485775789,0.0786794100719308,0.022143988719059,6,2.6341384314000607,0.1417034186505751,0.0322230803100643,6,1.886639218777418,0.3886518240789468,-0.1014930524838132,6,21.63026503721873,0.1219374504911679,0.0030235559553713,6,32.220750987529755,9.398927506405077,2.850792710442801,6,3.6501743057256792,2.8880000000000003,0.9569377990430622,5.0,19.0,0.6865307796405785,0.5416666666666666,0.0733227883227883,D07,0.6914444444444444,0.5756666666666667,0.0625515657182324
MLBS_004,MLBS,18.82429550588131,1.5712250847969618,0.2478476277477032,6,27.795566101868943,1.6876194366269106,0.3535700384024027,6,1.3759014196693895,0.0259714317010898,0.0032390238264122,6,6.397087981303533,0.5720168706070202,0.1619007740471814,6,0.0339912053265531,0.0130359852916041,0.0037662607908321,6,5.642565240462621,0.1967086114344748,0.0279792547225952,6,0.322126030921936,0.0277744853668715,-0.0040544167639234,6,0.1744403753740092,0.0157208105548823,-0.002107660072176,6,0.8340764958411455,0.0225620234018066,0.0024320836606863,6,2.851616616050402,0.1915479293362446,0.0487951872920667,6,3.505713036904732,0.4467071266590425,-0.1282267600197244,6,25.835981448491413,1.4951215743300053,0.2697038384708198,6,17.61082091430823,4.288080060870383,-0.3398380262424817,6,8.825140263249535,8.01818181818182,0.8185941043083901,10.0,21.0,,,,D07,,,
MLBS_005,MLBS,12.102709606289864,0.7639972865045658,-0.2091828792079075,6,17.93998356660207,0.4550456162306395,0.1286067962646484,6,1.5026928161581357,0.0790636407623464,0.0230051267992805,6,5.533220807711284,0.4418991469405798,0.132094499629897,6,0.0760559298602553,0.0192234346288901,0.0043969915328685,6,4.688483409583569,0.5570979706088309,0.1642709411680698,6,0.397511843436708,0.0699066917579157,0.020454335699764,6,0.2152164215222001,0.0436757744932469,0.0126396711361972,6,0.8528158211459717,0.061610015540036,0.0158650546108146,6,2.5252878566583,0.0815793886179883,0.0200052512054507,6,2.3318998801211515,0.454148750920102,-0.1310807276718519,6,17.084727595249813,0.2251373624518379,0.0669752117749807,6,35.0740117530028,7.099474895001264,2.042685221578624,6,4.793116637422951,3.389830508474576,0.917391304347826,7.0,20.0,0.6067741629827953,0.3977777777777779,0.0710323989735754,D07,0.6073333333333332,0.4412460317460318,0.0838432061765395
MLBS_006,MLBS,17.739067723353703,0.6678804743157999,0.1583500391728169,6,23.22727207342784,0.7252747418133768,0.2275345945680463,6,1.500787644336621,0.0538166381732907,-0.0080126928215896,6,7.196380163232486,0.4590660792650088,0.0213433026864722,6,0.1681739302584901,0.0430095146751789,-0.0064091200443186,6,3.444077756255865,0.5184652992219309,0.0718905693675215,6,0.2006586090040703,0.0340722358085301,0.0027116464727835,6,0.106321169490305,0.0157924776091526,0.0006398457760066,6,0.7570909106483062,0.0257055505187627,0.0011692493147141,6,2.481376667817434,0.1101821220497343,0.01851900777704,6,1.8100020134200647,0.2097961091888918,0.0234866667589223,6,22.04349943002065,0.562425862153846,0.1742568676536147,6,20.734897221128147,3.0865044523597804,-0.5838728331633517,6,3.3360694735848733,2.964912280701754,0.934065934065934,4.0,13.0,0.7995736341060109,0.5083333333333333,0.1271876271876271,D07,0.7793333333333332,0.6172222222222221,0.0507444284110951
MLBS_007,MLBS,18.76178296407064,1.5156022595478842,0.2397115005029214,6,27.115583558877308,1.2152417457544131,0.3389587772859109,6,1.4087965625027816,0.0465616716519461,0.0068548264837748,6,7.062130925556024,0.7112253997459822,0.21430070204912,6,0.0521677650346343,0.016654550615121,0.0026070345395694,6,5.968889658649762,0.532318887865346,0.1440271402935724,6,0.3278093909223874,0.040875346619351,0.0026475561757546,6,0.1725691362128903,0.0246828744492514,0.0009493939484142,6,0.8382176477462053,0.0279834055277822,0.0026397033267327,6,2.855116970837116,0.1428678621687014,0.0370589655798834,6,2.8016737351814904,0.3129042507108457,-0.0646575790502735,6,25.54434100786845,1.1776822974532093,0.300861684857188,6,16.729492910206318,6.374425203073963,0.1233428253515346,6,3.328590243716063,3.0935672514619883,0.960144927536232,4.0,23.0,0.6798750469663051,0.325,0.1706140156140156,D07,0.6988888888888891,0.4918518518518517,0.0909736251402918
MLBS_008,MLBS,28.11267797152201,0.3313449068124097,-0.0584294264380996,6,36.32991850376129,0.7912968139988138,0.2410155405869355,6,1.3834657073020935,0.0224184499955662,4.434041880272509e-05,6,9.974927415450416,0.4233887029490389,0.0448471295672494,6,0.0635536003634721,0.0191187296293608,-0.0050841792523184,6,7.656288226445516,0.9428694107351998,0.2846991508393674,6,0.2748858748624722,0.0360973233466039,0.0106845889869775,6,0.1356451260314012,0.0188217121225061,0.0055433227664891,6,0.7787717034419378,0.0371901239297962,0.0097721178789396,6,3.1107433835665383,0.1868011960212778,0.0387694557776322,6,2.7883930255969367,0.2169872313464736,0.0526359976848235,6,34.93906680742899,0.6484475027259168,0.2051544769390209,6,11.30744319409132,1.518384698562518,0.0047711297064213,6,2.993895655709594,2.220183486238532,0.9132231404958676,5.0,22.0,0.8833428855091,0.7433333333333335,0.0418418618418618,D07,0.879222222222222,0.7750000000000001,0.0359235764235764
MLBS_009,MLBS,12.843404402335484,0.812805487979926,-0.2366549859981279,6,18.70957581202189,0.3216084151935846,0.0819701785976822,6,1.5182159654796124,0.0586189246320477,0.01655340562197,6,5.750005821386973,0.2728931954897408,0.0525431488011334,6,0.1209785487347592,0.0161789286949483,0.0026275244560344,6,4.261415702601274,0.4799443893300583,0.1331646553165203,6,0.3398386066158612,0.0583067730833178,0.016916200675926,6,0.1841599451533208,0.0372285572019182,0.0109616617728779,6,0.8472301842023929,0.0623003661462083,0.0180598770998217,6,2.601068908969561,0.0969402312166175,0.0279151077407437,6,2.1158217949171862,0.2141546773332319,-0.0378219403729245,6,17.685194810231526,0.1617805934120645,0.0498801026795361,6,34.06935281554858,6.339347324602795,1.935682641896042,6,4.463081953038504,3.62962962962963,0.9667487684729064,6.0,28.0,0.5842303647266658,0.3577777777777777,0.0788661338661338,D07,0.6146666666666667,0.4163333333333333,0.0872143967143967
MLBS_010,MLBS,9.760865971446036,1.5218779462828094,-0.4781584425552471,6,16.383241176605225,0.2443568187765997,0.0400958459925007,6,1.5829387865960598,0.1409657280287216,0.0441218323602869,6,4.845300001402696,0.290594950838386,0.0648702089045498,6,0.1126908678561449,0.0434930463964876,0.0128666765915506,6,4.093013857801755,0.3931311982294291,0.1094439907653911,6,0.4372489486510555,0.1030761074430766,0.0320899244272024,6,0.2430016689468175,0.0646985699924213,0.0200730151389851,6,0.882024023681879,0.0653872503061458,0.0179876558029571,6,2.4026995537181697,0.0601980182712847,0.0022793463053735,6,2.0138281652083,0.5033500841515659,-0.1513116826127107,6,15.072944412628807,0.2544599554213688,-0.0641076049289188,6,51.61876861254374,15.487676838388037,4.907035389462033,6,4.32249408867734,2.9911504424778763,0.9313186813186812,7.0,26.0,0.6303990198352365,0.4166666666666668,0.0680653660065424,D07,0.6545555555555557,0.4897777777777778,0.0817997002997003
MLBS_011,MLBS,9.792088523507118,0.570147903990928,-0.1464725986525819,6,14.873065263032911,0.4931034670454504,0.1419693449059048,6,1.4896256687740486,0.0759802653956512,0.021147270359703,6,4.346375164886315,0.348024366781195,0.0991985090076923,6,0.081273972862012,0.0213355629918541,0.005429228380357,6,3.604784073928992,0.3986296369939425,0.1092344882923203,6,0.3745454802798728,0.0599189225471812,0.0165939890540431,6,0.2055818883236497,0.0405702791386767,0.0110356510472106,6,0.8537475264941653,0.0777681489547348,0.0201489101164042,6,2.307919777929783,0.1083681080882155,0.0283101401417642,6,2.399138614535332,0.3887778214316083,-0.1068742944280038,6,13.954255183537802,0.291183717256069,0.0848592036479228,6,47.14910869797071,7.565271073630334,1.976306870579719,6,3.354513183927748,2.704,0.9260355029585798,5.0,26.0,0.5531227357141323,0.3749999999999999,0.1045711695711695,D07,0.5764444444444443,0.3561481481481481,0.1113811250477917
MLBS_012,MLBS,7.374890531102817,0.3516886086304665,-0.0180666758804707,6,12.058901677529017,0.4802995008449557,0.139189778550251,6,1.5198675269881885,0.0589122161245321,0.0095769110060221,6,3.480091468741497,0.2173120237884412,0.0583630536959783,6,0.0825128012705439,0.0225750601214471,0.0017760252789279,6,2.995728723704815,0.221989744749877,0.0596703137900378,6,0.4114840601881345,0.0422689288761336,0.008223043930893,6,0.2305789231322705,0.0275511208879754,0.0052851874670768,6,0.8823225038746992,0.0415008113210228,0.0095905174022993,6,2.027884983768066,0.0880327212923928,0.0260371153519765,6,2.2035578849414983,0.3587898411159844,-0.058593281318207,6,11.14940378566583,0.3325077676451534,0.099914550982617,6,74.9733459552129,3.6520689389885503,0.0818748522449184,6,3.2616829861716026,2.4155251141552507,0.960144927536232,5.0,23.0,0.5899435314040065,0.3166666666666665,0.1109501609501609,D07,0.602111111111111,0.383074074074074,0.1049114280780947
MLBS_013,MLBS,18.289400422573088,1.2682888845309126,0.4795745984831852,5,24.976551485061645,1.2204850088953765,0.4376153821375833,5,1.3280162945389749,0.0244011860727511,0.0044516930495625,5,5.672031524777412,0.6186546132722467,0.1968206291768088,5,0.0455641590291634,0.0150622814121833,0.0042036256076135,5,4.396634912490844,0.3674542913249862,0.0793368522800616,5,0.2428267769515514,0.0170566770145586,-0.0027142059711266,5,0.1277102160267532,0.0097897207853956,-0.0023305316997775,5,0.8117635153234005,0.0238409737943266,-0.002866256898686,5,2.86354518532753,0.126374159114824,0.0221365688007269,5,3.1794685438275336,0.2751903207189782,-0.0603061153261519,5,23.41993727684021,1.2377845542639527,0.4603538797862493,5,11.656005388498306,1.28434382227626,-0.1987107233769858,5,5.701759626112201,5.041152263374485,0.973015873015873,7.0,35.0,0.6267830871411569,0.4421428571428572,0.0678457326986738,D07,0.6738888888888889,0.4887777777777777,0.0755985865985866
MLBS_014,MLBS,21.54193139076233,0.6909062444224858,0.0490825607164486,6,31.202486495176952,0.716227853540771,0.2112871327915707,6,1.4400161057710648,0.0175762426016082,0.0002072785754461,6,8.91606610516707,0.3441447711651365,0.0948504821674244,6,0.0379248488316079,0.0149647804992242,-0.004329756746498,6,8.08571970462799,0.7170223102834693,0.2018127276285274,6,0.384919647903492,0.0334479888826817,0.0070387111611764,6,0.2018550729068617,0.0189232265474729,0.0039099901851669,6,0.8312177148958048,0.0259651010192174,0.0053006396251353,6,2.904690064489841,0.0610070368412243,0.0045594904269721,6,2.9074648916721344,0.3689823830498324,0.1112841917453585,6,29.62646516164144,0.798980858664652,0.2245614995827546,6,17.85846718152364,2.1846925745314483,-0.0270236692315823,6,6.17232737686821,5.538461538461537,0.6811594202898551,7.0,12.0,,,,D07,,,
MLBS_015,MLBS,23.58671911557516,0.2627672736253554,0.0309589497140935,6,33.4847780863444,2.728014356385542,0.4298591009668402,6,1.373260498046875,0.0251877433472864,0.0044060014691707,6,8.327676812807718,0.5160176258095315,0.1206461519405648,6,0.0437575498023458,0.0097331974187942,-0.0005257262156511,6,6.938513619204362,0.6179332206242306,0.1458316106047179,6,0.2988885873928666,0.0266631466905593,0.005727370596818,6,0.1566067819173137,0.0143466786699763,0.0031176500960026,6,0.8310946822166443,0.0254659066814311,0.0056397892987808,6,3.094070586065451,0.1171326927440378,0.0296630269369563,6,3.0554953267176947,0.2433339007181859,-0.0271922373087019,6,30.97224108378093,0.5882014971745034,0.1684565922698459,6,11.38499065116048,1.4917193716921189,0.1476421950737367,6,9.324958146297195,8.804878048780488,0.8667763157894737,10.0,19.0,,,,D07,,,
MLBS_016,MLBS,23.041002440452576,0.7595079153654397,0.2125337703205714,5,30.06265749931336,1.0231942382257009,0.3039384980068029,5,1.344992558658123,0.0268006686889178,0.0043594872700833,5,7.596566510200501,0.621619952926162,0.1552128627478519,5,0.0390087338280864,0.0104267476006713,0.0024923956485151,5,6.194242009520531,0.3197757800320884,0.058391556422287,5,0.2725536305457353,0.0151524715965132,-0.0002187523233625,5,0.1339335585013032,0.0083324490569657,-0.0006186713325294,5,0.7789277888834476,0.0221622329457173,0.0020460120498019,5,2.9157339334487915,0.1766231634790379,0.0407794184077565,5,3.14757553935051,0.3382179244970629,-0.0827969346787327,5,28.71828827857972,0.7675994886704306,0.2338631765864719,5,10.875613114237783,1.5405678674835892,0.1362504522516348,5,5.141559147971689,4.033333333333333,0.9204545454545454,7.0,22.0,0.6825157658538169,0.4194444444444445,0.0640374494786259,D07,0.7094444444444447,0.552473544973545,0.0615028983362316
MLBS_017,MLBS,5.4520864598453045,1.1059074804035636,0.0459900001517018,6,9.000663985808691,1.3659523708709234,0.2337875422593709,6,1.5097016543149948,0.110216070033747,0.0139867679492847,6,2.4252449236810207,0.4793757340956734,0.120509272844002,6,0.1022890542808454,0.0470738478333278,0.0014621212939272,6,2.009322812780738,0.3714554849214082,0.1012195569488245,6,0.3829457301956911,0.0755643416539928,0.0107112237994836,6,0.2148112769549091,0.0448270673290129,0.0068856171533666,6,0.8621004497011503,0.0663691670984281,0.0178261484850097,6,1.7658677076299985,0.2188783529912963,0.0439575877846092,6,1.9023430733217133,0.6804026335786051,-0.0911192754266766,6,8.098991821209589,1.2325743434927487,0.1830538750903026,6,98.8279796441396,0.2775491356096566,-0.061788037016585,6,3.407107578554486,2.9857904085257547,0.9524092801903628,5.0,41.0,0.6721026902602727,0.5616666666666668,0.0678538128538128,D07,0.665888888888889,0.5172037037037037,0.0898985088985089
MLBS_018,MLBS,21.30690546830495,0.3539591873273084,0.0293781499604921,6,27.04548533757528,0.4731649263067861,0.1405212726141955,6,1.3288722733656566,0.034849226790003,0.0063154339488293,6,6.587996835509936,0.5640911050226288,0.1229320688022149,6,0.0530023675528354,0.0130111008166588,0.0018402036716783,6,4.803970381617546,0.4069489902348014,0.0927820496663854,6,0.2263615907480319,0.021141902615536,0.0040254050966452,6,0.1155301440351953,0.0120237850222026,0.0020171862278083,6,0.7724932258327802,0.0319131594348114,0.0067668271980978,6,2.882339194417,0.1507132415610799,0.0381847877760191,6,2.9979513958096504,0.2653433307134935,-0.0451630378091657,6,26.133298019568127,0.3311336549310953,0.1042361331952584,6,9.993810987720886,2.053700259030442,0.3465636054909713,6,5.764888020530068,5.142857142857142,0.9201388888888888,7.0,24.0,0.703304739259702,0.5611904761904761,0.0514941757588816,D07,0.7050000000000002,0.569473544973545,0.0645234025234025
MLBS_019,MLBS,21.132217089335125,0.8056929756421818,0.2080626318583617,6,26.68303608894348,0.5628377351775532,0.1750335685304693,6,1.3488100245594978,0.034365796387088,-0.0053633252108419,6,6.88745332757632,0.4158711869791162,-0.0152694405736149,6,0.0542626310222355,0.0109024278244277,-0.0004506194375091,6,5.189072022835414,0.4419429391277373,-0.0744417019792505,6,0.2491452197233835,0.0303773307631717,-0.0066227294076737,6,0.1216746869419391,0.0178105729311611,-0.0038194137144003,6,0.7465915009379387,0.0378281049094744,0.0005925913416856,6,2.874230350057284,0.1327583946993075,0.0268467799634546,6,3.075402890642484,0.2139379139821338,-0.0110332098965709,6,25.72497443358104,0.4663448716719464,0.1478764712810516,6,12.573974610616764,2.722437551274117,-0.6176134464205117,6,3.464117075602811,3.0487804878048785,1.0,4.0,25.0,0.8094462352885119,0.6916666666666667,0.0858863358863359,D07,0.8314444444444443,0.7706481481481481,0.0334941478274811
MLBS_020,MLBS,19.438108801841736,0.4354245417399863,0.0780565690349888,6,25.018047094345093,0.8849244831816441,0.2451702581869589,6,1.4970426944394906,0.0426981035542635,-0.0048507324646453,6,7.772756730516751,0.4107082641428687,0.0115301923171893,6,0.1726834716585775,0.0339571439581803,-0.005047066926931,6,3.5139561432103315,0.5252182224350654,0.1298995185643434,6,0.1837036261955897,0.0282656943997323,0.0063066436921724,6,0.0919886087067425,0.0118310107693294,0.0022926752807924,6,0.7172889417658249,0.0337963267777878,0.0041861956234316,6,2.431942948450645,0.1788989921597353,0.0261798384725242,6,1.7996875705818336,0.1745937464060122,0.0129023957494142,6,23.451160609722137,0.5195619478602451,0.1582845916619172,6,19.68787783384323,2.548684889978142,-0.3089210213841618,6,4.352752816480621,3.846153846153846,0.8363636363636363,5.0,10.0,,,,D07,,,
MLBS_061,MLBS,11.59971079727014,0.7803684412192117,-0.2214758088057105,6,17.281179179747898,0.3441944912275745,0.087390992689777,6,1.4614106230437756,0.056984219409939,0.0161598604675885,6,4.771850782136123,0.1829075990389624,0.0503438893403555,6,0.0923750530152271,0.0069515276255567,0.0018596866583401,6,3.626068783303102,0.3928417723364135,0.1105033428080984,6,0.3206617000202338,0.0609243144901889,0.0171091755399027,6,0.174389750463888,0.036830790027715,0.0104024067011384,6,0.8508979467054208,0.0508637940159532,0.0138434472468656,6,2.540401719510556,0.0794373173660614,0.0177394169810655,6,2.271650077154239,0.2087983219808786,-0.0587231293320655,6,15.918584009011589,0.112547021842662,-0.0158548210118267,6,34.88792335987091,6.767776515665169,1.9882622393401888,6,6.726885803306534,6.132075471698111,0.985081585081585,8.0,65.0,0.5304508041692497,0.2951984126984126,0.0904365677895089,D07,0.5852222222222223,0.3727698412698413,0.0903445628445628
MLBS_062,MLBS,14.704910496870676,1.2156858370662174,-0.3737906080645484,6,20.525539179643,0.260069032933981,0.0384168101323617,6,1.3920343791445096,0.0968700231386451,0.0288832478124547,6,5.185380722085635,0.7156073163352625,0.1937434626994906,6,0.0650771877505273,0.0259039562833168,0.0072563135214983,6,4.051675173143546,0.7024560900510736,0.1965009176449196,6,0.2858318402431905,0.0738667798785016,0.0219790445439316,6,0.1526947701349854,0.0437851474150461,0.0131664692103309,6,0.8226354339470466,0.0669938632313189,0.0197327549292429,6,2.6782253086566925,0.1158222222118735,0.0297361700921445,6,2.7968881390988827,0.5388490754933408,-0.1484076268467548,6,19.38561763366064,0.2032120376755419,-0.0526533102667009,6,20.44811402261257,9.657897641389647,2.949021168254517,6,4.972159972040709,4.447876447876448,1.0,6.0,48.0,0.641690243510678,0.4188888888888888,0.0757115107115107,D07,0.6614444444444444,0.4833148148148148,0.0643255633255633
MLBS_063,MLBS,13.130966792503992,1.3741237233564534,-0.4346056222110181,6,20.6698747475942,0.3561684319784253,0.0913608686344043,6,1.5119731488327186,0.0902839136754768,0.0277245688075954,6,5.970890725652377,0.3994369068618679,0.079490084301781,6,0.0780231031482496,0.0203029639931244,0.0045580896310983,6,5.07036280632019,0.4360471237313388,0.1276480864632774,6,0.4034361069401105,0.078505224490017,0.0248079190496355,6,0.2219419761871298,0.0482090010691217,0.0152521840000927,6,0.8768013293544451,0.050323219537868,0.0151217434605633,6,2.644565465549628,0.0556387845111491,0.0078390221539381,6,2.466661298647523,0.4082820528692876,-0.1083307116468613,6,19.4789603749911,0.0797833190407158,0.0008292673407374,6,34.75681092341741,10.287858450591814,3.236184390815529,6,7.179791470239056,5.806142034548944,0.964297520661157,10.0,55.0,0.5751944835162599,0.2802380952380951,0.154511073435222,D07,0.6173333333333332,0.4142116402116403,0.0893654431987765
MLBS_064,MLBS,12.866634964942932,0.4024619164349762,-0.1071392019858231,6,18.49402497212092,0.4102340174639676,0.1160243717399803,6,1.4301596991717815,0.0554705606155848,0.0128913679839791,6,5.054712794721127,0.3975488418000916,0.0955975946743746,6,0.0794138480947973,0.0207977009035836,0.002722647776544,6,3.8621631264686576,0.3940907748801309,0.1147378593481875,6,0.3038716167211532,0.0392569998185834,0.0113005590109104,6,0.1628763663272062,0.0242232823540302,0.0069261840607568,6,0.8337182905524969,0.0440366489873017,0.0117952910478453,6,2.591417888800303,0.0869386470290123,0.0229040927983619,6,2.523450256635745,0.3072835432127493,-0.0479285025818122,6,17.219362010558445,0.2405265439744872,0.073350149231988,6,28.085904399553936,4.746161836481594,1.2252898848540077,6,5.795239247029067,4.716785998408909,0.9743632990386236,9.0,77.0,0.5578291843975034,0.2990873015873015,0.1129063388738311,D07,0.5503333333333332,0.368095238095238,0.0858670465337132
MLBS_065,MLBS,16.002566814422607,0.959762204184213,-0.3006097025967933,6,22.394061346848805,0.3721425423775341,0.1074203873002851,6,1.5334456339478493,0.079245838013238,0.0234795188581621,6,7.121022532383601,0.4616317024888882,0.1126074126443347,6,0.142342030419968,0.0315510391138209,0.0063835780774998,6,4.969389513134956,0.710781160033988,0.2199330010728256,6,0.3203045308279494,0.0661244896183394,0.0206181229079595,6,0.1694346592606355,0.0396530964657729,0.0124267839694496,6,0.8262195456773043,0.0554425198159478,0.0171516479521587,6,2.73768882950147,0.1202096213650264,0.0353345716925891,6,1.9072010728220143,0.2445907129954302,-0.0593591015282515,6,21.30240084727605,0.0977476772754442,0.0305370841477368,6,27.48681043088436,6.627233583115761,2.0477307005911265,6,6.269011929050505,5.2631578947368425,0.9012658227848102,9.0,40.0,0.4871063260968905,0.2882275132275131,0.1162867576180269,D07,0.5548888888888887,0.341494708994709,0.0966831008497675
MLBS_066,MLBS,13.052626977364222,2.075974903161072,-0.6471116840839387,6,21.77730679512024,0.2558953924396422,0.0451620929949992,6,1.6062561236321926,0.1170226412143167,0.0366808813367341,6,6.6581351806720095,0.3203198093634407,0.045128019073525,6,0.0991223499974391,0.021616466459144,0.0059137089595645,6,5.802383417884509,0.5615390236024963,0.1346696875989437,6,0.4812831388165553,0.1103428980508791,0.0332123167384919,6,0.2616908533964306,0.0659713303246533,0.0200128635813205,6,0.8757106742511193,0.0473736459767725,0.0137826764352015,6,2.685546879967054,0.0451394464790922,0.0110390197385001,6,1.9011670127511024,0.455677590247683,-0.1408724253997206,6,20.22558405001958,0.58321255402684,-0.1752121766676773,6,38.122539192438126,11.620276039308957,3.6536178854671686,6,5.096320994778815,4.673819742489271,0.9714795008912656,6.0,33.0,0.6680591732140148,0.4622222222222222,0.0696203796203796,D07,0.6995555555555556,0.5380555555555556,0.0617467532467532
MLBS_067,MLBS,13.629281351963678,0.5345083326514471,-0.11170059724434,6,20.01118912299474,0.4032758330884118,0.0932122863627769,6,1.445611633360386,0.0824378684221722,0.0233206464531453,6,5.400792968769868,0.5970597422862257,0.1634972861691101,6,0.0794686237641144,0.0380742414118419,0.0107117823000235,6,4.340487899879615,0.3461967317883992,0.088641912248489,6,0.3264842413676281,0.0354151600637154,0.0093896213944095,6,0.1792138502933085,0.0218463512198713,0.0057964050085157,6,0.8647891022264957,0.0321993199528099,0.0083251518725946,6,2.693117782473564,0.0929533362314183,0.0174989925848471,6,2.6529145122816167,0.526394841154575,-0.1508636091760284,6,18.939995884895325,0.2639897567453122,0.0409431376972714,6,27.25627690553665,6.401402688756959,1.6897239463554847,6,4.71514775585485,3.648648648648649,0.9343283582089552,8.0,45.0,0.586949868927053,0.3154365079365079,0.0922355095884507,D07,0.6186666666666667,0.4095185185185185,0.0915941774275107
MLBS_068,MLBS,15.712436894575754,1.3460258603051247,-0.3970989766153129,6,21.95060280958812,0.5107003508525364,0.1470034146631086,6,1.4850773066282272,0.1066153314131749,0.0332346558067444,6,6.489944241940975,0.6141299791614417,0.1798739188627617,6,0.1064750410441774,0.0270105437748615,0.0082871348764653,6,4.784746033449967,0.9766907720923702,0.2778966404698991,6,0.3203623246711989,0.0947360650911887,0.0282737371461415,6,0.1665233972016722,0.0581697004935236,0.017469264966486,6,0.7930084566275278,0.0911591269298627,0.025859037011459,6,2.628113906830549,0.168174051842642,0.0421067097199124,6,2.230968197186788,0.3198732263051266,-0.0952999991037555,6,20.74824476242065,0.1900704822020162,0.0548022904911556,6,24.509137749671936,9.774048058347631,3.050108289396441,6,6.150561151542433,5.315254237288135,0.9827694235588972,8.0,56.0,0.5597457166071996,0.2766666666666666,0.0930328712681653,D07,0.6271111111111112,0.4246296296296296,0.0693192054858721
MLBS_069,MLBS,14.56114661693573,0.5326117154145207,-0.0144586542973647,6,20.487861414750416,0.5253286135033649,0.1443548597194053,6,1.4411976871391137,0.0577449710564582,0.0111210965425581,6,5.823594751457374,0.5210025892980777,0.1187828512409249,6,0.0777427393671435,0.0175559388541148,0.0033121355258658,6,4.552159935235977,0.5692180945456049,0.114977602318332,6,0.3204918736591935,0.0489150026515,0.0081074224608774,6,0.165291002835147,0.0279560480838963,0.0043099489884224,6,0.8061058763414621,0.0477082110683855,0.0090494830211674,6,2.602600939571857,0.094391747015392,0.0212912322903001,6,2.421317430833976,0.3170290600010144,-0.0724536199626084,6,19.178478121757507,0.3342272930058729,0.1053299952197719,6,24.526797716816265,4.133376290094871,0.6511183588488683,6,4.557660197956709,3.888888888888888,0.973015873015873,6.0,35.0,0.5569193771535423,0.2622222222222222,0.0928246753246753,D07,0.6076666666666666,0.369037037037037,0.0863314339981006
MLBS_070,MLBS,15.8333531220754,0.427596499407009,-0.0918595134406476,6,21.91058603922526,0.4250411230204591,0.1275671881598395,6,1.427984993904829,0.0579363922336022,0.0155500289858193,6,6.13825919230779,0.5654255394052353,0.1583497171869149,6,0.0833332569260771,0.0168054526329237,0.0038450402994262,6,4.531829334795475,0.6141687212430008,0.177218739446756,6,0.2915849485434592,0.0470070947377607,0.0131830163992236,6,0.1521864387517174,0.026199100876016,0.0072236857376992,6,0.8156747501343489,0.0444732665476063,0.0111975718692347,6,2.731254942715168,0.07931997878677,0.0173956912917059,6,2.40875697384278,0.2843633230200448,-0.0729121387608953,6,20.588283320268,0.2972666471616912,0.0926498561292081,6,20.487268055478733,4.437762302335811,1.2178893336975898,6,6.3489056043787535,4.673819742489271,0.9445887445887446,9.0,33.0,0.57208257012811,0.2810185185185184,0.1181483151065194,D07,0.6256666666666667,0.4225370370370372,0.0966042476042476
MLBS_071,MLBS,13.10354212919871,0.911853847132947,-0.2490719568890494,6,22.071320176124573,0.5135960593415522,0.1376363328985266,6,1.5648030986388524,0.0653048913925269,0.020141002394863,6,6.439724912246068,0.3293228474829598,0.096764115868388,6,0.1045271786861121,0.0281651895288839,-0.0017708099826327,6,5.248500342170398,0.8620881508076818,0.2315638204281394,6,0.4209134293099244,0.0979507287404962,0.0272480219829122,6,0.2280636150389909,0.0567659904339012,0.0159076212691394,6,0.8524162744482359,0.0385195562009775,0.0102618152426706,6,2.664211817085743,0.0945636688051774,0.0224121105227921,6,1.769788719092806,0.2282671184468138,-0.0670641170361557,6,19.701645265022915,0.2965295637563392,0.0851476816712199,6,32.32156481345495,5.500883673842726,1.6906114558915837,6,4.839500016559784,3.145576707726764,0.9441127298781944,9.0,53.0,0.6313706248784413,0.2867063492063491,0.1196470941052984,D07,0.6714444444444446,0.4712592592592592,0.0760787114120447
MLBS_072,MLBS,14.47347903251648,0.8763444809141128,-0.2330461527044708,6,21.195715248584747,0.3691724166851493,0.1005468988740766,6,1.5377599261701107,0.0559472986757671,0.0151036648532828,6,6.462031433979671,0.3276259359323341,0.0771931045361467,6,0.1293314738625971,0.0177724102881047,-0.0007900254953514,6,4.80134766548872,0.6982747807025584,0.19549733662122,6,0.3488210073361794,0.0755810717692291,0.02137845078156,6,0.1873868528443078,0.0425849250950009,0.0119210106031214,6,0.8381241417179505,0.0347969644231335,0.0081173572941003,6,2.69128225495418,0.0936404859368896,0.0221352975916218,6,1.90767076301078,0.2316174907423339,-0.0595768092300843,6,20.047488391399384,0.1990743628958981,0.0500289105080269,6,28.768652394413948,4.297145241206487,1.1508692698301497,6,7.971330176234189,6.75,0.9488304093567252,10.0,36.0,0.5864462613002759,0.2484656084656084,0.1576835061509984,D07,0.6493333333333335,0.411505291005291,0.1123793675460342
MLBS_073,MLBS,14.62424710392952,0.6352603120841908,-0.1548484523554106,6,20.93634831905365,0.3731000737791222,0.1089327842802614,6,1.45278221492966,0.0692251439830285,0.0179490172178358,6,5.99468420445919,0.5775266207317636,0.1513331516368969,6,0.0779245880063778,0.0197857007341243,0.0044906562036123,6,4.790933492283027,0.5523323645442643,0.1412192260896837,6,0.3356430207689603,0.0538150600820354,0.0136499973957905,6,0.1785950463575621,0.0311141209354913,0.0079924326572516,6,0.8423428032547235,0.0401654679544568,0.0097162788230422,6,2.712392891446749,0.0670366996121039,0.0155100179081027,6,2.401788232227166,0.4114715394573424,-0.1079063405458991,6,19.875299374262493,0.0713044049538145,0.0135004576799031,6,24.10042053461075,5.173787835809091,1.3878158177878406,6,7.6182650890274735,7.335329341317365,1.0,8.0,35.0,0.5652020587858484,0.2727380952380952,0.0944526443055854,D07,0.631,0.3611428571428571,0.1275947447614114
MLBS_074,MLBS,14.018124361832935,0.3764771737900354,-0.0846321828461982,6,19.89598056674004,0.5931759312839544,0.1505829414000382,6,1.4426165831585724,0.0555264595648583,0.0141861307862642,6,5.622238325575988,0.4677475333005894,0.1237238566013606,6,0.079892910963584,0.0210804929133367,0.0034308141465943,6,4.413016888002555,0.5454494786896801,0.144122148285041,6,0.3201651431930561,0.0437435311995348,0.0118338074472204,6,0.1673106792538116,0.0242385524594169,0.0066169232941811,6,0.8284457797805468,0.0332090088775613,0.0085995949150339,6,2.629095862309138,0.0991663176947348,0.0217698847723973,6,2.270434968173504,0.316613213387328,-0.080058003649921,6,18.80042737722397,0.3651534947119906,0.0786194511362024,6,22.58961216608684,4.316807286913654,0.976869345114038,6,5.29487577852256,3.625468164794008,0.8874109761206536,10.0,44.0,,,,D07,,,
MLBS_075,MLBS,14.6390746931235,0.7550018330171471,-0.2362171101409035,6,21.32059401273728,0.3737822904366277,0.1057250918568791,6,1.4654488501449423,0.0619132967319938,0.0184780312953768,6,6.16554693877697,0.3865291851635099,0.091898855325338,6,0.0643353438839161,0.0146539363544124,0.003405540739894,6,5.255773199101289,0.4181381944546102,0.1222960985190159,6,0.3724414206420381,0.0526459192383854,0.0163616103724249,6,0.1973252793153127,0.0311222550010614,0.0096141166255079,6,0.8310958445072174,0.041426671649476,0.0116991432937415,6,2.5885785184800625,0.0496578664834793,0.012302173200894,6,2.729730776200692,0.2958724050007504,-0.070045806064799,6,20.203146656354267,0.1707091922169012,0.0375619490404386,6,26.163237765431404,5.67090314637634,1.7791971749550588,6,4.099024294289557,3.415559772296016,0.983879781420765,6.0,60.0,0.559686127344023,0.3166666666666665,0.0839343989343989,D07,0.573111111111111,0.3493333333333333,0.1006690778357445
MLBS_076,MLBS,13.936227321624756,0.3855863295015495,-0.0636871126857963,6,19.76495216290156,0.5205127452537234,0.1504037549366822,6,1.434169985353947,0.0610630336554245,0.0132009613554219,6,5.508178763091564,0.5133284305850441,0.1192783831140479,6,0.0787831502384506,0.0260241301572468,0.0027348092754019,6,4.269152405361335,0.5201255645483549,0.1467685190004271,6,0.3104078938874106,0.0458259591210098,0.0121501323993544,6,0.164421695517376,0.0261476572168217,0.006772402903644,6,0.8268881794065237,0.0406650066780083,0.0093114301814018,6,2.659284902115663,0.0828034046501065,0.0195946167852427,6,2.483716515203317,0.3469120308500518,-0.06119975684261,6,18.55552273988724,0.2922299016451287,0.0925067236294617,6,25.07617272933324,4.376982752673209,0.9991891464671572,6,4.688946963538367,3.828125,0.9861167002012072,7.0,70.0,0.6232575742830178,0.3031746031746031,0.0776764412058529,D07,0.6585555555555556,0.4132592592592592,0.0791336256336256
ORNL_001,ORNL,14.334935069084167,0.5395746704267952,0.0173366353625342,4,24.286655336618423,0.671302593117935,0.2458025046757289,4,1.410703493282199,0.0411748708447058,0.0020043365657329,4,5.783894877880812,0.2821872571356978,0.0192210940378052,4,0.0236438241900032,0.0090344746509883,-3.721236983741013e-05,4,5.4406945165246725,0.2124419273269775,0.0250383425681363,4,0.3759712728206068,0.0310253952148092,0.0022971880001326,4,0.211967360926792,0.018482784711507,0.0017422561844189,4,0.8937500650063157,0.0296824874004893,0.0078239608556032,4,2.7015145868062973,0.1352286267883126,0.0442308705477487,4,3.778924837708473,0.6507071076968145,-0.0534855106047221,4,22.295958638191223,0.2476233535899928,0.0698486084029788,4,28.936799064278603,4.0964266038909,-0.2655673353444962,4,9.628932056358025,8.711111111111112,0.9002463054187192,11.0,28.0,0.6903523182959649,0.4306818181818181,0.1352321333637123,D07,0.7316666666666667,0.5414642857142856,0.0965451207289442
ORNL_002,ORNL,22.430635154247284,0.6618762746666107,-0.1428258362270537,4,29.62887156009674,0.5272158066562949,0.1953366200129191,4,1.2784286122769115,0.0566584062812256,0.0160752366341295,4,6.044187176972628,1.039247772967184,0.3156325359429632,4,0.0169851939608634,0.008439815595926,0.0011305381118464,4,5.453507024794817,0.9263472146212092,0.307646927734216,4,0.2460302673280239,0.0471826904346931,0.0150060605789933,4,0.124374130857177,0.0243319198139342,0.0075994989546459,4,0.7928662477061152,0.043576507230489,0.0129871294789371,4,2.9502422362565994,0.1465611685511153,0.0468326622531527,4,4.0455020777881145,0.631384436543644,-0.1386891294802938,4,28.20878866314888,0.2898750252049107,0.0984960425467718,4,7.512140251463279,3.7331187126149694,1.1461393014261765,4,5.430438077287504,4.499999999999999,0.8454545454545455,7.0,18.0,,,,D07,,,
ORNL_003,ORNL,18.20549127459526,0.6527751188630716,-0.0296481819379897,4,29.660878986120224,0.4002915222530904,0.1431769444828941,4,1.4934614449739456,0.0434272409082609,-0.0127906096833092,4,8.275958336889744,0.387031034822486,-0.0979807398148945,4,0.0334606201104179,0.0220919921489393,-0.0080987495003639,4,7.932976424694061,0.3424626252953149,-0.029190094698043,4,0.4530754119623452,0.0320219775978554,-0.0032486953063025,4,0.2490056221140548,0.0187436600705568,-0.0009971199268918,4,0.8598124654963613,0.0385393592112778,0.0111620707348698,4,2.791514452546835,0.0966634265394043,0.0289737670904114,4,3.56130070053041,0.5416306506825301,0.1743982127379803,4,27.90910494327545,0.0514544061701904,0.0187327918552217,4,26.65474712848664,3.688812758391181,-1.0743097308136167,4,7.100002492649187,6.4,0.8345588235294118,8.0,16.0,,,,D07,,,
ORNL_004,ORNL,23.12278783321381,0.1627589876282177,-0.0557512555803571,4,29.98802399635315,0.5948602369885241,0.2187016294116065,4,1.398423532024026,0.0281584519905143,0.0077263015721525,4,8.536332719027996,0.4545432516613413,0.1222035636504491,4,0.0694632312079193,0.0107153069381725,0.0024829314802662,4,6.488063827157021,0.3058088617230104,0.0884496782507215,4,0.2826963674742728,0.015317862152094,0.0046062694552044,4,0.1429474272299558,0.0108850229553089,0.0037542216346732,4,0.7883731396868825,0.0390354873716745,0.0142682385409162,4,2.9662346467375755,0.1456844602491595,0.0532156370934985,4,2.5650146566331387,0.1735760740355144,-0.0088695873107228,4,29.15086305141449,0.4360622235147048,0.1582520575750441,4,13.246163073927164,2.121075174663691,0.6048315256124451,4,3.2252069738171283,2.8000000000000003,0.938095238095238,4.0,14.0,0.6583285819325508,0.2416666666666666,0.2445171495171495,D07,0.6618333333333335,0.4031944444444443,0.1143642376142376
ORNL_006,ORNL,22.8549235612154,0.2886108593028945,-0.0378124103659675,4,32.050543159246445,0.8683177428547232,0.328003256093888,4,1.3066037017852068,0.0381416399336556,0.0125089051822821,4,6.695888627320528,0.820074594855731,0.2829529809809866,4,0.0241565311207523,0.0053503893255804,0.0009254613561054,4,5.890074525028467,0.7423549932084914,0.2679465168288776,4,0.2626204881817102,0.0328552360616837,0.0116095953576621,4,0.1370060862391255,0.017612526580654,0.0063733306901884,4,0.8117984123528004,0.0411181824510411,0.014461428813991,4,3.011249467730522,0.2034903829752246,0.068849958834194,4,3.81787084415555,0.3642938165780701,-0.0975085770090421,4,29.655607998371124,0.5986603700716508,0.2209941091991606,4,8.419381308369339,2.108119931495987,0.6747231218254283,4,7.819889535005878,6.87719298245614,0.9707792207792209,9.0,28.0,0.6848315050556699,0.452579365079365,0.0826876081360197,D07,0.7488333333333332,0.578781746031746,0.0711978576978577
ORNL_007,ORNL,20.079375699162483,0.5092021713251954,-0.0296521059104374,4,31.06601157784462,0.9151875886570314,0.3300737625076657,4,1.3727215826511383,0.0379912912570678,0.0072166110788072,4,7.101989142596722,0.5171341408493316,0.1428242659284955,4,0.0318573679387554,0.0119225377006992,0.0003066813533223,4,6.282291524112225,0.5193073151641058,0.1807947818722043,4,0.320769181009382,0.0284801631963341,0.0081328924390531,4,0.1747386310016736,0.0161081989233789,0.0045273875972876,4,0.8629657998681068,0.0322297252698734,0.0106313512438819,4,2.986500609666109,0.1716186851633804,0.0571474401014191,4,3.4018930085003376,0.4457351442505342,-0.0725900449213527,4,27.969492703676224,0.5434789427057146,0.1972191078322274,4,14.168255243450403,2.485846448271826,0.3378153219819069,4,7.4611471950799295,6.095238095238095,0.7106481481481481,9.0,16.0,,,,D07,,,
ORNL_008,ORNL,22.63355907797813,0.8321081371557133,-0.2878971185003008,4,31.415757566690445,0.721107551776006,0.2566943197023301,4,1.4105348754674196,0.0613165385270381,0.0161381610447452,4,8.516722865402699,0.9374568379662348,0.2189278340055829,4,0.0574323411055957,0.0167224998171361,0.0004554364305,4,7.023373104631901,0.9075835960539852,0.2978551111051014,4,0.3200005339458585,0.0522974465622389,0.0179097389891034,4,0.164429813157767,0.0287298571645189,0.0100118146898845,4,0.8150381045415998,0.0410312772847845,0.0136147750807659,4,2.961720068007708,0.1455001226170395,0.0472263654782658,4,2.6722695268690586,0.44529594106702,-0.0799391667048136,4,29.98427405953408,0.2774478673442275,0.1019878018470037,4,15.348007280379534,4.055234077952453,1.1478040264475913,4,3.926458138731904,2.934959349593497,0.8477443609022557,6.0,19.0,,,,D07,,,
ORNL_009,ORNL,18.304504185915,0.217197863300051,-0.0363631134941464,4,27.890797466039658,0.4393239616570524,0.1642444502739679,4,1.4686658419668674,0.0240670856115883,-0.0074812989859353,4,7.717826761305332,0.2294281924771478,-0.0708145307643073,4,0.0792589159682393,0.0251381457384118,-0.0090172670205079,4,6.232409082353115,0.2931604248292072,0.1078940693821225,4,0.3517550420947373,0.0179249240998455,0.0064310337904663,4,0.1898786511737853,0.010661119971606,0.0038553266342551,4,0.8732957104220986,0.0222557859236817,0.0074749478094634,4,2.976428523659706,0.0884210942405111,0.0299525700864337,4,2.2710825987160206,0.2716828770269864,0.0984368789054098,4,25.91106203198433,0.2691939719175977,0.0948684243928818,4,20.7690282613039,1.5343392024776057,-0.4202583645071302,4,5.846556207842228,4.567567567567568,0.8876123876123876,8.0,26.0,,,,D07,,,
ORNL_010,ORNL,15.552575379610062,0.405578926440069,0.0289353529612223,4,23.52117583155632,0.7937863082831557,0.2852237763858977,4,1.3833235632628202,0.0405156829776688,0.0015592761337757,4,5.492639474570751,0.4194683064289849,0.0860222798018228,4,0.0519916295015718,0.0167370383757637,-0.0034743597165548,4,4.530562192201614,0.4265974051095293,0.1283472045546486,4,0.299549953546375,0.0316836633311004,0.0068330248995196,4,0.1622194142546504,0.0176209852258808,0.0036438443431896,4,0.8459806572645903,0.0315663305531246,0.0090581597316832,4,2.769364185631275,0.1307589917392071,0.0452433774868647,4,2.846175629645586,0.2994900831328657,-0.0079033484771138,4,21.559743881225582,0.3930279615140024,0.1457127048855736,4,18.355290569365025,3.106211562447888,0.0559072061663582,4,4.817852254094074,4.013888888888888,0.913511939429237,7.0,34.0,0.5427131281660145,0.4125,0.0780992292021704,D07,0.6199999999999999,0.44775,0.0874710104710104
ORNL_012,ORNL,28.868883818387985,0.9818721810780182,-0.3070580590338934,4,38.44370412826538,0.2895833076886289,0.1093291328066871,4,1.244185507297516,0.0263832467040786,0.0076252271731694,4,6.792629361152649,0.5483930163227584,0.1527549525101979,4,0.0102534526840827,0.0034359148789622,0.000759100504313,4,6.315389197319746,0.4546319037078705,0.1242729684426671,4,0.2239947778871283,0.0218279801403686,0.0062801895463573,4,0.1190064955735579,0.0126769785895594,0.0037590233342988,4,0.7940323734655976,0.0401167260350101,0.0126820347670997,4,3.099364884197712,0.2241288168815322,0.0721893793060666,4,4.878896322101355,0.5612651072922092,-0.1364950626378967,4,36.28853023052216,0.1713052064568284,-0.0312119779132661,4,3.074767180602066,0.7148734288333247,0.1946340898561868,4,3.888322594479332,3.130434782608696,0.858974358974359,5.0,12.0,,,,D07,,,
ORNL_014,ORNL,24.979070007801056,0.1316176442133977,0.0306428046453566,4,32.87469869852066,0.6877103832856697,0.2573679061163039,4,1.3634093422442677,0.0176174968825407,0.001545510299149,4,8.558800391852856,0.3460036450764658,0.0799839546283086,4,0.0535997124534333,0.0134181134011733,-0.0027021169288283,4,6.641775075346232,0.5443096773270981,0.1981401794723102,4,0.2674930999055505,0.0200319703478629,0.0072779843051518,4,0.1328578072134405,0.009550728602551,0.0035234563097002,4,0.7809421122074127,0.0284759471001853,0.0095875314658596,4,2.9852704741060734,0.1242941368459535,0.0432368868163653,4,2.830080749467016,0.1594155949997454,0.0038983642700172,4,31.418004631996155,0.547665682802448,0.2052814619881766,4,11.83059335500002,0.82378022091722,0.0652432597818828,4,7.236983800357897,6.545454545454545,0.6115819209039548,8.0,12.0,,,,D07,,,
ORNL_015,ORNL,19.44249130785465,1.11179713479836,-0.3720207171780722,4,28.38898909091949,0.4590755499685974,0.1406490348634265,4,1.3728096317499876,0.0542803078744313,0.0172310416542348,4,6.845627322793007,0.5692156655436695,0.1626950218563988,4,0.0251697697549388,0.0044136989784535,-0.0001268553832709,4,6.289060208946466,0.6626002438770563,0.2096843730126108,4,0.3335834401659667,0.0557921582367583,0.0187531075041208,4,0.1799050691770389,0.0337950820918705,0.0113419822439373,4,0.849116250872612,0.0490774900823789,0.015462467180831,4,2.9443687945604324,0.0900883124789138,0.0234445695366178,4,3.658641029149294,0.2910632448940031,-0.0378228869466554,4,26.71324080228805,0.0374386599198375,-0.0010088171277727,4,15.418174598366022,5.201256621913725,1.762207033733527,4,4.883851318378662,4.263157894736842,0.8950617283950617,6.0,18.0,,,,D07,,,
ORNL_017,ORNL,21.389101445674896,0.4563443074752332,0.0998091527393886,4,29.672907799482346,0.5159969658711494,0.192719280719757,4,1.4332928750663996,0.0481850528936519,-0.0148266516625881,4,8.495630726218224,0.5462559979492304,-0.1683091975393749,4,0.0754292634082958,0.0292866922019568,-0.0101934748236089,4,6.6421044655144215,0.2317378562892942,0.035888580694085,4,0.3138738840352744,0.0154869502835101,0.0003160301906367,4,0.1628448164556175,0.0089675809149471,-0.0001231695614045,4,0.83108398783952,0.0183112315873945,0.0031238321569703,4,3.005476713180542,0.0731062533212248,0.024693924046698,4,2.463147759437561,0.3570308244282429,0.1198801898530551,4,28.07558861374855,0.3670499548334385,0.1351756169682457,4,16.651366531848907,3.0055691624134786,-0.8811362130301339,4,4.70259990417347,4.0,0.8204787234042553,6.0,16.0,,,,D07,,,
ORNL_018,ORNL,20.09801018238068,0.6654966864387654,0.0689365523202078,4,28.903392553329468,0.6724063642253717,0.253781102952503,4,1.3927705623209476,0.0490384869610425,0.0072958320379257,4,7.108275294303894,0.6963338561992481,0.1943670823460533,4,0.0329343047487782,0.017747112385344,0.0047135891176627,4,6.395247850567102,0.4227379535919804,0.07818173262335,4,0.3427861621603369,0.0315759100213689,-0.0001596967645344,4,0.1792624774971045,0.0183683762819239,0.0011379737018917,4,0.8265551272779703,0.043076916731722,0.0125706612709022,4,2.9116827212274075,0.1905476505476228,0.0635093205741473,4,3.161048384383321,0.4140716841711936,-0.0819001848853769,4,27.5193230509758,0.4871211182400547,0.180124629111517,4,16.995092077180743,3.2515300972188723,-0.0182509700812044,4,8.81262772420625,7.758620689655171,0.5426666666666666,10.0,15.0,,,,D07,,,
ORNL_019,ORNL,25.09884151816368,0.6588146011675682,-0.218889227935246,4,34.42220789194107,1.1960212297484687,0.0671905222393217,4,1.4099653754383326,0.0232677363726395,0.003477355731385,4,9.588457755744455,0.3383006599336597,0.0497429448933828,4,0.064783770852955,0.0142479320996744,-0.0047615650414844,4,7.498875163495541,0.8188082877108963,0.2882622913235709,4,0.3019126092549413,0.0394880699409398,0.0137516955312873,4,0.1475113950436934,0.0215262892501475,0.007693092416351,4,0.7831748547032475,0.0386430502698207,0.014517762565187,4,2.9988289028406143,0.1247438337262261,0.0450994464613142,4,2.4181158281862736,0.1662132306278141,0.0284073704055377,4,31.803127855062485,0.2761995842091203,0.0742166184243701,4,13.77109581232071,1.6436104993998764,0.3088575956367311,4,2.675032275816638,2.449275362318841,1.0,3.0,13.0,0.6715985369452412,0.35,0.2729155158566923,D07,0.6746666666666667,0.4591666666666666,0.1439727032227032
ORNL_021,ORNL,0.838345433984484,0.106132234232157,0.0207800798523588,4,1.5922266310080886,0.4352693235189462,0.1581886986359244,4,2.005928810685873,0.1601199566761821,-0.0050488898441905,4,0.3088356242515147,0.0949742955214147,0.0267146579655153,4,0.8294936222955585,0.0962357929459335,-0.0198444655785958,4,0.2839186265565721,0.0862766043215479,0.0288056645646919,4,0.3221975426755047,0.0780102419635026,0.0283717378216865,4,0.1748913470489372,0.0379205791256857,0.0131069987071487,4,0.6896136049181223,0.1157966112136926,0.0072391585816466,4,,,,0,0.0,0.0,0.0,4,1.354069943007614,0.2510664113430095,0.0853936507106841,4,100.0,0.0,0.0,4,2.0,2.0,0.5,2.0,2.0,,,,D07,,,
ORNL_027,ORNL,11.747763097286224,0.3823521542792744,0.1096881372588021,4,20.353413820266724,0.9039788257171966,0.3297958544322422,4,1.5504943523555994,0.0447059777612528,-0.016365299444823,4,5.686542566865683,0.0962376082187332,-0.0215758748707317,4,0.0769500021415297,0.0244162506738305,-0.0091454291056531,4,4.9952572621405125,0.1714803561256421,0.0334309428220703,4,0.4511172145139426,0.0216316322428608,-0.0054084448631675,4,0.2470571213634684,0.011670412723092,-0.0020617202611728,4,0.8819701243191957,0.0269995498623515,0.008607278622332,4,2.5877425596117973,0.0943421643548008,0.0306677477700369,4,2.128965455107391,0.2927248947702081,0.1067575082360278,4,18.30307963490486,0.4674782342563706,0.1671264824413117,4,39.7916703671217,2.4507171386386832,-0.8312716299579257,4,4.473927672495593,2.880184331797235,0.8464,8.0,25.0,,,,D07,,,
ORNL_029,ORNL,7.949563957750797,0.5238246884497464,0.1600039721954436,4,16.48361185193062,0.8565234535226738,0.310479203859965,4,1.5972426105290651,0.0565436913193053,-0.0183235213515304,4,4.276446580886841,0.0626471291680437,-0.0116595072405678,4,0.0801784669456537,0.0271707524856844,-0.0095398557993272,4,3.904969587922096,0.0549393645917602,0.0160080187377475,4,0.5031831371597946,0.03091775262766,-0.0079180566771399,4,0.2855261184740811,0.0172171539059989,-0.0043454721259574,4,0.9266480691730976,0.006280160945986,0.0013793059402988,4,2.294117433950305,0.0736343071580165,0.0242673862902891,4,2.127591146156192,0.3649792423318952,0.1146527427647795,4,14.300168961286545,0.5279645333182744,0.1945227753548395,4,68.89919826388359,4.678272749870335,-1.4621609534536089,4,5.528611464683081,4.129032258064516,0.8457404458598726,9.0,32.0,,,,D07,,,
ORNL_031,ORNL,0.9929400016036298,0.3732406531462271,0.1322853929466671,4,1.7752548633143306,1.2789332327280931,0.4611333489772819,4,2.1434213016182184,0.2150653507849807,0.0528693293176946,4,0.3521459471958224,0.3259971366850145,0.1162380423103015,4,0.8577807080000639,0.1414508162217602,-0.0501736397189753,4,0.3509269176089825,0.2616391602532337,0.0955165733106523,4,0.3023919135060472,0.1518027804765183,0.0540339282680569,4,0.1712717977287765,0.0814134247964561,0.0282231761005869,4,0.6954529955983162,0.2766786056178018,0.0520154897655759,4,0.8918240964412689,,,1,0.0462594952439845,0.0313353802114283,,2,1.6011013080262475,0.8846783116964266,0.3217382948431704,4,100.0,0.0,0.0,4,,,,,,,,,D07,,,
ORNL_032,ORNL,14.462370947003365,0.6751304756475143,0.2221386503605615,4,22.364585548639297,1.440310070482349,0.5417771765163967,4,1.4062765687704086,0.0334952709913137,0.0075111853934469,4,5.518613766878843,0.5542535296436469,0.1944517766435941,4,0.0594295540649909,0.0105461415695388,-0.0003700020772937,4,4.4848984852433205,0.5672212823601904,0.2103886859757559,4,0.3113087865058332,0.0284143341739946,0.0093626669785451,4,0.1686212718486786,0.0172461179945617,0.0056038649885782,4,0.8571532499045134,0.0336675604836923,0.0114901741700513,4,2.753212869167328,0.1454985707196045,0.053129338082813,4,2.762664958834648,0.1727131644953281,-0.0230063015506381,4,20.23591920733452,1.0910869785851782,0.405576589561644,4,21.668172299861908,2.750527849293878,0.244613664490836,4,2.391021053126692,1.7166347992351816,0.9705947872577412,6.0,67.0,0.8681899098621605,0.5416666666666666,0.0818109423256482,D07,0.8841666666666669,0.7557222222222222,0.0616521164021164
ORNL_033,ORNL,8.430122885853052,1.0669493245365032,0.3733623201648394,4,15.06081686168909,1.908022544713061,0.7170165472087406,4,1.5267949923872948,0.0505749283523442,-0.017857045999595,4,3.94501287676394,0.2666867200580815,0.1006567377064909,4,0.0862948844660422,0.035232254014992,-0.0132648443970884,4,3.343206524848938,0.4574680117345114,0.1718727878871418,4,0.412363818148151,0.0221996246190946,-0.0003926567511544,4,0.2323640217073261,0.0139350062240978,-0.000371630902269,4,0.8944602208212018,0.025355983004049,0.006687818095088,4,2.281873321160674,0.1916577261589553,0.0703028892832142,4,2.030746158212424,0.3944829747583959,0.1415778363034838,4,13.27909131348133,1.511624038819838,0.5605727675415221,4,63.957714051008224,11.88248027312609,-4.1015755988302685,4,3.861437084358725,2.7931034482758617,0.839622641509434,6.0,18.0,,,,D07,,,
ORNL_035,ORNL,14.312867984175682,0.4370439034822506,0.108546902736028,4,21.76191368699073,1.2088140699462822,0.4561615529514494,4,1.4462626818567514,0.0667653278638147,0.0214577712828204,4,5.77011351659894,0.8070030211985068,0.2798145807215145,4,0.0923795297858305,0.026424826347318,0.0053755682338738,4,4.270585056394339,0.759673909895439,0.2870798845376287,4,0.2988371441606432,0.0478657295408306,0.0177137798718398,4,0.1585115506313741,0.0272347415389341,0.0100100076579976,4,0.8266231575980783,0.0500033949878626,0.017036622390151,4,2.6215358562767506,0.2088996978232136,0.075233339198998,4,2.315677158534527,0.3331411730162357,-0.0901377247202964,4,19.73339182138443,0.8808626210361326,0.328108909584227,4,22.86950544267893,4.754286115756162,1.435420390395891,4,2.361126639752781,1.6384266263237517,0.9655278547245306,6.0,57.0,0.8627297514397206,0.6416666666666667,0.0567546505781799,D07,0.9043333333333332,0.8188888888888889,0.0416456228956229
ORNL_036,ORNL,29.055842608213425,0.7335812787748688,0.0086118578910827,4,38.62896817922592,0.6611912589957218,0.2476829176857358,4,1.3592934999614954,0.0430433449788917,-0.0014488237599531,4,9.811535701155664,0.8958019500350918,0.0226812518778301,4,0.0377437102797557,0.0118793828245896,-0.0022241261717031,4,8.446221016347408,0.7300441702611731,0.0904824755021504,4,0.2968899672850966,0.0299272665869917,0.0021145740257842,4,0.148438059608452,0.0189225183517388,0.0020264371941309,4,0.7851774878799915,0.0437286172696246,0.0125192093352476,4,3.142472129315138,0.1618390796679808,0.053292171940917,4,3.3719712644815445,0.3038619102677996,0.0394048577263241,4,36.846411883831024,0.477646708088243,0.1801208938871111,4,9.324456693604589,2.492075761429939,-0.3785984691764627,4,4.730938391405949,4.225,0.9260355029585798,6.0,26.0,0.6499250055882595,0.4666666666666666,0.0854741255476549,D07,0.6779999999999998,0.5570277777777778,0.0587359122359122
ORNL_037,ORNL,21.434325501322743,0.2982797504875275,0.0282864556426093,4,30.734003216028214,0.5721387253587129,0.2118745616504124,4,1.4234702568501234,0.0322188928063662,-0.007878393821773,4,8.032422058284283,0.3408217946653499,-0.0259884432667777,4,0.0678685394959757,0.0222931099214038,-0.0073008901880322,4,6.57909107580781,0.2344378904091249,0.0733834168031102,4,0.3201939191203564,0.0109194703616964,0.0023846598120317,4,0.1684652472613379,0.0072860891512213,0.0018952979284915,4,0.8284843135625124,0.0299193944854447,0.0097675027237052,4,3.020567145198584,0.1088897695414961,0.0376899480110123,4,2.759820921346545,0.2816941206594808,0.0648753591591403,4,28.97839778661728,0.3820967148207702,0.1297705343791416,4,16.76350638270378,2.1027512030207536,-0.5853427407287416,4,5.987770549394176,4.927601809954751,0.9412304866850322,8.0,33.0,0.562210777543637,0.4163690476190476,0.0826372303307287,D07,0.6443333333333334,0.5080833333333332,0.0661599974099974
ORNL_043,ORNL,23.02540010213852,0.2008417765813075,0.0453524532772245,4,30.839363396167755,0.702661430297952,0.2635481244041806,4,1.3788020946085453,0.0197789643982967,0.0032657189738182,4,8.169541165232658,0.3562783063922777,0.08625252473922,4,0.0564888140652328,0.0092584258269213,-0.0001612502826555,4,6.4816314578056335,0.3111769302180718,0.1043124255679902,4,0.283878251677379,0.0133566272489622,0.0040463004039511,4,0.1482041672570631,0.0082921248382245,0.0023959990746031,4,0.8194110998883843,0.0249458136445418,0.0082838697625058,4,3.082557298243046,0.1048352617117346,0.0359817147254943,4,2.837254321202636,0.1619249713447181,-0.0021982134452887,4,29.6489440202713,0.5342909426186186,0.1966786781946818,4,11.249014798551798,1.0429007358403215,0.1910844619075457,4,7.205353959404487,5.0,0.8799261083743842,12.0,40.0,,,,D07,,,
ORNL_044,ORNL,1.2159833079203963,0.0874078129803421,-0.0052401559161288,4,2.4543878603726625,0.4374267329522097,0.1508591549382323,4,2.0613901931792498,0.0581383234117941,-0.0148911332445485,4,0.5732921262970194,0.1112960663112394,0.0260581671415517,4,0.7213596687652171,0.111644943529416,-0.0316664646157906,4,0.5234847679967061,0.0729552130980009,0.0179049197384821,4,0.3745739500736817,0.083290621804909,0.0281842440211524,4,0.20416144374758,0.0415215441343371,0.013887810476479,4,0.7546986243329369,0.1342462654300101,0.0191258559883623,4,0.8289492229620615,0.6550134672678662,-0.0021154643997313,4,0.0393157327745222,0.0219336246343099,0.0078662086055112,4,2.101392826065421,0.2598502634003132,0.069334061195453,4,99.85206496715546,0.1208668417948499,0.0332584948766799,4,,,,,,,,,D07,,,
ORNL_045,ORNL,22.34720134735108,0.4598888937218374,-0.0010994672775268,4,30.835846334695816,0.4418304011503261,0.1660689314206441,4,1.329237885773182,0.0269213136233732,-0.0012975739581244,4,7.024699106812477,0.3616008255094298,-0.02381441564787,4,0.0391892270272364,0.0110933399746783,-0.0008984555287974,4,5.702755440026522,0.1453258836318834,0.0150303574545042,4,0.257083831820637,0.0105112276571187,0.0005592969911439,4,0.1382520262850448,0.007039718333101,0.0008926550702502,4,0.8211172884330153,0.0255808383079759,0.0068753573688722,4,3.0307768918573856,0.1009236753827942,0.0324889361148788,4,3.263247769325972,0.3035821831996868,0.0404847998704229,4,28.92625379562378,0.3176203209876068,0.0997491280237833,4,8.18260470405221,1.6179829830859425,-0.1504074345741953,4,5.398613973834715,4.281553398058253,0.9800777453838678,8.0,42.0,0.5224692370410634,0.3592261904761905,0.0945297457100862,D07,0.5783333333333333,0.4174126984126984,0.0838551448551448
ORNL_046,ORNL,20.879123985767365,0.1169922946882757,0.005946641876584,4,29.40557238459587,0.7444100123957085,0.2808600578989301,4,1.4096551276743412,0.0145742441468449,-0.0002100921812511,4,7.959156610071659,0.2155147163116124,0.0351848055919011,4,0.0662391086807474,0.011662168107265,-0.0037120337254323,4,6.27694034576416,0.4038065986990672,0.1412059877599988,4,0.302202631952241,0.0186432823041674,0.006360580412937,4,0.1609459489118307,0.0114874089836411,0.003920037521138,4,0.8422936871647835,0.0287693066932635,0.0102233977190085,4,3.024240907281637,0.1259057443474065,0.0435691131722359,4,2.693906746804714,0.1631304888226505,0.0481515931231634,4,27.72632387280464,0.5972489213457293,0.2225213079225449,4,15.131216146051884,0.8453801220606629,-0.0141223080101467,4,10.892539161487928,8.620512820512822,0.8060899863657022,15.0,41.0,,,,D07,,,
ORNL_049,ORNL,19.908207714557648,0.8032779584467553,0.0297529981249854,4,32.200617760419846,0.4354822974659105,0.127717219647907,4,1.3454393856227398,0.0284574553178614,-0.0010387045996529,4,6.614612899720669,0.2526037173205701,-0.0048083173377173,4,0.0175060462861438,0.0079196482681995,0.0010057390789457,4,6.191943027079105,0.1696040647069584,-0.0532830435605276,4,0.3169948996510356,0.0195592320490945,-0.0034341006539762,4,0.1762347632320597,0.0112491877067263,-0.0019001293195677,4,0.8615063559263945,0.0196200476509793,0.0039706535282589,4,2.9526544958353043,0.1669624690337491,0.0516487679311207,4,4.186615020036697,0.6707396587906981,-0.1300494983082726,4,29.49204424023628,0.5484969844549247,-0.0441582742191496,4,9.06338434992358,2.684685196685642,-0.0034825530878844,4,8.378455511428601,7.566929133858268,0.9843830005120328,10.0,62.0,0.6024442760490382,0.399345238095238,0.1092396668518959,D07,0.651,0.5052738095238095,0.0772751045251045
ORNL_050,ORNL,25.29911044985056,1.6321361417878486,-0.5911812988065538,4,36.360195487737656,0.4717235751168775,-0.0848698587644667,4,1.4315672498196363,0.0595469385047093,0.0206119441205547,4,9.672135762870312,0.4342924425291898,0.0973645285481498,4,0.0613194933430349,0.0113952483592836,0.0031432233673902,4,8.286151584237814,0.4351320840100136,0.1423854519213949,4,0.3432239757385105,0.0499810025429408,0.0180385557358108,4,0.1822730025742203,0.03010780196671,0.0109186434586133,4,0.8425952065736055,0.0371293155187786,0.0128821382919947,4,3.171813514083624,0.1007249082494834,0.0251347270040285,4,3.012026373296976,0.3430388764106671,-0.0974232132236162,4,34.46312040090561,0.5733568320038296,-0.1857627062570481,4,17.42557562328875,4.681611610399559,1.5873241305706047,4,5.599389087570491,4.142857142857142,0.8300145701796988,9.0,29.0,,,,D07,,,
ORNL_051,ORNL,25.69304209947586,0.4217760499312683,-0.0148687760035196,4,34.19824030995369,0.7004819450763043,0.2616644161088126,4,1.3240608628839254,0.0331450881051528,0.0060645964528833,4,7.905809752643108,0.706053015566423,0.1591912231275013,4,0.0292625622096238,0.005605798678001,-0.00076129702003,4,6.767932739108801,0.6895083710664905,0.1954802767861457,4,0.2701129533816129,0.0301821030779727,0.0077420265325123,4,0.1360514663392678,0.0161369888256064,0.0043154157853374,4,0.7887682365253568,0.0317843087591154,0.0099221046659208,4,3.0339872799813747,0.1066394956124045,0.033009746599765,4,3.3396766129881144,0.3549123398290567,-0.0294184480749425,4,32.57480934262276,0.5007660618764362,0.1891959479876927,4,9.001863463083282,1.644791374081813,0.2735637204411129,4,5.8732221648731295,4.745098039215686,0.8224101479915433,8.0,22.0,,,,D07,,,
ORNL_052,ORNL,20.663352757692337,0.4086712468464257,-0.0414756082353137,4,29.96981993317604,0.7484148743014317,0.2772408638681684,4,1.4949982017278671,0.042046981915942,-0.0091147504392124,4,8.875996381044388,0.3850419928849528,-0.0171317529110681,4,0.0831481621862622,0.037494652449345,-0.0126984364954599,4,7.476797968149185,0.6138016201807555,0.1949650304658072,4,0.3784655099734664,0.0343729849545619,0.0095925862413077,4,0.201974244788289,0.020004664141506,0.0058500344554583,4,0.852842727676034,0.035480669405761,0.0119196485195841,4,3.025270622223616,0.0795475177008795,0.0274603796147164,4,2.447075312025845,0.332979922974144,0.1021149356272958,4,28.60195994377136,0.5497447476781234,0.2076191902160644,4,21.64848793298006,2.528389010053389,-0.3590478918382099,4,4.514793254214504,3.8404255319148937,0.975033738191633,6.0,38.0,0.5167939258043013,0.3666666666666666,0.1048922645981469,D07,0.5848333333333333,0.4166666666666667,0.0890402005402005
ORNL_053,ORNL,23.81405743956566,0.4164252320534833,0.0102871628034682,4,33.06313303112984,0.6350789771911071,0.2376216167495364,4,1.3821067661046982,0.0304806290926063,0.0037450474642571,4,8.682801134884357,0.5105727581773004,0.0899024030991963,4,0.0290191661388234,0.0089700806446566,0.0018216357311757,4,7.908958688378334,0.3248132209140495,0.0344989271391005,4,0.337669420056045,0.0191353743034481,0.0007237247413113,4,0.1797953086206689,0.0116403118568486,0.0011195389309986,4,0.8464560834690928,0.0264061961710454,0.0083291687603507,4,3.167858835309744,0.0980479028781843,0.0323325569430987,4,3.419812323525548,0.3526879072109835,-0.0295756865470182,4,31.85398605465889,0.3892344329978577,0.1454778767767406,4,11.733465634286404,1.857996117105856,0.1259235775186902,4,5.031910180409694,3.796078431372549,0.9565656565656566,8.0,44.0,0.5985265338725911,0.4345238095238095,0.0804531381930762,D07,0.6558333333333332,0.4918888888888889,0.0773667721167721
ORNL_054,ORNL,24.16955804824829,0.4880521849319725,-0.0195832195736113,4,40.54230996966362,1.779962287722677,-0.5563465669041588,4,1.320950634777546,0.0243702776524393,0.003141015058472,4,7.564629286527634,0.3943447401125916,0.0546430633181617,4,0.019356996692295,0.0053359180633297,0.000945937539308,4,6.863431390374899,0.2662645710320009,0.0282758059246199,4,0.2852868298068642,0.0158853483870734,0.0014666789433076,4,0.1523116944590583,0.0092540983787606,0.001095429362197,4,0.8131814086809754,0.0277138441489648,0.0081048482762915,4,3.147914219647646,0.0990282660300866,0.0309086850001698,4,4.012437116354704,0.355017522157908,-0.0551130682939574,4,32.212463825941086,0.2723844564965438,0.0821217383657183,4,7.541197724640369,1.4984202104599904,0.0715526455924624,4,5.531689200239816,5.157894736842105,1.0,6.0,28.0,0.6317057172804503,0.4749999999999999,0.0827713136536665,D07,0.6818333333333333,0.5320555555555554,0.0602432197432197
ORNL_055,ORNL,25.754382491111755,0.448166421704266,0.0027110122499011,4,38.9562731385231,0.4203606171381164,0.1520824489139375,4,1.3389682807028294,0.0196493254783938,0.0024973164711679,4,8.534279346466064,0.3440641354612974,0.0537220764727819,4,0.0105481592572687,0.0052057604316119,0.0013666927049295,4,8.206770777702332,0.2227060377668575,0.0088816469623928,4,0.3222160774748772,0.0131019801291349,0.0002738526756209,4,0.1769012911245226,0.0081121939671175,0.0004716514210615,4,0.8466613087803125,0.0249353543651628,0.007082688134341,4,3.0168412756174803,0.2196941705963563,0.0666013780449118,4,4.91442783921957,0.7603695155112049,-0.1680965487446103,4,36.41832163929939,0.2605620701901456,0.0807901195117405,4,4.454581822268665,1.1639166034910915,0.2463295146645534,4,6.152920567619326,3.745664739884393,0.7793538219070134,12.0,36.0,,,,D07,,,
ORNL_056,ORNL,23.808647960424423,0.8545880181102808,-0.1664393884795052,4,32.65154814720154,0.8173485612804682,0.3042798950558617,4,1.3543328009545803,0.0652881343306474,0.0168887270348412,4,8.033410768955946,1.1532984152285073,0.3317811797772135,4,0.0267113507979956,0.0119005700642772,0.0010240223862291,4,7.211413167417049,1.0674961071680862,0.3480914469276155,4,0.3099674810655415,0.0548894386308097,0.0166067045093292,4,0.1587930503301322,0.0315495514976988,0.0096085662953555,4,0.8176647154614329,0.0474989830834583,0.0150159692303055,4,3.056228622794152,0.1111380992387752,0.0317232012748718,4,3.4982923343777657,0.6089607950466347,-0.0889932137160074,4,30.99587920308113,0.5612567779189134,0.2068779723984854,4,11.427703133784236,4.3344377758861325,1.1159221816453195,4,5.754418748149765,5.128205128205128,0.976219512195122,7.0,40.0,0.4964502257003366,0.3297619047619047,0.0924271235300647,D07,0.579,0.4072222222222222,0.0799830817330817
ORNL_057,ORNL,21.63025514781475,0.3853224501201638,0.0987863129093533,4,29.83461856842041,0.6290365622293298,0.2327869733174642,4,1.4139740746468306,0.0245302466604687,-0.0035612755233333,4,8.35179877281189,0.2872048896186104,-0.0016461880434127,4,0.0547364199592266,0.0131000052020864,-0.0035537014842876,4,7.02120852470398,0.2577449659121798,0.0753391172204698,4,0.3295493659097701,0.0130011331857987,0.001897448784716,4,0.1705579565605148,0.0069974146088818,0.0009785697995019,4,0.8313424997031689,0.0250974570030081,0.0073223092726298,4,3.035453278571368,0.1048119377907473,0.0350076446220988,4,2.703529404476285,0.2243417116513918,0.0417071770699251,4,28.635397762060165,0.5212007878790353,0.1927355783326285,4,16.305781230330467,1.7811378051436575,-0.4368875878197806,4,5.4324594124954,4.687804878048781,0.9375650364203956,7.0,31.0,0.550739203639079,0.4113095238095238,0.0817608861726509,D07,0.6181666666666666,0.4662777777777778,0.070502109002109
ORNL_058,ORNL,26.412727802991867,0.2677167514178379,0.087583839893341,4,35.39064630866051,1.0366487376564115,0.3546509941418965,4,1.359526939690113,0.025442590711407,-0.0005630726615587,4,9.093453012406826,0.5679596205450246,0.0829111287991205,4,0.0338468108166125,0.0106224235158292,-0.0021197162887325,4,8.037375845015049,0.4773425586825242,0.1201646363451367,4,0.3046491609420627,0.015050366733369,0.0021843962327,4,0.150240191607736,0.0078428136839275,0.0014818872524691,4,0.7913704598322511,0.0323574920125738,0.0105244085370075,4,3.0428384467959404,0.1504025269186357,0.0508780472335361,4,3.348296634852886,0.3128248779468368,0.0306117215326854,4,33.675003081560135,0.8077447685716436,0.2748952962103344,4,11.884739752858875,1.56431493431152,-0.1239647365042141,4,7.95849091628014,6.720279720279722,0.907343857240906,10.0,31.0,0.6050493994931692,0.3148015873015873,0.1388083046983975,D07,0.6836666666666668,0.5255873015873017,0.0780036815036815
ORNL_059,ORNL,22.31635355949402,0.5551548361452948,0.0349827721005394,4,32.655402451753616,0.5144278520952226,0.1841908608164106,4,1.3422589991241691,0.0374531946007941,0.0068331195839813,4,7.227348241955042,0.5686806080243851,0.1367312339799744,4,0.0334498321790306,0.0177943533813263,0.0029081513483626,4,6.370959874242544,0.310965079152864,0.0507882858316103,4,0.2885868018493056,0.0151598061869214,0.0018854891615254,4,0.1543356593465432,0.0085765140396342,0.001237779977687,4,0.8341620909050107,0.0269477269911114,0.0074066410639456,4,2.99404476583004,0.1735846814336784,0.054056962331136,4,3.293546559289098,0.4432107630739931,-0.0791798803423132,4,30.40970915555954,0.4285202969899971,0.0796398889450799,4,9.421116926707327,2.043952653276316,0.2498061764275743,4,8.192794206234144,6.412121212121212,0.8922620187703505,12.0,46.0,,,,D07,,,
ORNL_060,ORNL,27.56094628572464,0.2150424622789258,-0.002518580073402,4,37.83250576257706,0.6964011302839869,0.2630406277520316,4,1.3876654766499996,0.0151521731634709,-0.002195466132391,4,9.731184534728529,0.2879614343450924,0.0342125644286473,4,0.0451324805471813,0.0087641316362162,-0.0028755113931505,4,8.476189829409122,0.1670847759165343,0.0445185097910109,4,0.3193940364290029,0.0075873409384326,0.0010651187926885,4,0.1680593094788491,0.0057138767645787,0.0013670950817565,4,0.8150060018524528,0.0356252340903303,0.012173353295241,4,3.2460132390260696,0.1318856868532478,0.0442617152418409,4,3.191352365538478,0.222241402292998,0.0095520847964854,4,36.17735868692398,0.4063855628225826,0.1532693874268304,4,10.408455561846496,1.055465710513265,-0.23057593192373,4,9.348139205106037,8.13846153846154,0.7902364607170099,11.0,23.0,,,,D07,,,
ORNL_061,ORNL,17.847640186548233,0.218639794796132,0.0133926102093287,4,26.10795250535012,0.5404564852169274,0.1956319894109453,4,1.3738424684852362,0.0337751002722623,0.0022845983150459,4,6.1912031173706055,0.4267316756208451,0.025298440740222,4,0.056704284826992,0.0126487738387547,-0.0006510236028892,4,4.821778297424316,0.2864126340725109,0.0437706460555394,4,0.2761943032965064,0.019469323389578,0.0034311227500438,4,0.1480886522913351,0.0106995481640538,0.0026504333197538,4,0.8202979872003198,0.0278716663507696,0.0087089745239132,4,2.814292084425688,0.1334000063941101,0.0440150055856931,4,2.918480332940817,0.3108435763446092,0.0274040163272903,4,24.03848084807396,0.1932742242516164,0.0720364678473699,4,14.253192752599716,2.5122897636070767,0.3568021655082702,4,9.30794604033983,6.578082191780823,0.922408567387351,14.0,49.0,0.6363144617428766,0.3110984848484849,0.216013892118112,D07,0.711,0.6102936507936508,0.062184644059644
ORNL_062,ORNL,21.568216517567635,0.1546968716378476,-0.0459705349944886,4,31.366163909435272,2.682682267395732,-0.4392525468553815,4,1.4739549066871405,0.0236875103590816,-0.0083845706567877,4,9.078698210418224,0.2820748616581125,-0.0962889911163421,4,0.0989596804720349,0.0244202823540533,-0.0090327942134102,4,6.872980214655399,0.2839912008555845,0.1063611911875861,4,0.3233118501957506,0.0152043331101409,0.0055777307910223,4,0.165703555685468,0.0101808876852045,0.0036879764492845,4,0.8090214533731341,0.0392207173318799,0.0137133247972953,4,3.003894906491041,0.1191074288648878,0.0424928711283774,4,2.254745973274112,0.2471223037045805,0.0926120226227101,4,28.058569997549057,0.406243553881797,0.1523418909027463,4,19.953247897326943,1.1529215873445815,-0.3565473918403898,4,5.038158704210648,4.290780141843971,0.964297520661157,7.0,55.0,0.648374297954412,0.5130952380952382,0.0658246818540936,D07,0.6913333333333331,0.5495,0.0671471213971214
ORNL_063,ORNL,22.09880980849266,1.143479686142839,-0.4277938348906381,4,34.04294615983963,0.4262586314447517,0.089941694622948,4,1.3453975711017847,0.061813730526306,0.0223892183885687,4,7.257711723446846,0.8120031067710729,0.2793631326584589,4,0.0235525968455476,0.0070523890228606,0.0018984073817375,4,6.588343132287264,0.8173739285021525,0.2960400819068863,4,0.3062854881864041,0.0569948992548266,0.0210987233468109,4,0.1686713231028989,0.0325911566040909,0.0120907444174268,4,0.8628408992663026,0.0379269851980783,0.0136195532090607,4,3.07692101970315,0.1252393872842251,0.0355818516441753,4,3.6745907552540302,0.5048903757507929,-0.1491007063360441,4,30.955896824598312,0.2196551723176937,-0.0599012800625392,4,9.736212785355749,4.519595242533822,1.6783631139745314,4,6.403491439154885,4.878048780487805,0.952439024390244,9.0,40.0,0.6209706393212343,0.5133928571428571,0.0747023343163469,D07,0.6903333333333332,0.5867380952380952,0.0643247901336136
ORNL_066,ORNL,0.7498340001160448,0.1536357288974909,0.0308705970451429,4,0.7377590551041067,0.4103117594889594,-0.0395923561106125,4,1.947316264733672,0.1224023500313558,0.0297978422826244,4,0.1081752249447163,0.1143476441196634,-0.00540009866901,4,0.9483155393972992,0.0617557271810015,0.0021799232455946,4,0.1505595950494435,0.1119490184042628,0.0003388720173469,4,0.1731080402281474,0.0931463970710371,-0.0071264214402475,4,0.0993897405834021,0.0531587258465517,-0.0036872644384605,4,0.8475269824266434,0.0889344639639225,0.0325235995022874,3,,,,0,0.0,,,1,0.985748864710331,0.3290187746061319,0.0218529313802719,4,100.0,0.0,0.0,4,,,,,,,,,D07,,,
ORNL_067,ORNL,21.325662672519684,0.2116645019268122,-0.0214937244142804,4,28.11315840482712,0.6543927502331306,0.2441369578951881,4,1.3241742346435783,0.0319129640581579,0.0077663828574475,4,6.52253395318985,0.5106468602487324,0.1441842246623266,4,0.0506236221845028,0.012577410146552,0.0005118424624448,4,4.796776186674833,0.4511270221591217,0.1684867076220966,4,0.2255680724047124,0.0230187186812373,0.0084928990386071,4,0.1168151029851287,0.013382545261642,0.0049501494061024,4,0.7926766304299235,0.0358621044244452,0.0127476944277683,4,2.941715631633997,0.150314324670399,0.0543282723852566,4,3.006348930299282,0.2158094858171931,-0.010797048608462,4,26.50301945209503,0.533614559059093,0.1992262090955461,4,8.750876409932971,2.102483035981289,0.5849090348042193,4,8.017065101141874,6.578947368421053,0.8946341463414634,10.0,25.0,,,,D07,,,
ORNL_068,ORNL,20.10387907922268,0.3839526183827043,-0.0696418242795126,4,28.64389654994011,0.6105205115903545,0.2277107664516993,4,1.342718992382288,0.0388424996923461,0.0132581201337632,4,6.572977963835001,0.5847995042677867,0.2043850652518726,4,0.036937640115866,0.009271754287534,0.0028652154199205,4,5.601908925920725,0.4469606958819461,0.166035040858246,4,0.279606667580083,0.0271160824802427,0.0097906726767264,4,0.1478744137566536,0.017410487829668,0.0062939584077823,4,0.8277901783585548,0.0418483643977233,0.0144546046143486,4,2.944533608853817,0.1527697774267631,0.0535409556967871,4,3.2908649034798145,0.2647250261595827,-0.0549361858339536,4,26.768437653779984,0.4616234621466341,0.1534324572199867,4,11.18634720146656,2.601768726060496,0.9162449694815136,4,7.279434553027664,6.75,0.9055555555555556,8.0,18.0,0.7098485404261676,0.5187499999999999,0.06801260057452,D07,0.7074999999999999,0.5609007936507936,0.0814639342139342
OSBS_001,OSBS,12.688877113163471,1.3098598288668477,-0.3336552038337245,8,20.42684066295624,0.4551874106859513,0.1198412715524867,8,1.6210086541250348,0.1592937359642931,0.0194846571807176,8,6.2244364731013775,0.8924060972679723,0.113166550598911,8,0.1389595709406421,0.0853595643595034,-0.0052885015950506,8,5.13248894084245,0.9428733855002076,0.2290028933931402,8,0.4372965163784101,0.1194687668619005,0.0303438578735992,8,0.2334019833942875,0.0704621422006238,0.0181687734395324,8,0.8236556337215006,0.0628918856974536,0.016435128284498,8,2.467246698215604,0.1548851172952922,0.0412974491695798,8,1.6617329081054777,0.6069319533124171,-0.0702438970932022,8,19.00412418693304,0.1466307501484946,0.0327153844324496,8,35.792790330946445,11.732794898264416,2.133308001893312,8,2.871173746026733,2.3902439024390247,0.8673469387755102,4.0,14.0,,,,D03,,,
OSBS_002,OSBS,14.704796247184277,0.4664757784878294,0.058988377746386,8,20.018843084573746,0.6108277892156216,0.1567632800191444,8,1.970516884699464,0.2063825104404011,-0.04754711950642,8,7.354848809540272,0.2384891921938655,0.0063216600650541,8,0.4439951068488881,0.116752636691084,-0.0268337812178985,8,3.133922392502427,0.3022985268478926,0.0710227657330366,8,0.2174872033647261,0.0230664133502672,0.0044921723609159,8,0.1155194092425517,0.0120680975016244,0.0021105893600452,8,0.7486992361955345,0.037896527899144,0.008298073719809,8,2.238374507986009,0.1708162694024093,0.0411383743754959,8,0.8445545263821259,0.283583567789366,0.0660022174159116,8,18.849717400968075,0.4805040525262938,0.1124742660126667,8,48.91381601989269,10.019246332501185,-2.3684884102448174,8,1.2775319170740629,1.1421319796954317,0.9416666666666668,2.0,15.0,0.4191211837806291,0.1666666666666666,0.0828282828282828,D03,0.3251190476190475,0.1029761904761904,0.1859920634920635
OSBS_003,OSBS,8.690978471189737,0.7102656759451148,-0.1391775523642463,8,18.40760368108749,0.3777631335906588,0.0313381991681688,8,1.7592893252149224,0.1086280314115796,-0.0170290179658627,8,5.184686053544283,0.5034460656896146,-0.1029966729196164,8,0.2036816412728512,0.0960439029200487,-0.0162740238135121,8,4.39506284147501,0.2438563911529021,-0.0406519406240762,8,0.5035067731514573,0.0284662580951426,0.004289612831727,8,0.278797170962207,0.0169606943962797,0.0027196743146409,8,0.8635579943656921,0.0193950169218108,0.0042733595619402,8,2.285560131072998,0.0564026856578857,0.0055329032409175,8,1.4629637701436875,0.3650451590709281,0.0738546575109164,8,15.61314294487238,0.8241846813066714,-0.1349199993808278,8,73.92823624610901,2.3841249700260843,0.0386040628506103,8,3.565062125637064,3.1886792452830184,1.0,4.0,13.0,0.8278788692674786,0.4494949494949494,0.1896103896103896,D03,0.7735714285714287,0.4140873015873018,0.2088378684807256
OSBS_004,OSBS,11.012930355966091,0.7515523458311326,0.1702111848729401,8,18.20652855932713,0.963419674715148,0.2528577496411772,8,2.0298581179231405,0.1796741589507034,-0.0429056160966712,8,6.019500929862261,0.3581902133692746,0.0517110555618019,8,0.4162166094465647,0.0961656463206426,-0.0236307776404841,8,3.979679099284113,0.1831283395930619,0.0072355453459955,8,0.3881236097658984,0.0432445140722006,-0.0075399420820471,8,0.2102113597793504,0.0219181521573519,-0.0037627292095103,8,0.8082795850932598,0.03964447728752,0.0089414674931049,8,2.2758159562945366,0.1887586505198705,0.0458476270140395,8,0.9149846014915964,0.2963251854904887,0.0707968842828393,8,16.47141607478261,0.8069366447596558,0.2018705998720387,8,64.62029373645782,7.433153472545583,-1.8676510824673416,8,1.5467598527614164,1.3622641509433964,1.0,2.0,19.0,0.4527474691131338,0.4090909090909091,0.0878787878787878,D03,0.3645238095238095,0.3708333333333333,0.0978571428571428
OSBS_005,OSBS,7.070012718887024,4.643973741294716,-1.1556966913527342,8,12.359964277828112,7.281922909304824,-1.7958447461645948,8,2.358895151875913,0.3736412775132788,0.049710016093942,8,3.920277197874384,2.7939474085859874,-0.6762438705476302,8,0.6121244768146425,0.228705255223599,0.0509356065814006,8,3.518202998080025,2.1192573637540155,-0.5023831419375039,8,0.5048041543224826,0.1404016130683016,-0.0135189559647584,8,0.2681141766531038,0.0719639520630206,-0.005940586640186,8,0.7651460055374428,0.0854056298605156,-2.806935691891916e-05,8,1.938097079305185,0.3002640117396019,-0.0673702244357402,8,0.5615741780887339,0.3896499978636986,-0.0751112544565065,8,11.639007359667726,6.865253666545304,-1.6871895772299383,8,81.14859434962273,19.07354463606478,4.54093690132121,8,2.697382814250267,2.5128205128205128,1.0,3.0,14.0,0.9887511478420568,0.9595959595959596,0.0151515151515151,D03,0.9947619047619048,0.9871031746031744,0.0010714285714285
OSBS_006,OSBS,12.17214613312057,0.9932661798526442,-0.1602953369905855,8,16.548635098850355,1.0650900613497905,0.2719288306416298,8,2.335037154145539,0.1912887806678021,-0.0280392615711107,8,5.954545601183781,0.206794116272171,0.0502088117264137,8,0.5643590484978631,0.11033992731198,-0.025165387147078,8,3.401722108192432,0.7186614110653051,0.1472446680501705,8,0.3222243912264405,0.0953890362773857,0.0196845919594847,8,0.1697817719394584,0.0478242712890363,0.0101299683007241,8,0.7434322508063078,0.0505860102854436,0.0103216499150845,8,2.0021838934759475,0.1294772026904435,0.0298911669021431,8,0.6069791654997279,0.1670579900499257,0.0336630977326234,8,16.201001981876438,0.6879445552383108,0.0159662189087025,8,64.72559532523155,6.518322400079357,-1.473139193375277,8,1.0,1.0,1.0,1.0,9.0,0.5187188030257265,0.1212121212121212,0.304040404040404,D03,,,
OSBS_007,OSBS,12.674997746944427,0.3187327367792426,0.0460079379075443,8,17.182163648307323,0.7389972766691209,0.1932025503107053,8,1.97517083119601,0.2171785630366021,-0.0498386152942661,8,6.291092969477177,0.2417733316288622,0.0037574382481681,8,0.4377446762518957,0.1166258975690144,-0.0268728274947746,8,2.711463865824044,0.2916013243371759,0.0700057321994986,8,0.2186547309975139,0.0227765733882288,0.0048910536746861,8,0.1169248704682104,0.0121963629295509,0.0027745630529528,8,0.7556285073515028,0.0378148418608313,0.0100831796043357,8,2.1376483775675297,0.167671388296938,0.0435870496730402,8,0.8675481011159718,0.297168821932731,0.0685720707931615,8,16.186325319111347,0.5702724176979377,0.1460322220963137,8,56.27939160168171,9.066240877651673,-2.151875387381502,8,3.234371750051733,2.9391304347826086,0.9643874643874644,4.0,26.0,0.6412092873180161,0.1565656565656565,0.2834054834054834,D03,0.6236904761904761,0.1198412698412698,0.2426417233560091
OSBS_008,OSBS,11.911953955888748,0.4281667734009091,0.0655067519865174,8,16.855988085269928,0.328447592165939,0.0881388561213597,8,2.183665941469372,0.1143909229727457,-0.01088316162388,8,5.977163192816079,0.2879208613788039,0.0234274371319765,8,0.5159500064328313,0.0684877160941527,-0.0136468262756451,8,2.858743304386735,0.2337084821188083,0.0161350757983048,8,0.2517196189146489,0.0286283226849405,0.0025054739128027,8,0.1393404477275908,0.0125401817137276,0.0011589645563927,8,0.7799210115335882,0.0170468700236124,0.0034878839627006,8,2.1570468954741955,0.069240297794175,0.0130835062822962,8,0.6860016631544568,0.162528264690601,0.0325590245252688,8,15.933433156460524,0.3067019610630698,0.0705570454104301,8,63.26604925096035,7.04370259757766,-1.7599081922425583,8,1.3322056912494478,1.1803278688524592,0.9294871794871796,2.0,12.0,0.4533496141034376,0.1666666666666666,0.0828282828282828,D03,0.3038095238095238,0.1226190476190476,0.1016269841269841
OSBS_009,OSBS,12.452794391661882,1.7880627694470916,-0.4310569466730979,8,25.89271678775549,1.2854782143080905,-0.2844409825616517,8,1.7573142051696775,0.1200366452724774,-0.0109465387655969,8,7.829774126410484,0.8319798747722627,-0.2130676006925279,8,0.1063667850939964,0.0565609767204217,-0.0101479273365748,8,7.449819446541369,0.7121616996966802,-0.155298319582647,8,0.6333348643966019,0.0706637755191038,0.0019409679445746,8,0.347903584362939,0.0385402373438677,0.0016811596639503,8,0.8655634433962405,0.0315132097049783,0.0072581180775039,8,2.588373796083033,0.103085476778157,-0.0207394335679071,8,1.750335243763402,0.4522389138544988,0.0823028439702527,8,23.52948429808021,1.7792309878635637,-0.4525127099515264,8,53.16164004802704,8.76111340722984,1.7134034894357717,8,5.592365265054204,4.571428571428571,0.8278061224489796,7.0,16.0,,,,D03,,,
OSBS_010,OSBS,11.128740090876818,0.9765423195053174,-0.2437603805454666,8,18.75427720695734,0.4230824300452606,0.0983713300645901,8,1.7082518124952912,0.0837373672544538,-0.0007811574380702,8,6.008298652246594,0.4652358175040545,-0.0645914173762317,8,0.2255769704934209,0.0750420543813636,-0.0101762344749038,8,4.336835709400475,0.2714885006836844,0.0670822127986017,8,0.3996675832895562,0.0616961844905847,0.016375293865633,8,0.2202413138002157,0.0367886576378819,0.0097498419708099,8,0.8496389570645988,0.0440256501786416,0.0111475701202124,8,2.403016391210258,0.0992013713125943,0.0242721573185857,8,1.408328608144075,0.2690771901388097,0.0210447882268975,8,17.209021486341953,0.2810026832036836,-0.020323274399452,8,59.88215543329716,4.828100301561314,1.1428288796202468,8,2.246122672934479,1.994475138121547,0.9526315789473684,3.0,19.0,0.9892630233539323,0.9696969696969696,0.0014430014430014,D03,0.9847619047619046,0.9609126984126984,0.0054081632653061
OSBS_011,OSBS,12.515141259878874,0.3886977873086062,0.0244418185140461,8,20.167144745588303,0.8279093670450465,0.2159902201339661,8,1.647697553038597,0.0719222507018536,-0.0150918373163195,8,6.487788086757064,0.3341701409226563,-0.0190108531352245,8,0.1815633359365165,0.0600183834379488,-0.0135873349012907,8,4.975044722668827,0.36040060754873,0.0544725714327475,8,0.4024042476667091,0.0298565475566129,0.003961428912781,8,0.2169631858123466,0.0191377683007156,0.0028981394459627,8,0.8415483115240932,0.0351448545444604,0.0086750551194384,8,2.507715676911176,0.1386485904005961,0.0346865596958928,8,1.462095953989774,0.2459948928295262,0.046127222267339,8,18.381503872573376,0.5483439834238777,0.1302122517693812,8,43.82204342633486,3.6164039112321023,-0.6746133483445691,8,2.672696154421018,2.0571428571428574,0.8472222222222222,4.0,12.0,,,,D03,,,
OSBS_012,OSBS,0.5445956066250801,0.0230115130678899,-0.0055462756882543,4,0.3617907594889402,0.0656759573788956,-0.0126442663440277,8,1.902144788143536,0.1399732831121391,0.0324457477472254,8,0.0052493218536255,0.0053545772150815,-0.0008420808017143,8,0.999179784208536,0.0008986250066742,0.0001107009424679,8,0.0316235450736712,0.0130383291169236,-0.0029939546568683,4,0.0558566807303577,0.021101222777251,-0.0041970250034785,4,0.034780170302838,0.013853891803605,-0.0032720843977902,4,,,,0,,,,0,,,,0,0.5777874141931534,0.0284772496575968,-0.0066395894340846,4,100.0,0.0,0.0,8,1.0,1.0,,1.0,1.0,,,,D03,,,
OSBS_013,OSBS,13.511178240180016,0.666089762253646,0.130052885833308,8,17.951889880001545,0.7879343170482966,0.2105512209874682,8,2.0537268398329616,0.3567197256494848,-0.0753197176320593,8,6.711945038288832,0.5191558497448903,0.0823031676852184,8,0.4675431856885552,0.1359717736556637,-0.0313732755887021,8,2.97284550126642,0.5777926548590326,0.0074590049654598,8,0.2309585363254882,0.0584465133831762,-0.002220642946204,8,0.1204080943425651,0.0272118206038059,-0.0008196412461131,8,0.7363811582326889,0.0380759170779071,0.0085929501040965,8,2.0945665892213583,0.1880989051097994,0.0460927272227756,8,0.7871659470256418,0.293154489669348,0.0684962048071371,8,17.056567043066025,0.616949860319346,0.1634601060894952,8,52.77580253779888,12.797883070099113,-2.99273934995704,8,1.1891100934658383,1.0867924528301884,0.9616666666666668,2.0,24.0,0.4336579563306425,0.1666666666666666,0.0828282828282828,D03,0.3383333333333332,0.0952380952380952,0.2357142857142857
OSBS_014,OSBS,11.786486648023129,0.5758469673804969,0.1432325828216764,8,18.223235562443733,0.7176324242567661,0.1888016396360435,8,1.7619602931663394,0.1375946432294621,-0.0262608617171154,8,5.792111972346902,0.3438376403685103,0.0296364594471784,8,0.3118756346229929,0.0865284659542173,-0.0170271145882347,8,3.2735611023381352,0.1910517551503418,0.0435100882872448,8,0.2819793544476852,0.0083530849772221,-3.449433656195878e-05,8,0.1566823591128923,0.0040818813914663,0.0002064457714155,8,0.8228945191949606,0.0242440033991558,0.0062253060744528,8,2.371146743185818,0.1448609906648163,0.037771248564183,8,1.252942614722997,0.3123606390243875,0.054736177298352,8,16.831224732100964,0.6669456045045175,0.1611903163755364,8,52.67809695005417,8.64784350631854,-2.04318574860162,8,,,,,,,,,D03,,,
OSBS_015,OSBS,5.609096587828416,0.8508817033410064,-0.1339269446216443,8,8.50703436801476,1.3328703204766064,-0.2905616532066729,8,2.000870106741786,0.1557164684275541,0.0102404815602522,8,2.2707992511402284,0.4368142408705447,-0.0934623336323403,8,0.5457678685966779,0.1761515456925374,0.0261716753393704,8,2.460060648448368,0.2719513136919284,-0.0232453423426868,8,0.4324303331064378,0.0518109106097156,-0.0062341036816742,8,0.232902917162554,0.0259926033906147,-0.0034264982718372,8,0.7859841867624094,0.0628933442046232,-0.0131744437757287,8,1.9155034364688963,0.2140485038279005,0.0461675616203373,8,1.1897694299088706,0.2400610626967615,0.0157715252098797,8,9.218385978259922,1.017212707914234,-0.116464283770234,8,82.35915275343827,5.162921080497876,0.9372640074073494,8,5.000000000000001,4.999999999999999,0.0909090909090909,5.0,5.0,,,,D03,,,
OSBS_016,OSBS,11.601233068853617,0.4402680557270324,0.1025948728261729,8,18.04944520443678,1.187263197576262,0.3188587197044935,8,1.694321544840932,0.106263579641822,-0.0242528224533254,8,5.792663995176554,0.2417347271368342,0.0070040842839694,8,0.230190094511272,0.0739590316038777,-0.0177112040546489,8,3.983165644109249,0.4150935020398621,0.0831262268253622,8,0.3600200157379731,0.0278846983698526,0.0035868519205447,8,0.1959398971521295,0.0151245635060745,0.0019327122245685,8,0.8352551711723208,0.0275153538811268,0.0069095746899939,8,2.392115260474384,0.1361219779399486,0.0350729257398443,8,1.5041031475411728,0.3351590856524298,0.0775119687598664,8,16.85248163342476,0.8481594973606168,0.228015168696367,8,48.98433397710323,6.3357656735471535,-1.508431317620912,8,2.8399711135726595,1.9882352941176475,0.7046153846153846,5.0,13.0,,,,D03,,,
OSBS_017,OSBS,12.660287357866764,1.5601439557749572,-0.3983595651600201,8,21.600023917853832,0.8024048061303463,-0.0771314063562234,8,1.580344894900918,0.0865148138352981,0.0095499595124102,8,6.251259362325072,0.5380589575618324,-0.0504893343085828,8,0.1151578326825983,0.0451095481954121,-0.0058561106266426,8,5.176547210663557,0.5108628564516039,0.0745045173231006,8,0.4284351413371041,0.0832545291153535,0.0200884280436732,8,0.2354545234120451,0.0505620912682688,0.0122206141302246,8,0.870316790882498,0.0477464434284832,0.0118345067896469,8,2.628787538036704,0.084816149144279,0.0163105248187684,8,1.7867116532288492,0.3010169123487508,-0.0202613314846837,8,19.51976815611124,0.925276908669032,-0.1784618762327905,8,36.90092151239514,9.854360541071404,2.1284077526787994,8,,,,,,,,,D03,,,
OSBS_018,OSBS,3.645861184690148,0.3529394027611862,0.0770299641344308,8,7.732943957671523,1.203089535918786,0.307042347642744,8,2.1266222512349486,0.1895053549135901,-0.0453187648859733,8,2.221565360436216,0.2618541390194342,0.0625423878622738,8,0.4505417244799901,0.1681799980252312,-0.0405474815751414,8,1.972508424019907,0.2634791981041653,0.0654736013637612,8,0.6128148884745315,0.0285497502179225,0.0027923336306559,8,0.3130603544268524,0.0171758319614075,0.0035134972343393,8,0.7402869750745594,0.0610973864100907,0.0127110115313378,8,1.4042803939262574,0.2264869182374991,0.0469405001557891,8,0.4362867463763992,0.191029483959073,0.0477876140601989,8,6.90882003121078,0.8649716750055165,0.2191840519978909,8,93.78690665960312,2.244405206867091,-0.5823985006812376,8,,,,,,,,,D03,,,
OSBS_020,OSBS,8.553000990767032,4.450449614081357,-1.139060738730847,8,16.517885850276798,3.451795235875959,-0.8485898783231677,8,2.264665522612632,0.3161668243096663,0.0115006352346562,8,4.97605580893287,2.024690581865073,-0.4983799821058808,8,0.4396111140958965,0.0910759661592324,-0.0045609180870734,8,4.111055286572082,1.421171669030204,-0.2325214660466968,8,0.5723354180227034,0.2045333950901594,0.033229417375587,8,0.2882652734115254,0.0958541668214636,0.0142945894515644,8,0.7291150033784409,0.0630681823859546,-0.0073825738898719,8,1.9231916163257805,0.3362087689486003,-0.0744234718921958,8,0.6916970417660195,0.2462290623192297,-0.0210240438296804,8,14.471190688665956,4.677181150234627,-1.1458107683567111,8,74.54781351238489,18.5559424017182,4.712902240837987,8,,,,,,,,,D03,,,
OSBS_021,OSBS,8.143525195866824,4.836389958999018,-1.2115013397807974,8,12.416133520193398,6.390810939139721,-1.5928070434959352,8,2.5969245191663504,0.8954435249700748,0.1711004009870358,8,3.883989474183181,2.690434925296423,-0.6622931848814507,8,0.6119963041128358,0.2803265817662085,0.055352173258651,8,2.494071091455408,1.1574434232788249,-0.2547751680362543,8,0.3610812388166474,0.1458568193558168,0.0196647883154006,8,0.1943324859098841,0.0765851347445979,0.0115712402973342,8,0.7738951943504313,0.0326930093262481,0.0048926350604587,8,1.713257263892163,0.5946643069409495,-0.1347473814302226,8,0.6453931620276466,0.5933992701682852,-0.0970219120994533,8,11.474035538050035,5.973423708402314,-1.4902202390275034,8,77.3944480419159,19.05765783155858,4.266715634010526,8,,,,,,,,,D03,,,
OSBS_022,OSBS,3.7098571039381487,2.956296625880485,-0.4991693139624071,7,2.106548791460227,1.632486375694788,-0.3795730671833106,8,2.101925763301552,0.1565506334923574,0.00168356944332,8,0.5237622203567298,0.5762756981024929,-0.1235458625829318,8,0.9617531299591064,0.0405491898969441,0.0074316220399733,8,0.9435801766880176,0.7302667819635442,-0.1076886848162003,7,0.2044374548512828,0.1276720388519465,-0.0003066591960741,7,0.1065148034914236,0.0566594960679599,-0.0003406173858431,7,0.6629004293017917,0.1427745195634629,0.015457449052848,6,1.3161339765787126,0.3994351645484765,-0.1542930906688844,5,0.1715483224842076,0.1439851366459777,-0.0480391743871895,5,4.882072572753978,3.7733592089984738,-0.6268668085529131,7,98.87219297885896,1.5126167863094748,0.3103546310947503,8,1.0,1.0,1.0,1.0,2.0,0.9924242424242424,0.9696969696969696,0.0151515151515151,D03,,,
OSBS_023,OSBS,6.434936760477238,1.601806761445428,-0.2909661384869157,8,6.864525692188181,1.4110012384863424,-0.287803786738048,8,2.108756660483777,0.1600115046528317,-0.0207512748473089,8,2.0653182995447423,0.423574813180723,-0.0844679123440411,8,0.7584699269973498,0.1027043365872923,0.0129366743413848,8,2.587807226755749,0.6975026357448603,-0.0118852665047613,8,0.3457103911830423,0.0803020846368016,-0.0005163104367991,8,0.1904305888821665,0.042484190410729,4.891173779780262e-06,8,0.7949689833482279,0.0723235383124077,0.0169675788412254,8,2.0295628172744595,0.3650946275492136,0.0753082076083036,8,0.7434275004946227,0.2242073231838617,0.0060002272765969,8,9.893137356791843,2.266798573498205,-0.2625090351105663,8,89.08075146377087,2.541271049035195,0.2534047500261048,8,1.9601317042077893,1.923076923076923,1.0,2.0,5.0,1.0,1.0,0.0,D03,,,
OSBS_024,OSBS,1.2881474900039245,0.7129723241703939,-0.0300015214043144,7,0.6699279073665461,0.324052543709184,-0.0643074471178807,8,1.955065483886028,0.1154481696677267,0.0150369961409974,8,0.0795717178977174,0.0612254453613276,-0.0104187216433025,8,0.9753866681088812,0.0348097942822646,0.0028043010110966,8,0.3752755456747764,0.2874272882921235,-0.031502815153308,7,0.194130423279501,0.0842031632532724,-0.0080600619320934,7,0.1099008928082887,0.0430745511189041,-0.0038636052477578,7,0.6373867889245352,0.321879641332559,-0.0827834803645009,6,0.877876083056132,0.4256734918246897,-0.3936591446399688,3,0.0419830067083239,0.0287041284445618,-0.0060499728546102,5,1.8411450911873128,1.0775716496927068,-0.0890425493898839,7,100.0,0.0,0.0,8,,,,,,,,,D03,,,
OSBS_025,OSBS,10.797569319885223,0.7169255306944832,-0.1212573095930345,8,15.115821386338212,0.7592472987599918,0.2001205942138283,8,2.324446783401072,0.1828791269892486,-0.0423022060310259,8,5.163652346411254,0.2616081138264176,0.0569437031636606,8,0.5945659835124388,0.0884175929523973,-0.0220182732555018,8,2.919108889787458,0.4859970794078417,0.0910043550112076,8,0.2742255283053964,0.0742139427463461,0.0144704597359576,8,0.1494194921882202,0.0396587703562462,0.0077797757979477,8,0.758427765360102,0.050699340813789,0.0110741263045244,8,2.033325746655464,0.1775361125818904,0.0418661993430484,8,0.5698883588736255,0.1376359888880626,0.0339868278312588,8,14.646482912513118,0.3182680799711118,0.0029391814617143,8,75.21572850644588,5.254184782870906,-1.3590506701601353,8,1.3115234140474163,1.1655172413793102,0.934065934065934,2.0,13.0,0.7793855525982146,0.1666666666666666,0.0828282828282828,D03,0.739047619047619,0.1672619047619047,0.1034126984126984
OSBS_026,OSBS,10.921216129139063,0.4312561360271775,0.0405567217053788,8,15.539726249640808,1.635554686383066,0.4304319093610026,8,2.3794305501505733,0.0946077253659471,-0.010286964397578,8,5.330161405785475,0.4701835454233987,0.1221814590189679,8,0.5789078929228708,0.0946426610327011,-0.0244536802592308,8,3.172768956899138,0.7336203699994184,0.1726645120345223,8,0.3122493112925439,0.0944532137078105,0.0232021635263294,8,0.1684866966291641,0.0477961662630502,0.0117120813845861,8,0.774593458609611,0.0246979777708526,0.0055348745414072,8,2.084668519744827,0.1320949170562614,0.0310256385336573,8,0.5834440744090464,0.1376065237664764,0.0337117440668342,8,15.274464086691538,0.9238999258723466,0.2403465492556794,8,71.87611712515354,7.32273281528666,-1.8994109126418948,8,1.552194722472226,1.3676148796498908,1.0,2.0,25.0,0.4008805830361832,0.1666666666666666,0.0828282828282828,D03,0.3098809523809525,0.1202380952380952,0.1175396825396825
OSBS_027,OSBS,11.02184757962823,0.5135354387960832,-0.0955567134149146,8,15.626237981021404,0.5884441115329555,0.1466721151029011,8,2.2305572228506207,0.2499728051500492,-0.0576578840142182,8,5.550482634454966,0.1562757673945468,0.0315746838160654,8,0.521716212737374,0.1196099102427315,-0.0289485830119142,8,2.860467838589102,0.7048127345368244,0.166236242458558,8,0.2766673802398145,0.0866232861539566,0.0201101105841801,8,0.1490460853092372,0.046101172474702,0.0108291261261316,8,0.760182328755036,0.0569298812179648,0.0144058495185709,8,2.0132625331170857,0.1702265115538978,0.0437768967441812,8,0.6523495030996855,0.1953432830638556,0.0465505572397271,8,14.680786550045012,0.3607609474386326,0.0920405651740877,8,67.36420534551144,5.6449325145976985,-1.3206012847395283,8,1.9746421941471104,1.6853932584269669,0.9688172043010752,3.0,30.0,0.4143616437891152,0.1515151515151515,0.182972582972583,D03,0.3210714285714285,0.1172619047619047,0.13031179138322
OSBS_028,OSBS,8.410366752867898,0.4611512079422895,-0.0216745177760792,8,12.240062474505976,0.9726914723434872,0.2399108328087174,8,2.524609722197056,0.2749885127067862,-0.0546605065563136,8,3.9162319488241337,0.3939278515259726,0.0973957318951264,8,0.6442578784190118,0.1050561935313865,-0.0259998534930003,8,2.340674875370626,0.2819481665275917,0.0459135980723295,8,0.2889809434823248,0.056116323509074,0.0074380475908879,8,0.1591314504829435,0.0301213543772045,0.0046526793139524,8,0.7691268279926763,0.0599266125403211,0.0135589558869344,8,1.847873086978992,0.1851139040502818,0.042910100087085,8,0.4746639547753494,0.1711519022814893,0.0407767196950386,8,11.72486268987968,0.3714548080241575,0.0688177869212815,8,86.7972948551178,4.213266103785868,-1.0378789713260212,8,1.8327132138707352,1.710059171597633,1.0,2.0,17.0,0.4222395665998543,0.1666666666666666,0.0828282828282828,D03,0.3203571428571428,0.1255952380952381,0.0873015873015873
OSBS_029,OSBS,7.353586829205354,0.3482620310621002,-0.0608578393215351,8,11.366737723350523,0.6980423957049234,0.1824491727650558,8,2.156844503246248,0.2464815307990284,-0.0374201694712023,8,3.756366529967636,0.1316158062784454,0.0096392888178231,8,0.4967440102482214,0.1023792023359971,-0.0191817967005182,8,2.035214459958176,0.302581424461074,0.0773463569813828,8,0.2798662431227664,0.05533546460643,0.0135246076952824,8,0.1574506046599708,0.0320150881598154,0.00796335230352,8,0.7984590405908724,0.0605479344903261,0.0153452415871656,8,1.8671535109480224,0.1849476530296402,0.0471821415460994,8,0.7272295045258943,0.2178777265804511,0.0403705165682824,8,10.413248222569624,0.3694416486633364,0.0896788621870215,8,92.95629841089249,1.8224385213278247,-0.4307181775491385,8,1.830403591939227,1.706598984771574,1.0,2.0,41.0,0.5840312454378134,0.1666666666666666,0.0828282828282828,D03,0.57,0.1327380952380952,0.088015873015873
OSBS_030,OSBS,10.229090921580791,0.2666513299032852,0.0216991883335691,8,14.869335249066353,0.6635940886117462,0.1740599097941703,8,2.304960949346423,0.3248991971671515,-0.0779121341245133,8,5.040620099753141,0.3558866488576424,0.0806249749597667,8,0.5740705037023872,0.1228723132217715,-0.0301649913618804,8,2.51050544437021,0.1735202620383599,0.0399462117449097,8,0.2527627588133327,0.0189196699083789,0.0033135581276918,8,0.1409242550143972,0.010944101929394,0.0019578435771137,8,0.7859002524055541,0.0403097346059575,0.0098017105226538,8,2.084121998399496,0.1760609526661095,0.0431109063317496,8,0.579160020686686,0.2299987491368869,0.0572746184425077,8,13.882106848061085,0.4275452341779905,0.1043882852957654,8,77.03922086954117,6.696524686650169,-1.755938943981025,8,1.20310702625738,1.095022624434389,0.958498023715415,2.0,22.0,0.4175764893164488,0.1666666666666666,0.0828282828282828,D03,0.3314285714285714,0.0946428571428571,0.2127777777777777
OSBS_031,OSBS,11.64310897514224,0.8753202728782439,0.226886855008888,8,16.703336887061596,1.0090233471207115,0.2698300064630973,8,2.292013240046799,0.3042919540016858,-0.0307072388187384,8,5.7635034378618,0.5282628525814903,0.1244906634092331,8,0.5596385978860781,0.0983465873258792,-0.0127657616648415,8,2.8783085448667407,0.1691693368440014,0.0291588932805852,8,0.257434417901095,0.0165465370305087,-0.0018718872797259,8,0.1427608016238082,0.0094239008355412,-0.0014666618907527,8,0.7782635095063597,0.0274776690938302,0.001930988429308,8,2.141757539473474,0.1191995358801688,0.0217206691820002,8,0.6059633719851263,0.1787866890306476,0.0251906633994275,8,15.637795358896255,0.918772023681194,0.2458615551195911,8,70.23737686872482,9.766282428378071,-2.25014994863779,8,2.0,2.0,1.0,2.0,36.0,0.4722534994222712,0.1666666666666666,0.0828282828282828,D03,0.4146428571428571,0.1261904761904762,0.0829365079365079
OSBS_032,OSBS,11.081301271915436,0.2742050362776657,0.0618233781244129,8,16.292482279241085,0.6756054333252093,0.1740197360280003,8,2.271071344614029,0.1926276746649289,-0.0088446908317535,8,5.534637657925487,0.2472193015563018,0.0483176871761188,8,0.564922112156637,0.0745547854058566,-0.0069789380848662,8,2.816659930162132,0.2810995165319055,0.0738062748344362,8,0.2646878975792788,0.0243936078901065,0.0063427954486403,8,0.1466739388997666,0.0139719473766074,0.0035905978563873,8,0.771336882840842,0.0492612912185138,0.0115931078899597,8,2.1012042136862874,0.1730615087697776,0.041136912078804,8,0.5909740183269605,0.1394164037421373,0.0171479218171931,8,15.160931061953306,0.617752143200481,0.1612688862523542,8,72.89810453355312,6.7698625714835305,-1.4103154707331902,8,1.9378192408783848,1.8823529411764703,1.0,2.0,40.0,0.5314080712315152,0.1666666666666666,0.0828282828282828,D03,0.5001190476190476,0.1303571428571428,0.0897619047619047
OSBS_033,OSBS,11.910347804427149,0.4332951984341827,0.0889743063917901,8,17.33597133308649,0.7462422276560118,0.196834435654566,8,2.058527086861432,0.2147852229205658,-0.0442582083490526,8,5.968710631132126,0.2481253900106969,0.0329553177862456,8,0.4627455351292155,0.11340065708043,-0.0246290524284035,8,3.0322507694363594,0.2344695792472923,0.0612594716162549,8,0.2636583967832848,0.018224856807111,0.0038185282101135,8,0.1450606426806189,0.0096153258928698,0.0017781559818415,8,0.7901514349505305,0.0250420314549566,0.005706767997016,8,2.2198740923777223,0.1175964267827528,0.0283654711365071,8,0.8198588358354755,0.2783560513735894,0.0622494945686668,8,16.150495119392872,0.5510902602186245,0.1401998509060252,8,62.44192552566528,9.743123639726148,-2.4148649321243227,8,2.4999249537030352,2.160337552742616,1.0,3.0,32.0,0.4384611668939119,0.1515151515151515,0.182972582972583,D03,0.3767857142857143,0.1051587301587302,0.1957879818594104
OSBS_034,OSBS,13.147227302193642,0.4787688317040176,0.0162159655248066,8,17.909301816485822,0.5735485749480018,0.1235553921545132,8,2.24135709181428,0.2593771287447881,-0.021407162365706,8,6.505873235524632,0.1947849268258905,0.019274064707809,8,0.526450437377207,0.0944142405878036,-0.0134378173652354,8,3.1855890128645115,0.40031261078142,0.0878889410295161,8,0.2581894267932512,0.046400674955809,0.008876132973309,8,0.1383788481471128,0.0236568789228478,0.0043435014596599,8,0.766892989166081,0.0397472973915691,0.0050093889216817,8,2.174023025669157,0.1609726393078553,0.026124151731642,8,0.6808510859734573,0.197102210735191,0.0327534991548356,8,17.087108405772597,0.442971078695521,0.0857756086557671,8,61.2847053706646,7.891388839002298,-1.5523085635013103,8,2.011990185626606,1.761904761904762,0.9743954480796586,3.0,37.0,0.4618182216594231,0.2171717171717171,0.177056277056277,D03,0.3361904761904761,0.144047619047619,0.1262358276643991
OSBS_035,OSBS,12.715139660984278,0.4171262422395921,0.0910384023220956,8,17.518422044813633,0.823947029138619,0.2135262460262565,8,2.213103267364204,0.4740836280777069,-0.1071167853176201,8,6.242888399399817,0.5869510840802916,0.1185086104768538,8,0.5176525248680264,0.1533669706760262,-0.0384361960499379,8,2.982323931530118,0.3078507494843106,0.0675084981012093,8,0.2492654322413727,0.0353700559911242,-0.0005020513745302,8,0.1315879294124897,0.011397778616276,0.0004717175089858,8,0.756704680272378,0.0601920039157713,0.0130229208247836,8,2.115486095659435,0.2269316010106774,0.0514277104038023,8,0.6902792940090876,0.2966716123874224,0.0756975933519831,8,16.653700783848763,0.5849371003761641,0.1515004460519481,8,60.46213109791279,13.16369690756095,-3.425785296676344,8,1.0,1.0,1.0,1.0,21.0,0.4337041232424021,0.1212121212121212,0.304040404040404,D03,0.3549999999999999,0.0809523809523809,0.3006349206349206
OSBS_036,OSBS,12.988482370972632,0.3824926914222051,-0.0197699976218704,8,17.89534854888916,0.7300771838203335,0.1935085050359231,8,2.107184103690088,0.1736279498411393,-0.0398241277484711,8,6.622102065011859,0.1781925686992405,0.0353063788063755,8,0.4868039838038385,0.0944505442429183,-0.0227810422176978,8,3.3189738653600216,0.6462742883395985,0.1553633695613097,8,0.2616534545086324,0.0614864510018787,0.0140821117667262,8,0.1428360618301667,0.0313610511634903,0.0071670664112391,8,0.7671551052480936,0.0391588567715106,0.0099522717032036,8,2.1586922239512205,0.1275089543834299,0.031607872510773,8,0.7149484838591889,0.1905725514179345,0.0465589420899395,8,17.202647857367992,0.5725778347818682,0.1482195823560119,8,58.61680503189564,6.790218049230382,-1.6451155465582143,8,1.5691925832141966,1.3846153846153844,1.0,2.0,24.0,0.3970945922715076,0.1666666666666666,0.0828282828282828,D03,0.301547619047619,0.1202380952380952,0.1084126984126984
OSBS_037,OSBS,12.654394034296274,0.4070618980258244,-0.067222354636676,8,15.928052181843668,0.6496232627515559,0.1628214000075152,8,2.426877900958061,0.2368457767240697,-0.0560141665976352,8,5.936252929910552,0.3086414494665754,0.063513093038397,8,0.6069614086300135,0.0862284688353991,-0.0208343316915006,8,2.422213409437488,0.6070339849785464,0.1022059081587736,8,0.1984294251383592,0.0619477325212263,0.0103828354136994,8,0.1046318026569982,0.0294454466630645,0.0052343820898638,8,0.6445521075278521,0.0652864639226762,0.0160986481369405,8,1.673200195872535,0.2097355689259451,0.052816780545979,8,0.5097431189128353,0.1469493053390349,0.0364082314924172,8,15.454637574652832,0.264066274491546,0.0604101820216138,8,65.95082697272301,6.339446989418883,-1.503980531994062,8,1.0,1.0,1.0,1.0,8.0,0.5516498353975012,0.1212121212121212,0.304040404040404,D03,,,
OSBS_038,OSBS,9.8299568220973,0.2689986703366703,0.049407005388589,8,13.86669848114252,0.682962883607887,0.1789044532065963,8,2.104658905416727,0.2298707505377539,-0.0494778578381921,8,4.958666894584894,0.2487765244778539,0.0548865293718295,8,0.5095652275485918,0.1101433732989404,-0.0246182676289372,8,2.231242997571826,0.2778987943368759,0.0679216405501949,8,0.2307760448893532,0.0299170136545467,0.0066929178984838,8,0.1255721857887692,0.0168003074619475,0.0041397605183361,8,0.7712090653367341,0.0503010670679034,0.0130057192710627,8,1.992711242288351,0.1807339432541554,0.0461181883205695,8,0.6943235243670642,0.2178772306192637,0.0485023778172428,8,12.87956579774618,0.5388451363247145,0.1386607303449759,8,74.32751479744911,7.39320453096759,-1.9506361025909504,8,1.5852334393543857,1.401036269430052,1.0,2.0,52.0,0.5518285563657273,0.1666666666666666,0.0828282828282828,D03,0.3054761904761905,0.1214285714285714,0.1106349206349206
OSBS_039,OSBS,9.358810439705849,0.4791426295909583,0.0558305215458624,8,13.422087201848626,1.02152066854272,0.2641509088720729,8,2.437716719694436,0.2086984993379818,-0.0523101427200911,8,4.590798964258283,0.4197979592696871,0.0995224659945889,8,0.6056762882508337,0.0926371559355257,-0.0232565765844581,8,2.4911969886161387,0.5001523608949102,0.1278030227364209,8,0.2731308027287014,0.0606360886225543,0.0143287261679267,8,0.1492456555424723,0.0307586145818591,0.0071276252575792,8,0.7420402155257761,0.045893338711157,0.0115983307862234,8,1.8536722831428047,0.1139809347039979,0.0291893684188681,8,0.503286836319603,0.1517232679414319,0.0381432506752756,8,12.58289286494255,0.8347968523040158,0.2040374731357861,8,80.65784364938736,6.274206577314701,-1.641364514120954,8,1.4575692649810903,1.28,1.0,2.0,16.0,0.4110799982882869,0.1666666666666666,0.0828282828282828,D03,0.2979761904761905,0.1226190476190476,0.1009920634920635
OSBS_040,OSBS,13.3566365391016,0.8636012191108022,0.1673917932158559,8,17.674539767205715,0.6339754019949532,0.1607895196662118,8,2.2076514484360814,0.2256922004886773,-0.0314072691424405,8,6.366414928808808,0.2306303842694611,0.0307390894618116,8,0.5148633187636733,0.098328802969055,-0.0181841407466939,8,2.519626123132184,0.2781018761405798,-0.0182058375073555,8,0.1953135395015124,0.0326372756398113,-0.0040624016992212,8,0.1049932311725569,0.0182573359746118,-0.0027586568411677,8,0.7116713835857809,0.0429489389261206,-0.002273933979166,8,2.009453231965502,0.0969070881087,-0.0007177315145194,8,0.7146158949763048,0.2348863956086367,0.0483683010606814,8,16.74745037406683,0.5375203918007754,0.1264912643137342,8,58.3194862306118,11.377532126804985,-2.9173057852055244,8,1.5593493557026994,1.374721189591078,1.0,2.0,43.0,0.5092900699128589,0.1666666666666666,0.0828282828282828,D03,0.3021428571428571,0.1232142857142857,0.102579365079365
OSBS_041,OSBS,12.174760099500418,0.3164295724201937,-0.012622213450031,8,16.125949941575527,0.6345991258635764,0.1666449031182742,8,2.467539252713322,0.2661909986720991,-0.0635897233905528,8,5.708319460973144,0.2296284311322292,0.0495278033696615,8,0.6022119216504507,0.0878017088048191,-0.0223629187138527,8,2.6219394342042506,0.3983186973867252,0.0638240264956894,8,0.2345216264948249,0.0451069567773668,0.007181763624446,8,0.1242052699963096,0.0228871802140254,0.0041178540410707,8,0.7137546769808978,0.0496684040162768,0.0107575581680212,8,1.880468496587128,0.1806370637767403,0.0428729492616355,8,0.5420197066559922,0.1749566878018954,0.0456671102468798,8,15.409974437206984,0.4287635984348596,0.1146440583333981,8,67.44529616087675,6.691022289976859,-1.7778411784033843,8,1.0,1.0,1.0,1.0,9.0,0.5187188030257265,0.1212121212121212,0.304040404040404,D03,,,
OSBS_042,OSBS,13.138212628662586,0.7577723283417713,0.0448158172907722,8,18.21995393186808,0.8249051871422727,0.2166687543056071,8,2.0647515952587128,0.092881998824157,-0.0150927152087094,8,6.811251549050212,0.3255961680873944,0.078746246902839,8,0.4839319428429007,0.0699288798060532,-0.0146982765932014,8,3.2931225141510367,0.9182052572678034,0.2106222530853921,8,0.2601117572048679,0.085348683255288,0.0171317813245577,8,0.1364735180977732,0.0432569653108781,0.0081043799035987,8,0.7641150946728885,0.024681847248136,0.0047860252026748,8,2.1787093318998814,0.0701061272816589,0.0152928009727412,8,0.7081867661327124,0.1061070774593778,0.0200773083723895,8,17.07929538190365,0.7803541132198939,0.2019200213498906,8,56.389025539159775,5.163785016583272,-1.1398395829207026,8,1.3461236761257012,1.190545987541224,1.0,2.0,57.0,0.5989448390615292,0.1666666666666666,0.0828282828282828,D03,0.3120238095238095,0.1136904761904761,0.1384523809523809
OSBS_043,OSBS,10.079583805054426,0.6148123781302287,0.1484248966803192,8,14.557100914418696,0.8334105985254782,0.2206880387424323,8,1.995583400130272,0.1221484495421557,-0.0287452036213026,8,5.191824775189161,0.2853063482552903,0.0687802373891762,8,0.4612527247518301,0.0718636431639829,-0.017032980280824,8,2.4519853070378304,0.2093946703751489,0.0454210860455931,8,0.2475421039853245,0.0184437727428279,0.0009652562169493,8,0.1350840262603014,0.0088259634203029,2.145190503600401e-06,8,0.7876983787864447,0.0137888647811399,0.002642473900428,8,2.075175067409873,0.0945828860596474,0.0250020291219429,8,0.7807482520584017,0.1667983182429216,0.0392071697959119,8,13.489155232906342,0.6608403929255138,0.171952157780744,8,69.68090015649796,9.473625404976053,-2.4500943291956885,8,1.9960950200730567,1.9922178988326849,1.0,2.0,32.0,0.4515310381959593,0.1666666666666666,0.0828282828282828,D03,0.3961904761904762,0.1261904761904762,0.0829365079365079
OSBS_044,OSBS,12.07684039697051,0.3288158682042847,0.0466915286184142,8,17.37261614203453,0.8397924934397173,0.2243791408689597,8,2.036838828586042,0.1936368373140526,-0.0415836457109105,8,5.9320397935807705,0.1377860912526956,0.0162708150303882,8,0.4448995604179799,0.1064378029196155,-0.0246099457979123,8,2.880795605480671,0.398743385281474,0.0970063928873014,8,0.2546067946823314,0.0346213530377676,0.007226803286028,8,0.1382567018736153,0.018205721714031,0.00381672485426,8,0.7700005443766713,0.0305318595920538,0.0071050830882371,8,2.162536126561463,0.147430050436972,0.0360555195191946,8,0.8708760543377139,0.2663682687532421,0.0623807627284391,8,16.16535322368145,0.6293757742961502,0.1621017363388704,8,61.772684164345264,8.504334969135371,-2.1380217864579363,8,1.8112625899152028,1.474916387959866,0.9567099567099568,3.0,21.0,0.4001536321366681,0.1515151515151515,0.182972582972583,D03,0.3089285714285715,0.1436507936507936,0.1256972789115646
OSBS_048,OSBS,13.031885657459496,0.6417472870143258,-0.0924057068796497,8,21.472149834036827,0.4757383211769523,0.1174865241735506,8,1.8138092095032328,0.1350743992493735,-0.032768047384044,8,7.089671298861504,0.4941877679131213,-0.0833118282287959,8,0.2901463615999091,0.098789982156561,-0.023987495764042,8,4.974843740463257,0.1586635633432796,0.0175189467758058,8,0.3999693383229896,0.0312274525152825,0.0043716586952015,8,0.2184379858663305,0.0178006757664578,0.002788516089114,8,0.8288730066269636,0.0369609054837776,0.009072653644955,8,2.480765392072499,0.1152587091151811,0.029193493011205,8,1.3003880977630615,0.3654818492923511,0.0791343999081763,8,20.20974810421467,0.293034765687203,0.027937195988983,8,54.719779044389725,5.415091514465389,-1.2584955397016604,8,1.7448121572448774,1.408695652173913,0.9502923976608189,3.0,18.0,0.4568315562518223,0.4444444444444444,0.1284271284271284,D03,0.3766666666666663,0.4113095238095238,0.1136848072562358
OSBS_049,OSBS,0.962259982668218,0.4724636436571723,-0.0387832257781904,8,0.5182076276978478,0.2112381824193043,-0.0259958374717705,8,1.9107451178133488,0.1160271798201591,0.0035137554166816,8,0.0508114344556815,0.0513697284488975,-0.0041576556533781,8,0.9851298071444036,0.0153892947903172,0.0006234632100669,8,0.2269699449783989,0.2126081789374854,-0.0185912066168554,8,0.1888958529923998,0.1124071021269835,-0.0086639910523603,8,0.1101155466555307,0.0645957844727569,-0.0050431178661033,8,0.8219260960817337,0.1067295417022224,0.0272370690107345,5,0.6905823945999146,,,1,0.0563018508255481,0.0158575304812691,,2,1.2561453493045909,0.7072927568790749,-0.0599763317760406,8,100.0,0.0,0.0,8,,,,,,,,,D03,,,
OSBS_050,OSBS,6.369396187882456,1.5723537866070652,-0.2958104359810863,8,6.616309986360249,3.780419767845706,-0.6587560728958849,8,2.4639990607808744,0.2999668117615987,-0.0038428343502945,8,1.8061520032218792,1.0963854243898037,-0.2010055758509523,8,0.7222947129442001,0.2634375145636693,0.0269109400322242,8,1.6097011693749774,0.6365738519322133,-0.1024527047232637,8,0.2595252978994106,0.0613486893845015,-0.0041460781670507,8,0.1432826622398076,0.0338518668354083,-0.0019546224097077,8,0.6460956191681702,0.0462465002657887,-0.0069796336654254,8,1.3365886021381268,0.2256183978563029,0.0048371027413319,8,0.5989797781893014,0.5558629148317923,-0.038301825315552,8,8.612064977097466,2.1966993979802267,-0.3998385459087674,8,93.6744365175565,4.471013096075395,0.3642835762399195,8,,,,,,,,,D03,,,
OSBS_051,OSBS,7.842834930556516,1.95318566134571,-0.4252670692668497,8,3.8904255119753848,0.608544968167599,-0.0672871871123546,8,2.172867902968493,0.3780752140284376,0.074639224744117,8,1.2351548454995886,0.2633796782565729,-0.035329500028187,8,0.8718021125920739,0.0395686925650699,-0.0014772074064751,8,2.1569828095108585,0.3097918506190821,-0.0645139047334058,8,0.2904043870124345,0.0579630058754253,0.0078269430502045,8,0.1620527896564453,0.0330380925533504,0.0038457746017473,8,0.754359114595822,0.0476461945074764,0.0022125841824994,8,1.897630653033654,0.2506592393662824,-0.0515452302046705,8,0.6248536264562669,0.2156238905643153,-0.0353180043389926,8,10.6355502942577,2.3225608643018973,-0.5127743282592186,8,91.9214078138272,1.5954707075986998,0.2206093705323479,8,1.8898815748423097,1.7999999999999998,0.8333333333333334,2.0,3.0,,,,D03,,,
OSBS_063,OSBS,10.803249303251503,0.5400318602045131,0.1325805789946881,8,16.007816798985004,0.7639985972866294,0.1952936877846246,8,2.1627849638462067,0.2056929983883416,-0.0487400042052639,8,5.428638748824596,0.3142680261763472,0.0744752799883504,8,0.5241393741453066,0.0933324896146317,-0.0226818583819804,8,2.6583015685901046,0.1363239554298299,0.0277812542278461,8,0.2486617732793092,0.013900429913534,-0.0003116053476321,8,0.1383662268635817,0.0058694245245833,-0.0001486596805982,8,0.7904780176468194,0.0212837971143831,0.0046681426367348,8,2.1486095916479826,0.1081078180483082,0.0251813030879016,8,0.6778164089773782,0.2018334098760929,0.0502477035003718,8,14.754718467593191,0.7185467767421528,0.1844980514096648,8,69.38790537416935,8.776228850522612,-2.2366973215098125,8,1.3322056912494478,1.1803278688524592,0.9294871794871796,2.0,12.0,0.4533496141034376,0.1666666666666666,0.0828282828282828,D03,0.307142857142857,0.1178571428571428,0.1158730158730158
OSBS_066,OSBS,9.036562368273737,0.3752289313408798,0.0099294080407566,8,15.280502557754517,0.835527530647891,0.1994298286588766,8,1.5240763574838638,0.1027975610941767,6.449513127524234e-05,8,3.98611671756953,0.3456577665001472,0.0235845183214965,8,0.1187895102812035,0.0646179016944057,-0.0028132934940255,8,3.0943664107471704,0.1769252390455238,0.041652429775287,8,0.3573726877802983,0.0305993207060173,0.0041989160834152,8,0.2002323142951354,0.0179433507328679,0.0025817939142876,8,0.8555194651708007,0.0260075861649087,0.0061290010181654,8,2.2687614765018225,0.107922724190136,0.0288543322851221,8,2.159368672873825,0.533944933909444,-0.0097474121440776,8,13.50723509863019,0.4243607144672197,0.0854126770584322,8,61.62753443419933,4.704148442244612,-0.4521405673309748,8,,,,,,,,,D03,,,
OSBS_067,OSBS,10.56696553900838,0.5830677551815445,0.1391722497497151,8,15.958740703761578,0.9417707948875182,0.2465420040217313,8,2.180649743415416,0.2467423554057498,-0.0551226970804695,8,5.252335166558623,0.365194840082287,0.0852293562394357,8,0.4955630896729417,0.1046450125972006,-0.0250013575175033,8,2.89843119867146,0.2827440083233195,0.0703757544083714,8,0.2806851591449231,0.0162285691641756,0.0026798348736425,8,0.1551036251476034,0.0086882902838126,0.0013848998852574,8,0.7943173367530107,0.0352509434816975,0.0083543246953069,8,2.1543683353811502,0.160903859439633,0.0389627610702602,8,0.7688714002724737,0.2406772389685078,0.0584505413964449,8,14.896115280687807,0.8072332346987371,0.2054328795164156,8,70.00172394514084,9.214048242697524,-2.3886923576375083,8,1.7163572076839733,1.55045871559633,1.0,2.0,13.0,0.4563248455763192,0.1666666666666666,0.0828282828282828,D03,0.2973809523809524,0.1261904761904762,0.0829365079365079
OSBS_068,OSBS,14.387077055871488,0.4737359995234191,0.0663905160229196,8,18.94866432249546,0.7453054471421756,0.1961385702741319,8,1.9045566180720923,0.1806754725312448,-0.0423430729858645,8,7.207947105169296,0.2818804942766552,-0.00034461159637,8,0.4185157645260915,0.1109193699119958,-0.0262035072200756,8,2.947688147425652,0.50384749990599,0.0975364458419588,8,0.2072258227271959,0.035928420404044,0.0056997919528792,8,0.1061212440545205,0.0152460126463239,0.0022393295621776,8,0.7401273986324668,0.033190763901076,0.0063509152360427,8,2.1566144581884146,0.1456275041625623,0.034776630078851,8,0.8789756335318089,0.2686639798994474,0.0646451394587794,8,17.925207182765007,0.514807996662417,0.1266410280122116,8,45.584672421216965,9.529281085411704,-2.2885451558707417,8,,,,,,,,,D03,,,
OSBS_070,OSBS,13.631967602359753,0.5893906133178618,0.0198483973761164,8,16.985720682889223,0.9790484124880846,0.2119721138508737,8,2.374311176128685,0.3027107502273075,-0.0409829562851405,8,6.390975324698957,0.4265954512113965,0.0685144170296006,8,0.5886655828217044,0.1123299458961638,-0.021685966023039,8,2.350679888318215,0.6712437164049483,0.1082276149999536,8,0.1887557002075482,0.0763526106376356,0.0137235496244092,8,0.0937521800583151,0.0311903925126924,0.004696428529858,8,0.6499247665206591,0.059192655919159,0.0050152039692807,8,1.7601509839917222,0.2018850251303006,0.0202826600451452,8,0.5576521183504761,0.1955173746526034,0.0405921415345414,8,16.43289078446105,0.5181410130071894,0.1216913680605292,8,61.36155487596989,10.109443102229354,-2.065344583218591,8,,,,,,,,,D03,,,
OSBS_073,OSBS,9.321233186154412,0.3347395729954499,0.0424482749627492,8,13.382150391116738,1.271263116999931,0.3370741548136917,8,1.9751023594290016,0.2201267454576579,-0.0314235528035283,8,3.976186647312716,0.2303040450386438,0.0372642224558846,8,0.3663174123357748,0.0959979165186426,-0.0247905849108266,8,2.565941913226524,0.2143020674816305,0.0548732146533536,8,0.2744326686692567,0.0253221284090652,0.0061330891173158,8,0.1530194366374649,0.014881049990023,0.0035968863873921,8,0.7720936647473047,0.0474435105287685,0.0102353754296457,8,2.0744101472963123,0.1694882066266945,0.0384763081878557,8,1.3510105192138908,0.3408833109433627,0.0755555635580715,8,12.963391160621091,0.5218124632967228,0.1205711459212236,8,68.58956754207611,6.050285943543999,-1.403901406741739,8,,,,,,,,,D03,,,
RMNP_001,RMNP,6.174390111650739,0.286440136862401,-0.0387002212792327,7,11.99005547591618,0.3657586777785909,0.0764462915585213,7,1.7633057428257806,0.0667968525844214,-0.015752706983962,7,3.541735806635448,0.0983534676079222,-0.0083731387924287,7,0.2379043997664536,0.0645284253064168,-0.0150608500230519,7,2.8140942582062314,0.1577047178695028,0.0372715329309714,7,0.4619515149721077,0.0406954399638168,0.0081537984426795,7,0.262872651352414,0.0256325979473289,0.0050576617917257,7,0.924143274979932,0.0322518528099308,0.0067356932985106,7,2.1187425968902454,0.0707251668000383,0.0151530807818641,7,1.1555630857391015,0.1195411017558714,0.0266091108283738,7,10.232071995735168,0.1201876043247423,0.0321486351109042,7,94.24036931991576,0.8719967549573729,-0.2673671540525771,7,1.982469540244423,1.7580872011251758,0.9807843137254902,3.0,50.0,0.5958376297005569,0.3271604938271605,0.1070252792475014,D10,0.5729487179487179,0.3232905982905982,0.1451923076923077
RMNP_002,RMNP,4.881158830864089,0.195503583264273,-0.0186014049062409,7,11.34248022522245,0.3332706083512186,0.0781167697967942,7,1.690628248666014,0.0596541246135094,-0.014035654014226,7,2.715358832052776,0.1061769335494697,-0.0160017519344374,7,0.1988535213084625,0.0641029283172019,-0.0141678338734788,7,2.1340043150952885,0.0927703770895258,0.022812305901622,7,0.4382156617939472,0.0328247089087389,0.0058850985087607,7,0.2463613763185484,0.0201164906445481,0.0036620534980458,7,0.8678983125303473,0.0211060731694039,0.0047445525655273,7,1.81269182158368,0.0235194346738333,0.0066130170886664,7,1.313216361616339,0.1409533397467869,0.0359112213356132,7,8.508399418422155,0.0900176321892576,0.0163779900092439,7,98.9437142780849,0.1228453738956433,-0.0382729584408789,7,2.698420094150848,2.5225102319236017,1.0,3.0,43.0,0.7285073826991207,0.3271604938271605,0.1070252792475014,D10,0.6897435897435895,0.3363247863247863,0.1417032967032966
RMNP_003,RMNP,5.116500439388411,0.2684215362686568,-0.0575073041866735,7,12.024178871086663,0.3942061132249478,0.0129070165231055,7,1.7900741419621875,0.059171119427063,-0.0052190699144122,7,3.059451988765172,0.0883339744898429,-0.0109386562763415,7,0.2390849211120179,0.0661509115876637,-0.0098723027010246,7,2.485046706029347,0.1370231017297574,0.0321904710426773,7,0.4931888769247702,0.0487704660155615,0.0114547023549675,7,0.2794523873765553,0.0290782299964181,0.0068567605765978,7,0.8939360619655677,0.0219544996455549,0.0058127911761403,7,1.9626214089138168,0.0477894034708636,0.010154716228855,7,1.0860841731939996,0.1121816342028925,0.0029585855657753,7,9.367229648998803,0.0874859165328761,-0.0252387784037393,7,97.46745504651751,0.1606186606679338,0.0230215173406699,7,3.0533996609075555,2.6686159844054584,1.0,4.0,37.0,0.7607833279105762,0.2685185185185185,0.1581716637272192,D10,0.7619230769230769,0.4661324786324785,0.1218243793243792
RMNP_004,RMNP,5.490341412169593,0.1913382484833521,-0.0103046089487591,7,14.118352736745562,0.4227115338909401,0.1253208031052166,7,1.718016542494297,0.056047211489659,-0.0145659917754303,7,3.199507924062865,0.0937604600770149,-0.0132043276020546,7,0.1918860609377069,0.0597938062920095,-0.0141826975471388,7,2.6480733464871133,0.081204791126168,0.0209267875659711,7,0.4823997348014797,0.0282050757956148,0.0046655508862405,7,0.2708737464355571,0.0170629439771122,0.0029073865584952,7,0.8696647387530122,0.0096731384960369,0.001561827151124,7,2.015137394624097,0.0183331632488031,0.0052497643286112,7,1.3417778297194414,0.1379194215903959,0.0382091877117906,7,10.239503511360711,0.1397750573109759,0.0253456516825046,7,95.45519706181118,0.4788197079648558,-0.1457459570206318,7,3.963513029264944,3.3894839337877314,0.9666762424590636,6.0,59.0,0.6706187925454083,0.1956790123456789,0.275239164128053,D10,0.6658974358974359,0.3628418803418803,0.1734116809116809
RMNP_005,RMNP,4.463678351470402,0.1584156289265787,0.0056302261721227,7,10.360682759966169,0.3476100649621045,0.0902742824910842,7,1.7398699873260088,0.0675080380996838,-0.0173587965366152,7,2.5029980817011426,0.0623864895529377,-0.001048340164509,7,0.2461648100454892,0.0659150978195743,-0.0153788162813013,7,1.8970721140503883,0.1089315591106708,0.0259952335474417,7,0.4267047582460301,0.0347766728281748,0.0050600408576428,7,0.2407962975225278,0.0218157209642929,0.0033120036139585,7,0.8467815992023263,0.0252791479373684,0.0054243740808103,7,1.7013535818883352,0.0426961497664943,0.0126146256117169,7,1.1483142035348075,0.1260956513913194,0.0355579900584116,7,7.727023686681475,0.1574979292647285,0.0504610428644209,7,99.37591293879916,0.1295003347809183,-0.0422518388512208,7,2.7039842184182703,2.211631663974152,0.9743954480796586,4.0,37.0,0.76771963701836,0.2685185185185185,0.1581716637272192,D10,0.726153846153846,0.3454059829059828,0.1499236874236874
RMNP_006,RMNP,6.929894383464541,0.256064069231235,0.0581109886316909,7,14.804388012204852,0.5667019381116026,0.1607853753357818,7,1.557490094431809,0.0428165621392709,-0.0115882981875815,7,3.402531274727413,0.100055629697051,0.0014859757088508,7,0.1192158294974693,0.0468653950964451,-0.0110669651995269,7,2.742798549788339,0.1789900090297031,0.0486577267652934,7,0.3979670527790274,0.0276356146840111,0.0036813937818881,7,0.2262336794020874,0.0164813309969698,0.0022265459146811,7,0.8784907178155014,0.0155125633258989,0.0035020892997992,7,2.2005649549620494,0.0437183064929665,0.0141795825635649,7,1.895360296326024,0.2094442623915541,0.0582092195250017,7,11.339769423007963,0.3974017391365417,0.1300254995675431,7,87.62464318956647,3.004220128400026,-0.9828659296035768,7,2.9134026346630857,2.844444444444445,1.0,3.0,112.0,0.7239407380205117,0.4876543209876542,0.08450911228689,D10,0.7012820512820512,0.4818376068376067,0.1192999592999593
RMNP_007,RMNP,9.102184683084488,0.2981157305027089,0.010664220553698,7,19.009869124208176,0.3499934771608384,0.1081430254523287,7,1.685060627758503,0.0405949085181424,-0.0110009704745307,7,4.93269482254982,0.1273952678733113,-0.0027959283018849,7,0.1894090831878462,0.04350751186,-0.011083450000349,7,3.924609869718552,0.1537303785660827,0.0444001578869893,7,0.4423661577914442,0.0264351148800777,0.0047367779134782,7,0.2509399089696152,0.0157787316162495,0.0028277552499407,7,0.9124364059950624,0.0112016769957126,0.0024651915948722,7,2.5570171858583177,0.0245931678537874,0.0078830141766169,7,1.5424606049699443,0.1345891950389844,0.0354185073069997,7,15.276296172823224,0.2572336746759606,0.0618168389059833,7,64.8855733190264,2.628695978821036,-0.8158023216060757,7,4.331078644341178,3.588374851720048,0.9824675324675324,6.0,55.0,0.6730337364986592,0.1956790123456789,0.275239164128053,D10,0.6753846153846154,0.3074572649572649,0.2197486772486772
RMNP_008,RMNP,8.044306550707136,0.2350006324593801,0.0339502868885846,7,14.673839943749565,0.3890176665599654,0.1016324747776247,7,1.5740350878664426,0.0388145193682156,-0.0075802561855807,7,3.912594403539385,0.1381638841848281,-0.0024651590081834,7,0.1520487412344664,0.040546105467668,-0.0066163722418498,7,2.899696912084307,0.137223549815767,0.0270554338841094,7,0.3626817017793655,0.0236422349529438,0.0018247704804135,7,0.2041367996883179,0.0143120216673955,0.0010353700046609,7,0.8853655260588441,0.0185162991775576,0.0018711503518303,7,2.312072724103928,0.0557901548135337,0.0145097878406342,7,1.7297239197152,0.1601736399647652,0.0256986958694826,7,12.336474537849426,0.1705261649786193,0.0541132278356355,7,77.05420225007194,2.671042849505402,-0.8494282082184074,7,2.3083248098002023,2.0543727481166068,1.0,3.0,112.0,0.7175500869334532,0.419753086419753,0.0904174015285126,D10,0.5966666666666669,0.3576923076923076,0.1350356125356125
RMNP_009,RMNP,3.981394440503348,0.168581007738255,-0.0323351149629686,7,7.901017927963819,0.2970714042260417,0.0815281520895276,7,2.059304434273924,0.0368058948332389,-0.0083525460789498,7,2.201873164357884,0.0233200787371292,0.0008524585582469,7,0.4152377842526351,0.0558625672699915,-0.0137473839988029,7,1.629114490330574,0.0518005541837269,0.0154282208508091,7,0.412441321131995,0.0264437874122652,0.0072991128107196,7,0.2340128886513412,0.016537084648486,0.0044713033394427,7,0.8607409664030586,0.0216623520588114,0.006695989332133,7,1.5283358916640282,0.0505435614352351,0.0125171826928341,7,0.7436555798520289,0.0679804076598915,0.0183331815555293,7,6.633192174491429,0.0922064171911777,-0.0004793242695405,7,99.97711999075752,0.0116973167435551,-0.0028759818716147,7,2.9105973612149945,2.8280542986425337,1.0,3.0,25.0,0.7658198356918524,0.5308641975308641,0.0743092298647854,D10,0.7693589743589744,0.6002136752136752,0.0564316239316239
RMNP_010,RMNP,4.588211829108851,0.2119001358332835,-0.0413690391620717,7,11.720198082072397,0.3181208768019956,0.0527195652428361,7,2.126549320561545,0.1145396504265363,-0.0290557135510997,7,3.089577326284988,0.0176941957219118,-0.0018534605324114,7,0.4053828169458678,0.0690384766389069,-0.0168997227387099,7,2.818646721009697,0.0302526911829145,-0.0053210504372248,7,0.6259519228977817,0.0246104785172223,0.0015295047514601,7,0.3486500568687916,0.0141405194642112,0.0014385816151487,7,0.8953284679778984,0.0095755241336141,0.0018280100211808,7,1.9216138543117616,0.021039927999508,-0.0042537245323363,7,0.6153830727894923,0.0775890615153466,0.0199804698937985,7,9.65072057715484,0.084837744687491,-0.0170799262591244,7,95.10281726292202,0.3340182474018168,-0.0750969132197272,7,3.560917199219142,2.8823529411764706,0.7961672473867596,5.0,14.0,,,,D10,,,
RMNP_011,RMNP,5.898345323900382,0.137184296350363,0.0492186796139268,6,11.299401844541231,0.0962683604610377,0.0334458105704363,6,1.7900481236477692,0.0307430417937239,-0.0009020534070099,6,3.189794914176067,0.058953588455487,0.0184636926826308,6,0.2942013624124229,0.021233079385805,0.0002261696328573,6,2.2135881185531616,0.0212399513987124,0.0029545408837935,6,0.3835650626569986,0.0074511544976026,-0.0024985151146264,6,0.2173310370805362,0.0043825405759504,-0.0014721034916446,6,0.8749847163756689,0.0039023860041598,-0.0006405716652379,6,1.9721041607360048,0.0189171775816104,0.0063927110065432,6,1.158462304311494,0.0608797963967289,0.0058509034159428,6,9.522938817739488,0.1270153318755713,0.0445759419132681,6,96.3161453406016,0.4079783080200118,-0.130889752331902,6,1.6984332340231805,1.5283018867924527,1.0,2.0,18.0,0.798986494630944,0.5370370370370371,0.1111111111111111,D10,0.7970512820512821,0.6275641025641026,0.0674114774114774
RMNP_012,RMNP,7.072855136224201,0.2313232572986669,0.0361061116162034,7,16.90456371647971,0.624589245177329,0.1737176714484224,7,1.6446194212351526,0.0479617189638019,-0.0117515554056339,7,3.909057455403464,0.1087770269249635,-0.0021700685863027,7,0.1464580922121448,0.0501002713840819,-0.0102354276591681,7,3.274787587778909,0.1024300435012654,0.0248023008101994,7,0.4628955918763365,0.0221446202319356,0.0011536952770631,7,0.2627857378018753,0.0131966549411286,0.0008691812207749,7,0.8940336560564381,0.007400475217431,0.0011483379111615,7,2.296319991350174,0.036596643010214,0.0102924873533937,7,1.6604845938938004,0.1725009218772448,0.0408667528176123,7,12.73411764417376,0.200702893347616,0.0566756241407591,7,83.68617643628802,1.9709294329039275,-0.6204066866451932,7,2.583673715602866,2.4057604850934813,1.0,3.0,69.0,0.6954645562961213,0.4876543209876542,0.08450911228689,D10,0.6933333333333334,0.4696581196581196,0.1224725274725274
RMNP_013,RMNP,4.42068000031369,0.0867251105581171,0.0033956187556392,7,9.691110823835643,0.3849226085964747,0.0992479430338771,7,2.0746824390121867,0.0974677376651024,-0.0222270507365465,7,2.6266782161380564,0.0496772660028691,0.0108093141395713,7,0.3966685682535171,0.0502490438451517,-0.0116971597704345,7,2.190440623887948,0.0585230691614358,0.0142906178173023,7,0.5200770707534892,0.0099982717460719,0.0004832225410056,7,0.2914401025378278,0.0080320178988993,0.0010387379023217,7,0.8919162324496678,0.0159772253949978,0.0031773925941322,7,1.749997406665768,0.0484587888630432,0.0119103190114664,7,0.6914419229142368,0.090380318098046,0.0230676780656441,7,8.193360322288104,0.1264258040877292,0.0330818255921614,7,98.86308322634017,0.2766268143854831,-0.0775757524156078,7,1.8420227750373133,1.7241379310344829,1.0,2.0,10.0,0.8037848320846517,0.5370370370370371,0.1111111111111111,D10,0.7806410256410258,0.6275641025641026,0.0674114774114774
RMNP_014,RMNP,7.261621807302747,0.2588249325255712,0.0465801215356158,7,16.04921532528741,0.5431456061219646,0.1607581526041031,7,1.5876919073717934,0.0564553476255786,-0.014823159049313,7,3.733326637319156,0.1395087146772737,-0.0099916780732341,7,0.1244112825453547,0.0548688973566011,-0.0132815570629936,7,3.098478448178087,0.1331806059625595,0.0395198000460555,7,0.4268426541239023,0.0220029428301414,0.0027243188899202,7,0.2425283651266779,0.0131973563801847,0.0017027231941441,7,0.8955249121146542,0.0105209988661479,0.0029605648854805,7,2.280870300318514,0.0369719649966594,0.0108000021619895,7,1.86860897817782,0.2404868187504661,0.0628491907006072,7,12.473607003688812,0.3088532543685107,0.0935071593092889,7,82.90226704733712,2.8894373379637,-0.9209972804354638,7,2.621478075402594,2.3317911434236613,1.0,3.0,84.0,0.7897389242458077,0.4876543209876542,0.08450911228689,D10,0.8157692307692307,0.5527777777777776,0.1025407000407
RMNP_015,RMNP,3.644903180854661,0.2262938546548043,-0.0303677560127887,7,9.68184034739222,1.6561497409291788,0.1261744116692199,7,2.032416956765311,0.1090872941822905,-0.0280867137552536,7,2.26354028071676,0.1492303713675384,0.0053545222185628,7,0.3919713485187718,0.0757186221543203,-0.019812395121691,7,1.853021540812084,0.2037649795249961,0.0210009815613019,7,0.5069560307477202,0.0558973324818482,0.0086707170361403,7,0.2795169859060219,0.0252119178536277,0.0046705149771818,7,0.8456181479351861,0.0169838683254796,0.0026282651983585,7,1.4800299751971449,0.0621543781293575,0.0138534453035015,7,0.6649901583524687,0.0783508801632871,0.0231339708858736,7,6.970005431345531,0.4736461400264656,0.0184726455469721,7,99.59366982323785,0.3537651091351588,-0.0210816122821925,7,1.7830498315865155,1.4378109452736318,0.9477124183006536,3.0,17.0,0.8655789583465603,0.4012345679012344,0.1004409171075837,D10,0.8432051282051284,0.5019230769230769,0.1032661782661782
RMNP_016,RMNP,5.157072927270617,0.2343773478814964,-0.0149023147664733,7,9.920989475079946,1.6241907948606016,-0.2409009458785204,7,2.3262153353009904,0.1098203663511876,-0.0205454382008498,7,2.7768679591161862,0.0533962696312557,-0.0073845257848193,7,0.558066257275641,0.0502839163950409,-0.0083062905510983,7,1.96407007000276,0.1683253676307653,-0.0234651386584203,7,0.4164903806522488,0.0592649071198975,-0.0048068965708395,7,0.2281716344212847,0.0259977338071292,-0.0009363920358249,7,0.8099291090454374,0.036116285346748,0.0103304984297641,7,1.594894693898303,0.0480534518917991,0.0002637679794246,7,0.5040860392951539,0.062532849334749,0.0110988260400433,7,8.003844146217618,0.1539934364507427,-0.0364808497047915,7,99.041109085083,0.0991886631615866,-0.0116976683901757,7,1.4575692649810903,1.28,0.9027777777777778,2.0,8.0,0.8458227625790976,0.6296296296296297,0.0931216931216931,D10,,,
RMNP_017,RMNP,4.457836555583136,0.2022110996899521,-0.0282411048400033,7,10.096161148377828,0.1933883358356143,0.0443766493465482,7,1.895621352962085,0.0974632823809233,-0.0238480538552262,7,2.77151521401746,0.0820061820081806,-0.01459463541732,7,0.299470190357949,0.07524011770916,-0.0178299703894509,7,2.317996599844524,0.0234406653255665,0.0055171310824831,7,0.5324938142938274,0.0224555137139456,0.0030290815864027,7,0.3022207004417266,0.0132994393597903,0.0019406098944432,7,0.9122381087924752,0.0138090251258919,0.0034268217391728,7,1.810372372823102,0.0253484166290848,0.0056230117442067,7,0.8686602734295386,0.1287523593740335,0.0338245141751987,7,8.469900161027908,0.0971171338505582,-0.0113501948947759,7,98.64628989355904,0.0896822941565184,-0.0074148866319164,7,3.6421415152500174,3.388235294117647,1.0,4.0,24.0,0.7015364311535686,0.2685185185185184,0.1581716637272192,D10,0.6989743589743589,0.3275641025641025,0.1803490028490028
RMNP_018,RMNP,9.3715150143419,0.3357568483271355,-0.0107153990526789,7,16.41983039038522,0.4067306435841866,0.1097505917561423,7,1.7107349868331636,0.0807170706040634,-0.0174414354386096,7,4.960636666842869,0.1775954188447065,-0.0183950811624527,7,0.2384704222370471,0.0680371766315437,-0.0144526487247557,7,3.496408194303513,0.202632184697389,0.0539865208808908,7,0.380297085935516,0.0309763685405233,0.0059081065593306,7,0.2144347213740859,0.0183899290193619,0.0033673365005128,7,0.9059886341648442,0.0214345529803514,0.0043401751071982,7,2.490644076040813,0.0675472437586997,0.0166715748377682,7,1.3701795786619186,0.1926840663126808,0.0416825821949649,7,14.412162133625577,0.1819668984515548,0.0515015950215231,7,62.29666113853455,2.6893038431187577,-0.8248841381564584,7,1.3591087491825016,1.156342182890855,0.9311224489795918,3.0,28.0,0.6397260382408377,0.4629629629629629,0.0867136978248089,D10,0.6052564102564103,0.3472222222222222,0.1961874236874236
RMNP_019,RMNP,4.166312497641359,0.1484150198791266,-0.0195434892492503,7,8.612120849745613,0.3376624101308915,0.0810040886869135,7,2.115196391940117,0.1461062335251247,-0.0406499397892927,7,2.4265147176172053,0.038819529761426,0.0095582258474734,7,0.430125548637339,0.0844044204848108,-0.0231414576392313,7,2.016050761299474,0.0756499284248303,0.0185834776859768,7,0.4885657898017338,0.0292439618582302,0.0057793626532957,7,0.2773827931710652,0.0185078029514983,0.0036833176134903,7,0.8824606974210057,0.0292187806323772,0.0054546722988646,7,1.5937885378772505,0.0279117003394105,0.0014373453232474,7,0.6828310405502894,0.1428011854825137,0.0399651595993812,7,7.338839375547001,0.1183655067410052,0.0361839487918259,7,99.439024244036,0.1813172396695487,-0.0374943386648119,7,1.384145488461686,1.2195121951219512,0.9181818181818182,2.0,10.0,0.8298571274428416,0.5925925925925926,0.1037037037037037,D10,0.8508974358974358,0.7083333333333334,0.0568803418803418
RMNP_020,RMNP,4.20381387429578,0.1981132760024121,-0.027536731098116,7,10.425253395523344,0.3871837691708091,0.1002075713627117,7,1.8491669510092053,0.0720822456263061,-0.0188694497973648,7,2.534460657409259,0.0409292735639202,-0.0031823542007465,7,0.2848968376804675,0.0662426384535284,-0.0164357116877955,7,2.0484939174992696,0.0984173096151761,0.0231076643907839,7,0.492369302415422,0.0413312125806824,0.007687478652704,7,0.2773791640730841,0.024198781115494,0.0046651689743757,7,0.8690373604851109,0.011395509039567,0.0023909672307445,7,1.717479910169329,0.0332011582411046,0.0093190663100517,7,0.9335633415196624,0.0823181268731301,0.0207860082551145,7,7.952232850449426,0.1004280487299119,0.008469059295261,7,99.42012316840037,0.0912639894543968,-0.0264267270098027,7,4.563249757100883,3.7333333333333343,0.9667487684729064,6.0,28.0,0.7248839827504594,0.1012345679012345,0.3223023889690556,D10,0.6858974358974358,0.2163247863247862,0.2798063973063973
RMNP_041,RMNP,8.268134887729373,0.3504635334873019,-0.0307486311522955,7,16.098652039255416,0.4132810654546747,0.106426801570912,7,1.770275249012879,0.0796914018345752,-0.0055241812903856,7,4.458371066621372,0.1830093680054009,0.0134829092271549,7,0.2558342120942792,0.0620433203695743,-0.0060493588986441,7,3.3471785379307613,0.1997264044977186,0.0535580495506832,7,0.4153273345104286,0.0388390629172807,0.0080644601293522,7,0.2360293979623488,0.0224597065789451,0.004670827431105,7,0.9054571730749948,0.0204936267309929,0.0044953729669304,7,2.3882201133029803,0.048695315301782,0.0147995695126118,7,1.3683593571186066,0.2208792229376213,-0.0003326538777382,7,13.754485411303383,0.1412246622877661,0.0226879820381243,7,74.1603183065142,1.598791541915193,-0.1487235076648673,7,1.0923373762319153,1.035702900860695,0.9830611010284332,2.0,57.0,0.6724418980692042,0.4074074074074074,0.1541446208112874,D10,0.6116666666666667,0.2647435897435898,0.2716605616605616
RMNP_042,RMNP,7.127283480089335,0.4684361547045148,-0.1021343887818792,7,12.95416082401893,0.3555461007115046,0.1004714001901447,7,1.994560223604952,0.1199682227364917,-0.0282908367741968,7,3.7216024146681375,0.084186292050838,0.0112785205362633,7,0.3880297917473529,0.0803285646955241,-0.0192636023563592,7,2.698321140096301,0.1565169930761106,0.0375037127100827,7,0.3864894510557254,0.043410419427664,0.0112858207861147,7,0.2195074649527668,0.0246554358265652,0.006260224066585,7,0.8823200173676015,0.0306827869742135,0.0064305604208273,7,2.231397475515093,0.0839329337835905,0.0201230384639858,7,1.0552276462571517,0.1791059895399657,0.0262488428137826,7,11.407980687064784,0.3082310824767814,-0.0461909204939079,7,87.30506961686271,1.5014849024703016,-0.4441598629214101,7,1.1266480830948178,1.0525951557093425,0.9756410256410256,2.0,39.0,0.6305563393974227,0.4074074074074074,0.1541446208112874,D10,0.61,0.2884615384615385,0.2493467643467642
RMNP_043,RMNP,7.668230478252683,1.2760036487416224,-0.3463720679859218,7,15.036485916801862,0.6852656749442891,-0.0804168069255106,7,2.042979108435767,0.1434413569924971,-0.0003733655111384,7,4.341674695589712,0.3475330234467466,-0.0806435666133448,7,0.3723644149888839,0.0703841593913573,-0.0105703304732967,7,3.38465269495334,0.3609181771640409,0.0846788392968706,7,0.4739483177129711,0.134091670758624,0.0385543514119902,7,0.2624864734576216,0.0683229392561147,0.0198160338253934,7,0.866588955745101,0.0502149682730777,0.0012903947133532,7,2.2881519204094296,0.1296356173480979,0.0139602552228879,7,0.9384185934572348,0.1944442983838524,-0.0082760900787087,7,13.006541284067293,0.7061989601435106,-0.1406464945601741,7,81.72271169934955,4.005612494810319,0.5622052703936076,7,1.0,1.0,1.0,1.0,29.0,0.6380117274911284,0.1851851851851851,0.4238095238095238,D10,0.6147435897435899,0.2294871794871795,0.3078571428571429
RMNP_044,RMNP,7.844464259488242,0.6148921412218797,-0.1851069709074865,7,15.737519758088249,0.3792358533936546,0.0606312066623845,7,1.9759042678134784,0.0885864679650412,-0.000324347622923,7,4.60725982274328,0.0792100247303191,-0.0214323698322183,7,0.3507683701547129,0.0609294111963788,-0.0120894010214749,7,3.588485459131854,0.3149554657113517,0.0916330502512528,7,0.4779189558965819,0.0856562250232042,0.0264167071934597,7,0.2653496795600014,0.0453485917235937,0.0137982437286295,7,0.8757248627288001,0.0280301816446995,0.0039123035391274,7,2.316962663616453,0.0749147539989998,0.0119395359352077,7,0.9491946767749532,0.1093215960536077,0.0063670421998525,7,13.442705639771052,0.0790117881780741,-0.0046433002985629,7,82.49875743048531,1.868068509213555,0.0529859330236297,7,3.489109428883601,2.995850622406639,0.975033738191633,5.0,38.0,0.7214256809689032,0.4216049382716049,0.1696649029982363,D10,0.6883333333333334,0.4389743589743589,0.1601676101676102
RMNP_045,RMNP,8.110945965562548,0.317874564351768,-0.0788200552930536,7,15.135980699743545,0.3563722322695916,0.0842596639677421,7,1.723915835576398,0.041827532656763,-0.0030627269105812,7,4.30249830867563,0.0827228538318695,0.0015528335706474,7,0.2557747449858912,0.0357160563577037,-0.0077671136265409,7,2.904642630900656,0.2509120078233334,0.0751310504742504,7,0.3599858810193836,0.0451844906439823,0.0129224395801879,7,0.1994371055292763,0.0262129962886604,0.0074426192579042,7,0.8340335562825203,0.0398911873675603,0.0098621796278916,7,2.1752854713371823,0.1095171118787758,0.0241428595804369,7,1.2932094330234187,0.1104787721675418,-0.0005746548323287,7,13.119854944092888,0.0978618298097097,0.002479591781331,7,82.79025670460292,1.2190733458317735,0.1450985221518683,7,1.8557049737783429,1.6179146256123162,0.9857203751065644,3.0,68.0,0.7725944696189045,0.4506172839506173,0.0919165196942974,D10,0.7835897435897435,0.4549145299145298,0.1202421652421652
RMNP_046,RMNP,5.706451433482187,0.3482402354654508,-0.0971665364880427,7,9.229493891820312,0.3292655647369801,0.0812985934869184,7,1.9890467077493668,0.0496099472931964,-0.0003882488331843,7,2.635386724324365,0.0550497593896018,0.0106685385726075,7,0.4567005363559084,0.0349374198609303,-0.0072592541505822,7,1.9104033142852888,0.1224421425925091,0.0278702673646773,7,0.3261241662201253,0.0350470140767915,0.0096467602340441,7,0.1800043365934669,0.0211490599687563,0.0057861731976385,7,0.7933620534942515,0.0693277942334687,0.0185822595007505,7,1.7877341072747122,0.1157998344326313,0.0208081449961775,7,1.117893990333919,0.1170084945460418,0.016395792785314,7,8.85060899404878,0.3489664857087385,-0.0877446353824913,7,94.69549029214042,0.7624844661299802,-0.1887783451178639,7,1.5793992181280412,1.395020746887967,1.0,2.0,41.0,0.8210941459906911,0.4074074074074074,0.1541446208112874,D10,0.8010256410256409,0.4621794871794872,0.1252991452991453
RMNP_047,RMNP,5.722276983516557,0.2533505770697107,0.0172774530179107,7,11.5216225619827,0.4819311163086872,0.1529224985807212,7,2.0429901342306818,0.1510781378295753,-0.0397699213173893,7,3.147677244618535,0.1132863454984854,0.0259216481282078,7,0.3624771186483225,0.0794758750520329,-0.0177301241129339,7,2.39212325135512,0.1612518297039822,0.0434300192660584,7,0.419600416906178,0.0417715039224169,0.0068794837240705,7,0.238798403846366,0.0243419036140157,0.004038973939461,7,0.8835729988557952,0.034919988991644,0.0076647998822718,7,1.9655436226299832,0.0511440814382616,0.0117673302920618,7,1.0305384827661328,0.1728354324683101,0.038678359403965,7,9.858090106930051,0.2660658814701553,0.0830750577919876,7,94.048581804548,1.0169983712219086,-0.3309216093771236,7,1.686354398752403,1.3593846153846154,1.0,3.0,47.0,0.6033122784619773,0.3580246913580246,0.1085243974132863,D10,0.5914102564102565,0.3683760683760683,0.1464621489621489
RMNP_048,RMNP,5.522141060516948,0.2860405199863156,0.0053690658479007,7,10.353984894364007,0.5668959948415343,0.1545330755287762,7,2.1073376036116054,0.0683282766632104,-0.0178076380614152,7,2.810559262122427,0.071294560652923,0.0107313351532847,7,0.3804021837588932,0.0719903360895199,-0.0173049175130088,7,2.016242841595695,0.1536360351014891,0.0363977314501079,7,0.369149912255151,0.0410794094993961,0.0061987504727908,7,0.2104372160154439,0.0242787645918053,0.0037216141666333,7,0.8675833902898289,0.036852934092977,0.0074641791258736,7,1.8119265708540169,0.0670381472289329,0.020557765973751,7,1.0591214886345413,0.1767313505600614,0.044992413217581,7,8.852449155989147,0.1869717109819025,0.0523823268481136,7,96.8494874409267,0.7912790558737117,-0.257958066832159,7,1.1924083972392887,1.0887136520453422,1.0,2.0,47.0,0.63008683082935,0.3333333333333333,0.1536155202821869,D10,0.605897435897436,0.267948717948718,0.2511782661782661
RMNP_049,RMNP,4.316065781132705,0.3100492857493507,-0.0664893503436635,7,7.880132924432734,0.7958305897061059,0.0247780693942181,7,2.29792463353702,0.1165896344061941,-0.0365516529754572,7,2.0999585537772094,0.1332029956827037,-0.0116625296350414,7,0.5326083769489612,0.0666672566340748,-0.0132127847719323,7,1.737309397452948,0.1392142170123396,0.0213445628306037,7,0.4091255467207659,0.0504426397442583,0.011206290142489,7,0.2323893831497958,0.0294566201015327,0.0065502514163828,7,0.846487868156563,0.0622780823887479,0.0140795936070064,7,1.6314623121172722,0.1440237107975303,0.0161583035098073,7,0.6800531182083834,0.0863842399004669,0.0203163208645309,7,7.189653081877702,0.2663749048080157,-0.0122442359074576,7,98.55237497602192,0.6075263681271743,0.0219982223412425,7,1.4369186891422097,1.2033149171270718,0.9714795008912656,3.0,33.0,0.6178045549099574,0.3580246913580246,0.1085243974132863,D10,0.5983333333333334,0.366025641025641,0.1608485958485958
SCBI_002,SCBI,19.46850198507309,3.0225711245621234,-0.8796605755796347,7,33.92594979490553,0.9483935373789428,-0.2238227018059102,7,1.556904444737094,0.0876453369485666,0.0191035397818537,7,8.934296107717923,0.6610073902507041,-0.139100403996861,7,0.0605726048774418,0.0426249756469758,0.0016710355038302,7,8.220430655138832,0.3973050267247113,-0.0848382429090316,7,0.4804313017853668,0.0620831234249265,0.0182739873667301,7,0.2575467582126813,0.0370095018411955,0.0108972480343111,7,0.8464930025594575,0.0317512312191143,0.0066819975628713,7,2.794535623065063,0.0960237971869395,-0.0141872395281032,7,2.8400813585945537,0.6139441290784055,-0.1091890726154962,7,30.472406344754354,2.3320607902806416,-0.6548140305574701,7,32.597816286342486,9.816738961713623,2.728613428604443,7,5.568223042771739,4.7407407407407405,0.7580645161290323,7.0,16.0,,,,D02,,,
SCBI_003,SCBI,16.70372744968959,0.7595065366146649,-0.1852057831437064,7,26.93002256325313,0.5231753737124624,0.1538156153375258,7,1.457098317997796,0.054002551421904,0.0086820688048553,7,7.108417830296925,0.4412870296288748,0.0316422458053169,7,0.0344923833929767,0.019931451964521,-0.0015713858838149,7,6.548627299921853,0.329584378306259,0.0801752361681964,7,0.4084575995802879,0.0448868436989389,0.0116342894269379,7,0.2259182779650603,0.0262932282018619,0.0067826647388711,7,0.8859370978815215,0.0192440869793943,0.0039153994466157,7,2.8481025184903825,0.0715183396540714,0.0042550686763541,7,2.6510238594242503,0.3936395706659142,-0.0191471987809033,7,25.20934990474156,0.1615042795830104,0.0230956646893591,7,23.578938311764173,4.613685753025918,0.9006736224408644,7,4.472135954999579,3.2258064516129026,0.8051282051282052,7.0,20.0,,,,D02,,,
SCBI_004,SCBI,18.914461259331024,1.8404178742981807,-0.534917967201883,7,29.59119538749968,0.5252708945676404,0.0942498245046812,7,1.6128089332154818,0.0989631217090045,0.025274200473532,7,9.33809060071196,0.3849976467144815,0.0034987838278971,7,0.1147228410159836,0.0346396061093021,-0.0018047333495052,7,7.853631338902882,0.6966930524014948,0.1860008731551234,7,0.4614959598651954,0.1069988476336909,0.0313520069388597,7,0.2471045282270227,0.0579059893338072,0.0169538743104869,7,0.8238457941583225,0.0286970812134105,0.0044428807570528,7,2.797433251781123,0.1084135439441454,-0.0013705144214523,7,2.0124227835663726,0.2310993848628275,-0.0526137700797196,7,28.118540516921453,0.5416071020697536,-0.0596546348969498,7,30.847972267440387,7.47716249867415,2.0227029711141715,7,5.952753944880749,5.232558139534883,0.817391304347826,7.0,15.0,,,,D02,,,
SCBI_005,SCBI,11.602991981165747,5.107660181576956,-1.4482160749189523,7,26.283702841826848,4.376620336163991,-1.1415785156156986,7,2.1261631697416306,0.2271357959272507,0.0293557168623524,7,7.98022993441139,2.5117006439772127,-0.7182907815103843,7,0.2409746153113831,0.0716760602051734,-0.0077775950844278,7,7.534640776259558,1.853811537811405,-0.5077362188509763,7,0.8216743207137499,0.1830271719381533,0.043726890984789,7,0.4001994411061917,0.0770384953243035,0.0169750048774774,7,0.7440037240407297,0.0406304032124903,-0.002284516008245,7,2.2943928707391024,0.3046849089245578,-0.0677479718824339,7,0.9518507208475576,0.2483012644600332,-0.0376063796609114,7,23.24881440188204,5.283847615694991,-1.4668535250385248,7,67.64081255027226,15.358365605978475,4.179874389027266,7,2.82842712474619,2.6666666666666665,0.625,3.0,4.0,,,,D02,,,
SCBI_006,SCBI,1.6166991671331885,0.3547923366607593,-0.0964584990486283,7,1.4747400360314973,0.5336274619419196,0.049298755776538,7,2.360337089215006,0.2563173704187041,-0.0198426349213839,7,0.2420454871774252,0.1151526924840158,0.0209114050749488,7,0.9256386550675544,0.0559712715895041,-0.0141178859823755,7,0.7230738299360283,0.2660319417135526,-0.0556230458744568,7,0.404209574256219,0.0924812470107626,-0.0160286027655727,7,0.2308855263300899,0.0517894486661478,-0.01138686584263,7,0.8229067698121071,0.0933818038883387,0.0002192506730912,7,0.9412391831477483,0.5210392940457058,0.1346411726073078,6,0.2859152831857847,0.2902591506477702,0.0772070644344189,7,2.672046372598531,0.6832581330380056,-0.14315156354727,7,100.0,0.0,0.0,7,,,,,,,,,D02,,,
SCBI_007,SCBI,28.32363304070064,1.575510614818974,-0.3941143205882188,7,43.28733631542751,1.7486853773075564,-0.1574952324409656,7,1.4919190449374062,0.0537282728461444,0.0131465384878652,7,12.800719282456807,0.9501877931008028,0.1109186699572165,7,0.0291788418463576,0.0163236453212332,0.0007879021707863,7,12.222446233034134,0.806078210090185,0.1305453244078854,7,0.4550200279003807,0.0455003248281679,0.0126639052832941,7,0.238741897179612,0.0275651431122917,0.0076992713372252,7,0.8362548532230514,0.0181579891765616,0.0014789083830577,7,3.076173262936728,0.0870216194525072,-0.0122857222776241,7,2.7959117889404297,0.2727420736271919,0.0006061078721632,7,41.05969425610134,1.5481276722472033,-0.1791874090117724,7,19.77327846629279,3.790226464457076,0.9944751452437433,7,6.0,5.142857142857142,0.6944444444444444,7.0,12.0,,,,D02,,,
SCBI_008,SCBI,31.37610987254552,1.3447029029565434,-0.3432643189023964,7,41.17281058856419,0.7220610717141556,0.0539390356551371,7,1.3722041387643134,0.0456515701204938,0.0042730538600496,7,10.54766087446894,0.6616614816952827,0.0201240826748946,7,0.0610414091165044,0.0259950588225196,-0.0029402132825497,7,8.153763147337097,1.0270136996906558,0.2747202375277276,7,0.267836768246655,0.0430611922235563,0.0119393294167625,7,0.1330545852626008,0.0232462421430979,0.006375379222466,7,0.7714005463889667,0.0446329263660842,0.0117421159646035,7,3.1143616501774107,0.1977310350537892,0.0385114449690275,7,2.8768989305411066,0.2360886264730516,0.026776232927904,7,39.37309450762613,0.6365816834964569,-0.0310941926567009,7,11.218026754579371,2.69701244900127,0.2191554258823929,7,5.7434917749851735,4.545454545454544,0.4214285714285715,7.0,10.0,,,,D02,,,
SCBI_010,SCBI,14.850077841963088,1.08611041720221,-0.3039865844920612,7,27.985761080469405,0.3785258652818707,-0.0759715059680254,7,1.5900422664625304,0.0841699547603486,0.0176214740649199,7,7.400367087551525,0.392619565362145,0.0296497107754908,7,0.0709615984035606,0.0341272893996196,-0.0034782170630509,7,6.83565773495606,0.4546951900538774,0.1206015129260418,7,0.5044222226632493,0.0818858268348811,0.0239854234817851,7,0.2769628992038114,0.0420031057496732,0.0122492432640239,7,0.8783288550164018,0.0182275663799433,0.00327440918394,7,2.7492696600300923,0.0703702900558207,-0.0096949408908328,7,2.446643862873316,0.4434241517350364,-0.0346718935855568,7,25.247349155800684,0.4308113977296815,-0.0099951459821564,7,39.08793319655316,6.409783537460352,1.4767389913912312,7,1.3322056912494478,1.1803278688524592,0.9294871794871796,2.0,12.0,0.9958333333333332,0.9666666666666668,0.0111111111111111,D02,0.9930769230769224,0.9653846153846148,0.0087179487179487
SCBI_011,SCBI,29.857932329177856,1.3359312802048184,-0.1483442379754755,7,40.825369937079294,0.8049002042444455,0.1455433662696804,7,1.3705571325761932,0.0690298214855335,0.0107749510439522,7,10.58382043668202,1.3107781335833952,0.2231914871476691,7,0.020882852453464,0.0178041283649848,0.0019840310693986,7,9.963249138423375,0.9820445775326192,0.1832181460520611,7,0.3401185777038336,0.048357938612458,0.0082077548104117,7,0.1699932274142546,0.0297430225950707,0.0050260779163862,7,0.8115147155310426,0.0323696574821522,0.0076958857426595,7,3.123938769102097,0.1380840726215685,0.0326429867089596,7,3.5074520983866284,0.615266140447243,-0.1186856885561761,7,39.17756404195513,0.5817463024652315,0.1144640590043346,7,12.03583344298282,4.221348577822497,0.6019680036624452,7,2.552710799282011,1.942528735632184,0.8579881656804733,4.0,13.0,,,,D02,,,
SCBI_012,SCBI,0.679310794762045,0.1185842015264995,0.0057202036978806,6,0.6089255707338452,0.4512575253640124,0.0687497535202602,7,1.8950810836894167,0.0904487760482192,-0.0066525791625538,7,0.077707477878513,0.1332830597398138,0.0229272252985489,7,0.9341058167628944,0.1512228446891768,-0.0281770512077439,7,0.1220009731764476,0.0754396717945344,0.0035498663932458,6,0.1660667392104942,0.0789204889594899,0.0015376189329918,6,0.0947774729245495,0.0452674125635211,0.0001382270438865,6,0.6513952731140077,0.1851723581948555,0.0338085682686764,3,,,,0,0.0,,,1,0.8644964069955878,0.2468074369617004,0.0152797439903543,6,100.0,0.0,0.0,7,,,,,,,,,D02,,,
SCBI_013,SCBI,25.762428717953817,0.9460599851968604,-0.0972533971739456,7,35.51187869480678,0.8703034214570714,0.249253470266881,7,1.3691605180501938,0.0547522773616482,0.0059775272091942,7,8.440757932407516,0.7709602533680509,0.0235120848222163,7,0.0356504641305426,0.0155483263639024,-0.0013385157184644,7,7.164734244346619,0.7366120004926695,0.1598950448391683,7,0.3079270381214363,0.046561055255715,0.0102210529430481,7,0.1591450043488294,0.0267907704251599,0.0057391776434968,7,0.7822208681276867,0.0321403629720481,0.005529875821129,7,2.999077183859689,0.1351903006786055,0.0143756359615133,7,3.230019010603428,0.4948257528514785,0.0536128258658364,7,33.36238643101284,0.7366811850761363,0.1906937775055924,7,12.4291213588523,3.588095285365987,0.5237611455366751,7,8.910862089374362,8.022222222222222,0.8105263157894737,10.0,19.0,,,,D02,,,
SCBI_014,SCBI,6.4371663842882425,0.3007901106700698,0.0587420932313786,7,14.32767651762281,0.6500542840115257,0.1758333428558213,7,1.7299813245024,0.0912562865137662,-0.0239829214732475,7,3.572491895939623,0.1468431433179723,-0.0328812060936149,7,0.1329223625112458,0.0528847055043777,-0.013795431928068,7,3.34616492582219,0.1038887568068746,-0.0267619451700037,7,0.5788464092516473,0.0354222345956501,-0.0076146430624106,7,0.3130588439692344,0.0166678558542547,-0.0041486629454059,7,0.8537129834294319,0.0170375868964352,-0.000463181881092,7,2.0089961928980693,0.0539997915982674,0.0102004840335236,7,1.6001612622556942,0.2884700958950151,0.0804021671234793,7,11.976770166839872,0.2722613225138852,0.0206109066180584,7,77.9981050150735,2.49007838223612,-0.5595790062250046,7,4.17987065346641,3.260869565217392,0.7425287356321839,6.0,15.0,,,,D02,,,
SCBI_015,SCBI,29.65081875664848,1.5401438409690835,-0.320814613536869,7,41.224461793899536,1.1533043199298667,0.0210245820973486,7,1.4172025503856795,0.0417381703640216,0.0060896605186398,7,11.403404929808207,0.5775366467610645,0.0610460847482553,7,0.0325879096843501,0.014860121932401,-0.0025574313320721,7,10.552775825772969,0.7166648628625083,0.157290075592396,7,0.3712434805929661,0.04434454850409,0.0104438090350295,7,0.1868432317860424,0.0281276847659657,0.0069038928350675,7,0.7973202174263341,0.0403039445158625,0.0115991262343165,7,3.037414857319423,0.1185236529779187,0.0290996085501572,7,3.4147602234567915,0.2389614150629171,0.043032220994945,7,39.53924168859209,0.9328535515096924,-0.0160282647128596,7,15.343482948839664,3.025934946952238,0.4682268739882606,7,3.746748297500993,3.555555555555556,0.9204545454545454,4.0,8.0,0.7930938208744595,0.5277777777777778,0.1289610389610389,D02,,,
SCBI_016,SCBI,11.816451379231044,1.0313344343625772,0.2880527277230683,7,25.23065792662757,1.210032678148029,0.3250307170799495,7,1.6354665447558676,0.0763387492583337,-0.0202414651522454,7,6.472596453768866,0.1445240569557465,0.0104967995542581,7,0.0413849522639273,0.0316286298803527,-0.0086383422944789,7,6.347355934126036,0.1326805245619804,0.0264922300261766,7,0.5922509705913919,0.0464960208016738,-0.0112610725067856,7,0.3240214864324246,0.0225193621628361,-0.0054757265747846,7,0.855577965932233,0.0209238234941687,0.004151872831142,7,2.342952205666474,0.1036607957789632,0.0182782763556781,7,2.759985382535628,0.5384029989014579,0.1348587236463222,7,21.788415321281978,0.9579263299558484,0.283811569748438,7,51.97143028303981,5.634780391600232,-1.615713479573684,7,7.043573329007252,5.666666666666667,0.6542617046818727,9.0,17.0,,,,D02,,,
SCBI_017,SCBI,9.966818511486052,0.7167823793968666,-0.1546491229146585,7,20.44539926733289,0.5717740347290884,0.0913028841328728,7,1.7309446398700987,0.0773116216316731,0.0142970821849433,7,6.05778219550848,0.1852589697741367,0.040647423738455,7,0.1016692566336132,0.034684008243766,-0.0022792964886598,7,5.6695432897124975,0.2795314334349352,0.0817950768187441,7,0.6165379130148462,0.0657111239497522,0.0182595493004661,7,0.3357343935141606,0.0337715379419469,0.0092345408034498,7,0.8747847889150892,0.0123159341940662,-0.0009483381136917,7,2.431053915194102,0.0805830516558331,-0.0056820040894463,7,1.7040937351328986,0.289876608891996,-0.044578186775069,7,18.38247320481709,0.3058943266229083,0.0306792734984325,7,54.529478405203136,5.840933146093842,1.029316519407948,7,4.82638305311343,3.92,0.8839285714285714,6.0,14.0,,,,D02,,,
SCBI_018,SCBI,29.722344194139755,1.2439388084421903,0.1160725512846703,7,41.58610531261989,1.430576713391047,0.1098965459874927,7,1.3397167325019836,0.0320331757118659,0.0013512240998413,7,9.277389743498391,0.6283369155613833,0.0184601775867522,7,0.0099812345114124,0.0053892712072826,-5.184832631056712e-05,7,8.945589593478612,0.5385543987956175,0.0456104330685106,7,0.3244386403156178,0.026574141786391,0.0018523966313043,7,0.1676218091244144,0.0145269471151818,0.0006534603535043,7,0.8148683836417538,0.0161687109947727,0.0017043431059795,7,3.07824199966022,0.1004067412564809,0.0236909041022506,7,4.130917004176548,0.4824862609274928,0.0422635222430186,7,39.27558599199568,0.9405170404466826,0.1067895007240398,7,10.394364322136555,1.876820923186989,0.1872027161585443,7,6.621770460386251,5.565217391304348,0.765625,8.0,16.0,,,,D02,,,
SCBI_019,SCBI,13.37462319646563,0.7080185609958224,0.2083776915287223,7,21.814614777054107,1.2030535953474213,0.3618838980192561,7,1.5263102938021933,0.0590680150530207,-0.0145272026548471,7,5.76018768123218,0.22709142144616,0.0169397280655901,7,0.0934633020577686,0.0443249454834938,-0.0109483087836031,7,4.955100507608482,0.3114962644960966,0.0900248059576937,7,0.404306351739381,0.0100803788945807,-0.0003181841796589,7,0.2247390764033688,0.0067079688317727,-0.0005648575442312,7,0.8707468126501355,0.0206767172574248,0.0008414109224963,7,2.5937075998101915,0.1050207492339036,0.0265247518773036,7,2.420227397233248,0.4384332731468594,0.0998499526437622,7,20.06116140314511,0.884969350313541,0.2692685012993791,7,41.21558981601681,5.990267438235594,-1.712506603332646,7,3.464101615137755,3.0,0.5588235294117647,4.0,6.0,,,,D02,,,
SCBI_021,SCBI,10.818733960390093,0.3390081787858795,0.0561987596643345,7,17.30795225075313,0.4841171461169142,0.1082372178945841,7,1.465069470661027,0.0534904408176083,-0.0126204789018951,7,4.354408181139401,0.3051246587584423,-0.0554743624655655,7,0.0854426839463745,0.0372739517944666,-0.0094697667594979,7,3.44360258110932,0.1196841875207096,0.0150574975450744,7,0.3394522579120738,0.0113551218302109,0.0002108864390161,7,0.1867100760407213,0.0076862662299809,-0.0002641959362266,7,0.8374696847583566,0.017811939413342,0.0011191403184236,7,2.4071415630834445,0.071236145233344,0.015427797013735,7,2.300176564604044,0.2847426851486286,0.0657316512373931,7,15.56994149514607,0.1577751138421707,0.0063531090058553,7,40.883423941476,4.613790041210756,-0.929902330642324,7,3.787341456513766,3.0625000000000004,0.8673469387755102,5.0,14.0,,,,D02,,,
SCBI_022,SCBI,17.834617291178024,0.8356749853257406,-0.1161334030831341,7,31.273346645491465,0.7557970620297073,0.2193138447043073,7,1.5197062162416322,0.0651573187461831,0.0125488865903407,7,8.574701824358531,0.5484693226467348,0.1303226284916625,7,0.0325382113702029,0.0258440838868424,0.0001229113215166,7,8.200442573853902,0.5239261369211832,0.1464859025360757,7,0.479272849591715,0.0506940839205851,0.0130778253412567,7,0.2668987060231821,0.029501397894189,0.0074578627689236,7,0.8967070563563279,0.0144016832605231,0.0030478286252027,7,2.8681265392473767,0.0833694025063754,0.0065203397931539,7,2.720955445298127,0.4378305312324045,-0.0543243984437042,7,28.864532692091807,0.4831524737807298,0.0988135249625407,7,26.58763284555503,5.0736019695016985,1.078467703821146,7,5.5516075873073,4.411764705882352,0.825,7.0,15.0,,,,D02,,,
SCBI_023,SCBI,24.719073840550013,1.6968926114628744,-0.42146517209408,7,37.399830613817485,0.3688839359146529,-0.0310450680052753,7,1.5051258578896525,0.0734440599768848,0.0091307471953165,7,10.657594787223,0.5174601224558967,0.0509463300753067,7,0.0839530056483844,0.0375858227191313,-0.0034774844331751,7,9.027179134743552,0.8984405987419123,0.2328134022085122,7,0.3889848298526236,0.0654267783065067,0.0164373242254515,7,0.2103479096133794,0.0377004887962035,0.0095285495801624,7,0.8439632824489048,0.027864707221372,0.0055704747531312,7,3.095750329749925,0.1307564710658591,0.005078887291286,7,2.476186802876847,0.3140816513124276,-0.0087297246979357,7,35.40911342416491,0.3799432127150244,-0.0744439505140877,7,20.3081410725468,5.203335986963178,0.7448291739473963,7,2.82842712474619,2.6666666666666665,1.0,3.0,8.0,0.823584430436173,0.6444444444444444,0.1271765271765272,D02,,,
SCBI_033,SCBI,4.771904403921792,1.01893404326759,0.0694853866644452,7,4.690481682507588,0.8870210263692082,0.2684300235167747,7,1.893350011536053,0.0484543211934102,-0.0005000742828899,7,1.1921571671430553,0.1846584314372837,0.0536278158080693,7,0.6915471935992953,0.065510513804911,-0.0171393800920248,7,2.254769654886575,0.3833540808438703,-0.0141753316123533,7,0.443993530158026,0.0433307050443065,-0.0074913075088801,7,0.243698402484104,0.0210334740392386,-0.0037486037480122,7,0.8526264950360133,0.0193471793824926,-0.0028888014280872,7,1.768320744378226,0.1520722021799993,0.0378129994076285,7,1.3710552985144275,0.4062845371223796,0.0668907224631756,7,8.258156793360651,1.545605733380688,0.0344852493093553,7,92.35809567996434,3.529525380001374,-0.959236121498416,7,,,,,,,,,D02,,,
SCBI_034,SCBI,4.369596565002892,0.6831426113232423,0.1145307929049234,7,3.728241481552167,0.5542383814059475,0.1641813579408009,7,1.941594161093235,0.1091984927151373,-0.0203671174399521,7,0.9345167171808758,0.106699375874119,0.0288972230711659,7,0.7635285077298509,0.0372465688266981,-0.0082257138493075,7,1.9433343940205408,0.2509487360538271,0.0377697591704063,7,0.4127417232042976,0.02921166562781,-0.0031682328893197,7,0.231488664229052,0.0156528517457514,-0.0013191718772211,7,0.8428481477661199,0.0373329698660673,0.0052438595567074,7,1.5986617917106265,0.1945447187501628,0.0125377763101694,7,1.364526364597536,0.4480084928965406,0.109386074272512,7,7.5652240242074145,1.2657858441204723,0.2410060816402494,7,98.5457112448556,1.006308014798182,-0.2893981238651704,7,,,,,,,,,D02,,,
SCBI_035,SCBI,0.6343878394140611,0.0902950858411573,0.0061106043019357,6,0.7938539142321263,0.4679482345196076,0.0366475422378011,7,1.8412459237234933,0.1211677467276023,0.0191551713865968,7,0.1309706096404365,0.1440323188523419,0.0076484793294409,7,0.8954964665962117,0.1917941732977319,-0.0058659047406216,7,0.102773524219387,0.0719235251769076,0.00420972761534,6,0.1478417518336779,0.0741965983022332,0.0048846763999601,6,0.0817749640246528,0.0375829247795209,0.0026852477282839,6,0.3294197994284332,0.1872505849818171,0.0312376048415899,3,,,,0,0.0,,,1,0.8189172363785838,0.2455370561238848,0.0137117308777229,6,100.0,0.0,0.0,7,,,,,,,,,D02,,,
SCBI_038,SCBI,2.3664319706760044,0.462794739348045,0.1204030747699836,7,4.555790828008737,1.3238274789131992,0.3954638474800461,7,1.9931691938212936,0.1684025275140501,-0.0354787409472625,7,1.1268963822928657,0.287868964043887,0.0860537650176395,7,0.5639241300699983,0.1593350555170588,-0.0378784828293312,7,1.1249831899473506,0.2655721729982641,0.072964332973121,7,0.4304808909201401,0.0492398961424387,0.0057516094187461,7,0.2385714467947504,0.0261282475920227,0.0033186302265738,7,0.8225251055600774,0.0451108211742379,0.0045157245502436,7,1.0085906105930411,0.2577015108097647,0.0747862117946905,7,0.5751924788778914,0.3294230406249395,0.0927145990586919,7,4.260894758540851,0.9762205191302809,0.2705911227601197,7,99.75168309892926,0.4774516561070581,-0.1093978646624783,7,,,,,,,,,D02,,,
SCBI_045,SCBI,7.16874061524868,0.8897626176126352,-0.2183474295609735,7,18.022573322057724,0.8022028576702289,0.0603482539477369,7,1.7623318997876984,0.073907610566833,0.0151294013944709,7,4.743447574121611,0.2830414537553354,-0.0506144009964883,7,0.0924464454832819,0.0309855835043571,0.0009557039770514,7,4.5870343414800505,0.2343746020357504,-0.0352086534748697,7,0.6642176889415298,0.0573407804080407,0.0150837255600054,7,0.35307136404195,0.0178729584641575,0.0043836649164824,7,0.8430837749370507,0.0383821033633568,-0.0085908819257277,7,1.9837045978222567,0.1559810575413967,-0.0334676381685006,7,1.7341478896726454,0.3112840461390544,-0.0350638460597616,7,15.222503398145948,0.8197581823908079,-0.2055042945349698,7,75.16857756887164,5.458558245585722,1.2940733611850996,7,4.696148179629507,3.2152230971128613,0.915934065934066,8.0,35.0,0.7376869336426257,0.5242063492063492,0.0662337662337662,D02,0.7284615384615383,0.5900000000000001,0.0651976228899305
SCBI_046,SCBI,20.082972586154938,1.0302801169848927,-0.2193737523170865,7,29.07507107939039,0.95818896410111,0.2599644099650361,7,1.533217609993049,0.1432570856313982,0.0203247927296322,7,8.593767098018102,0.7142211828265731,0.0835019847202728,7,0.1312632448804964,0.0717797493982585,0.0027309663566622,7,6.313887585486684,0.8680987766339865,0.2466042155374861,7,0.3349304103425571,0.0772702187305533,0.0209656175697898,7,0.1754707971454731,0.0430009040190363,0.0116024326800364,7,0.8113774337938854,0.0291257729789823,0.004996930219801,7,2.850601306983403,0.1359902663037006,0.0135569278434787,7,2.033930186980537,0.393360453561099,-0.0325534183974691,7,27.199920313698904,0.4179711417158962,0.1149574355159639,7,23.44925386565072,8.987938821126509,1.5483618977358524,7,7.072718927972984,5.027586206896551,0.7463162086818,11.0,27.0,,,,D02,,,
SCBI_047,SCBI,19.22830990382604,1.1472279867372817,-0.1045239832369201,7,29.819953271320887,0.97646637402238,0.2863185664998042,7,1.4347600010888917,0.076175131840433,0.0111373111171305,7,7.785046815872192,0.8618216094315795,0.1455340951413851,7,0.0262637740192336,0.0140920859234002,-0.0016312393522129,7,7.294453284570149,0.9499643884331505,0.225387309030567,7,0.3970496387087873,0.0721322339880176,0.0149821209462334,7,0.2078986221126147,0.0413697813918044,0.0084156031739133,7,0.8213016949594021,0.0297982465492631,0.0058872769398806,7,2.739420988730022,0.1047104519956794,-0.0040627224830234,7,2.804017842880317,0.5201755145564768,0.0490292634297112,7,27.418297495160783,0.7131998821198325,0.1787381557071155,7,18.25165029721601,6.16983626943774,1.15718838021226,7,5.784995305817174,4.959514170040486,0.973015873015873,7.0,35.0,0.6189299981903715,0.3928571428571428,0.0888027177500861,D02,0.6392307692307692,0.4213675213675213,0.0900530096683942
SCBI_048,SCBI,18.672959046704428,1.9800685375186968,-0.5301678458003186,7,32.35390874317714,0.8803107058278721,0.2475039002072116,7,1.5233245917728968,0.1205329567590496,0.0300332488901412,7,8.561761447361537,1.056524800163101,0.2416704057845299,7,0.0267528604526887,0.0206431741856736,0.0003937385567849,7,8.215332454868726,1.0366240119093535,0.2757174052598766,7,0.4897645013406873,0.1101386385919837,0.0306727816434284,7,0.2650189399719238,0.0595315889731029,0.0166528375449719,7,0.8582402813647475,0.0269120917735653,0.0068046128536019,7,2.758374388728823,0.127223877301219,0.0016143055373777,7,2.782992723264865,0.6266177706599982,-0.1108906342409918,7,29.692642382213048,0.6635864268672875,-0.0061010306726122,7,24.79358121752739,9.674997614886752,2.5961132297968925,7,2.1797843540317947,1.6842105263157894,0.9201388888888888,4.0,24.0,0.7822453212115487,0.5333333333333333,0.1275541125541125,D02,0.7910256410256411,0.5517094017094017,0.1398238798238798
SCBI_049,SCBI,18.57876936878477,0.4731936380756757,-0.0279003261450694,7,29.13257314477648,0.7337469252858102,0.2168848370222767,7,1.548660543348108,0.0765570501077142,0.0030176647074286,7,8.46506656919207,0.4289952014659831,0.0072988973337438,7,0.1070674669161755,0.0469808031913254,-0.0042282246705314,7,6.990377681595938,0.4293725365258082,0.1236858461469813,7,0.401772969668465,0.0380842619682903,0.0100932384511213,7,0.2182638617897672,0.0201000518332461,0.0053396118374649,7,0.8484548037605626,0.01815892913611,0.0026353242569039,7,2.860811078122684,0.1002592808692678,0.0062209705199895,7,2.296061153922762,0.3539645856822497,0.0319812329310606,7,27.29494042055948,0.5991342421271769,0.1790354992242137,7,28.436660251447133,4.673226953408967,0.2252272199087613,7,9.074359191103266,7.450704225352112,0.9375578168362628,12.0,46.0,0.7055805184329744,0.3043650793650793,0.2456934001670843,D02,0.7551282051282051,0.596233211233211,0.0730462842001303
SCBI_050,SCBI,14.694148341459888,1.150944783127037,-0.1932544467695091,7,28.38672551938465,1.029090764063423,-0.0273757596988849,7,1.6560920434338706,0.0596961724487846,0.0008362244330179,7,7.883153943078859,0.372419994014417,0.0128385962859932,7,0.037346800587589,0.0143996579442639,-0.0005339412366303,7,7.74560496583581,0.3933246422740019,0.0085138932471852,7,0.6158772704324552,0.0501225517465082,0.0015932965288648,7,0.3229987139680556,0.0257569382134012,0.0014082948414132,7,0.828312877033438,0.0176210269778114,0.000278217342135,7,2.332002163465534,0.108172604395749,-0.0248275321194142,7,2.7063862150534987,0.4794778469307508,-0.0240839208213136,7,25.917971053293773,1.1857267143871244,-0.1211726716281052,7,42.84976740181446,7.259162029646972,1.7315867634765774,7,6.586483115539509,5.64705882352941,0.9233333333333332,8.0,24.0,0.6175762902255449,0.4285714285714285,0.0998484848484848,D02,0.6474358974358974,0.4460439560439561,0.106738332892179
SCBI_051,SCBI,19.80887434738023,1.2301270883246436,-0.2066965043678412,7,35.734343545777456,0.5160249176044804,0.1235299901577389,7,1.6133478156157903,0.061120875481626,0.0054183631567409,7,10.416736172778268,0.26809639592584,0.053833230594883,7,0.0437819831812313,0.0204621031007892,-0.0029001981576927,7,9.943936790738787,0.238657145374513,0.0609999951893973,7,0.5610254446842841,0.0518917529065721,0.0087587496666697,7,0.3058720918904458,0.0257603602286239,0.0046196394984196,7,0.8535318199012961,0.0281837490238776,0.003426117187725,7,2.7242080622485707,0.1584918018808175,-0.0138391362578345,7,2.878882616226162,0.3394072593871292,0.022668213771464,7,33.017544644219534,0.4021100016991413,0.0223933827182102,7,32.1114140908633,5.823883069146235,1.0129054556913977,7,5.031968777180673,3.813559322033899,0.9064516129032258,8.0,30.0,0.7208001558968657,0.4880952380952381,0.0828427128427128,D02,0.7446153846153847,0.5708180708180707,0.0682614678768525
SCBI_052,SCBI,10.99962290269988,0.6297585399431272,-0.1483517697440134,7,21.5358367902892,0.25403671981628,0.0389655935390113,7,1.693024146769728,0.0980766113035153,0.0235415124104696,7,6.247915776712554,0.3545127988901299,0.0850258487957475,7,0.1020661480932696,0.040139260205575,0.0058994792705749,7,5.781864474926676,0.3435637544217347,0.1017008180241414,7,0.5707125766202807,0.061651902875186,0.0171025835495492,7,0.3099042947537133,0.0339073844800343,0.0091986988959291,7,0.8573776643191066,0.0160701903741957,0.0003452932988314,7,2.46763341235263,0.0637483604599444,0.0081869871961161,7,1.824316475008216,0.3887339242699757,-0.1028418908680835,7,19.26394595418657,0.2479040009520544,-0.0041547366856459,7,48.99148744344711,5.212585108660684,1.2392737536686955,7,3.5632809026760977,2.5,0.8550847457627119,6.0,20.0,,,,D02,,,
SCBI_053,SCBI,11.506565969969545,0.8505554024138895,-0.2243763717567974,7,23.189977626715383,1.1543216587501892,0.2208740471991723,7,1.7985478139349391,0.0920160379073684,0.0133239440285838,7,6.544908451714686,0.1350704594954645,-0.0219124319040187,7,0.2007932057936809,0.0467913725521991,-0.0061719356472249,7,5.660080777215106,0.4029981711096702,0.1169303902863387,7,0.5438352091503995,0.0863238595239607,0.024784244158443,7,0.2963309182253267,0.0427328928124112,0.0124878401308416,7,0.8611322950039592,0.0171542294302102,0.0006663937689611,7,2.546848285340128,0.0906096707855474,-0.0005248527277834,7,1.4636267122945614,0.1707708221633613,-0.0075340750940444,7,19.781202912330627,0.4893103311089141,-0.0165086828272438,7,55.97788087810789,4.373588575075109,0.8093018049349165,7,5.8505142312833724,4.4,0.8717774762550882,8.0,22.0,,,,D02,,,
SCBI_054,SCBI,12.913717142173224,0.6881218610330994,-0.1461245311348962,7,26.259383167539323,0.8709196727727361,0.2137333737360522,7,1.6586483152849334,0.0957644044261985,0.0244883259449304,7,7.627751831497465,0.513010333792116,0.1391571389319116,7,0.0309067730132872,0.0155668180074792,0.0016820768047149,7,7.497548746211188,0.5200733444727293,0.1462871966875187,7,0.6256901502077069,0.0844472999506658,0.0230154098207841,7,0.3402586254690374,0.0387678821817852,0.0101879659952437,7,0.8643739505537918,0.0306054732863196,-0.0078774626813661,7,2.416282480316503,0.157445958637492,-0.0345787991823904,7,2.4769613226609573,0.3890698150991591,-0.0701414833154379,7,23.8786244732993,0.4960197250594382,0.1186912194763064,7,41.21005926813398,5.776340853463113,1.3005047119786386,7,5.141559147971688,4.033333333333333,0.9204545454545454,7.0,22.0,0.6715221240835949,0.4103174603174603,0.086516232305706,D02,0.6774358974358974,0.4844871794871795,0.0842142330603869
SCBI_055,SCBI,20.68534620319094,0.7314348173313836,0.1135384632867548,7,32.29846285070692,0.9645887937501878,0.2662134715794448,7,1.4477686062455175,0.043541372920598,-0.0047124905069045,7,8.326300770044327,0.4318981637380181,-0.0030412386618387,7,0.0639232260166734,0.0243922790242732,-0.0049801104565802,7,7.01193604511874,0.4536491344790683,0.0980263111169028,7,0.3537554464169911,0.0228073975772895,0.0029057310622669,7,0.1925998153164982,0.0124839769144098,0.001305983277589,7,0.8637601121195725,0.0191172153377097,0.0022924174074367,7,3.030021211930684,0.1068498574885435,0.018223577383655,7,2.5213235978569304,0.3120855364703053,0.0479784561947589,7,29.846349137169973,0.7891539943926068,0.1739261508522547,7,17.32255753661905,3.417752208996028,-0.2738278590376602,7,8.358259281668339,5.869918699186994,0.8475972540045766,13.0,38.0,,,,D02,,,
SCBI_056,SCBI,24.01953286784036,1.5347003086501998,-0.3769039940673674,7,36.23836088180542,0.892708470474203,0.2622424968154976,7,1.4762563716088022,0.0998458285493339,0.0265139870913574,7,10.196770127330508,1.1774342476757067,0.3184483117453187,7,0.0268368661438996,0.0123416959345742,0.0015983846684247,7,9.75729397365025,1.140000346127372,0.3220231487612019,7,0.4419700774763311,0.0912870404138881,0.0251702142987951,7,0.2287145887634583,0.0520069703632082,0.0144565637210893,7,0.805121263223035,0.0297995006284965,0.0066806781669502,7,2.7247250952890942,0.1367815896483016,0.025354900468358,7,3.1109979386840547,0.6496255426917956,-0.1766022750815468,7,34.43429562023708,0.8402516015846213,0.2354574452066636,7,20.71967419556209,6.981367829421307,1.855455614910399,7,6.745469016823479,5.58227848101266,0.9682539682539684,8.0,21.0,0.6358908720913182,0.3706349206349206,0.1184415584415584,D02,0.6753846153846155,0.4709584859584859,0.1011408676793292
SCBI_057,SCBI,29.75371785674776,1.3736302123211237,-0.2158372884641314,7,40.294693095343455,0.6785337508725527,0.0927296780684604,7,1.358858932341848,0.0663033896655273,0.0130030486248266,7,9.840027847460338,1.2786454270913463,0.2514172529158571,7,0.0139555251571437,0.0102238039805928,0.0015278166780515,7,9.427668805633273,1.1000255920069857,0.2303542074467569,7,0.3383016588964632,0.0543597983242567,0.0112165878505984,7,0.167280017863959,0.0307418525202456,0.0062398129798505,7,0.7812345671866622,0.0321236906969786,0.0072377720020811,7,2.884065355573381,0.1672236110672676,0.039268146214731,7,3.69408620255334,0.5827687566835479,-0.1423038491486434,7,38.50952012198312,0.6186162136554294,0.0565599502469392,7,11.766650065513591,4.047913351299738,0.8294925461001195,7,6.717854304721141,5.377777777777778,0.7769753610875106,9.0,22.0,,,,D02,,,
SCBI_058,SCBI,11.537485842193876,1.7214391353669354,-0.3885131358699414,7,24.25295650533268,0.6908408575963224,0.0451354721201909,7,1.698225628052439,0.1756788310016862,0.0399948519408168,7,7.071751234786851,0.4042049613908973,0.0799949479878216,7,0.0696156547928694,0.0562328155598383,0.0087074506189987,7,6.8311154171824455,0.3699220564664379,0.0834275506470235,7,0.6205905218209539,0.1205381572579363,0.030897414817103,7,0.3422918001722012,0.0585003655555522,0.0153984025438136,7,0.8658479553248201,0.0349872486221328,-0.0048436819003569,7,2.3663064933248927,0.1276760497029827,-0.0038082846043623,7,2.2181276652429784,0.7026842852564834,-0.1898702755570412,7,21.760461896657944,0.780539797401221,-0.0745935967952146,7,46.36294627189636,12.21717600380081,2.6817804449342297,7,5.7248066287316215,5.052631578947368,0.9201388888888888,7.0,24.0,0.6324575563230714,0.4920634920634921,0.0645747235220919,D02,0.6494871794871794,0.4736324786324786,0.0763541159695006
SCBI_061,SCBI,16.75169603739466,0.8241300159804986,-0.0448215651271589,7,32.2689049073628,0.7262198173895487,0.1412965323892944,7,1.6467763504811697,0.046457343284102,0.0068831606830716,7,8.895935388548034,0.4240809714462745,-0.0101409899947889,7,0.0276150245403446,0.0117751957046176,0.0015002491340577,7,8.731598077075821,0.3842389512773407,-0.0122211431842213,7,0.6163111637745585,0.0361010233285054,0.005212323781888,7,0.3210023078801376,0.0202030849560069,0.0014462717725256,7,0.8301520807934659,0.0193277890515313,-3.852355690681356e-05,7,2.493207698421819,0.1019068628501762,-0.0023430001842601,7,2.876459532018219,0.4865895294277036,-0.00985363839119,7,29.536215926919663,0.7849526719324676,-0.0194739470834689,7,36.506173881036894,3.244860474931339,0.6587731950486189,7,6.734772289856238,5.538461538461538,0.5147058823529411,8.0,12.0,,,,D02,,,
SCBI_062,SCBI,14.351223366601127,0.9122471216950282,-0.2165518725800407,7,27.362667168889725,0.6718573843738929,0.1208016492860734,7,1.574619992503098,0.0484226439636256,0.0092761173443409,7,7.482112748282296,0.260807641180612,0.0287186900329162,7,0.0313083927905089,0.0145447690516901,-0.0023522169392996,7,7.227778183562415,0.350925975990881,0.0683237176572261,7,0.5373641817963549,0.0557052374976088,0.012778751777627,7,0.2972902911049979,0.0305365440168479,0.0069990918090391,7,0.8712940189455237,0.0198119726693986,0.0003121526652922,7,2.526448526552745,0.2001774683434241,-0.03470150100677,7,2.909743169056518,0.675873806496761,0.0551515186681608,7,24.506995592798507,0.3074027787343734,-0.0699864412102464,7,35.43057729729584,5.352323866119924,1.315495202092312,7,5.51260883366755,4.781094527363185,0.9375650364203956,7.0,31.0,0.6259121494049626,0.4023809523809524,0.0862964520859257,D02,0.6794871794871794,0.4573687423687423,0.0801401732170962
SCBI_063,SCBI,28.272186858313425,1.1887362434164486,-0.1008348390125907,7,38.53255241257804,0.7257464643142912,0.1962682842673742,7,1.3722365551761218,0.0614093062242884,0.006575043910421,7,9.811258516141349,1.0307569793636413,0.1512137998914505,7,0.0354465924137912,0.017651399908053,-0.0030189287340301,7,8.608056076935359,1.231833670912822,0.3119074968880068,7,0.3149332950956055,0.0595387631501942,0.0130104006167852,7,0.1551546581156019,0.032995181022184,0.0065341327024097,7,0.7840449937752315,0.0226502332804731,0.0047447658457162,7,2.977067319410188,0.111700319413759,0.0187043414321715,7,2.706790733550276,0.3298858054568633,-0.0089077138813889,7,36.63299005372184,0.6024358528501549,0.1546456084123107,7,11.654543985213552,4.2101555998226425,0.4929678125365433,7,2.029965861782283,1.694835680751174,0.9526315789473684,3.0,19.0,0.7133209955584155,0.3111111111111111,0.2561423761423761,D02,0.7451282051282051,0.403846153846154,0.1944392644392645
SCBI_064,SCBI,17.19091325359685,0.7904369929489377,-0.0966661312521306,7,31.96111887693405,0.7175705889971574,0.188947914159886,7,1.5999833164470536,0.0515127186957416,0.0087456203362332,7,9.194067022630149,0.3284795087946919,0.0663386088850252,7,0.0284437819406905,0.0146808842766492,-0.0015500689753409,7,8.962905121701104,0.4150290745364094,0.0961657835696844,7,0.5679672288575343,0.0510530068819555,0.0110124358969987,7,0.3110071974806487,0.0262331317879439,0.0048625650982719,7,0.8604262678750924,0.0218289587300596,-0.0036480416514547,7,2.650830399777208,0.2096809316701552,-0.0446552283761212,7,2.61904665934188,0.4795596475180675,0.0488330331785529,7,29.024813494512014,0.7150736014563122,0.0322818347156849,7,34.842594765126705,5.386612189102376,1.2506608834214543,7,6.081707788885231,4.445378151260504,0.7902364607170099,9.0,23.0,,,,D02,,,
SCBI_066,SCBI,21.32392187629427,0.7715722101187777,0.0840276366124773,7,31.69853012902396,0.903816550234656,0.2475552251520713,7,1.439104081264564,0.0417867520816699,-0.0047358915944805,7,8.322847843170166,0.5027104202369763,-0.0373990493638633,7,0.0466183408108398,0.0272309242158017,-0.0065892985036418,7,7.419141049895968,0.4175384519754697,0.0980182632870738,7,0.372966196121914,0.0278333800837562,0.0050474171664549,7,0.1951150073935943,0.0165536173096802,0.0029023751217638,7,0.8275995195976326,0.0256330332196993,0.0023450435143415,7,2.901214431439127,0.1252456657629414,0.0026498352398786,7,2.851029122514384,0.527046971170479,0.10563704924399,7,29.8800345488957,0.6819765910152477,0.1802195024597271,7,18.67950050000633,2.828309547318549,-0.1875774899806677,7,8.854117315646944,7.191489361702127,0.8575498575498576,11.0,26.0,,,,D02,,,
SCBI_067,SCBI,21.692201529230392,1.239599894572453,-0.2149304166235731,7,35.75706619875772,0.6622026315681768,0.1700030757707331,7,1.4959924859660012,0.0668894557177505,0.0149879562981727,7,9.784040370157786,0.8823022866266766,0.2230205376185643,7,0.0193852043344772,0.0083976845799725,0.0016479689036412,7,9.526103458234244,0.8221821518434803,0.210341240859887,7,0.4724853320845535,0.05814561952295,0.0131742390177542,7,0.2586168316192925,0.0333101612570888,0.0074334890141064,7,0.8718183455722672,0.0209665743190055,0.0032245372526447,7,2.830323508807591,0.1197097113058796,-0.0084899609131663,7,3.184806544865881,0.374731392471037,-0.0688967068299584,7,33.31621050834656,0.6166993186991053,0.098376554491274,7,21.70690630695649,5.341616560340748,1.2032200061954192,7,4.089796807047543,3.257627118644068,0.9715370018975332,6.0,31.0,0.644562606787685,0.411111111111111,0.1008791208791208,D02,0.6820512820512818,0.4861538461538461,0.0860300952608644
SCBI_071,SCBI,21.21150754179273,1.177238307463074,-0.001583396586602,7,31.396407672337123,0.6016967459111051,0.0967594459987007,7,1.433227185692106,0.0722095941334714,4.7244014627730346e-05,7,8.088254430464335,0.6526966067253677,-0.0060439538795317,7,0.0657178842801451,0.027224699722448,-0.0015561415154393,7,6.940329015254974,0.4588751056571413,0.0450840480124469,7,0.3400577051298959,0.0426504478029834,0.0027550665678397,7,0.1836014175787568,0.0255699449283084,0.0013604580076002,7,0.8499151691794395,0.0262947140700478,0.0020847882023039,7,3.016474581190518,0.1139046872689985,0.017154629555251,7,2.9652151023702964,0.4774107427602373,0.0083621016248325,7,29.372471230370657,0.4716414802621536,0.0287047897219123,7,17.770134756607668,5.665850364874426,-0.0185247765093908,7,3.327636384536852,3.0303030303030303,0.9547619047619048,4.0,20.0,0.8923947378143936,0.7388888888888888,0.0661976911976912,D02,0.8899999999999999,0.7963675213675213,0.045034595034595
SERC_001,SERC,24.64073870863233,0.4287084103559794,0.0903455724630655,6,33.027724862098694,0.9717747871336948,0.29593833305376,6,1.4217044625963484,0.0392250416174494,-0.0041357032086015,6,9.290999838284083,0.533666581635614,0.0209179693006079,6,0.0876700274114097,0.0283638945643128,-0.0054439979434669,6,6.755290438021932,0.5357352256483601,0.145947295854979,6,0.2778768319902675,0.0199605620279038,0.0047250298799888,6,0.1429217980642403,0.0096671414246619,0.0020950553310208,6,0.7994339460773128,0.0321950391376818,0.0087043840120726,6,2.993328139185905,0.1712487041136546,0.0483919653724127,6,2.527552805840969,0.2527085119846989,0.0317978193407101,6,31.541091680526733,0.734867555571684,0.2233209599293935,6,14.15309079204287,2.305486200509357,-0.2319139640093384,6,2.987415492558333,2.1739130434782603,0.905,5.0,20.0,0.6903207669740288,0.3397435897435897,0.1448395621472544,D02,0.714,0.5141555555555556,0.0929455581455581
SERC_002,SERC,17.19518625310489,0.7477586263897623,0.1941421762309267,6,34.40916422435215,0.9984660119680872,0.2807590734263706,6,1.7153597271868162,0.0807219683193135,-0.0221082104929626,6,10.31634791834014,0.2738762085480461,-0.0456968418284916,6,0.0558577558531396,0.0354136733330468,-0.0086125158764118,6,10.07443726488522,0.2388646034926491,-0.0519229994894677,6,0.6521466635167599,0.0480426400911833,-0.0123850548548014,6,0.3508377069873469,0.022831871019436,-0.0059732111200122,6,0.8461029332663331,0.0386291657476615,0.010576735939747,6,2.72136213524001,0.1240734344075792,0.0244132085231387,6,2.3637581284024884,0.575034263777182,0.1248401861069849,6,31.48944519247328,0.812292878871345,0.2099517292505957,6,40.426140810762135,4.035677044540196,-1.1080749287466298,6,2.60049000598966,2.333333333333333,0.8928571428571429,3.0,7.0,,,,D02,,,
SERC_003,SERC,12.657655545643395,0.9994892785698758,0.2675655804942007,6,29.682572492531367,0.7772613236997935,0.2216467325462889,6,1.6990798296672958,0.0947069453656465,-0.0271691628335035,6,7.743288906557219,0.1889509519637275,-0.0343281050033098,6,0.0928340665559517,0.0446727305790114,-0.0125223503234619,6,7.350450458271163,0.1630577544691878,-0.0037625919476218,6,0.5939818450382778,0.0470795992880408,-0.0130707973764683,6,0.3284520351194909,0.0230429312882771,-0.0061561501597476,6,0.8866562433540821,0.0263822726042568,0.0072653410296402,6,2.6752477203096663,0.081826837042271,0.022753275513248,6,2.294023766581501,0.6290240397815735,0.1544092111540081,6,25.40224758216313,0.7588701416885736,0.1563517996548537,6,53.14118729318891,8.803616928360215,-2.55590527127142,6,3.5724603045977226,2.845161290322581,0.9603174603174603,5.0,21.0,0.7132777204967956,0.3737179487179487,0.1417076513230359,D02,0.7269333333333331,0.566111111111111,0.0788111592111592
SERC_004,SERC,26.717991326536453,0.6165732668765505,-0.0922201992150379,6,38.48387381008693,1.0362424833439832,0.3068143332485661,6,1.3823271691799164,0.0429436533053573,0.0113916761605194,6,9.666565422500884,0.8074844751872803,0.2173436768520039,6,0.019572255942746,0.0084564102823449,0.002000444354787,6,9.140176355838776,0.7202749864614637,0.1904745122643329,6,0.3537555931668196,0.0366749090477998,0.0090001141213949,6,0.1843689072078892,0.0208460244221585,0.004767918972833,6,0.828968921410186,0.0248512811400356,0.0063085655009399,6,3.060926399060658,0.1702316684007851,0.0470082540349041,6,3.221099149967943,0.3655997623286905,-0.1007067507525463,6,36.38568592071533,0.4741013996490995,0.1396041916090277,6,12.274571281990834,3.1311886240267253,0.8577592818425644,6,1.9812716892692184,1.5882352941176467,0.8024691358024691,3.0,9.0,,,,D02,,,
SERC_005,SERC,21.84778496197292,0.601067613510397,-0.0236883831665654,6,36.19861732210432,0.7656391468193007,0.1942694539981038,6,1.5500364101358823,0.0589871914170583,-0.0160864544155351,6,9.444139970200402,0.401147111886989,-0.0879563379180805,6,0.0641576788132494,0.0292630130866801,-0.0081271423290583,6,9.003215755735125,0.3099563769274782,-0.0589941110578887,6,0.4749149307608604,0.0295661797340419,-0.0066333415149606,6,0.2570661924380277,0.0153069653231498,-0.0031665783175037,6,0.8503066386495318,0.0328417478160277,0.0078188678909577,6,2.906032420694828,0.1275410146233346,0.0342674616206387,6,3.52211030466216,0.615451394371954,0.1218872330164027,6,33.7429918221065,0.3394133191480211,0.0049789916774082,6,27.19715105848653,3.686840189859374,-0.8471742501574249,6,2.2756491157934366,1.7066666666666668,0.8828125,4.0,16.0,,,,D02,,,
SERC_006,SERC,23.40292273248945,0.6002082876115641,-0.0201532704413204,6,33.46260339873178,0.9887145774304464,0.2998294691333856,6,1.3966180043561118,0.0521524361908281,0.0075051117137141,6,8.636918110506874,0.8967160116140643,0.1864185871832039,6,0.0482182565662826,0.021220338680223,-0.00203444804046,6,7.424797428505761,0.945464853879851,0.2676408747921076,6,0.3223081759310194,0.04458418052595,0.0116709199558626,6,0.1697781529676701,0.02466612999054,0.0061074090263317,6,0.848762051335403,0.0275515711660533,0.0062270396109252,6,3.111970450196947,0.1047728221891389,0.0275879136115446,6,2.733024441770145,0.3601526247081462,-0.0458074272881708,6,31.694711412702286,0.6018691555673815,0.1787942861762282,6,12.937131284603051,3.3178107840343007,0.5326111984226202,6,4.818128101614926,3.7216494845360826,0.7951635846372689,7.0,19.0,,,,D02,,,
SERC_007,SERC,0.526742418607076,,,1,0.2278307862579822,0.1134719949508547,-0.0193438057697925,6,1.803115905395576,0.0409332248419011,0.0062921204574974,6,0.001515352034143,0.0032464435773725,0.0001180011950299,6,0.9997528940439224,0.0005688310996771,-2.596056247505907e-05,6,0.0246067646269996,,,1,0.0465677957981824,,,1,0.0260959180692831,,,1,,,,0,,,,0,,,,0,0.56502765417099,,,1,100.0,0.0,0.0,6,,,,,,,,,D02,,,
SERC_008,SERC,,,,0,0.2029079954871641,0.0828183093300513,-0.015653607143703,6,1.8359016038122635,0.1327390469896101,0.0252209185206391,6,0.0,0.0,0.0,6,1.0,0.0,0.0,6,,,,0,,,,0,,,,0,,,,0,,,,0,,,,0,,,,0,100.0,0.0,0.0,6,,,,,,,,,D02,,,
SERC_009,SERC,27.73460477590561,0.6284928923328906,0.0804237738051222,6,41.44542704309736,0.845964660389305,0.2280700586301864,6,1.4082581815975053,0.0263075520276097,0.0011729337609134,6,10.052656793168612,0.633151404811272,0.1388056195036178,6,0.0139774956735761,0.0067888491045162,0.0002072762898904,6,9.721358931490354,0.5879285657352001,0.1350514842656696,6,0.3889356007400368,0.0213439280297468,0.0010099731523526,6,0.2072824699405048,0.0127704434533475,0.0009237233723718,6,0.8319971007960183,0.0304656315035424,0.0084691454359902,6,3.0828309506177902,0.13885928226317,0.0358662846844827,6,3.774696558713913,0.4253788394288667,-0.0004185272439178,6,39.23110675811768,0.641190570275924,0.1505040411457352,6,13.673822449919369,1.7739959222669404,0.0114167075282622,6,6.463791231472693,5.157894736842104,0.6635610766045549,8.0,14.0,,,,D02,,,
SERC_010,SERC,25.71459240572793,0.9688735879569113,0.2226098698350881,6,34.03357335499355,1.6163776027724537,0.4882332567676836,6,1.330787178661142,0.0452284998996128,0.0027508535693846,6,7.9336762854031155,0.9910306047216167,0.1796698858919699,6,0.0453284150218158,0.0192848733261088,-0.0011017457967062,6,6.317953658955438,0.7286637631925237,0.2014439251658093,6,0.2500910919292697,0.0231539935189668,0.0048932192947364,6,0.1277250033869807,0.0113308334607938,0.001621242084294,6,0.7942570187151432,0.0295659345865177,0.0069945408741321,6,2.9682859757116864,0.197874646556498,0.0548949596459555,6,3.084080625857626,0.4126705150970057,-0.0550981996071445,6,32.54593896865845,1.2801100208702607,0.3810967332579095,6,8.636368620608534,2.337067312462229,0.1183587522851512,6,2.586409289858933,2.2727272727272725,1.0,3.0,10.0,0.699595616908158,0.2179487179487179,0.2817868029406491,D02,0.6234666666666666,0.3606666666666666,0.1443282347282347
SERC_011,SERC,25.58657933984484,0.3965267317600521,0.0490236349169983,6,33.569714307785034,0.9122133779905052,0.2773076702126473,6,1.4032104771052087,0.0438827252848546,-0.0032722969025774,6,9.330882008586611,0.7027186946673967,-0.0094437728147335,6,0.0894585941984717,0.0280212637703548,-0.0051837479095329,6,6.23042031271117,0.6844263680889452,0.1878822775966918,6,0.2446877248585224,0.0269951267582531,0.0068586511650193,6,0.1212347171801541,0.0140784455703929,0.0035611714597691,6,0.7950590955359595,0.0285067254521314,0.0073349355164531,6,2.989363410643169,0.1797636455763023,0.04924512955239,6,2.269992812403611,0.2870931473618536,0.0394078548914114,6,31.941875559943064,0.6412325298432168,0.1922276490472357,6,12.745861149259976,2.65114505123879,-0.1939807635118074,6,1.9955571994469736,1.991150442477876,1.0,2.0,30.0,0.6409998046747721,0.1923076923076923,0.3903468326545249,D02,0.6329333333333331,0.3413333333333334,0.2329710437710437
SERC_012,SERC,23.94462083067213,0.9519967533065224,-0.204382457006138,6,33.16175534043993,0.6650570506000678,0.1682399674381376,6,1.3273832159382957,0.0489590677995078,0.0120718113810759,6,7.399035519787243,0.7233940115734252,0.1597258720897773,6,0.0364243036591298,0.0108868494429406,0.0006655261762219,6,6.126122783337321,0.7183762815850728,0.2041971781061369,6,0.2608222672715783,0.0450830851392583,0.0127768200037023,6,0.1392562276284609,0.0256438406167118,0.0072110378624027,6,0.8246320581861905,0.0374798076492037,0.0104318294139587,6,3.050369230764253,0.1448914309137841,0.0396444031074977,6,3.4715403180037225,0.3982784117400908,-0.0598375948622087,6,31.25663653441838,0.5063417120046048,0.0922408638513676,6,8.44357638726277,3.66248217379466,0.9521199891201718,6,4.807492157399308,3.898395721925134,0.8916666666666667,7.0,27.0,,,,D02,,,
SERC_013,SERC,19.773466731820783,0.6578496386771606,-0.1311357352765686,6,32.26925459929875,1.0678758239039217,0.291381656054424,6,1.463938188339983,0.040617974148477,0.0080804683836051,6,8.4281928475414,0.6016618319453684,0.1334221804088541,6,0.0405327301601313,0.0140673437977032,-0.001620575018888,6,7.787152841687202,0.638227726340988,0.1759602607232038,6,0.4097000979153173,0.0405496618296242,0.0108083499858631,6,0.2228423932434192,0.0247938852610589,0.0066306194303047,6,0.8526091948151588,0.0328960778430005,0.0093418404192667,6,2.8926250274692262,0.1221967729775364,0.0327757720589103,6,2.85690865878548,0.2896924453875909,-0.0378088173143265,6,29.559716650417872,0.6471328612936894,0.1662455460415827,6,18.867602343005792,2.8258007457296275,0.5978555456806192,6,4.569403469930822,3.755555555555556,0.7046153846153846,6.0,13.0,,,,D02,,,
SERC_014,SERC,24.012442350387573,0.513503288895812,-0.0270723280885294,6,32.785859891346526,0.833730282794047,0.2510975329330684,6,1.419883763151509,0.0268161342327568,-0.0025338397064818,6,9.2895573420184,0.3726218592169287,-0.0197832730719861,6,0.0645132787841638,0.020443991778507,-0.00482535863717,6,7.55634697846004,0.4644472250390469,0.1125666044752694,6,0.3191379005355494,0.0251238076577585,0.0052886784531911,6,0.1668874393217265,0.0165132268604209,0.0034191627316427,6,0.8226407196904931,0.0364311416403452,0.0090171371173163,6,3.0474516110760823,0.1392690712315345,0.0382055018447974,6,2.694356840636049,0.2412417567612059,0.0454702561913317,6,31.446638141359603,0.527486768790046,0.1599711607389921,6,13.79701565951109,1.64469913507206,-0.2291357440063772,6,4.187960680526523,3.813559322033899,0.8755555555555555,5.0,15.0,,,,D02,,,
SERC_016,SERC,23.03499437229974,0.6622034741180456,0.1339672011377566,6,34.41579518999372,0.96253313033462,0.2906456087202235,6,1.460904213998999,0.0392359155745447,-0.0072727687990986,6,9.21413334778377,0.501745522838323,0.0338149222424212,6,0.0480690238982788,0.0240851845827348,-0.006165080662521,6,8.388760443244662,0.4660895850239671,0.0964839450447014,6,0.3962095512875488,0.0189885679132118,0.0004725856602091,6,0.2104643019182341,0.011473196584297,7.656393175936333e-05,6,0.8508806925799165,0.0207707125115113,0.005421882495284,6,3.0455413354294643,0.0999235121488244,0.0282027119678766,6,3.1344595987881934,0.3823773083093565,0.0652645680418597,6,32.41159282411848,0.7051434348964085,0.2130331148481155,6,21.59989661404065,2.731402929562803,-0.5718309547869079,6,4.654701235021818,3.4153005464480874,0.9288888888888888,7.0,25.0,0.6199275068048475,0.3858058608058608,0.1177930854967054,D02,0.6265333333333334,0.4324571428571429,0.1151512783512783
SERC_017,SERC,20.832036231245315,0.6438371475819181,-0.0508607259780302,6,29.3558851821082,0.756279233088861,0.2237919272328706,6,1.380395549748625,0.0661047462413975,0.0114107362825774,6,7.30130135161536,0.9482246846061076,0.1814674759793174,6,0.0407191063558067,0.0196607682597292,0.0011424059789268,6,6.4576595723629,0.7607480046296218,0.178976881263502,6,0.3196156573082719,0.0477588429455611,0.0105156117858106,6,0.1693015255566154,0.0269485023130497,0.0056660089750394,6,0.8205681943467685,0.035297943340687,0.0088480379799957,6,2.8357836795704707,0.182619399709442,0.0499693958815437,6,3.3958141154476573,0.6576240297664416,-0.0789333287743442,6,27.83797948701041,0.4317025486252041,0.1239677974996011,6,14.034562045442206,5.066485311320175,1.0194100118889535,6,4.036577148237968,3.3582089552238803,0.9481481481481482,5.0,15.0,0.7272516383389814,0.4243589743589743,0.1257531997916613,D02,0.7274666666666667,0.5544888888888889,0.0837211233211233
SERC_018,SERC,0.5385319590568542,,,1,0.212058460605996,0.0969212341415158,-0.0213311979329973,6,1.809537289398057,0.026999253556659,0.0018116704818913,6,0.0003855777904391,0.0010201429445717,6.051669356667943e-05,6,0.9999423756131104,0.0001524597971624,-9.044186283120125e-06,6,0.0293566528707742,,,1,0.0545123666524887,,,1,0.0311458799988031,,,1,,,,0,,,,0,,,,0,0.5955491065979004,,,1,100.0,0.0,0.0,6,,,,,,,,,D02,,,
SERC_019,SERC,27.370303903307235,0.5212209647452584,0.0093642016162786,6,40.3298818724496,0.7215401798392639,0.2126510918407697,6,1.38239463525159,0.0224447244211514,0.0039711659064207,6,9.995485114199775,0.4240319168462312,0.0967114682689376,6,0.0142420736436698,0.0080290740950457,0.0014998016904346,6,9.58470276423863,0.271192864740318,0.0630775212306078,6,0.3613046663148062,0.0172029925351713,0.0019497074846662,6,0.189692502242646,0.0110345362868405,0.0011745949271615,6,0.8453831715243203,0.023250781491562,0.0060893855988979,6,3.099239149263927,0.2025503117100814,0.0491567010502644,6,3.699975349009037,0.6197659472699628,-0.1316473479695919,6,38.11632709843772,0.4785765058664448,0.106528226837449,6,12.42140167951584,1.4712209059202654,0.0650985866718228,6,2.649351128562104,2.4615384615384617,0.9027777777777778,3.0,8.0,0.7642503539705318,0.4358974358974359,0.1932955932955933,D02,,,
SERC_021,SERC,31.533587200301035,0.2842754819915327,-0.0111755007051031,6,43.36527214731489,0.8819546828216956,0.2654489877512637,6,1.3365825031484877,0.0316949895881995,0.0064385778567181,6,10.283637468303953,0.9154957370497824,0.214623357816662,6,0.013529290153331,0.0068019185593404,-0.0003922202111164,6,9.768657658781324,0.8650438176778505,0.2370874089243166,6,0.3150285189705236,0.0279531893559185,0.0072770442483704,6,0.1626782816435609,0.014896798876226,0.0037234705588842,6,0.8305879969682012,0.0286515874989515,0.0076231631730169,6,3.1352215835026334,0.154161960292562,0.0391697342353016,6,4.590190446802548,0.6654468408693976,-0.051465112198094,6,41.44690173012869,0.6468396468139679,0.1869138425775708,6,8.92027953453362,2.282538054499609,0.4277403462101861,6,4.137602180900962,3.764705882352941,0.8828125,5.0,16.0,,,,D02,,,
SERC_022,SERC,18.06881553786141,0.5403450148277631,-0.0382838817188023,6,29.15392768383026,0.9190007861247574,0.2646762664542604,6,1.5041038638779096,0.0422128296474639,0.004407977994381,6,8.371602577822548,0.4101100145039824,0.0706712684422865,6,0.0483624562600328,0.0154466780298558,-0.0026027923214302,6,7.679510916982378,0.4881502321354938,0.1322546163615624,6,0.440703592130116,0.03781100446829,0.0086577274406437,6,0.2417130289998437,0.0235120115032324,0.0053745914739243,6,0.8792104007942336,0.027677739549894,0.0074300462872859,6,2.920407918947084,0.1224470976050218,0.0338407968392286,6,2.540019705891609,0.3098581704176847,-0.0173122181552942,6,27.02489195551191,0.6452847540108326,0.1855565371000179,6,25.73548945358821,3.0913254414651297,0.295465760434155,6,5.675708056953209,4.8133333333333335,0.9097744360902256,7.0,19.0,0.873227125122029,0.656043956043956,0.0667218904775465,D02,0.8914666666666666,0.7685936507936509,0.0418820438820438
SERC_043,SERC,20.01342953954424,1.799131942729136,0.5209698077007261,6,35.53776386805943,1.0734002980501585,0.319220494529057,6,1.4910035984856742,0.0646773905557802,-0.0180026226313659,6,9.372315647346634,0.4018554306610632,-0.0970852775290408,6,0.0069925844413124,0.0041585690007722,0.0004273484034126,6,9.260491911854064,0.419041897128646,-0.1113000065422379,6,0.4823585948241608,0.0661275008845248,-0.0187433192113857,6,0.2645929415843316,0.0356907973573044,-0.0101276082237305,6,0.8780620380171708,0.0159463427437027,0.0037739230862781,6,2.7064675656812534,0.2401800562360944,0.0721511673265775,6,4.794074829135623,0.6549315685652901,0.0533362721915737,6,32.51547016416277,0.98878930240919,0.2837374504371609,6,27.442589440516063,8.59958741867747,-2.446777921888326,6,3.104160440783103,2.49527665317139,0.9778012684989428,5.0,43.0,0.6349323720442726,0.2608974358974359,0.1623722431414739,D02,0.6365333333333333,0.4287999999999999,0.1311087283087283
SERC_044,SERC,19.34773539645332,0.5248935245382416,0.0355717085402108,6,31.52934271948678,1.250062073046845,0.3640131193960729,6,1.468584957931723,0.0618622679137913,0.0112492443801576,6,8.405037747962135,0.94167324782399,0.2207149287911274,6,0.0300419060409434,0.0137635901314356,0.0002636563183213,6,7.990521503346307,0.8900429534967108,0.2299831843028689,6,0.4301092748397163,0.0501704737875746,0.0113802893387963,6,0.2364662094706935,0.0289344834710539,0.0064790974884824,6,0.8732663627181735,0.0228084570051202,0.0058855535086628,6,2.879911584513528,0.1442326919874896,0.0382161348256295,6,2.8675311473863467,0.4461940063004618,-0.0445016516798547,6,29.54907148224967,0.8845900226451807,0.2607860284535875,6,19.482893068875587,4.5853269556139615,0.9300777290701334,6,3.9168570690450895,2.79948586118252,0.9109461966604824,7.0,33.0,0.6584284751497672,0.3442307692307693,0.1239404951509024,D02,0.6769333333333335,0.470720634920635,0.1008888444888445
SERC_045,SERC,25.160897936139783,0.3960711838826723,-0.0455077090070921,6,32.228826471737456,0.8496487326624614,0.2562417273029618,6,1.3311442647661482,0.0524073979851234,0.0040831100613279,6,7.581915483943054,0.9132060421030164,0.0891469553981661,6,0.0651861829225838,0.0257086730985728,-0.0001113041307445,6,5.07851048133203,0.5586417144138905,0.142672397697453,6,0.2046270483905183,0.0240309779161173,0.0059135867765114,6,0.1007924398706693,0.0142203648588307,0.0034234719330052,6,0.7400280274450779,0.0445752686767773,0.0123541553258361,6,2.797155207821301,0.2406411713671147,0.0687647473250804,6,2.856792635151318,0.325116194487182,-0.0030367441074463,6,30.646949938365392,0.4203227815934366,0.1234119764357939,6,9.254528392106296,2.7543274976296885,0.1660085016769678,6,3.517465953351563,2.16,0.9211711711711712,8.0,36.0,0.8041318602364901,0.4758241758241758,0.0890724666564152,D02,0.8246666666666665,0.6378888888888887,0.0686700484700484
SERC_046,SERC,21.30324114220483,1.627611182696182,0.4657877576725365,6,26.737815482275828,2.6511357052377305,0.8033576853606734,6,1.227721135531153,0.0862910239011413,0.0155177350602876,6,4.693773913596358,1.7352740762544834,0.4049698477068023,6,0.0304271135485448,0.0292290582659303,0.0035142710668732,6,3.328004085591861,0.9468274713540574,0.2569654002585219,6,0.1569112436180668,0.0374773019296495,0.0085504764843431,6,0.0803795979092163,0.0178523122318867,0.0038693942742489,6,0.7096326069108078,0.0566338281010388,0.0144050243423391,6,2.646164114986147,0.3532434769192862,0.1021395117679251,6,3.978056723518031,1.0646164068097048,-0.2189604132498861,6,25.20311454364232,2.237538978309682,0.6804957365775858,6,4.784864863779928,3.9174616451996433,0.5752377981307495,6,1.1986746316267616,1.0923945589870818,1.0,2.0,113.0,0.848183887907961,0.1923076923076923,0.3903468326545249,D02,0.7433333333333334,0.3180000000000001,0.3374603174603173
SERC_047,SERC,23.895408289773123,1.7160972795586946,-0.4780140704905506,6,35.19159860270364,0.2797631373402384,0.0389644439444948,6,1.421971166772502,0.0476512715074041,0.0092521501462823,6,9.05992305278778,0.5900747580100961,-0.0202551450029082,6,0.0393071976357402,0.0168551394645604,-0.0037341249124646,6,8.153636119195394,0.6125111520768889,0.1278178816151726,6,0.3649930752414678,0.0597705661290459,0.0160279396666639,6,0.1968374806123652,0.0341650486259791,0.009165800253823,6,0.8464904624436583,0.0394883145496247,0.0104441172004815,6,3.064898599471365,0.1169247749861486,0.0202432938354432,6,3.310743032821587,0.4108057512131153,0.0224246180244625,6,33.44409610543932,0.6073971936812345,-0.1663868996594519,6,15.674994386732578,4.582095466162676,1.0737057325885435,6,5.851599788327772,4.418181818181818,0.9312169312169312,8.0,27.0,0.674561973368174,0.3690934065934066,0.1247268856014986,D02,0.7163999999999999,0.5198920634920634,0.1028984829984829
SERC_048,SERC,22.85081785917282,0.5891381328483452,0.0627231456239127,6,35.236228176525664,0.4129362592260271,0.1132871024811749,6,1.4140141606330872,0.0295185323964475,-0.0055797904930307,6,9.007003937448774,0.3640444866288132,-0.077817050330842,6,0.0160694417209015,0.0052445071629656,-0.000739532432079,6,8.633134590727943,0.3054156157460942,-0.0657105838771358,6,0.3910392446975623,0.0239142251772528,-0.0046876674588986,6,0.214213193926428,0.0135100120298517,-0.0022616404674596,6,0.8740912840834686,0.0239581493127926,0.0061469488848217,6,3.009718932211399,0.1285921237045626,0.0380088103592663,6,4.093161450965064,0.4343806666526014,0.0484207844520363,6,33.30757936409542,0.219069588493805,0.0293928783036133,6,15.352866208979062,2.102373023673394,-0.4518631344886639,6,3.4340420759292853,2.383783783783784,0.8617511520737328,6.0,21.0,,,,D02,,,
SERC_049,SERC,24.73097917011805,1.055321903527482,-0.285189281931907,6,35.57482232366289,0.3565734716073737,0.1067368171674788,6,1.3965260120374816,0.0365065570704328,0.0078577964395418,6,9.39521957721029,0.4906216508558411,0.0878007628457963,6,0.0262376386919121,0.0093211618889444,-0.0020634825291564,6,8.685420568500247,0.681264048549566,0.1759050366188913,6,0.3571643974365933,0.0435669528474358,0.0116625025496722,6,0.190367639397404,0.0266000054989,0.0070996786595109,6,0.8539091886154243,0.0371685509354194,0.0102923907623563,6,3.08126277582986,0.0671897726454726,0.0132351021862885,6,3.7132405819637433,0.3868701115748645,0.0207672032272869,6,34.131207261766704,0.1143402937395786,0.0156424957005966,6,13.65682304756982,2.6310150690291527,0.5908138258507969,6,5.098981236602266,3.857142857142856,0.8454545454545455,7.0,18.0,,,,D02,,,
SERC_050,SERC,19.95779543263572,0.7076615103224994,-0.1733874842992278,6,29.140754427228654,0.6200833618517737,0.1838631653999534,6,1.3818496827568327,0.037493340839968,0.0060546630199981,6,6.977705806493759,0.488508405221785,0.0763240723866518,6,0.0476617593971501,0.0144941654040129,-0.0027946682576704,6,5.970815332872527,0.5891196800835635,0.1565861890401541,6,0.3079687009698578,0.0424539796989838,0.011250158915956,6,0.1688557299785316,0.0248775417978784,0.0065717264141202,6,0.8575414546898433,0.0397620007484819,0.0109391164184953,6,2.985905804804393,0.1197172608656093,0.0319896278894535,6,3.345708353178842,0.3963095335488051,-0.0021486555146796,6,27.203952533858164,0.2411227885658262,0.063542183471902,6,14.670254644538677,2.887916260075801,0.5931032950501272,6,6.492572611492577,5.540983606557376,0.9430521091811416,9.0,52.0,0.6340042207579657,0.2700091575091575,0.1704478782443774,D02,0.6845333333333332,0.4897301587301586,0.0965452399452399
SERC_051,SERC,16.538786360195704,0.923115688003044,-0.2405704199733221,6,24.847294211387634,0.4988141264281272,0.1381952048951735,6,1.414372029049056,0.0465757427352149,0.0117929412110504,6,6.352688919220652,0.4019871680397245,0.0879289412979588,6,0.0450642986626397,0.0074609069170636,-0.0006345605112979,6,5.639965025441987,0.464265837440557,0.1271293287587273,6,0.3496458298925842,0.0483246598181978,0.0137253993570871,6,0.1909425347777349,0.0298912458501842,0.008452688219577,6,0.8669928525175367,0.0424087922455519,0.0115622993007369,6,2.816826215812138,0.1117277693852015,0.0296792179479727,6,3.047632150352001,0.3548900596569083,-0.0591076368073444,6,23.26405312333788,0.2275136933199963,0.0189167354673548,6,20.18690380879811,5.265151849937758,1.4181645537972989,6,8.015903265568925,6.813084112149534,0.982154882154882,10.0,54.0,0.8025560931947423,0.6496489621489621,0.0663600169643275,D02,0.8348,0.7309396825396828,0.0489255929255929
SERC_052,SERC,23.95714933531625,0.7888289672085769,-0.0464537779846533,6,34.66764189515795,0.9621460456371348,0.2917266466692425,6,1.3713844386594636,0.048603504541102,0.0095465228696575,6,8.720170600073677,0.8528626359555782,0.2003780883390273,6,0.0087481083668795,0.0056384853718871,0.0008885677075157,6,8.498226821422577,0.7727323540187169,0.1848117109772336,6,0.3585791241909776,0.042153203228665,0.0084288283397397,6,0.1920253504732889,0.0255722375228545,0.0050704904848651,6,0.8659986151116235,0.0300564578517133,0.0074502218330922,6,2.970309608748981,0.122880093227814,0.0362805806000136,6,4.756265878677368,0.7099517439932295,-0.0965681829460533,6,32.9880850485393,0.6666258720993187,0.1988299809763784,6,14.031480582697052,3.539702074551112,0.6229327546574611,6,4.710646438498072,4.175257731958763,0.978743961352657,6.0,45.0,0.6006722840858181,0.3032051282051282,0.134716012996556,D02,0.6194666666666665,0.3696888888888889,0.1175918377918378
SERC_053,SERC,26.4999555179051,0.9295101018654692,-0.2146364268700638,6,37.29080251285008,0.7005044845913211,0.2114464718130137,6,1.353127316704818,0.0437513698742378,0.0103447942288734,6,9.165888445717949,0.8075949795145786,0.1924873605838271,6,0.0129610270191083,0.0046974024079243,-5.1716061318376745e-05,6,8.748688289097377,0.8228156388702765,0.2147715770610245,6,0.3326031493821314,0.0421482046957151,0.0109083231083313,6,0.1750984655560127,0.027040910741775,0.0070890270219489,6,0.8440439993781703,0.0407706316316444,0.011038764960429,6,3.066498515861375,0.1276847997954726,0.0335171509350361,6,4.538567987935884,0.4797595519603029,-0.0379669274717168,6,35.77394018854414,0.4438751988775805,0.1183198711797261,6,10.679530251239028,2.2761618171354323,0.4168481478308884,6,5.089445402176399,3.780104712041885,0.922449930135072,8.0,38.0,0.5625203443303719,0.2823260073260073,0.1428996362849661,D02,0.5998666666666667,0.3691841269841269,0.1256755466755466
SERC_054,SERC,25.51265973704201,0.6681670836192396,-0.1042467339691025,6,37.92622808047703,1.2977660993220557,0.1380655257691182,6,1.3064301258751323,0.0364126062892676,0.0072523161200931,6,7.4292740396090915,0.7282847415709662,0.1648614360478961,6,0.0220283721130596,0.0074022073882939,-0.0002504427548291,6,6.717453896999359,0.629120848257791,0.1651617093471133,6,0.269145087338984,0.030591297788116,0.0076097601110057,6,0.1417258366543267,0.017263953629387,0.0042213660418452,6,0.8210142829588482,0.0275181248031007,0.0074713056898705,6,3.106568302427019,0.1454534907453369,0.0417901559194107,6,4.09524454069989,0.54592556439788,-0.0631146414430954,6,33.48482865946634,0.4308382345772087,0.0417968633463564,6,7.946026370860636,2.1065482926708805,0.4181790804728498,6,4.603185477292624,3.7604166666666674,0.9500674763832658,7.0,38.0,0.5560770433618292,0.3013736263736264,0.1272452786027446,D02,0.602,0.3868666666666666,0.1167278943278943
SERC_055,SERC,19.16607173000063,1.2055947101969655,0.3670973670856836,6,32.25055117266519,0.664292832228804,0.1707128395948709,6,1.356192090681621,0.0462638985837341,-0.0132420758796112,6,6.4774313398769925,0.4527102911447756,-0.1139508155028381,6,0.0086070887692975,0.0061786247034614,0.0014821301598211,6,6.297528671366828,0.5515638665026091,-0.1592552109617289,6,0.3430853879877499,0.0533619468125047,-0.0159483329568375,6,0.1901455514266022,0.0293159076476369,-0.0087366754986813,6,0.8390994002776486,0.0099153460795835,0.0010937588047152,6,2.676906462226595,0.2120028424271839,0.0596102211173339,6,4.970330892929009,0.6587791194691013,-0.0072752256196977,6,28.81304391792842,0.393176838747352,0.0906885208837654,6,14.515478513735744,6.3490782697900885,-1.8706246298934115,6,5.024498659545666,3.834733893557423,0.9203931203931204,8.0,37.0,0.6823822097997225,0.5562271062271061,0.0736748548876436,D02,0.7026666666666667,0.5715555555555555,0.0868791874791874
SERC_056,SERC,24.61230973686491,1.27136149982862,-0.3252683501072529,6,35.35017938273294,0.6790206926800023,0.1926088314419904,6,1.3775063061288424,0.0640772304976363,0.0172955699164771,6,8.727570912667684,1.0349972134234935,0.2821543441893274,6,0.0262732292654358,0.0048810245497486,0.0004899518949284,6,7.994168805224555,1.1149024352393806,0.3179095800414748,6,0.3365586510460291,0.0636666135998961,0.01781160089985,6,0.1763791464535253,0.0378200007760467,0.0105608316794071,6,0.8279106962893691,0.0517043787716211,0.0143513020645877,6,3.013572567275592,0.1505867300734581,0.0362643403389528,6,3.5739708564111163,0.5058281155884172,-0.0842600005089969,6,33.42803977216993,0.3638589005883555,0.0794853936930943,6,13.38625376352242,4.520816015497103,1.2090247016182931,6,6.45785737751488,5.0829875518672205,0.9474903474903474,9.0,35.0,0.621749435813922,0.4164072039072038,0.1447311833862203,D02,0.6652,0.4911587301587302,0.1226003478003478
SERC_057,SERC,22.8147132737296,0.362630467790807,-0.086886193052001,6,29.799614718982152,0.7378734011816813,0.2218553929050941,6,1.2813581345336778,0.0328480916665274,0.0094701564565902,6,6.192077102405684,0.6533733867872552,0.1891470064363137,6,0.0202670130576214,0.0042654811213634,0.00047356611288,6,5.460294842720032,0.6254532395183965,0.1853999449733661,6,0.2424996786617807,0.0308606777731337,0.0091347413789063,6,0.1231718688005847,0.0162207520025903,0.004831226691896,6,0.7798267310219151,0.0383673767895574,0.0104463958753598,6,2.8743693913732256,0.2042367587175267,0.0505773139106853,6,3.9614944607019424,0.3164990906537328,-0.0619770632597363,6,28.451662387166703,0.3748174997084517,0.1079795446096514,6,7.656332656741142,2.0787559403779228,0.6165373531992928,6,5.7648880205300665,5.142857142857142,0.9201388888888888,7.0,24.0,0.8176899017467153,0.6032051282051282,0.0449340754770619,D02,0.852,0.7445301587301587,0.0370829836829836
SERC_058,SERC,19.78970386300768,1.876032130855928,0.5684211843484186,6,32.729939988681245,1.093160519031151,0.2992247010293029,6,1.3379618951252528,0.0489972869575414,-0.0137603029007334,6,6.6977322442190985,0.4596151381046347,-0.1135833334561955,6,0.0102350759547594,0.0058042578799137,0.001128576265104,6,6.396247862705162,0.5935952634122867,-0.1744177789498338,6,0.3191074019164911,0.0564268143975453,-0.0167277735896041,6,0.1732543777408344,0.0296375809851136,-0.0088097624096501,6,0.8253237892474447,0.0075190424438823,0.0006713409210668,6,2.744299576750824,0.2332203557441344,0.0696357074339828,6,4.778963927711759,0.5408626317803663,-0.0958659453442813,6,28.87662614243371,1.147668967347219,0.3422913941567254,6,12.111279428537404,8.050909694419452,-2.268086079274192,6,1.7463631977687548,1.3959390862944163,0.964297520661157,4.0,55.0,0.742056827559571,0.3429487179487179,0.1844042709427324,D02,0.7109333333333333,0.3893333333333332,0.22559518999519
SERC_059,SERC,21.096573489052908,0.6839365306178723,-0.1254588410993328,6,30.49426714011601,1.024139518811677,0.3091839102886183,6,1.4285220408013888,0.0622392292312838,0.010475189997209,6,8.06380078622273,0.8959414783940365,0.1935231242612873,6,0.078861807323327,0.0302712926708541,-0.0039089118825342,6,6.2445450233561655,1.215574550743641,0.3567339769927911,6,0.3030198785875524,0.0684055864561504,0.0196628880753879,6,0.1610009531889643,0.0359837360561229,0.0102594932092295,6,0.83547004578369,0.0367115127995386,0.0098590549716366,6,2.938610460077013,0.1635140094835126,0.0443815285916285,6,2.468942224447216,0.3291649738924448,-0.0419936597247027,6,28.447479060717992,0.6485253598477706,0.1855510358318619,6,15.731376562799726,4.195151952793249,0.782905667251803,6,4.210574040525992,3.041379310344828,0.953514739229025,7.0,42.0,0.7103026008582828,0.5043040293040293,0.1085913771999744,D02,0.7116,0.5814666666666667,0.0844969918969919
SERC_060,SERC,30.616759129932948,0.5171678815896563,-0.0123061706132418,6,41.99469484601702,0.8338499366444028,0.2328461039761257,6,1.3402232240353311,0.0307803512001922,0.004580216624277,6,9.634970605373384,0.794963274404234,0.1686449455172492,6,0.0126025120605066,0.0067384533180584,0.0001620968756029,6,9.221125151429858,0.6648945245302809,0.1600880850724575,6,0.3209956514516047,0.023141898076297,0.00436340072589,6,0.1680150866907622,0.0125192900235137,0.0021572923559211,6,0.8168196891035352,0.031289687056174,0.0083191516754873,6,2.999643568481718,0.1755641017221719,0.0466471803562523,6,4.445704784776483,0.6722933267417075,0.036421191381633,6,40.44948305402483,0.6238670796078445,0.1518112127021824,6,11.168268509874386,1.497356632284656,0.1260493202636127,6,4.936083219682799,3.629032258064516,0.9064516129032258,8.0,30.0,0.6733499508095044,0.5418040293040293,0.0746853468037083,D02,0.6946666666666668,0.5556634920634921,0.0939678099678099
SERC_061,SERC,18.05857850271902,5.3612919905845615,-1.3170900086683337,6,28.263791487918105,8.363099108273245,-1.9503477211846367,6,1.7795442853655137,0.5621665037652923,0.147988493065663,6,7.753861306068886,2.102236711717173,-0.4901848486462826,6,0.200491395231698,0.299503701672994,0.073237304910941,6,7.768503940443295,1.451482851932369,-0.3426726931982342,6,0.4601803344436538,0.0638114840480345,0.0148212416804587,6,0.2460301238172627,0.0305451130073228,0.0075906120461464,6,0.8114732315852528,0.0901163533885119,-0.0093109900981009,6,2.69980717425818,0.4190708191527706,-0.1006556032813389,6,2.230482148576756,1.034402815924094,-0.2375576078222347,6,27.463503750371725,6.285481491539914,-1.55761039926883,6,34.95553612283298,29.690431581377503,7.452423435055355,6,5.640283335111096,4.01466275659824,0.9218146718146718,9.0,37.0,0.6609093199802506,0.4417429792429792,0.1481158705944369,D02,0.6833333333333333,0.4817492063492063,0.1176633662633662
SERC_062,SERC,25.439193657466344,0.6892781239573149,-0.060198149338966,6,32.95008398805346,0.7033751210256223,0.2094371016784634,6,1.3515191227197647,0.0524104027246881,0.0041489356736163,6,8.179434418678284,0.8757015239477827,0.1418057082078916,6,0.0530710400707903,0.018981525329694,-0.0024529378727741,6,6.52553633919784,0.8251055482445967,0.1952636149031164,6,0.2613438177587731,0.0406585767183709,0.0083536646003112,6,0.1291643949890775,0.0220192485285706,0.0043327475453188,6,0.7542553025164774,0.0453273954122993,0.0120558514272284,6,2.926569953560829,0.1908868122428451,0.0478829781904883,6,3.1405000298150947,0.3602669249109804,-0.0319787106422431,6,31.513274805886404,0.5098925316745624,0.150746854431426,6,11.373988848711765,3.3855377726276075,0.2730808571448775,6,5.956236080115036,3.666666666666667,0.7897559667471172,11.0,33.0,,,,D02,,,
SERC_067,SERC,22.48816498688289,0.5861924463994937,-0.1258452176513159,6,32.47190259184156,0.5427389796043157,0.1624394553659208,6,1.3850191182323863,0.0413400059648927,0.0094268308292589,6,8.053086974791118,0.6711924656298935,0.1655578682775455,6,0.0360325165737387,0.0093026709267522,0.0009348176059787,6,7.202519444482667,0.6172592855147248,0.1658146517025515,6,0.3305925490068538,0.0333129787105755,0.0086867743622795,6,0.1787748159840703,0.0187477819291021,0.0048746217424342,6,0.8476042454796178,0.0365463896433829,0.0095184250429874,6,2.983763011438506,0.1636860116143278,0.0458745056337305,6,3.450362876057625,0.408571767669486,-0.0911762184158569,6,31.045403753008163,0.2423925832609124,0.0414371081531849,6,13.666141015610524,2.5233319180198794,0.5555668334923519,6,3.8137464950150366,2.467153284671533,0.93368700265252,7.0,26.0,0.7682532203432475,0.6086996336996338,0.0411642342072206,D02,0.8096000000000001,0.7027555555555554,0.0464884004884004
SERC_073,SERC,23.412807617868697,0.8570472258724382,-0.2039374471245325,6,31.840064525604248,0.774746622857321,0.2341353797057284,6,1.3511868023446627,0.051883460222829,0.0124173575318982,6,7.644618117383549,0.8812331400201054,0.228134863713397,6,0.0391452780084884,0.0087887811298267,-0.0001064157516057,6,6.45787527518613,0.9599046159890656,0.2678518759028259,6,0.2848223285483462,0.0508149390774404,0.0138536909555456,6,0.1479103053321263,0.0296035189845694,0.0080419583136483,6,0.810494425041335,0.0558961232181583,0.0159101783811645,6,2.960468019757952,0.1967992948155165,0.0524053431947135,6,3.3465148136019707,0.3444495017930805,-0.0639670876443653,6,30.36518609523773,0.4356517510338327,0.1260946350247336,6,11.327926968357392,3.13417712498674,0.7565585258395952,6,8.740893546646882,7.31645569620253,0.9168067226890756,11.0,34.0,0.6790557933875362,0.2927045177045176,0.2211993283766324,D02,0.7294666666666666,0.4897619047619048,0.1395977392977393
SOAP_001,SOAP,14.040696286596358,0.4790222286207297,-0.0658699048606602,8,32.31600372493267,0.7927526370764182,0.0259124133679959,8,1.8727526366710665,0.0332804118851228,0.0031410150222472,8,9.207669678144155,0.1441208498715058,-0.0097058900110833,8,0.2074577477178536,0.0368062171211097,0.0009631682322495,8,8.34551024576649,0.2591722278486081,0.0115204589987719,8,0.6262831785716116,0.0331905602961708,0.0024267491270173,8,0.3347520744428038,0.0194593568502995,0.0013167673388162,8,0.8344370590057224,0.0233061434069967,0.00435980250714,8,2.6537471022456884,0.0670835952890936,0.0127392289964286,8,1.2837893592659384,0.1028713266321282,-0.0138225617041966,8,26.46621786989272,0.4009882454978109,-0.0566189473604893,8,54.550266586244106,1.3375760992699754,0.222899403836992,8,2.586409289858933,2.2727272727272725,1.0,3.0,10.0,0.6231117414435278,0.2473118279569892,0.1248079877112135,D17,0.5163888888888889,0.2747685185185185,0.1000033068783068
SOAP_002,SOAP,16.783506214618683,1.4490403117846995,-0.1703370271382985,8,33.31422287225723,3.2899313066096174,-0.5614888216998126,8,2.016863163560629,0.1753739778842563,0.0330915873771434,8,10.02070735115558,0.9870886357061276,-0.1661861491528478,8,0.3524133757746313,0.0835254849690543,0.0172997762673293,8,8.222988211549819,0.8135443156240717,-0.1500794829146282,8,0.5075630805222318,0.0409910870602362,0.0008523113386065,8,0.276066385442391,0.0210153821164726,-6.074140834677088e-05,8,0.8507519077975303,0.0229262181463235,-0.0002042669467292,8,2.8054203940555453,0.0878867941934276,-0.0049445494502275,8,1.0967169694340555,0.2361730763040962,-0.0515652967888901,8,29.48168542981148,2.791617593016289,-0.4614062755554168,8,57.72748776525259,5.007949434579254,0.9489840633637674,8,1.4575692649810903,1.28,1.0,2.0,16.0,0.66685467123761,0.2741935483870967,0.188479262672811,D17,0.6243055555555557,0.3006944444444445,0.174100529100529
SOAP_003,SOAP,8.864586403531334,2.209569258645153,-0.4578960038922927,8,19.428201431408525,4.923914137443043,-0.9956297004097576,8,2.2928155809640884,0.2613409680993837,0.0448154013555448,8,5.43642570800148,1.4823296920399054,-0.3020029330348318,8,0.4479676169867161,0.1208942468792513,0.0238528578000066,8,5.0066379094806805,0.9829911463551486,-0.2097341986069152,8,0.6104659657770146,0.0330952752433009,0.003950101624544,8,0.335442776675336,0.0150879562859113,0.0015634182585147,8,0.8427983162303765,0.0500787108916381,-0.0033373403417932,8,2.418231983536056,0.2947265886278243,-0.0493332184100038,8,0.7068902759951016,0.2350835957317774,-0.0486680088252623,8,16.780830866967637,4.0855619648560735,-0.8710218076263223,8,75.26875200122595,10.839967042744236,2.269611011933278,8,2.749459273997205,2.571428571428571,0.8809523809523809,3.0,6.0,,,,D17,,,
SOAP_004,SOAP,19.2733262386173,0.8749411585740724,-0.0647449475956392,8,39.218201369047165,0.8235734715457347,0.1624844752035819,8,1.7827294487506151,0.0323949195609779,0.0021439454666487,8,11.308954237028956,0.2412444148486684,-0.0108809130894648,8,0.1795612234709551,0.0299455045491432,-0.0028786596331001,8,9.665100988000631,0.233666426335401,0.0393457310395436,8,0.5621635089628398,0.0390330916099933,0.0065968672859597,8,0.3076145255472511,0.0183429126714013,0.0026821852330718,8,0.8691997160203755,0.013884649565711,-0.0013204446105329,8,3.0027461675927043,0.0589408125249382,-0.000661599825512,8,1.552473219577223,0.069879034197526,-0.0003666529195146,8,33.861123248934746,0.5264194413434128,-0.0622705481312535,8,44.78418664634228,2.6190295594410715,0.3815936456332813,8,4.190235983519267,3.769230769230769,0.8673469387755102,5.0,14.0,,,,D17,,,
SOAP_006,SOAP,13.131713897649936,3.4131083698860247,-0.6838182733034529,8,23.114862912800163,4.668839102318412,-1.0208104296929543,8,2.331697626039386,0.431120757201417,0.0791011027417502,8,6.990715254083625,1.4925205146711729,-0.3253040444030118,8,0.5401187455863692,0.155995388514275,0.0255311225928754,8,5.894566515720904,0.7104854716019049,-0.114901730468786,8,0.4549166550344682,0.0917735703322682,0.0136051818227173,8,0.2491595392754206,0.0458337732589092,0.0066089647873308,8,0.851258838846222,0.0274942884272585,-0.0004339116768088,8,2.542614033253621,0.210423222360019,-0.0462314223218818,8,0.7184113063597721,0.3630241931498578,-0.0734586782429525,8,22.11689854475018,4.5772524671804495,-0.9409482454509884,8,75.88509124517441,11.205360197853915,2.4278620475524657,8,1.0,1.0,,1.0,1.0,,,,D17,,,
SOAP_007,SOAP,7.135880519635975,1.179420173476455,-0.2669979763833491,8,14.354256507009268,1.9178424073675568,-0.4130358824560473,8,2.213359448127449,0.1154178439390654,0.021843395172595,8,4.002591754309833,0.6134179370553574,-0.1361739188208952,8,0.4630216147052124,0.0410747998340609,0.0025046785036707,8,3.092143057845533,0.2799468855964517,-0.0521438848134037,8,0.4917158125899732,0.0660800307436061,0.0149295156387177,8,0.2644950253888964,0.0293442661341193,0.0066457713345388,8,0.8075171133968979,0.0305464711015548,-0.0060498353944078,8,1.9845390010159465,0.1754706484296499,-0.0360144686915942,8,0.6845438125455985,0.130444820619651,-0.0255937476888778,8,12.045530389994385,1.6796601263420845,-0.3695955573319195,8,83.54190170764923,4.041507376850544,0.8352420824068086,8,2.0,2.0,1.0,2.0,4.0,0.7625445256248985,0.2580645161290322,0.1949308755760368,D17,,,
SOAP_008,SOAP,24.74471041932702,3.028491207266279,0.6775164264995415,8,38.75875383615494,0.3706091254951418,0.0721533534763095,8,2.071743367239833,0.1733635991465176,0.0279886109961403,8,12.61893606185913,0.3682021262307174,0.0707730008317185,8,0.397878867079271,0.0812182468115325,0.0164976769499387,8,8.593789417296648,1.1880910571854932,-0.2692515695238257,8,0.3827262559207156,0.1082092965062632,-0.0229203925440992,8,0.2070328325498849,0.0555472638717403,-0.012093905540364,8,0.8163142795674503,0.0149189918952821,0.0002552424562168,8,2.906203472055495,0.1089703003485369,0.0130760274059302,8,1.1021671308553778,0.2070764901271295,-0.0394541454106174,8,36.11932834982872,0.6336731332948969,0.1404328950055249,8,50.28957725688815,3.518596628191336,-0.3288018682876507,8,2.649351128562104,2.4615384615384617,0.9027777777777778,3.0,8.0,0.6332428939889772,0.2526881720430107,0.1085253456221198,D17,,,
SOAP_009,SOAP,3.152833346746889,0.3127026077579153,-0.0663956124166983,8,5.925406213384122,0.3572238976900658,0.0631877201254124,8,2.189071892760694,0.1257018839228862,0.0221728141437302,8,1.6145413377380464,0.0870355114160396,-0.0178177400249279,8,0.5466229915618896,0.0461219177478601,-0.0087543904811173,8,1.5720855968629075,0.1489482668788766,-0.0339645639147135,8,0.4856363468752294,0.0164015204407093,-0.0011825822452999,8,0.2732226898985823,0.0091945573664829,-0.0007358807492559,8,0.8520059619576503,0.0377570359666496,-0.0077249959500943,8,1.4417252749992675,0.1138847203905356,-0.0170282369502277,8,0.4938807094765076,0.0426052528904081,-0.0072078086324951,8,5.706028136733797,0.3695332502929456,-0.0811199648580594,8,99.74143439531326,0.3760939891014262,0.07266756722161,8,1.0,1.0,1.0,1.0,12.0,0.8518933376230554,0.4838709677419355,0.278494623655914,D17,0.8191666666666666,0.4874999999999999,0.2484722222222221
SOAP_010,SOAP,3.506356948986649,0.1701038337168863,0.0055365257405184,8,8.590905668213964,0.3886150544943264,0.0867745013417185,8,2.000730995088816,0.0941770313415876,-0.0186906637431861,8,2.254450806416571,0.1188796513670283,0.0202078441525245,8,0.3532563624321483,0.0652938574052371,-0.012967815687479,8,2.0437785778194666,0.0742227155021232,0.0155747476909253,8,0.5689427047036588,0.0274119981209208,0.0011262770954732,8,0.3160131438635289,0.0138915583090885,0.0008583185081188,8,0.8632706454955041,0.0096241699548842,0.0003741654316643,8,1.4304058185645512,0.0654860131327487,0.014602572952373,8,0.6144604997825809,0.0580854378485578,0.0099287772410408,8,7.079445749521256,0.2380520250927881,0.0484477700413884,8,98.5115298628807,0.3958066832522858,-0.0911236510978446,8,1.9796263300525183,1.9600000000000004,1.0,2.0,7.0,0.8556901090379394,0.5806451612903226,0.1235023041474654,D17,,,
SOAP_011,SOAP,15.567872866988182,1.3637769426974915,-0.1783885720733169,8,35.97327941656113,1.3377269504535862,-0.2272696867361441,8,1.813156261108816,0.0654354531803176,0.013017774053343,8,9.757759984582664,0.4491481333079662,-0.0584849532958384,8,0.1659291977484827,0.0332562548310797,0.002101750948312,8,8.954982187598944,0.1876804701086794,-0.0251763067147633,8,0.6147500886581838,0.0685462505908327,0.0105256620567064,8,0.339865562855266,0.0324714461865861,0.0047827122911989,8,0.8768851906061172,0.0178153947559867,-0.0021411100546041,8,2.997999796643853,0.0799411239987885,0.0021896005959601,8,1.462799999862909,0.2280932685975028,-0.0429217763938703,8,29.579236514866352,1.7632200127035131,-0.2653052237060096,8,46.42229909449816,3.13320540841032,0.2479883280244317,8,2.074813375216431,1.717557251908397,0.9416666666666668,3.0,15.0,0.7248156651125718,0.6612903225806452,0.0533794162826421,D17,0.6879166666666666,0.6453703703703703,0.0617493386243386
SOAP_012,SOAP,8.108134665662131,3.663018454721236,-0.7713866525785592,8,12.741669423761778,6.743238111927608,-1.1683138883975637,8,2.434328766539693,0.3031286433376672,0.0274714663311525,8,3.785691767101525,1.9076799897339825,-0.3416973747213038,8,0.64954114734428,0.1622706485702301,0.0180297640722815,8,3.146299781942393,1.3211378291873188,-0.2222629474892319,8,0.4172496588644609,0.0814020813895426,0.00944433630681,8,0.2244131922629167,0.0413834179360427,0.003863316386143,8,0.7841426383162768,0.0638072643687055,-0.0010235003586967,8,2.064598187939687,0.3956711161996779,-0.0535795646007137,8,0.5442036077340096,0.342555315828307,-0.058342067245772,8,12.687046851764476,5.638445725506392,-1.133638500199642,8,81.23137553036213,15.188704271346378,2.530848168396019,8,1.0,1.0,1.0,1.0,4.0,0.7274728093730558,0.1290322580645161,0.4516129032258064,D17,,,
SOAP_013,SOAP,15.30985574098304,2.0908025263113665,-0.2736569227197686,8,28.92434612289071,3.21459613035246,-0.6025553172355419,8,2.173005606979132,0.157328258143132,0.028675060223292,8,8.447900590137579,0.8886888183894653,-0.156531607839386,8,0.4351210961467586,0.0733286802049199,0.0142340527943431,8,6.330366770969704,0.5176507476940738,-0.1144605504816866,8,0.4347896319814026,0.0453878039834265,-0.005580370606215,8,0.2372961428482085,0.0250353810674435,-0.0039349168490569,8,0.8238940732553601,0.0262184667370817,-0.0040986561127849,8,2.5884186427523432,0.123994230414509,-0.0123876500308028,8,0.9465702849461172,0.1481105116526107,-0.0201931156031194,8,25.210725349839777,2.9617803099109934,-0.500597842682798,8,59.92043593525887,6.460887550028912,0.8867529407516495,8,1.8189685116531733,1.6896551724137931,1.0,2.0,7.0,0.6988859896659868,0.2580645161290322,0.1949308755760368,D17,,,
SOAP_015,SOAP,16.053165763616562,5.828858971251061,-1.319349022598954,8,36.07777215540409,10.02685673148484,-2.171799630254835,8,1.859029014594853,0.1710588075363753,0.0379440451154599,8,10.25049351528287,2.1757088042682,-0.4688354298934802,8,0.1679147023096447,0.0573381037319567,0.0032343890713024,8,9.157779417932034,1.5576659349451485,-0.327430149038752,8,0.6590656957123429,0.1681019477311597,0.0368437801615462,8,0.3510250101680867,0.0809380715730351,0.0177267530659871,8,0.8314487293828279,0.0404891083637452,-0.0069843631879136,8,2.804429206997156,0.3468601074594841,-0.0739353710526341,8,1.340710314339958,0.5029650647951841,-0.0993776343291153,8,30.732337586581707,8.863388500012455,-1.9248354603817035,8,43.36746300756931,16.70077355650633,3.817364566080325,8,2.672196324504996,2.4636871508379885,1.0,3.0,21.0,0.6129859175299174,0.2473118279569892,0.1248079877112135,D17,0.5540277777777778,0.3092592592592592,0.1031646825396825
SOAP_016,SOAP,8.014809181493103,4.381401102534923,-0.9876162869046216,8,10.0471889852779,6.060603198088256,-1.346896546165663,8,2.6765408236533403,0.1570506840806948,0.0243218874519651,8,2.68075170883094,1.928561663588988,-0.4194806121195106,8,0.8066958611598238,0.1089664726277832,0.0185208579159907,8,2.30818653501589,1.3532257752771917,-0.2901557236434457,8,0.2981488527056561,0.0716173352671247,0.0035434146904618,8,0.1637695522232649,0.0391993212156846,0.0018772673442537,8,0.7360569854359671,0.0697141819418976,0.0007161688487953,8,1.81992007655402,0.4997439865122987,-0.1066460860064489,8,0.3538608833045646,0.1601930199551501,-0.0359859961559085,8,11.292237200906955,6.486134031858176,-1.4594466024166808,8,87.65027093887329,10.34829283359472,2.1390734893065675,8,1.0,1.0,,1.0,1.0,,,,D17,,,
SOAP_017,SOAP,8.786608883525643,3.2991468510895405,-0.8347981591562562,7,20.91729780446206,6.27436208063078,-1.510269382077715,7,2.328990487115724,0.1619042272627326,0.0250260229144606,7,5.513584049817707,1.6674251153928927,-0.4117115895469428,7,0.479281801963225,0.0465817594833444,0.0054015095017065,7,5.131291555223011,1.2080663558839595,-0.305539490823471,7,0.6285044603759334,0.1163701188971706,0.0265370634361611,7,0.3346755985658438,0.0492877600531903,0.011464723221669,7,0.8112851299966375,0.0352928993317997,-0.0076485381535396,7,2.346117494442836,0.2655057919277798,-0.0569669134946319,7,0.6284244001102967,0.2133326163028165,-0.0520550911112064,7,17.448722077906133,5.288560639349501,-1.36671385372612,7,77.8377012525286,9.034503471389185,2.2592896209113977,7,2.0867794400977164,1.6842105263157894,0.78125,3.0,8.0,,,,D17,,,
SOAP_018,SOAP,9.246904362356313,3.4018886978184275,-0.8655530475818891,7,8.96679051832429,5.687470084869,-1.3894139004522394,7,2.529415413737297,0.1553383021944053,-0.0371609558802982,7,2.501504704173255,1.7091427866013544,-0.4261814827365369,7,0.8664078379848174,0.0915955407760948,0.0214797088870137,7,2.2489231750258605,0.9935823998568648,-0.2405914361218019,7,0.2424004018216898,0.0430261038389158,-0.0051521467792579,7,0.1325921146634065,0.0236874285216649,-0.0029494259308195,7,0.666733388964417,0.1264470658452799,-0.0199600904540801,7,1.7299951434537366,0.4488507776450032,-0.0939431579262844,7,0.2596550147513743,0.1103190806119886,-0.0250377739399791,7,12.354699445146656,4.941648997687447,-1.2650624200725813,7,90.60346644265312,7.382059942359732,1.839276233245697,7,1.0,1.0,,1.0,1.0,,,,D17,,,
SOAP_019,SOAP,11.6999201936736,7.0995081436308185,-1.791112363348438,7,20.988370443029066,11.756234753442683,-2.919653098320084,7,2.457429845418249,0.5669749574799159,0.1187197500497202,7,5.82180102285929,3.609358079586173,-0.8884763748226937,7,0.576170923587467,0.2397792892666274,0.058799914746268,7,4.179327578062103,1.9768540656497413,-0.4808417485129824,7,0.415895552596166,0.1048310075205167,0.0162894091503476,7,0.225850746184144,0.0528795762111889,0.0076863080121414,7,0.7831680689640598,0.0911180943820848,-0.0157125223347323,7,2.2395117853402824,0.7381821394994684,-0.1751480057490282,7,0.6574974996227848,0.5435023431599645,-0.1361012778940067,7,18.211892583292155,10.374622967371373,-2.6089783749976085,7,70.6047768507685,26.444893288019284,6.667036566845948,7,1.0,1.0,,1.0,1.0,,,,D17,,,
SOAP_020,SOAP,13.493287133984268,3.0975776312006955,-0.6689000709263889,8,22.056472029536963,4.481185648458374,-0.9844326389146162,8,1.9831699058413503,0.230245945804663,0.0073717108837238,8,6.846794266719371,1.3649477066434186,-0.2854549095176302,8,0.359796556062065,0.0987694179957387,-0.0026783947287513,8,4.689819953171536,0.3931908346116033,-0.079453995044868,8,0.3998709217412397,0.0858978570394802,0.015713466240934,8,0.2112151760957203,0.0368769398961435,0.0073711283591662,8,0.7729766748379916,0.0501972946101545,-0.010120090591284,8,2.4790719447287946,0.256737969987364,-0.0436142126544014,8,0.9277771841152572,0.2408781708914329,-0.0483323811838688,8,19.762966585345566,3.976844583056293,-0.8769442167382937,8,54.38645017519593,10.758308952716146,2.348357372664594,8,2.749459273997205,2.571428571428571,1.0,3.0,12.0,0.6888551742064029,0.456989247311828,0.0809523809523809,D17,0.6497222222222221,0.5314814814814813,0.0521230158730158
SOAP_021,SOAP,14.295566125307232,1.3159017068339198,-0.2853720032305152,8,28.414716818369925,1.4759760910870887,-0.2846267098137686,8,1.9920039670541885,0.0438067185755758,0.0001769049971311,8,8.062413189210929,0.4795054313776963,-0.0916886121319892,8,0.3486728541756747,0.024933954913328,-0.0021408695611754,8,6.572145475191064,0.08859288212057,-0.0170485146420152,8,0.5214116198476404,0.0560707723606239,0.0126487586639814,8,0.2848856636555865,0.0249708430654847,0.0055113831176995,8,0.8652254450134933,0.0087270039289882,-9.918155836629436e-05,8,2.826727448341748,0.041016046495687,0.0039456850698999,8,1.119887719807836,0.0971738920014942,-0.0132475069221538,8,24.859458282589912,1.4750680024933671,-0.311249767636155,8,55.64488297700882,4.132871915354527,0.7996765758182194,8,2.568567607415555,2.380952380952381,0.9181818181818182,3.0,10.0,0.617772597080968,0.2473118279569892,0.1248079877112135,D17,0.5226388888888889,0.2747685185185185,0.1000033068783068
SOAP_022,SOAP,7.822052343282849,2.215237328985261,-0.4847011650475236,8,15.712906283326449,4.1435908897797,-0.8203959001211433,8,2.2630530074238777,0.1105120566235482,0.008010023886019,8,4.681702430360019,1.217553091388224,-0.2546881549992599,8,0.4826829215162433,0.0644320640260632,-0.001616608724837,8,3.8428741013631225,0.8654954063472483,-0.1446782786313358,8,0.5598344483587425,0.1141681461305258,0.0201806218903586,8,0.3041667127108667,0.0579113206009019,0.0097744061233563,8,0.8205401122104377,0.0454651186473766,-0.0042056937322572,8,2.027061910333023,0.2959110534105044,-0.0555314329859497,8,0.5588544586988671,0.1307985339111977,-0.0284283763754556,8,13.67473018541932,3.179208561739726,-0.6557835975626448,8,83.3907615840435,4.853722966695576,1.0727363298605157,8,1.7547653506033232,1.6,0.85,2.0,4.0,,,,D17,,,
SOAP_024,SOAP,10.0921224567507,2.591246330484734,-0.6266970832660845,7,19.29567970947496,5.132015993863085,-1.2504152913973434,7,2.070088422724179,0.2629919368254538,0.0672681738550846,7,5.788197193061933,1.5890120809670782,-0.3756608929077045,7,0.3942080774743642,0.1279739402438484,0.0332424151609935,7,4.6461089746361335,1.029675129951481,-0.2499661018860131,7,0.4928239030142625,0.0417687282151609,0.0079964245111996,7,0.2721567315759048,0.019367184058863,0.0036339922129086,7,0.8646641982808,0.0237587591685686,-0.0054723208427528,7,2.430648185616853,0.2567545667173389,-0.0650740945191117,7,0.9917828818111598,0.2922286145788032,-0.0772768726018851,7,17.05894276567158,4.234027670480659,-1.017441266301683,7,68.12559412206922,10.101168243752369,2.6220414032505515,7,1.0,1.0,,1.0,1.0,,,,D17,,,
SOAP_031,SOAP,9.062054905109107,3.24733788330634,-0.7308847894882774,8,23.326849710196257,5.877947608118932,-1.3067366886842957,8,2.1582553014159203,0.0763954954300586,0.0092192820839218,8,6.078181555494666,1.7689114068984462,-0.3895864175097481,8,0.3642302302177995,0.0415129130715561,-0.0042228231801314,8,5.520935449982062,1.3673387535534975,-0.2967056255131303,8,0.6593582918867469,0.1146010013233763,0.0209918312944688,8,0.3486995083512738,0.0523229658133252,0.0089189705613243,8,0.8203731093090028,0.0363336690458267,-0.0054538095494857,8,2.358352048974484,0.2763829917871711,-0.0524872061291515,8,0.816668077284703,0.1923249689466037,-0.0388471018404115,8,18.676026109606028,5.443183654886854,-1.1951301679298565,8,74.4834516197443,9.276396432338055,2.1076681834680064,8,2.724570584285281,2.258701787394167,0.980408163265306,4.0,49.0,0.6499921626123233,0.1344086021505376,0.1687660010240655,D17,0.5218055555555554,0.2655092592592592,0.1111761463844797
SOAP_043,SOAP,8.167994396481664,1.8804684242766307,-0.4145361146597831,8,17.11288680054713,4.123004014743333,-0.9241426643646052,8,2.224259676411748,0.3603561361233872,0.0739736060450623,8,4.78369063953869,1.115982984426243,-0.254457900703356,8,0.432480504445266,0.1494404932916428,0.0311457897308986,8,4.165993323735893,0.6940313113029505,-0.1587298853932558,8,0.5818892817245797,0.0808056202030559,0.0157713407397016,8,0.3100562496188407,0.0264028315631157,0.0051434015238661,8,0.8354312843022247,0.0525541452309329,-0.0108268379595803,8,2.277596752516134,0.2829938288887929,-0.061954146445744,8,0.7984185048911189,0.3610824189689151,-0.0793653437782259,8,14.79737473136435,2.944269568634591,-0.6723582904702591,8,74.52007174491882,9.936352212497084,2.265383161940016,8,4.536814842121228,4.245614035087719,1.0,5.0,66.0,0.6417546965256851,0.0736559139784946,0.2439836149513568,D17,0.5440277777777778,0.1945601851851851,0.1828483245149912
SOAP_044,SOAP,7.87443294050172,0.5084144575686642,-0.1122072225434703,8,16.027733551338315,1.287430760854887,-0.274022862136185,8,1.9037389550358057,0.1054760836278027,0.0229710173290651,8,4.3424457078799605,0.37031793378132,-0.075576164037198,8,0.2941538649902213,0.0585244599760349,0.0131079861155437,8,3.612217034678906,0.2843464708806854,-0.061939855472551,8,0.5102069254498929,0.0138472980772452,0.0008972682248991,8,0.2799732101848349,0.006351865124831,0.0001857457980811,8,0.8669359346386045,0.0106443071054603,-0.0005324196808778,8,2.2705039756006693,0.0675828518750041,-0.0071951561982586,8,1.2513217764399087,0.1605118235651086,-0.0339986332509615,8,13.59401148185134,1.003675365412445,-0.2238701415789855,8,70.8147968351841,2.9344339708142413,0.594804869519101,8,4.651721863942917,4.363636363636363,1.0,5.0,24.0,0.629136991037623,0.0736559139784946,0.2439836149513568,D17,0.6162499999999999,0.143287037037037,0.2244675925925925
SOAP_045,SOAP,6.555212878622115,0.5989583037100814,-0.1254847277705376,8,15.24680570885539,2.921807902505364,-0.6244474988024276,8,2.3459279481321573,0.3103883225499699,0.052190952756264,8,4.119100300595164,0.794377365590848,-0.1746256644273544,8,0.4746677993098274,0.1251936165186244,0.0238299279896033,8,3.7069166842848063,0.8136937729808699,-0.1649405687331437,8,0.6126952368067577,0.0687890991984839,-0.0102150917838181,8,0.31896004389273,0.0346101658229189,-0.0045015715809354,8,0.7849656245671213,0.0226050053475741,0.0010964796655588,8,1.8261334231655515,0.1648724977318616,-0.0223500580334976,8,0.6344892958295532,0.2025565010444759,-0.0386849225944353,8,12.898018030449748,2.3707234313682064,-0.4943994127206497,8,83.4184388667345,2.185281770480951,0.4427401572018414,8,2.956436102927441,2.494908350305499,0.9444897959183672,5.0,35.0,0.6695484061129735,0.0736559139784946,0.2439836149513568,D17,0.6344444444444444,0.3548611111111111,0.1021638007054673
SOAP_046,SOAP,8.888106657950473,2.0965295320964703,-0.4463971720508465,8,16.442073114565574,3.815196864928685,-0.8515645705109408,8,2.198789680376649,0.1484699767106949,0.0229545803488911,8,4.74069559405325,1.106547789043431,-0.2479466624549581,8,0.5064318061995436,0.1010641227721689,0.0216449963625635,8,3.989615970244631,0.5081662904964552,-0.096841524221801,8,0.470227038495553,0.0928986489112489,0.0050706034864326,8,0.2555391293440369,0.0479728400186163,0.0023347599950117,8,0.8146012893533213,0.0303701678924956,-0.0033393645767061,8,2.322874464910252,0.1822833662092511,-0.0152518685532076,8,0.8623429498601718,0.1518544315849666,-0.0247211788958158,8,14.974502686278097,2.758994347482401,-0.6244018398075081,8,73.83640751242638,10.046184573724888,2.136494533674376,8,3.632928962718406,3.0,0.9737237237237236,5.0,36.0,0.6186550784923179,0.136021505376344,0.2332309267793138,D17,0.5730555555555557,0.2063657407407407,0.1612092151675485
SOAP_047,SOAP,8.954991838824013,2.438543725224601,-0.5464827682984716,8,10.911972718895411,6.570546758441222,-1.5050444688556623,8,2.6156314946711063,0.2367174765523939,-0.0273916510430661,8,3.07352889093454,1.9848908970941583,-0.4559933166665205,8,0.8321185142267495,0.1392394310789628,0.0314437173683572,8,3.154509299817702,1.2735248298112696,-0.2771876013279998,8,0.3719006671197929,0.0746502557655877,-0.0136831934623625,8,0.1998226849322402,0.0393115992484688,-0.0079807794582824,8,0.7676415451365803,0.0459492888042441,-0.0076578909479492,8,2.020898572758276,0.3493580433897699,-0.0389730470898951,8,0.2525213564358117,0.1572454886471999,-0.0341595459318563,8,13.208138450189477,4.213203618622615,-0.9659351537146936,8,89.16569028794765,9.879346696165424,2.253497180160698,8,2.9069066786738817,2.8139534883720936,1.0,3.0,11.0,0.6527433764535883,0.3548387096774193,0.0964669738863287,D17,0.5715277777777777,0.3912037037037038,0.0653373015873016
SOAP_048,SOAP,11.819849450141191,0.3311612329795277,0.0339162242006849,8,25.239630909636617,1.2135280414694087,0.2667158560322092,8,2.063445497304201,0.0380070270164441,-0.0042635020730015,8,7.481594488490373,0.3072662332463114,0.0675077620889987,8,0.335923315200489,0.0524526580415391,-0.0106288254446535,8,6.479122719727457,0.5238208616961662,0.1129253669021962,8,0.5558718072716147,0.0587407000936544,0.0110632801806932,8,0.3103555453708395,0.0320485261456436,0.0059780348903379,8,0.8757412962149829,0.0281904405151597,0.0050671622474063,8,2.650081144552678,0.0894081850602447,0.0149657895314343,8,0.9869162219692952,0.0901597172038922,0.0173954787613773,8,21.87162323668599,0.924042392013391,0.2130268138867837,8,61.85642139613629,2.9848719610682104,-0.5935218087187758,8,2.2344868909094324,2.033193437619229,1.0,3.0,73.0,0.7405243720152729,0.2526881720430107,0.1085253456221198,D17,0.5677777777777778,0.3314814814814815,0.1134457671957671
SOAP_049,SOAP,10.08467821404338,1.755853509858748,-0.3860399105229058,8,18.520899325609207,3.18956295934634,-0.7055469579524822,8,2.201662446372211,0.0946112152165623,0.0142352908357485,8,5.606163572985679,1.0315843574118306,-0.2249762672330583,8,0.4594194727251306,0.0488115252783146,0.0077673233364959,8,4.50094368471764,0.8436292450105568,-0.1773980126974431,8,0.4522016370901838,0.0394954174241047,0.0013176300166709,8,0.2496311962022446,0.021230492826092,0.0006371064319483,8,0.8412366965785623,0.0308394300522758,0.001650453486421,8,2.302241574817648,0.1739392299652709,-0.024244521869498,8,0.8403511781517106,0.1266546459447973,-0.0212632845531282,8,16.672494479455054,2.85459905394564,-0.6313242972628013,8,70.59016008675098,5.065426073132368,1.143118267780071,8,3.3442527669182165,3.102564102564102,0.958498023715415,4.0,22.0,0.5916953151762705,0.1344086021505376,0.1687660010240655,D17,0.5605555555555556,0.2881944444444443,0.0980346119929453
SOAP_050,SOAP,5.821259267628193,0.3253598972378448,-0.0681028067170678,8,9.964743565768003,0.1813598513017371,0.0246298040176655,8,1.72036761790514,0.0601936623411422,0.0118841248470264,8,3.0741317588835955,0.1611836252591495,0.001351511976621,8,0.2352848611189983,0.0349796484942619,0.0026655133587081,8,2.309107152745128,0.1457635380187939,0.0331448594162294,8,0.4202452098252252,0.0473595790234223,0.0104163338283861,8,0.2352708969847299,0.0277399896419328,0.0061879187213579,8,0.8747248933650553,0.0208844199504186,0.0042224467449539,8,1.8175938725471497,0.0555479480793388,0.0104920442875202,8,1.2209278740920126,0.1517325056429724,-0.0263396034108566,8,8.924554631114006,0.0957796765346017,0.0009851643034407,8,93.16109076142313,0.6897199067718837,0.0253540195144332,8,1.778475356177588,1.4897579143389197,1.0,3.0,80.0,0.8577653910271954,0.3494623655913978,0.1127496159754224,D17,0.7558333333333331,0.5043981481481482,0.1093121693121693
SOAP_051,SOAP,2.127392176538706,0.1493613649692758,0.0286460491689714,8,4.645536931231618,0.295153384977311,0.0605993276691293,8,2.2355151418596506,0.1100940521112925,0.0205127855052461,8,1.1578807010082528,0.0543328830043534,0.0054884510155808,8,0.5683454879908822,0.0337028708121558,0.0039950202636838,8,1.1168581972597167,0.0377773256685704,0.0058194671406059,8,0.4567783159436658,0.0234261139062398,-0.003420677585145,8,0.2512537320144474,0.0109276427480469,-0.001382118928152,8,0.7938081400934607,0.024184681642292,0.0003444559413481,8,1.0245283225196458,0.1059779283161179,0.0084984718420052,8,0.2443604497613399,0.0660172148631472,0.0027586339250798,8,3.957433560397476,0.1623626171891992,0.0274345186446701,8,99.35886311531068,0.1878932974980716,-0.0130786170233954,8,1.4575692649810903,1.28,1.0,2.0,16.0,0.8071865324652001,0.4354838709677419,0.1615975422427034,D17,0.77625,0.492361111111111,0.1460185185185185
SOAP_052,SOAP,15.335695597431844,3.812159190757,-0.8953543596852213,8,28.710963788675144,8.343043860680643,-1.8009879399292372,8,2.1174645805731416,0.3594934468340369,0.0719482680266206,8,8.075948558893288,2.249806958192885,-0.4935903181897586,8,0.4154792879999149,0.1879531743821614,0.0392035809608905,8,6.906327311179761,1.2217159673074929,-0.2588778253557306,8,0.4916964545890334,0.0521342177904042,0.0102554209137563,8,0.2677230739557195,0.027446909068873,0.0050945525794483,8,0.8300799823100014,0.0525181376740212,-0.0102951659626842,8,2.7370602815442067,0.2998349462595859,-0.0622544296066346,8,1.0728902774157842,0.4596434562435533,-0.1028583059189788,8,25.932230978365983,6.419205850477322,-1.4609303570020922,8,58.81425593420863,19.03566014551204,4.315787602383812,8,2.985889154476431,2.6473829201101924,0.969758064516129,4.0,31.0,0.6174177165624646,0.3010752688172042,0.1273937532002048,D17,0.5619444444444445,0.3629629629629629,0.0940961199294532
SOAP_053,SOAP,5.2306540815259535,2.7646708760975938,-0.5831910758286833,8,10.353875382221304,5.736491729256647,-1.306423805671762,8,2.451200006529689,0.1930574976422601,0.0350314477930317,8,2.6477488954988075,1.778233925594586,-0.4081672718332431,8,0.6893961111782119,0.2089467168614096,0.0465649591322551,8,2.7953738452135752,1.344672460649499,-0.3020978815060824,8,0.557736293920495,0.1135675388095291,-0.0114301613998668,8,0.2861114527222305,0.0654831364564274,-0.009241761102371,8,0.7522566002815785,0.0681725803155138,-0.0122244455872967,8,1.8960520894768147,0.3305649667456175,-0.0691088518962573,8,0.3782086306677748,0.2770469926242585,-0.0633939830802858,8,9.570766784589615,4.7082039482475615,-1.0455839421695414,8,89.37785232067108,10.202058673631576,2.3318138819437726,8,2.181757576064428,1.7999999999999998,1.0,3.0,21.0,0.732410646473422,0.3548387096774194,0.0964669738863287,D17,0.7452777777777778,0.4395833333333333,0.0759523809523809
SOAP_054,SOAP,6.922182693535632,3.1539229703094893,-0.6909681390919754,8,11.41787092888262,7.12023587215636,-1.2881257488113549,8,2.4264703821390867,0.2969426261339006,0.0634744517109892,8,3.328081793442834,2.2133827445436864,-0.3993508503818931,8,0.673409633745905,0.1939863395782233,0.0313659242104489,8,2.6584886737779017,1.560877580648729,-0.315213502840152,8,0.4150864345003025,0.0432717291226499,-0.0045657592778576,8,0.2297222935777178,0.0256969449989412,-0.0031418642506586,8,0.7909394181900091,0.0667082022515002,-0.0065944192064163,8,1.735391021931939,0.5429831532067815,-0.1097871229833603,8,0.4513142555902819,0.3423711795717327,-0.0691136782534957,8,10.888939266761934,5.8875405281134405,-1.2271091727900765,8,85.80616648495197,13.66927055288115,2.6567080561463183,8,2.3011983598728727,2.1572327044025155,1.0,3.0,49.0,0.6776219768471562,0.2526881720430107,0.1085253456221198,D17,0.5498611111111111,0.3298611111111111,0.1173015873015872
SOAP_055,SOAP,6.2915450357832015,1.930410725572556,-0.4205865190738254,8,12.268636665306984,3.59880053344028,-0.7692462216551836,8,1.9260808676481247,0.0955612597029676,-0.0049029176418965,8,3.5270992539590225,1.1088123449633098,-0.2401255725932357,8,0.3263801618013531,0.0317313013494661,0.0005453200675211,8,2.897992074955255,0.8443126316763374,-0.1810694361390831,8,0.469515536329709,0.043907823060993,0.000181845288623,8,0.2610020295833237,0.0180120225057809,0.0001809977911397,8,0.8656600164249539,0.0270892216498466,0.0004422728408564,8,1.878166580586029,0.1754914240172524,-0.0340749253255051,8,1.0451726600333735,0.0833894890821133,-0.008193611235892,8,10.696057302877309,3.105886597824272,-0.68150007192258,8,89.24863703548908,6.997093318464642,1.4911024080024466,8,3.063836853853049,2.262449528936743,0.9767711962833914,5.0,41.0,0.6916010600363095,0.0736559139784946,0.2439836149513568,D17,0.6430555555555556,0.300462962962963,0.1346814373897707
SOAP_056,SOAP,10.091325894026802,3.1586991612349173,-0.734089798643718,8,17.511951287160628,6.606044420583661,-1.4796118981478077,8,2.478720513172448,0.6915049843291283,0.1434707690153394,8,5.027110294860904,2.3047639763629086,-0.5166805497888295,8,0.5700463900575414,0.2541160728409048,0.0567099745744266,8,4.150868152786428,1.1071536231640724,-0.2479455622660935,8,0.4634508945782167,0.1045284828797713,0.0178396342059764,8,0.2478716711642053,0.0442069267241652,0.0071638423173103,8,0.7917626149570332,0.0769336907900433,-0.0147963286491057,8,2.185889040740828,0.4552219899591284,-0.0988445187538792,8,0.6771322867442415,0.5193910424470685,-0.1189977886571347,8,16.132890528096603,4.855713324122721,-1.1190215339898932,8,74.97332947701216,18.673766563623094,4.299396657191955,8,2.044291388452851,1.6701461377870563,1.0,3.0,40.0,0.6910764275054134,0.2526881720430107,0.1085253456221198,D17,0.605138888888889,0.3379629629629629,0.1282837301587301
SOAP_057,SOAP,11.754155822098255,4.344001336449581,-1.0039844478930795,8,23.75265104137361,5.470883890815054,-1.2405822796596062,8,2.044095109216869,0.1367566846723591,0.0273563963649151,8,7.318390612024814,1.460004493756391,-0.3319326419051405,8,0.3260344654554501,0.0585362123959702,-0.0044410944561118,8,5.910274358931929,0.2714831251926205,-0.0552279003695384,8,0.5988566093146801,0.1854520274869484,0.041703552954846,8,0.3197207593475468,0.0910480249671622,0.02054084082823,8,0.8165569042321295,0.0342046829797158,-0.00719627176968,8,2.527222797873297,0.2379698903227463,-0.0528723158999205,8,0.8270708605996333,0.2622581323236118,-0.05409842698571,8,21.012387041002512,4.7560264326033135,-1.0874686795133013,8,60.418612610548735,13.368913950008745,3.0702452059682304,8,2.259596394419434,1.7041420118343191,0.9616666666666668,4.0,24.0,0.6651500308088487,0.1344086021505376,0.1687660010240655,D17,0.6475000000000002,0.2885416666666666,0.1195238095238095
SOAP_058,SOAP,7.64724392920132,6.501797138386226,-1.3913334804261903,8,12.232598289265296,9.930699278508348,-2.06865842140991,8,2.4447928564623,0.2606328375041768,0.0145649220477472,8,3.6173972141259583,3.560842828761696,-0.7255472977809073,8,0.7729908393230289,0.1618077421728184,0.0291999693348392,8,3.0743138520218705,1.8919168137646245,-0.4041143978363335,8,0.3751668256781262,0.042675433738178,0.0031786822923405,8,0.2054470025540791,0.0250529340579223,0.0011881926688222,8,0.7824741468597681,0.0600593567736307,-0.006520910209333,8,2.0644814281978388,0.471958186889709,-0.0823662733279183,8,0.3080260173033584,0.2718886233100374,-0.0503684644172058,8,11.934235455700277,9.03016613037887,-1.9142317796249304,8,86.02170485258102,17.775640150885565,3.501306097070734,8,2.0,2.0,1.0,2.0,4.0,0.8289786892836514,0.5161290322580645,0.123195084485407,D17,,,
SOAP_059,SOAP,8.03979207583304,2.5881963102228447,-0.5710888058523202,8,16.298768906621262,6.192249023237836,-1.3591371712380194,8,2.591671812348068,0.2697621032371274,0.0512131717246216,8,4.516655949497363,1.922183994538721,-0.4258618889060953,8,0.650705787120387,0.1689456729677843,0.0373288848501694,8,4.267347845612537,1.3211560690628812,-0.2792172147065772,8,0.5584804042483613,0.0860207822643003,-0.0074837332070661,8,0.304543823538725,0.0418880161171899,-0.0044819483816862,8,0.820494449932483,0.0400180089839527,-0.0062547758470582,8,2.086853333444225,0.2937497298137179,-0.0616973228274388,8,0.4036245536450763,0.2614145566147373,-0.0578771318099498,8,14.739012088289574,4.858467900778822,-1.0729602626822254,8,84.71422137320042,10.18514800307016,2.260039099343904,8,2.0782269626962218,1.5567567567567568,0.964506172839506,4.0,24.0,0.7299417834298106,0.2338709677419354,0.1362263184843829,D17,0.699861111111111,0.4181712962962963,0.0904828042328042
SOAP_060,SOAP,2.425518619118347,0.5481772648186715,-0.1079658006759047,8,5.519965051556937,1.6296186089274525,-0.3396676752755457,8,2.022655084729194,0.104393270407445,0.016775150556822,8,1.3733124506834429,0.4102619027112207,-0.0861174173732833,8,0.5226965947076678,0.0581616622826475,0.0109720116703061,8,1.2687820437065618,0.4572150372347892,-0.0976099560229882,8,0.4618998446821933,0.0408459053083242,-0.0074585174888906,8,0.2508939453955723,0.0172296907100381,-0.0030418965908647,8,0.8110161815179792,0.0169955249166673,-0.0008644427464232,8,1.0045033909711036,0.0882452613158711,-0.0152590332417908,8,0.522039707586333,0.2435286450043853,-0.0452620434541054,8,4.717548326722214,1.4722746695983508,-0.3052412085091285,8,99.0205255150795,1.0591853939941207,0.2213097033915935,8,2.9942466478296272,2.988700564971752,1.0,3.0,23.0,0.8449058916942256,0.6881720430107526,0.0593701996927803,D17,0.8158333333333333,0.6673611111111112,0.0593617724867724
SOAP_061,SOAP,7.569315895438194,2.488809612534352,-0.5792639035959024,8,15.219093336723745,3.0656369302530027,-0.6799897786539357,8,2.3680315110832453,0.1526923206413336,0.0108731811319862,8,4.361985781695694,1.0723472052012826,-0.2452007900807891,8,0.5413092691451311,0.0538049517808124,0.0048647559321559,8,3.602160276612267,0.4356447666480057,-0.0769462488774393,8,0.5308914970373735,0.10471826815072,0.0226315221198283,8,0.2869564431603066,0.0516871236717453,0.0108240749728907,8,0.8147971634753048,0.0407088152146359,-0.0060224371726388,8,2.1398428796575617,0.226778128416644,-0.0413886741566733,8,0.5088349410975449,0.1758786364732321,-0.0366394767774991,8,13.124065699987112,3.0146305960045146,-0.6900250286654428,8,79.49464024603367,8.9486435980908,1.9490225048991177,8,1.9796263300525183,1.9600000000000004,1.0,2.0,7.0,0.6669303963385603,0.2580645161290322,0.1949308755760368,D17,,,
STEI_001,STEI,,,,0,,,,0,,,,0,,,,0,,,,0,,,,0,,,,0,,,,0,,,,0,,,,0,,,,0,,,,0,,,,0,2.505078889441955,2.261306532663317,1.0,3.0,30.0,0.722012121638833,0.625,0.0752908549783549,D05,0.7108888888888887,0.6335185185185185,0.0634062850729517
STEI_002,STEI,,,,0,,,,0,,,,0,,,,0,,,,0,,,,0,,,,0,,,,0,,,,0,,,,0,,,,0,,,,0,,,,0,1.8327132138707352,1.710059171597633,1.0,2.0,17.0,0.7443842557289968,0.640625,0.1087797619047618,D05,0.7133333333333334,0.6555555555555556,0.070389770723104
STEI_003,STEI,,,,0,,,,0,,,,0,,,,0,,,,0,,,,0,,,,0,,,,0,,,,0,,,,0,,,,0,,,,0,,,,0,3.488499375639065,2.8805120910384074,0.978743961352657,5.0,45.0,0.6497740353181052,0.4354166666666667,0.1202519702519702,D05,0.6236666666666666,0.4398518518518518,0.1339288920955587
STEI_004,STEI,,,,0,,,,0,,,,0,,,,0,,,,0,,,,0,,,,0,,,,0,,,,0,,,,0,,,,0,,,,0,,,,0,2.601887988854916,2.2,0.9132231404958676,4.0,22.0,0.7501450780869832,0.6979166666666666,0.0591765873015873,D05,0.7474444444444445,0.7116666666666664,0.0516181657848324
STEI_005,STEI,,,,0,,,,0,,,,0,,,,0,,,,0,,,,0,,,,0,,,,0,,,,0,,,,0,,,,0,,,,0,,,,0,4.862902678733528,3.7302452316076296,0.9218146718146718,8.0,37.0,0.7249064740884982,0.3479910714285714,0.2430470571095571,D05,0.7347777777777778,0.4693518518518519,0.1841597599930933
STEI_006,STEI,,,,0,,,,0,,,,0,,,,0,,,,0,,,,0,,,,0,,,,0,,,,0,,,,0,,,,0,,,,0,,,,0,2.478534519197076,1.615141955835962,0.8457404458598726,7.0,32.0,,,,D05,,,
STEI_007,STEI,,,,0,,,,0,,,,0,,,,0,,,,0,,,,0,,,,0,,,,0,,,,0,,,,0,,,,0,,,,0,,,,0,2.58706210658053,1.843657817109145,0.9232,5.0,25.0,0.7206397677117747,0.6973958333333333,0.0557399198024198,D05,0.7146666666666666,0.7207407407407406,0.0563358986692319
STEI_008,STEI,,,,0,,,,0,,,,0,,,,0,,,,0,,,,0,,,,0,,,,0,,,,0,,,,0,,,,0,,,,0,,,,0,4.975404848168335,3.4702549575070827,0.946031746031746,8.0,35.0,0.8551920355125868,0.5531250000000001,0.1468788156288156,D05,0.8814444444444443,0.6988333333333333,0.0995774472441139
STEI_009,STEI,,,,0,,,,0,,,,0,,,,0,,,,0,,,,0,,,,0,,,,0,,,,0,,,,0,,,,0,,,,0,,,,0,3.155957394300417,2.2734864300626305,1.0,5.0,33.0,0.7171409669479879,0.6197916666666667,0.1082261488511488,D05,0.7166666666666667,0.6688888888888889,0.0821089281089281
STEI_010,STEI,,,,0,,,,0,,,,0,,,,0,,,,0,,,,0,,,,0,,,,0,,,,0,,,,0,,,,0,,,,0,,,,0,1.521285790870738,1.2547332185886404,0.9656084656084656,3.0,27.0,0.7165014750315659,0.6458333333333333,0.074549062049062,D05,0.7006666666666665,0.6274074074074074,0.0946922398589065
STEI_011,STEI,,,,0,,,,0,,,,0,,,,0,,,,0,,,,0,,,,0,,,,0,,,,0,,,,0,,,,0,,,,0,,,,0,1.7547653506033232,1.6,1.0,2.0,16.0,0.7292168859186412,0.609375,0.1186011904761904,D05,0.6953333333333335,0.6333333333333333,0.0728447971781305
STEI_012,STEI,,,,0,,,,0,,,,0,,,,0,,,,0,,,,0,,,,0,,,,0,,,,0,,,,0,,,,0,,,,0,,,,0,2.825398839345528,2.4509803921568625,0.963076923076923,4.0,25.0,0.7652281266374733,0.7005208333333333,0.0517068001443001,D05,0.7743333333333334,0.7426851851851853,0.048488455988456
STEI_013,STEI,,,,0,,,,0,,,,0,,,,0,,,,0,,,,0,,,,0,,,,0,,,,0,,,,0,,,,0,,,,0,,,,0,1.2775319170740629,1.1421319796954317,0.9416666666666668,2.0,15.0,0.7201517707134952,0.640625,0.1087797619047619,D05,0.7061111111111111,0.6200000000000002,0.1057072310405643
STEI_014,STEI,,,,0,,,,0,,,,0,,,,0,,,,0,,,,0,,,,0,,,,0,,,,0,,,,0,,,,0,,,,0,,,,0,3.912631016434835,3.141104294478528,1.0,5.0,32.0,0.6661496074583897,0.4645833333333333,0.1044224872349872,D05,0.6675555555555555,0.4329259259259259,0.1704210357543691
STEI_015,STEI,,,,0,,,,0,,,,0,,,,0,,,,0,,,,0,,,,0,,,,0,,,,0,,,,0,,,,0,,,,0,,,,0,1.9643130446076715,1.930888575458392,1.0,2.0,37.0,0.7461205121856984,0.609375,0.1186011904761904,D05,0.728111111111111,0.6333333333333333,0.0728447971781305
STEI_016,STEI,,,,0,,,,0,,,,0,,,,0,,,,0,,,,0,,,,0,,,,0,,,,0,,,,0,,,,0,,,,0,,,,0,2.504391818580872,1.93939393939394,0.8828125,4.0,16.0,,,,D05,,,
STEI_017,STEI,,,,0,,,,0,,,,0,,,,0,,,,0,,,,0,,,,0,,,,0,,,,0,,,,0,,,,0,,,,0,,,,0,1.6071817917337037,1.3343419062027233,0.9772978959025472,3.0,42.0,0.7591106125398751,0.625,0.075290854978355,D05,0.6917777777777777,0.6181481481481482,0.0825105820105819
STEI_019,STEI,,,,0,,,,0,,,,0,,,,0,,,,0,,,,0,,,,0,,,,0,,,,0,,,,0,,,,0,,,,0,,,,0,2.618756050296107,1.8992562542258289,0.9636617749825296,6.0,53.0,0.6839344017613981,0.6088541666666667,0.0744345931845932,D05,0.6582222222222222,0.5755370370370371,0.110577441077441
STEI_021,STEI,,,,0,,,,0,,,,0,,,,0,,,,0,,,,0,,,,0,,,,0,,,,0,,,,0,,,,0,,,,0,,,,0,1.0,1.0,1.0,1.0,4.0,0.9868329868329868,0.9375,0.0451388888888888,D05,,,
STEI_022,STEI,,,,0,,,,0,,,,0,,,,0,,,,0,,,,0,,,,0,,,,0,,,,0,,,,0,,,,0,,,,0,,,,0,1.6493848884661175,1.4705882352941173,0.8666666666666667,2.0,5.0,,,,D05,,,
STEI_023,STEI,,,,0,,,,0,,,,0,,,,0,,,,0,,,,0,,,,0,,,,0,,,,0,,,,0,,,,0,,,,0,,,,0,,,,,,,,,D05,,,
STEI_046,STEI,11.53959298985345,0.3749007358173761,-0.0660698136589566,7,19.271468707493373,0.5231633270652204,0.1265542277547179,7,1.519423013286931,0.0444177633915831,-0.0119789135871363,7,5.390530699065754,0.302783004468504,-0.0791767135140348,7,0.0934618588071316,0.0475238556211361,-0.0124260150277834,7,4.4533161010061,0.1761561028757126,0.0393141515125505,7,0.3907756077657853,0.0265167164657288,0.0053555629231402,7,0.2154787096327969,0.0186651024719734,0.0038721639182052,7,0.900119563298566,0.0280266108976354,0.0062585093813841,7,2.629584621105875,0.073529824439398,0.016472805993723,7,2.0908089402530874,0.3240828602169842,0.0887221200162636,7,17.201927406447275,0.1568844593376802,0.0379499653812314,7,37.13653416293008,1.5584086236586652,-0.0534112827211129,7,3.383830059321524,3.083588175331295,0.964297520661157,5.0,55.0,0.7400217003928067,0.5223958333333334,0.0798727314352314,D05,0.756111111111111,0.5811111111111112,0.0739651274651274
STEI_047,STEI,8.594387169395175,1.3404158215421496,0.3828732361559008,7,15.927889219352178,1.907365898163664,0.5487358094971688,7,1.5020349525979586,0.055059967554127,-0.0139040098693527,7,3.908266593303,0.37773886834483,0.1055632088883001,7,0.0886986153865499,0.0412750919805113,-0.0112758713574473,7,3.2344374880194664,0.5335173279276612,0.1530015469055439,7,0.3781298155497227,0.029711261699851,0.0017986156286854,7,0.2004034777970186,0.0226197000167417,0.0022438631267057,7,0.8319148373390947,0.061705391672577,0.012710691780829,7,2.2015459409781863,0.3170940351277376,0.084885031809328,7,2.045802067433085,0.348971488279967,0.097524548911291,7,13.199000775814056,1.7336869190718691,0.5072592191520287,7,68.12449826513019,21.97584075762889,-6.416452005261282,7,1.2110203597521407,1.0740300282443882,0.964983788791107,4.0,85.0,0.7333701187801106,0.5703125,0.0671243686868686,D05,0.658888888888889,0.4988888888888889,0.1980026455026454
STEI_048,STEI,8.063076070376805,0.6499583256111001,0.1662120698783241,7,16.975964822939464,1.151798005322532,0.3307574426785844,7,1.56898345798254,0.066991484291987,-0.0184840974779646,7,4.203191658215864,0.0957107337014055,-0.0048814258064891,7,0.0973804547351652,0.0410554486405596,-0.0113703979226497,7,3.6955084603812014,0.0981665746326508,0.0232796481215074,7,0.4430134913085827,0.0247943890540996,-0.0041796262709988,7,0.2400873074906745,0.0147122111598876,-0.0011911882907266,7,0.8325610293873719,0.0563737471626808,0.0130616232493251,7,2.101529529052121,0.2644434879517979,0.0710907936187797,7,2.037726208035435,0.3299822099971111,0.0920843130023386,7,14.225568209375654,0.7543597436425498,0.2158347902605768,7,80.97214712415423,5.600606907927322,-1.374479678566339,7,2.403682806362954,1.957703927492448,0.9737237237237236,4.0,36.0,0.7237480000138781,0.6328125,0.0542297979797979,D05,0.6817777777777778,0.6002777777777778,0.0943756613756614
STEI_049,STEI,7.468862723026957,0.992764045618327,0.288672503022874,7,13.973673488412585,1.430657091718613,0.4052784417252072,7,1.545186100261552,0.0955368691369606,-0.02653285894604,7,3.522070056625775,0.151114674219747,0.0378692395008001,7,0.1163399380082929,0.0714693458665692,-0.0191740772234119,7,2.889283659202712,0.3118561849229199,0.088196516815634,7,0.3916625167642321,0.0196264382173011,-0.002576278306956,7,0.2199993204059345,0.0126612698521456,-0.0010328644802641,7,0.8859268171446664,0.0292783902347207,0.0061251485460727,7,2.190157120781285,0.183241246560374,0.0518069829272686,7,1.9762368452336108,0.4889890513601294,0.1391884313178722,7,11.777791576726097,1.243406748755659,0.3625136604074572,7,78.40328419208527,12.971542861535196,-3.74643696136162,7,2.498803539875738,1.7805634530886534,1.0,5.0,83.0,0.7205138843783774,0.684375,0.0557557026307026,D05,0.6812222222222223,0.6586111111111111,0.091347923681257
STEI_050,STEI,6.90547315137727,1.001839056287254,0.2845893693385554,7,13.203813442162105,1.525123841137333,0.4426428302511817,7,1.4899379057543618,0.0439475424384202,-0.0069017647689238,7,3.0556358716317584,0.3573297541095349,0.1008922766710891,7,0.1014910942342664,0.0296827610335763,-0.0080363473718504,7,2.3835712985268662,0.4524265891352911,0.1276610005631676,7,0.343291002924421,0.0381064541582965,0.0052692119793615,7,0.1814888015256396,0.0291922934573484,0.0046872143713818,7,0.7765355341668639,0.1005080761311042,0.0235182095746524,7,1.906165201216936,0.3858556126554442,0.103666487485781,7,1.946254295962197,0.2357348987715632,0.0552148808129742,7,10.467209833008903,1.3026584519294264,0.3794638257412637,7,90.17210841178894,10.138340454289812,-2.6245156682905604,7,2.0102835917623763,1.5365079365079366,0.9782828282828284,4.0,44.0,0.6730841609722054,0.53125,0.0694286616161616,D05,0.638,0.540277777777778,0.1074232804232803
STEI_051,STEI,12.28411090373993,0.3178453049180004,-0.0025873844985102,7,20.554048112460546,0.8376033545414174,0.2160688633801507,7,1.5139953345060349,0.0422119928724705,-0.0121965482067622,7,5.696594012635095,0.2276298888240848,-0.0630577024622041,7,0.0859121326190818,0.0394241783329108,-0.0106457211066478,7,4.798311412334442,0.1719865932888987,0.0362819661004621,7,0.3973315725369112,0.0207274731636644,0.0021646660256398,7,0.2184543013572693,0.0144262520789958,0.0018988320886417,7,0.8981561926858765,0.0262839266244183,0.00559494653564,7,2.68719405574458,0.0883683633982138,0.0221218544012699,7,2.18736462614366,0.3145498584061497,0.0901666606974894,7,18.29924878903798,0.2685472577282589,0.0772444313911141,7,36.43313414709909,2.7405538336330126,-0.687227506129468,7,2.603247198000364,1.934191702432046,0.9814949201741656,5.0,52.0,0.85511925982647,0.5656249999999999,0.0747906607281607,D05,0.8792222222222222,0.6817592592592593,0.0535400833734167
STEI_052,STEI,5.350403464266232,1.070308990830196,0.3111642592998802,7,10.406130692788532,2.253864719263863,0.6549348120928788,7,1.6605141248021806,0.1809272725734887,-0.0506536815712442,7,2.709843781377588,0.3455495973010686,0.0996447938998214,7,0.177763306822661,0.1442043100509912,-0.0397911555401896,7,2.2568219069923674,0.5208296224748091,0.1511708930226378,7,0.4340377265055264,0.0233235271450999,0.0013096718400045,7,0.2439930128332759,0.0147622863770935,0.0010029743883575,7,0.8830654881894588,0.0341993626990381,0.0071414132052879,7,1.7623828218451567,0.2987345294062682,0.0821375546625769,7,1.5368615363591485,0.6491126850527583,0.188772875905327,7,8.70645687835557,1.753764836620458,0.5121974049777281,7,94.30306008883883,6.555086947697969,-1.8260427371400303,7,3.692905608376384,2.877697841726619,0.9274793388429752,7.0,40.0,0.743830019667467,0.6155505952380953,0.0931875416250416,D05,0.7322222222222223,0.5879259259259261,0.121603415103415
STEI_053,STEI,7.524314727102007,0.8453569942377269,0.2459240934399308,7,13.689227206366402,1.4325173144210437,0.4101334029778105,7,1.5822792596050672,0.075045506942849,-0.0201229006357368,7,3.6905739648001537,0.2707267463814079,0.0757294714634047,7,0.1491154285280832,0.0713637078308821,-0.0189367114861121,7,2.829970193760736,0.4419795052832143,0.127759810018002,7,0.3802812191258584,0.0257853740788367,0.0055632732434534,7,0.2075825344238962,0.0191936692799773,0.0038416174767141,7,0.8497690914997033,0.0530435323038693,0.0113531087952681,7,2.099407502583095,0.2535337462390026,0.0657527072385686,7,1.624082120933703,0.2899075471792751,0.0796642391789765,7,11.476518520287105,1.2794143559417204,0.3733160896990143,7,81.47040035043445,13.984889955047633,-4.030385501560619,7,1.918985142656835,1.3816631130063963,0.972608024691358,6.0,72.0,0.6912053271193468,0.56875,0.0866976773226773,D05,0.657888888888889,0.6228703703703704,0.0953077601410934
STEI_054,STEI,7.531709419829505,0.9539675652884264,0.2685431088091897,7,14.795254779713494,1.2809636835998874,0.3687664198948712,7,1.4951043405703135,0.0454630405025535,-0.0088520935110625,7,3.4654284013169154,0.2462179253957105,0.065696892740785,7,0.072703626780172,0.0222476060280564,-0.0052410699486766,7,3.004691754068648,0.2756080982754981,0.0774193594354342,7,0.3962144994043878,0.0267912269967048,-0.0019498034533052,7,0.2179962129199079,0.0178800434457984,0.0001722952946409,7,0.8537253524575915,0.0526823362148169,0.0124395023115345,7,2.14968397042581,0.2376578517113258,0.0667501076689509,7,2.2022020486848697,0.2744213610470083,0.0660535439268731,7,12.565731695720128,0.9827889204255584,0.2847701582874431,7,81.4245913709913,12.991050685356171,-3.5804558821388937,7,2.8119409351400213,2.1592806679511884,0.9515187789914707,7.0,82.0,0.6889338573693289,0.5909970238095238,0.0977381993006993,D05,0.6575555555555557,0.5566666666666666,0.1104394741061407
STEI_055,STEI,7.785329218421664,1.22579856675605,0.3567844057058701,7,12.985460647514888,1.8088780337001813,0.5172475249063774,7,1.5023328363895416,0.049223338367636,-0.0121453710694293,7,3.380175717175007,0.4043407867462392,0.1123123381622746,7,0.1260355650779924,0.0378187406455553,-0.010687391902988,7,2.412924949079752,0.4642427262472102,0.1261275893871168,7,0.3114701891983194,0.0334243764216575,0.0032870133186034,7,0.1688524474988558,0.0200982816221052,0.0013330895196051,7,0.8050897499280316,0.057271364629042,0.0102607075766217,7,2.0212946560766016,0.2912369942329015,0.0762087766798671,7,1.9110666348465848,0.2248419744760173,0.0605425821220288,7,11.202431683029449,1.632466913517821,0.4745723111707655,7,80.48298645019531,16.52415101961657,-4.746253476768245,7,1.7056767757698397,1.334019557385486,0.9864916286149162,4.0,72.0,0.6802681858197706,0.5703125,0.0671243686868686,D05,0.6392222222222224,0.5512962962962964,0.1090531505531505
STEI_056,STEI,7.74227169581822,0.9323006574805884,0.2625778399285723,7,12.693813409124102,1.4766516029812091,0.420340644043,7,1.4642870788063322,0.0501494163734358,-0.0003518573481772,7,3.2794512904116084,0.4532901381275109,0.120250349299463,7,0.0974314815996747,0.0306302505559255,-0.006229726871529,7,2.4815387316048145,0.5929726394781858,0.1630788822047656,7,0.3161058427233781,0.0582366645056128,0.0114870844160771,7,0.1702949728351086,0.0379990872225011,0.0073621933187213,7,0.8026499774839196,0.1117501772829145,0.024955752725545,7,2.0099288150668144,0.3867753320988352,0.1008128499703817,7,2.1179258674383163,0.2855766600650064,0.0439261727523608,7,11.13022900904928,1.4200169928629611,0.413191604443261,7,80.92055228778294,16.621818045306476,-4.679743773624546,7,1.3807953657090632,1.1512662559890483,0.9661117717003568,4.0,58.0,0.6913067114226887,0.6484375,0.0490214646464646,D05,0.6583333333333333,0.5283333333333334,0.1757998236331569
STEI_057,STEI,7.210279745715005,1.192641503735425,0.3478701498176231,7,12.33148825594357,2.096678793704979,0.5919207467651758,7,1.493880764714309,0.0617307851155223,-0.0164953095868962,7,3.130241824047906,0.3779624352423996,0.1068119849002019,7,0.1083626709254791,0.0637809145365013,-0.0174590936078514,7,2.4392953711961,0.6327023664459975,0.1781437721210303,7,0.3366956231184304,0.0460993279765783,0.0091399193653592,7,0.1861124161763915,0.0291711401880157,0.00553801579336,7,0.8401049080171755,0.0672171102618481,0.014417429439357,7,2.0348680540919304,0.3022307864156539,0.0809041674355747,7,2.096748592598097,0.4631723757203086,0.1308178534486987,7,10.50934869476727,1.91797216012656,0.5559770792844844,7,83.77128301348004,17.221795436172975,-4.899328132144741,7,1.0768311374566166,1.028565598857376,0.9863067292644756,2.0,71.0,0.716606613443065,0.5,0.2113591269841269,D05,0.6576666666666668,0.4844444444444445,0.206358024691358
STEI_058,STEI,10.489388142313276,1.0225622839354698,0.2736477379794004,7,17.576031574181147,1.1373481662539926,0.3209491074085235,7,1.4636234204683984,0.058924136141733,-0.0162584228349513,7,4.358377758945737,0.0925612234594228,0.0091111622140055,7,0.0913816366810351,0.0393669166956841,-0.010489135754455,7,3.423713944852352,0.2439053242858971,0.0514762805408386,7,0.3265673266723752,0.032791502483338,-0.0020735691240454,7,0.1792544156445988,0.0209812237122862,-0.0012972614447372,7,0.8487832099199295,0.0437710803421069,0.006037690264524,7,2.414521603712014,0.1880068439960784,0.0471092651857704,7,2.2849191038736274,0.2954800148204884,0.0827029500629936,7,15.424052000045776,0.9639473276871278,0.278978701741969,7,49.20566064970834,16.28261885604833,-4.710128471255302,7,2.6035768813350675,2.0704441041347628,1.0,4.0,52.0,0.7031564920326943,0.6015625,0.061598124098124,D05,0.6798888888888887,0.6012037037037035,0.0966653839987173
STEI_059,STEI,6.089091550026621,0.9304758414438108,0.2722613612708987,7,12.091276926653723,1.5930748777340933,0.4549900281746856,7,1.5881203104342734,0.1290367899831828,-0.0352014567489262,7,2.968084487531866,0.1514570469842801,0.0399153925570063,7,0.1381729031480582,0.0915681946848249,-0.0238731794565492,7,2.4254699455840245,0.2494701419745424,0.0686815989157948,7,0.4058364460776959,0.0268561178078296,-0.0052055281865578,7,0.2272784863598644,0.0142694534305265,-0.0024378272288738,7,0.8535428786916393,0.0352599000806299,0.0075405183568841,7,1.909311287105084,0.2356635151156391,0.0657215912933232,7,1.8149045953261,0.5146644334870977,0.1451969126460798,7,9.961500431810109,1.2715601863143562,0.3684401362523681,7,91.1256673676627,4.670335139509802,-1.309220454731926,7,2.091980027210917,1.5903500473036898,0.9767711962833914,4.0,41.0,0.6766285773104299,0.53125,0.0694286616161616,D05,0.6364444444444445,0.5494444444444446,0.1018959435626102
STEI_060,STEI,6.03822124004364,0.607781788312234,0.1746721003876357,7,14.659261988742012,1.058903756536032,0.2913471574543929,7,1.6844458409718104,0.1142662998599529,-0.0320211575503964,7,3.3972241101520404,0.135341670314033,0.0365837804179211,7,0.1539791240356862,0.0820517848145917,-0.02254777083786,7,2.9851327373513152,0.1815593221993379,0.0482961640494768,7,0.5042664762586355,0.0288370553628977,-0.0061679591203383,7,0.2770179619214364,0.0137341028603585,-0.0022996246784192,7,0.840411585356508,0.0356955499252315,0.0088642806914009,7,1.9283363897530807,0.1747400648327803,0.0489934307283879,7,1.4127932616642542,0.3425033851192269,0.0987815810100282,7,10.90104912008558,0.7688242559878049,0.2188499518593804,7,88.73677112374988,1.7820472294202565,-0.4672252044814533,7,2.523170582974149,2.189944134078212,0.9311224489795918,4.0,28.0,0.7365223024991019,0.53125,0.0815634018759018,D05,0.6452222222222221,0.4998148148148147,0.1118500881834215
STEI_061,STEI,6.817925680960927,0.4633502076424178,-0.0946349597184873,7,17.66151817355837,0.4958125297555788,0.1156388605471517,7,1.737148438181196,0.0713869869412226,-0.0167875567328978,7,4.422910681792668,0.2683162212872494,-0.0733121395966068,7,0.1198381546585421,0.0633243087310463,-0.0162726023363724,7,4.1458936748760085,0.1616780116096027,-0.0430969068566795,7,0.602322155875819,0.0282944957956416,0.0027083451248949,7,0.3344840133296592,0.0143926762234238,0.0009864135320893,7,0.8941961047904832,0.0087606367457805,0.0014603362174429,7,2.2100493056433543,0.035148631292912,-0.0054229825551881,7,1.524101342473711,0.2430200732902881,0.0551916600556158,7,14.339730130774637,0.2677085256250989,-0.0498072192317149,7,83.09588548115322,1.6745719397273835,0.2857097597395787,7,7.501963426572074,6.545454545454545,0.8818493150684932,9.0,24.0,,,,D05,,,
STEI_062,STEI,7.145875764744623,0.9592781185428112,0.2790114624944867,7,12.514866760798864,1.407748045068132,0.3955065140225849,7,1.506487969841276,0.0410203490874875,-0.0109053334587665,7,3.1732780880161693,0.3721486515591919,0.1069973380167464,7,0.1192263773908572,0.0511279671185708,-0.0137316813877569,7,2.424974024295807,0.565747808045608,0.159083816497663,7,0.3369676083592431,0.0450734889906833,0.0095288416229524,7,0.1854617710757468,0.0304488262738093,0.0062948443400139,7,0.8385468024228301,0.082936461397517,0.0195303909465304,7,2.037616663745472,0.3226956166502975,0.0867425131718399,7,1.9587085678109104,0.2590994491105267,0.0724044227514599,7,10.519422543900353,1.523736556624247,0.4428581105026065,7,85.59544461114066,13.355975279053862,-3.8369296359234166,7,1.4575692649810903,1.28,0.9027777777777778,2.0,8.0,0.8749419431603073,0.65625,0.1384176587301587,D05,,,
TALL_001,TALL,20.20840345323085,0.4225232871387115,0.0050560025022503,8,32.304061725735664,0.5295614436917369,0.1525368879553869,8,1.513765748590231,0.0385282123910667,-0.0021686823121295,8,9.435737002640964,0.4487245829928216,0.0183239346852087,8,0.0648344563687715,0.0315856066627254,-0.0029745721522781,8,8.428603243082762,0.3463053309060143,0.055831916592953,8,0.4289642608491704,0.0235274880200342,0.0016962639343783,8,0.2358232444385066,0.013427967880824,0.0009780144474417,8,0.8891014396212995,0.0244545730618899,0.0047500490060135,8,3.052303271368146,0.1401799421439881,0.0337608517062086,8,2.5777434008196,0.4861959873509036,-0.0348028597952129,8,30.49932685494423,0.3491760154009157,0.089696495282232,8,24.485895689576864,2.5215308312966647,-0.3342208053810966,8,7.886966806002418,7.18390804597701,0.9288888888888888,9.0,25.0,0.8284680239728422,0.5369488536155204,0.141217655686853,D08,0.8543055555555558,0.7155009920634918,0.064672397546172
TALL_002,TALL,16.488118156790733,0.4046403884117325,-0.0011170549265331,8,26.23802150785923,0.4145685474101736,0.100026963151158,8,1.4225028231739998,0.0530746557679506,0.0049848097791655,8,6.376701364293695,0.6377731625000316,0.0772019884174375,8,0.0718724635662511,0.0279136140709467,-0.0004517215005555,8,5.104111886583269,0.3607569882551131,0.0892931781273851,8,0.3116823366726748,0.0266686889033445,0.0062823074851153,8,0.1716371764196083,0.0160315831287323,0.0039647151677183,8,0.8625149726867676,0.0344503180413923,0.0089281137678181,8,2.859407814219594,0.1247316228727294,0.0319555311001998,8,2.7329505290836096,0.4741878023781921,-0.0245259429805465,8,23.71738569438457,0.3452337388739463,0.0900275681373074,8,19.07908085267991,3.678607295185121,0.4596716019889349,8,6.009883879261294,3.571955719557196,0.9348484848484848,11.0,44.0,0.7491943017730907,0.506460103682326,0.1639019071870809,D08,0.7580555555555556,0.6668154761904762,0.0664176718343385
TALL_003,TALL,7.365293178485618,3.4264619668686462,-0.8701561690413361,8,8.871132660307921,1.9646139808587728,0.2854605565556575,8,2.12137642595917,0.1946724708240182,-0.0436888678568432,8,2.7774138397653587,0.5618540781574347,0.0666603112775204,8,0.655726877914276,0.2689712414621684,-0.0748500213243117,8,3.25923010743443,1.100844288849641,-0.2380684737681093,8,0.4341477695335116,0.0836435699203604,0.018461024966117,8,0.2330277227923193,0.0469277439905344,0.0117373886980189,8,0.7526415717340522,0.0742129949463134,0.0169502910238456,8,1.7701101054526156,0.3334230581481953,-0.0704101090071353,8,0.514751690734383,0.2199074745062404,0.0254441429466545,8,11.325194936511773,4.410029470814128,-1.0331567698638455,8,91.71211601793766,3.6253711153195294,0.6940851305084356,8,2.4602329762891006,2.1333333333333333,0.9027777777777778,3.0,8.0,0.8072152199291741,0.4814814814814814,0.2243960892653703,D08,,,
TALL_004,TALL,12.978573655709624,2.1087707650335226,-0.0227257853905625,8,20.04563768953085,0.4819016265923536,0.1108368033160749,8,2.209237818606198,0.2651189182488676,-0.0328814764079546,8,7.247151388786733,0.205438832632001,0.0157004880512099,8,0.4582915729261003,0.1436845694074718,-0.0171494071421606,8,5.004615668673068,1.4608169431596796,0.0372164267269219,8,0.4476140416809357,0.2049452259851216,0.0100237834127386,8,0.2264977121376432,0.1036122765246691,0.003493730338735,8,0.7189771202392876,0.0486932119295328,0.0036136841771499,8,2.021838602377102,0.2070126200435532,0.0284815425075006,8,0.6411813789309235,0.2378831850075485,0.0317900467215833,8,18.842790216207504,0.4133302573346398,0.0625052623239303,8,58.00132720917463,9.744668431887645,-1.329574120761158,8,1.9601317042077893,1.923076923076923,1.0,2.0,10.0,0.719799390397759,0.2407407407407407,0.3395705117927339,D08,0.6247222222222224,0.3020833333333333,0.225539722623056
TALL_005,TALL,21.17875427752733,1.6570540141956032,-0.4232343919886173,8,28.85416053235531,0.3452256095616422,0.0942648267109127,8,2.0444680117070675,0.2121744102742162,-0.0559395410879227,8,10.419486586004496,0.4050733690539014,-0.0583351192271371,8,0.3774230544513557,0.1142939226884746,-0.0300543075027053,8,6.19375388417393,1.5066957815646465,0.3986205314231635,8,0.3149612025881652,0.1207815299106273,0.0325655958942527,8,0.1620529610663652,0.0645927633771366,0.0172229838528,8,0.7327202267479151,0.0539449812050873,0.0140876995309416,8,2.455525191500783,0.2051449031354685,0.0500282131521053,8,1.0602479204826525,0.2833259505039799,0.0715062356828393,8,27.73683300614357,0.2203525549117516,0.0490000614140786,8,44.20505868270993,7.172642828763712,-1.7301975600608004,8,4.0,4.0,0.1428571428571429,4.0,4.0,,,,D08,,,
TALL_006,TALL,19.704404167830944,2.486536257347894,0.6444993163389037,8,30.2125785946846,0.7728208847595675,0.2284059277758972,8,1.6111629186198115,0.1084161290047551,-0.0276622690994273,8,9.869431052356958,0.4666613524364316,-0.089813994296604,8,0.1326503655000124,0.0404801672263995,0.0007089296793518,8,7.740170948207378,1.355137534969026,-0.3294104686961548,8,0.4257946513826027,0.1373620906955966,-0.0342142096174902,8,0.2253486990230158,0.07364185531289,-0.0183615117148808,8,0.8299655807204545,0.0209002922321865,0.002010662083783,8,2.8259805031120777,0.1734000670911623,0.0386007313238758,8,1.747468905057758,0.2387505432434646,0.0615737517620864,8,28.5352037101984,0.7439413214408241,0.2130513738511201,8,28.86225927621126,8.330114959326297,-2.212508179409078,8,2.971004096610005,2.380952380952381,0.82,4.0,10.0,,,,D08,,,
TALL_007,TALL,17.484273076057434,0.9803967488227,0.2898404156425361,8,24.61828899383545,1.3576354989486348,0.4109350898628043,8,1.4521348038688302,0.0688973992296105,-0.0089787685736789,8,6.6518674567341805,0.5724254192037781,0.0294797021478961,8,0.116976657669511,0.040994744544449,-0.0051922810242116,8,4.51276651956141,0.2877989380657235,0.0383715799485701,8,0.2645535692572593,0.0185230252298506,-0.0023475847702989,8,0.1413004323258064,0.008709856366226,-0.0011086717352134,8,0.81778852827847,0.0229672273732144,0.0031053679863081,8,2.749744866043329,0.1597696211556228,0.0385768793162599,8,2.3333663693629205,0.3675127532269652,0.0381266288956835,8,22.83075973391533,1.1740832373231531,0.3578503060221473,8,19.929935918189585,4.766296698492222,-0.8877612303737209,8,7.2367292539316255,6.320987654320987,0.9082236842105263,9.0,32.0,0.6823373488363589,0.2727660199882422,0.2776922837915045,D08,0.711111111111111,0.4244923941798942,0.1972800753621832
TALL_008,TALL,19.740962266922,0.5541745035531348,0.0862803769629069,8,30.941298007965088,0.6386279516468003,0.1808915560153967,8,1.444400630891323,0.0371287517300648,-0.0026452818975623,8,7.923106472939253,0.3760074697497788,0.0147760326854374,8,0.0553980540244083,0.0206762904787689,-0.0001662242548825,8,6.88327045366168,0.22774089452371,0.0031006625279759,8,0.3649389035999775,0.0225650272738511,-0.0027784672075997,8,0.199499468144495,0.012609049133908,-0.0010757931797315,8,0.8727786256931722,0.0281871432611008,0.0057748204193549,8,3.015623144805432,0.1564832673264638,0.041043386335962,8,2.989709871821105,0.426868259307655,-0.0322898031649287,8,28.735022708773613,0.3852696570079866,0.1098367656411631,8,18.94511805474758,2.8592550622299946,-0.4127431861148254,8,3.649335754063104,3.4571428571428573,0.9242424242424242,4.0,11.0,0.8914750369229149,0.7098765432098765,0.1057078119169622,D08,0.890972222222222,0.7975694444444443,0.0367106119189452
TALL_009,TALL,10.000927522778513,1.5128737616417018,-0.2990532014923223,8,18.59173564612865,0.7155069706099765,0.2103100732491291,8,2.1722990376874804,0.2310323932921441,-0.053170903435036,8,6.074708558619022,0.2014717370964278,0.0262622975546848,8,0.4073567873274442,0.1624848404727663,-0.0444061699053599,8,5.067190736532211,0.7822145187654886,0.1868704491744256,8,0.552814498252701,0.1712265552536041,0.0370504403018854,8,0.3038210835657082,0.091561992451134,0.0203075584946184,8,0.8523529279045761,0.0338927438257132,0.0081382228220145,8,2.413192370906472,0.1535501930385685,0.0405907851577004,8,0.7558080122689717,0.2500877452974447,0.0558998601329209,8,16.988449670374393,0.3617605693577892,0.0776793478128309,8,67.57016903162003,6.773901022765316,-1.476660945777702,8,3.674090247936373,3.3793103448275863,1.0,4.0,14.0,0.7877316480506779,0.3425925925925926,0.2289793962996577,D08,0.7501388888888889,0.4315972222222222,0.1562182878849546
TALL_010,TALL,22.585118293762207,0.9649880468252978,0.0626155585796884,8,30.13214400410652,0.2990765251663899,0.0830529930197535,8,1.5334836235269904,0.1041300804942684,-0.029575400029578,8,9.557830642908812,1.046423118180829,-0.2902955094940077,8,0.1553016560792457,0.0595423682485077,-0.015321830480759,8,6.217438228428364,1.0717484654654317,-0.1852510103797275,8,0.2901567785302177,0.0661537025387309,-0.0100559818578607,8,0.14712932810653,0.0323820430560347,-0.0041117183008979,8,0.7755547170527279,0.0386599519937183,0.0070933335350331,8,2.736477730795741,0.2026922789944019,0.0458751962907326,8,1.8868310102261605,0.4541893469124049,0.1235047727263531,8,28.93377301096916,0.1837559471399688,0.0142443697520209,8,22.09560233727097,6.857527218448944,-1.959934672897368,8,3.560917199219141,2.8823529411764706,0.7961672473867596,5.0,14.0,,,,D08,,,
TALL_011,TALL,19.67606668919325,1.181603490785904,0.2646552665603778,8,32.88905747234821,1.3106809544862807,0.3577042316554584,8,1.5969931073486805,0.0837140305168851,-0.0225340710557959,8,9.480247354134915,0.3923831804302872,-0.0787571251442117,8,0.1190828927356051,0.0344189932464828,-0.0082904970273764,8,7.827160185202956,0.4688407348362855,-0.0801660223228107,8,0.4380713751306757,0.0560462563307874,-0.0133157760971451,8,0.2362015445251017,0.0289004070654614,-0.0064699956074431,8,0.8551445459015667,0.0256428900829679,0.0059501635647675,8,2.9659691592678428,0.1526388602408591,0.0429748959578138,8,2.112094154581428,0.3653741623611342,0.0946839449053415,8,30.25810926407576,0.4939910421642466,0.1351696438900815,8,31.0763737000525,7.043299714208431,-1.94763389180021,8,4.389137802382906,3.9302325581395343,0.9423076923076924,5.0,13.0,0.8422494813149035,0.5425925925925925,0.1289553526395631,D08,0.823472222222222,0.6463657407407407,0.0580845389178722
TALL_012,TALL,20.463577710092068,0.5729107803104306,0.0169767606039477,8,28.652753233909607,0.4484299412063053,0.133934323497129,8,1.5890193721279502,0.0624981244050651,-0.0170829055180931,8,9.449910767376425,0.4626715929480386,-0.1004784323138267,8,0.1765462782204849,0.047349661547023,-0.012163216124354,8,6.399159021675587,0.4516688737377848,0.023134754078217,8,0.3264877275796607,0.0341301428335412,0.0005315727039624,8,0.1732212557690218,0.018393710787801,0.0008258368114074,8,0.8296316736377776,0.0308122966879773,0.006902490084826,8,2.918775882571936,0.1227132986752277,0.0304711275486794,8,1.7376172291114926,0.2299247789067378,0.0613619354685678,8,27.28141051530838,0.3232390440416307,0.0897961848964277,8,26.0858949534595,3.949722855349348,-1.06750506127816,8,4.503200128402044,4.166666666666666,0.82,5.0,10.0,,,,D08,,,
TALL_013,TALL,16.854884281754494,2.060988052303274,0.5727078287748741,8,26.325724095106125,0.5069311276117864,0.1424610113261737,8,1.7774559604004023,0.0723634642884424,-0.0164451276345523,8,9.548265527933836,0.2346457820969711,-0.020367907512566,8,0.219771928677801,0.0514150461994425,0.0084261478465952,8,7.5003897631540895,1.3611191880745197,-0.3491614597393992,8,0.4774644172284752,0.13264250117629,-0.035594649305054,8,0.2486627003527246,0.0757182620633903,-0.0205375056873963,8,0.78764673974365,0.0260997550173245,-0.0036870278853406,8,2.488296478055417,0.1294002875436235,0.0191471988773704,8,1.2974566284101456,0.1004147471299973,-0.0021356135103011,8,24.80240099132061,0.4327967622870992,0.1268924777217221,8,40.21564817428589,6.331976064892519,-1.7391108702339593,8,1.4575692649810903,1.28,0.9027777777777778,2.0,8.0,0.7654647985355102,0.4629629629629629,0.2318793346571124,D08,,,
TALL_015,TALL,25.12091239541769,0.4742166027404931,0.0787005270263786,8,36.755962401628494,0.4712536256082918,0.1253774285515481,8,1.3800324257463217,0.0367283920681746,0.0054191319343442,8,8.881602566689253,0.7795339658126716,0.1279365051668355,8,0.0508927103583118,0.0202345902942485,0.0036117989376136,8,7.323066363111138,0.2740785338275656,0.0286983204554635,8,0.296925833565183,0.0133276834308077,-0.0001819375078372,8,0.1614971506642177,0.0072785265962576,-0.0004784219256152,8,0.8490453325212002,0.0184206988474442,0.0028605308377484,8,3.160949135199189,0.1190711364029807,0.0249028146913732,8,3.078317929059267,0.5427522861949088,-0.1078869143690609,8,34.33617466688156,0.413319348513694,0.0602497592792288,8,10.106405060738323,2.1507649642455187,0.2754822542054426,8,6.334763714775765,5.785714285714284,0.9589371980676328,7.0,18.0,0.8158389198019377,0.4927689594356261,0.1320890257164767,D08,0.8294444444444444,0.6823710317460319,0.0600741966366966
TALL_016,TALL,18.705971375107765,1.494157254717972,0.0585716059291502,8,27.107367157936096,0.5084370588971828,0.1486935687184533,8,1.737716623581946,0.0971335825436712,-0.0134038273524959,8,9.686656549572945,0.4311067868736027,-0.0248526884040768,8,0.2634177400905173,0.0702579079284019,-0.00961316632805,8,6.189229937270284,1.4422126467430876,0.0284813459160331,8,0.3490517395548522,0.1140110813791778,0.0007127968404746,8,0.1809275606065057,0.0603415306652879,0.0003575353715288,8,0.7934328755363822,0.0208342095085555,0.0021547120008524,8,2.608703700825572,0.0981961652196691,0.0196878713289763,8,1.211952461395413,0.208945612668647,0.029087018059918,8,25.555636823177338,0.3527779245722563,0.0903176282204451,8,35.14358399063349,6.116631273504082,-0.8781854454583438,8,4.154241736156385,3.6000000000000005,0.8472222222222222,5.0,12.0,,,,D08,,,
TALL_017,TALL,16.674998984139947,0.7098109210982726,-0.1457398695663186,8,27.391528240637854,1.05482143856204,0.2994363150327701,8,1.6676972676068544,0.081122721410381,-0.0134879451412987,8,7.567877503606724,0.3537193307383088,-0.0606612825648818,8,0.2137388061164529,0.0769273136284382,-0.0200344539712531,8,6.370945136492983,0.400800481072274,-0.0840691376896534,8,0.4075139755349872,0.0226778242807079,0.0040623229504151,8,0.2271798748661586,0.0131760441014067,0.0023743532831904,8,0.8665323621327323,0.0289672379595656,0.0048447243688059,8,2.807388713807311,0.1116607274817605,0.0104308250410166,8,1.9990260891437563,0.2552423523906437,0.0178715958822335,8,25.996502181621533,0.9997482986893728,-0.1556733692952299,8,37.80056244321168,3.047919271847933,-0.5815598809709135,8,4.974290816944289,3.5986394557823123,0.9681159420289857,7.0,23.0,0.8155871358752921,0.7091710758377425,0.0689346480196153,D08,0.7966666666666667,0.7319907407407407,0.0540101488018154
TALL_018,TALL,20.274552941322327,0.7358020843823709,0.1292126644433838,8,26.7786108404398,0.437776117116591,0.1299715008281905,8,1.6864707889035344,0.1072115876376555,-0.0261336009395938,8,10.260641034692526,0.5755778501874136,-0.1065011605097972,8,0.2432758935465244,0.0689639587619821,-0.0156258870969963,8,6.335656684823334,0.7471150200804088,-0.087194195934548,8,0.3217559965560213,0.0477830137116567,-0.0062633382859258,8,0.1499953464372083,0.024880189281164,-0.0025678140893329,8,0.7050053488928825,0.0286750211431148,0.0043719656522912,8,2.320341487415135,0.1542221348492504,0.0344253543994462,8,1.2980237535666674,0.3030099680930656,0.070583029054665,8,25.60110652446747,0.3430538769032242,0.0998504746935403,8,32.79180785268545,6.533112935375399,-1.6005146908441648,8,1.2633812503027273,1.1327433628318584,0.9448529411764706,2.0,16.0,0.708723973783802,0.4629629629629629,0.2318793346571124,D08,0.6841666666666665,0.4631944444444444,0.2110007816257816
TALL_020,TALL,18.72234906256199,2.433695593729937,0.154803388106803,8,26.62580995261669,0.3385626162023445,0.0954623288025641,8,1.9171342914924023,0.1079333258236603,-0.0239446186934767,8,10.43787518143654,0.2998668515629418,-0.0202066086369484,8,0.3366696447483264,0.0769198464619254,-0.0111517105648023,8,6.756922614760697,2.2258296386058296,-0.1361599985093425,8,0.4058891416061669,0.1803564563880696,-0.0101387689981566,8,0.2006167212675791,0.0931170420260756,-0.0049070298686492,8,0.7022028786595911,0.0301623487411375,0.0019987909673699,8,2.214117185212672,0.1054491392047038,0.017845460775002,8,0.8843336151912808,0.1600579097871408,0.0321938824001855,8,25.46485708653927,0.3264212787355788,0.0585518840557346,8,44.52155777812004,6.095808906268696,-1.3025928423281306,8,1.0,1.0,1.0,1.0,4.0,0.833164752275331,0.2962962962962963,0.4148976537865427,D08,,,
TALL_022,TALL,17.058226190507412,0.5196895625058767,0.1096497972142915,8,26.406367108225822,0.7908735334495889,0.2287049741299204,8,1.4871629308909178,0.0894516237785288,-0.0083916788059403,8,7.164365377277136,0.7052832381339411,-0.0369030413822658,8,0.112421921279747,0.0522276427626369,-0.0057709024910455,8,5.376356437802315,0.2926085609164106,0.015861051110473,8,0.3192567672813311,0.0254782066159122,-0.0005027374613389,8,0.1750737642869353,0.0142918334996719,-0.0001504930025448,8,0.8614603807218373,0.0210262029325339,0.0035611451704533,8,2.89987825602293,0.1028667645155162,0.025914511119384,8,2.314937002956867,0.4912705128745443,0.0595070630162705,8,23.993313163518906,0.5390062640024199,0.154995257946008,8,23.11991383507848,6.487545317530064,-0.61886449155704,8,6.082855338065892,4.418181818181818,0.8573388203017833,9.0,27.0,,,,D08,,,
TALL_025,TALL,17.403632901608944,0.6364805703464964,-0.1362250590563218,8,30.596791744232178,0.6080020323816673,0.1188848349009212,8,1.5635745776817205,0.0662946226791554,-0.0109044109814752,8,8.106761142611504,0.4284946591063652,-0.077486228266224,8,0.113962866627844,0.0605886560415147,-0.01168634217716,8,6.729771057143807,0.4429135202255835,0.0442721683264574,8,0.4071229989640414,0.039554940181964,0.0061066929244736,8,0.2270384118310175,0.0226333138671952,0.0034511979297736,8,0.8703266894444823,0.0289219970715107,0.0046391547945186,8,2.924905383959413,0.1472514542744945,0.0305321243201352,8,2.1789188757538795,0.3240891110681022,0.0153286092866442,8,27.365286886692047,0.4417564037869456,-0.0763227012201223,8,28.24642221443355,4.396042586176434,-0.8217048467648447,8,7.03817994532846,5.727272727272727,0.82281284606866,9.0,21.0,,,,D08,,,
TALL_042,TALL,13.805114720016718,0.7963521548503693,-0.1167343284231991,8,21.26037891209125,0.6253732722051102,0.1821560093476895,8,1.85183659568429,0.1694274588250258,-0.0196522083724281,8,7.142636716365814,0.2977092238804324,0.005168643937087,8,0.3231849180301651,0.11460083638179,-0.0224014788800741,8,4.381621942855418,0.7071120111980317,0.1759561849431521,8,0.3503122316906228,0.0931017645125096,0.0221708988901445,8,0.1839350318186916,0.0480999782032866,0.0114068327299031,8,0.801363518461585,0.0300266183651128,0.0043096079402455,8,2.400815929286182,0.1257643927753668,0.0180303463976649,8,1.068171120597981,0.2407166943913839,0.0344611015590607,8,19.604809924960136,0.3828146297531636,0.1011365572478815,8,43.79717841744423,6.552776364877201,-0.7132483265037728,8,5.069333714884066,3.762085308056873,0.9375157470395564,10.0,63.0,0.6451721464279062,0.3657554379776602,0.2613534654070243,D08,0.6340277777777779,0.4142592592592591,0.1778237657404324
TALL_043,TALL,11.23303098604083,0.6665953813251612,0.1046355883645294,8,20.24761275202036,0.945563747900165,0.2189529880458405,8,1.9256590167060488,0.1944343820511913,-0.0254178647331283,8,6.117091212421656,0.1908526341861522,0.0123076275214926,8,0.3127833615872077,0.0959542470781151,-0.0141785970114743,8,4.887971818447113,0.354622306788824,0.0192030164753654,8,0.4613822175888344,0.0558715213560418,0.000176161479435,8,0.2562098784255795,0.030451055846008,-2.847904438939636e-05,8,0.8674491266719997,0.0166304977131422,0.002102351155076,8,2.503823305480182,0.1107961200704387,0.024653511137417,8,1.2588403169065714,0.2730792617921985,0.0521695285115098,8,18.31962847709656,0.3839712397815697,0.1057858276048765,8,58.96506152302027,7.710844750772292,-2.0811990454718345,8,4.464071884214723,3.4678178963893256,0.9583521955636034,7.0,47.0,0.70372579735986,0.3692239858906525,0.216007310288356,D08,0.7462500000000002,0.4810185185185184,0.1539163614163614
TALL_044,TALL,13.277800038456917,0.6444980530506528,0.1595875303414906,8,20.04335244745016,1.099568567013092,0.3325561136753611,8,1.6837122943252325,0.1412493646885227,-0.0208321490102697,8,6.5663967207074165,0.3803412862416116,0.0323969516809874,8,0.2365957692672964,0.0899747129365139,-0.0160583164865533,8,4.277723792940378,0.5562592561166325,0.1175644753472832,8,0.3332794825546443,0.0437506551316914,0.005054244047065,8,0.1782431259052828,0.0232361063247699,0.0029101343452308,8,0.8301068171858788,0.0338329654059578,0.0082476703272837,8,2.4878195030614734,0.1730120346690968,0.0467366495221007,8,1.4584610662423074,0.3345850953334515,0.0565157954165951,8,18.55944906175137,0.8970952075384866,0.2720815822954767,8,38.8898261487484,8.328423553249847,-1.503036621217935,8,4.05947876789144,3.3921069382558886,0.945583372697213,8.0,73.0,0.678642994021084,0.3498236331569665,0.2318307547667712,D08,0.6306944444444443,0.3896428571428572,0.1675219302302636
TALL_045,TALL,13.36730858683586,0.5627237955582512,0.0997379685881141,8,20.5921423137188,1.3784068490837365,0.3930328322173359,8,1.768210645765066,0.1412522924651245,-0.0235882689538901,8,7.01157559081912,0.3096523220942435,0.0316631880049315,8,0.2962371098110452,0.0985289959584016,-0.0208022291593266,8,4.395518567413092,0.7798132163678074,0.1695201670088632,8,0.3363756076432764,0.0635558892107756,0.0108035948805399,8,0.1750780789880082,0.03420832711964,0.0063476893500438,8,0.8070449591614306,0.0396073775834634,0.0100709954851955,8,2.394984243437648,0.1985826563733487,0.0500629131553169,8,1.1135506629943848,0.2662307849172834,0.0501901433742504,8,18.52332735061645,0.945383412529266,0.286524432728406,8,40.79990205168724,7.7474557243755635,-1.4386746031613102,8,3.721703649578109,3.3486055776892423,0.9759071980963712,6.0,82.0,0.6879241911530384,0.3771604938271605,0.2131710627152663,D08,0.6576388888888888,0.3789583333333334,0.1655176228092894
TALL_046,TALL,13.871290862560272,0.7870971068972847,0.2337947711721684,8,22.038709834218025,1.596492441180241,0.484421362860971,8,1.491531018167734,0.0605429856725539,0.0003363430898058,8,5.942442378029227,0.5594608727555668,0.1182697863381772,8,0.1133585811166995,0.0383604776137916,-0.0031597874852397,8,4.488677233457565,0.5296700206052956,0.1540807770170234,8,0.325920368428342,0.0248288522933753,0.005833705388109,8,0.1825294932932593,0.0134247620756282,0.0031288724652303,8,0.873315192759037,0.024071928425198,0.0067663432560699,8,2.6828189939260483,0.1849020587890352,0.0519334223115185,8,2.2775122951716185,0.374573183495631,0.0106685246420225,8,20.019380554556847,1.3222997307684743,0.4034651979580148,8,31.09777878969908,5.357962701420547,-0.9033540587791418,8,5.872434266227232,4.141697117336582,0.9704937381155334,11.0,101.0,0.7042173221014698,0.3247260969483191,0.2889266823202152,D08,0.6465277777777777,0.3870370370370372,0.180511810720144
TALL_047,TALL,19.59303676337004,0.6408586188941257,0.1679172357653138,8,27.91050171852112,0.983972359413,0.2943316652301158,8,1.5275753363966942,0.12545212614375,-0.013535312798266,8,8.278808139264584,0.8184427520260622,-0.0410914256895125,8,0.1549351018838933,0.0796226835661878,-0.0103717445381699,8,5.378198718652129,0.4489138740454936,0.10414787278649,8,0.2824994578259066,0.0205498712517067,0.0028960327283543,8,0.1533760855090804,0.0107396142669181,0.00135805599861,8,0.8389433124102652,0.0177514127434942,0.0039065364990787,8,2.833998069167137,0.1231534020708106,0.0300841586219647,8,1.9898246980737893,0.4572989069808382,0.0652862600577942,8,26.43786238133908,0.8066300447510735,0.2403061379972403,8,22.66636810824275,7.98098751369591,-1.0274968518936176,8,4.3259904820100505,2.867256637168141,0.9197247706422018,8.0,36.0,0.7604652527034292,0.4788800705467371,0.1385580281177116,D08,0.7568055555555556,0.6605919312169313,0.0636180254930254
TALL_048,TALL,19.15508033335209,0.6798543849805779,-0.001949021533654,8,25.1335538327694,0.522932546637276,0.1021215652981664,8,1.7377746812999249,0.123713944050312,-0.0237100245260038,8,9.27233376726508,0.4472090545410647,-0.0447764384229115,8,0.2935788797622081,0.0792194017308766,-0.0167493512570229,8,4.8643317725509405,0.9416856271459476,0.0979276232060685,8,0.265581690822728,0.0646002696324007,0.0058592202216511,8,0.1267901703249663,0.0316530120517384,0.0028930196261813,8,0.7000796785578132,0.0296399008675117,0.00446675920576,8,2.22816860023886,0.1405726100248668,0.0221640655587431,8,1.1862713776063174,0.2319617854594979,0.0418587921464035,8,23.795410469174385,0.2911880954036328,0.0859882395733179,8,34.08965627849102,7.267598873096607,-1.353411328016418,8,1.5962425904568682,1.3119533527696792,0.9688172043010752,3.0,30.0,0.6587002403564616,0.3148148148148148,0.2579792756263344,D08,0.6412499999999999,0.3446759259259259,0.2160810485810486
TALL_049,TALL,22.763309717178345,0.8415901091022935,-0.0221473633347449,8,28.752553075551987,0.4096487485293583,0.1191375685454609,8,1.6433594739064574,0.1189621435591309,-0.025302003528021,8,10.39881794154644,0.7188236713631336,-0.0395924242987656,8,0.2418372970132623,0.0723824265054975,-0.0177667613544708,8,5.4703188091516495,1.4001549651767913,0.1293297649822967,8,0.2465095541556365,0.0731052381630308,0.0064239744835522,8,0.1131188756844494,0.0332754936330675,0.003027390353988,8,0.6934746718034148,0.0217150413068899,0.0030798540016844,8,2.317900998517871,0.0730712174471714,0.0102085920178233,8,1.4132894412614403,0.2999524815247734,0.037647887162603,8,27.68800826370716,0.2923323758455554,0.0836882270835277,8,28.17954406887293,6.728200014735763,-1.3687322606427443,8,2.8110611744415355,2.2,0.8347107438016529,4.0,11.0,,,,D08,,,
TALL_050,TALL,18.11300916224718,0.4969298270488667,0.0624390921131,8,23.26889383792877,0.4122977291843572,0.1109853976954999,8,1.7812898941338062,0.1235546399866847,-0.0269020774428155,8,8.717051580548286,0.4120733686289934,-0.0354624644344756,8,0.3408920251531526,0.0741667860520241,-0.0161174654024645,8,3.779214513488114,0.583268465468252,0.0266776865407302,8,0.2132710411096923,0.0369915223267189,0.0002983727458186,8,0.1036078811157494,0.0162961558383105,0.0003099334091943,8,0.7143414439633489,0.0273290680695905,0.003111359957164,8,2.20800855755806,0.1214528606833983,0.0196358507782071,8,1.0765447535086423,0.2235110107850051,0.0451830556221269,8,22.17994727194309,0.2988698319176064,0.0839130593858696,8,37.667528711259365,7.264327487066677,-1.6304334243868348,8,1.0,1.0,1.0,1.0,34.0,0.735189063724071,0.2962962962962963,0.4148976537865427,D08,0.6929166666666667,0.3666666666666666,0.3020216049382715
TALL_051,TALL,21.98766908794641,1.5801468723556862,-0.233317936899666,8,32.43057177960873,0.3773865108904132,0.1053790681947252,8,1.733113612048328,0.0786114918592656,-0.0080135520765299,8,11.611597273498774,0.4050441996396619,-0.0793993302398611,8,0.2361693699494935,0.0658083082950298,-0.01394016282067,8,8.089255705475807,1.229230163292637,0.19168435532183,8,0.3937330355402082,0.0937622648773944,0.0146065387215608,8,0.2044257872621528,0.0506330072331956,0.0080438293182354,8,0.7894549975171685,0.0236765158228358,0.0050981921300864,8,2.72897444665432,0.1219867230525432,0.02575425273787,8,1.2663897965103388,0.1765365939929959,0.0293885213952629,8,31.19080764055252,0.1676883833916187,0.0307510476279537,8,34.28141501545906,4.711979588817364,-0.4793026248282304,8,4.999999999999999,4.166666666666665,0.6210526315789473,6.0,10.0,,,,D08,,,
TALL_052,TALL,13.554540469000738,0.7218911866822975,0.0313481071390704,8,20.426317090867087,0.6294554158919969,0.1493071334744385,8,2.039586058817804,0.1682882705957083,-0.0374637216155437,8,7.117955086752772,0.1938544772384955,0.0365451705923462,8,0.4223949740990065,0.0998853310868232,-0.0191023890823063,8,4.571748546759288,0.6382095251793873,0.0342940132022235,8,0.3520162932807579,0.0698213909753519,0.0025002282725426,8,0.1900576035880173,0.036695787923709,0.0011676675226989,8,0.8089076508457462,0.0295691750746943,0.0044112601053668,8,2.3621089162305,0.1083115709233119,0.020553325629095,8,0.8389629947739499,0.1903109876980657,0.0384848407647195,8,19.29771172851324,0.3389766668725932,0.0791193411425875,8,52.26624076068401,7.351098740201186,-1.6605696453275982,8,2.752922598358332,2.4096385542168672,0.905,4.0,20.0,0.6718392813043069,0.4135802469135802,0.2027494534030481,D08,0.6288888888888888,0.3923611111111111,0.1688455680122347
TALL_053,TALL,20.71038558334112,0.4489342029608249,-0.0552225099979139,8,30.84086111187935,0.3996299341328584,0.1027437613683073,8,1.5257705561816692,0.0381185363930154,4.32886444467535e-05,8,9.078764215111732,0.3206451878799008,-8.392612603749577e-06,8,0.1422784737114852,0.0254182456974922,-0.001556482309919,8,6.290559219196439,0.2663281354994684,0.0361347379340154,8,0.3095290709752589,0.0200975508986804,0.0025124427067964,8,0.1681120322900824,0.0119020383261415,0.0019340675692688,8,0.8533168081194162,0.02412919508827,0.0057730174970149,8,2.9709008168429136,0.102438344373815,0.0226951312391905,8,2.052169497590512,0.1909219106241312,0.0124622052582058,8,28.836779311299324,0.1602391911723099,0.0392528199194269,8,21.8285191655159,2.5880888664127064,-0.0073526831023482,8,8.892712941414912,6.942857142857144,0.7463162086818,12.0,27.0,,,,D08,,,
TALL_054,TALL,12.724005240947008,0.6871949902328116,-0.0298995456731379,8,20.40116424113512,0.4999997818354969,0.138502669354313,8,1.969689032062888,0.2215875300784252,-0.0341886874779635,8,6.795723175629973,0.2324803731698697,0.0131816668233807,8,0.3825431177392602,0.1187250332381213,-0.0237836625259089,8,4.440411860123277,0.571073218484854,0.0952712678302309,8,0.3743510949425399,0.0779685175900211,0.013188963323732,8,0.1982427235343493,0.041089467341499,0.0065838391317337,8,0.8120950292795897,0.0301954685667082,0.0053008491537208,8,2.404031495563686,0.1391546631372841,0.0310099077767044,8,0.9164184313558508,0.2531239049744783,0.0440007162545473,8,18.276713609695435,0.3387104162138316,0.0845855154059765,8,52.604803182184696,8.269408627426712,-1.8493490383302629,8,1.6493360224589075,1.30778739184178,0.9574669187145558,4.0,46.0,0.6981671781624611,0.3395061728395061,0.2299120753369119,D08,0.6388888888888891,0.3729166666666667,0.1944551667468333
TALL_055,TALL,17.85998571664095,0.6378595396072905,0.0236446589778779,8,29.62770916521549,0.4827472295496889,0.1339947088731947,8,1.572566095739603,0.0557277137441538,-0.0085349155089293,8,8.948652427643538,0.4227096414692373,-0.0804018852408222,8,0.0986446093520498,0.0331837299328231,-0.006111041684219,8,7.708825200796127,0.2366337936992903,-0.0227269362129631,8,0.4421148804249242,0.0247468512319398,-0.0007902521512569,8,0.243946339818649,0.0138943343946014,-0.0002146822716014,8,0.8924324964173138,0.0224572522282393,0.0035334505538809,8,3.00512052513659,0.0761465151695905,0.0126781032509318,8,2.127476387657225,0.3160526404196591,0.0697233383240604,8,27.49798746407032,0.3829928594327628,0.0370576861306701,8,29.060826763510704,3.681165564499285,-0.5191167167112704,8,8.190471992760571,7.170731707317074,0.9800777453838678,10.0,42.0,0.843110026787608,0.5124632569077013,0.1962892735884464,D08,0.8509722222222221,0.6759689153439155,0.1037470155117214
TALL_056,TALL,12.685196533799171,0.3896670210322936,0.0846881745056636,8,20.618209965527058,0.9280989735903784,0.0771305325234274,8,2.113275551237166,0.2034070361480596,-0.0398681271379698,8,6.7786567732691765,0.1463520110139223,0.028069611284291,8,0.4606124443234876,0.0832167770513728,-0.0162749017086595,8,4.452254945412278,0.2960171424980353,-0.0640184978063596,8,0.3663929327158257,0.0304746601972957,-0.0074401438618716,8,0.2013720272225327,0.0169290219451597,-0.004315104152858,8,0.8260328914038837,0.0244975743093167,0.0013957667492566,8,2.429862205870449,0.1057278540329926,0.0107119862916871,8,0.7803817078238353,0.1880905202335503,0.0359595136325153,8,18.73079733550549,0.2285594522163131,0.0214589659081078,8,62.30986253917217,6.640983443815709,-1.6671587069563951,8,1.1770645027988982,1.0798722044728437,0.9643874643874644,2.0,26.0,0.7113994641458744,0.5740740740740741,0.1797022935911824,D08,0.6919444444444446,0.4354166666666667,0.2467989417989418
TALL_057,TALL,17.304723143577576,0.3416989143770301,0.0386192133908279,8,27.611725136637688,0.3460078797234462,0.1006498856218112,8,1.6496686320751903,0.0953804588602213,-0.0177901438709491,8,8.358668215572834,0.3904717303924868,-0.0493487548549505,8,0.1967834521674376,0.0569480745414604,-0.0106384456401107,8,6.301978796720505,0.3088562639773504,-0.0266239038094853,8,0.3715319584589451,0.0258748613170717,-0.003254022228474,8,0.2036892195465043,0.0134391101942707,-0.0017683832658974,8,0.8711381191387773,0.0210706770150106,0.0033248287185603,8,2.8685404676944017,0.0770396802085533,0.0130869432512627,8,1.8197822978254408,0.2751202096433141,0.0466170496585621,8,25.35709857940674,0.2077915822399221,0.0276948725042836,8,32.13960371911526,5.308565027239266,-1.2327968566763978,8,6.358317388247247,3.908396946564885,0.8514187116564418,11.0,32.0,,,,D08,,,
TALL_058,TALL,19.23617997020483,0.3864354530227026,-0.073775227260908,8,31.09440745413304,0.3079995833178733,0.016463236538118,8,1.4984014444053173,0.0574126605667743,-0.0083285553726011,8,8.359016094356775,0.5669662283939331,-0.0972782531146812,8,0.1051362806210818,0.0410218608252197,-0.0070727085572716,8,6.452154938131571,0.1585541262740851,0.0276901824944007,8,0.3454682831652462,0.0134971910434967,0.0020373993194063,8,0.1907924934639595,0.0073063270208003,0.0011097983292339,8,0.8629378136247396,0.0230700700921347,0.0049188340794861,8,2.972739340737462,0.1263629564096122,0.0261773694685982,8,2.3486361992545426,0.3339984362467064,0.0514348949273062,8,28.17328232526779,0.3230747464044192,-0.0782264660117224,8,21.86645912006497,4.297133686956455,-0.7089165612831339,8,11.216314277875425,9.946745562130175,0.9556541019955654,13.0,41.0,0.7824018114799125,0.2996336996336996,0.3481016517568717,D08,0.8247222222222224,0.61395667989418,0.1344997021406335
TALL_059,TALL,20.976697996258736,0.4816436325859253,-0.1203094183503088,8,32.924304857850075,0.3433349898806228,0.0683258481336157,8,1.4854089254513383,0.0404658985479493,-0.0018139067720093,8,8.494077682495117,0.426185748999375,-0.0189203845837677,8,0.0739699547011696,0.026819484709229,-0.0037743786775226,8,7.360594090074301,0.2781941584505394,0.0218921412709161,8,0.3859258202719502,0.0229901796698613,0.0030203755791042,8,0.2076504252036102,0.0128354621039759,0.0021203206517797,8,0.842281648889184,0.031006983165738,0.007162067124959,8,2.987726777791977,0.1162153606896513,0.0248887865292608,8,2.9263027091510594,0.3264605008613587,0.0140548613550567,8,30.241010442376137,0.1658395827515849,-0.0006078792135783,8,22.53532159072347,2.471520754183425,-0.0991042821212533,8,6.270195649010706,4.2647975077881615,0.8933728248796742,10.0,37.0,,,,D08,,,
TALL_060,TALL,14.164439715445042,0.4738279035113342,0.1157366006521629,8,24.72642488777637,0.7867110896402185,0.236735863558239,8,1.5873269885778427,0.0768737977607509,-0.0029667555191282,8,6.704813668504357,0.3975693981522457,0.0219361020597273,8,0.1405360637145349,0.0517998223304762,-0.0041697253436176,8,5.303137499839068,0.2834860738227858,0.0627604953335203,8,0.3928452464751899,0.0257304042852744,0.003444936860334,8,0.2165877608349546,0.012695441801475,0.0010921601563667,8,0.8747670454904437,0.0167266254456982,0.0034668357647918,8,2.7203832808882,0.1057653905665109,0.0273445117005919,8,2.149146754294634,0.3199704430847634,0.0167697279998575,8,21.990761309862137,0.535958751205739,0.1453019084038838,8,35.584770921617746,4.770982931911745,-0.6625572907208203,8,10.343875952492253,8.395348837209303,0.9316552250190694,14.0,57.0,0.7641436372853527,0.2562568090345868,0.3673345023192716,D08,0.791388888888889,0.5358217592592591,0.1626004079435452
TALL_061,TALL,17.32438261806965,0.4639970863456602,-0.0106480828111677,8,25.29786866903305,0.4886638620291631,0.1404348088425268,8,1.787284541875124,0.1282761420598527,-0.0235857345126507,8,8.598230987787247,0.2966200346296847,-0.022020542959936,8,0.2986185980698792,0.0660533065468752,-0.0147017860349395,8,5.429072691127658,0.5025451887185793,0.0351654122239958,8,0.3319320864975452,0.0432085153702839,0.0022954574734818,8,0.1763886145781725,0.0229432400141252,0.0014485007366523,8,0.8140673791058362,0.0270919561643551,0.005545184880694,8,2.607231967151165,0.1172551580343332,0.027326299173008,8,1.2529020257061347,0.215869065785504,0.0378616752432587,8,23.7522873878479,0.2368692357887663,0.0488455952308412,8,38.37797092087567,5.881697681490481,-1.139336319941909,8,1.2507183622782252,1.1245136186770428,0.9477124183006536,2.0,17.0,0.6888193688676011,0.2407407407407407,0.3395705117927339,D08,0.6568055555555555,0.3208333333333332,0.2549093113676447
TALL_064,TALL,19.743595715612173,2.102457134194118,-0.5294335297929226,8,32.10938335955143,0.6399450951543425,-0.037570364487191,8,1.486955457367003,0.1033109792086943,0.0272735287505318,8,8.530112724751234,0.4201697797447706,0.0852595950307352,8,0.0692846669226128,0.0309293017113036,0.0079593581207448,8,7.386809445917606,0.3124125276875391,0.0696676990424651,8,0.3916777956765145,0.0713363427964801,0.0185066337832475,8,0.2142920006299391,0.0403521685134558,0.0105385388759196,8,0.8768384833820164,0.0283839086550226,0.0065899495228204,8,3.0446823723614216,0.103740624219334,0.0099249192092175,8,2.702314332127571,0.6186983332313437,-0.1677458496245,8,29.4801764190197,1.199648255582047,-0.269729162496398,8,21.57259054109454,9.349057062168397,2.4517211395133915,8,9.2910469411787,7.680851063829788,0.705989110707804,11.0,19.0,,,,D08,,,
TEAK_001,TEAK,13.153257255433571,1.1514302967284875,-0.2151067273626924,7,26.07001580750304,0.7313706139238944,0.1845559899766858,7,2.023546468998705,0.0829480325228057,-0.006900973281633,7,7.668646247924438,0.2118195870078926,-0.0059711310582665,7,0.3743426082655787,0.0860584578978838,-0.0189137067750912,7,6.4518007103176345,0.5556680888555062,0.1165923517886777,7,0.5270099558424027,0.1061125830963861,0.0244893602547189,7,0.28316889423877,0.0441098960661738,0.0101123256869448,7,0.8385365627439959,0.0236195167067172,-0.0041692984936221,7,2.718128982044401,0.0862415723003646,0.0166791470686063,7,1.0249913118591176,0.0943627734059611,0.0130729081778976,7,23.28184706870289,0.9099277558856824,0.0034317855178113,7,62.9328853573118,3.2394146203455545,-0.6348305248895219,7,2.749459273997205,2.571428571428571,0.8809523809523809,3.0,6.0,,,,D17,,,
TEAK_002,TEAK,20.74346365247454,0.7290069444857841,-0.0448457659736126,7,41.10020364182336,0.8810215493998503,-0.0539074588978171,7,1.905089525239808,0.0496551625771944,0.002428137077436,7,11.583588821547371,0.51497253623416,-0.0857544382380004,7,0.2576365367110286,0.0292291886250034,0.0014125545988837,7,9.904825625675064,0.4073575088758405,-0.0734710781570262,7,0.5378346749182258,0.024585163499846,0.003553993507821,7,0.2958116885274648,0.0079046022327142,0.000796859286551,7,0.8926502295902797,0.0137411000326515,-0.0006506112606629,7,3.200561100883143,0.061802854841466,0.005159309003066,7,1.4986190192534454,0.1367863908589606,-0.0053625944962905,7,36.30897567101887,1.548772928914137,-0.1251524340946937,7,45.30613209945815,2.8964099617760404,0.2010110933645114,7,3.424418317718416,3.0727272727272723,0.934065934065934,4.0,13.0,0.6956702944526268,0.3275862068965516,0.1509304871373836,D17,0.5892307692307691,0.3816239316239315,0.1147578347578347
TEAK_003,TEAK,9.939470957432476,0.9421931116973656,-0.2184948826264777,7,22.79278741989817,0.6618251625747086,-0.0505923563022677,7,2.1547593293445453,0.112366875768344,-0.0007280904587893,7,6.338022096880844,0.2870597270579551,-0.0686404216274569,7,0.4072872845988188,0.0663101984315855,-0.0096172795243199,7,5.68977609702519,0.128860560027854,0.0118160095053373,7,0.5757831187386598,0.0741457350290539,0.0129014029413661,7,0.3208372624857085,0.0406313506035872,0.0072444286493329,7,0.8694901876151562,0.0344016540549119,0.00712518638193,7,2.473484438977071,0.0850970088796493,0.01399527534992,7,0.9010706342024994,0.1259511552845729,0.0143825949335558,7,19.36842496906008,0.6876069445792826,-0.1653007896349182,7,74.38498973846436,2.5743800231947542,0.3811816929973488,7,2.2440223735538947,1.965986394557823,0.9477124183006536,3.0,17.0,0.7874950819653601,0.3103448275862069,0.1554112554112553,D17,0.7924358974358976,0.5021367521367519,0.0846550671550671
TEAK_004,TEAK,15.398090547748977,1.407618740423511,-0.2907433317581746,7,32.996445417404175,3.2828282591431126,-0.0431164892571028,7,2.288381656365736,0.094997070958339,0.0074014711041115,7,8.70023403795702,0.7734864877852091,-0.127725513950987,7,0.4353359396170292,0.0375008544796528,-0.0001802556987627,7,7.460843162345035,0.6630837034732047,-0.0574642159480813,7,0.5887488950310009,0.03885574125045,0.0062147741483206,7,0.3144956797893558,0.0196859184718132,0.0032131566796887,7,0.8160769790410995,0.0362410108869588,0.0077416297596533,7,2.8141933446838743,0.234863994228487,0.046813128967515,7,0.8969910429690832,0.126530462136319,-0.0090335045310818,7,26.976389697619847,2.381003065515761,-0.3135376800362482,7,59.17020435844149,3.941589173601665,0.5240721054699111,7,,,,,,,,,D17,,,
TEAK_005,TEAK,11.575587319570875,0.3750906424630936,0.0052500772081718,6,19.2318398039788,0.3160061256156283,0.1051314439371985,6,2.0268351236979165,0.0475091096500119,0.0135726201963626,6,5.874050764696828,0.1760483926257657,0.0517743599869437,6,0.4800231499830261,0.0216443132110762,0.0055120955911954,6,4.852427733059795,0.3045019843568403,0.0144614013908634,6,0.4362982961334407,0.0510001036477956,-0.0045753000729549,6,0.2423211032849928,0.0279827813886417,-0.0026255196694035,6,0.8561805423362788,0.0217080285735551,0.0026979500670343,6,2.709246445924808,0.0659898402999811,0.0195566226948038,6,1.0336030708291593,0.0765322650458766,-0.021002877955331,6,19.03058208733324,0.450913777808452,-0.0696151679470427,6,64.75389836231868,1.332038273202228,0.1378649745957326,6,1.0,1.0,1.0,1.0,3.0,0.8330881765152217,0.2068965517241379,0.4066228790366721,D17,,,
TEAK_006,TEAK,14.307301054195484,0.4112895599046236,0.0973333644342947,7,22.42111779283732,0.4105395851761781,0.0814807769565229,7,2.0782311963183537,0.1145313863537444,-0.0289407322015052,7,6.996195176882403,0.0632360383035931,0.0083208347368599,7,0.5039311913507325,0.0400002073340777,-0.0103325114093322,7,5.782950898822472,0.2841336204655735,-0.0573700503817712,7,0.4158228389462646,0.0382047981893904,-0.0080814621434847,7,0.2355321079340516,0.0210782029968869,-0.0044275463059921,7,0.8718975593849104,0.0352085162906265,0.0088200955814114,7,2.689899498102616,0.1505393285298826,0.0387538953996194,7,0.901093352357952,0.1250624742218245,0.0323707921153697,7,23.545142699261103,0.1491597362599522,0.0338237389843828,7,65.81472967352185,4.538607646407586,-1.174980580408039,7,1.0,1.0,,1.0,1.0,,,,D17,,,
TEAK_007,TEAK,7.819110144994089,0.3699432335086312,-0.056151018287974,7,16.490645995097502,0.5192081555227572,0.0929215660063319,7,2.269656483616148,0.1341049854254184,-0.0015557859230001,7,4.514433213243527,0.1846974264182778,-0.0006287496702054,7,0.5109464460983872,0.0773907742343324,-0.0106993121948454,7,3.887105505846973,0.255001784520158,0.0637719665613511,7,0.5067071721756032,0.0590032410089044,0.0144317755818267,7,0.2772895611290421,0.0284708577052954,0.0068957042719944,7,0.8167488323746338,0.0296590734299262,0.0041332779542533,7,2.2334813328421848,0.1395626440604616,0.0364666040715641,7,0.7110444180509014,0.15469121282616,0.0130000943484724,7,14.2652736492455,0.5164465877441988,0.0538613980692066,7,82.2028899533408,2.263595351257732,-0.4413436443909355,7,1.7613591211464834,1.4117647058823528,0.8472222222222222,3.0,12.0,,,,D17,,,
TEAK_010,TEAK,22.239586246865137,3.579575043463246,-0.8438030745472799,7,41.05600140775953,3.35305668409989,-0.7933753936187081,7,1.9663778830851828,0.2203180380402876,0.0528358974833552,7,12.629997785602296,1.2564603378150287,-0.3081847554863895,7,0.3066986804561956,0.0695105834789823,0.0162445697699826,7,10.359448130641663,0.3418372305130663,-0.064669652427718,7,0.5162965628717627,0.0959704275205019,0.0223019817706982,7,0.2860774045277919,0.0515203669941379,0.0119652955303822,7,0.8740369076175349,0.0171073913247424,0.000317119834415,7,3.223548635840416,0.0920955654339224,-0.0146110999245308,7,1.1959201312357826,0.2676438165929025,-0.0605064070313222,7,37.084486646311625,3.267374192484779,-0.7856933867253589,7,43.71744376420975,10.710622538861143,2.576436885822577,7,1.0,1.0,1.0,1.0,4.0,0.8071173109776318,0.2068965517241379,0.4066228790366721,D17,,,
TEAK_011,TEAK,14.429288955671447,0.9411726528382166,-0.2322899611996966,7,31.80774107149669,1.404867115472372,-0.2381815262462782,7,2.12834236238684,0.129381281247042,-0.0097243947204339,7,9.414289608065571,0.5739524952798254,-0.1367719633984426,7,0.35562546757449,0.0745407186471708,-0.0097955177689164,7,8.385984230254378,0.4967027180220341,-0.1184486585441839,7,0.5904029184686286,0.0348560381527396,0.0072195251786888,7,0.325385742288615,0.0174012564853023,0.0036085003466784,7,0.8659251885754722,0.0267352822829059,0.0059257716027689,7,2.8001539558172226,0.0822698830046678,0.0066602253121476,7,1.0209912083643888,0.2002316534009456,0.020908619072771,7,27.887466285909927,1.7295551050228484,-0.4022841299556969,7,62.238033822604585,4.169196825638419,-0.269599301161176,7,1.0,1.0,,1.0,1.0,,,,D17,,,
TEAK_012,TEAK,14.038922667503355,0.4272890691199398,0.0919588769359333,7,27.687394644532883,1.1737291824517195,0.2998779633372125,7,1.818291146840368,0.092985928195279,-0.0198237373054426,7,7.615323941622462,0.2836604056844531,0.0502391055375836,7,0.2597884274852861,0.0659859690405288,-0.0144974641030012,7,6.076763627784593,0.3144732544266167,0.0805177903893002,7,0.4603951599981103,0.0242976612573054,0.0047824413898746,7,0.2577475922714387,0.0131448458105215,0.0026711700748913,7,0.8872213044336864,0.0254592549171603,0.006446131402284,7,2.829931844558035,0.1171969666735845,0.0301942845252046,7,1.4514571075726832,0.2064697849163428,0.0370165115116432,7,23.657636208193644,0.8304564064376156,0.2150386453272905,7,52.04637289047241,4.3236714498708935,-1.08093921197298,7,2.156134074660585,1.9816513761467889,0.9737237237237236,3.0,36.0,0.8479195186368819,0.6264367816091955,0.071037965865552,D17,0.8006410256410258,0.6141025641025643,0.0790018315018315
TEAK_013,TEAK,20.06386050581932,0.7661689571904436,-0.1930641840931564,7,38.98364176068987,0.5574042070143265,-0.0957427764417335,7,1.8075072446039744,0.0618802467312091,-0.0144322929797961,7,11.412021764687127,0.2376269911031395,-0.0423346667186073,7,0.2299966983430619,0.049393737032987,-0.0116837793395832,7,9.426185341817993,0.1180653984792813,0.0049416264861722,7,0.5013785475332823,0.0226347172609421,0.0053221519170547,7,0.2798786430752703,0.0125846833074972,0.0030399657798351,7,0.9081376072551522,0.0148781189430381,0.0036274449195849,7,3.212873179997717,0.0489919620439527,0.0109165732477819,7,1.4533608593046663,0.1240124993254519,0.0221290304372242,7,34.747121444770265,0.43047416174436,-0.0825482385613049,7,40.75017256396158,1.82159602005415,-0.3997483649182081,7,3.424418317718416,3.0727272727272728,0.934065934065934,4.0,13.0,0.7292404383537928,0.32183908045977,0.153639846743295,D17,0.6657692307692307,0.3793803418803419,0.1240038665038665
TEAK_014,TEAK,13.767262946991693,0.5319837893401993,0.0091737199707607,7,23.71906079085809,0.704085126318301,0.1160269211479353,7,2.096239098480769,0.1173667873654687,0.02390546712987,7,7.1176642790669575,0.2367544336645385,-0.0232423650467593,7,0.4415240686253777,0.051751734939348,0.0026806105834659,7,5.394888010387132,0.3573085628765529,-0.0030272027438816,7,0.4084762190257953,0.057322420544993,0.0058899608922192,7,0.2275096049044458,0.0280696529414642,0.0025402498541819,7,0.8439534393601676,0.0198589019245513,-0.00029222939008,7,2.7298487797075386,0.0750679193168235,-0.0016958927705724,7,1.0375733427519649,0.1360424433628941,-0.0106075303805916,7,21.617126092066368,0.5750134073240109,-0.0150950062924469,7,58.62033182382584,3.5808496861119177,-0.0126037793015955,7,3.585988827056953,3.2666666666666666,0.7551020408163266,4.0,7.0,,,,D17,,,
TEAK_015,TEAK,22.459961712360386,1.5770495051141489,-0.4094198398466494,7,44.81775775977543,0.7621094845312113,-0.0118003716835608,7,1.7826762380344527,0.0611504215782722,0.0071645090761392,7,13.014642715454102,0.3150196930404369,-0.0288025790632369,7,0.1839320516197144,0.0340142307485891,0.0003017650252943,7,11.580010162932531,0.3197450479068426,0.029294674063606,7,0.549969812056848,0.0354295582334317,0.0087057353093921,7,0.3108012631003345,0.0197584863793097,0.0049784229694551,7,0.9162368338022914,0.0190773698530715,0.0014031345591596,7,3.277647180216653,0.0881193856591853,0.0130378982693854,7,1.7568551839462347,0.1882753499839068,-0.0398547400418282,7,39.8808577316148,0.8129360512611773,-0.1834541414693048,7,40.12704235315323,3.0061250878646977,0.5554904369606223,7,1.3322056912494478,1.1803278688524592,1.0,2.0,24.0,0.7279838257121052,0.293103448275862,0.2231527093596058,D17,0.6926923076923076,0.4262820512820512,0.1687851037851038
TEAK_016,TEAK,11.596265370292324,0.819516332229748,0.1735209828510532,7,21.10454577633313,1.1096448378978627,0.2824146882646459,7,2.1589597580688342,0.1155274569005922,-0.0193317716810416,7,6.23145333517875,0.3599467706576123,0.0850213937224652,7,0.4391173789211149,0.0432941938214981,-0.0067518891791585,7,4.840717954295022,0.2174219822062908,0.0274972842015749,7,0.4682450789426054,0.0474973217552813,-0.0013849318158317,7,0.262782234698534,0.0255393952524558,-0.0013880002246951,7,0.8881265515727657,0.0232036646709045,0.0007699752743527,7,2.5073322584586486,0.1316678356031355,0.0309245446416546,7,0.9061761486435508,0.0919843910715536,0.0118512497525401,7,18.80122464043753,0.6949815632429734,0.1799926255957338,7,64.26364235367093,3.7102096557310698,-0.7279577164546304,7,1.0,1.0,1.0,1.0,4.0,0.8071173109776321,0.2068965517241379,0.4066228790366721,D17,,,
TEAK_017,TEAK,8.624951498316866,0.3214682756487161,0.0010244459362333,7,19.82491053800498,1.9402655358314385,0.5038131462740261,7,2.219660359833921,0.1285166387060085,-0.0302217982360551,7,5.28849240206182,0.262250325602387,0.0657619648927629,7,0.4186230534355023,0.1042071711446286,-0.0251669137431838,7,4.817782071685152,0.3176105821120311,0.0819972472882091,7,0.6412238844537309,0.0783061889198647,0.0171604141885769,7,0.3436981614546052,0.0378840519678139,0.0088443052316439,7,0.8498145794762032,0.0371765370334343,0.0047586957671769,7,2.4787241286870576,0.1781719708308389,0.0442887675352329,7,0.8274905043315985,0.1193902759006237,0.0264762460564119,7,16.844669430383615,0.9625749331579144,0.246118059749388,7,73.90592190197536,4.125029457646721,-1.0843451680945717,7,2.505348345611202,2.32258064516129,0.9294871794871796,3.0,12.0,0.7082410544806232,0.264367816091954,0.1584763895108722,D17,0.6201282051282051,0.369017094017094,0.0960286935286935
TEAK_018,TEAK,13.104192980698176,0.3365460820064274,-0.0363110055692219,7,29.50062020123005,0.4996094192463641,-0.0007174810189068,7,1.997403817517417,0.0524626879922991,-0.0055585025021663,7,8.739941875849452,0.141734278456756,0.0203634770992009,7,0.2612011856399476,0.0364338373331011,-0.0053610453720089,7,8.179970965321575,0.2678026802797332,0.0488295006413124,7,0.6736938889537539,0.0504485754750947,0.0034730687089588,7,0.3672268562284963,0.0194603120792461,0.0029981313257736,7,0.8539577876882893,0.0167302690363646,0.0039869219587997,7,2.855040386663813,0.1191677711154814,0.025545067547195,7,0.9760677489851204,0.0621478423351742,0.0007448656060873,7,25.64295149807419,0.3273036981230451,0.0435590024875558,7,61.71091873305185,1.7352524614645672,-0.1589292641666821,7,1.7547653506033232,1.6,0.85,2.0,4.0,,,,D17,,,
TEAK_019,TEAK,20.00698378469263,1.096547169527485,-0.2649793741246529,7,36.04822852356093,0.3214436068997611,-0.0304443560117064,7,1.6925328884805952,0.0552667643330819,0.013251613476703,7,10.588887333869934,0.3262910429800057,0.0670285385513186,7,0.1522979567276447,0.0213037077058138,0.0036973507695653,7,8.919071636029653,0.3022007526784642,0.0753006478615827,7,0.5019124568040881,0.0383002092054104,0.0092854013784872,7,0.2750984926574996,0.0201181812945473,0.0048025718136351,7,0.8877558979604926,0.008549404214184,8.441983133454785e-05,7,3.041280729962246,0.0323691542240586,-0.0031703347620557,7,1.6616705538971084,0.1774251141356677,-0.0407289395912435,7,32.500328791993006,0.477590282039159,-0.0983161196162469,7,39.48144915699959,5.050394757400954,1.2946042514166307,7,2.8942834520890703,2.352941176470588,0.9547619047619048,4.0,20.0,0.9040598839858932,0.6781609195402298,0.046551724137931,D17,0.9007692307692308,0.7532051282051281,0.0428825803825803
TEAK_020,TEAK,16.890082904270717,0.759014954073715,0.1701962485859625,7,30.462324427706854,0.9015952559628014,0.2336352935004793,7,1.6614719682506152,0.0494905090041385,-0.010404353581344,7,8.09592948534659,0.1974890967449561,0.0230152113082815,7,0.1828044660388254,0.0286696781256424,-0.0068663965014259,7,6.45223136565515,0.2339654365394104,0.0430334409867042,7,0.3972992201202682,0.0180567484045141,0.0016469751269771,7,0.2249653100568269,0.0097379604966421,0.0007512331286127,7,0.8997000461178166,0.0149508446454221,0.0028373888229646,7,2.995600522628852,0.0911501938100864,0.0214504053486031,7,1.8889088371236409,0.1733761551414515,0.027492725290358,7,26.70978320070676,0.7761763648629804,0.1958391004581515,7,34.16716985723802,3.09911917104498,-0.66451983437889,7,1.3322056912494478,1.1803278688524592,0.9294871794871796,2.0,12.0,0.8321010777185537,0.293103448275862,0.2231527093596059,D17,0.8246153846153846,0.4628205128205127,0.1348351648351648
TEAK_024,TEAK,2.219263840481163,0.2274188755434769,-0.0324354663212044,7,3.975003069266677,0.6159874023099592,0.1505843875306755,7,2.1291627532669475,0.0586098055630358,0.0061169731801369,7,1.0102726828772577,0.1158499426534714,0.0250278688216952,7,0.7886066007028733,0.0447417812335844,-0.0093432351710106,7,1.3249984258368694,0.1247187139220944,-0.0175095406596409,7,0.4020817815050493,0.0239089550194465,-0.0028776985889387,7,0.2184451193963627,0.0135405439537777,-0.0014809513219752,7,0.761434359237524,0.0543187658141273,-0.0044235508365728,7,1.8508740304481408,0.3074077569700189,0.028079691200352,7,0.2502868045121431,0.0646970399529363,0.0109859142558381,7,4.3038108768360095,0.2674067082257354,-0.025234918659363,7,97.49755225862776,0.5073533837010669,-0.1032662495322849,7,,,,,,,,,D17,,,
TEAK_025,TEAK,6.740885101010401,1.576752314762543,-0.3413190330275923,7,13.349432912256036,1.294329537525597,-0.1545304437308108,7,2.3229387647339275,0.1006105955534858,-4.970540220920843e-05,7,3.8210750484306897,0.4143285926319429,-0.0914135688486007,7,0.7008581057723079,0.0607389706824967,-0.0095640502240895,7,3.596840329508165,0.4702662895806053,-0.0055634874146309,7,0.4628868403245828,0.1375841364027339,0.0274356273715431,7,0.2427211438981993,0.0599433239214662,0.0108671710182603,7,0.716538228872811,0.1119580520253638,-0.0231579992030867,7,2.271378683269798,0.1715303427399537,-0.0060010480607289,7,0.398269542535091,0.0763599274383525,-0.012296331811565,7,12.1218464648085,1.661105565842613,-0.2922301021777301,7,87.36915411267962,2.745737502156941,0.621970307468172,7,2.0,2.0,0.5,2.0,2.0,,,,D17,,,
TEAK_043,TEAK,10.006069279284704,0.5307094137486759,-0.0124796387053186,7,20.417777617595025,0.6942742479019509,0.1100657525157749,7,2.4387823481644904,0.1428281490351043,-0.0086766897037276,7,5.843627862657221,0.2299472057484986,0.0359890613556772,7,0.5720630428487701,0.0651488073775697,-0.0058550790254412,7,5.445723863753734,0.2467014189164462,0.0463316479559669,7,0.575662290117526,0.0263837864278421,0.005642379568477,7,0.305320410459258,0.0177954991914879,0.0040371620974377,7,0.8339447887468652,0.027193611744769,0.0033116659316984,7,2.3720977762929434,0.1057690044801779,0.0156115884176389,7,0.6052310704120567,0.1340323992408406,0.0054645437714015,7,18.99972946853155,0.5968721520874373,0.0249011855684596,7,79.30073777266911,2.1620872214991107,0.0350495397446546,7,1.7342471992017972,1.3919821826280627,1.0,3.0,25.0,0.7677263069235553,0.4195402298850575,0.1012514305617754,D17,0.7647435897435897,0.4386752136752136,0.1081837606837607
TEAK_044,TEAK,12.063190731619086,0.511605555485244,-0.0787540520338908,7,29.02192310776029,1.2345295618575032,0.1084855653370503,7,2.0459300396697864,0.1320089815830101,-0.0193695170948138,7,8.21829832451684,0.2602424059667567,-0.0307694175171612,7,0.2634904102887958,0.0735697363987614,-0.0142936348217386,7,7.715148318026747,0.3460688702718817,-0.0338717758231936,7,0.7050512528845242,0.0436872960551954,0.0074484022053886,7,0.3774347278688635,0.0152750545683351,0.0020960044414801,7,0.8694779447146824,0.0339975543513902,0.0037211938683304,7,2.751592730837209,0.1363070653237753,0.0231976321583806,7,1.1767878750605243,0.2060502918222279,0.0292021123595834,7,25.126947322062083,0.9382381143421664,-0.0047107147034195,7,60.50973243372781,4.446624004290469,-0.2113143921297131,7,2.199493627111972,1.8251615355378183,1.0,4.0,98.0,0.7200846800409898,0.1580459770114942,0.1804050355774493,D17,0.6212820512820512,0.3596153846153847,0.1099725274725274
TEAK_045,TEAK,17.273415525044715,0.3337500991125645,0.0380331050841306,7,35.61427345446178,0.2830480960915114,-0.0152608944620177,7,1.9515764362045696,0.0958924423496852,-0.0043935522586605,7,10.690209635666438,0.1703771256762092,-0.0336554216152449,7,0.2815358880907297,0.0467417913081564,-0.0040379773605814,7,9.248002563204084,0.1751685635837064,-0.025369895117538,7,0.5825794778232064,0.0281623101516801,0.0022014609404082,7,0.3217568080872297,0.0115361412557923,0.0005143660239028,7,0.8802223594060966,0.023871005279579,0.0030211836884552,7,2.985910190003259,0.0629661675641142,0.0124689635375271,7,1.278311328430261,0.1563604494430207,0.0123077290799207,7,31.9603858930724,0.3342834597279488,-0.0173339506854181,7,52.58063447475433,2.76753211283548,-0.1936822275453586,7,4.119741311317258,3.555555555555556,0.9592013888888888,6.0,48.0,0.6409443456267703,0.228735632183908,0.2674055829228243,D17,0.6048717948717949,0.3096153846153846,0.1470838420838421
TEAK_046,TEAK,15.832627747740064,0.950098619212924,-0.2061650219021434,7,32.597808599472046,1.1760685648130509,0.0960347787991016,7,2.0203218747462546,0.1294042326323115,-0.005505198793467,7,9.75948577267783,0.223405367829397,-0.0226386831979887,7,0.3062726755493453,0.0616809843425932,-0.0077985030697054,7,8.600807468805995,0.3602864503497335,0.0860178420525729,7,0.6060690076223442,0.0605097480178505,0.0122413377567228,7,0.3321062859946063,0.0306147859166484,0.0071104637870446,7,0.8778787667730025,0.0248365870100331,0.0030115969653512,7,2.95612002483436,0.1204343776009995,0.0178633625790427,7,1.1438785827984768,0.1823055516064471,0.0085434538443077,7,28.9146970978805,0.7909725621889128,-0.0348517524956859,7,54.40272672687258,4.535793504967871,0.0974047229840204,7,4.280704391778926,3.88272583201268,1.0,5.0,70.0,0.5838660170404834,0.0597701149425287,0.2562234700165734,D17,0.5670512820512822,0.2018376068376068,0.172035002035002
TEAK_047,TEAK,14.92631689033338,0.907922684632904,-0.2200681581146342,7,28.926966198853084,0.9728736679589348,-0.0345956426998444,7,1.8928494059613767,0.1865219047567178,-0.0221362245521417,7,8.335980980523995,0.1454847817575822,-0.0259804450050245,7,0.2856214498834951,0.0823239051786209,-0.011679245112308,7,6.791662950600896,0.1789372011101623,0.0345207355592561,7,0.4965206900877612,0.0436258978137407,0.0027380962747096,7,0.2771513314385499,0.021706951909759,0.0031549539479324,7,0.8844997616750854,0.0523125372749433,0.0103074295016435,7,2.87818575331143,0.1774360758639006,0.0390205496679181,7,1.2894334519182198,0.2442977262855003,0.0093706943551047,7,25.639202671391622,0.9599888312401272,-0.1648699715982711,7,50.68263128825596,4.998123965124744,-0.4342446278369548,7,3.777086220770213,3.0179533213644523,1.0,5.0,41.0,0.622727244822826,0.0597701149425287,0.2562234700165734,D17,0.636025641025641,0.231025641025641,0.1713410663410663
TEAK_048,TEAK,11.779297839318003,0.929076546936414,-0.2267486993534908,7,24.0561075593744,1.6532102626828924,-0.3430958096697977,7,2.103923354830061,0.0956344127320095,0.0024376816449556,7,6.766635075211525,0.4245893923746318,-0.1053143429965478,7,0.3902180392428168,0.0413460454204937,-0.0009920168777049,7,5.579265704112394,0.2429757636629468,-0.0549424547440431,7,0.5069169684180191,0.0283458138400339,0.0043518262694163,7,0.2861611865726964,0.014877974027391,0.002149605251425,7,0.890937367188079,0.0189735491752316,0.0036967940640987,7,2.7178401361618723,0.079458398893608,-0.0002978631360674,7,0.9885333091951908,0.1235692488876443,-0.0032553435147531,7,20.71811111484255,1.5005315236330072,-0.363349625797176,7,62.18174256597246,3.497699160982879,0.5319950439060812,7,3.13773903209127,2.8139534883720927,0.958498023715415,4.0,22.0,0.703669704893404,0.2068965517241379,0.1673508483853311,D17,0.6666666666666667,0.4019230769230769,0.0927452177452177
TEAK_049,TEAK,14.419936978391238,0.7593137438440678,-0.1445970440588667,7,29.26818149430412,0.551843900645163,-0.0927184778312377,7,2.0781731318150247,0.1067789482722014,-0.0154774305862327,7,8.360913344791957,0.2588919850479765,-0.038814149821881,7,0.3636467784110989,0.0555737824474176,-0.007968264049461,7,7.044858772839818,0.1441419933599992,-0.0106549946510273,7,0.5362810205136027,0.0270307377666449,0.0050288518068433,7,0.2982974804139563,0.0139094006386364,0.0024241435631212,7,0.8716832942196301,0.0155946140934105,0.0038000779805773,7,2.8287354313901494,0.0366012200875809,0.0086362545929824,7,1.0932849951287995,0.1446058851079259,0.0077156501987257,7,25.287772297859192,0.6547584748660389,-0.1339473493123134,7,59.87740322521755,2.9145843516861576,0.0620036178009964,7,2.8942834520890703,2.352941176470588,0.9547619047619048,4.0,20.0,0.6912426270792252,0.2068965517241379,0.1673508483853311,D17,0.6557692307692309,0.3872863247863248,0.1012393162393162
TEAK_050,TEAK,19.39130749447005,1.9949580480886924,-0.5110251511319426,7,43.58560340745108,2.9082138138547435,-0.725783676407409,7,1.7584403572337968,0.0495408698191818,-0.004157264570528,7,11.958123241152082,1.1259237055132327,-0.2936227357008784,7,0.1353151342399152,0.0338010836856864,-0.0042201393020314,7,10.966774361474174,0.9429807476732118,-0.2467456894574755,7,0.5959798742883972,0.0140405253211803,0.0007765223350014,7,0.3289883882472558,0.0053925840806489,0.0002445961710028,7,0.8909214075122561,0.0190073696863926,0.0035396208706308,7,3.1157678067684174,0.0443642949309629,-0.0032986004815053,7,1.9659103179084405,0.1642571417808811,0.0094636428048429,7,37.661268438611714,3.0040432471021035,-0.7819472551345826,7,39.1723005601338,2.23320065781913,0.0672040913615338,7,2.590970525759805,2.414421349756223,1.0,3.0,97.0,0.6858563607613282,0.2241379310344827,0.164798228591332,D17,0.5688461538461538,0.3192307692307691,0.1016117216117216
TEAK_051,TEAK,13.476509956376892,1.2355733367794388,-0.2586678296925631,7,28.83054550204958,1.3616114229779794,-0.1105867503678121,7,1.9346766429288047,0.1501299972138345,-0.0059914200700645,7,8.69368731549808,0.392541579469772,-0.0762992778849043,7,0.2589614791296689,0.0809874144557947,-0.0105067454698965,7,7.684318103960583,0.2070513876450525,0.0047085487772788,7,0.6012365852615663,0.0625369551002082,0.0118370094277388,7,0.3364393466285297,0.0306215011212223,0.0063335637119676,7,0.9045492714004856,0.0268708242620675,0.0020817377445689,7,2.9529061934777667,0.1061778860949394,0.0020758630489824,7,1.1340605420991778,0.2575031956767575,0.0170057666998817,7,25.24365143265043,1.2596824178976458,-0.1917359177085468,7,52.899401613644194,6.92211258065121,0.0898223706711096,7,2.6046889107558964,2.239680426098535,1.0,4.0,58.0,0.641453395001291,0.1580459770114942,0.1804050355774493,D17,0.5934615384615385,0.3127136752136752,0.114530932030932
TEAK_052,TEAK,10.82452021752085,0.2509273117449691,0.0606306995885029,7,25.33311120527131,0.5839859342791371,0.0824777824324509,7,1.8702217936515808,0.1460075165258394,-0.0362202621821974,7,6.769999739314828,0.1611911861823951,-0.0388198051240332,7,0.2498185656399333,0.0944664523940801,-0.0229051171620547,7,5.980483377086265,0.1717695464280213,-0.0377623540252746,7,0.558684767889125,0.0258642691537927,-0.0055741977669223,7,0.3117148684603827,0.0123064165735748,-0.0027358665654317,7,0.8839616104960442,0.0202539356601944,0.0043430646763099,7,2.617311132805688,0.0570641272399554,0.0128811734750318,7,1.3682567813832844,0.3332719292440207,0.077958593732151,7,20.57606397994927,0.478360258769638,-0.0838052850702534,7,63.15848951680319,5.893253316994426,-1.5292308107267658,7,3.843567912539161,3.0913075237399563,0.9567593252554052,8.0,92.0,0.7014698619447031,0.0356321839080459,0.4375819582716135,D17,0.606025641025641,0.2782051282051282,0.1573992673992674
TEAK_053,TEAK,13.769192729505926,3.592619724074464,-0.8383671735564809,7,23.06645671757204,3.683259715026668,-0.7273259017496592,7,2.239407870386328,0.1104474977692647,0.0080877856715865,7,6.572663055333708,1.2425442110070242,-0.2730064911839481,7,0.5243936823015767,0.0654927339967482,-0.0022833132135205,7,7.233176721947813,1.5103116542725334,-0.3361845660762683,7,0.5517642426734665,0.0607148625251855,0.0092927080400453,7,0.2964642772279999,0.024737770244195,0.003084761583434,7,0.7892350231451803,0.0415613841374809,-0.002915017152457,7,2.675798678652192,0.2014855336955395,-0.0158732670314029,7,0.9891862262542104,0.2786683807821472,-0.0275146327410133,7,24.92189413978129,5.490155250243666,-1.2428098075158562,7,69.77010057653699,6.720116370571215,0.8051293673722641,7,1.3561314133862727,1.1980198019801982,1.0,2.0,22.0,0.7899715535964884,0.4137931034482758,0.1736453201970443,D17,0.7967948717948719,0.4339743589743589,0.1577899877899877
TEAK_054,TEAK,16.174503967165947,0.2895765385246278,0.0310782785698721,7,31.63466570207051,0.8243682725963253,0.1960865228271803,7,1.92918761074543,0.1001129628312254,-0.0054941108468982,7,9.618757602359567,0.2573820297980342,0.0415062327747759,7,0.3032951402211828,0.060988057541748,-0.0069455995542124,7,7.96101481041738,0.331258509870974,0.0801321261353716,7,0.5157549796359879,0.0271977596500598,0.0058463514583141,7,0.289947654054101,0.0139717718072362,0.0030085129062193,7,0.8973511659673282,0.018391455140122,0.0036353920726572,7,2.949660552399499,0.1007244530973208,0.0225832984474391,7,1.1977494025070752,0.1950875870415993,0.0120581130413058,7,28.45268209491457,0.5168713932098463,0.1230960414062774,7,50.21160370962961,4.287124127823978,-0.3586022445190711,7,2.8282559725813847,2.236139630390144,0.9412304866850322,5.0,33.0,0.7101275498059201,0.2011494252873563,0.2248588576174782,D17,0.6882051282051279,0.4627991452991453,0.0892745217745217
TEAK_055,TEAK,19.58870437315532,0.3994604568824716,-0.0997943338941172,7,36.06060836144856,0.6057475650266042,0.0267728456984395,7,2.020990653761796,0.1272342801412119,-0.0115817913467868,7,10.698651913021292,0.2925816112197102,-0.0398108486621874,7,0.3403709515530084,0.0576816279957939,-0.0071305122419593,7,8.399629500295434,0.2688235874067289,-0.021100808582876,7,0.4888868958556226,0.0260218183560626,0.0035029881755295,7,0.2691948669297354,0.0122718801745576,0.002039948818632,7,0.8639898693987301,0.0262348872185069,0.0055247263665183,7,2.9401014915534427,0.1029768472064606,0.0213019584607719,7,1.1865513501023608,0.18562943190737,0.014353734620202,7,32.43598106929234,0.5677729713352635,-0.0204638280597418,7,49.463930419513154,3.620001146813202,-0.2759418947042829,7,1.6493848884661175,1.4705882352941173,1.0,2.0,15.0,0.7815759784514197,0.4655172413793103,0.1753694581280787,D17,0.7319230769230767,0.5205128205128207,0.1036996336996337
TEAK_056,TEAK,16.97211985502924,0.752875028518264,0.1606045759541534,7,29.75728065626961,0.9651122160396024,0.2035443711041606,7,2.0019893603665486,0.200527300389176,-0.0121448508223961,7,9.277706148368972,0.3073887278091169,0.0758239920173201,7,0.3970389682799577,0.0952256372521418,-0.0083173449232202,7,6.461993085486548,0.2842511717583126,0.0554659518609477,7,0.3885715398937464,0.0176991940246958,0.0009150775492091,7,0.2198245776817202,0.0110537491144919,0.0002344891804279,7,0.8920195203806672,0.0277933393170854,0.0050648074833844,7,2.9745754855019704,0.1242056594495527,0.024670028915772,7,0.975037785113922,0.2265910738617385,0.0218773642850784,7,26.83056457553591,0.7827010316878975,0.1894067032480718,7,49.97216171877725,7.383146986214772,-0.9557534135304964,7,1.673058126758513,1.4979253112033193,1.0,2.0,19.0,0.7191629650560659,0.2758620689655172,0.2173234811165845,D17,0.6402564102564104,0.3903846153846154,0.1319352869352869
TEAK_057,TEAK,13.309082597494124,0.2186654494348203,-0.0192203170380066,7,27.11508079086031,0.7672057567270277,-0.0186062889752978,7,1.837876847812108,0.097849052714623,-0.0138744320284363,7,7.720494136214256,0.1490330522390187,0.0030359006346667,7,0.2661998516746929,0.0656472122249796,-0.0111826166505131,7,6.191938736609051,0.2157178957992755,0.050867239717257,7,0.4763563150273902,0.0272524901818424,0.0062425371795195,7,0.2682695775958044,0.0138519956629677,0.0032750369815847,7,0.8996440337172577,0.0206864383829608,0.004181436752047,7,2.8291989298803464,0.0758641561369307,0.0121772707904062,7,1.3231480774868811,0.2076286235220392,0.0229653146173991,7,23.20686324153628,0.5406020571291673,-0.0121819911194485,7,52.615232944488525,4.596961383305602,-0.7097036471733682,7,2.194564841654965,1.7940364439536167,1.0,3.0,57.0,0.6557029154610892,0.2241379310344827,0.164798228591332,D17,0.5810256410256411,0.3151709401709402,0.1020421245421245
TEAK_058,TEAK,7.568881791085005,0.4086650236273519,0.0099325744204696,7,18.82888622901269,0.7313508224081239,0.1123392229096148,7,1.982951407986028,0.0896213621672486,-0.0156771062708219,7,4.965566463768482,0.1016765420498792,0.0054290012945498,7,0.2936968373833224,0.0589044624983355,-0.0121467284193218,7,4.588933692712869,0.0678665934009142,0.0136496585585102,7,0.6491045363779578,0.0277253691725802,0.0017225416221447,7,0.3465818861233337,0.0096860981059708,0.0001247746505491,7,0.8386624718883208,0.0241973394421333,-0.0007798492621916,7,2.2390078334581283,0.094027417238312,0.0112444795227901,7,0.9196074828128552,0.1756917893580604,0.0245479506212042,7,15.111802987754343,0.536707628972395,0.0677578473793822,7,78.43270737784249,2.680105907390052,-0.3514414196429046,7,2.614027092852573,1.840909090909091,0.839622641509434,5.0,18.0,,,,D17,,,
TEAK_059,TEAK,14.922551431826182,1.8774145546294088,-0.4683658489864009,7,34.40329916136606,2.4663584761128856,-0.5810451136783613,7,1.918187042432172,0.0910511792886841,0.0098774883534796,7,9.707873137933868,0.918047913503516,-0.2355100110322735,7,0.2354379502191607,0.0445674875261497,-0.0015710154855873,7,8.812267092721802,0.4961011595827251,-0.1201666564646373,7,0.6272337314273629,0.0495269961328112,0.0105139930548775,7,0.3447697646915912,0.0238135740499595,0.0053679243393591,7,0.8976547143289021,0.0144249552239465,0.0009283089767331,7,2.9797958401697024,0.0850860014384777,-0.0141206576822194,7,1.3134952103719115,0.1990272856427049,-0.0006805101431358,7,29.745226510933467,2.33269605086261,-0.5645559249713669,7,53.56541161877768,4.600751296988276,0.5106079626242852,7,2.3675723783227096,2.0033191085822666,1.0,3.0,65.0,0.6468280939568376,0.2241379310344827,0.164798228591332,D17,0.5738461538461539,0.3145299145299144,0.1019047619047619
TEAK_060,TEAK,15.559519567659924,1.0858043086916924,-0.264456282541106,7,31.55149851526533,1.2134308713013915,-0.1990356845002509,7,1.8743698703391207,0.0999904253092882,-0.0049719316978319,7,9.220964114580836,0.4284734586381818,-0.1011708791937716,7,0.2837903576769999,0.0618095569393614,-0.0082838333703976,7,7.461751275828907,0.1959815359738652,-0.0038324207266836,7,0.494316106396062,0.0356294303830871,0.0086355231932822,7,0.2788741112287555,0.0195121059655476,0.0048281352182096,7,0.9049165844917296,0.0204615817341783,0.0041437533413088,7,2.98275903825249,0.0809641549116684,0.0089321040040673,7,1.22908746703927,0.1791264620086109,0.0137497926330237,7,27.716246434620448,1.1676351410081751,-0.2276398331225915,7,48.73605866091592,4.27194336707469,0.0681512204300998,7,3.240898068503907,2.865110246433204,1.0,4.0,47.0,0.6123859652326115,0.1839080459770115,0.175615763546798,D17,0.5644871794871796,0.2856837606837606,0.1274745624745625
TEAK_061,TEAK,15.971440213067192,0.5338842584824987,-0.0024144719276938,7,32.111179577452795,0.4945147705776752,0.1169246872731275,7,1.921178248311792,0.0934672010960089,-0.0147576604449629,7,9.554170380745616,0.274278291471572,0.0109795274144431,7,0.2793777752002435,0.0551111451810105,-0.0090634224587509,7,8.194725678435393,0.2967145644746268,0.0607417131148054,7,0.5211331957419004,0.0282872356027402,0.0056843723039638,7,0.2944456776604056,0.0150584007148627,0.0030660918963618,7,0.903759805219514,0.018640850436599,0.0046539319909635,7,2.9950224118573323,0.0838690211058561,0.0217791024508284,7,1.3306176685062905,0.1408899473203895,0.0185832495748199,7,28.545906190361297,0.5162618219998721,0.0556873348245652,7,50.32623706545149,2.6954613436681587,-0.4733783774152647,7,1.8898815748423097,1.7999999999999998,1.0,2.0,33.0,0.7196701543459353,0.4137931034482758,0.1736453201970443,D17,0.6748717948717948,0.4230769230769231,0.1195421245421245
TEAK_062,TEAK,11.87343695609748,1.7424829355715064,-0.40033562851666,7,22.334610551595688,0.9848807382875496,-0.1733738332395021,7,2.139684737793037,0.084270289691374,-0.0014416720581094,7,6.119616699471537,0.3734326591623333,-0.0701647868175931,7,0.4488228536044646,0.0372579341651482,-0.0011733420408115,7,5.987191099531594,0.3110254284439062,-0.0260214783708122,7,0.4744679642777865,0.0700582721892209,0.0164983114432635,7,0.2667063934259674,0.0364131388552563,0.0086825734127486,7,0.826386717063229,0.0403411935295486,0.0050553983512587,7,2.705148380208801,0.1092450200369988,0.0149429995857639,7,1.3470398910729993,0.1595147363965432,-0.0318270205211429,7,21.18081417659513,1.814464228981746,-0.3304371125475202,7,63.6712749004364,3.999832594730758,0.8447726039982162,7,2.2858646011555983,1.798007747648035,0.9830611010284332,4.0,57.0,0.658549920887171,0.1839080459770115,0.175615763546798,D17,0.6137179487179488,0.3329059829059829,0.1279507529507529
TREE_001,TREE,16.133848939623153,0.7361143980492911,-0.13329987130203128,7,28.586806774139404,1.1150022873602834,0.3181939650265848,7,1.6886850318738393,0.04427658986491357,0.009712866736484438,7,9.134288638830185,0.368620728440393,0.1026232635266461,7,0.11881732049265079,0.03813719951249829,-0.010423321861364836,7,7.976429057972772,0.7687111710018304,0.2213025856457714,7,0.5381338060168284,0.08550213102090387,0.024347842859912837,7,0.28266789072326254,0.042116869051157045,0.011864208580055446,7,0.8352575387273516,0.027038264245789652,-0.002894529179654751,7,2.7677948123642375,0.11674306065978307,0.005398266918224408,7,1.527826632239989,0.1646727207244053,-0.02605711346583859,7,25.786553774561202,0.7366571380913304,0.22537879890105655,7,35.464949352400644,2.599597655059733,0.4223500453546146,7,2.45502514409486,2.2533333333333334,0.934065934065934,3.0,13.0,0.8680185270698005,0.6476190476190476,0.080336013193156,D05,0.8561290322580646,0.7023297491039426,0.05346452233549
TREE_002,TREE,8.917160962309156,0.9141905738819158,-0.27794006014944406,7,19.670184825147903,0.32166188729017564,0.03392956027242218,7,1.7571015336683817,0.037285533724489915,0.0026736435648358555,7,5.693973207048008,0.2803394887627311,-0.08123277933870908,7,0.1471464265404003,0.04152003219078399,-0.010877579071303165,7,5.125389946358545,0.0816797327227949,0.007819434566821775,7,0.5865535395486015,0.058938652525240526,0.018026565125242318,7,0.3336909507800426,0.034372054520301974,0.010534254271063598,7,0.9334280661174229,0.015919130326839098,0.0026648065273757325,7,2.570524113518851,0.05325762961720316,0.0005151179054235671,7,1.414742639022214,0.10284503483610467,0.004141468188313403,7,16.924112967082433,0.4663668900019201,-0.12100530122635139,7,63.508929814611164,4.236397832529048,1.203465877009186,7,2.441865635457704,1.9291338582677164,0.973015873015873,4.0,35.0,0.8439273702600187,0.4714285714285714,0.1017200260057402,D05,0.8492473118279568,0.6719534050179212,0.0599740880386041
TREE_003,TREE,16.605758547782898,0.4340087003581345,0.06751413374650331,7,23.123711262430465,0.8313219296391371,0.24468526903722865,7,1.4433916306921415,0.09081907619238577,-0.02635757722815503,7,6.006478465029171,0.6423771142923201,-0.17967520626719857,7,0.11046689052974605,0.05985264344269999,-0.01753678605802901,7,4.096506861703737,0.2579190679985876,0.06275895091353921,7,0.25379810535482,0.024276058397747657,0.004150202129509623,7,0.13406637024932674,0.013879641453120678,0.002171775650568988,7,0.7988676732139928,0.022165837615071824,0.003484892651255448,7,2.6423575282096863,0.12686688311480754,0.03390380404278855,7,2.376433400836374,0.48313462341247526,0.1359041557212158,7,21.48950011389596,0.4989745352227721,0.15689423045173792,7,17.516709246805735,5.186648298858632,-1.5117490105330833,7,1.805508457957155,1.6701030927835052,1.0,2.0,18.0,0.7550104453000833,0.5,0.1650752422180993,D05,0.7412903225806452,0.5467741935483871,0.103805256869773
TREE_004,TREE,7.105626715081079,0.19905707378014684,-0.05579680381495325,7,14.95690848997661,0.41284106196314335,0.07921510556193484,7,1.6168844178318977,0.015478095576643794,-0.0039911139145738855,7,3.745147026010922,0.07663150926909801,-0.018049802203648154,7,0.1196597614325583,0.026252926314121783,-0.007715134556046446,7,3.1733598985842297,0.08346643279959594,0.020987285850721654,7,0.4684039325054203,0.02188551494556023,0.006391838822727465,7,0.2625205323233136,0.013033973051124172,0.003671115705147926,7,0.88853225803801,0.017820679805247226,0.004152908989945798,7,2.2039833601031984,0.044222266540207424,0.007284613631543533,7,1.731422727129289,0.04896397593929911,0.007127847598835764,7,12.171186336449214,0.0862556699711561,-0.009004868078427203,7,78.4461019039154,1.250556439638613,0.16948035310525633,7,2.1752443345004853,1.923636363636364,0.960144927536232,3.0,23.0,0.8853179389838731,0.7047619047619048,0.0659843331271902,D05,0.880967741935484,0.7301075268817206,0.0562484289903644
TREE_005,TREE,3.4455959347741945,0.2101966892990354,-0.045760457542384086,7,9.726120157965592,0.48871300754463765,0.09991328864831633,7,1.8343039931995528,0.10732207252519911,-0.02039597220108181,7,2.1369639421879714,0.07115317630697814,0.0003965010381777848,7,0.2903896543263857,0.09783091125341285,-0.019489435695176634,7,1.9485057693773082,0.04439438876566906,-0.0014203767625541133,7,0.5011039382778109,0.04490527630619763,0.005923462561408204,7,0.26303499325489005,0.024234830523755066,0.0038061179903901435,7,0.7834008477704258,0.025996658574596716,0.004061749233674232,7,1.330275550605874,0.05118235689941415,0.004347800607309431,7,1.0212800465726934,0.11732463285973854,0.008282978061854029,7,7.2725202965949265,0.15245705290293743,-0.02050742954830092,7,96.3681983266558,0.3588641916067555,-0.0363871660388895,7,1.8898815748423097,1.7999999999999998,0.8333333333333334,2.0,3.0,,,,D05,,,
TREE_006,TREE,12.689408619063242,2.4299656448886413,-0.7177469373940135,7,22.15692491510085,0.6547851211124084,0.012786718925118587,7,1.8439086665000235,0.13125190948301524,0.016877965024505465,7,6.463241123594344,0.1690723386074828,-0.01744809461238439,7,0.2648144420652118,0.10171589194766992,-0.015709584279125034,7,5.035255957226314,0.8023794364833315,0.2275604446193384,7,0.473159864731133,0.1764656701891196,0.0533460046794473,7,0.2479615631047636,0.08882437189375376,0.02668545733141062,7,0.7776213130958024,0.02450109448921088,0.0009927597919816501,7,2.568239846207252,0.15179288678950104,0.013210031105341077,7,1.2681115538768826,0.29521715995611114,-0.06921624757102822,7,19.968169591185593,0.9870872337456384,-0.2484168453111463,7,48.85245656967163,9.8336061318884,2.5015261713110593,7,4.710650674213246,4.454545454545455,0.6493506493506493,5.0,7.0,,,,D05,,,
TREE_007,TREE,5.255167277795928,0.8808884936516849,0.1075411618030575,7,14.001375227634396,1.8994749390789656,0.5897179884362718,7,1.9119155162147112,0.32428920726591026,-0.09633784061755683,7,3.539991548817073,0.12813554535042285,0.034805316262359276,7,0.2803883963331048,0.27390229119552334,-0.07528284156540425,7,3.395976244405444,0.3032885630474482,0.009669761349961847,7,0.591839747769492,0.1052041885732019,-0.011506069755011946,7,0.3004434037554477,0.04422587383867392,-0.004157417702877191,7,0.7330871631524393,0.08181962387735063,0.020887282196065424,7,1.6488731510109371,0.2767759817793215,0.008646799923208699,7,1.1115092446362334,0.6960359550600592,0.21849316824494314,7,10.89511827858431,0.7956722805024941,0.22512887414452568,7,90.14460928099496,0.9600530054519752,0.27520768466543355,7,1.0,1.0,1.0,1.0,2.0,0.974741613817244,0.8571428571428571,0.0742857142857142,D05,,,
TREE_008,TREE,3.532847815326282,0.33905754174010433,-0.0903748487901013,7,8.01611003279686,0.2670671379061658,-0.06829863560737101,7,1.6325098127126694,0.048653288993542716,-0.00908592485318883,7,1.9147801899484225,0.17757719205479755,-0.05247295231054571,7,0.17611007878024662,0.036721141379589865,-0.0095525998822565,7,1.5006163178810052,0.07293303759354218,-0.018662498668446884,7,0.4181137162127665,0.03120438096553373,0.004067258008557426,7,0.2324241590020912,0.02107070153245811,0.0031966017959945622,7,0.8219512754252979,0.02042554463658359,0.0038256223741002008,7,1.256064317056111,0.08629209975884959,-0.024544829800419714,7,1.1502254674477237,0.12311646646879101,-0.0022937421320531593,7,6.081818759441376,0.3410959033263578,-0.0963496323369575,7,98.865035874503,0.23151201725595263,0.06458590949167808,7,1.8898815748423097,1.7999999999999998,1.0,2.0,6.0,0.879582751153665,0.6428571428571429,0.1280251494537209,D05,,,
TREE_009,TREE,11.250929427998406,0.8227180774699129,-0.24192931906121384,7,22.12851549897875,0.45874196534692124,0.13458302494932436,7,1.6948261761239596,0.03441392692939199,0.0034556974977499205,7,6.418140075036457,0.20854311267704834,-0.019987084582203583,7,0.1469268706028483,0.04661619093940915,-0.01178745187238818,7,5.405969902873039,0.4329900072743205,0.13601808729352363,7,0.5069661844255668,0.07235484521789808,0.0226546400799184,7,0.283406227627503,0.041368989831671144,0.012880270529660372,7,0.9047250902014119,0.022426035250320105,0.005209449823701432,7,2.6411794317620143,0.05388765075191585,0.004422601831496976,7,1.61610650111522,0.13719229623329846,0.027995858356722726,7,19.115112824099405,0.22715571301178655,0.060803602709143846,7,48.96884504386357,3.035072717386117,0.9369737581639949,7,1.845632254469447,1.7296538821328344,1.0,2.0,43.0,0.9387037620155692,0.8714285714285714,0.038095238095238,D05,0.9291397849462366,0.8887096774193547,0.0170916538658474
TREE_010,TREE,9.811406646456037,0.9954957796638494,0.3049303809272458,7,19.337127225739614,1.5423826555477342,0.4463019603099925,7,1.5726905379976546,0.03819070723935309,-0.011264198291741388,7,5.103695386222431,0.37407803772503084,0.11332828624815118,7,0.05772304375256811,0.01789178362858271,-0.004766912830417978,7,4.750423088669777,0.37451144905141104,0.1129441494885508,7,0.5025345733655351,0.02818528696797168,-0.0058232562685173375,7,0.27988046214782764,0.015306536334088737,-0.0028028698727779575,7,0.891464828912701,0.03359785101207408,0.008765088623297921,7,2.4809897041746547,0.12706965733740663,0.03869939804626751,7,2.0557571668177843,0.21731346756174413,0.0638861641455746,7,16.47205832174846,1.3241422797043036,0.4094733341795473,7,47.81220204489572,7.70676586345254,-2.2019188626379465,7,1.161828344820004,1.0713375796178342,0.967816091954023,2.0,29.0,0.9666402392298794,0.5857142857142857,0.142152133580705,D05,0.9665591397849465,0.8236559139784946,0.0533657620754394
TREE_011,TREE,4.006832499589239,0.2743170931863023,-0.07718139908230624,7,10.48427379982812,0.437187526094712,0.05992169690425204,7,1.7214947970850127,0.02953889176388553,0.001483149231091175,7,2.495525037603719,0.05574540620742919,-0.010555620732731906,7,0.1864316302817315,0.037138218761085605,-0.00727729256728614,7,2.1288354136049747,0.13176333392726156,0.02469391688765626,7,0.5070287146206413,0.05622075596029542,0.012672891305973537,7,0.27683659243796555,0.031970920318839094,0.007162360634777033,7,0.8184473253786564,0.022829008338936464,0.004002579900085156,7,1.414461778210742,0.07093581300675632,-0.0018846798901916164,7,1.0118555527712618,0.09491222383973258,-0.02037482285017159,7,7.758627812777247,0.3004128679992715,0.056510351628799256,7,94.31734125954765,0.44870610454316945,0.023209245478515605,7,2.0,2.0,0.5,2.0,2.0,,,,D05,,,
TREE_012,TREE,9.85751252089228,0.9834468991024886,-0.2818730183434246,7,21.663564716066634,0.5424023170448702,0.1530973955256034,7,1.7964751315968377,0.05164158538073705,-0.0009487594523632662,7,6.19369155381407,0.22856008134874595,-0.034374128843916794,7,0.15913882049998002,0.07696158564850743,-0.018839460672127075,7,5.426365686314447,0.2708759828043013,0.08456187643354914,7,0.60374292904245,0.0844790823741442,0.025902323768336427,7,0.3329625445684152,0.043085355947973,0.013028106929879244,7,0.9001383068306106,0.012504276446540437,-0.00010257018882717447,7,2.5891294394220625,0.051651505663901344,-0.01184615813439916,7,1.3159930006201779,0.14268332925244206,0.02104236423724911,7,18.31328856093543,0.23719167105739397,-0.03335056234089899,7,57.03067096642086,2.545446782822735,0.7854551839046694,7,2.2998015482327023,1.7964912280701757,0.9706439393939394,4.0,32.0,0.8895267529597013,0.4809523809523809,0.103173334601906,D05,0.8967741935483868,0.6993727598566309,0.0496840137162717
TREE_014,TREE,9.214625041399684,0.5941603492911269,-0.14955221702818103,7,20.041791209152766,0.8068773859082369,0.21324871969027195,7,1.780952736735344,0.061475337820478,0.0056808009652090765,7,5.706354219998632,0.13014533105587234,0.03873329029464324,7,0.14233837570230076,0.05620188789084739,-0.014376721280239146,7,5.18166243072067,0.327611824483129,0.1013574205705373,7,0.6076474719281707,0.08944104989733252,0.02587693996849617,7,0.32673788143854054,0.039635424007383145,0.011386181659172155,7,0.8554328972739833,0.024571220744504633,0.002079902873298044,7,2.3946264450039183,0.09183350044244606,0.019863283750219306,7,1.2846036843423332,0.17282911183109828,0.003623229974390444,7,17.135993408305303,0.5420033292675249,0.15948336088999032,7,66.20320522785187,4.375807553385107,1.079024553054689,7,2.336573541485641,1.975609756097561,0.9111111111111112,3.0,9.0,0.7482417036662307,0.4333333333333333,0.1221273964131107,D05,,,
TREE_015,TREE,14.082376062870026,0.49454319864237234,0.11751019014198125,7,22.262269241469248,0.5352842040816577,0.15937475322699732,7,1.4159055788602148,0.027184716401946453,-0.0071446180160416655,7,5.368204991732325,0.18206001961208965,-0.03195155818076451,7,0.06465480947684098,0.012278868512103578,-0.003121161442173681,7,4.323665244238717,0.17563803716115337,-0.014399725058283663,7,0.31499681608485325,0.020797096292821757,-0.003245167621243386,7,0.16947460347520454,0.013291355297018075,-0.0017661637994918554,7,0.8463373625917094,0.026671607132092646,0.0007835890273334688,7,2.7029262632131577,0.0792837842149752,0.015842313618689083,7,2.6200358314173564,0.14573354237104832,0.023016666367528776,7,19.647805273532867,0.4019061364705205,0.12493676130400136,7,26.209102553980692,3.1689381974723028,-0.8617850511533207,7,3.8650554545874978,3.141304347826087,0.9429065743944636,6.0,34.0,0.7308555441225544,0.4795238095238094,0.1506634635206064,D05,0.7265591397849462,0.519336917562724,0.1108547844031715
TREE_016,TREE,10.4985810816288,0.8669032409056068,-0.24052767547183487,7,21.06814808504922,0.7470013730544129,0.1507484245984265,7,1.7849877348967962,0.1069634118971008,-0.029248623956055455,7,6.5898623040744235,0.29631185328022985,-0.09206197905491449,7,0.14859369824366045,0.12221190860179955,-0.03346416951872457,7,5.957109963255269,0.2884101405569268,0.057870737292241584,7,0.5912076359880822,0.07529407201297504,0.019238932235701077,7,0.3241205588648362,0.04219551270890355,0.010950218878503367,7,0.855172833693879,0.026137249613064226,0.0067721354607184914,7,2.5490363261529376,0.1328245671492846,0.033945600196840654,7,1.317320041491517,0.21800481135561012,0.06074533493975497,7,18.81422941173826,0.20239782408625942,-0.026897752504856067,7,54.77825110299246,3.735085410489382,-0.9552268908649021,7,1.3561314133862727,1.1980198019801982,0.9242424242424242,2.0,11.0,0.7663412258503135,0.3,0.2427169655741084,D05,0.7604301075268817,0.4172043010752687,0.1462604540023894
TREE_017,TREE,9.487590806824821,0.28889000401944737,0.06074499845748555,7,21.58968300478799,0.5472395135790268,0.13539962201821867,7,1.7564045095017977,0.140540238196808,-0.040628754503291536,7,5.928463978426797,0.2999882113529759,-0.08925411349437226,7,0.13241557635566487,0.08791518489787324,-0.024475590700543916,7,5.530525588563511,0.18993212914171195,-0.05622948785541423,7,0.6037914002580302,0.037535594606896795,-0.011170095737381912,7,0.33637739678046535,0.01728607585049868,-0.005170075568278747,7,0.8942214713564941,0.03403421761759728,0.008215397092528887,7,2.546035861330373,0.13139622143716773,0.0325377840304467,7,1.4762360509485006,0.30435618463457975,0.08512828446787132,7,18.60813833134515,0.1545678750571158,-0.02033184676385442,7,61.673698919160024,3.8918033074540475,-1.0982797248441187,7,1.9876669750024167,1.975609756097561,1.0,2.0,9.0,0.7949885558360619,0.5,0.1650752422180993,D05,,,
TREE_018,TREE,16.310919540269033,0.6326596454585811,-0.12816106564685956,7,27.495623775890895,1.14360428933178,0.34590876346728633,7,1.6020398629563195,0.04931536617228206,-0.006831295971499352,7,8.704716094902583,0.1935893244073654,0.024981093577673023,7,0.09750390599323769,0.05998718774537613,-0.01653817560169274,7,7.521762520074844,0.8491816079366966,0.25093758478760714,7,0.4714839809707233,0.06472077880037919,0.017874272788309935,7,0.2508745732318078,0.040006752374128624,0.01101538436162881,7,0.8529883804065841,0.03202737071582137,0.008118330722399866,7,2.746073820761272,0.12515222267399703,0.028490351604633896,7,1.779196051614625,0.2503791913243165,0.0730200757990112,7,24.88824568475996,0.6614995022780832,0.20651844827855045,7,30.9755676814488,3.1092961708075326,0.060008398577796315,7,1.7613591211464834,1.4117647058823528,0.8472222222222222,3.0,12.0,,,,D05,,,
TREE_019,TREE,11.803139039448329,0.4646454991148913,0.10444207159710824,7,20.496221022946493,0.9033633946409985,0.2639193919594157,7,1.5320334509015083,0.05842618248358785,-0.0172237124385645,7,5.452975854277611,0.18045169559903226,-0.03228342343793458,7,0.09488651364725749,0.04896773909922762,-0.013384589415077143,7,4.542077835117068,0.24841778916143833,0.07254793177373875,7,0.40191792763237444,0.02004765866350853,0.0013784028982864083,7,0.22260780985068,0.012994576347338018,0.0008286917982927193,7,0.8868012412318161,0.023980181290305193,0.004576826941404991,7,2.6361369927014624,0.11716112738374976,0.032914419582143556,7,2.173231676220894,0.2614669148409924,0.0724923963292076,7,18.199064697538102,0.535425346882463,0.1662826298690221,7,40.84960732289723,5.599496097497818,-1.7545263141881995,7,2.586409289858933,2.272727272727273,1.0,3.0,15.0,0.7969708520161297,0.4333333333333333,0.1221273964131107,D05,0.7883870967741936,0.5442652329749104,0.0713002529131561
TREE_022,TREE,16.316333396094187,1.5957071995741667,-0.23553836003680115,7,26.883429765701294,0.8046851710181357,0.23112412798600004,7,1.8385232495410102,0.07566965731494979,-0.01496620328150261,7,10.3393161041396,0.14622360750063762,-0.031036886768262557,7,0.20798555185319856,0.09582624621955904,-0.02177375686256198,7,8.582340921674456,0.9563984801570355,0.13426178867822922,7,0.5663868983143142,0.1139794819456014,0.017353962072492953,7,0.28977276790621026,0.06751871190951023,0.011380133281088441,7,0.7387259272592408,0.043736851510030275,0.011984286646618162,7,2.3318391708391055,0.21392981187588725,0.05546589698031802,7,1.039785390187587,0.17358086505610135,0.049592701855618156,7,25.161722081048147,0.4231605269837719,0.12656959231759662,7,43.78918308871133,3.7426457569291944,-0.3584933244302318,7,,,,,,,,,D05,,,
TREE_023,TREE,10.01974573305675,0.23835305921894082,0.013923138929684293,7,20.320022182805197,1.0676245300858576,0.3277833012283772,7,1.6655911494578635,0.06846081922405087,-0.017407816025565768,7,5.355330177715847,0.14932335536490296,-0.0036946036776563853,7,0.14775442674623004,0.06587646709825289,-0.018056684689401394,7,4.588780128530094,0.2616637905975962,0.07921118127395656,7,0.47853207162448336,0.03209698247839778,0.008414887361319793,7,0.270548263830798,0.018910040294555112,0.0049085828712299925,7,0.9140927137008735,0.015017513452627711,0.003379584091608582,7,2.5853258733238493,0.0670525376173566,0.020613088196173652,7,1.749404356947967,0.24297633206586947,0.05770777566282089,7,17.09416801588876,0.41441108091776946,0.12508012818508216,7,57.32911724703653,2.94816727712966,-0.9145259351515228,7,3.649191713521363,2.640718562874252,0.8617511520737328,6.0,21.0,,,,D05,,,
TREE_025,TREE,12.762817118849073,0.29311471229037633,0.06575581742847361,7,21.655731073447637,0.959418518286298,0.2862571899275262,7,1.5398515313863754,0.07220868760695531,-0.021313683633676993,7,5.866341790982655,0.23962071478595254,-0.06886029197666356,7,0.10929574677720666,0.053671311095315095,-0.015510062598475278,7,4.806856840848923,0.14213617447452473,0.03259093128144737,7,0.3909039892522352,0.012045025380885683,-0.000278563490595415,7,0.21611422140683448,0.007795384100156047,-1.9711054876775973e-05,7,0.8857336273150784,0.024357538395222752,0.004969969689540621,7,2.695394623492445,0.11142219468538857,0.028910187668487245,7,2.087853497692517,0.2769705586929533,0.08129914132420005,7,19.111868960516794,0.40843819894203104,0.12828457502067817,7,35.92487721783774,4.482558947659268,-1.3861182450515126,7,3.965304965504902,3.0828025477707004,0.9328591256072172,7.0,44.0,0.753679641046497,0.4994557823129251,0.161264529121672,D05,0.7410752688172042,0.549695340501792,0.0879758712016776
TREE_039,TREE,13.799460504736219,0.3525752597764484,-0.07899421429047687,7,21.996569395065308,0.6302999931126476,0.18483625205813642,7,1.516136379114219,0.035335284552805185,-0.006764611198765155,7,6.0972865500620435,0.16251356040438955,-0.027685706793772108,7,0.09673631765014891,0.03762575491974917,-0.00968077747684652,7,5.079170618738447,0.2352331662426773,0.06573788241529084,7,0.381617716247482,0.029069422863222668,0.008101637910318628,7,0.20919191923790745,0.0180947820305034,0.005019439862407403,7,0.8750922435096332,0.029059444803913745,0.006713254239837556,7,2.7223060790981566,0.10793370380493979,0.027622024788230705,7,2.352834988119347,0.15302853504056352,0.03034042167767249,7,20.048056023461477,0.24165499357621376,0.06592632390436517,7,29.872766264847346,1.7118471521064647,-0.1560954882717514,7,3.805805378073664,3.2514506769825915,1.0,5.0,41.0,0.7549399317168963,0.4852380952380952,0.1097218654361511,D05,0.7562365591397848,0.5524372759856632,0.0945890549116355
TREE_040,TREE,7.2617813391344885,0.37488761279346794,-0.10208167089912844,7,16.045423993042537,0.48077022448812107,0.08961362977985311,7,1.603189307664122,0.03512969546006407,0.007876635910790644,7,3.728513334478651,0.05797727159998265,-0.015085439274056922,7,0.09273682049076472,0.010170224996737887,-0.002407309088949402,7,3.200431177658694,0.119627471802425,0.033129505797853814,7,0.487660447667752,0.04643429327874279,0.012684854957443063,7,0.2700126264244318,0.026836269927481136,0.007127851946279411,7,0.864641792007855,0.017454766464814305,0.003047319213081018,7,2.118782264845712,0.0668575042394213,0.007140856327824865,7,1.8544408774801664,0.1782527669779212,-0.035453278563733974,7,12.644897179944175,0.2079073912407846,-0.053477988990604894,7,74.02919006347656,1.49829966840469,0.3088304637397067,7,4.732415270834381,3.834733893557423,1.0,6.0,37.0,0.8016804726418695,0.4980952380952381,0.1395234923806352,D05,0.8289247311827956,0.6077956989247311,0.0994143252207768
TREE_041,TREE,19.034903832844325,0.1952210338696137,-0.024390399089602013,7,25.581719296319143,0.4097933379696271,0.1152255737879223,7,1.427761795265334,0.060102771063845546,-0.01757082101873681,7,7.004433593579701,0.6946127436410114,-0.20158527076977154,7,0.11274602502817288,0.04193619441495383,-0.012225527460061824,7,4.30628622003964,0.06353952572608419,0.016015692354469795,7,0.23191861003371222,0.0062031685531556465,0.0015691148754606134,7,0.12159633436905486,0.004808559999432161,0.001192662324832714,7,0.7926975632352489,0.019547064424017897,0.00437441531599296,7,2.6961876345532283,0.10276089782151773,0.0257045460834365,7,2.2591298169323375,0.34278111102725395,0.09988994459759008,7,24.13031666619437,0.1266021765924369,0.03552072189870335,7,16.28399620950222,3.458037639476315,-1.0224794813233267,7,1.999522047462546,1.698492462311558,0.9643874643874644,3.0,26.0,0.7449122432674127,0.6095238095238095,0.090789527932385,D05,0.7503225806451613,0.5806451612903225,0.0884372915018076
TREE_042,TREE,19.293115028313228,0.43783460760515913,-0.1178796062948236,7,24.9365336894989,0.41376702008053523,0.10076096458513173,7,1.3565465499247824,0.06065710708035341,0.0175548651423607,7,6.216794575963702,0.7741490275733981,0.22112396255623606,7,0.07919182182688798,0.025176866171725147,0.006903296863263085,7,3.8638150904859816,0.4308747875306943,0.12874592352108694,7,0.20388340976621425,0.027593853631586254,0.008307840428925661,7,0.10514081419179482,0.016493095016418165,0.00489123258119455,7,0.7576804698577949,0.04608804908110418,0.011972804958397526,7,2.7220373260123387,0.13781669806229627,0.028012820351563175,7,2.6152186074427197,0.3716537541946987,-0.10268982153263446,7,23.556538649967738,0.1983839045929904,0.06068117208168198,7,11.55909679191453,3.745324457354131,1.0986449960618958,7,2.453209860475848,1.7475035663338083,0.974436090225564,5.0,35.0,0.7313876267609178,0.4480952380952381,0.1281834038976896,D05,0.7432258064516127,0.55421146953405,0.085706372480566
TREE_043,TREE,9.547960524048124,0.23218878013713895,0.06220003968623776,7,20.379536424364364,0.9851515301976743,0.2964008953727636,7,1.6152352829064642,0.07288373352627961,-0.02251725746165991,7,5.216102410640035,0.1884982234032948,-0.05427973555614612,7,0.09917397828290372,0.056796392806840026,-0.017041845299571937,7,4.631902562720435,0.12747703394336574,0.03364549342115358,7,0.4939006974122354,0.013276994090075711,-0.0012346814905644073,7,0.279072953521141,0.007969954671205644,-0.0003269789358753603,7,0.9109009674617222,0.018584413149585092,0.004465653286239117,7,2.4801040536590984,0.07592127277835316,0.01546200096118637,7,2.0649724496262416,0.552998071574794,0.17262895629725658,7,17.094369402953557,0.4569831555569836,0.1427906504908529,7,58.37166597161974,2.6633652369475076,-0.8039116788594336,7,1.3968520179544737,1.1770244821092275,0.9232,3.0,25.0,0.9494915527127544,0.619047619047619,0.08430426716141,D05,0.958494623655914,0.7955197132616488,0.059426523297491
TREE_044,TREE,9.251257640974861,1.0972505268391046,0.33996907029239626,7,14.592056112630027,2.092627722450256,0.632055698115314,7,1.4911274292639323,0.061604727955828026,-0.0007460262840163393,7,3.9951095219169344,0.6229617391275114,0.1792304603474494,7,0.12204615851598126,0.03991935640215547,-0.008493037218777897,7,2.8094730973243713,0.7807063510933038,0.23517149957048988,7,0.3034211404488555,0.05953421308134974,0.014986006981982712,7,0.15622249591563428,0.03708887961514292,0.009128616913794,7,0.7681367165808167,0.09825584247701621,0.02334964789495922,7,2.0506453407662257,0.4098318964976057,0.11015075379524411,7,1.8553934916853905,0.24374020012975958,0.026822874215663182,7,12.54393104996,1.8517052250941064,0.5776204944389699,7,62.404823303222656,23.889059563548088,-7.474051040459764,7,1.9795489558364456,1.6129032258064513,1.0,3.0,30.0,0.943824522854534,0.6904761904761905,0.0645784374355803,D05,0.951290322580645,0.8152329749103943,0.0341338112305854
TREE_045,TREE,12.710013960089002,0.3648061732623643,-0.08509713411331236,7,22.042355009487697,0.5632858396504815,0.15928790706102658,7,1.5562469086476736,0.04985376528742998,-0.012922512138353773,7,6.022514981882913,0.21805822386723775,-0.05276267358758277,7,0.12097902006020636,0.05442217401507621,-0.015677098216313284,7,4.878609459315028,0.3358372632540163,0.0924838146836066,7,0.3911731593044741,0.03799054713026402,0.010060973635294634,7,0.21422412086810386,0.02261347303874489,0.006124562465540013,7,0.8753806943339961,0.02481821537856899,0.006751297354759207,7,2.6738032954079762,0.0975703269611124,0.02773101548435222,7,1.9337180043969835,0.21157735403243286,0.05752176880744728,7,19.093382682119096,0.11186732889532038,0.019721552973887273,7,34.63542269808905,2.442933705791585,-0.6325710695542156,7,2.498670617524401,1.8935064935064927,1.0,4.0,27.0,0.753033994839144,0.4928571428571429,0.0980514723371866,D05,0.761720430107527,0.5832437275985662,0.077949696659374
TREE_046,TREE,16.036287128925323,0.48972031110666325,-0.1137031127439167,7,23.998172215053014,0.3564420341633932,0.09737306857695303,7,1.4683338680437632,0.03423002285950426,0.005061412016387821,7,6.69373716201101,0.2429391047314179,0.01644994574980529,7,0.09653865995850149,0.01698307692510044,0.000519206097943979,7,5.078040919133595,0.1511681979052138,0.03899904123705915,7,0.32019343612981693,0.020387440810040264,0.004942175665045866,7,0.1753840409219265,0.013336741690510013,0.0032577547912684426,7,0.8636048212647438,0.02813812345839098,0.006959110490794459,7,2.8156480618885587,0.0725935835321453,0.013840155309584887,7,2.415753145303045,0.20797622307876742,0.003925217071274083,7,22.27596170561654,0.09261539258593585,0.01167353181565358,7,24.20706318957465,2.9678355906844716,0.6154626750799435,7,3.303027201024244,2.53448275862069,0.9297142857142856,6.0,42.0,0.7502783817150078,0.4561904761904761,0.1554369440083725,D05,0.7704301075268815,0.603225806451613,0.0781567596083725
TREE_047,TREE,15.970589714390892,0.30766474389316817,-0.02438324750935443,7,22.436622960226877,0.317254117897773,0.08868845368994861,7,1.4406428337097168,0.056723420085398796,-0.016938979676390024,7,6.042260932070868,0.49202868340893713,-0.14392389668548486,7,0.10721762888299834,0.042033326197162005,-0.012394375180191798,7,4.07896271773747,0.16201758308103145,0.026216432238455177,7,0.2647277012999569,0.01443877902496275,0.0021445455609774805,7,0.14138197027412908,0.008926838756054732,0.0011960141872223659,7,0.8167123326233455,0.028743926603848377,0.005413695085854757,7,2.68281667892422,0.12587655489116809,0.029437626574615558,7,2.340925677546433,0.33900767689278866,0.09963543439802923,7,20.882070234843663,0.09560264273859055,0.01328951169232819,7,21.845586908715113,3.273221509372211,-0.9652570921499998,7,3.3842654029976043,2.151219512195122,0.7665732959850607,7.0,21.0,,,,D05,,,
TREE_048,TREE,7.173303995813642,0.5089078537159623,-0.1484508620666682,7,18.63273755141667,0.36587484251923097,0.024952069169185166,7,1.8039516561797686,0.07111043509521758,-0.01939405819981245,7,4.91972582255091,0.33197339954017624,-0.1017076981666131,7,0.12864456006458827,0.06856480421041804,-0.019676075491588348,7,4.634035127503531,0.21272163333035204,-0.06296806306135255,7,0.6639219543763569,0.02601994830216872,0.003510304169393896,7,0.37027545645833015,0.013034250902405335,0.0012344947413039963,7,0.9042925935770784,0.008254060675148556,7.63874210905227e-05,7,2.3254686998469487,0.07710389558452717,-0.022120624918062753,7,1.3578749783337116,0.2306841916998844,0.0675910888850423,7,14.974728550229754,0.29003517281063734,-0.08744137343324532,7,71.86023337500436,2.695953611692722,0.8390129916980558,7,1.908066651486364,1.83044982698962,1.0,2.0,69.0,0.9429893233649932,0.8714285714285714,0.038095238095238,D05,0.9281720430107524,0.8887096774193547,0.0170916538658474
TREE_049,TREE,18.44047542129244,0.2863874399867111,-0.017609381895572332,7,24.698892184666224,0.5906216800027286,0.1701908663648064,7,1.371573424765042,0.027301647381564757,0.0023909366430070558,7,6.16648629946368,0.36162314256181005,0.06064577196098302,7,0.07961400700566758,0.013198705001944063,-0.00024692438348196367,7,4.089986118887152,0.25980174228584624,0.05935107257033865,7,0.22616891589547908,0.015638600233796804,0.002861441176033487,7,0.12095398512402815,0.010219012070836022,0.00204262568197423,7,0.7924060810889516,0.03993927840532976,0.009550484072905423,7,2.7995157816580365,0.13362731015968088,0.032270877057166955,7,2.6777965490307127,0.212903589142085,-0.013252966991454949,7,23.220458507537842,0.3135929739430862,0.09374578297138089,7,14.044713908008166,1.7561378328139716,0.03576214061895973,7,1.480936217579442,1.3005780346820808,1.0,2.0,30.0,0.7688197382473668,0.5,0.1650752422180993,D05,0.7793548387096775,0.577956989247312,0.1153396484041645
TREE_050,TREE,11.383113177227122,0.32247275187436897,-0.046770661947179167,7,19.03557559741395,0.7445187325499677,0.20444596296206818,7,1.8609400923763002,0.10762924525955771,-0.023772700781338103,7,5.6272909620643725,0.14072419364030542,0.027334424690915033,7,0.2907640925300906,0.05792457256325955,-0.012404112805389056,7,4.722545414514441,0.1883504082323998,0.043048173731401004,7,0.43941627925128807,0.027823565086343247,0.007125626520929382,7,0.24026109324768186,0.018032426629990276,0.004564147597163568,7,0.8597590503948076,0.03713669599008316,0.0057823384073790425,7,2.606968444033732,0.1511076007985451,0.044299721994327634,7,1.7183626592691457,0.2758588658616243,-0.04155194742701553,7,17.36563809162804,0.3358541152884079,0.10112315427786772,7,54.05296186038426,1.8260634897692047,-0.28891324532813284,7,2.608003384231673,2.3310344827586214,1.0,3.0,26.0,0.7978889908969833,0.5666666666666667,0.0922407750979179,D05,0.7859139784946234,0.6197132616487455,0.0602446120188055
TREE_051,TREE,12.601378832544599,0.3932952775445748,0.04324359471191928,7,21.60844499724252,0.4155049186689123,0.11202992963009054,7,1.4474704840353556,0.02818409554227306,-0.006953171622313393,7,5.220041309084211,0.16536819402180372,-0.037673226389728934,7,0.05472161487185596,0.015344023976339277,-0.004486093921782501,7,4.529612226145608,0.14836505890718668,0.0020325187837980066,7,0.36743816853101763,0.02153050306862753,-0.0008853294650000519,7,0.2060599522665143,0.013113826395256026,-0.0004794544093768447,7,0.8884369108293738,0.021994510238497418,0.0030556235874651437,7,2.678431538598878,0.08280475975489199,0.020110132722336027,7,2.923064756606306,0.2048045893401913,0.047110802264976735,7,19.331907272338867,0.16159648274621297,0.046629886891020225,7,33.01781280551638,3.397855781906971,-0.6121332283879726,7,5.490126823983123,4.585291113381001,0.985513608428446,8.0,67.0,0.7491187575568143,0.4109863945578231,0.2233891458681375,D05,0.7696774193548388,0.538225806451613,0.1266400982530014
TREE_052,TREE,9.010800744806017,0.5827016908321171,-0.15874510783640267,7,18.569363483360835,0.38136612032348294,0.03817792200163093,7,1.5923965232712882,0.02451931248627138,-0.004273100069067783,7,4.901888489723206,0.25938429834513926,-0.07956110313534545,7,0.07458746546347227,0.026133972422228778,-0.007436937162415023,7,4.508034016404833,0.13058161423287612,-0.035370091861875785,7,0.5036623331585101,0.020241980996565413,0.004982579201764958,7,0.2872816104707973,0.012082670317580467,0.003003281161387394,7,0.9339161797293595,0.009158551447109203,0.0011284344173113025,7,2.4639662568058287,0.054115165944950624,-0.008065585901990458,7,2.110478810966015,0.13001328806587778,0.02980400586775698,7,15.998844938618797,0.43902574187671384,-0.10330815784266015,7,61.76232496329716,3.9650166457072515,0.88917585963102,7,5.660710409259566,5.062585034013605,0.9841353781068218,7.0,61.0,0.79847630421683,0.4907482993197279,0.1564311085739657,D05,0.8023655913978494,0.5969892473118279,0.1072657330721846
TREE_053,TREE,16.64856972013201,0.24047846480860857,-0.017436420209094625,7,24.023759858948843,0.2814753198366832,0.05923352793591732,7,1.4063504838517733,0.036943581829510484,0.0025147373986537233,7,6.078418755105564,0.3606957768377476,0.04537112082614183,7,0.082805336943628,0.020385706376578678,0.00030900672238917166,7,4.3958645441702435,0.14025474110755848,0.030645615986136004,7,0.268659284205309,0.011490655595825204,0.0017168985328591228,7,0.1495698306576482,0.00653672138567417,0.0009074399264941561,7,0.8453977358128343,0.017569412860457496,0.004374368902540099,7,2.7931504419871738,0.0857337171048932,0.02096859677160331,7,2.6352328775184497,0.24194421307621802,-0.017963174852678968,7,22.49448949950082,0.10645427760391557,0.020523578905668877,7,17.136167961971037,2.680855392384314,0.18125975316726017,7,1.6758188111116472,1.3870314083080042,0.9743954480796586,3.0,37.0,0.773503810886492,0.5904761904761905,0.095050505050505,D05,0.765698924731183,0.5775985663082437,0.0907107170010396
TREE_054,TREE,10.913475841283798,0.31939208895378596,-0.030205931697712463,7,19.10514316388539,0.3430080291863701,0.011585185151608448,7,1.5415244868823461,0.03899425918155397,0.007965389349054957,7,5.118479149682181,0.15734587738300423,0.02763618287615007,7,0.10400204241575141,0.025128346293454444,0.0050325923459508155,7,4.325336300901005,0.08257999225961604,0.0005996206805839767,7,0.40272276130105766,0.0186318969967695,0.0006946399025466167,7,0.228451257505055,0.01147007978760471,0.0003526740474626376,7,0.9147172644734383,0.01580416745109795,0.0023176319759766247,7,2.5797155861343657,0.05210113690558124,0.01136533857979716,7,2.3015288279524873,0.23676545195608123,-0.04663974001667622,7,17.29255587714059,0.10049502519844244,-0.027502275636938356,7,49.79931654248919,2.45920513528337,0.24434557239540086,7,3.207828367558037,2.5557127697205515,1.0,5.0,85.0,0.7804714593172231,0.4447619047619047,0.1307210250067393,D05,0.7384946236559139,0.5210215053763442,0.0926800857446018
TREE_055,TREE,15.92451925788607,0.4675224178039924,-0.11733277471827563,7,25.48696035998208,0.4542949946599251,0.12418763876938337,7,1.5562320575118065,0.0299553728396735,0.00171993587349289,7,7.583317709820611,0.21703543522357174,-0.012178539252671582,7,0.12371316565466779,0.025936966457998565,-0.0021127852020578304,7,6.029833421111107,0.1923073606287698,0.04809204082874866,7,0.3854314374870488,0.021957093049912068,0.005778517200016012,7,0.21495815087109804,0.013315124699359053,0.0033854064922855683,7,0.8984411880373955,0.022518270695498114,0.004467809168224881,7,2.9154256922858104,0.07507276217675452,0.014370821141561341,7,2.0511603951454163,0.17943353614367183,0.0014506769442897795,7,23.4198100907462,0.1317880793347071,0.004081409729893566,7,29.570472155298507,1.8837037441113855,0.17573497310036956,7,2.542391890526857,1.989648033126295,0.969758064516129,4.0,31.0,0.7586141455489116,0.6166666666666666,0.0867162995734424,D05,0.7661290322580645,0.6343189964157708,0.0644474700926313
TREE_056,TREE,13.185772214617048,0.3835416880540975,-0.10677804883386159,7,21.488432339259557,0.34689765971020997,0.046510205649938095,7,1.5811941517250878,0.04993895869932783,-0.005211630988804735,7,6.4768913473401755,0.27319846468683257,-0.04330484978243868,7,0.14114843761282309,0.04446528664230231,-0.009014282169461506,7,5.010002915348325,0.2658419930235834,0.07824103741860688,7,0.3873122464865446,0.032272861025466656,0.009254507254809068,7,0.21464673815561192,0.019455120471401403,0.005558483260607333,7,0.9005500668925899,0.023687461000844557,0.006179744331929451,7,2.7556936187403545,0.07043512676278381,0.014739161784775513,7,1.8755813049418586,0.2522667165748861,0.045136667696422404,7,19.52157289641244,0.06400260622694717,-0.003971446000162072,7,36.467673650809694,2.788025081985484,0.09795958292290095,7,5.886187597418735,4.681647940074907,0.9408053691275168,9.0,50.0,0.6969489146942763,0.3737755102040815,0.2596010292228779,D05,0.7140860215053765,0.4474193548387097,0.1770857816019106
TREE_057,TREE,12.860372104815074,0.6297914335509402,-0.18123361254568643,7,22.757289869444712,0.639999458546807,0.1883905762043138,7,1.5877055280974932,0.03644821084115402,-0.008580525909535106,7,6.492170627628054,0.2862194533674683,-0.0820690850253949,7,0.11187455117968577,0.055032893968083765,-0.015744421270878106,7,5.477040371724537,0.29816473658672155,0.08232640133040904,7,0.4410879095750196,0.047384451553664435,0.014066913184236446,7,0.2435270758079631,0.029649810322445038,0.008741349514314196,7,0.9024236298033169,0.027287411081900526,0.006909721889762053,7,2.7631013052804128,0.07319844284541593,0.01821994983026225,7,1.8991829582623072,0.25340658008867245,0.0733244504443684,7,20.03219539778573,0.1900856864627124,0.05322273564143309,7,36.64139552627291,1.4336274564437728,0.263948777782128,7,2.381418131978979,1.6962663975782035,0.9767711962833914,5.0,41.0,0.7820867561387784,0.5023809523809525,0.1072976230119087,D05,0.7508602150537634,0.5322939068100357,0.0990020791633694
TREE_060,TREE,8.289524231638227,0.7968732855374454,0.24802032725305018,7,19.532716873501027,1.2255642911824043,0.3491974387806429,7,1.7141746963773454,0.1583980399328631,-0.047954521935860694,7,4.824339437431523,0.1394480639956655,-0.01463917321449115,7,0.12352891408954747,0.08893797296574939,-0.02619375920457079,7,4.603706332987973,0.11247517316487997,-0.009960658768130471,7,0.561067518245961,0.04781179883989061,-0.014116019575444262,7,0.3092135479673743,0.023296451653502474,-0.007077224350335804,7,0.8746721249605928,0.01604813995663861,0.004619381268371297,7,2.2701045102661563,0.062030300581914194,0.018944574801424023,7,2.117293885518752,0.5674073187355053,0.1773036002784523,7,16.28546103835106,0.9095419592645946,0.26317255311935295,7,70.61087793963296,5.486805980621352,-1.7168015283150488,7,2.796905881988208,2.1777777777777776,0.9453781512605042,4.0,14.0,0.8378693266416327,0.5071428571428571,0.1038536067107495,D05,0.8194623655913978,0.5889784946236559,0.0745393256683579
TREE_062,TREE,7.063057699373791,0.24642610200158682,-0.06755374384219469,7,15.508391576153892,0.7550638025499009,0.1995769255473927,7,1.6671531008822578,0.03633805157837051,0.0009752014560290864,7,3.917828713144575,0.10906199113747811,0.012529184828039119,7,0.16730867761985532,0.04611436562323794,-0.010297805831870468,7,3.1927431683455194,0.27324153800931594,0.08475709847006567,7,0.4554226744387831,0.05934065516772084,0.018047484714293432,7,0.2576822681086404,0.0341286288256251,0.010371103903782451,7,0.8875075961862292,0.025655745109442782,0.007493437328910218,7,2.2410164262567247,0.06553638970518104,0.019688902483855873,7,1.5500896525170123,0.14203591611635757,0.0036878490851058343,7,12.516435716833387,0.21922032288891183,0.06676925254649707,7,85.20424359185355,1.4868130667488,-0.421432225919146,7,1.5619578231851774,1.242685025817556,0.9487534626038782,4.0,38.0,0.8630914576376489,0.6809523809523809,0.0559836988408417,D05,0.8359139784946236,0.6116487455197134,0.1316103430619559
TREE_063,TREE,7.629576568092618,0.18009260520611917,-0.0414136838106846,7,16.893788950783865,0.6280902638409999,0.1780055189718937,7,1.7104119030492646,0.09579625391482245,-0.024056016009483826,7,4.152420663407871,0.07374441342278987,-0.010630246923595536,7,0.1589398205209623,0.0740355606748279,-0.019269335234967377,7,3.647797740995884,0.09116157830958639,0.024836545535286598,7,0.5165025512022632,0.012033642560275882,0.002315416172543854,7,0.28961269464343786,0.007424746396254316,0.001743122169053314,7,0.8873573749193123,0.008915350919521102,0.0016514104714647109,7,2.3037679716944695,0.03255073220780044,0.003892085850849272,7,1.629092682951263,0.16053790893900677,0.04135409308612644,7,13.66804438829422,0.15934919055455277,0.0009140559762205424,7,70.01918179648263,0.5477177097067001,-0.007515063295589862,7,2.151724088888044,1.6363636363636362,0.9688172043010752,4.0,30.0,0.8399674437529536,0.6714285714285714,0.0578692735835593,D05,0.8206451612903226,0.6647849462365591,0.0672688482365901
TREE_064,TREE,12.231695464679174,0.13870544439330462,0.007289888978492579,7,23.48955636365073,0.9149269565756764,0.27607641137036876,7,1.661076834159238,0.067757601771619,-0.017133813916293112,7,6.640381538442203,0.22826563856082993,-0.025333093418204812,7,0.13245266799016722,0.054782710744354625,-0.014398883597364116,7,5.776160176311221,0.16292112960746444,0.04087328049735951,7,0.49746034148016144,0.008764135090993318,0.0017382648704788305,7,0.2814899374996977,0.005537257647493564,0.0013757706657968527,7,0.925957977771759,0.015985419234673764,0.0043792335591354495,7,2.7285868940608844,0.06032647010461397,0.017617964704871765,7,1.8922434848334109,0.2884865124517982,0.07243988658377817,7,20.764202262674058,0.43010738055291914,0.13566571474075184,7,48.675347089767456,2.1320666447615366,-0.5255660625998942,7,,,,,,,,,D05,,,
UNDE_001,UNDE,14.164756962231229,0.5699343124823277,0.0247933740010027,7,21.981294427599227,0.652115071649655,0.1455173614572306,7,1.4034243385706628,0.0423033660421569,-0.0029674980056579,7,5.341833046504429,0.312823453805758,-0.0038552658907214,7,0.0503894359966839,0.0157466842350953,-0.0032928938448183,7,4.534848045025553,0.311881893212485,0.0436372687032476,7,0.3256518014573625,0.0322782934297749,0.0021659850856655,7,0.1731780449460659,0.0197860129952849,0.001357298524722,7,0.8506782102797713,0.0351447429172445,0.0048126859941565,7,2.688834092446736,0.1260742986722967,0.0288475548817974,7,2.632095083594322,0.2755990231008369,0.0443105467091329,7,19.87022272178105,0.2701718613622702,0.060019027258529,7,21.23164343833924,3.851918738869794,-0.2097036330426325,7,3.566700728256409,2.913793103448276,0.9643874643874644,5.0,26.0,0.6602483255081207,0.3402298850574712,0.138863818174163,D05,0.6558620689655172,0.4103448275862068,0.1226261031433445
UNDE_002,UNDE,7.249347989048276,0.5116910578155829,-0.0554990665834458,7,14.019412347248622,0.5494535831394359,0.1235023634355576,7,1.8181029632687569,0.1468716664866671,-0.0294130236276837,7,4.349768057465553,0.2464806637774115,-0.0159767922319349,7,0.2510344232432544,0.1237208189682071,-0.0257149841731841,7,3.561418590801103,0.1749308422895384,0.0452484196571053,7,0.496671339230878,0.0434333305319352,0.0092193538239073,7,0.2817511739475386,0.0290669693566643,0.0060596065099549,7,0.9280986759279456,0.0261994752482173,0.0053455473809335,7,2.2848640786749974,0.0921990371946012,0.0229795863699229,7,1.089654644685132,0.2644401811602077,0.0526266102831749,7,12.246342182159424,0.2576245796395692,0.0498384040642957,7,80.1754332951137,2.9072840826956674,-0.7354602510811854,7,1.949812701434697,1.9040444091990485,1.0,2.0,49.0,0.9425811846606948,0.8275862068965517,0.0892944220530427,D05,0.946896551724138,0.8787356321839083,0.0442362873397356
UNDE_003,UNDE,9.0774473292487,0.6719256667407403,-0.0633767161090843,7,17.56802545275007,0.5011387600987268,0.0931782551476213,7,1.564613625407219,0.051036808274116,0.0057931485143108,7,4.72074336877891,0.0779039867842564,0.0117803994627272,7,0.0587279381870757,0.0108347230714447,-0.0002058033196142,7,4.364658402545111,0.0880336490439534,0.0223838605719511,7,0.4942098454173122,0.0432268297191977,0.0064350539421448,7,0.2808971307905657,0.0261358778880252,0.0039244298040714,7,0.9328348844179084,0.0182573338367979,0.0037846909225231,7,2.442867284374578,0.0349036509723892,0.0071066586514476,7,2.19794426964862,0.2598353143395295,-0.0236863433765094,7,15.460867140974315,0.3266253433880806,0.0572511401088511,7,56.68251039300646,6.413178032946086,0.6851391973065549,7,4.839263739478291,3.4326530612244897,0.8644888082274652,8.0,29.0,,,,D05,,,
UNDE_006,UNDE,14.761181848389764,0.569041335887475,0.0349563334564693,7,21.087260552815028,0.6931576891271047,0.1974787585070876,7,1.3916289657354357,0.0422229773934947,0.0001220168912264,7,5.215124653918402,0.4815412135752968,0.053402093956705,7,0.0474649335436489,0.0123350036620513,-0.002768948679152,7,4.343610476170268,0.487415670364328,0.0958395442910126,7,0.3141409887133964,0.0377767085340585,0.0048706821456062,7,0.1620896638903234,0.022148671851966,0.0024462876083772,7,0.7852469735911914,0.058342024262092,0.0104544269623326,7,2.533069927777563,0.1911258444976845,0.042334987446055,7,2.573798831552267,0.2676443330361626,0.0052529332976116,7,19.4747303213392,0.5131794041059937,0.14873804359651,7,20.88460412355406,3.479072767349901,-0.1019229453179191,7,2.446725210899252,1.7245508982035926,0.9233333333333332,5.0,24.0,0.6947972124133514,0.282183908045977,0.1474150370702094,D05,0.6959770114942528,0.460249042145594,0.1300974440629612
UNDE_007,UNDE,13.18319604226521,0.4722219609698743,0.0817349801053766,7,22.268151129995072,0.9106334362527788,0.1672755218431598,7,1.4800076027001654,0.0364075749039438,-0.0078686663697733,7,5.712578962956156,0.1967408996753054,-0.0182978201840744,7,0.0544613666965493,0.0176070620647431,-0.0047519046656518,7,5.1292876324483325,0.2121792865332624,0.0234131103412049,7,0.405699998007289,0.024484243789016,-0.00135833178227,7,0.2210930707598371,0.0150432335372063,-0.0005504157342642,7,0.8693680678095136,0.0256758557905526,0.0043409172002775,7,2.691613646490233,0.1150318492974979,0.0234130893940808,7,2.287781852430531,0.2416729272373924,0.0610866262195784,7,19.87487575837544,0.5044893975127595,0.1464677948932179,7,27.33843737414905,3.483311341756915,-0.5779706849792942,7,1.7830498315865155,1.4378109452736318,0.9477124183006536,3.0,17.0,0.7447843345640345,0.367816091954023,0.2235840787564925,D05,0.7196551724137932,0.521072796934866,0.1284382411968618
UNDE_008,UNDE,13.03251508304051,0.5695360191391926,-0.0180898480972305,7,23.87245213985443,0.459713756636679,0.127889699623233,7,1.5618533002478736,0.0345037239672692,-0.0074822434117315,7,6.808163583278656,0.2496482510048913,-0.0663082586815122,7,0.0537919990934564,0.0155780844273431,-0.0042561727272276,7,6.367670795747212,0.1519171396488068,-0.0367834608330101,7,0.4961472821554967,0.0233429505130138,-0.0021657419627623,7,0.2799578577812229,0.0144923793652497,-0.0008028784011047,7,0.922618025115558,0.025130188450702,0.0050226209043967,7,2.7639247200318744,0.0628352893665886,0.0153345759713747,7,2.47822894262416,0.2224995083633505,0.0465066614331769,7,21.76085865497589,0.2177788509191519,0.0366904371586002,7,39.938174383980886,3.176913918709748,-0.4010483505295926,7,3.288038752081306,3.045045045045045,0.9643874643874644,4.0,26.0,0.6770063113849261,0.2270114942528735,0.1991213767075836,D05,0.6532183908045978,0.4366858237547892,0.0898523826110033
UNDE_010,UNDE,13.055563986301422,0.731382447876786,0.05399673480968,7,21.98396076474871,1.0713707819053488,0.2561988633919935,7,1.4756479848708426,0.0439255703749046,0.0001254976864476,7,5.787862994841167,0.2294030886277394,0.0344281225907998,7,0.0563011031024091,0.0131920236614511,-0.002835680939437,7,5.156286382249424,0.343695148221185,0.0754944740443444,7,0.3989680654236248,0.0413345267567143,0.0045881085307719,7,0.2186515653239829,0.0270295750683323,0.0031001811091345,7,0.8895225024649075,0.0306951706111406,0.0060666558241135,7,2.721810858164514,0.1147368080669998,0.0294012679855843,7,2.342713956321989,0.1827400575520709,0.0204884904116147,7,19.39603422369276,0.5991165582863551,0.1696928235106781,7,31.51059251172202,5.0497762761985845,-0.0335956855875546,7,4.320947013132771,3.2314939434724086,0.9811616954474096,7.0,49.0,0.686561686799336,0.4363711001642036,0.0820431315360321,D05,0.7205747126436781,0.5689080459770115,0.0647345438724749
UNDE_011,UNDE,8.72438376716205,0.2864210013336386,0.0563709401815641,7,16.85948521750314,1.0661176149736231,0.274134203547337,7,1.519793633903776,0.0225355541783743,-0.004594272323197,7,3.9272872635296414,0.1344495165875452,0.0373530862700255,7,0.0818855988348202,0.0282248764665831,-0.0066074347379354,7,3.530280128121376,0.2112528717158315,0.0565705237696405,7,0.4158739631197282,0.0229202062532024,0.0043180198485001,7,0.2361788393131324,0.0138737545754212,0.0026177616339543,7,0.904292557388544,0.0123900833996569,0.0025336930650423,7,2.3553518184593747,0.0863634061136758,0.0219135112510841,7,2.528683572209307,0.1050711645726368,0.0060724801857207,7,14.25181463786534,0.5222198928082924,0.1517522558569908,7,66.40833864893231,2.7760794269205795,-0.6732444010797095,7,5.4599821340772,4.841897233201582,0.9444897959183672,7.0,35.0,0.7715939752730927,0.5407224958949097,0.0635315383286985,D05,0.7818390804597699,0.6320306513409963,0.0660294175811417
UNDE_012,UNDE,5.676270703652075,0.2163768647714471,0.0361426956111901,7,10.776381004601715,0.8842905387997436,0.2181481242515757,7,2.142325737646648,0.2515831426821937,-0.0579969221878735,7,2.581665329734928,0.2284481742446795,0.0529222757150953,7,0.4169581280532708,0.1076617440263865,-0.0240721694712878,7,2.2784464059929763,0.1561464559493185,0.0376579393002922,7,0.4812445938587188,0.0087518772336102,-0.0001268996551755,7,0.264783211518079,0.0044695089708556,0.0001765330375523,7,0.8454672915240129,0.0170442365149229,0.0042445099215364,7,1.818816409243908,0.0643291713243857,0.0132628570616585,7,1.1719788960979454,0.1039870174427171,0.0147748699325869,7,9.344438147864173,0.4326859670035173,0.1210353578379774,7,79.14857239382607,2.245956725943271,-0.3657378077995582,7,3.3980208059867723,3.0632911392405062,1.0,4.0,22.0,0.696696737358275,0.3189655172413793,0.1776097465752638,D05,0.6871264367816091,0.4706896551724137,0.1085039226418536
UNDE_013,UNDE,17.624033680983953,0.4883669035639008,0.0697454209210442,7,23.541585275105067,0.7485235159796821,0.1167786426720072,7,1.3549325923834528,0.0520506337038513,-0.0128770959487215,7,5.681862464972904,0.5536839027721608,-0.1317223909265193,7,0.0644627173377167,0.0297389629967073,-0.0074704553959146,7,4.091424522655351,0.1977562192917678,-0.0137102977052086,7,0.2390197510831058,0.017924743734756,-0.0016414673720318,7,0.1237537867522665,0.0108610769622802,-0.0006785942251091,7,0.7870233516607966,0.030222012917481,0.0034181789769867,7,2.753179107393537,0.137513453159782,0.0284380786670524,7,2.7773397458451137,0.3780511779640745,0.0926410960125141,7,22.055552738053457,0.3398219803344581,0.096980373878948,7,12.70556242870433,3.382658602305104,-0.8390300162441907,7,1.1531598469792317,1.0665926748057712,0.969758064516129,2.0,31.0,0.7628674096713566,0.5517241379310345,0.2068368413195999,D05,0.7681609195402298,0.5689655172413792,0.1839910600255427
UNDE_014,UNDE,20.36369063173021,0.5244419701332992,-0.0432704271840267,7,26.224521143095835,0.5887436200147577,0.1676936188682181,7,1.3997410120708602,0.048880615550566,-0.0137555614632905,7,7.425051016466958,0.6000728369317289,-0.1680123924476201,7,0.0734354228895556,0.0406007185912946,-0.0113802009102789,7,5.538904194320951,0.4643883996888459,0.1008493426698641,7,0.2755902450132583,0.0283710467301436,0.0053180361903257,7,0.122573428022276,0.0174871125311775,0.0033055412827334,7,0.7088183433349643,0.0580057062979975,0.0116849857626757,7,2.4938260274274007,0.2446763464316209,0.055091250122937,7,2.253040134906769,0.354749546770582,0.1010146894049449,7,24.84793806076049,0.3308967881540313,0.0932411744457776,7,14.333513851676669,2.762453663222746,-0.7632650284127135,7,,,,,,,,,D05,,,
UNDE_015,UNDE,12.11863735318184,0.7318355136431274,-0.0976535835471309,7,21.05033201830728,0.6042214719566671,0.1640779911006083,7,1.5530478283762932,0.042661878510707,0.0005256564310583,7,6.257090038486889,0.1770581572607757,-0.0169636309757584,7,0.0620753167271946,0.0182930882615466,-0.0039628831483972,7,5.724068556513105,0.1760812162274102,0.0300751787106521,7,0.4757662963654314,0.0400619814503605,0.0059185628664725,7,0.2663735620943563,0.0269136518123823,0.0044078803239542,7,0.9144940642373902,0.0425556175578367,0.0095974363951531,7,2.636052674480847,0.1137716559666699,0.0268071215966197,7,2.3082733431032727,0.1958328683209487,0.0074979469760275,7,19.11939804894584,0.2840545871192654,0.0720354238005935,7,39.19256787640708,4.383133953263956,0.3494882498119698,7,2.954434104053816,2.227722772277228,0.9355555555555556,5.0,30.0,0.8688328286136913,0.6316091954022989,0.0680197197438576,D05,0.8782758620689654,0.764521072796935,0.0333061383061383
UNDE_016,UNDE,8.417149135044642,1.4595523359584517,-0.4222983532569936,7,21.13041637625013,1.5673279973455447,-0.2963688534180649,7,1.9014995353562487,0.0648642876995198,5.350138259227178e-05,7,6.274003107632909,0.7075509711599716,-0.2027622875528502,7,0.1265226163252789,0.0303590107978147,-0.0064342492095435,7,6.020707828657968,0.564267336591423,-0.1544760589136696,7,0.7637144907244614,0.0606358539304481,0.0098490657124546,7,0.4023834615945816,0.020502815062034,0.0041535274682902,7,0.8510841799101659,0.0305832881901195,-0.0041781369077621,7,2.3375439026526044,0.2159979891175267,-0.0547799642548942,7,1.204433718230575,0.1119186584118613,-2.6468454753278912e-05,7,18.22550951370172,1.8633255905319293,-0.5127027104379701,7,66.85203266143799,7.6811308422923394,2.203573178072445,7,,,,,,,,,D05,,,
UNDE_018,UNDE,11.4418511901583,0.4606459186674552,0.0292849904689632,7,17.636232725211553,0.5780773763665241,0.0855652208699554,7,1.7438321390322276,0.2041275216890196,-0.0381520672197468,7,5.703450517995017,0.3617181172698655,-0.0302093827211466,7,0.3001816987193056,0.1303855445420006,-0.0241159266471618,7,3.159733960671084,0.2136456693919111,0.0382111091472086,7,0.2796363343617746,0.0264894869842722,0.0022240271448295,7,0.1532312653559659,0.0167163327498098,0.0013786686658782,7,0.8425689493971211,0.0384030905236703,0.0065735239291288,7,2.4286627205354825,0.1687142253025522,0.0325913226201397,7,1.2329812784280096,0.3696794278576565,0.0665590195824987,7,15.802898117474149,0.3116195799082205,0.077037086740869,7,50.079819781439646,7.774604560172732,-1.9776125599126344,7,1.0,1.0,,1.0,1.0,,,,D05,,,
UNDE_019,UNDE,16.6207161290305,0.6802356060922317,0.0761863776162022,7,23.615698405674525,0.8906109621562336,0.2327565917226135,7,1.3981990590691566,0.042543944687615,-0.0040699469200411,7,6.151161259838513,0.3638976681304855,0.0060446692294761,7,0.0635918481192285,0.019164587858897,-0.0049199238413568,7,4.847946939723832,0.5578633007315201,0.0918506971697827,7,0.2936936339496502,0.0412760852078323,0.0039354186089037,7,0.1513968714778976,0.0231065198697003,0.0019127897093774,7,0.8209427584494863,0.0432853114082133,0.0056904921552441,7,2.729647014822279,0.1780017633412182,0.0346166979765794,7,2.4168210082820485,0.2127550832335291,0.0200870779541428,7,21.9784620148795,0.6012191167078885,0.174336343026552,7,15.546674087643623,3.3629323955100894,-0.4232771226556086,7,,,,,,,,,D05,,,
UNDE_020,UNDE,13.802778226988655,0.7970321811520505,-0.1566028307940139,7,21.120958839144027,0.2768577865315147,0.0631963742561027,7,1.4654026425310545,0.0298831649976882,-0.0050725628331792,7,5.821056221212659,0.3291865572660434,-0.0760682571496142,7,0.0869388363124536,0.0296700412334155,-0.0073457711662994,7,4.564026628221784,0.2045204753537151,0.0415652275512941,7,0.3349477854956473,0.0328718389690378,0.0066049594745101,7,0.1842033618928066,0.0222178692009961,0.0044867083722282,7,0.886962469135012,0.0398489620255283,0.0082881198279926,7,2.7666005343198776,0.0918721429887739,0.0185653961523145,7,2.289174962256636,0.240626632295623,0.0505244922442514,7,19.546872445515223,0.1556853950170713,-0.0159176285149621,7,26.269673935004644,2.821930158854937,0.2247900403425342,7,,,,,,,,,D05,,,
UNDE_021,UNDE,14.417292501245226,0.4530305117802159,-0.0234815793447807,7,20.610971246446883,0.677574913307469,0.1845694081705124,7,1.3257515930703707,0.0234310009717224,0.0002650318697827,7,4.38712706629719,0.1901325209817229,0.0136185129646395,7,0.0529583305199464,0.0104681489887535,-0.0026128807295491,7,3.1873515578252927,0.3704640358861872,0.0802319550611933,7,0.2241899136320821,0.0314522147357818,0.0058990898523021,7,0.1189921851203377,0.0188926476537635,0.0034688050165909,7,0.7828963100910187,0.0548914785837369,0.0110300637812155,7,2.5786938039319858,0.1961302763127824,0.0422414620635939,7,2.9976126487766,0.122057066289255,0.0062700698121649,7,18.30359881264823,0.3411587266338168,0.0921213996947789,7,15.10412994559322,3.1404410406604564,0.2250222380837945,7,,,,,,,,,D05,,,
UNDE_022,UNDE,3.167821566973413,0.188490112332932,-0.0238130883176307,7,7.262909684862409,0.3367116287672154,0.0700362835873345,7,2.1011368728109767,0.3057151810137359,-0.0620189110336245,7,1.86008983956916,0.0845626812130329,0.0144033404067158,7,0.4537153071058648,0.1601230971390026,-0.0329841016181057,7,1.5042509947504317,0.0854245344088063,-0.0091797048684026,7,0.4850305302866867,0.0294433883014583,-0.0012800397320848,7,0.2721093644254974,0.0159780712610182,-4.789144274030541e-05,7,0.8484625103218215,0.0122273800248178,0.0032510340870281,7,1.2765178377074855,0.0606295585116393,0.0157858193546655,7,0.5111271015235356,0.1662111401327139,0.0361135370903419,7,5.686819161687579,0.1179227732803898,0.0060892971079857,7,100.0,0.0,0.0,7,,,,,,,,,D05,,,
UNDE_023,UNDE,10.27947183591979,0.980558422238084,-0.2649662911159094,7,20.06704912866865,0.3242073156340228,0.0465020802421648,7,1.627741816852774,0.0203194273149552,-0.0039287620514142,7,5.496546958174024,0.2768060049912738,-0.0718260960134326,7,0.101734645273869,0.054362422819905,-0.0143557528337295,7,4.85759149491787,0.1468050015631162,0.0396102168215591,7,0.5025151341355273,0.0578925147291087,0.0157446730194888,7,0.2805651099687176,0.0339618236338815,0.009293482428012,7,0.9054133418415274,0.0313809258603539,0.0066654652158622,7,2.5936640926769803,0.0672845992179388,0.0054508038781216,7,1.7432238677782672,0.1154229767053145,0.027786037541132,7,17.480262926646642,0.4872025963481349,-0.1407675679589881,7,51.08938405343464,4.300216575097761,1.1531104530955922,7,,,,,,,,,D05,,,
UNDE_027,UNDE,19.51477843523025,0.7854611491899893,-0.1600035321517069,7,25.870053921427047,0.5411492860455831,0.1497817650193073,7,1.4055771987353052,0.0300929763912022,-0.0031594244274692,7,7.070531449147633,0.4351135553444774,-0.0731152180338003,7,0.0613101153222877,0.0317980389401857,-0.0084125672748668,7,5.631924829312733,0.6457520430702883,0.1639480454938822,7,0.3050017529832465,0.0495399267100947,0.012243445428302,7,0.1504269864942346,0.0306987068875219,0.007633834571547,7,0.7582058720290661,0.0593848038892008,0.0137635663334952,7,2.6749947049788068,0.1960423149614246,0.0449511801793438,7,2.64475974972759,0.3242760153216616,0.0794124024782757,7,24.829670361110143,0.3026641499692604,0.0845448873082145,7,16.33080781357629,1.9264139613019653,0.0920635949453858,7,,,,,,,,,D05,,,
UNDE_037,UNDE,12.170298985072543,0.5050113695252257,-0.1004704712111441,7,21.35008471352713,0.7451396000565217,0.0495252509097584,7,1.5060760570423943,0.028011359626973,-0.0038635765706173,7,5.724608383008412,0.2250615906713269,-0.0536400237288631,7,0.0553882140333631,0.0177054549487171,-0.0044706866827881,7,5.172500114355769,0.1051025790653329,-0.0037943522644336,7,0.4334527041230883,0.0204742706698567,0.0022393884099103,7,0.2434586608516318,0.013923553033624,0.0019328080205491,7,0.9220257715455124,0.0234858906636337,0.0054629976693235,7,2.7613011641161784,0.0431018711131599,0.0052750583005244,7,2.315821336848395,0.2263085670436225,0.0526259924269846,7,19.05353958266122,0.0697355667463565,-0.0042742097475489,7,36.02119731903076,2.986530966558401,0.4240174237333362,7,3.0527090183625702,2.4879482657260428,0.9893641888733052,6.0,92.0,0.7389792539208445,0.3908045977011494,0.1160218134356065,D05,0.7008045977011494,0.5129501915708813,0.0959460781874575
UNDE_038,UNDE,10.580917337111064,0.457250409298256,0.0285329170158652,7,20.80933577673776,0.8046413747122613,0.2048096363661719,7,1.5724466049245425,0.0253643477565402,-0.0067758953626282,7,5.381128389920507,0.0935706090489883,-0.0056135650479891,7,0.0829047674654118,0.0246605936160255,-0.0065705194322871,7,4.833732119628361,0.0960292738749038,0.02639059530052,7,0.4699704678995268,0.0202837150598469,0.0015513253604351,7,0.2656926370358893,0.0132616591348451,0.0011649379434186,7,0.9154324616704668,0.021378243424393,0.003843551051238,7,2.594873179282461,0.0898856296631098,0.0236327404186862,7,2.2824580938156163,0.1183488402063132,0.0171364415284307,7,17.890795792852128,0.4804991612728748,0.1274510725844101,7,51.67576263632093,3.8101396017887024,-0.7444620821319643,7,6.133887854934553,5.338888888888889,0.9843830005120328,8.0,62.0,0.6632042876546924,0.3035714285714286,0.1765115209334276,D05,0.7210344827586207,0.4894827586206897,0.1232338287510701
UNDE_043,UNDE,17.265848636627197,0.6198534868658004,0.0230218205051343,7,26.07485975537981,0.951902182458166,0.1970322979766814,7,1.4599624936069762,0.0421950688102666,-0.0041456963775343,7,7.441999077796936,0.3460107379048311,-0.0222718630169258,7,0.0512168436627169,0.0196374333233287,-0.0043628315630246,7,6.5994316807815006,0.3332752235368361,0.0473256812232439,7,0.3879846721621496,0.0299614140256464,0.0020810140670872,7,0.2080992641193526,0.0202107206071799,0.0018939030982676,7,0.8620299366968018,0.0381748182910171,0.0068551003016897,7,2.8956810257264545,0.1236421097572544,0.026832264313688,7,2.602423446519034,0.2908116802803981,0.0451764881183378,7,24.31336639608656,0.5069366525613229,0.1483453553719598,7,23.000189891883306,3.5431540899193448,-0.3632527826140162,7,3.437660802362876,2.544609665427509,0.9740398293029872,8.0,74.0,0.6939575763407135,0.3645320197044335,0.1494927824035329,D05,0.7055172413793102,0.493544061302682,0.0935340266374749
UNDE_044,UNDE,11.31506357874189,0.7553869066999123,-0.2159441362638942,7,23.0247209242412,0.6061972978161766,0.0726253937502376,7,1.6512012322034155,0.0406316475224328,-0.004763764680409,7,6.432243161967823,0.2661637422347411,-0.0701111882741822,7,0.0778173886605405,0.0405111457593776,-0.0099808010088993,7,6.011696438704218,0.1079544195439249,-0.0244770721822488,7,0.5593821341171861,0.0292518805677617,0.0077501962144599,7,0.3111547485792211,0.0155014478659185,0.0042081349128551,7,0.8978092611900398,0.0354719448006333,0.0069874040019072,7,2.634839322950159,0.0965052288811466,-0.0077157440427385,7,1.995606982282229,0.1855889590365195,0.0380601895186805,7,20.355052879878453,0.1733718538528774,-0.0263562851020547,7,47.92874015229089,3.150960398804941,0.7453841475433991,7,4.8098145578928095,4.2368024132730016,1.0,6.0,53.0,0.633721464501382,0.278735632183908,0.1398934398934398,D05,0.6879310344827587,0.4235823754789271,0.1325542784163473
UNDE_045,UNDE,17.194631329604558,0.7980215745399549,0.0098208688565942,7,25.58641813482557,0.8413777044167015,0.1931415840250547,7,1.4466606825590134,0.045457864072136,-0.002012925222516,7,6.9589444654328485,0.4537722309070728,0.0106537353064193,7,0.0631910633944374,0.0202088349578416,-0.0048624363357628,7,5.93956555213247,0.5544277044488288,0.0833259550701888,7,0.3558264771210296,0.0440332802467603,0.0053124828359539,7,0.1872254367252545,0.0275616655220082,0.003478939639267,7,0.8423093972461564,0.0466364700267594,0.0077360267979932,7,2.820326690162932,0.1843939306096564,0.0401686889837022,7,2.457636377641133,0.2827110023133013,0.0336687006208984,7,23.7064894097192,0.5081637592095183,0.1434480176597345,7,21.00574316723006,3.452472826808385,-0.0343311989649397,7,3.546749079451042,2.881559220389805,0.984863523573201,6.0,62.0,0.7303027348011157,0.3132183908045977,0.1272266048128117,D05,0.7624137931034483,0.5381609195402299,0.0758237037547382
UNDE_047,UNDE,18.82590219804219,1.0835648313352524,-0.2460365247775297,7,25.441195913723536,0.4208487019106426,0.0437177993723603,7,1.3793303200176783,0.0643423602139977,0.0106491171220531,7,6.356286815234593,0.7714260994964237,0.1211075816364562,7,0.0577766645001247,0.0203057616476317,-0.0029526236205844,7,4.830853184419019,0.9986985862865924,0.2527840768643579,7,0.2764278283076627,0.06950670579233,0.017984039531868,7,0.1395727214569758,0.0373561203828132,0.0096961565747032,7,0.7572025520993131,0.0668657312765017,0.0147154300748446,7,2.6339020739708627,0.1944337440083983,0.0410263769206453,7,2.6606301835605075,0.3790952763915285,-0.0200842911316478,7,23.834172299930028,0.1554381501031024,0.0279308264372778,7,14.684848033956118,4.169676681708149,0.8600038221701372,7,1.0,1.0,1.0,1.0,28.0,0.7579863736915473,0.2068965517241379,0.5296088968502762,D05,0.7667816091954022,0.4758620689655172,0.256767925561029
UNDE_048,UNDE,11.5082748404571,0.4763091447270771,-0.0014737112844576,7,21.14612309421812,0.7852843607532392,0.066598078266519,7,1.534713250185762,0.0451447566116736,-0.0104262336141994,7,5.650460445455143,0.2790737712895868,-0.074790393414556,7,0.0700746302941947,0.0281804059968151,-0.0075260856374668,7,5.028431785958154,0.1664151975152615,-0.0149934988652096,7,0.4451491303209747,0.0301064783524217,-0.000799251033268,7,0.2513207169249654,0.0186210800207862,-0.0001529847428233,7,0.91840801600899,0.0235035168419994,0.0048212093438525,7,2.651406224284853,0.0565024056145358,0.0135823728241881,7,2.338074114705836,0.2935837726829322,0.0765086683582087,7,18.587715234075272,0.1644926048903897,0.0401879705366541,7,44.60049154077257,3.291041205996433,-0.1723714485520222,7,4.888327036617293,3.9702233250620353,0.9881024096385542,8.0,80.0,0.6810637627947344,0.3154761904761904,0.1580168816984232,D05,0.7150574712643678,0.520095785440613,0.0894098876857497
UNDE_049,UNDE,14.433120608329771,0.647334832711908,0.0888563762189912,7,23.59343338012696,0.907020799600159,0.2080131727652471,7,1.4710400349327497,0.04283278728609,-0.0058524679758998,7,6.433321484497616,0.2408880407742751,-0.0146028495653242,7,0.0458265628091924,0.0193851621511899,-0.0048565432049651,7,5.876888085688863,0.2546573462131788,0.0392868518218642,7,0.4100782150136573,0.0300415531715945,0.0005625954859691,7,0.2241527319752744,0.019739681956962,0.0010149416830543,7,0.8883318070854459,0.0315870448124984,0.0064492732988762,7,2.797231288892882,0.0984269385426701,0.0238442237443122,7,2.6378388851881027,0.3351662900036744,0.0790739155634016,7,21.36942252090999,0.6503271065216167,0.1835946174430066,7,30.530858303819382,4.213173289377729,-0.6314574252875126,7,3.452097650440612,2.36121067303863,0.9743632990386236,7.0,77.0,0.7690628891309067,0.4283251231527093,0.1253347058620892,D05,0.7859770114942528,0.5932375478927203,0.0832266009852216
UNDE_050,UNDE,17.158398364271438,0.6673996242633825,0.1400458879890989,7,25.213767886161804,1.1701100477363386,0.278919690700828,7,1.4387787229248457,0.0440569814277153,-0.0121519119005467,7,6.917631511177335,0.248365042274484,-0.0615315523426063,7,0.0641719860016434,0.0321130913738112,-0.0088720250825615,7,5.829178301351411,0.3185560849911584,0.0658305157892039,7,0.3431669339271528,0.021572932238,0.0009121567384935,7,0.1840023728353636,0.0136982479048417,0.0009010839648163,7,0.8513306746525424,0.0345321403914118,0.0060520493272753,7,2.84931712278298,0.1623092051335233,0.037728664083559,7,2.78730012689318,0.3972223719275592,0.1085860637764706,7,23.50925053868975,0.868403205643101,0.2536116020112741,7,20.52019507970129,3.97010349838569,-1.0437430841390227,7,3.724170028478434,2.2255825483391174,0.9705947872577412,9.0,67.0,0.7379337179128691,0.3254105090311987,0.1956636293376978,D05,0.7691954022988506,0.5416858237547892,0.0919360269360269
UNDE_052,UNDE,15.123298236301968,0.5997958611745552,0.036634978212294,7,24.64231319086892,0.8185974597425185,0.1975358543825931,7,1.5249913430639677,0.0481538814996658,-0.0118264680819921,7,7.24407975588526,0.2681115786952944,-0.0625280033125252,7,0.0692267788357899,0.0361655670129018,-0.0100174718670027,7,6.454322433897427,0.2436701696255867,0.042990642065396,7,0.4339293680552925,0.029166473958375,0.0016372479101429,7,0.2366185705177486,0.0188820142123931,0.0014780409553958,7,0.8898194549339158,0.0283927635327556,0.0054514461777127,7,2.859077336532729,0.0965454260800366,0.0237415353843911,7,2.247992895543576,0.3186816216956565,0.0819079239669515,7,22.637109330722264,0.4123530011907071,0.1155616291722313,7,29.4987547653062,3.901799852721961,-0.8690296466477584,7,4.457544175803606,3.646464646464647,0.983625730994152,7.0,57.0,0.7095921994377751,0.2995894909688013,0.1319276340067415,D05,0.743218390804598,0.5569731800766284,0.073473805887599
UNDE_054,UNDE,21.753907833780563,0.5104318111174531,-0.0696557093350613,7,26.613784074783325,0.771531318988361,0.120673979647824,7,1.2949548321110862,0.0420909316397464,0.0029010383687058,7,6.003529492233481,0.6426845188842405,0.0566679923108122,7,0.0524451747811066,0.016022425234681,-0.0021687330075512,7,3.81828151004655,0.7314669649449248,0.1736471305189074,7,0.1785297404109899,0.0381304073114634,0.0088362606317682,7,0.08080259135126,0.0196921764892521,0.0044502464679382,7,0.6641908452979156,0.0703004782041651,0.0152647022661737,7,2.5059787492666925,0.2735498614038604,0.0643236501844691,7,2.916903636285237,0.3000259303490488,-0.0098863286347907,7,25.161063602992467,0.3039674190065112,0.0845564552506462,7,8.027825919379081,2.0572911511654897,0.1165275420291258,7,1.1322998585211326,1.0555127216653817,0.9743954480796586,2.0,37.0,0.7810046842849581,0.5862068965517241,0.1862865104244414,D05,0.7675862068965515,0.5344827586206897,0.2110144134282065
UNDE_055,UNDE,12.287106290459633,0.4502997990469821,0.0779440178551146,7,20.777026883193425,1.3174165905608308,0.2378204212081237,7,1.486373127571174,0.0215000475128206,-0.0017451265460399,7,4.657585755522762,0.2984768808340624,-0.0096133151626,7,0.0577274017403916,0.0080784631250495,-0.001639975967725,7,4.2510353071349005,0.2510716729384223,0.0033747924827649,7,0.415025254345632,0.0170078018477778,0.0006743060734092,7,0.2253702477818089,0.0124955906546029,9.753578771898122e-05,7,0.8427114843257836,0.0298077388209035,0.0011513632890142,7,2.561834073492459,0.1363124397563386,0.0224184065782388,7,2.837543688714504,0.2442911734834673,0.0050401018596574,7,18.130944928952623,0.4336074130475146,0.0956333282663196,7,35.141299734158174,2.6886264914185274,0.069795461005119,7,4.185018692512482,3.542043984476067,1.0,6.0,74.0,0.6306728333923395,0.2942528735632184,0.1299195057815747,D05,0.6602298850574715,0.393295019157088,0.1297915111708214
UNDE_056,UNDE,15.5838423371315,0.6320701114695595,0.0847024349648444,7,24.18225463799068,1.1011791435163123,0.1917149693262381,7,1.3839187089885985,0.0439250315640311,-0.0028752466724788,7,5.593735105225018,0.3750707229494968,0.0150715070547627,7,0.0563879304681904,0.0204601740171254,-0.0038357469632307,7,4.479039920227868,0.3712165112858215,0.0773274632873105,7,0.2911333135728325,0.0290964160748667,0.0033975967309117,7,0.1597217026698802,0.0172087446159006,0.0018549576949435,7,0.8555043951741287,0.034787029916401,0.006426513920248,7,2.7975765338965823,0.1502101269552291,0.0335654273140626,7,2.769595485712801,0.2991510483778279,0.0359486474762441,7,21.731070007596696,0.5800422146749711,0.159975276374426,7,16.75805865228176,4.001246961784125,-0.299777305639181,7,4.269703454935303,3.523809523809524,0.9733382030679328,7.0,74.0,0.6570550792008117,0.3169129720853859,0.1290431621567524,D05,0.6963218390804599,0.4692145593869732,0.1092105786933373
UNDE_057,UNDE,12.913838045937675,0.5924610364061152,-0.0641482364325249,7,21.57562393801553,0.7310042453581312,0.126248049198604,7,1.5134224838444166,0.0210637527320235,-0.0003943191230541,7,5.731209757072585,0.1345015896996134,0.0149558051565631,7,0.0973103103460744,0.0258378433109384,-0.0062717276097649,7,4.642974576779774,0.3649620799675248,0.0903651167134769,7,0.3772218094340392,0.042188094499092,0.0096321723855207,7,0.207389922679535,0.0260382477227949,0.0057419376442071,7,0.8775453700550965,0.03657062593839,0.0071871355557661,7,2.735886016062328,0.1036227359981905,0.0237716720363155,7,2.109621620337878,0.0997562836481911,0.0088624642764935,7,18.997873868261063,0.2766320458378633,0.0615321649391143,7,32.06330599103655,3.3423045865434924,0.3156332518966472,7,3.12442111159698,2.960756832515767,0.985081585081585,4.0,65.0,0.8154097508716669,0.6810344827586207,0.0863150259701984,D05,0.8237931034482759,0.7175287356321841,0.0487119138843277
UNDE_058,UNDE,16.913846603461675,0.7238704613177664,0.1318073431487943,7,24.69893024648939,1.0515809406574663,0.1888134670062143,7,1.3704662110124315,0.0536156142962693,-0.00780357423498,7,5.877371164304869,0.5423455319920062,-0.0417420480583534,7,0.040705238911739,0.0218743613883615,-0.0050894747882175,7,5.07426564182554,0.4056641826832155,0.0395380662540431,7,0.3059486883825489,0.0328325902501647,-0.0002563006901105,7,0.157832959467279,0.0191301056042551,-8.616008181277593e-05,7,0.8199284417288644,0.0353431617862054,0.0052466621759851,7,2.7572278763566698,0.1524546071497859,0.0334919883457363,7,2.870119728147984,0.4970261894881046,0.085423876790971,7,22.589705416134425,0.6619486586060175,0.1926361476300192,7,14.805980636605195,3.7047617409925935,-0.6058728094594402,7,2.4653859466897323,1.9958762886597936,1.0,4.0,44.0,0.7036130647616369,0.514367816091954,0.1319129146715353,D05,0.7122988505747126,0.5399425287356322,0.1155333300160886
UNDE_059,UNDE,15.951428183487485,1.090665605096314,-0.201713636761806,7,23.299128532409668,0.9324961895239592,0.0468095191678062,7,1.4155481596078192,0.0842197405052863,0.0097611822706998,7,5.9811249779803415,0.7909171194253399,0.0733932442047068,7,0.0688586979293696,0.0289759411541896,-0.0010329575309354,7,4.69884646151747,0.6930536142267458,0.1527136776474167,7,0.3063025996088981,0.0639999676759265,0.01372356571593,7,0.1635443657037935,0.0404341140588877,0.0087035010181382,7,0.8290675239903587,0.0738909334153423,0.016035887405093,7,2.747472823730537,0.1863870718996446,0.0376718982626668,7,2.5321407094597816,0.4696332073673745,-0.0305706325643619,7,21.22456659589495,0.1991477837998209,0.0352457842377365,7,19.36117018679423,6.493457920706176,0.983112210377318,7,5.05260704573754,3.151953690303907,0.9706015377657168,10.0,66.0,0.7637902797714886,0.377504105090312,0.2008560876154556,D05,0.8128735632183908,0.6035632183908047,0.0937886187886188
UNDE_060,UNDE,7.06317064166069,0.2529104475813624,0.0493852416755723,7,16.603829239095962,0.8542371402888412,0.2106102761186537,7,1.629082729773862,0.0237577652498985,-0.0047534650619157,7,4.011736534535885,0.0752624304937438,0.0159157670606843,7,0.0776379491601671,0.016602333289838,-0.0031651359136869,7,3.7243533964668,0.0957836246396601,0.0215375548014875,7,0.5417390154408557,0.0072551901169126,-0.0014837441668219,7,0.3054235203723822,0.0037319443678348,-0.0004333571710272,7,0.9081508740782738,0.0108680923057215,0.0021012466339791,7,2.23023165336677,0.067096429819042,0.0171090536216487,7,1.81109160770263,0.1256356183385105,0.0193550952664408,7,13.370911398104258,0.386126853164332,0.098393757934453,7,76.21828011104039,2.456221767222349,-0.35375670624561,7,6.259693095007162,4.830985915492958,0.9600166597251144,9.0,49.0,0.7470222363735829,0.4702928297755883,0.1331765600448209,D05,0.7889655172413793,0.6040229885057471,0.0862752700683735
UNDE_061,UNDE,17.627658746072225,1.106966885428282,-0.3096863102839619,7,26.2060774735042,0.8089334649560628,0.0663762356414169,7,1.4032670887453216,0.0479387551357329,0.0117972551646535,7,6.190878977732999,0.5144299588734996,0.0536993047619452,7,0.0422027370805153,0.0088725036796399,-0.0001378047590613,7,5.237298301288059,0.3968659848238758,0.0731221224471438,7,0.3339664895819234,0.0448493773028424,0.0125566693108727,7,0.1801482123721923,0.0269127115957231,0.0075099902727534,7,0.8010405371231692,0.0541227898614797,0.0126801217814571,7,2.71368925592729,0.1540240118599573,0.0282080095017054,7,2.974604476775442,0.4439392493344767,-0.0776948020869835,7,24.082662062985555,0.5863399876679544,-0.0664313194937393,7,20.45274351104828,5.56365453023728,1.569468823597446,7,2.383737904522782,2.2151898734177218,1.0,3.0,35.0,0.6661366675058683,0.2413793103448275,0.2659137797068832,D05,0.6808045977011494,0.4398467432950189,0.1293559569421638
UNDE_065,UNDE,16.070465002741134,0.6858146852061829,0.1316804504785381,7,25.12627530097961,1.079019149507793,0.2265225441240874,7,1.4012866020202637,0.0377109829511687,-0.0059139145629816,7,6.138142334563391,0.2980718935494063,-0.0286836112986822,7,0.030958352426491,0.0126078254800894,-0.0023166597534402,7,5.653294037495341,0.1830693936261196,-0.0044064917830658,7,0.3572305874632938,0.0234013519865209,-0.0029674662681693,7,0.1965507670704807,0.0150199243574538,-0.0018357863672627,7,0.8740383530301707,0.0272936654747516,0.0032270000942173,7,2.839229841317449,0.1346848042269761,0.0275605829035649,7,3.099624882851328,0.3423594403404238,0.0078285174810739,7,23.084893311773023,0.6819680131305017,0.1963652360146163,7,18.439009115099907,3.916413011286538,-0.8300071727545535,7,4.514562648723567,3.5314777998674622,1.0,7.0,73.0,0.634864189613525,0.2995894909688013,0.1319276340067415,D05,0.6906896551724138,0.439176245210728,0.121954801265146
UNDE_078,UNDE,9.696561668600356,0.5402540516349694,0.0066891732152368,7,19.584788122347423,1.1440301678203633,0.1648138037226239,7,1.5461452305316925,0.0551987471525594,-0.0021727067861156,7,5.046740421227047,0.1460074691623642,0.0136627730012672,7,0.0565640353691248,0.0205834746387639,-0.004126496657904,7,4.636331796646118,0.2568327705617783,0.0575653631850832,7,0.4756160016570772,0.0422806299668493,0.0034004698667797,7,0.2671870112286082,0.025901228800083,0.0029906066340684,7,0.8863779056285109,0.0343291349897554,0.009199515771365,7,2.3867879744086946,0.1420778332890627,0.0367684389663035,7,2.374510371259281,0.3394479244258138,0.041436509000229,7,16.68943508182253,0.5300719493510737,0.1495414509392175,7,59.26389646530152,3.963317718736212,0.0476255062662186,7,4.405203000758255,3.571428571428571,0.9608,7.0,50.0,0.6763254906299537,0.3470443349753694,0.129048684018258,D05,0.7135632183908045,0.4894636015325672,0.097198752715994
WREF_001,WREF,10.437577752130371,1.2113658440235278,-0.4009751741898197,7,28.580631962844304,1.6746381147187182,-0.5256014305215351,7,1.9980392722146847,0.0310362702865522,-0.0001576329242287,7,7.663120308092663,0.5678688504375594,-0.1883634284052545,7,0.1968677463675184,0.0267465243017885,-0.0040333411545961,7,7.360624482589109,0.4338982322140774,-0.1370657357478761,7,0.7725566790572235,0.0314174405596711,0.0067873602743782,7,0.4065424789275442,0.0111457830143214,0.002605523962549,7,0.8380957602390221,0.0059196599029137,-0.0011403835728506,7,2.52653286925384,0.1048146659691625,-0.0359539329101239,7,1.1457655411878866,0.0531398682755204,-0.0076473907680611,7,22.95869418978691,1.842118081229801,-0.6136542358839442,7,68.50388845375606,5.165696433640645,1.7515677751144232,7,2.586409289858933,2.272727272727273,1.0,3.0,10.0,0.6161910761285345,0.053763440860215,0.1820276497695852,D16,0.3813333333333333,0.1061111111111111,0.1209973544973545
WREF_002,WREF,21.117888544287,0.9014612177953027,0.2768864369805837,7,34.27986485617502,0.7691966203095384,0.2402912591923179,7,1.3535248403038298,0.0200210819345845,-0.0059393481324518,7,7.078013611691339,0.1788348524339125,-0.0221444077229913,7,0.0218089063491788,0.0052849761640501,-0.0006473313726565,7,6.516870021820068,0.1318839266682323,-0.0252561813834085,7,0.3186769774183631,0.0183388814794951,-0.0053553756224153,7,0.177467240486294,0.0106871851413928,-0.003141897052225,7,0.8838064894080162,0.0087909051798315,-0.0021377071372174,7,3.116714996950967,0.0679102273952883,0.0092643979570769,7,3.740199895841735,0.3371035464682569,0.0685289731690649,7,30.340958527156285,0.7449416731721732,0.2311403510198427,7,10.881654779825892,1.932126612953644,-0.5244342606794627,7,1.9755179154684257,1.9521110796259564,1.0,2.0,83.0,0.597437620745224,0.0483870967741935,0.2829493087557603,D16,0.4062222222222222,0.1261111111111111,0.1622222222222222
WREF_003,WREF,18.11168963568551,0.9693936448925482,0.3140856423818995,7,31.93624687194824,0.9694382360176336,0.2982989143084928,7,1.420650496014527,0.0334831059233642,-0.0097757047742088,7,7.381379035966737,0.2359963547188616,-0.0223696786113557,7,0.0295477054387447,0.0110405529249347,-0.0027469419056651,7,6.804634258151054,0.2366589677502162,0.0147507185966982,7,0.3761122540703842,0.0242740216980475,-0.0062081470568745,7,0.209522950596043,0.0141005513899885,-0.0037051132608291,7,0.8896442385656493,0.0088057049743497,-0.0012493215372107,7,3.002378367951938,0.0580397715499874,0.0169433801074248,7,3.158075730715479,0.2869194299077924,0.0802699446764295,7,27.75405876977103,0.9417991585353608,0.3248244444758906,7,19.73519657020058,4.405099172212688,-1.4106101798313546,7,3.219359961891078,3.093821510297482,0.9814949201741656,4.0,52.0,0.4498205224765737,0.1639784946236559,0.164900153609831,D16,0.4127777777777777,0.1182407407407407,0.1278915343915344
WREF_004,WREF,19.690778487495013,1.056948513368681,-0.3297857276535448,7,42.37750900643213,0.7857971401448407,-0.2238668982004154,7,1.851633909557547,0.0195971521192322,-0.0060127154638656,7,12.572157055139542,0.3053554497829201,-0.0955622707402086,7,0.1233251025301537,0.0313040339883322,-0.0075316752207524,7,11.914797001651356,0.1702721623810919,-0.0450023642251257,7,0.7137523149805409,0.0319967065154725,0.0046699890339305,7,0.3808109411703689,0.0153296409640552,0.0030879192754109,7,0.8588595145515033,0.00648896208326,0.0003465883907555,7,3.0063615164586475,0.0701054292147565,-0.0178446721479382,7,1.6172000550265824,0.0391027519351761,0.0037776584053315,7,37.675663598946166,1.0199894528367932,-0.3444677415610738,7,49.699537771088735,2.427721221524064,0.8160225509563621,7,3.3553558963193817,3.0,0.9416666666666668,4.0,15.0,0.6861962889342483,0.1075268817204301,0.1717101894521249,D16,0.6197777777777776,0.2049074074074074,0.1499735449735449
WREF_005,WREF,18.462751405579706,0.4270148109142137,0.0537147478044377,7,36.36721611022949,0.5742089215171989,0.1273882637134177,7,1.6761129200458529,0.0124782791185454,0.0014813810242393,7,10.281991085835866,0.1163564677111968,0.0336191226119939,7,0.093876627939088,0.0078718608294597,-0.0006853933449473,7,9.529245223317828,0.2052419605110646,0.0464884679269239,7,0.5656914753573281,0.0239073718140328,0.0026712905281799,7,0.3084472767742617,0.0127124420389589,0.0012507865237707,7,0.9005539034094129,0.0062038953768617,-0.0007207811933893,7,3.051408729382924,0.0320487591598685,0.0029239304406794,7,2.143446335302932,0.0593177678653335,-0.0079134380649452,7,31.64541935920716,0.2904166019094458,0.0929991689031523,7,38.04849702119827,1.570987034475955,0.259069133700663,7,3.4944616537434205,3.070287539936102,1.0,4.0,31.0,0.5892959718426636,0.0672043010752688,0.1772145417306707,D16,0.588,0.1819444444444444,0.1482918871252204
WREF_006,WREF,30.23861517224993,0.606606561208764,0.1829760508730232,7,40.54099876540048,0.6760565759873245,0.2061918973922729,7,1.3658734453575951,0.0364962557940833,-0.0046057819114255,7,10.22943525654929,0.7154023261883252,-0.024443379027306,7,0.0693347397692767,0.0199956577037934,-0.0031199073896748,7,7.151115898575101,0.3659029108312845,0.0665800304426623,7,0.23831584717014,0.012025148142203,0.0005876966186858,7,0.1151540180269096,0.0051818948841496,-3.954834934603964e-05,7,0.7963023685983249,0.0085674432905742,0.0001888768370613,7,3.1400827935763767,0.0884065783301025,0.0097571699260976,7,2.5173429612602507,0.2618485186960516,0.0348973052220882,7,37.71781415598733,0.6387085440583854,0.2154496284578576,7,10.446779889719826,2.142140660361173,-0.2407601275885036,7,,,,,,,,,D16,,,
WREF_007,WREF,16.188418154205596,0.2612020568795139,-0.0269634610827947,7,33.87981477805546,0.4139930714611634,-0.0114168645329558,7,1.6040894644601005,0.0236257285722809,0.0041311609348809,7,8.665978791458267,0.1635179987124077,0.0329144040628664,7,0.0913307061585198,0.0167666014653698,-0.0006021485957343,7,7.782418876886368,0.2015144946169422,0.0607683967820481,7,0.4917244114247815,0.0199667969697501,0.0056384722513787,7,0.2772673601284623,0.0110154350175875,0.0029942255892462,7,0.921186212450266,0.0087441778759951,0.0008545873008366,7,3.082545510360173,0.037782754532755,0.0013305628833743,7,2.0915851896362647,0.1021429141477225,-0.0175223089216244,7,28.318017959594727,0.3058203113645607,-0.0303577520599254,7,33.001248930181774,2.200656045484936,0.5397280954212123,7,1.825627880057923,1.471264367816092,1.0,3.0,32.0,0.730400890046238,0.2903225806451613,0.1259856630824372,D16,0.7507777777777778,0.3844444444444445,0.1395978835978836
WREF_008,WREF,19.91725647449493,0.9222238150405176,-0.1366585111514681,7,45.62272839886801,1.3071725207704084,-0.3908735796206258,7,1.7829136294978003,0.0326957420934014,-0.0025557408572276,7,12.828209332057408,0.3926876616540143,-0.0812443136479813,7,0.1072718819570062,0.0218820318594422,-0.0024200324941496,7,12.16811227798462,0.357339696001456,-0.0525882868580735,7,0.6613025758415461,0.0188736679868372,0.0009396993043708,7,0.3601848445832729,0.0090759711628216,0.0011660228644879,7,0.8930529409221241,0.0232169778298283,0.0032192280655995,7,3.1498440706304143,0.1006587544757622,0.0049984987846688,7,1.8981290933276929,0.0932901710907272,-0.0039170373640308,7,39.558279011930736,1.2910186955877103,-0.3115427483713006,7,39.0304670546736,2.6754052371402928,0.3034320936209894,7,2.381101577952299,2.0,0.7222222222222222,3.0,6.0,,,,D16,,,
WREF_009,WREF,22.8904368025916,0.9050652291253216,-0.1180913166891288,7,43.72293615766934,0.5797588199479858,-0.0543644750393884,7,1.7295258470943995,0.0271404944461284,-0.0058979283523008,7,13.130365334983384,0.2530563116270988,0.0038110917875532,7,0.1366829444138732,0.0166771807435591,-0.0035698628416446,7,12.050781706614154,0.4689325358028601,0.0587613099615353,7,0.5728050922708852,0.0318606486765177,-0.0002624499315471,7,0.3094042458438447,0.0174998984036048,0.0016680505675818,7,0.8707202031676259,0.0066732117669548,0.0004415909915817,7,3.0428617245384624,0.0390304488533179,-0.0054260343636219,7,1.6569105622225575,0.0719139908433406,-0.0046005505567814,7,39.50736138224602,0.4699360992303132,-0.0509207182364656,7,37.53443588529314,2.884107284214884,0.4084904957024347,7,1.0,1.0,1.0,1.0,6.0,0.7765738314255707,0.0967741935483871,0.4900153609831029,D16,,,
WREF_010,WREF,43.27833587782724,0.9386463706000544,0.1801816852106524,7,58.64233732223511,0.7065438407670519,0.2099430898710482,7,1.4293885103293829,0.0283205337244837,-0.0040524612918409,7,17.245416828564235,0.5861077520440311,-0.0245211319082734,7,0.0545116975055342,0.0146503552069354,-0.002821097754055,7,14.843798807689122,0.7309241863566064,0.0587692756873334,7,0.3482025382774217,0.0219943242535567,-0.0001268083649563,7,0.1629987890566034,0.01354381651348,-0.0003002454618239,7,0.7899924176079887,0.0120483582372656,0.000170072045371,7,3.3479946617569243,0.053539444981606,0.0022643407042315,7,2.8004744595714977,0.1476521374328671,0.0372036501679117,7,55.68078075136457,0.5825620275043654,0.1900340559854672,7,16.02220427138465,1.9882864157712816,-0.2917316965974135,7,1.0,1.0,1.0,1.0,12.0,0.6832771422988219,0.0967741935483871,0.4900153609831029,D16,0.7021111111111112,0.2011111111111111,0.3785555555555556
WREF_011,WREF,14.812709484781536,0.6165546723292126,0.1929155984365871,7,27.230974418776377,0.7633232277460726,0.2322030346517617,7,1.5577245269502913,0.0235049267673446,-0.0075945355902517,7,7.594063460826874,0.0738119643251104,0.0184037252140872,7,0.0722851504844064,0.0229865170552358,-0.0032336156490984,7,6.849421526704516,0.2385305065530891,0.0316578363407553,7,0.4669519327580929,0.0263502821726862,-0.0037941752335411,7,0.2609772852488926,0.0160072212998228,-0.0025053871741701,7,0.9259078939046178,0.0059338552468331,-0.0011021283191408,7,2.9476222800357,0.0367170437041084,0.0082284713411606,7,2.197811612061092,0.1467809159607016,0.0422623537782299,7,23.74309495517186,0.5928915459324963,0.2029869039623723,7,31.24341872760228,2.48139469254346,-0.807906504655849,7,2.2501690383898287,2.112676056338028,0.9688172043010752,3.0,30.0,0.4681002639098109,0.2956989247311828,0.1391193036354327,D16,0.4267777777777777,0.2344444444444444,0.1215361552028219
WREF_012,WREF,31.27315058026995,0.3876501760241099,0.0037469138644334,7,58.457844734191895,0.3134023651816766,0.1003050983296653,7,1.678306941475187,0.011265850268015,0.0019815962524772,7,18.101700638021743,0.2282148245356647,0.055156101725694,7,0.0634786943888424,0.0175175371736998,-0.0030569574231923,7,17.25419500895909,0.400102666720446,0.1256525006597441,7,0.6050690569515739,0.0233743109254666,0.0058777875595354,7,0.3239431920062218,0.010473418552316,0.0026098241292026,7,0.8709765390626022,0.011627330757182,-0.0003548404363366,7,3.270376279950142,0.0288169371112764,-0.0022141953682623,7,2.5944400780967305,0.174743479967474,0.0171436842940101,7,53.133007287979126,0.5043217280637958,0.1627199760062157,7,30.440362317221503,0.6400382180561437,0.1046553531478595,7,2.5611285178871386,1.923076923076924,0.7206896551724138,4.0,10.0,,,,D16,,,
WREF_013,WREF,11.004091345838138,0.5735693651363143,0.174135463646037,7,24.19747292995453,0.5886403229991731,0.0245105917054104,7,1.5794800083552087,0.0448068004607088,-0.0135585202087212,7,5.348877478923116,0.1941225350741147,-0.0400816989858026,7,0.0618030428512221,0.0168821748996755,-0.0027389023637209,7,4.949595436453819,0.1524815560546303,-0.0335479703424982,7,0.5060275135827916,0.0352066227648712,-0.0104358657343969,7,0.279181023660515,0.0172188597188717,-0.0049743736754952,7,0.8903416326003415,0.0093085079039762,0.0011606670894547,7,2.620218552649021,0.0375177471843396,0.0115790447015638,7,2.3221684359014034,0.1871476544539693,0.0466911326124833,7,19.21976147379194,0.1323842628862999,0.0215250367374089,7,51.19798337561743,3.35934379705891,-0.9827326139962742,7,2.82157745796994,2.667616334283001,1.0,3.0,53.0,0.4905044035414471,0.053763440860215,0.1820276497695852,D16,0.4426666666666667,0.1277777777777778,0.1226164021164021
WREF_014,WREF,20.16864106484822,0.3209461269209097,-0.0024673091193844,7,38.638245003564016,0.3293505101078894,0.0396835108023847,7,1.6046643555164335,0.0104956568943907,0.0026285481030885,7,10.811958734478267,0.1225707779251476,-0.0021104770416469,7,0.0731718018734162,0.0090912107228047,-0.001378818079486,7,9.978905269077844,0.2088454515478092,0.0380438879735207,7,0.5162278727761337,0.021378874216732,0.0047663279965175,7,0.2899453975260257,0.0114075481128717,0.0023128182891045,7,0.9250890490199838,0.0078120181874026,-6.55026083564483e-05,7,3.210918556366648,0.0349293966713533,0.0017754724949081,7,2.3122695657823766,0.0768243757880594,0.0091855611889004,7,34.79418218135834,0.2830032911976591,0.0677561894317582,7,27.755345731973648,0.7843054454902026,0.1521927704011773,7,2.8927055908695447,2.0900473933649293,0.909297052154195,5.0,21.0,0.7537037082782178,0.160752688172043,0.199785877205232,D16,0.7369999999999998,0.3892777777777778,0.127380631713965
WREF_015,WREF,32.13996025494167,0.4952505629384209,0.0918583284223699,7,50.91689559391567,0.567703699522625,0.1315047554887099,7,1.4756219035812788,0.0141220526810324,-0.0026395430282361,7,13.753502411501747,0.2209766443145622,-0.0425881472970708,7,0.0489346336024547,0.0104652549580226,-0.0026150583442653,7,12.24509258355413,0.2025734284658817,0.0227001389499344,7,0.4059536188308681,0.0093156061927498,0.0009071000426404,7,0.2182769062928855,0.0058805640854784,0.0003943162192348,7,0.8735131397843361,0.0055666300250528,-0.000539031848742,7,3.4610528669187,0.0537061922367716,0.0012945227454163,7,2.6264134954128946,0.1437235557287905,0.0319239164923312,7,46.95345592498779,0.4724056916236433,0.1386490653705045,7,16.17323832001005,0.9845396409847058,-0.1813573014701722,7,2.672696154421018,2.0571428571428574,0.8472222222222222,4.0,12.0,,,,D16,,,
WREF_016,WREF,26.29327627590724,0.5035459943330963,0.0500039876885496,7,50.45904704502651,0.3253535115477173,0.044502727558158,7,1.5700466143233436,0.0214780991898617,0.0018325187911877,7,13.254133986575264,0.1634052411255528,0.0262207995260381,7,0.0368536582879772,0.0062483341122212,0.0001533877071,7,12.784660015787397,0.1968158456724045,0.0298840606832779,7,0.5270126999488899,0.0195983554249541,0.0016709376729464,7,0.2919565749221614,0.0097205801481737,0.0004092573801949,7,0.9064641483128072,0.0062503073744431,-0.000272652629569,7,3.286960097295897,0.0372137386341461,0.0002239695346424,7,3.2404353341885974,0.2173363620766124,0.0067175633860805,7,45.16080987453461,0.2663357197023417,0.0571701733363157,7,23.10017233022622,1.6180311614176817,0.0790180415776423,7,1.5069930657725377,1.3243243243243243,0.8928571428571429,2.0,7.0,,,,D16,,,
WREF_017,WREF,19.06625039236886,0.7524400476637405,0.2436676216607838,7,34.676249623298645,0.9178276297077208,0.2808137825458724,7,1.512532263994217,0.0202561799268839,-0.0060505224660986,7,8.688011403594698,0.1447473916120128,0.0119007481315921,7,0.0498541547037478,0.0129949996374345,-0.0037430979423465,7,7.949284340654101,0.2230233633535789,0.0498916399961262,7,0.4471341464668512,0.0142270258400107,-0.0014228650309533,7,0.2478165988411222,0.0084595966014933,-0.0013814759252302,7,0.9142105105732168,0.0100698249357616,-0.0012124701042395,7,3.112373192395483,0.0471107830986836,0.0039568744556752,7,2.76761878068958,0.2118295789717679,0.0608942548534429,7,30.535731417792185,0.6723872635422181,0.2245942740082051,7,23.857415476015635,1.49857285458476,-0.462289027439032,7,2.275830219303308,1.8825622775800712,1.0,3.0,23.0,0.529971182829373,0.053763440860215,0.1820276497695852,D16,0.5164444444444445,0.1385185185185185,0.1267936507936508
WREF_018,WREF,29.47464125497001,1.0541063753073707,-0.3356476326209271,7,46.90207961627415,0.3026082068179607,-0.0098368074163536,7,1.4990540966391563,0.0488531335019174,0.0157020427932629,7,12.873542615345546,0.5100183833456406,0.1614956292458352,7,0.0707889838668052,0.011788386575322,0.0016620189866328,7,11.262259530169624,0.7431368151037544,0.2571066167485507,7,0.4019453608031784,0.0450588442490009,0.0154916422140133,7,0.2202090262435376,0.0265070065906556,0.0090929779783967,7,0.8861342216176646,0.0104613057889996,0.002957175738808,7,3.444199879254614,0.0402334096652702,0.0022023565679616,7,2.488797800349338,0.1693455382908015,-0.0386416308711029,7,43.25011924334935,0.2206498512523415,0.0302335616481097,7,17.05414233569588,2.973855568412336,0.9709549722385544,7,1.384145488461686,1.2195121951219512,0.9181818181818182,2.0,10.0,0.6512009241935681,0.1774193548387097,0.26036866359447,D16,0.5483333333333333,0.2566666666666666,0.1531428571428571
WREF_019,WREF,25.76204583474568,1.3142866353340854,-0.3964995754764259,7,48.561787945883616,0.5767549460589737,-0.0868252812093392,7,1.870829691844327,0.0529860054289433,0.0125678725583704,7,14.687424612896782,0.2258717254383805,0.0432935908350641,7,0.1659441509566802,0.0199085503961929,-0.0021831173792271,7,13.429563232830592,0.6289144559877784,0.1643279874428159,7,0.651651589865131,0.0708196513954154,0.0191262019259822,7,0.3252295284931148,0.0323480828048134,0.0091903254475896,7,0.824385830866439,0.0054991715780487,-0.0001242755713059,7,3.240107463938849,0.0484173624643138,-0.0030271968012944,7,1.638348679457392,0.1049295469394699,-0.0223819994733728,7,44.21750024386815,0.2976536777650257,-0.0884983718739768,7,36.06133233862264,3.4081772118421285,0.9766312743284108,7,2.0867794400977164,1.6842105263157894,0.78125,3.0,8.0,,,,D16,,,
WREF_020,WREF,23.74287002001489,0.5491624103661719,0.0751776552699893,7,48.82401914681707,0.8319678819467716,0.2689209042946038,7,1.746908290045602,0.0183762844352787,0.0015053274917464,7,13.793553530105523,0.3309236480932498,0.1072481620432324,7,0.096722033889299,0.0121476644330869,-0.0019459614380144,7,13.01417856982776,0.4140483573501172,0.1202359055249677,7,0.632723386532494,0.0306076080333071,0.0042967352305533,7,0.3432933414754058,0.0130122504546205,0.0018592043645206,7,0.8639489641147,0.006658044179971,-0.0021208938361936,7,2.97782451659441,0.0300976945181698,0.0075401465456954,7,2.1377751720803126,0.0692903309297817,-0.0115481492756419,7,43.35321864911488,0.5667237664364368,0.1899469149422783,7,39.392019263335634,1.7311745335912097,0.0833656231447451,7,1.5691925832141966,1.3846153846153844,0.8809523809523809,2.0,6.0,,,,D16,,,
WREF_070,WREF,18.491187308515823,0.3909709335615609,0.1263048982603012,7,32.870845556259155,0.7130067638503136,0.1980877270588295,7,1.5360591315797396,0.0330575664536502,-0.010031392377925,7,8.316442323582512,0.1212755703190925,0.0247506359753581,7,0.0604707576504941,0.0293401696486389,-0.0067513882305094,7,7.6291064981903345,0.1965781217605836,0.0537013106177307,7,0.4615232183464935,0.0134108169855524,-0.0021500564476399,7,0.257073103982423,0.0067813446763107,-0.0010365495872764,7,0.9057661763259344,0.0048111890352475,0.0012064186285513,7,2.9930069616862705,0.0461557776700477,0.0112223494259608,7,2.586097135607685,0.1854179962719963,0.0578151498140627,7,28.975235760211945,0.5973645380162959,0.2000891612788845,7,35.39778732827732,1.8057968615462912,-0.6174464129299098,7,2.980909475230473,2.3986013986013988,0.980408163265306,5.0,49.0,0.4457508412044655,0.0672043010752688,0.2114020388213937,D16,0.4039999999999999,0.1556851851851851,0.1456296296296296
WREF_071,WREF,22.582319123404368,0.3892513392414838,0.1055663562234426,7,39.53358708109175,0.538156463581429,0.1524500984677,7,1.505003202174391,0.0234554765285974,-0.0075423745707624,7,10.421226620674132,0.214585281875304,-0.0629072017924634,7,0.0518742428269303,0.0196594988407653,-0.0051677505636027,7,9.553844494479042,0.1200846877225545,0.0119008941285182,7,0.437999388469117,0.0097302982151066,-0.0008102999354115,7,0.2455137719267181,0.0059279975154794,-0.0004957052825201,7,0.9212832142199788,0.0087758804982351,0.0005777989314987,7,3.305884972214699,0.0353169132168059,0.0062607140468724,7,2.9408314919897487,0.2305369078047742,0.0709558341199952,7,35.11160824980055,0.3355536225777097,0.1137045366915664,7,20.13183060501303,1.9063717786281225,-0.6174662324217701,7,2.5424462381074417,2.3506276150627614,1.0,3.0,53.0,0.4956298648387021,0.1666666666666666,0.1663850486431131,D16,0.4228888888888888,0.2042592592592592,0.1212363315696649
WREF_072,WREF,24.465348541736603,0.4206482374519861,0.0311047899929774,7,46.381870882851736,0.3416885842821548,-0.0132771000007673,7,1.56495378272874,0.0065541091927468,-0.0003553322284896,7,12.149665470634188,0.1395651577357746,0.018280480466137,7,0.0611648523273678,0.0074245108019833,-0.0007932817978438,7,11.248004457780294,0.1384461581684549,0.0322113933763062,7,0.4890418739191123,0.0101547084786846,0.0007416078513972,7,0.2716702039220503,0.0055289117631367,0.0003283406699323,7,0.8951371503727776,0.0077337410051688,-3.0790848625188616e-05,7,3.282169982790947,0.0341888424755959,0.0022976041873755,7,2.6447631184543883,0.0509786074274065,-0.0104229285710119,7,40.83927736963545,0.3568494983482471,0.0333592943373443,7,23.793911577335425,0.714568403729638,0.0144523458415373,7,3.3044446208726828,2.8823529411764706,0.938095238095238,4.0,14.0,0.6922578990936699,0.4032258064516129,0.0931131592421915,D16,0.5824444444444444,0.4568518518518519,0.0906913580246913
WREF_073,WREF,22.22912195750645,0.5703080750320748,0.1830762802176392,7,35.743324109486174,0.5738225347079791,0.17964095187325,7,1.435096028660025,0.01490767738492,-0.0011586949573775,7,8.952804799590792,0.2215107938411725,0.0379965122724544,7,0.0444482605920971,0.0086731455336209,-0.0005130241687256,7,8.001408040523529,0.1526346487582063,0.0432940786973589,7,0.3712792793022735,0.0057578492380436,-0.0004132367519801,7,0.2033285956962832,0.0039790958195684,-0.0006284733286741,7,0.8969669453799725,0.0091480828790251,-0.0006731539383272,7,3.2393486627510617,0.05794700664039,0.0063943543789014,7,2.990337191947869,0.1088762402262457,0.0151544410541567,7,32.2510222196579,0.4839401213198223,0.1629984461503222,7,16.110153032200678,1.1801410715496714,-0.1514917806738374,7,3.212540474890539,2.6875,0.9770146024878312,6.0,86.0,0.5586767141486192,0.1021505376344086,0.2668388958711539,D16,0.4118888888888889,0.1674444444444444,0.1503461600128267
WREF_074,WREF,22.34269089358193,0.3866478674437046,0.078829178920371,7,39.36488563673837,0.590354302485065,0.160797265223685,7,1.5914003774523735,0.0165585003736703,-0.0036034396058217,7,10.997781596013478,0.2714672072785903,0.0011114793361266,7,0.081831755316151,0.0228502005529805,-0.0041538589321765,7,9.630476138421468,0.1769913751601078,0.0518682999590228,7,0.483038040277149,0.016164226584754,0.0018912657847724,7,0.2611149909373905,0.0068490830581801,0.0007188849937106,7,0.8829859420657158,0.0090361208209243,-0.0003589415287523,7,3.207831895777157,0.0397988173072377,-0.0034217757382833,7,2.2203325586659566,0.1528988116781856,0.0297462583729469,7,35.44506251811981,0.4364010219918805,0.1409260044897222,7,25.754650056362152,1.0340574566468244,-0.1914895982239287,7,3.166456615347258,2.6486486486486487,0.953514739229025,5.0,42.0,0.4672527495666742,0.0672043010752688,0.2114020388213937,D16,0.4242222222222221,0.1916111111111111,0.1475733525733526
WREF_075,WREF,18.014026990958623,0.5323084396216456,0.1395557836301064,7,30.927381413323538,0.5505227755483028,0.1253334979790483,7,1.471341107572828,0.0262912382284929,-0.00725819275989,7,7.7140226023537775,0.1407264725109868,-0.0327889853819257,7,0.0682629580114735,0.0216139818787509,-0.00337099871095,7,6.6618912518024445,0.2978184715705216,0.0065469696170332,7,0.3766390468393053,0.0247347938078295,-0.0024145724456434,7,0.210926230863801,0.0141003003631801,-0.0016409232135797,7,0.906741947467838,0.0069621724329277,1.9527045805330182e-05,7,3.1000255729470934,0.0400347427735463,0.004458925326091,7,2.7311638529811586,0.2300924226569871,0.0724090941121123,7,27.233864103044784,0.4027976331401897,0.1334318659898173,7,21.61459928325244,2.2762308668723006,-0.5774827384190752,7,2.908458115178451,2.4015322217214963,0.9866716031099592,5.0,73.0,0.5087980481720922,0.1155913978494623,0.2084369035981939,D16,0.3889999999999999,0.1296296296296296,0.1421199294532628
WREF_076,WREF,17.15790479523795,0.6421223274277235,-0.1537220629653489,7,40.16061736856188,0.766729689603347,-0.2320522641859991,7,1.767433458140918,0.0368980950431954,-0.0039130212642209,7,10.383003727665969,0.328540595139179,-0.0904761840497827,7,0.0850603565132977,0.0213601459429046,-0.0048616783544717,7,9.931935740368706,0.254032755534226,-0.0619193071316432,7,0.6740865084741797,0.0351501763475833,0.0019484534967324,7,0.3634293908253312,0.0153920531489132,0.0010323754183388,7,0.877104930047478,0.0045096300814214,-0.0005225691233756,7,2.92620309229408,0.0583599123455147,-0.0186346386252455,7,2.12204629236034,0.1595300075931104,0.0219132292671182,7,33.24148983189038,0.949696635214075,-0.3019138769262788,7,48.43188753724098,2.856417276183837,0.7005971066352259,7,4.618653586643281,4.01466275659824,1.0,6.0,37.0,0.5728890628096133,0.0559139784946236,0.2718242331145557,D16,0.5513333333333333,0.2020185185185185,0.1982197370530704
WREF_077,WREF,26.518037055219924,0.7642783863322522,-0.2301144198530671,7,45.01220549855913,0.4121494731855732,-0.1123363758098183,7,1.5228437164000102,0.0420984377857737,0.0117355473554892,7,12.206027345997947,0.437877330628125,0.1078208288705417,7,0.0751507229620723,0.0155581811136473,0.0023420017054156,7,10.597306038652148,0.3687866789761824,0.1169581585536802,7,0.4214282107672521,0.0306023600949135,0.0096960558550636,7,0.2326431293040514,0.0173076438114491,0.0053893827477933,7,0.8989164903759956,0.0074202133014497,0.0011491023563925,7,3.3683423825672696,0.0529502356829541,-0.0039343139684269,7,2.4559760125620023,0.2269412484967835,-0.0522803974720094,7,40.763929281915935,0.2741384399165079,-0.0858335849866701,7,19.395959781748907,3.3030410627779654,0.9933569700042634,7,4.076391412097904,3.130434782608696,0.9201388888888888,6.0,24.0,0.5121706244637468,0.0811827956989247,0.2696248196248196,D16,0.4478888888888889,0.1371296296296296,0.2069280904280904
WREF_078,WREF,23.06206788335528,0.6050448283412869,0.1783937308829643,7,37.76495243821825,0.6990166306469092,0.21898684405178,7,1.4701902121305466,0.0209595794928982,-0.0026684310394904,7,10.184750663382667,0.2263812541531437,0.043277272513147,7,0.0544991294612243,0.0149759309113157,-0.0021136267708932,7,9.075345533234731,0.2140449765530844,0.0651617322353958,7,0.3950431373502527,0.0073216435415576,0.0001262872926675,7,0.216745859544192,0.0045710952139582,-0.0001638244670638,7,0.911039650440216,0.0065196527832677,0.0004889558828462,7,3.293320545128413,0.042469844037991,0.0114487568078013,7,2.729822768696717,0.1664830724929842,0.0047983841356859,7,34.23430846418653,0.6664542196813835,0.2229286721676071,7,17.986425127301896,1.8446491344206828,-0.3433692810163332,7,2.6466303884269835,2.2471910112359548,0.9262605042016808,5.0,40.0,0.4478177463428248,0.0946236559139785,0.2105059814737234,D16,0.4222222222222223,0.1834259259259258,0.1431225749559083
WREF_079,WREF,19.651858110513007,0.1819563048562034,0.0149880119227949,7,38.92442875249045,0.6496924515077716,-0.1863374468908144,7,1.5679204261728696,0.0166733302602198,0.004205559418036,7,9.443565478282316,0.1894227258129722,-0.0390005583061992,7,0.0765462592181782,0.0139147299892397,0.0035439375574321,7,8.765197198305811,0.1581224196325151,-0.0248202662807324,7,0.4748949328703539,0.0097686184172064,0.0007849204154803,7,0.2666358194713081,0.0048715144534054,-8.361878659511574e-05,7,0.91131925370012,0.0085519811936102,-0.0008891249086298,7,3.129157940191882,0.0589475511702846,-0.0043067177811454,7,2.7307274152657817,0.0904430782616251,-0.0108918158466674,7,33.25137114524841,0.3911158753828578,-0.0766192571276185,7,26.899163684674672,1.5786368130228576,0.4346062745145289,7,3.170788507354158,2.583625730994152,0.9592198581560284,6.0,47.0,0.5495287081377808,0.139247311827957,0.2565260903970581,D16,0.515,0.2794444444444444,0.1215713484046817
WREF_080,WREF,7.701027137892587,1.3110241623295322,0.4495696146364157,7,16.441895152841294,1.945273686064955,0.6550802462707365,7,1.5536155221717698,0.0911728039678485,-0.0301369621789868,7,3.701631111758096,0.225679857432847,0.0737400373626995,7,0.088374305092397,0.0533757733233718,-0.0144217901651524,7,3.241359003952572,0.2746576756198365,0.0926749898346862,7,0.4423334150175963,0.0456204617002829,-0.013563586493168,7,0.2493489120554711,0.0256987537228804,-0.0076339187846126,7,0.8926678470202855,0.005212349897621,-0.0008446603819641,7,2.298248539013522,0.1421573910656137,0.0491211825841768,7,2.080270955605166,0.448801166154521,0.1530631836826746,7,13.056756888117109,1.5313632314683794,0.5318661650825787,7,73.36570164987019,14.116845280915092,-4.88986522166026,7,2.919294464985258,2.3400295420974886,1.0,4.0,89.0,0.6444680802688272,0.1720430107526881,0.1632872503840245,D16,0.5618888888888889,0.2666666666666665,0.1270379188712522
WREF_081,WREF,25.136776430266245,0.4416744212050184,0.0953112272168859,7,45.001209122794016,0.2065159052656452,0.0354603639227806,7,1.509884563939912,0.0113967030231436,-0.0031863042514103,7,11.726287228720528,0.1451436622237475,-0.0100754483931326,7,0.0544936133914494,0.007102895972248,-0.0013236563450541,7,10.654109699385506,0.1131590469290892,0.0035616648679523,7,0.4380543008446693,0.0117120242026146,-0.0016011535109295,7,0.2468276136953915,0.0069831635960876,-0.0010008669156861,7,0.920550437378032,0.0089591438096529,0.0007666297623015,7,3.34703186580113,0.0468047594869811,0.00565042936733,7,2.748514094523021,0.0884116501560376,0.0194016952347548,7,40.59356181962149,0.2190626448169567,0.0504005682261693,7,18.809139187846863,0.9100410198352884,-0.2388593387397038,7,2.955957421330881,2.5263157894736845,0.9616666666666668,4.0,24.0,0.4960092888844818,0.0672043010752688,0.1772145417306707,D16,0.4162222222222222,0.134074074074074,0.1346552028218695
WREF_082,WREF,22.421516750540054,0.6964331249248398,0.1598780318836256,7,38.66983331952776,0.7155787085026536,0.2404575423698204,7,1.5736106197748865,0.0330889687006751,-0.0107314530867717,7,11.62656308923449,0.1630692262914631,-0.0313544933161983,7,0.0728506027101372,0.0276766046838233,-0.0081529408669172,7,10.482880128281456,0.4105180111280429,0.0749250066418179,7,0.4813461849199874,0.0269876135903564,-0.0001400706083702,7,0.2633565587789884,0.0148119703092881,-0.0003128187095671,7,0.8976960687765053,0.0057217368624707,0.0007010434102805,7,3.2320119653429304,0.0409873660693937,0.0056526772031894,7,2.140891290136746,0.2082197728130875,0.0687405482106815,7,34.9563056400844,0.5936926388347055,0.2023791064416742,7,25.295656306403025,2.486994390528644,-0.781146898521164,7,1.8189685116531733,1.6896551724137931,1.0,2.0,21.0,0.5143843714118398,0.0483870967741935,0.2829493087557603,D16,0.4898888888888889,0.1261111111111111,0.1622222222222223
WREF_083,WREF,32.47879334858486,0.5284614646978527,0.1473104926203027,7,52.75580528804234,0.3177527655568229,0.0799399421394215,7,1.4623460716434888,0.010169103096574,-0.0024505498135365,7,13.768596244709832,0.1209752453547564,0.0081221181360972,7,0.0563666820858738,0.0077180215714279,-0.0015400585044186,7,12.182712648596082,0.2529098503504445,0.0402575335922957,7,0.3832220151754362,0.0111616323311823,-0.0003382139220144,7,0.2114353878423571,0.0061455548528559,-0.0004501648279542,7,0.8979014184858117,0.0076150014851514,0.0003940878985072,7,3.5683818629809787,0.0406850812179683,0.0086167567985595,7,2.895171222942216,0.1051118171261089,0.0171217324072225,7,48.6788033417293,0.2848552068098665,0.0859438112016358,7,12.86760154579367,0.5259223997634874,-0.112594905616231,7,2.8202522937978154,2.7009345794392523,1.0,3.0,17.0,0.5065248009321629,0.053763440860215,0.1820276497695853,D16,0.372,0.1079629629629629,0.1231349206349206
WREF_084,WREF,15.18247829590525,0.5834372233038266,0.0381777783522027,7,33.234065072877065,0.8849364515089017,0.2464393904443421,7,1.7947438401835305,0.0448037713276526,-0.015176110938622,7,9.671192296913691,0.0520176597195205,-0.0007026385020658,7,0.0991013776739626,0.0512841663754424,-0.0110818909076489,7,9.05011849318232,0.2521063201936618,0.0602331201120608,7,0.6822989638894796,0.0441586663566506,-0.0013077061817136,7,0.3672660742221134,0.0219854833343042,0.0002958004206763,7,0.872257333781038,0.0138098764497158,0.0044207051934706,7,2.877754515835217,0.0185191592034138,-0.0007506414300444,7,1.5463228220386165,0.18904801399393,0.0643414057511297,7,28.67853085483824,0.5164040830610355,0.173976737295272,7,49.2642456633704,1.4194458378277028,-0.3758953539277775,7,1.8898815748423097,1.7999999999999998,1.0,2.0,18.0,0.5187256377602274,0.0483870967741935,0.2829493087557603,D16,0.4483333333333332,0.1261111111111111,0.1622222222222223
WREF_085,WREF,24.10886457136699,0.5665677403776312,0.0329029920128728,7,39.90692513329642,0.6662313849546659,0.1629718128656376,7,1.5221178797738892,0.0140270422102106,-0.0016840643577837,7,11.457117757626945,0.2530103438594652,-0.0085046966640935,7,0.0578011935285758,0.0206941909951418,-0.0048040105286491,7,10.47469950573785,0.5893110511253065,0.1096696135281138,7,0.4474985639431647,0.0324707645890355,0.0054972037683763,7,0.2401803640116538,0.0177420376859899,0.0028383563719474,7,0.8750694346215043,0.0078506681051917,-0.0015777093223753,7,3.220628753304481,0.0285468009910883,9.826488922097098e-05,7,2.445488749870232,0.1566543495053038,0.0358201414669696,7,36.12682742731912,0.61958765680651,0.1419785064079858,7,21.479566346321786,1.0588745872668692,-0.0799910555340651,7,1.9930595659329764,1.9862068965517248,1.0,2.0,24.0,0.4677267394824531,0.0483870967741935,0.2829493087557603,D16,0.3968888888888889,0.1261111111111111,0.1622222222222223
WREF_086,WREF,23.432414084672928,2.262653474493833,-0.7439164399583904,7,48.38478563513075,0.2559512500533206,-0.0469469789824733,7,1.7724591780986103,0.0978744126585418,0.0307876139534691,7,13.38817496384893,0.3144528371943272,-0.05515953657255,7,0.1386449881663013,0.0247850629412503,0.0035840522102887,7,12.28238835292203,0.3534841875832084,0.0866467457458463,7,0.6033639652388436,0.080818279417376,0.0273461922184924,7,0.3302935515530407,0.0407363207263579,0.0136442998951742,7,0.8800972274371556,0.0135547589260693,-0.0015776900499197,7,3.2798153970922743,0.0705287248847174,-0.0156234017427946,7,1.844443910888263,0.1877405362926558,-0.0467417174896408,7,42.86673388310841,0.9470871647395795,-0.2368769859302939,7,36.96600232166903,5.604985338617745,1.7699536360326529,7,2.504391818580872,1.93939393939394,0.8828125,4.0,16.0,,,,D16,,,
WREF_087,WREF,23.521491255078995,0.4321118322107208,0.1219693188033351,7,36.69192700726645,0.7062874845756718,0.1882240076285565,7,1.404411569237709,0.0219971171313465,-0.0046432164922959,7,8.922220566443034,0.2919133992285248,-0.0657772600995322,7,0.0384106655339045,0.0112997333332119,-0.0025661801541664,7,7.94788669688361,0.1582575134012615,-0.0173138828808172,7,0.3466095864506704,0.0100031888110244,-0.0010876973116544,7,0.1881555562306727,0.0060447866609904,-0.0006027569310642,7,0.8771876282989979,0.0094001096472797,-0.0006761500838002,7,3.2439306867974147,0.058871049411635,0.0031660427850794,7,3.256986804306507,0.2371656952291899,0.0629731390000767,7,33.098667570522856,0.4451699847372983,0.1483024127910591,7,13.92128158892904,1.6110555232185333,-0.2746782323097907,7,2.134041346736115,2.0570948782535683,0.9861167002012072,3.0,70.0,0.5441388818447447,0.053763440860215,0.1820276497695853,D16,0.4177777777777777,0.1229629629629629,0.1576031746031746
WREF_088,WREF,19.94442132541112,0.6607305495036639,0.1947827657867718,7,36.48583543300629,0.7412621423195478,0.2223693521725649,7,1.5693253725767136,0.0414513983498331,-0.0115968007486679,7,9.97696043763842,0.3005612098536373,-0.0574173551763413,7,0.0843383954405518,0.0292839483726665,-0.0063166437333118,7,8.887353420257568,0.2311422411924501,-0.0025713105249956,7,0.4627065089132104,0.0235661996802868,-0.0037611027791923,7,0.2569856205955148,0.0134368870960434,-0.0021159896234082,7,0.92196226226432,0.0089826251642342,0.0009550769958709,7,3.2308554542916164,0.0491938492638569,0.012497866687747,7,2.238553841199194,0.2205282505999944,0.0620248115734557,7,32.317993130002705,0.6398207355236166,0.1974193939583839,7,25.987115068095072,3.2066811920808536,-0.9544945837273074,7,2.171684052442818,1.9092702169625249,1.0,3.0,44.0,0.4828035708575066,0.1666666666666666,0.1663850486431132,D16,0.4365555555555556,0.1774074074074074,0.1331349206349207
WREF_089,WREF,18.79105803583349,1.45939842600404,-0.4678166250272981,7,41.39555278846196,1.3698004551079028,-0.4319584224954504,7,1.7949747773153442,0.0510372026214918,0.0127512443530766,7,11.740472495555878,0.4672011579231235,-0.1142905919968737,7,0.1315261248133278,0.0188097228765843,0.0013249967862297,7,10.784820113863264,0.3877375220726563,-0.0695363395131392,7,0.6442485888089452,0.0442935283489468,0.0119316775427129,7,0.3513379200760807,0.0215225442924309,0.0059665287279583,7,0.8837672785988876,0.0189792165718268,-0.0050357106556265,7,3.050998475934778,0.0862559578463122,-0.0269096011586616,7,1.6980059410312347,0.1501651625460024,-0.0425138763458914,7,35.745517568928854,2.087737467566223,-0.6814118162055925,7,48.25221249248301,5.499942678245088,1.8351348228106608,7,3.2803246278766807,2.502164502164502,0.9722689075630252,5.0,34.0,0.5366160451201714,0.0672043010752688,0.2114020388213936,D16,0.5048888888888888,0.290648148148148,0.1335388808722141
BONA_001,BONA,13.036023678098406,0.6988542574417141,0.1411671846224414,5,19.176103688776493,0.3861446262275484,-0.0554608126524396,5,1.6137965846061708,0.0767037773181052,-0.0320710859422071,5,5.998875578641892,0.5902015078037698,-0.2397596392138597,5,0.215268197696035,0.0449912117988568,-0.0156607907331008,5,3.943204051681927,0.27621070324475,-0.0009993596800806,5,0.312045245857111,0.0376435946709355,-0.0017472186843815,5,0.1705935267332408,0.0221983342593601,-0.0015645581389338,5,0.8563844141151223,0.0330257349961376,-0.0051084012848342,5,2.5745191982814246,0.0733762493005851,0.0012752160870369,5,1.6162746019661427,0.3720447295813482,0.1547400130858408,5,18.10723799977984,0.2446597381223345,0.0647979318508433,5,37.97917803764343,4.729260014104847,-2.009941949721304,5,1.8111702790874529,1.5199999999999998,0.975033738191633,3.0,38.0,0.6037709201450976,0.1616161616161615,0.1994949494949494,D19,0.5588505747126437,0.1697318007662835,0.1634592227695676
BONA_002,BONA,8.27904702425003,0.3033163261578419,0.029414236802481,5,15.11352688074112,0.3712354928478346,0.1672267399985308,5,1.6585704267024994,0.022463089998376,-0.0086562127388771,5,4.513097977638244,0.1039438927625505,-0.0197138073372474,5,0.1371186106465756,0.0224505099748481,-0.0091540624090514,5,3.800364390015602,0.0822268142675842,0.0361594345805994,5,0.4882609035819769,0.0184535729914389,0.0028705841958009,5,0.2706224758177995,0.0116002527620015,0.00166880748042,5,0.9008789904415608,0.01347846288899,0.0034283400545347,5,2.2776461601257325,0.062792235285705,0.0225816171230945,5,1.6158924296498298,0.0884007487761922,0.0288268079788575,5,13.756471264362336,0.2396207516881682,0.0885891081958039,5,63.38330781459808,3.393241472016068,-1.0426541392146582,5,2.61416707251192,2.006263048016702,1.0,4.0,31.0,0.6546563724684591,0.0757575757575757,0.2428571428571428,D19,0.593448275862069,0.2878352490421456,0.1787730341178617
BONA_003,BONA,3.419426330924034,0.7584022569439691,-0.3046194115846622,5,6.737441927194595,0.2953307803858947,0.1242977252294414,5,2.7998377203941347,0.3431211608058984,-0.1235534304688822,5,1.5503522530198095,0.0482489039267547,-0.0222466258203695,5,0.7151041135191918,0.1204435011590475,-0.0407464700140864,5,1.4063028767704964,0.0913886880850732,-0.0092720575951776,5,0.4419789216481149,0.1091391699036533,0.0379749886081439,5,0.2444750270340591,0.0581595695071128,0.0202571154443636,5,0.7898015730082989,0.0346531196378088,0.0101514679765155,5,1.1241934422403574,0.0784328282660166,0.0293972176371241,5,0.2138699653674848,0.0478146636171757,0.0165939148272614,5,5.780127051472664,0.4130952172651648,-0.171763225490691,5,100.0,0.0,-7.473657687878268e-15,5,1.0,1.0,1.0,1.0,5.0,0.7639795970791903,0.1515151515151515,0.3373737373737374,D19,,,
BONA_004,BONA,4.243340569734573,0.5294815691766168,-0.1970918557510488,5,8.903976893424987,0.235155881345225,0.101242990843185,5,2.030541430413723,0.0879757485894467,-0.0322564049656053,5,2.485803280770779,0.1678376698741105,-0.0508170416899859,5,0.4304973430931568,0.091767955200667,-0.0347433687701596,5,1.8033712431788445,0.1164957851768406,0.0469000765989585,5,0.4410949783399701,0.0782907121938722,0.0322991168078315,5,0.2488909289240836,0.0445139383825528,0.0184188929691538,5,0.862652475386858,0.0184174132424869,0.0061377884884332,5,1.6475984156131744,0.0422180763339084,0.0056995306934769,5,0.6439777562394738,0.0471205863926249,0.0152006337563689,5,7.23461240530014,0.3040488817654775,-0.0655211212820141,5,99.96843719482422,0.0170224086108211,0.0005388670954106,5,1.0,1.0,1.0,1.0,30.0,0.682867966998162,0.1515151515151515,0.3373737373737374,D19,0.568735632183908,0.2425287356321838,0.2298850574712644
BONA_005,BONA,5.591106105595827,0.26175844425849,-0.1522995791265068,4,13.052921675145626,0.4217418046187293,0.2818414611476054,4,1.890076780691743,0.0229845276191881,0.015336781953063,4,4.01358899846673,0.092105026921463,-0.0388803196804946,4,0.1990892068715765,0.0115076900846725,-0.0015948690340983,4,3.7366943787783375,0.0693801996433367,-0.0079428100160259,4,0.6731181270442903,0.0310463769644456,0.017475700112326,4,0.3653818881139159,0.0174384900306372,0.0095435782202652,4,0.8307778164744377,0.0153690918014321,0.0086166058267866,4,1.7310899035073817,0.0974785174878574,0.0597230426435002,4,1.047901485580951,0.0619375227458633,-0.0210946052734337,4,11.547951225191357,0.1181537536710973,0.054037208642275,4,82.36787855625153,1.732752952611451,0.9491140774319384,4,2.233884743472238,1.840764331210191,1.0,3.0,17.0,0.7565313423642597,0.1616161616161615,0.1994949494949494,D19,0.6579310344827588,0.1496168582375478,0.198423645320197
BONA_006,BONA,3.5605543673038484,0.4462952633914173,-0.1725072120798192,5,7.29062023460865,0.4094880744412461,0.1655338143223365,5,2.383073900640011,0.2144714609410788,-0.0852998929933281,5,1.9448940455913544,0.0567681063253639,-0.0081204263300752,5,0.5866370409727096,0.116392165070254,-0.0448677887626278,5,1.5272519618272782,0.0858917355766848,0.0346544697431159,5,0.4390303459018468,0.0752272401498722,0.0302012733521025,5,0.2455992323346436,0.0417094369378633,0.0167343122764213,5,0.8357695743441582,0.0197948053100287,0.0046266963191592,5,1.332018012429277,0.0826204088816898,0.0305617845767113,5,0.3749397824518382,0.0688056696455053,0.0272664113154902,5,6.158345574140549,0.1859797719631151,-0.0230392484829405,5,99.94748954772948,0.0522204674832993,-0.0219009004790297,5,1.6493848884661175,1.4705882352941173,0.8666666666666667,2.0,5.0,,,,D19,,,
BONA_007,BONA,11.057997345924376,0.332273231790495,-0.1026231697627644,4,15.301834180951118,0.2689556914019679,0.1794909698622662,4,1.5333382468670609,0.0565282237533971,-0.0379922707166019,4,4.8319671005010605,0.3609850520273938,-0.223365989753198,4,0.1811952952411956,0.0487110358923961,-0.0321226651846854,4,2.6054555755108595,0.2050459694328349,0.1183472980346091,4,0.2374779873061925,0.0254340013666739,0.0134004794327288,4,0.1267078409437089,0.0147233432616382,0.0076158959684634,4,0.7906809775158763,0.0332805179223274,0.0181993168379594,4,2.251959891989827,0.1089584424887333,0.064566200332987,4,1.687296872958541,0.2797872922164588,0.18242986351253,4,14.250821083784103,0.1657366607114151,0.0624233552387749,4,39.76569804549217,2.7606293374417463,-0.8088648693902166,4,1.6067398132097457,1.3052820053715308,1.0,3.0,54.0,0.6768539654263787,0.1262626262626262,0.2208513708513708,D19,0.6344827586206897,0.3639846743295019,0.1607006020799124
BONA_008,BONA,10.450953543186188,0.2277848274958227,0.0071767227990249,4,17.95981554687023,0.4082776505076773,0.2730754426547624,4,1.6072723399847746,0.018771125312632,-0.0063301241823612,4,5.285867601633072,0.1736029361560705,-0.0322219099317338,4,0.1364220999530516,0.0209168656336398,-0.0065463998554546,4,4.14263254776597,0.042400401578249,0.0278120470898504,4,0.4246597122400999,0.0093489866028064,0.0027743411915645,4,0.2365804000291973,0.0063301290469098,0.0018766399206861,4,0.8617104161530733,0.0163621310713166,0.0071548676916536,4,2.3893376737833023,0.0650353780634087,0.0406826342855211,4,1.836800558492541,0.0873304681125351,0.0204602298992044,4,15.939517185091972,0.2180355122339574,0.0942081161907744,4,47.193969041109085,0.5661820582315434,-0.323064678055918,4,2.8819568405498024,2.525773195876289,0.973015873015873,4.0,35.0,0.727916468284164,0.51010101010101,0.0719336219336219,D19,0.6719540229885056,0.4956896551724137,0.0887192118226601
BONA_009,BONA,2.985629269480705,0.6141260431951995,0.2795031282665644,5,7.011520954966545,1.143281015054251,0.4902285706123836,5,1.8108978942036629,0.179961602555434,-0.0818333765170773,5,1.6277700446546075,0.1907332441530972,0.0855138803800167,5,0.3043143821880221,0.121914247355206,-0.0554255796917603,5,1.26978824660182,0.1469954514562759,0.0647928409984965,5,0.4246966594830155,0.0424914916299097,-0.0134376852917656,5,0.2309727861545979,0.0225359869215798,-0.0050470367082045,5,0.7853896297514439,0.0265511649600458,0.0088819201136457,5,0.968078472145966,0.3275043567245719,0.1498387294174681,5,0.8566421387717128,0.4523405174016223,0.2035242458083062,5,5.084599322080612,0.8759326697388357,0.4063729336806735,5,99.38846349716188,0.1014022028474541,0.0119709763033637,5,1.5069930657725377,1.3243243243243243,0.8928571428571429,2.0,7.0,,,,D19,,,
BONA_010,BONA,1.283302865922451,,,1,0.8254216990899295,0.9679696584135769,0.5805209837588374,4,2.0666690040379763,0.4491569458300681,0.2703851071851834,4,0.0926178543595597,0.1592768764298791,0.0948111693640995,4,0.9791721571236848,0.0359372877211632,-0.0213683986238091,4,0.5214719865471125,,,1,0.3983437828719616,,,1,0.223507547751069,,,1,0.8744860775768757,,,1,,,,0,0.0101719553667035,,,1,2.2147838175296783,,,1,100.0,0.0,-4.023034694774231e-15,4,,,,,,,,,D19,,,
BONA_011,BONA,3.912214344739914,0.6526002284513436,-0.260200118453362,5,8.737466603517532,0.1738403698582088,0.0689739605476174,5,2.249542787671089,0.1388693076239589,-0.0471880107090414,5,2.267222346365452,0.163802178612599,-0.0617513974550537,5,0.5332459570840001,0.1119958654958027,-0.0388541620080222,5,1.8127446994185448,0.0418588161694983,0.0162039144799635,5,0.4779310040175915,0.0956356374740419,0.038615321612053,5,0.2658137902617454,0.0519446680872115,0.0211115917672645,5,0.850384370982647,0.0067205554858811,0.0005680527859207,5,1.574510084092617,0.0332521533380697,-0.0045432303229291,5,0.45540262311697,0.0447638271746727,0.0094367800730053,5,7.231910598278046,0.4539655991959428,-0.1720662635976026,5,99.76323509216309,0.0629205991332242,0.0251934446137502,5,1.0,1.0,1.0,1.0,21.0,0.6582223921407642,0.1515151515151515,0.3373737373737374,D19,0.568735632183908,0.2425287356321838,0.2298850574712643
BONA_012,BONA,9.854238003492355,0.4778886967539547,0.0694210210750909,5,15.925040423870088,0.4091163594574236,0.189787460298388,5,1.6170745074748991,0.0681187733743969,-0.029699981341078,5,4.827733018994332,0.2972216191317238,-0.1177336389905585,5,0.1786212613340467,0.0542973504588496,-0.0226550695731266,5,3.486629319190979,0.1464269233430162,0.0133453660227094,5,0.3687508171424269,0.031759181773254,0.0006599553684091,5,0.2024813743308186,0.0196857686704551,0.0003291992029045,5,0.8581843234598636,0.0275412637680345,0.0016092793887544,5,2.3753556862473486,0.0602495414948365,0.0197962548840673,5,1.5987716674804688,0.2827195033692101,0.1229277927878241,5,14.262985479831697,0.3138529862111582,0.1325179543988555,5,51.98101680278778,5.382299434388081,-1.927203608998158,5,1.828758372307556,1.7041420118343191,1.0,2.0,48.0,0.5781053606595546,0.1666666666666666,0.2278499278499278,D19,0.5222988505747127,0.1764367816091954,0.1576518883415434
BONA_013,BONA,7.334146928042173,0.3532162449611062,-0.166179250393614,4,13.587190993130209,0.3727625449474413,0.2302027608667352,4,1.784576304256916,0.0412815502166883,-0.0168213963508613,4,4.071946371346712,0.1957916496050158,-0.0823263845273485,4,0.2578747957013547,0.0498750830559002,-0.0256253183952413,4,3.0704844929277897,0.0973898890715058,0.0629186694111162,4,0.4488477581180632,0.0356234417043959,0.0215836770300366,4,0.2527827413287013,0.0200840759657869,0.0120154047384864,4,0.8887033276259899,0.0093137110486284,0.0058252219642915,4,2.153374321758747,0.041411451085813,0.0272051555769807,4,1.167659159284085,0.1142647557560712,0.0562039881412489,4,12.00776705145836,0.1763745377084777,0.0110772166933248,4,78.06660616397858,1.5768446791242956,-0.0818394660948642,4,2.031108156971729,1.785123966942149,0.9737237237237236,3.0,36.0,0.570715331401001,0.1616161616161615,0.1994949494949494,D19,0.5117241379310346,0.1590038314176245,0.1623152709359605
BONA_014,BONA,10.251642152667046,0.4812818722488112,-0.250417281900165,4,16.14396832883358,0.1870248755650688,0.1230821319988829,4,1.839059391990304,0.0803527908442059,-0.0299406798822554,4,5.501316606998444,0.2369101676070398,-0.1041257756097105,4,0.3343437268631533,0.0709055534838197,-0.035035037023151,4,3.5658106207847595,0.2501601819259247,0.1635130933353044,4,0.3568229889497161,0.0462391354657619,0.0291072948702775,4,0.1997505309991538,0.0264467376838821,0.0165047402360627,4,0.8783606123179197,0.0253440788926873,0.0140782660671654,4,2.4136342220008373,0.0590169108837321,0.0350105059998392,4,1.0684568090364337,0.165025946121949,0.0761203573218465,4,15.021465241909029,0.1853590929626282,-0.0006660938263019,4,61.62850657105446,1.7060135763795767,-0.8277452843529883,4,3.129021063643778,2.7523809523809524,0.9477124183006536,4.0,17.0,0.7886212684976438,0.5025252525252525,0.0727753727753727,D19,0.6465517241379308,0.5265325670498083,0.0980405035577449
BONA_016,BONA,3.118656735618909,0.7115987591,-0.2967900278839167,5,6.257205098494888,0.3112663175682773,0.0846929362140008,5,2.852889542281628,0.3805297890864018,-0.1382375829050369,5,1.3684433728456498,0.078227613166588,-0.0055951034842941,5,0.741980809904635,0.1286820446916329,-0.0437219740646303,5,1.3123788618048031,0.0512341348917934,-0.0061556651567445,5,0.4462290509541828,0.0964543701945234,0.0404233572886883,5,0.2470234214141964,0.050608164151334,0.0211418939914958,5,0.7883518506834905,0.0432666229350731,0.016668107915113,5,1.0594755521760535,0.0300183623439264,-0.0033760296566235,5,0.1785361120019418,0.041033666178791,0.0106159187181603,5,5.342423149545988,0.5143960247546526,-0.1946417303006781,5,100.0,0.0,-7.473657687878268e-15,5,1.0,1.0,1.0,1.0,11.0,0.6517473753043129,0.1515151515151515,0.3373737373737373,D19,0.568735632183908,0.2425287356321838,0.2298850574712644
BONA_018,BONA,2.975364439189434,0.2603139010279128,-0.0967306727222424,5,8.5581747174263,0.4211719315154974,0.1896713278417034,5,2.2713285848498344,0.1135297637890519,-0.0484775493628031,5,2.099629942327738,0.0820763769942634,-0.0191661289989463,5,0.4577032862231135,0.0843354221610838,-0.0358216348987358,5,2.0869223088026048,0.1005029566398594,-0.0335769677727424,5,0.7177029181271791,0.0222399215886438,0.0084037354922505,5,0.385729319229722,0.0036789465454458,0.0005308330171452,5,0.8390606507658959,0.0258705471047699,-0.0104916706231658,5,1.5340547997504472,0.0836658989897732,0.0303111431542142,5,0.3416405200958252,0.0363834391631227,0.0155784827737339,5,6.885270410776139,0.173573796860347,-0.0044038871238995,5,99.89622802734377,0.0594760824794128,-0.0219208454263714,5,1.5362171861003946,1.352,1.0,2.0,13.0,0.6287575754569982,0.1666666666666666,0.2278499278499278,D19,0.5049425287356323,0.1701149425287356,0.1538587848932676
BONA_021,BONA,2.414337639696896,0.422079943525072,0.2769622054483469,4,5.538663474842906,1.2026296688321063,0.7566851383874108,4,1.711075145751238,0.064062278909122,-0.032483875325751,4,1.3932700455188751,0.2164326139894632,0.1443254070622708,4,0.2948892088606953,0.0844707047364529,-0.0538883502994312,4,1.0928426627069712,0.1873034485239952,0.1221568707909002,4,0.3968131856527179,0.0392094512062942,0.007677509715514,4,0.2165716175222768,0.0218351930045043,0.0073019083722361,4,0.6960376030765474,0.0505567065967568,0.030587508369771,4,1.0635889302939177,0.1176745422896705,-0.0282712453178085,4,0.414889307343401,0.3085074950897341,0.2039863581769352,4,4.056781781837344,0.7986686261458501,0.5322836252195959,4,96.82230722904204,0.3256537877990072,0.1857262338910988,4,1.0,1.0,,1.0,1.0,,,,D19,,,
BONA_022,BONA,1.57467048962911,0.1004330476125082,,2,0.7381940633058548,1.0121366601575894,0.1755302551941072,5,2.1110381428490985,0.5830311784281853,0.1072059710886678,5,0.0810873504107197,0.1563053274565746,0.0254896386745967,5,0.9900807437797386,0.0194639664762825,-0.0030578331079804,5,0.4989027178535858,0.160157302642862,,2,0.2891277033835649,0.0593510080128907,,2,0.1701482041428486,0.0299704475949208,,2,0.4244149859462465,0.4244149859462465,,2,0.8045232693354288,,,1,0.01937195379287,,,1,2.2880349536736806,0.4652436157067616,,2,100.0,0.0,-7.473657687878268e-15,5,,,,,,,,,D19,,,
BONA_023,BONA,3.2729534238576887,0.5468791587623185,0.2456409628021511,5,6.4595777034759525,1.467245288626731,0.6500049726716841,5,1.8571954444050789,0.1732320853394147,-0.0780960394005387,5,1.747160841524601,0.2381795518180833,0.1070627519411326,5,0.3555054363328963,0.1381458883013293,-0.0602497156801809,5,1.2316877596080302,0.2533272366410033,0.1131676623662055,5,0.3794558158144355,0.0370543686426794,0.0069739744468627,5,0.214268782082945,0.0223900185429406,0.0044000900575315,5,0.8335564851760864,0.0182001104245928,0.00460304856172,5,1.1208792006472748,0.3060636918605391,0.1400068907281368,5,0.8343671258538962,0.3445150982759153,0.1593062011525183,5,5.230956822633743,0.9722286949735236,0.4496150072022077,5,99.9968879699707,0.0062240600585937,-0.0009389745778104,5,1.0,1.0,,1.0,1.0,,,,D19,,,
BONA_026,BONA,8.01120150089264,0.3084734101775666,-0.1419209889003401,4,14.639224737882614,0.266965804848276,0.1793048892702519,4,1.7656823303550482,0.0412026334929205,-0.0159921656761864,4,4.481147814542055,0.1658240034955392,-0.0638141849211372,4,0.2500132824643514,0.0457087422263675,-0.0222705466473229,4,3.426993526518345,0.081239755124031,0.0542813275541619,4,0.441555805504322,0.027700984463321,0.0162605611341357,4,0.2514898322988301,0.0162732543645161,0.0095623493460681,4,0.9216803833842278,0.0104536779148652,0.0067461524690906,4,2.342967936769128,0.0251970098501907,0.016872989492758,4,1.2350638709031043,0.1128647133883324,0.0473408990140519,4,13.17456068098545,0.1453811501228387,0.0020109261785231,4,74.96174162626266,0.3042835491665928,-0.0011206013815639,4,1.9751206555240497,1.9513513513513516,1.0,2.0,19.0,0.6150008229994611,0.1666666666666666,0.2278499278499278,D19,0.499080459770115,0.1701149425287356,0.1538587848932676
BONA_070,BONA,3.893232309818268,0.6486077574221273,-0.2787438451216401,5,7.431490710377693,0.5324843395773777,0.1042732415271112,5,2.89953378289938,0.416988493880358,-0.1195228176255727,5,1.7114165239036083,0.1920667215950512,-0.0163532901105764,5,0.7457186963409186,0.1418990934684876,-0.0335756417781378,5,1.4558041594922542,0.135023049752508,0.0358795102942599,5,0.3903200821019709,0.100554397268537,0.0390906063237669,5,0.2170282980427146,0.0572277991431009,0.0224763248798227,5,0.7817492255941033,0.0594543545137925,0.0256676392966961,5,1.318337512910366,0.1010364528027767,0.0255536557699734,5,0.2254136374918744,0.1138621436722684,0.0214634717468183,5,6.34354401230812,0.4251795001676176,-0.1602081551120468,5,99.98861083984374,0.0116818207299847,-0.0002995770553156,5,1.2109971146588063,1.0997506234413963,0.9567099567099568,2.0,21.0,0.6596324502934572,0.4393939393939394,0.1427128427128427,D19,0.5795402298850575,0.4005747126436781,0.1485002736726874
BONA_071,BONA,4.377453696727753,0.4344517619173593,-0.1667023735313754,5,8.910534507036209,0.3828433399672074,0.0562495653485387,5,2.0859406650066377,0.1430039735295506,-0.0122023577448632,5,2.411513128876686,0.1014091212443629,-0.042203212156897,5,0.4825920186936855,0.1116207749541434,-0.0222345947866054,5,1.5718601763248443,0.2114091606695182,0.0821058989085055,5,0.3682078029960394,0.0884670239612208,0.0341902950232682,5,0.2049914589151739,0.0537486355620453,0.0208022934585377,5,0.7882549449801445,0.0656145333573448,0.0264737024774865,5,1.5075944505631924,0.0936544836167005,0.0299812717812876,5,0.6265874894335866,0.1218551800513167,0.0054201391637972,5,7.02940171957016,0.1502696703968524,-0.0411907609166845,5,99.86094198226928,0.0889935794931869,0.0090620312197429,5,1.0,1.0,1.0,1.0,29.0,0.6797768971738172,0.1515151515151515,0.3373737373737374,D19,0.568735632183908,0.2425287356321838,0.2298850574712643
BONA_072,BONA,11.846057510375976,0.3790774443298446,0.0582674716053422,5,17.115093493461607,0.4532457192786014,0.2038671379459456,5,1.5625403970479963,0.0717329620882192,-0.0311358106033584,5,5.2752416133880615,0.3838085001523059,-0.1602122084847972,5,0.1925973207980859,0.0559707234990197,-0.022912132171143,5,3.049880635738373,0.2113513372941298,0.0450109764933587,5,0.2607968157157302,0.0254400561691912,0.00323162547409,5,0.1414980977773666,0.014339451494938,0.0014967267714632,5,0.81970189884305,0.0248523174996588,0.003584685157342,5,2.4142162561416627,0.0870505011049527,0.0277658730488413,5,1.6924784734845162,0.3320512953310315,0.1480997976172728,5,15.639340794086456,0.2727348671848575,0.1200659809441498,5,38.54405973553658,5.496246322321207,-2.402527926040363,5,2.0056544012520527,1.499380421313507,1.0,4.0,110.0,0.7285638026233536,0.0757575757575757,0.2428571428571428,D19,0.6059770114942528,0.2942528735632184,0.1642419266557197
BONA_073,BONA,2.0114262372255327,0.2998383173925819,-0.0065147114981978,5,3.107428847067058,1.5665086688408094,0.5598579369373268,5,2.566563846170902,0.1705193245820922,0.0583722029395167,5,0.5321031572530046,0.3239620728987445,0.1042966249826459,5,0.8937819194048643,0.1014299640672612,-0.0280190020446387,5,0.8942382140382608,0.2068528924270014,0.0275304243793144,5,0.4343656598215198,0.0873166961509199,0.0147491559988732,5,0.2397879650589958,0.045961238073359,0.0086048290821095,5,0.7271278197992416,0.1015572347477097,0.0405987450470722,5,0.7345852113905408,0.1777236880593193,0.064227041927563,5,0.0636101010891918,0.0387045809521277,0.0094348972764315,5,3.439309683773253,0.7599220875365185,0.1331654017812453,5,100.0,0.0,-7.473657687878268e-15,5,1.4575692649810903,1.28,0.9027777777777778,2.0,8.0,0.9299268144148236,0.7121212121212122,0.076046176046176,D19,,,
BONA_074,BONA,3.0231669429275727,0.812090276501774,-0.3574665485242834,5,4.337489872053266,1.6826967701698692,0.4882026258053452,5,2.891227805614472,0.3503345414189485,-0.0556884512048349,5,0.7925211978610605,0.3345426112791232,0.0838040441800554,5,0.8546298045665026,0.1358497951396859,-0.0418324008873075,5,1.0051394401620777,0.198277224077687,0.0657032285653854,5,0.3770474972824255,0.1585296843637533,0.0655106605865618,5,0.2074636352485016,0.082267296725713,0.0344282029075959,5,0.6684155048595535,0.1133198291249917,0.0499812279724451,5,0.769977324576605,0.2135131507409863,0.0558936919705056,5,0.0752101952899605,0.0493855289893827,0.0112915402406842,5,4.64532433199504,0.4454272920477989,-0.1197365860128144,5,99.9908088684082,0.0183822631835937,-0.002773186256155,5,1.0,1.0,,1.0,1.0,,,,D19,,,
BONA_075,BONA,9.087729841470718,0.3339322975036832,0.0235991398322175,5,16.481024038791656,0.5542597628426622,0.2514729068197225,5,1.6480264440178871,0.0442496385339543,-0.017651135166146,5,4.816798612475395,0.1663685631703265,-0.0394198182841903,5,0.1528078328818082,0.0500924246235851,-0.0189621365018983,5,3.893603459000588,0.1640976089083371,0.0667368209567623,5,0.4505346555262804,0.0269529739197875,0.0072032093423714,5,0.2499522985890507,0.0160555933837132,0.0037090871322518,5,0.8861437924206257,0.014979910024021,0.0016777758518683,5,2.374878723919392,0.0472258656313495,0.0173019380790411,5,1.574318501353264,0.1829190912181637,0.0714025968557387,5,14.72708339691162,0.2943203928975809,0.1185676080399649,5,59.06874072551727,3.984652327524545,-1.5721353220530343,5,2.5136788451542054,1.9623233908948188,1.0,4.0,50.0,0.5649137252680889,0.0757575757575757,0.2428571428571428,D19,0.540919540229885,0.1064176245210727,0.2487785075716109
BONA_076,BONA,6.423689660429955,0.5878456850945954,-0.2114651168471966,5,12.650528705120086,0.3134667182843396,0.1203213097720363,5,2.123467998206616,0.1316437180174232,-0.0072279972634426,5,3.665561047196389,0.1276482527155958,-0.0468944677248123,5,0.4657649829983711,0.100065130254952,-0.0190539118223665,5,2.7204909935593604,0.1985295467317534,0.0885319152268932,5,0.4389322914183139,0.0766146099401775,0.0313235862855021,5,0.2476916285231709,0.0443475539489706,0.0180519425615297,5,0.8792921714484692,0.0291800412471081,0.0121602539679625,5,2.073825380206108,0.0458711930018145,0.0187959026159931,5,0.7024761911481618,0.1398272560302045,0.0146382007234042,5,11.033226609230042,0.1919031266073826,-0.0491900587904085,5,91.412109041214,0.4902312296402941,0.0798545849734577,5,1.787198214182687,1.3284813197476952,1.0,5.0,74.0,0.7331004772546895,0.0742424242424242,0.3150553150553151,D19,0.5459770114942529,0.2266283524904214,0.1932676518883415
BONA_077,BONA,2.7829674974083902,0.5631051928595469,-0.2530709135947326,5,5.725724500790238,1.248683713143522,0.331562174708946,5,2.823581083118916,0.3499523388079593,-0.1370397397670347,5,1.0740025099366903,0.2329909678591356,0.0652350503991465,5,0.7892856977880001,0.1585714485825689,-0.0550998043397409,5,1.37569577896988,0.1719654744267828,-0.0456970858254658,5,0.5188096415333368,0.0818009300905337,0.0238161385678714,5,0.2757371312211994,0.0394463595954029,0.0124352523389512,5,0.7139218855553713,0.0683338055899936,0.0190166031750761,5,0.949374326359142,0.1718260712603063,0.0424966576486816,5,0.1135052771820949,0.058304782213943,0.0185291142495555,5,4.992390267108823,0.4679285542953912,-0.1645029200231977,5,99.948739528656,0.0855182064329608,-0.0092014567605434,5,1.9796263300525183,1.9600000000000004,1.0,2.0,7.0,0.788665629290766,0.2121212121212121,0.2187590187590187,D19,,,
BONA_078,BONA,9.283487218618394,0.307935661680274,-0.0179151661437146,5,16.43386619091034,0.3819279254759919,0.1677713404441795,5,1.7478838324546817,0.0580145629447568,-0.0141633842782748,5,5.302314355969429,0.1996675174880903,-0.0264017560101826,5,0.2106450763065367,0.0572184992767739,-0.0171505320548291,5,4.222539237141609,0.1241081573262236,0.0558926607000453,5,0.4800748914480209,0.0244384507122986,0.0086043586087387,5,0.2699302644468844,0.0142125260203712,0.0046744652228946,5,0.9079008631408214,0.0155270505055095,0.002490988482946,5,2.447115609049797,0.0511742701647021,0.0161720646609532,5,1.289868226647377,0.1521723487620411,0.0414391026093574,5,15.212984621524807,0.2514535965597189,0.0829619631685121,5,59.61348452568054,2.3332200356060806,-1.0037084262947782,5,2.5073042696294694,2.1331058020477816,0.9870175438596492,4.0,75.0,0.5923623656308449,0.2474747474747474,0.204112554112554,D19,0.5188505747126436,0.1433908045977011,0.1978352490421455
BONA_079,BONA,9.411550217866898,0.2649761902121568,0.0098483760295244,5,16.425959324836732,0.5726276518381327,0.2623407624919036,5,1.6351224049925803,0.0289971259958808,-0.0115750943920746,5,4.854607677459716,0.1847405894515199,-0.0497574302656966,5,0.1457759019220247,0.0352192717358343,-0.013469999920024,5,3.9286565274000167,0.0995930261542211,0.0422258432312276,5,0.4456380119547247,0.0205291573746377,0.0067719759997627,5,0.2497596551664173,0.011690289876564,0.0034826456384478,5,0.8827026635408401,0.0157088983922674,0.0022504419281048,5,2.3589700013399124,0.0642962157562684,0.023189316792735,5,1.6892887204885485,0.1711969165956015,0.0663076058544038,5,14.87794417142868,0.2634940563544035,0.1130742425548692,5,55.47893704175949,2.788200485570292,-1.0839391746398856,5,2.3764020659514946,2.013986013986014,0.9864916286149162,4.0,72.0,0.6447379172269412,0.0757575757575757,0.2428571428571428,D19,0.5803448275862071,0.2978927203065134,0.1428544061302681
BONA_080,BONA,4.643972358107567,0.6169549374620168,-0.2580554836012419,5,9.420782506465912,0.5786698002849141,0.1761275517015662,5,2.53864579051733,0.277112913835133,-0.0770928982388413,5,2.342498041689396,0.1115531822633246,-0.0131161732534944,5,0.6462147399783135,0.1286395775582982,-0.0375205590229117,5,1.7543475411832332,0.2244439190109133,0.0890828698616642,5,0.3919133998453617,0.1039378319378867,0.0430277380369763,5,0.217444003932178,0.0600588780078562,0.0248113152860071,5,0.7869198568165302,0.0588729175549163,0.0242885833541915,5,1.548258676379919,0.127341137465432,0.0372801092613901,5,0.3772556074429303,0.1225842510938137,0.030253485385089,5,7.567220824956894,0.1561172057099619,-0.0302485836477218,5,99.62237825393676,0.1521141843498636,-0.0387218162931284,5,1.0,1.0,1.0,1.0,42.0,0.7206622616580436,0.1515151515151515,0.3373737373737374,D19,0.568735632183908,0.2425287356321838,0.2298850574712644
BONA_081,BONA,3.617763613789649,0.9101427874040544,-0.384163966040434,5,6.2398604020476345,1.1631440489792026,0.2968930248010681,5,2.860331451892853,0.2862770164468278,-0.0617069707348358,5,1.2473160861060024,0.1951481717064384,0.0256771273862828,5,0.7986526150256396,0.1215882663355709,-0.0346515042996373,5,1.425749677831268,0.154698405100185,-0.0023098112489865,5,0.4177213760965562,0.1189145061752084,0.0469279813370035,5,0.2259860926118868,0.0623535878467183,0.0250241114593017,5,0.7236645447520109,0.0692063097460301,0.027729492173254,5,1.228219753584384,0.1086441323649421,0.0012161422531351,5,0.1817153236166537,0.0561666982217239,0.0048638527653728,5,6.006339434164387,0.6623328487486915,-0.2591769836469722,5,99.89335527420045,0.0527368757784411,-0.0032202210919679,5,1.0,1.0,1.0,1.0,12.0,0.6504988152885475,0.1515151515151515,0.3373737373737374,D19,0.568735632183908,0.2425287356321838,0.2298850574712644
BONA_082,BONA,9.887677836418153,0.3698654269286802,0.0637039955833926,5,15.588598895072938,0.5597352114465688,0.2560609337584923,5,1.6628066435456277,0.0599828784760438,-0.0167455820944815,5,5.02687435746193,0.2477510897964112,-0.0536336176868198,5,0.2005247635766863,0.0543012951118131,-0.0144323942347856,5,3.690220254659653,0.0835562564344761,0.0287762601570844,5,0.3853074729442596,0.0184146951790431,0.0017218995710898,5,0.2142060393467544,0.0119120143946801,0.0007991078791432,5,0.8834159962832928,0.0213033449722207,0.0014468315539174,5,2.395994557440281,0.0635630963858981,0.0201435369792692,5,1.5102354999631644,0.2232250508586743,0.0730870185130946,5,14.580697643756867,0.3315417109923351,0.1365201190627963,5,53.39340925216675,3.038468978449677,-1.3349487658206074,5,2.4409014904067905,2.2102496714848883,0.9833430742255992,4.0,58.0,0.6640065774192749,0.0757575757575757,0.2428571428571428,D19,0.6065517241379312,0.3235632183908045,0.1352490421455939
BONA_083,BONA,2.273770584229267,0.179167153491747,-0.0715809228348394,5,4.150433687493205,1.3059466758999898,0.5567266210785623,5,2.628535325825214,0.2446174242565499,-0.0678829393381758,5,0.818046165863052,0.2955195060839604,0.1188174401237383,5,0.8031314115971326,0.1614079769129166,-0.0575219735599576,5,1.0346356583589855,0.1218865103410765,0.0046748004263957,5,0.468800667504018,0.0631768579707349,0.013473007286428,5,0.2609185523686535,0.0369858036954635,0.0052113381399822,5,0.7581085478863516,0.0264823953339478,0.0034958307370135,5,0.7557416580369076,0.1833648983809686,0.0393389530148129,5,0.0996248452526914,0.0709341511818991,0.0250475636693191,5,3.842369105870074,0.316928410742429,0.1119047682323676,5,100.0,0.0,-7.473657687878268e-15,5,1.0,1.0,1.0,1.0,2.0,0.944757933938363,0.5151515151515151,0.2666666666666666,D19,,,
BONA_084,BONA,10.893209266662598,0.3951856407881721,-0.1145174518741558,5,17.13220919370651,0.3538244710936504,0.1618196234620945,5,1.8226398661732677,0.0481627670077354,-0.0138670335812826,5,6.265328842401504,0.2003387380981026,-0.0509788208994422,5,0.2774008410517126,0.0517636336765848,-0.0183917198727598,5,4.598595550656318,0.2507618845419622,0.1106434879375032,5,0.4500727202743292,0.0355671260506978,0.0146965663719553,5,0.242317440547049,0.0218096842975438,0.0087731219667565,5,0.8268588449805975,0.0366573190782055,0.0115561091405317,5,2.277380035817623,0.1090962135640614,0.0356028988186683,5,1.1055915124714375,0.1428434912002827,0.0550464061570622,5,16.147890961170198,0.2673814873312116,0.1097040628564838,5,54.12047662734985,1.1822261364856406,-0.3806328239112138,5,1.427378807663264,1.1961577350859456,1.0,3.0,91.0,0.8547489373574533,0.4242424242424242,0.0964646464646464,D19,0.7944827586206895,0.5333333333333333,0.1068363437328954
BONA_085,BONA,3.325468190312386,0.5648425011890383,-0.2433492118428659,5,7.269364542141557,0.4069191436418627,0.0782003078513439,5,2.576697538793087,0.278940872875119,-0.0893293090550084,5,1.6998464830219746,0.123778919946885,-0.0364288755788921,5,0.6667885102331639,0.1334615618126925,-0.0370488446527014,5,1.582290313243866,0.1366789191021273,-0.0181121334626316,5,0.4977879683425029,0.084995674460567,0.0256402960641242,5,0.2708353727683424,0.0468400287259929,0.0155984028852706,5,0.7703574350476264,0.0530707777825379,0.0184656295732717,5,1.2092138648033142,0.0656629340904219,0.0134007797159026,5,0.2607319541896383,0.076743492673274,0.0139384457143027,5,6.052627141078313,0.4905676489761578,-0.2241174086414747,5,99.81322298049926,0.108432678765889,0.0340458935704739,5,1.3322056912494478,1.1803278688524592,0.9294871794871796,2.0,12.0,0.6565471277756687,0.4393939393939394,0.1427128427128427,D19,0.5826436781609197,0.4339080459770115,0.1348987411056376
BONA_086,BONA,2.343810273806254,0.3086900019624859,-0.1300893555384703,5,5.082115939259529,0.8564461265021384,0.2911503101089119,5,2.585065132379532,0.2675798615119656,-0.0937069218348891,5,1.0840296021662652,0.162983995140788,0.0314849577001171,5,0.7489432644098997,0.1438156065016576,-0.0477846308996744,5,1.1366921853118888,0.0542824796231393,0.0062547780944012,5,0.4799814631603658,0.0663377511158423,0.0270932273979419,5,0.2605133782699704,0.0333106327816335,0.0137665376179574,5,0.7495526870572087,0.0318237647890227,0.0109720194977919,5,1.0706313125111842,0.1256389793432354,0.0428571927538664,5,0.1261007669485186,0.0577166492483607,0.0131853259920617,5,4.322974204967419,0.267693659955004,0.0073262222346718,5,99.9979440689087,0.0041118621826171,-0.0006203240361789,5,1.3561314133862727,1.1980198019801982,0.9242424242424242,2.0,11.0,0.6476804042391912,0.2121212121212121,0.2187590187590187,D19,0.5711494252873563,0.3873563218390804,0.143327859879584
BONA_087,BONA,8.213699144124984,0.3676868918593284,-0.1307318323645225,5,14.967000150680542,0.2838401312010524,0.1251049257558031,5,1.831730546057224,0.0592605626874396,-0.0065782224952155,5,4.7633457571268085,0.2063095938589467,-0.0703903870849861,5,0.2648305608425289,0.0575244232179807,-0.0153001870674994,5,3.84174174964428,0.1103127865226411,0.0476565341754225,5,0.4902847502380609,0.0338473488802526,0.0149911434132745,5,0.2744987102225423,0.0201544494460934,0.0087478370566312,5,0.8957843773066998,0.0194127700747143,0.0064183809505456,5,2.288951414823532,0.0444061274063514,0.014319331481539,5,1.1535826824605464,0.1468214726766481,0.0464000703510081,5,13.53339924812317,0.1837739968156479,0.0608230556907362,5,68.29405710697174,0.965016916430442,0.282973711860603,5,3.3000709978233798,2.91919191919192,0.9857203751065644,5.0,68.0,0.5798081923677445,0.0803030303030303,0.3150553150553151,D19,0.5628735632183908,0.1294061302681992,0.2462625433315087
BONA_088,BONA,9.035636770725253,0.3442676227560942,-0.0591526717461455,5,14.996141040325163,0.3900008841178753,0.1693224387950036,5,1.744099660217762,0.0551778654637039,-0.0164139660653383,5,4.9307780981063845,0.2113017854439368,-0.0339491950540736,5,0.2565939342603087,0.0579235549838411,-0.0187329365671146,5,3.4739061325788496,0.1757117013903738,0.0766683873431497,5,0.3925447089597583,0.0322130129952776,0.0114785625583277,5,0.2187738087028264,0.0197229473434185,0.0068695653663504,5,0.8892737545073033,0.0212247776412516,0.0073666523114365,5,2.3343509256839754,0.0770336431790721,0.0317116695745258,5,1.2067350551486016,0.1635526994171428,0.0524343281406306,5,13.663757467269898,0.1774894753445603,0.0566608890377267,5,63.84499726295471,1.5172510245343758,-0.3417464597472229,5,2.7833124518625203,2.432894736842105,0.9770146024878312,5.0,86.0,0.6365478710039386,0.0742424242424242,0.315055315055315,D19,0.5889655172413794,0.2480842911877394,0.1766101076445903
BONA_089,BONA,7.536001998186111,0.4230900002686567,-0.1633379181911377,5,14.728277230262757,0.5156237599661704,0.2175594527146024,5,1.872290641069412,0.0526982011411846,-0.0062123718189795,5,4.771811044216156,0.178110522512779,-0.0617270397728966,5,0.250115568190813,0.0540060215206165,-0.0157900193810545,5,4.123213845491409,0.0601498606949926,0.0202206826672468,5,0.5671212531626224,0.0365402752094084,0.0155833309580551,5,0.3151310244575143,0.0207036513004364,0.00862145093912,5,0.8807530477643013,0.0121608968601092,0.0035279833486883,5,2.167282874882221,0.0567705394922424,0.0181564164572747,5,1.069703148305416,0.1101600044318143,0.0272866574212439,5,13.307761991024018,0.1126178236968566,0.0129553798971477,5,71.911017370224,1.5719603008760157,0.6339827549869195,5,2.1200618581841986,1.5895953757225432,1.0,4.0,55.0,0.7443326247252355,0.0757575757575757,0.2428571428571428,D19,0.7258620689655171,0.3471264367816092,0.1536881955847473
BONA_093,BONA,7.644782018661499,0.5241546640166885,-0.1633198497624343,5,13.99699592590332,0.5601972448394624,0.234991594635218,5,1.9310792863368988,0.102657737906662,-0.0309241271481453,5,4.272522100806237,0.1558834482879305,-0.0371085285883541,5,0.3661255558487027,0.1031622177960246,-0.034930998525697,5,3.0905855134129525,0.2960960069779675,0.1289079320970372,5,0.4174599500373006,0.0752273624312006,0.0299795349048279,5,0.2354244651272892,0.0444273191175991,0.0176847162977644,5,0.8775062687695027,0.0331879064760647,0.0132488873305517,5,2.1982161551713943,0.0759666380330903,0.0336370700649171,5,0.9551762636750936,0.1754947080276404,0.0608224985029198,5,12.234055614471435,0.1490114705325712,0.0542608037077187,5,80.91847743988038,1.6337709616427096,-0.7393958424700543,5,2.026349766067812,1.6407766990291262,0.985081585081585,4.0,65.0,0.662923289726012,0.2323232323232323,0.2057960557960557,D19,0.502183908045977,0.2028735632183907,0.1600602079912424
DEJU_001,DEJU,0.9468044921134908,0.3604570473761374,0.1375827678389689,4,1.6157868813723326,1.632308522046851,0.566904860050935,5,2.235351538658142,0.3394101263359532,0.1414656223536665,5,0.2435332343447953,0.2996367341009128,0.10753865518351,5,0.9133350349962712,0.107015713215891,-0.0400274721905619,5,0.3505060732131823,0.3491054266907551,0.1271741186678922,4,0.278820448826688,0.2382759588210095,0.1001826377853765,4,0.1493782046406219,0.1209460858098752,0.0530468195224234,4,0.7583856490751107,0.0213539731999238,,2,0.7625979880491892,,,1,0.0241607987305282,0.0178227112877981,,2,1.6428459333255887,1.0892237642895233,0.3973446681379579,4,100.0,0.0,-7.473657687878268e-15,5,,,,,,,,,D19,,,
DEJU_002,DEJU,1.637704225662682,0.4138749676507784,-0.0990397893327898,5,2.370968541316688,0.7038766732338197,0.2882203435814538,5,2.4855070635676384,0.0935471988392242,-0.0078443270818947,5,0.437136820377782,0.1673910436478609,0.0616193032835579,5,0.8497152518481016,0.136950993327538,-0.0427109327905934,5,0.607475067846891,0.0703376147239855,-0.0104665931561378,5,0.3852915649943881,0.0647630601506777,0.0085563548009181,5,0.2111067063620106,0.0276772851327673,0.0011077161568356,5,0.7544779052668147,0.0274393588211736,-0.0043206707228303,5,0.6595027261972428,0.0299559657829476,0.0093116570906395,5,0.046484638686449,0.013380700571614,0.0032557604899185,5,2.60979178617398,0.2946143392695993,-0.0353446511444862,5,100.0,0.0,-7.473657687878268e-15,5,,,,,,,,,D19,,,
DEJU_003,DEJU,1.3433316379785538,0.2349071271333222,0.1055139702391586,5,3.004184843599796,0.8340446826127801,0.3671818934381269,5,2.002792166173458,0.1303877478328183,-0.0520859737719979,5,0.7341282181441784,0.1642375172947029,0.0733619544590901,5,0.5305723575875163,0.120682751319507,-0.0523440887075724,5,0.5185881931334734,0.1055720132091906,0.0455789087693522,5,0.377792495675385,0.0186202081772371,0.0051799657321055,5,0.2064564414322376,0.0108487986581741,0.0027162969064224,5,0.7493082202970982,0.0855964716431852,-0.032440435590931,5,0.6904561221599579,0.022214520598852,-0.0084189847111712,3,0.0561974153527989,0.0563638207288131,0.024849248323632,5,2.2690368786454203,0.434236331418922,0.1944490580594876,5,100.0,0.0,-7.473657687878268e-15,5,,,,,,,,,D19,,,
DEJU_004,DEJU,0.6638199309508006,0.1183880461337875,0.0512262814003894,5,0.8007828401401639,0.5148980221668432,0.2237537925067608,5,1.983171235024929,0.1018329835912625,0.0430166508745574,5,0.1364952205214649,0.1413708869083685,0.0573219616279247,5,0.9122845523059367,0.1062729991476203,-0.0375814431443323,5,0.1098217811559636,0.0780680689307552,0.0352160750829447,5,0.1466087568302949,0.0796000961261575,0.0361234431090832,5,0.0826720907911657,0.0423267685748188,0.0192505531489396,5,0.5126765308553701,0.0545431792654178,,2,,,,0,0.0,0.0,,2,0.8439100213845571,0.2683691219386189,0.1189246260571874,5,100.0,0.0,-7.473657687878268e-15,5,,,,,,,,,D19,,,
DEJU_005,DEJU,2.046369485060374,1.1143779975766406,-0.3870842393230846,5,2.154959556087852,0.4847003059440732,0.1659213546743832,5,2.520214222371578,0.3236262024047741,0.0762974175399831,5,0.4077735293656587,0.1016431630751014,0.0174610831349237,5,0.8425011858344078,0.1934212825719479,0.0025715914972434,5,0.5953813468137136,0.1904754334949587,-0.0461932027652239,5,0.2927105909213423,0.036406106468972,0.0127977012073214,5,0.1559543035427728,0.0332725917490188,0.0066572772336314,5,0.6111888346827438,0.2062564687522298,0.0431203448051501,5,0.9385111510753632,0.1715184420577538,0.0704093594746378,5,0.0787413843271011,0.0250262808197384,-0.0025646083580787,5,3.034527216653029,1.275585191977315,-0.4157357785765147,5,100.0,0.0,-7.473657687878268e-15,5,,,,,,,,,D19,,,
DEJU_006,DEJU,3.217183957993984,0.2682425079678507,-0.1067000820847502,5,7.522926330566406,0.2522982960082529,0.0951746851205898,5,2.5045116931200027,0.1891152478880361,-0.0531536711957956,5,1.7836963396519423,0.0499936845914609,-0.0200581402710567,5,0.6322442512959242,0.0962401939820263,-0.0221760462937426,5,1.7115676030516624,0.0562115557683777,-0.0223266734773753,5,0.5420020021498203,0.020059179186061,0.006197043806957,5,0.3019594263285398,0.0079028681227217,0.002296946613632,5,0.8632760711014271,0.0294458898918291,-0.0102608478146381,5,1.3160049994538228,0.0207916686192936,-0.0047805576670877,5,0.2872436550853308,0.0676862372495211,0.0059818282574379,5,6.294989982247353,0.24728801695069,-0.1047805907397518,5,99.66473493576048,0.0483428285292032,-0.0097150350439244,5,1.0,1.0,1.0,1.0,5.0,0.9167274799606574,0.4333333333333333,0.2366666666666666,D19,,,
DEJU_007,DEJU,1.1656643979251384,0.3241572820032283,-0.0736606889564853,5,1.8485809497535228,1.1270540013352215,0.3935705225128298,5,2.2880648002028465,0.1359470742718511,-0.0081271793821702,5,0.3031556453090161,0.2161472699562932,0.0798312598048662,5,0.8530378442257642,0.1505885688587315,-0.0592442704846426,5,0.3651750607765279,0.1017858849858449,0.0295532799114129,5,0.3149412311380729,0.0997990729008408,0.0367343798410237,5,0.1707258633803576,0.0433503537935626,0.0166227414276743,5,0.7099887818594773,0.0601571833035518,-0.0033333348495719,5,0.3501750230789184,0.3501750230789184,,2,0.0131116965741273,0.0094213031242543,-0.000947031915633,5,1.809271715581417,0.3598804733093914,0.0128841628160046,5,100.0,0.0,-7.473657687878268e-15,5,,,,,,,,,D19,,,
DEJU_008,DEJU,1.0999885526796185,0.3241051003015549,0.0674431906670675,5,1.803989888355136,1.1511920903234836,0.479403826673072,5,2.29734378606081,0.3775402351490432,0.1341699451722161,5,0.3506356515921652,0.2570687908671692,0.0987877990079075,5,0.7821585718542338,0.2125926859082527,-0.0294957714123167,5,0.3182297085489456,0.2072671899732967,0.0821375544751741,5,0.2701845257038561,0.1124635606284123,0.0449726070336317,5,0.1500978141382802,0.0639591039772733,0.0237105678741567,5,0.6747473008027582,0.2696609152742326,0.0153661611146446,5,0.3213713930712805,0.2374922335327121,0.0951376745388617,3,0.0289070499595254,0.0276740370188765,0.0095493240887309,4,1.632027306656043,0.7170598024261333,0.2381904904741682,5,100.0,0.0,-7.473657687878268e-15,5,,,,,,,,,D19,,,
DEJU_009,DEJU,3.133982153236866,0.3842816939720822,-0.1553291392609086,5,7.677591943740845,0.2471131077472418,0.1003304131586,5,2.509080797433853,0.2258650781629211,-0.0819442145012628,5,1.7766548350453375,0.0481875221830116,-0.0157445929944531,5,0.6291123459115624,0.1156284253421352,-0.0382496120873865,5,1.738094487786293,0.1057719383243471,-0.0297386252546152,5,0.5600827265530824,0.0521635338632809,0.0182988006814292,5,0.3120029745623469,0.0256799062561163,0.008326953252906,5,0.876063172519207,0.0247568456819494,-0.0105439825946925,5,1.3650726959109307,0.0529720825857122,-0.0020664125552487,5,0.2841182330157607,0.060690351363168,0.0177368230852793,5,6.349753868579865,0.2931920872150318,-0.1059782867287868,5,99.8271201133728,0.0422037082063706,0.0172019456994884,5,1.5362171861003946,1.352,1.0,2.0,13.0,0.4459269975623601,0.05,0.18,D19,0.1824358974358975,0.0641025641025641,0.1855128205128205
DEJU_010,DEJU,1.2568350084125997,0.0664236235058174,0.0180243701063853,5,2.8702150374650954,0.4659248690211844,0.190244364712783,5,2.0627617433667185,0.1327640252077422,-0.0503412501822303,5,0.6743518091738224,0.0858689807392936,0.0351345754742378,5,0.6117199722677469,0.1256579137688536,-0.0544081292885944,5,0.5588471601282556,0.0401821104166376,0.0086133590936863,5,0.4351583911913136,0.0188325491057935,0.0027569000419203,5,0.234153678206106,0.012016627474665,0.0020478858810514,5,0.7704096470613565,0.0497695699406187,-0.0224863031307903,5,0.5505810072024663,0.1343284043910418,0.0268672181015069,5,0.0368434787974652,0.0166214287654899,0.0061246132953803,5,2.3005676896870133,0.1670708797521737,0.0547388601084699,5,100.0,0.0,-7.473657687878268e-15,5,,,,,,,,,D19,,,
DEJU_014,DEJU,4.359305188059807,0.3144462375428756,-0.1096314307430795,5,10.35473643541336,0.3296464630295149,0.1496516851515709,5,2.104846991598606,0.1118337873872968,-0.0370867816924043,5,2.6354378893971444,0.1170499711780715,-0.0321260429918794,5,0.4347628779243678,0.0853622464254893,-0.0292732753722688,5,2.183839355409145,0.0391689179913147,0.00601189281663,5,0.5079643573611975,0.0332754821775416,0.0134999665174772,5,0.2849678982049227,0.0177441323410743,0.0072908423407458,5,0.8798093222081661,0.017892821315654,-0.0061039501030389,5,1.7602349936962127,0.0401155554138839,-0.0021050214639003,5,0.6747843829914928,0.10003660494304,0.0317189608989615,5,8.320497733354568,0.2882452076982029,-0.0684229235710852,5,98.73094882965088,0.1595348445229464,-0.067131774178874,5,1.161828344820004,1.0713375796178342,1.0,2.0,58.0,0.4908778463699805,0.05,0.18,D19,0.1579487179487179,0.0224358974358974,0.1981196581196581
DEJU_015,DEJU,2.1361343055963515,0.3805527367652023,-0.1396841056773589,5,4.702554029226303,0.233170150785057,0.0942667031596511,5,2.45285629183054,0.2885006958828876,-0.1115378929494922,5,1.1645217046141625,0.0433839909300604,-0.0171728236921924,5,0.6496502965688705,0.1337386642264062,-0.0523689985435904,5,1.1528013929724694,0.11759477250365,-0.0493414935752277,5,0.5848738877102733,0.050058584635963,-0.0012164957949804,5,0.3047002860344946,0.0196025421087404,-0.0011241402163901,5,0.7490394480526448,0.0342644839975142,-0.0034028126954538,5,0.5962100759787219,0.2424908801140819,0.1080593455114989,5,0.1253815057192696,0.0172995430677015,-0.002094240492217,5,4.052893105149269,0.1849257831318299,-0.0767588972531617,5,100.0,0.0,-7.473657687878268e-15,5,2.2173474522732106,1.8148148148148149,0.7551020408163266,3.0,7.0,,,,D19,,,
DEJU_016,DEJU,2.6779161974787717,0.4088935139235671,-0.138897429316729,5,6.968699258565903,0.130960050738987,0.0270001369303652,5,2.3494643971323965,0.1774382873316341,-0.0704230542198376,5,1.637762613594532,0.1012964296497714,-0.0434432666877259,5,0.5695491887629032,0.0923641765021676,-0.0349152307507823,5,1.5561420693993568,0.1778196506885643,-0.0670097309068433,5,0.5925103046000004,0.0944446097563735,0.0008861168351904,5,0.3265591932460666,0.0480299443160369,-0.0019887940524607,5,0.846898977458477,0.0552245584018436,-0.0225714058775852,5,1.242622725665569,0.0769411323466076,-0.0246960363061806,5,0.2716341112740337,0.0322701931100246,0.0085840323931895,5,5.618096882104874,0.4558869079794332,-0.1922742128372332,5,100.0,0.0,-7.473657687878268e-15,5,1.0,1.0,1.0,1.0,19.0,0.4093588532689028,0.0333333333333333,0.2699999999999999,D19,0.1584615384615384,0.0,0.2173504273504273
DEJU_017,DEJU,1.3440016751984756,0.1362979356724087,0.0600503870575133,5,2.9203880086541174,0.6673872777518457,0.2849817583658844,5,2.317955143749714,0.1530384519445256,-0.0641122932449541,5,0.6565327647142112,0.1756825554576846,0.0767196045730906,5,0.7154236692935229,0.1384911130536544,-0.0585863589437661,5,0.619295976050198,0.0729796080645289,0.0314724380005945,5,0.4464788590619961,0.0308693356716669,0.0073715501882393,5,0.2491258863111337,0.0160006651909922,0.0030736811571465,5,0.8275678373376529,0.0286559387237368,-0.0081019330512874,5,0.6309988339742025,0.0432866320346977,-0.0179100823402426,4,0.0574035836788213,0.0294696294638277,0.0116656246106566,5,2.474739427864552,0.3404431645900279,0.1493881825229352,5,100.0,0.0,-7.473657687878268e-15,5,1.0,1.0,1.0,1.0,3.0,0.7584768777416097,0.0333333333333333,0.2699999999999999,D19,,,
DEJU_018,DEJU,2.8876106306910514,0.5442545825103065,-0.2299822348587686,5,6.193894213438034,0.3461494961724574,0.0594460558274844,5,2.774764947593212,0.3966205385410167,-0.1263867790714566,5,1.3674223199486732,0.1033416343284278,-0.0203840858463582,5,0.7178558323532342,0.1356326216271489,-0.0461225320970489,5,1.3407039031386376,0.0908215334259032,-0.0349973988044918,5,0.478968228213489,0.0608516972767599,0.0263941131034438,5,0.2667571509256958,0.0275357832435099,0.0120770168763691,5,0.8237665750086307,0.0316793975319227,-0.0129565560612195,5,1.0447288916508355,0.0966092106334254,-0.0123593198777767,5,0.1769045763183385,0.053626981753325,0.010917567310792,5,5.129958283901215,0.461664410624046,-0.1968696908704322,5,100.0,0.0,-7.473657687878268e-15,5,1.0,1.0,1.0,1.0,10.0,0.473493123855491,0.0333333333333333,0.2699999999999999,D19,0.1584615384615384,0.0,0.2173504273504273
DEJU_019,DEJU,3.2338295862078668,0.6554289064123615,-0.1211201500404444,5,8.251922148466111,0.2938136343897365,0.1092795953154594,5,2.3079140171408654,0.1488611427469019,-0.0372702369530651,5,1.958267904818058,0.0793617389482659,-0.0242035148729546,5,0.518034465238452,0.1350874266994557,-0.0209600474717525,5,1.6611162707209588,0.1270374354172279,0.0107723624156435,5,0.5467740252614022,0.1745959503572057,0.0149051361107072,5,0.2926610600203275,0.0754128744062278,0.0096554578410384,5,0.8171720497310162,0.0509109739557982,0.0039028647066716,5,1.4568726606667042,0.0560312708453504,-0.0091864668025559,5,0.378188185673207,0.071999589915524,0.0104996911290213,5,6.332285660505295,0.2372359951806714,-0.0525010759974355,5,99.9471344947815,0.0264576195178447,0.0046268824873228,5,1.7547653506033232,1.6,1.0,2.0,12.0,0.487916573070546,0.05,0.18,D19,0.2382051282051282,0.0666666666666666,0.1858119658119658
DEJU_020,DEJU,3.747743088006973,0.4544550244816559,-0.175273840797375,5,7.478383082151413,0.1735350254143196,0.0759658258536816,5,2.084353044629097,0.1244965692577031,-0.0219180540920368,5,2.0792282596230507,0.1275849383724242,-0.0484160356352079,5,0.4924543738365173,0.0982077814075601,-0.0250661706648281,5,1.370942809432745,0.1257819496721708,0.0564625180679699,5,0.3757718488574028,0.0812643710251587,0.0340288897077097,5,0.2112216568551957,0.047882653871413,0.0201058427377716,5,0.8123594015836716,0.0372454207501795,0.0165472233924897,5,1.388954868912697,0.0252155725194592,0.0049505535641622,5,0.5679654039442539,0.0729403857728681,-0.0020032892453244,5,6.090901845693589,0.1993186681811786,-0.0498796811905471,5,100.0,0.0,-7.473657687878268e-15,5,1.2934572090113128,1.1529411764705884,1.0,2.0,42.0,0.4432788986648616,0.2166666666666666,0.1655555555555555,D19,0.1803846153846154,0.0974358974358974,0.1873931623931624
DEJU_021,DEJU,2.790533328056336,0.2227539634118904,-0.0773167608883953,5,5.670705410838127,0.3427206746545476,0.1471395568344222,5,2.0884101659059526,0.1577564069586269,-0.0584019029448821,5,1.500310908257961,0.0484384492817773,-0.0084190552989997,5,0.5073544401675463,0.1099652343724413,-0.0416832692632165,5,0.9136562891304492,0.1013791571779551,0.0407689707353747,5,0.3313374545425177,0.0633490608148964,0.0242707443439648,5,0.1835061567835509,0.0380912854692864,0.0146440100647394,5,0.7244245387613774,0.0335393671480076,0.0124884672655638,5,0.8549883629168782,0.0553069402630651,0.0215217677674514,5,0.4629153752699494,0.0508006562129951,0.0170142946941469,5,4.2988462209701535,0.1040159704077881,0.0230260404019529,5,100.0,0.0,-7.473657687878268e-15,5,1.3115234140474163,1.1655172413793102,0.934065934065934,2.0,13.0,0.4359194525908849,0.05,0.18,D19,0.1582051282051282,0.0435897435897435,0.1905982905982906
DEJU_023,DEJU,2.18249279409647,0.1131712852732216,-0.0393906963411127,5,6.509279051423073,0.2906418998521595,0.1296021103345191,5,2.174550507962704,0.1631374683937961,-0.0656675013617242,5,1.4010770313441754,0.0426410856900692,-0.008285811299396,5,0.4921571627259254,0.1131066856906914,-0.0444238552952156,5,1.316887929290533,0.0924560560580938,-0.0359381649257851,5,0.5984500098973513,0.0166747014025759,-0.0059225565015248,5,0.3160465875640511,0.0131357507815376,-0.0048530215060279,5,0.7754376970231533,0.0404395919976694,-0.0162985139558559,5,1.1199362721285977,0.0465402686975457,-0.0059485760858939,5,0.2426425918471068,0.041319839381357,0.0171690941045616,5,4.80671908557415,0.2428592815753914,-0.0887059209675737,5,100.0,0.0,-7.473657687878268e-15,5,1.0,1.0,1.0,1.0,14.0,0.4355946000047545,0.0333333333333333,0.2699999999999999,D19,0.1584615384615384,0.0,0.2173504273504273
DEJU_024,DEJU,2.788001392781734,0.4592978468895936,-0.1926259776127917,5,5.2507398426532745,0.3414876323524569,0.1289548416590009,5,2.905885331332684,0.5251288619209119,-0.191911630782092,5,1.144886215776205,0.1326968839539687,0.0431126953134814,5,0.7585615888237953,0.1684176117981404,-0.0583281345537041,5,1.0566435258835554,0.0412753939736676,0.0176309566816386,5,0.3998695949092507,0.0761562879969287,0.0330842866578389,5,0.2222983551211654,0.0408473802687973,0.0177414247461062,5,0.7748042903840542,0.0253912226347086,0.0073929680190212,5,0.8805220167409807,0.0697161789815201,0.0163992375845035,5,0.1519701249781064,0.0762143828153226,0.0238957882087079,5,4.514903143048286,0.1325985628975422,-0.0378101897136938,5,100.0,0.0,-7.473657687878268e-15,5,1.0,1.0,1.0,1.0,9.0,0.4981676060334722,0.0333333333333333,0.2699999999999999,D19,,,
DEJU_045,DEJU,2.3307419808683814,0.2448485696721412,-0.0979516866061886,5,4.513423714600504,0.6353173703330636,0.2747712188223818,5,2.9229957118630407,0.1553642606713021,-0.0521998092018392,5,0.9217110950499772,0.1026980923436906,0.0426039121491079,5,0.8246101949363946,0.0641163991579848,-0.0251093142473253,5,1.190620691259647,0.0575721149266244,-0.0085607905220725,5,0.5163670220176925,0.0413454336279942,0.0177280554671785,5,0.2910488899387828,0.0167562955860935,0.0071458527795387,5,0.8631329365784215,0.014426304303061,-0.0041375647150662,5,0.9389142093708464,0.0684462403037375,0.0283136211093125,5,0.1156998691391174,0.0136986522532186,0.0029828525095082,5,4.272117759778604,0.1505021501840809,0.0312394285712158,5,100.0,0.0,-7.473657687878268e-15,5,1.3561314133862727,1.1980198019801982,0.9242424242424242,2.0,11.0,0.4904036222647313,0.35,0.1399999999999999,D19,0.1920512820512821,0.2166666666666666,0.1767094017094017
DEJU_046,DEJU,2.89385499805212,0.6630851553353995,-0.1358896561352336,5,7.532272136211395,0.4643367700715075,0.1672499773317386,5,2.343544200062752,0.2620698464598343,-0.0688993783089639,5,1.7328345205634832,0.0800536793209507,-0.0091533855984692,5,0.4914649705402553,0.1708653573803744,-0.027087583868955,5,1.5583039686083793,0.0250745661684363,-0.0016585068199149,5,0.5762635596096516,0.1404620258364622,0.0173590565582014,5,0.2973664812743664,0.0418360653308551,0.0103685847917122,5,0.7870829649269581,0.0795536865607679,0.0004915096957639,5,1.3200457450250784,0.085251377263849,0.0123867284014134,5,0.3501851720968261,0.0730280295322019,0.0112217060352519,5,5.834423831105232,0.4564210800981823,-0.077189351078765,5,100.0,0.0,-7.473657687878268e-15,5,1.171647139290564,1.0768094534711967,0.9656084656084656,2.0,27.0,0.3972904532355861,0.05,0.18,D19,0.1583333333333333,0.0224358974358974,0.2037179487179487
DEJU_047,DEJU,4.753691706061363,0.3695915573158924,-0.1280730850994717,5,10.27881861925125,0.1505173534981143,0.0573741603514247,5,1.964277832210064,0.0759207353517702,-0.0252270230959224,5,2.7188852339982987,0.125034555788191,-0.0382678089984578,5,0.4102240663021803,0.0747678134309907,-0.0261598064178815,5,1.8771320208907127,0.1061375709889313,0.0475795255524365,5,0.4015627730637788,0.0545567730684455,0.0217866347942133,5,0.2240669326856731,0.032787631218697,0.0132092051930608,5,0.8320678807795048,0.0258775563154758,0.0114066038152276,5,1.7357183784246444,0.0294011295585783,0.0075581182950531,5,0.7822360746562481,0.0757299932533288,0.0263606824847926,5,8.036034780740739,0.2279388508620673,-0.0579039801297595,5,99.52092037200929,0.072812724960561,0.0272129815200235,5,2.6290867021085704,2.3280241067585017,0.9905677655677656,4.0,104.0,0.6135442682055657,0.0277777777777777,0.3795238095238095,D19,0.3821794871794871,0.0414529914529914,0.2827838827838828
DEJU_048,DEJU,3.426921710371971,0.593267842252446,-0.113559644027,5,8.014423072338104,0.3241976880094763,0.0917440023401687,5,2.056483283638954,0.1228953213947443,-0.0372276169344278,5,2.084153746068478,0.1015062949202314,-0.0300299574717381,5,0.4132319436408579,0.1457102939942688,-0.0270888964316378,5,1.599536557495594,0.2214323493362498,0.0326062100457709,5,0.4945506570860744,0.166373870916775,0.0188798792660211,5,0.2704113325104117,0.0814365763003782,0.012369837065965,5,0.8192049138247967,0.0365939493655446,0.014684957901724,5,1.4389152564108372,0.0697527494549478,0.0040039892212062,5,0.5394212765619159,0.100816041855318,0.0242432511877303,5,6.268516498804092,0.197148133755867,-0.0465652074279471,5,99.93179397583008,0.0299907495911813,-0.0012005156484251,5,1.0,1.0,1.0,1.0,77.0,0.5874017493065459,0.0333333333333333,0.2699999999999999,D19,0.1584615384615384,0.0,0.2173504273504273
DEJU_049,DEJU,3.806264413808073,0.3518947762238019,-0.148489419387416,5,8.436927784606814,0.6056685671774802,0.2641264284511507,5,2.4289707958698274,0.1297662280404379,-0.0438559539616151,5,1.962457306170836,0.074062124713092,0.0301307689956523,5,0.6062629506923258,0.0773507776923869,-0.0247671762842642,5,1.7932395415079023,0.0349485350791137,0.0100406375534742,5,0.4793473444346871,0.0537234833264109,0.0221694457782098,5,0.2614135836526041,0.029601190614268,0.0124817387777435,5,0.8167857910550775,0.0163526143062775,0.0066293457902251,5,1.462366763580413,0.09074737499733,0.0398774785018737,5,0.5038682123424397,0.0645489432880845,-0.0084256016491014,5,7.332768905673708,0.214921657836314,-0.0946316298005697,5,98.564737033844,0.1218352086038454,-0.0246892139829573,5,2.785134179682402,2.6318407960199,1.0,3.0,23.0,0.5149453998858209,0.0277777777777777,0.2647619047619047,D19,0.4253846153846153,0.0256410256410256,0.3033577533577533
DEJU_050,DEJU,2.709252686372825,0.2684561245810834,-0.1084629788058959,5,5.387615666538477,0.5049879048314544,0.1473041449448838,5,2.843596598505974,0.2837334513575407,-0.0914015320354546,5,1.2197626852430403,0.095690399701124,0.0111836572539016,5,0.7096268896013498,0.1063754340545534,-0.0279866494720113,5,1.168241418578795,0.0131696605707162,0.0049626300973917,5,0.4460662839668138,0.0434093319615494,0.0176735791524542,5,0.2503063500459704,0.0224439352201015,0.0092432930322341,5,0.8113316264535699,0.0161228997576592,0.0019015472409837,5,0.9280259995588236,0.0526975989850147,0.0099258615309605,5,0.2321286749884685,0.0478968411236911,0.0068234327497831,5,4.655952140688896,0.1286171348714116,-0.0140191062257213,5,100.0,0.0,-7.473657687878268e-15,5,1.3561314133862727,1.1980198019801982,0.9242424242424242,2.0,11.0,0.4588513494431215,0.05,0.18,D19,0.1606410256410256,0.0538461538461538,0.1931196581196582
DEJU_051,DEJU,3.001091276854277,0.3241673119657411,-0.1247390745336244,5,6.547506037354469,0.415856629726974,0.100254980012273,5,2.291304163634777,0.1686606940191051,-0.0541019709459675,5,1.6676780660636723,0.0933996492373337,-0.0248342377318364,5,0.5619653189554811,0.1064801573404325,-0.0320576114403417,5,1.3152295149862767,0.0506105652408084,0.0036972555942067,5,0.4494631294161081,0.0512183932691164,0.019390489376184,5,0.2515307255089283,0.0259438943904862,0.0101060806452466,5,0.8366480983793736,0.0191395749372365,-0.0053533769437474,5,1.1583929385741552,0.0381348645060522,0.0045929921277124,5,0.3877951104038705,0.0457916208122069,0.0059586337643085,5,5.292978259921074,0.2284511970811522,-0.0451191672734195,5,100.0,0.0,-7.473657687878268e-15,5,1.0,1.0,1.0,1.0,32.0,0.4201485154962689,0.0333333333333333,0.2699999999999999,D19,0.1584615384615384,0.0,0.2173504273504273
DEJU_052,DEJU,2.288380925038031,0.3166637334085024,-0.1358362398858283,5,5.437272791564465,0.6150401365729188,0.2513947595424786,5,2.986596550047397,0.3363989047186793,-0.1171960634147462,5,1.0475163369905205,0.1146198218318073,0.0400915988680824,5,0.7850044544786214,0.0999617308857628,-0.0415968488869775,5,1.4094813068929528,0.1054564313433985,-0.0412387190973932,5,0.6308623964233058,0.0490124496732925,0.0202887594020893,5,0.3444674122479877,0.0138737731976375,0.0047914949280167,5,0.8301782463526441,0.0256062166910736,-0.0116654710328808,5,1.0856606669061548,0.0834091288624469,0.0198093673850926,5,0.1046345076113495,0.0228402428022538,0.0074767944532889,5,4.737508257691349,0.1620807106135786,-0.032918624699194,5,100.0,0.0,-7.473657687878268e-15,5,1.0,1.0,1.0,1.0,6.0,0.6040041339623573,0.0333333333333333,0.2699999999999999,D19,,,
DEJU_053,DEJU,3.6578864634037016,0.4525848746760977,-0.1286762359327327,5,7.648642575740814,0.2020469476692779,0.0620190059316567,5,2.015785311162472,0.1101423720531196,-0.0432793914244114,5,2.116459907591343,0.1170647294327284,-0.0389842222091493,5,0.4157696420326829,0.0998829512762821,-0.0315279104698711,5,1.475623755156994,0.2098370136843833,0.0327607538422626,5,0.4277245292440056,0.1230646220292191,0.0192493938294969,5,0.2381819708272814,0.0653401913495623,0.0115313418932127,5,0.8076009906828403,0.027985870561215,0.0103903066302694,5,1.3809000372886655,0.041034956797658,0.0042699801510774,5,0.6274250833317637,0.0831868608455553,0.0245806506899181,5,6.233100798726082,0.2124304784602189,-0.0593565053724073,5,99.98574142456054,0.0285171508789119,0.0018437813068212,5,1.0,1.0,1.0,1.0,62.0,0.527458390018988,0.0333333333333333,0.2699999999999999,D19,0.1584615384615384,0.0,0.2173504273504273
DEJU_054,DEJU,2.997260494778554,0.2968161725934716,-0.0513230965247945,5,6.660410132631659,0.5377361834364688,0.2060011094596657,5,2.096318066120148,0.1258722685978822,-0.0158641301095474,5,1.6936369940638545,0.044649493229668,0.0037771927610284,5,0.4455955032259225,0.1188465992189826,-0.0222808008307004,5,1.4053337981303533,0.1092303504474573,0.0079219432697523,5,0.4791182072709004,0.0727492693151353,0.008580229629429,5,0.2636665929481386,0.0313555284973095,0.0050982455514237,5,0.8256633017212153,0.0469061818365398,-0.002606528677345,5,1.3610443091217852,0.0810988887907216,-0.0192760735067002,5,0.5793842018494295,0.0599662003898039,0.0013612223386754,5,5.373581979572773,0.1287572502267334,-0.0044056067393097,5,99.95497131347656,0.0419285407558376,-0.0105853738455985,5,2.1392153364685256,1.947535771065183,0.973015873015873,3.0,35.0,0.4781523646584381,0.0277777777777777,0.2647619047619047,D19,0.3553846153846154,0.1452991452991453,0.2033455433455434
DEJU_055,DEJU,3.512333932518959,0.3589988203449582,-0.1478244213965578,5,8.61365013718605,0.4344032270567293,0.0737159077463512,5,2.2476749822497366,0.1416632530472757,-0.0240927582028644,5,2.0946894884109497,0.1139852233923279,-0.0481236209001054,5,0.5220703842118383,0.0921652003149368,-0.0210956102638557,5,1.7604875326156617,0.0542804339476887,-0.0079392977058918,5,0.5089605420827865,0.0465113391895376,0.0189565582008209,5,0.2807735005393624,0.0242877199962088,0.0099825078364595,5,0.841287937015295,0.0180713127237705,-0.0055968896325303,5,1.4585800997912883,0.0664376473543991,-0.004775684808607,5,0.4580323098227382,0.0663758417410025,-0.002650632739773,5,6.82635508775711,0.3344028850657279,-0.1174112586625864,5,99.88704090118408,0.0528835425332563,0.0002436843411562,5,1.3215025329299093,1.172607879924953,1.0,2.0,50.0,0.4547908639092016,0.05,0.18,D19,0.1658974358974359,0.0423076923076923,0.1897863247863248
DEJU_056,DEJU,3.0326286971569063,0.3354459619941498,-0.1367023377839971,5,6.432979252934456,0.2045819908898219,0.0688027517292085,5,2.599004879593849,0.1919068002361863,-0.0784835396013442,5,1.5642299573868512,0.052737420495783,-0.0188971385841494,5,0.6464271644130349,0.0876157513581966,-0.0341554739881848,5,1.3761213574558495,0.0429270242145743,-0.0121140055005151,5,0.4630913579836487,0.0452391692724318,0.0163508924286314,5,0.2600839488208293,0.0239876942024734,0.0088352760669366,5,0.8430061206221581,0.0085114118999751,-0.0003348772959972,5,1.1692632295687992,0.0261018731246837,-0.001159326179789,5,0.3073930493361937,0.0394679124487008,0.0163715393212231,5,5.371946090459824,0.2106726500242329,-0.0738024870897192,5,100.0,0.0,-7.473657687878268e-15,5,1.1891100934658383,1.0867924528301884,0.9616666666666668,2.0,24.0,0.3947731935671695,0.05,0.18,D19,0.1574358974358974,0.0307692307692307,0.1958974358974359
DEJU_057,DEJU,2.45724087908864,0.4950394706827929,-0.1982144136474464,5,4.833228700608015,0.4842061731570951,0.1905635059329586,5,2.724616134166717,0.1664871039857259,-0.0644281065284252,5,1.0723991768434644,0.0527044857421207,-0.0017872377306825,5,0.7783149756491184,0.0802019211343605,-0.0316525503896712,5,1.1943922607724864,0.0291652786301532,-0.0007278421374523,5,0.504805645296971,0.1015502585634973,0.0415815234505461,5,0.2772136984268824,0.0467587233579378,0.0181199861519147,5,0.8092214985639403,0.0332225552645709,-0.0118224853967831,5,0.9294361338741852,0.1842235593791211,0.076730879512597,5,0.1514542469861251,0.0213368545198851,-0.0046881013024576,5,4.305487072318792,0.2100003450289762,-0.0479883181016935,5,100.0,0.0,-7.473657687878268e-15,5,2.3601871411857784,2.08641975308642,0.934065934065934,3.0,13.0,0.7175412254663417,0.0277777777777777,0.2647619047619047,D19,0.6198717948717949,0.0423076923076922,0.2938705738705738
DEJU_058,DEJU,3.950886568427086,0.3819876440369465,-0.1029114375083637,5,8.836588364839553,0.290940555203292,0.1073681727565593,5,1.971314287185669,0.0895685276351452,-0.0287456654397593,5,2.350446991622448,0.1143559873214146,-0.0375349386113504,5,0.384027992747724,0.0971522185694835,-0.0269694705092321,5,1.7580071985721588,0.2257526476622649,0.0288944556538377,5,0.4572609469294548,0.0989354797269717,0.0162570352890873,5,0.2556354064494371,0.0564149088285635,0.0099470052980524,5,0.8391633093357086,0.0259005210154296,0.0078591041523839,5,1.557694199681282,0.0551846298537508,0.0065787306119652,5,0.7173900652676821,0.0817749659997793,0.0298456091530136,5,7.0744479417800905,0.1761147986070143,-0.0471414756672197,5,99.8407898902893,0.0384316583228019,-0.0001559504147316,5,2.2631900042420963,2.1291139240506327,1.0,3.0,58.0,0.5629457801884004,0.0277777777777777,0.2647619047619047,D19,0.5134615384615384,0.0587606837606837,0.2076190476190476
DEJU_059,DEJU,3.0128065273165703,0.7126620838672006,-0.138570695537427,5,7.312018913030625,0.3464224321718258,0.1303864589025264,5,2.507336793839932,0.2649018359749404,-0.0699651560521328,5,1.6969464302062989,0.0530521547258896,-0.0120376356202987,5,0.5783118823543191,0.1628719112072965,-0.0237522678176751,5,1.515190091729164,0.0718488750940791,0.0005070746972618,5,0.5451961196959019,0.1841328649029707,0.014896668766718,5,0.2860892781987786,0.0688688919572542,0.0103769937835239,5,0.7966918911784887,0.0824983199123874,0.0043842529974386,5,1.3339506834745407,0.0647210092735171,0.0036645895833581,5,0.2839229046367109,0.05756083168747,0.0154306601676782,5,5.761234518885613,0.2934609741840671,-0.0838089383624786,5,100.0,0.0,-7.473657687878268e-15,5,1.2195906179141718,1.1049723756906078,0.9547619047619048,2.0,20.0,0.4126888260306178,0.2166666666666666,0.1655555555555555,D19,0.1664102564102564,0.0833333333333333,0.1895726495726496
DEJU_060,DEJU,3.1453606635332108,0.5631883536425338,-0.1279520558129104,5,7.092790132761001,0.3075894470700765,0.0555985207701509,5,2.109211917221546,0.1047147284983695,-0.040311643853785,5,1.869474819302559,0.1040350482136487,-0.0323420716128496,5,0.4613886570557952,0.1083997015902236,-0.0272663710237444,5,1.3999107792973515,0.1939135817712566,0.0244587638640166,5,0.47532630674541,0.1532628300033313,0.0186443939114545,5,0.2614902408793568,0.0754789498558194,0.0116840520520397,5,0.8185513712465763,0.0235992441347375,0.0079184234591916,5,1.286071819812059,0.0558989378677604,-0.0005931587375972,5,0.4632677089422941,0.0722041008188725,0.0111370515078326,5,5.595861813426017,0.2007946072542195,-0.0649691657002687,5,100.0,0.0,-7.473657687878268e-15,5,1.0,1.0,1.0,1.0,54.0,0.49370015388895,0.0333333333333333,0.2699999999999999,D19,0.1584615384615384,0.0,0.2173504273504273
DEJU_061,DEJU,3.4156898707151413,0.3634949721795228,-0.1481352316151533,5,7.721348375082016,0.3485454580239423,0.1570705966702939,5,2.578611259162426,0.2686362079393926,-0.0951888796969814,5,1.7883635997772216,0.0497518580924659,0.0005986847882637,5,0.6386041879653931,0.1049069549851433,-0.0389188123738488,5,1.5527424566447734,0.0220969713574307,0.0082666327020731,5,0.4653210662305355,0.0549228815688185,0.0230927176388191,5,0.2595352277159691,0.0291365670311176,0.0121988008714065,5,0.842515691369772,0.0054247370833155,-0.0003587835757384,5,1.333611050248146,0.0246814103592468,0.0073021327241742,5,0.3462801098823547,0.0641567603310798,0.02194062801046,5,6.15768261551857,0.1875889482761438,-0.0661416362071932,5,99.95164852142334,0.0279690230363429,0.0078305334880337,5,1.1491939670970752,1.0644490644490645,0.9706439393939394,2.0,32.0,0.4074724627939373,0.05,0.18,D19,0.1588461538461538,0.0211538461538461,0.2064529914529914
DEJU_062,DEJU,3.226627705991268,0.5234422432060364,-0.1175329395537739,5,7.974064654111862,0.3385793435881699,0.0957544833935537,5,2.0967063874006278,0.1099188882640799,-0.0315286761214005,5,1.969472943246365,0.0969101950092556,-0.0364158750222699,5,0.4351421469822526,0.1163627386673337,-0.022567297195501,5,1.566041351854801,0.1753526413530224,0.0103096949450377,5,0.507778600603342,0.14456992326332,0.0157838184547041,5,0.2772864950820803,0.0702368266722988,0.0098787628692276,5,0.8180637516081333,0.0149309024708297,0.0024952118702495,5,1.3853501752018929,0.0810519041058378,-0.0023185261043516,5,0.5055936893448234,0.0795284090096127,0.009552324126509,5,6.037039375305175,0.2175374146977749,-0.0781929474966336,5,99.93934717178344,0.0395491445137467,-0.0008547388274145,5,1.6003717761615053,1.306172839506173,1.0,3.0,46.0,0.4484679478964973,0.1277777777777778,0.2565079365079364,D19,0.2046153846153846,0.1049145299145299,0.2256776556776557
DEJU_063,DEJU,3.344739860296249,0.3395325283457568,-0.127151446738133,5,7.123293924331665,0.3520439799314076,0.1319147674688038,5,2.184136325120926,0.1558537402181755,-0.050642360194494,5,1.865712471306324,0.0767519637974526,-0.0241757473298215,5,0.5247329881414771,0.1056289841053909,-0.034030026908774,5,1.368983344733715,0.0437243559597924,0.0174514279411795,5,0.4154680334031582,0.0543918863019461,0.02159031645941,5,0.2326288551092147,0.0300285386785294,0.0119123133541706,5,0.8212922289967537,0.0093583970956666,0.0001986785631245,5,1.2425615273416042,0.0427750413760168,0.005997969704712,5,0.4778253473341465,0.0595031801404887,0.0138837028824706,5,5.690186110138893,0.1777564041938031,-0.0430293711352002,5,100.0,0.0,-7.473657687878268e-15,5,1.5578500403997988,1.278118609406953,1.0,3.0,50.0,0.4512695091742743,0.0277777777777777,0.2647619047619047,D19,0.1885897435897436,0.1008547008547008,0.1995421245421246
DEJU_064,DEJU,3.393813751637936,0.7184397893817241,-0.1542137373752615,5,8.899295425415039,0.3439936042474677,0.0841278742099579,5,2.386127570271492,0.1488304511660304,-0.0334145165979851,5,2.0526961594820023,0.0919362126682743,-0.036316098259957,5,0.539478430710733,0.1399546756443019,-0.0149704669521904,5,1.817099617421627,0.1072320480973142,-0.0002095154968333,5,0.5716193923726678,0.1761380314514329,0.0174669816624348,5,0.3025987348519265,0.0737102609557894,0.0110236703667076,5,0.8118512026965619,0.049436668428647,0.0031275356124205,5,1.5301740400493145,0.0720740200100176,-0.001428072148101,5,0.3501762237399816,0.0441774121779607,0.0069126558393761,5,6.81936656832695,0.4739545664597039,-0.1472017970578474,5,99.7602599143982,0.0758815425196264,0.0240511565372825,5,2.350971483262341,2.0071599045346065,1.0,3.0,29.0,0.4393987040448577,0.0277777777777777,0.2647619047619047,D19,0.2780769230769231,0.0395299145299145,0.261037851037851
DELA_001,DELA,16.010049156844616,0.4310982927730319,0.0141213466607617,8,23.998378939926624,0.6939726351553498,0.1548548866193946,8,1.3996516317129135,0.0444016008262591,-0.001175796945823,8,5.843198146671057,0.4217761245643459,0.0266799105328213,8,0.0513014768694119,0.0248128530486804,-0.0035576190545749,8,4.960212532430887,0.3239202970092295,0.0792078244964749,8,0.3206463257083669,0.0247849767859145,0.0044622515096565,8,0.1756008919910527,0.0150139011650884,0.0026710059902692,8,0.8602526863105595,0.032579669544042,0.0075012376230329,8,2.796826645731926,0.1330907880769058,0.0333934612385616,8,2.955814642831683,0.4024428936660809,0.0285185863308965,8,22.27955734729767,0.371466438433462,0.1117685330730017,8,21.264598770067096,3.4104622777878624,0.1272021233786971,8,3.14746018308817,2.4199999999999995,0.9132231404958676,5.0,22.0,0.8530943133514322,0.59,0.1103960852528963,D08,0.8620000000000002,0.7697222222222221,0.0414329836829837
DELA_002,DELA,16.156143002212048,0.5556557218136545,0.0213372967079958,8,23.958299055695534,0.9481105617055354,0.2977991468321214,8,1.3835668582469225,0.0757697884757568,0.0114233277626153,8,5.723362190648913,0.8131123857963369,0.1395722345288937,8,0.0530238081009883,0.0339495583754623,0.0021709814487057,8,4.721091588959098,0.601289393550703,0.1692166281910672,8,0.2989980851998552,0.0431086701356464,0.0106069991732006,8,0.1639357258100062,0.025492692120336,0.006180191207335,8,0.8467858862131834,0.0431628000126488,0.0095818368889055,8,2.752918040379882,0.1518422510544592,0.0389838468700098,8,3.256064299494028,0.8542974096096237,-0.0125762769992928,8,21.98909501731396,0.7565478728249218,0.240675231451177,8,19.27857170905918,5.747400586316195,0.7100853384760387,8,4.053458749319957,3.247191011235955,0.7718360071301248,6.0,17.0,,,,D08,,,
DELA_003,DELA,15.635784227401018,0.6394877567605167,0.1602315994753747,8,27.010578777641054,0.9149393924527884,0.2279518562585071,8,1.587759562768042,0.0545280899315849,-0.0164750975763452,8,6.709266109857708,0.166603894749745,-0.0044517048723178,8,0.0828274217128636,0.0200495947870119,-0.0045157716731391,8,5.778833788819611,0.2240421578831405,0.0318150664485363,8,0.4823869674000889,0.0413279947965035,-0.0117082020581909,8,0.2525324564194307,0.0170476477599588,-0.0044098279185478,8,0.8457858390174806,0.0335858309386058,0.0080694716255831,8,2.782479017507285,0.1559366492548869,0.0428090118220033,8,2.201999534154311,0.2395258217115979,0.0696354898000603,8,24.40630505979061,0.6475803988387258,0.1440530235261746,8,34.302422653883696,3.015047430398578,-0.8035631885810633,8,4.998032842210901,3.8167539267015713,0.8176206509539843,8.0,27.0,,,,D08,,,
DELA_004,DELA,18.05192083865404,0.5275854893417644,-0.0009853820968039,8,27.081139117479324,0.8638819297648896,0.2771847486893909,8,1.4077980257570744,0.0330244212135911,0.0032367444098102,8,6.864770282059908,0.3912897584571185,0.0539831527585062,8,0.0543110260823595,0.0177043607414815,-0.0033081997241476,8,5.782559935003519,0.5478632788685442,0.1557507223895879,8,0.3235127058578655,0.037148216775207,0.0096558169267438,8,0.1749263935489579,0.0226080604656496,0.0057630762349012,8,0.8597294893115759,0.0352297463199917,0.0075776826011917,8,2.9241443388164043,0.0948877424640241,0.0230938278275459,8,2.909528426826,0.3243801736537328,0.0547018211353507,8,25.084922268986706,0.6392286485183148,0.2020703402902845,8,17.029542449861765,2.7500424887528694,0.412572680361531,8,3.699555172992621,2.7056277056277054,0.926153846153846,6.0,25.0,0.7835384779139557,0.5258333333333334,0.118991066123419,D08,0.8261666666666667,0.6580833333333335,0.0702807747807747
DELA_005,DELA,14.057582087814808,0.3901860985925751,-0.0204429078181759,8,19.927855625748634,0.9470614544698271,0.2920447396913553,8,1.3418091656640172,0.0658570933647185,0.0111245862604789,8,4.449220770969987,0.7133921781171995,0.1450112404081076,8,0.0535059015137448,0.0238771122762714,-0.0011494758396462,8,3.3868728019297123,0.749227157124778,0.2170867662696473,8,0.2451933245756663,0.0580409427273701,0.0160271367159219,8,0.1287845790793653,0.0322717870005301,0.0089621732904666,8,0.7767318752594292,0.0675120788457371,0.0181544251391703,8,2.4795114006847143,0.2360604449131493,0.066115948836472,8,2.94616274535656,0.5131671670006351,-0.0336187343565695,8,18.204582802951336,0.6525179625265903,0.2114247791158049,8,15.589849366806448,5.239247079284865,1.0808593003026898,8,3.2146677156096137,2.358288770053476,0.9603174603174603,5.0,21.0,0.8042487996136604,0.5575,0.115551207908019,D08,0.7996666666666667,0.6695833333333334,0.0534504477004477
DELA_006,DELA,15.135785065591335,0.6612618912913545,-0.0299865585535825,8,23.827390432357788,0.7156257640675303,0.20591570101117,8,1.4079620642587545,0.0525717767098969,0.010230630748161,8,5.598469313234091,0.5487471872971488,0.1588406302594558,8,0.0513509327338396,0.0153599186910928,0.0015379189019638,8,4.896420881152153,0.465429921091275,0.1369564338200057,8,0.3329986433964222,0.0384735700939917,0.0086301283596804,8,0.1845102669904008,0.0217068816003688,0.004686447253796,8,0.8574852612800896,0.0334154432103563,0.008455424698595,8,2.702796647325158,0.1432050584946148,0.039799909634461,8,3.233108473941684,0.511327918315709,-0.1128262576704641,8,21.992414087057117,0.5512352614040162,0.1278713362443719,8,21.661115841474384,4.805168812128171,0.7879432466484954,8,4.704191087137807,4.070422535211267,0.8305882352941176,6.0,17.0,,,,D08,,,
DELA_007,DELA,17.81430444866419,0.7027780069254815,0.1361241749610457,8,27.403694823384285,0.7930816751916032,0.2332863057395915,8,1.374361328780651,0.0270113444971325,-0.003825711487529,8,6.320972792804241,0.2751870781022813,-0.0072160598033613,8,0.0272309245401629,0.0119086823883417,-0.0022300855838182,8,5.805615050718188,0.2367307459102338,0.0159716138706429,8,0.3328799596056342,0.0224750479000923,-0.0008927992419124,8,0.1835505145718343,0.0142585485322368,-0.0008549181556322,8,0.8622734374366701,0.0280363911216418,0.0011611989635562,8,2.851004196330905,0.1257740454871333,0.0274106503179756,8,3.796676928177476,0.3337409301321354,0.054905197830346,8,25.406397476792336,0.5513829246472667,0.1616380001746236,8,16.410342700779438,2.776344493431409,-0.2322851410492452,8,,,,,,,,,D08,,,
DELA_008,DELA,9.186723681166768,0.629293198577661,0.1900524863963855,8,18.29270923882723,0.6186583458439968,0.1154035915914492,8,1.5954002374783158,0.0515824832914028,-0.0141595173285083,8,4.3955144342035055,0.1355162653509885,0.0179949381166376,8,0.0849621339139048,0.0233928392388364,-0.0018408410134414,8,4.076587033458054,0.1055839749247626,-0.0039637348115526,8,0.498370559187606,0.0440248289083223,-0.0138515711409064,8,0.2756061336840503,0.0223658415772331,-0.0069419012952262,8,0.8817396578378975,0.0214162501950673,0.0036374622013709,8,2.3336621429771185,0.109104711929378,0.0305341905315633,8,2.307895745499991,0.2227713037964872,0.052523618655743,8,15.943577084690332,0.4610776530280398,0.1100045706772038,8,59.9936598688364,4.707761789084623,-1.4147101218791511,8,5.585608947307176,5.260869565217392,0.8601398601398601,6.0,11.0,,,,D08,,,
DELA_009,DELA,22.520385019481186,0.5494534791509709,0.0798820216388975,8,31.851010411977768,0.8527784275637307,0.2556162951187539,8,1.3473011329770088,0.0393861502974635,-0.0064916138059897,8,7.256047710776329,0.6074629618249748,-0.0686813031691624,8,0.0444256762184522,0.0196819034574193,-0.004500975552358,8,5.956995323300362,0.3509231270707484,0.0507869101525965,8,0.2712323458399623,0.0187257482666554,0.0010015227192881,8,0.144837725063553,0.0109487941008607,0.0005175203060847,8,0.8176124887540936,0.0301004783268588,0.0051984555509332,8,3.0045663956552744,0.1458727985735871,0.0325359162534012,8,3.38600779697299,0.5751977309588752,0.1106645882328575,8,29.480889827013016,0.6206344729348644,0.1962162819449929,8,10.495891559869053,2.4128338001357275,-0.3805567789853455,8,4.86550222667393,4.245283018867925,0.8090909090909091,6.0,15.0,,,,D08,,,
DELA_010,DELA,14.300642545334997,0.5983996498515217,0.1746083915556991,8,25.053057625889775,1.0195855854228344,0.3242788290937556,8,1.5564958276227117,0.0394955182821133,-0.0028212829329725,8,5.917189881205559,0.184896988103419,0.0495897630518789,8,0.0902747245404497,0.0234027386910659,-0.0037259072718569,8,5.530078358016908,0.2154970569042109,0.0565610885346479,8,0.4502064323751256,0.015407009529778,0.0003864941185649,8,0.2449057917110621,0.0070194216291001,-0.0002797656631926,8,0.8331991005688906,0.0188503486230891,0.0025046430714738,8,2.584708993261059,0.0997695036002895,0.015297536135564,8,2.970407793036429,0.2202118096570111,0.0191814625586762,8,22.735025007277727,0.6710624182222634,0.185785187056945,8,35.42279762192629,2.617219039228522,-0.7755149120250093,8,,,,,,,,,D08,,,
DELA_011,DELA,18.624749831855297,1.063405359898472,0.3192728541928087,8,24.383570283651352,1.4472624465560149,0.4655592704256933,8,1.2625836795195935,0.030533506747212,0.001681617198385,8,4.721488460898399,0.5343956565476671,0.1091361593125513,8,0.029615292204653,0.0079841174051189,-0.0005543431008436,8,3.686105586588383,0.4793206088042426,0.1187852411118898,8,0.1980295153334736,0.0236400348471389,0.0030999806070568,8,0.1052211931673809,0.0132594728814675,0.0014156860086402,8,0.7676183292642236,0.039190443453945,0.0061740531820887,8,2.7027807096019387,0.2391981194758038,0.0626071090366873,8,3.729941038414836,0.3459428801286686,0.0170327729742904,8,23.04699447751045,1.3033024644861584,0.4229654935444984,8,6.394316641613841,1.7554119819678933,-0.0057825330451659,8,2.542391890526857,1.989648033126295,0.969758064516129,4.0,31.0,0.7934666511261387,0.4125,0.2057585470085469,D08,0.8046666666666665,0.6204166666666666,0.0986326451326451
DELA_012,DELA,14.89656774327159,1.1260487336398608,-0.3160413105121537,8,22.97138130664825,0.5319202077210436,0.1560426594219895,8,1.4356994600966573,0.0894107267932902,0.0196611106470344,8,5.856437359005213,0.5290436519666485,0.0692916871211746,8,0.0626332621304754,0.0335619421141164,0.0013638764914703,8,4.878108618780971,0.5784495162927215,0.1715245714818459,8,0.341660569072701,0.0744082639447624,0.0218389741812074,8,0.187499233346898,0.044161227145099,0.012967081578022,8,0.8592396504245698,0.0489049165848813,0.0122694137610356,8,2.732264135032892,0.0885015338036297,0.0143339076205369,8,2.9883390460163355,0.800008280572316,-0.0046436649580809,8,21.25633879005909,0.2697976992505185,0.0671718775330478,8,25.801980316638947,9.072001779055128,2.3721551457310315,8,2.5970978109520235,1.7978609625668454,0.928028788484606,6.0,41.0,0.7945157466068823,0.535,0.1032638358373652,D08,0.8218333333333334,0.64525,0.0955936285936286
DELA_013,DELA,22.136111065745357,0.7345961723454918,0.1161285754237131,8,32.60323864221573,1.011271484922717,0.3291362187699057,8,1.3783059902489183,0.031477657603711,-0.0019004008109257,8,7.859343327581882,0.4059286639382953,0.0368490070850959,8,0.0378958043474994,0.0124449893185576,-0.0018955315224677,8,6.885035380721092,0.3609056959282473,0.0614991918430111,8,0.3186743719270453,0.0222171932268706,0.0005491616061341,8,0.1735370766255073,0.013551083567685,0.0003643462190309,8,0.8421607590280473,0.0344142822538317,0.0061565403063129,8,2.997403483837843,0.1598758080848819,0.0390164540188132,8,3.3391157053411007,0.2436839753616055,0.0314676368077266,8,30.465343430638317,0.6707856409948546,0.212956723665347,8,12.87863469682634,2.3959713011687414,-0.3400365072667498,8,6.585507053872417,6.259259259259258,0.8846153846153846,7.0,13.0,,,,D08,,,
DELA_014,DELA,23.982648476958275,0.9748349609778318,0.2278780485433385,8,30.79933784902096,1.9241580721913896,0.6281437629053066,8,1.4678292591124773,0.0855934557426753,0.0057554322361761,8,9.517963591963053,1.4370679342318644,0.273027893647142,8,0.1294963040345464,0.0591122617550762,-0.0045512932390994,8,5.8383117243647575,1.5418525982856728,0.4483145486333075,8,0.2468217188143171,0.0629969133735201,0.0168787465424566,8,0.118871635524556,0.0308672917990615,0.007796262314726,8,0.7234043315984309,0.0316733211262434,0.0062757665493547,8,2.6191612035036087,0.1691736947940018,0.0400153006456506,8,2.195635695476085,0.5390500384281814,-0.0226666279609912,8,29.43321716785431,1.687660149873675,0.5489963728915652,8,17.986103086732328,5.109500991708878,0.3678862702394512,8,3.632162822376469,3.366412213740458,1.0,4.0,21.0,0.8093863976526281,0.525,0.1894032356532356,D08,0.8186666666666667,0.6613888888888888,0.0796937414437414
DELA_015,DELA,15.063671126961708,0.8365679418818606,0.0467979651261584,8,21.948175318539143,0.9092232953413856,0.2949805521407692,8,1.4497646801173687,0.0407179370720211,0.0001356886802416,8,5.81423257291317,0.4453637641630822,0.0752895857535554,8,0.0828854035339645,0.0275165116056529,-0.0043650832557003,8,4.576556975021958,0.5532134431408008,0.1091995385284213,8,0.3230932286242023,0.0518608754517604,0.006616517769263,8,0.1769096893258392,0.0306716588608857,0.0039883888698181,8,0.8420790485106409,0.0408651315040261,0.0066735863200512,8,2.6930857822299004,0.1205270718149154,0.0324623967848946,8,2.5659947944805026,0.3381638919881529,-0.0046804567584425,8,20.5773119404912,0.6567801867330879,0.2048786007900185,8,26.668801217339933,3.889945882171543,-0.2349832153354412,8,3.826121112049145,2.7931034482758617,0.9286694101508915,6.0,27.0,0.7174034969895933,0.4483333333333333,0.1234012392835922,D08,0.7584999999999998,0.5857222222222223,0.0737000407000407
DELA_016,DELA,22.67649345099926,1.0483691467495824,0.3324875292276332,8,29.293638467788696,1.9189146982099297,0.6227517104108818,8,1.5497504957020285,0.0914062818943202,-0.0155525760280454,8,9.978937912732365,0.7575907221150147,0.0571973114360023,8,0.1758680066996021,0.065229089930879,-0.0137337638764477,8,5.945490809157491,0.7260374058932002,0.2182521582993066,8,0.2666838020086288,0.023365379578785,0.0059945927886214,8,0.1245828873943536,0.014018066679799,0.0040618237978677,8,0.7279716818593442,0.0438074106202294,0.0120724181711472,8,2.558472262695432,0.2577822690591523,0.0708175069451904,8,1.7747577475383878,0.3519447789621943,0.0785788459725033,8,28.061423525214195,1.8040617160422312,0.5876505906275175,8,24.711821619421244,5.844904768757969,-0.8983579359089414,8,1.0,1.0,1.0,1.0,10.0,0.9741935483870968,0.95,0.03,D08,0.9808333333333332,0.9499999999999996,0.029
DELA_017,DELA,19.40372764319181,0.7800584158209507,0.2071860725175072,8,29.18358701467514,0.7815664796580442,0.2381640507502181,8,1.369822266511619,0.0350365455242434,-0.0082649813843682,8,6.543103938922286,0.2839693535955687,-0.0179017004813441,8,0.0320648206679834,0.0094544099831909,-0.0017240106327046,8,5.828884223476052,0.196208499639372,-0.0020664270861494,8,0.3190911145647988,0.0248362939960086,-0.0062725811447316,8,0.1721414126805029,0.0127684241912743,-0.002670681348944,8,0.8287643897347152,0.0279780564251023,0.0045217568232042,8,2.873354527167976,0.1567980875841164,0.0397829676734181,8,3.511588867753744,0.3320241881750242,0.0610463787896332,8,27.17828694730997,0.5723843507880808,0.1795019827820383,8,17.903752319980413,3.756517018427263,-1.141025374853344,8,4.013707808801153,2.586206896551725,0.6093023255813954,7.0,15.0,,,,D08,,,
DELA_018,DELA,13.805579625070097,1.6079950694203002,-0.4716400092153455,8,24.51171589642763,1.1915221044293272,-0.3338836876299043,8,1.47154750674963,0.0746991186760544,0.0178334863237625,8,5.730739358812571,0.2952771413113675,-0.0184464626300232,8,0.0478911680647797,0.0178713922319203,0.0024739217856428,8,5.241635775193572,0.2354630832224277,0.0133350290768584,8,0.4092951593920588,0.0606228820643165,0.0160473928552037,8,0.2278810565476305,0.0346708056980331,0.0091509993439958,8,0.8743200106546283,0.028438569602924,0.0058014953698658,8,2.674550727941096,0.0793004459685386,-0.0072970068041777,8,3.057884395122528,0.4331547225042729,-0.0859410965781005,8,21.705956622958183,1.3709193383942309,-0.4046733707736631,8,33.95678999926895,10.41431745526928,2.8751831134416737,8,5.595453815661625,4.8133333333333335,0.8477443609022557,7.0,19.0,,,,D08,,,
DELA_019,DELA,12.626098873093724,0.9008490677050112,-0.231874315910819,8,24.61471775174141,0.607017234376903,0.0233327275723553,8,1.5179762309417129,0.0822172713689305,0.0222454564723617,8,5.76598056498915,0.4571481993928352,0.1160347695417278,8,0.051766772288829,0.0253070873013856,0.0048679495397454,8,5.373994519934058,0.4052317761148463,0.1172880723649521,8,0.4535921744536608,0.0604325077493415,0.0174496594182084,8,0.2486060075461864,0.0356864206538848,0.0102550286880515,8,0.8622449724934995,0.0370832446563935,0.0093905365837733,8,2.5992525098845363,0.0902544682450388,0.012818892991702,8,2.946132116019726,0.5194697434234344,-0.1253484114382571,8,21.3649211153388,0.7495717739843346,0.1139850366692718,8,43.25789387337864,5.470023478319583,1.224827201841034,8,1.0,1.0,,1.0,1.0,,,,D08,,,
DELA_020,DELA,21.77638959884644,0.7521335849118083,0.1854004453936019,8,29.35899758338928,1.2208691736319426,0.3785621455197234,8,1.3181891478598118,0.0258674968310192,-0.0029609861576893,8,6.584528291597962,0.3667845308155314,0.0205947103753141,8,0.0397082512754422,0.0109021900966015,-0.0028336685226559,8,5.273038743063808,0.4326779843625796,0.097929522693654,8,0.2439038102747872,0.0204570343651061,0.0021553889075558,8,0.1267192923987749,0.0122261669379588,0.0011680941070229,8,0.8014111225493252,0.0320269730449124,0.0054218771498968,8,3.006934430450201,0.1520886787293948,0.0418985033771624,8,3.331484952941537,0.3093428368192592,0.0759297080698666,8,27.60066577792168,0.8333055017041817,0.2693372931026575,8,8.753246797714382,1.6697489491617332,-0.2234428744694581,8,2.2850897975702145,1.7439613526570052,0.9002770083102494,4.0,19.0,0.8723359362332543,0.625,0.1540399877899878,D08,0.8961666666666669,0.7644444444444446,0.0759681059681059
DELA_021,DELA,10.86572800949216,0.5604895332724847,0.09047131879699,8,18.954101860523224,0.6803989283910282,0.2074863397219294,8,1.4867698838934302,0.0234445565717345,-0.0035904321402857,8,4.584826924838126,0.1563528861681621,0.0174772664655818,8,0.0541726224601006,0.02226388891069,-0.0013902098020277,8,4.0903402008116245,0.1711462960103604,0.0296867881374515,8,0.4149641043040901,0.0274474708015648,-0.0017956094303238,8,0.2289688498713075,0.0168606115788568,-0.0008205651353811,8,0.8770093922503293,0.0249615263217827,0.0044032449652139,8,2.438935852609575,0.0856319870502453,0.025097634351014,8,2.684490160085261,0.2507698233561977,0.0384104263678033,8,16.86557625234127,0.5041101132932956,0.1344077513492535,8,46.97734731435776,4.136969587154172,-0.9977000026351968,8,3.705022405515465,2.9411764705882355,0.9376344086021504,6.0,30.0,0.824136161637177,0.5625,0.0994278923690688,D08,0.8408333333333335,0.7042222222222223,0.0630804658304658
DELA_022,DELA,14.602188885211945,0.815662749751758,0.2171308982352302,8,23.89630278199911,1.2772736048463682,0.3417978896720475,8,1.3378334175795317,0.0340347176055343,-0.0052708926453608,8,4.872889920137823,0.2457329696216121,-0.0075656726757313,8,0.019955742001457,0.0110357262219165,-0.0010413045623958,8,4.489304615184665,0.1866878550030968,0.0043443863549111,8,0.3051341238897294,0.0258243080656159,-0.0038499902398983,8,0.1709657792234792,0.0150983143662378,-0.002366417706423,8,0.8488871590234339,0.0214432738132179,0.000423852926453,8,2.623289695009589,0.1549437095092668,0.0402489475943205,8,4.146414380520582,0.5697451722681022,0.051380527487175,8,21.24644234031439,0.6652864399127228,0.2008799405050152,8,25.468406980857253,8.059711559250038,-2.3326899417005063,8,4.870801289640724,3.999999999999999,0.777027027027027,6.0,12.0,,,,D08,,,
DELA_023,DELA,16.076378252357244,0.5939776949119159,-0.0465272841648552,8,29.230223178863525,1.0647799335317083,-0.1623201179185811,8,1.456998842768371,0.0340462725376935,0.0022230839515367,8,6.863358531147242,0.2888186189876862,-0.018185877292501,8,0.0262450839272787,0.0080006487926874,0.0002867376764597,8,6.531256848946214,0.2247143279713272,-0.0103601542906283,8,0.4223267221823334,0.0246058130663184,0.0020796279228587,8,0.2335087218089028,0.0141450330382134,0.0009964100024561,8,0.8623148836195469,0.0258867892073265,0.005216448404554,8,2.682327190414071,0.1706406555921258,0.0316154539634859,8,3.819683192297816,0.4612581520642432,-0.034522089790023,8,26.06702572107315,0.405768073544098,-0.0565001459073872,8,26.936955228447918,3.278809972279,0.0648081221046974,8,5.412436239502412,4.413793103448276,0.7580645161290323,7.0,16.0,,,,D08,,,
DELA_037,DELA,12.264757584780456,1.1313903220989774,-0.3243027893151611,8,21.42793997377157,1.1796307322290436,-0.0192489929509944,8,1.4187541091814635,0.0812571891499408,0.0240852745103706,8,4.604739943519235,0.595077374192599,0.1351613662825876,8,0.031020997813357,0.0176776243391751,0.0046155996357576,8,4.312209563329816,0.5021356414125598,0.1100208985934764,8,0.3776391138671897,0.06250843254333,0.0187779166222618,8,0.2112471034633926,0.0369257388066835,0.0111545804174354,8,0.8631482166238129,0.0467524045307004,0.0134728563287119,8,2.5141659695655107,0.1114882371341413,0.0213177026760975,8,3.748842788860202,0.7980867566925093,-0.2271855144896633,8,18.963035628199577,1.0997096807964355,-0.1174554185994908,8,38.246637533418834,7.150318395670087,2.115736155619891,8,8.530738450101182,6.487719298245615,0.9091400757166036,12.0,43.0,0.7710571987236883,0.4667929292929293,0.1226201934609862,D08,0.8371666666666666,0.7163769841269844,0.0496304898804898
DELA_038,DELA,10.464265013113618,0.604556113793992,0.1910928904462853,8,19.27269254624844,0.8870150582666582,0.2548270211593859,8,1.4703897638246417,0.0163904455363901,-0.0023576469348742,8,4.316285560838878,0.1893476932949905,0.0450938878975854,8,0.0486500544257068,0.0127897613885949,-0.0030999471682248,8,3.991943364031613,0.1920988126289155,0.0527617457091098,8,0.4089382592355832,0.0130898524483559,0.0014379070232154,8,0.2277843391057103,0.0087167495856868,0.0011890699281567,8,0.8611939470283687,0.0230945061181369,0.0052132043856909,8,2.2931394148617983,0.1721509705294422,0.0464168984772561,8,3.2191208209842443,0.2957104783355266,-0.0078781196141734,8,16.928862154483795,0.776963784255105,0.241549604922177,8,56.13571356236935,6.492427455948119,-2.084008966144926,8,7.483307003797245,6.471698113207547,0.9396142018451216,10.0,49.0,0.7239337818234448,0.4054166666666667,0.1332229320387215,D08,0.7781666666666669,0.5999325396825395,0.0753976532726532
DELA_039,DELA,18.37877183407545,0.8308847091533499,0.2190841371706463,8,28.388984695076942,0.5832053769718949,0.1528846598626751,8,1.3895760951563716,0.053314039228096,-0.0124132876379248,8,6.3346284087747335,0.4400745688317669,-0.0793392929638648,8,0.0351508063504297,0.0153551553679117,-0.0035540880280202,8,5.746567526832223,0.3581144365416878,-0.0575537617148778,8,0.3379431590437889,0.0374486540227652,-0.0083954880178861,8,0.1850647792743984,0.02104074731531,-0.0046667137851028,8,0.8371022162027657,0.0266124732609728,0.0017783204420083,8,2.84835665114224,0.1283963920031377,0.0276852236914509,8,3.58752023242414,0.4345463147269426,0.0870718301486764,8,26.02954162657261,0.3565789936507492,0.1099871950276871,8,19.49981523072347,4.617687183058874,-1.214802111447592,8,4.995921931032072,3.4820143884892096,0.8646853146853147,10.0,44.0,,,,D08,,,
DELA_040,DELA,20.0555411875248,0.5534553563307784,0.1049679113747785,8,27.460014194250107,0.8950066961482849,0.2833228505314372,8,1.3596216458827255,0.0402337243387064,0.0017165467764981,8,6.668059498071671,0.5678308950830884,0.0818918794144811,8,0.0562817946210998,0.0218771900447848,-0.0018804895778105,8,5.241648843511939,0.4972268866866548,0.1177517051539562,8,0.2630651461658999,0.0277966495556302,0.0047631237752276,8,0.1378209610702469,0.0160542638715553,0.002459359324175,8,0.7965979469008744,0.040729318746985,0.0071494288195255,8,2.796887956559658,0.1933331669892907,0.0483759107295176,8,3.1462855241261423,0.3655313762702307,0.0067513356535645,8,25.938617572188377,0.6448756299806162,0.2077750588498177,8,12.478260870557278,2.7801434545177397,0.0815254090189389,8,6.407265071722498,5.208242950108461,0.9600166597251144,9.0,49.0,0.6992805752288404,0.4166666666666666,0.115060919891045,D08,0.7601666666666668,0.6032023809523811,0.0732987845487845
DELA_041,DELA,14.222614724189045,2.1835343228887765,-0.6873196204735259,8,23.85927559435368,0.5182136636096801,-0.1047966645436514,8,1.5063956351950765,0.0865388842415452,0.0261882778773316,8,6.120064815506339,0.272485915449627,0.0036755493019645,8,0.0859113366313976,0.0220869677432874,-0.0007873318398691,8,5.054207721725106,0.4434207256593718,0.1390856799727058,8,0.386113932938315,0.0997786480762486,0.0313353894421435,8,0.2152109644375741,0.0568180511974821,0.0178501270338263,8,0.8798026209697127,0.0335678890122017,0.0096473400426625,8,2.752527268603444,0.0928364253672977,-0.0159239301548157,8,2.42441678699106,0.2713309885423438,-0.0535670064004136,8,21.55845185369253,0.9678989914685308,-0.295313389651548,8,32.82213387917727,13.189107658794285,4.196228595590285,8,3.7669695340438447,2.2589641434262946,0.9692460317460316,9.0,63.0,0.8747850375145909,0.6766666666666665,0.0580853553649353,D08,0.9111666666666666,0.8153333333333332,0.0421877011877011
DELA_042,DELA,19.89444524049759,0.8135251908219446,0.2059866828790938,8,31.21280041337013,0.6673782458923876,0.168360139770374,8,1.374371537938714,0.0394908398550128,-0.0098585280681483,8,6.9360835161060095,0.4083014727002159,-0.0772532714975414,8,0.0308824364637984,0.0118693507894154,-0.0023216636504173,8,6.2988113556057215,0.3246327837004608,-0.0636313169796551,8,0.3274383611278608,0.0277731134558251,-0.0072158669107565,8,0.1770041436539031,0.0160144819405442,-0.0039115790627545,8,0.8312789686024189,0.0283931431700443,0.003370564698377,8,2.8789000110700727,0.1816577752914796,0.0365038753327016,8,3.6689236843958497,0.3869930393473044,0.0630804654428406,8,28.25013518333435,0.6282361949544562,0.1432322834887297,8,14.041637264657766,4.271652375145237,-1.2620119992860517,8,4.290017981870118,2.969072164948454,0.8785211267605634,7.0,24.0,,,,D08,,,
DELA_043,DELA,13.43153154850006,0.9806955561438911,0.2981619659767563,8,23.7809881567955,0.7334589491792983,0.1794934997176457,8,1.3830092502757907,0.0500014833305992,-0.0123137602200081,8,4.812013240531087,0.2560656826789638,-0.0376484358499688,8,0.0318433297293267,0.0173423584320855,-0.0027361910351322,8,4.387092774733901,0.1467762491537319,-0.0346264119488536,8,0.3348831266630441,0.0328088219134024,-0.0095913509351625,8,0.1836627977900206,0.0179635970968354,-0.0050961601739133,8,0.83263532910496,0.0171131416917183,0.0007117298464347,8,2.546186742372811,0.1483338116335568,0.0405966597103911,8,3.677365236915648,0.511796312755201,0.059420596267111,8,20.95732380449772,0.5048059421661102,0.1309726900966729,8,31.68652225472033,9.197278407901786,-2.716565268092268,8,8.929165751212313,6.622047244094485,0.83690587138863,12.0,29.0,,,,D08,,,
DELA_044,DELA,17.248043216764927,0.4334680196872816,0.0949156171889381,8,27.23812237381935,0.6384300509600114,0.1850536084533276,8,1.3744922103360295,0.019369819463085,-0.0023899948681529,8,5.935919282957912,0.2271931281972299,0.0063434805665119,8,0.0419900992765178,0.0110220998754929,-0.002710337374037,8,5.100340865552425,0.2158732671843228,0.0522101804091654,8,0.3072857109364122,0.0127429223553085,0.0018820169355366,8,0.170288391644135,0.0079137305697247,0.0010204830600294,8,0.8486525788903236,0.0249536697092028,0.005438278583135,8,2.814686093479395,0.1455172734787543,0.0387210771814605,8,3.287201241590082,0.2777485350540513,0.0557924047211897,8,24.983357161283493,0.611151441402504,0.178563438393232,8,16.171306252013892,1.790286273301142,-0.4461806459734424,8,7.9812687527101565,5.411042944785274,0.8605442176870748,13.0,42.0,,,,D08,,,
DELA_045,DELA,20.18241376429796,1.139655928742917,-0.2822379899741352,8,29.677762135863304,0.382178178980696,0.0865172593541859,8,1.382881467230618,0.0450041835941021,0.0084867038964633,8,7.059996457770467,0.4550225487965474,0.005579665402751,8,0.0416182913841111,0.0128132346777447,-0.0006945286511222,8,6.150571372359991,0.4387241856208477,0.0887594209589083,8,0.3189310925081372,0.0431942102229936,0.0112927401802177,8,0.1718526269251014,0.0247924648579717,0.0065080966160652,8,0.8353828121908009,0.0385890758506209,0.0094751857395263,8,2.9024347569793463,0.1575515261078658,0.0375648879497398,8,3.3900801157578826,0.3069014305583517,-0.0014909253967305,8,27.77501094341278,0.6303727777523714,-0.1038241999376132,8,14.661069569643589,4.483548768757517,0.9804407287830672,8,7.780307337435076,5.734513274336281,0.8071300044984255,12.0,36.0,,,,D08,,,
DELA_046,DELA,19.817238055169582,0.8658754815214497,-0.1508336683147569,8,28.18652892112732,0.8176770396486196,0.257015946313405,8,1.375688319094479,0.0564516570266171,0.004184117040074,8,6.654006162658334,0.6493540398955607,0.0424146026074531,8,0.0568912509770597,0.023437102352774,-0.0035696117470161,8,5.32856598123908,0.6960273460831427,0.1687704146107405,8,0.2820106584113091,0.0489486472245496,0.0116814609542365,8,0.1523490512627176,0.0290908558574068,0.0070978716141754,8,0.8228971757926047,0.0497979798804971,0.0125122282448813,8,2.916129259392619,0.1716247701118457,0.0427488568479897,8,3.0757544385269284,0.4047819258541424,0.0529977982126718,8,26.26551079750061,0.4616118070942695,0.1291874565544778,8,14.51310256589204,3.979027444589878,0.4034595701825483,8,10.826955398711185,8.692462311557788,0.946700037078235,16.0,93.0,0.7032244089990026,0.2877074314574314,0.2591267898767899,D08,0.7428333333333333,0.5640218253968252,0.0893054676804676
DELA_047,DELA,12.314043026417494,0.5829924292534497,0.0760911164279766,8,21.67035846412182,1.0865113717071626,0.3351563947626525,8,1.5040921345353129,0.0399590829355327,0.0020333190195155,8,5.020446716807783,0.1896523545700587,4.925892279599592e-05,8,0.0843696480988,0.0313658113714555,-0.0017508241403448,8,4.401365460827947,0.213519809888062,0.0248219140732195,8,0.3923477875068784,0.0378381378291623,0.0047041026374727,8,0.2108784480951726,0.0202277318187142,0.0020159427853973,8,0.8285801601596177,0.025197633804829,0.0029265512346922,8,2.459024128504097,0.1219101083593231,0.030015826262595,8,2.844343186239712,0.3918253822031131,0.0211250115083346,8,18.645827278494835,0.6786006398094682,0.1482491495215196,8,40.9493731930852,4.5739637758386,-0.6610557902635166,8,8.161655036003262,5.122950819672131,0.9246153846153846,14.0,50.0,0.8112733264224309,0.4605862193362193,0.1633760191626324,D08,0.8676666666666667,0.7566884920634922,0.0496378343878343
DELA_048,DELA,16.538117192685604,0.510621272182827,-0.1187996572763589,8,25.580495312809944,0.5665092813299416,0.1511219027444358,8,1.388535749167204,0.0377900442154513,0.0084951411006053,8,5.927513208240271,0.3424285421110269,0.0683097905527608,8,0.0381578185906618,0.009580077327217,-0.0002710863270241,8,5.328573616221547,0.3806817133469172,0.0951423726366452,8,0.3324631619034335,0.0357944077672769,0.009593530806817,8,0.1822891393676399,0.0211799753793608,0.005562620570196,8,0.8522800877690315,0.0381141201758668,0.0086733143098764,8,2.7950033582746983,0.1125786173827255,0.0198850676989514,8,3.4470198210328817,0.256772660779228,-0.0318703493958566,8,23.38381902128458,0.5395331169664839,0.139240853476003,8,22.03498617373407,4.260827512517815,1.1212749639666222,8,7.915159861447707,5.634782608695652,0.8671827565270188,12.0,36.0,,,,D08,,,
DELA_049,DELA,18.87400282919407,1.236658808275534,-0.2599361641379161,8,29.264422073960304,0.4784142988366445,-0.0331766770558702,8,1.46523408126086,0.0561247420111641,0.0155277463773845,8,7.492509074509144,0.4422442198058274,0.1185739584677522,8,0.0501159841774096,0.01609876785025,0.0028932271810893,8,6.980459071695805,0.3918136048766542,0.114778576291259,8,0.399914963520132,0.0429569084956598,0.0116239014798414,8,0.2166839934070594,0.0247223064785704,0.0066318268069874,8,0.8389085112139583,0.0269291649737191,0.0050574667092556,8,2.817174395546317,0.057329653394576,0.0016131114730846,8,3.2572929821908474,0.435288924308096,-0.1107853310235455,8,27.2842920422554,0.6321081577940912,-0.0752832503470099,8,23.174383339472115,4.1091591720675344,0.8420370970798052,8,4.0,3.2,0.5333333333333333,5.0,8.0,,,,D08,,,
DELA_050,DELA,16.514881782233715,0.9308834112998768,0.0450198957836608,8,27.86748354136944,0.8297679493799887,-0.0473073127870669,8,1.4223005082458258,0.0385818010018829,-0.003719029397718,8,6.4657425954937935,0.3635447147923842,-0.0597337017672237,8,0.0332532358152092,0.0106176941495101,0.0006255242545606,8,5.968169383704662,0.3228697146378925,-0.0752085597566798,8,0.375326607376337,0.0293616965006652,-0.0049398381617512,8,0.2081362490425817,0.0151669929089838,-0.0025099888094118,8,0.8663334609009326,0.0286470209125621,0.0040383563502902,8,2.78259308822453,0.1738512425425031,0.0344518052665938,8,3.460710017941892,0.4193035041686114,-0.0499868690345602,8,25.475852102041245,0.9313050895873192,-0.1563920891145476,8,22.31969339074567,5.410826116615349,-0.4835951609447469,8,10.855843868247096,8.79120879120879,0.9071428571428573,14.0,40.0,0.6854072491332713,0.4033621933621933,0.170574724157104,D08,0.7610000000000002,0.591484126984127,0.0950090696340696
DELA_051,DELA,18.923488318920132,0.602761757331628,0.113266866075767,8,26.87975923717022,1.0456548996914017,0.3265831357051522,8,1.320342805236578,0.0250079349671378,0.0038644874931777,8,5.812393119558692,0.4442848089852104,0.1118193872036638,8,0.0313766415565623,0.0128131236827776,-0.0008701139219291,8,4.935766132548451,0.4994619396737265,0.1513096020247537,8,0.2635632762685418,0.0244035877422069,0.0062215723134638,8,0.1440141967614181,0.0146602466412359,0.0036970844860802,8,0.8344443221576512,0.0336183799349175,0.0083545778686792,8,2.880370520055294,0.1358633845793229,0.0372933009033006,8,3.7035157922655344,0.463441781864526,0.0453755752819348,8,25.066565334796906,0.93102728953394,0.2965655167632075,8,10.775379971601067,1.7648290222813674,0.2977307435740989,8,5.675778226747191,4.666666666666666,0.9649234693877552,8.0,56.0,0.7391120804896791,0.4516666666666667,0.1070065031287941,D08,0.7906666666666665,0.6300198412698415,0.059541736041736
DELA_052,DELA,15.705830574035645,0.9792418840776084,0.0709601340190191,8,28.33907236158848,0.6801155459132989,0.1007123142729509,8,1.542194977402687,0.0722904703970972,-0.0178098616894563,8,7.266880132257938,0.3129760802621161,-0.095328273379141,8,0.0853616205213256,0.0389818806665533,-0.0104210223921671,8,6.3216756377369165,0.1871203369989862,0.0037877789274093,8,0.4277211640728637,0.0292102756983346,-0.0039929705648637,8,0.2334647233947179,0.0153150861059545,-0.0015516887614826,8,0.8606010503135622,0.0283359662829093,0.0054975667274951,8,2.7688071746379137,0.1280166478724086,0.0244408443644751,8,2.6494377688504755,0.4272552011168222,0.1139285158620857,8,25.320562325417995,0.947026719069618,0.0743814506793318,8,33.79054205864668,8.209653830960002,-1.8470643592595708,8,9.408716358026764,7.934065934065936,0.8975069252077562,12.0,38.0,,,,D08,,,
DELA_053,DELA,17.92908345721662,3.109178098363654,-0.8949634197707123,8,26.68623954057693,1.303335261585428,-0.287311615251319,8,1.4661575620993972,0.1313683982379176,0.0381754776198584,8,6.852366800419986,0.3598615062272002,0.02733395997442,8,0.0785607292491476,0.0241553361167792,0.0026760761317438,8,5.346714435145259,0.632808081523022,0.196994411552288,8,0.3446770452428609,0.1307806495349534,0.0403837997540938,8,0.1821433046716264,0.0681809747450708,0.0208612126407075,8,0.8160159545950592,0.0533213917722369,0.0142642613407065,8,2.721612923778593,0.1027202464262992,0.0073650447350126,8,2.469769922550768,0.4073388775818422,-0.1027051181235457,8,24.747815933078527,1.96517263784314,-0.527845594789397,8,22.418042117729783,13.699052086365452,3.939068788951569,8,6.872617383006255,5.545842217484009,0.9419504643962848,10.0,51.0,0.6827872374222047,0.4618055555555555,0.1134500148973833,D08,0.7331666666666666,0.5640654761904761,0.0818646076146076
DELA_054,DELA,25.60013284534216,1.5520834868117157,-0.3782265256959873,8,34.46031975746155,0.3587665013128824,0.0787078908369336,8,1.3753953715786338,0.0499069198319219,0.0027953733710298,8,8.443312112241983,0.8939482580484277,-0.0455149745005837,8,0.0432726088979506,0.0257687725032551,-0.0037629431800953,8,7.202693970873952,0.7027601609146822,0.1325157205877498,8,0.3067312851198949,0.0485078462012799,0.010351679378807,8,0.1582904403912834,0.0307570302746195,0.007227241461988,8,0.7765313184354454,0.0647443596075849,0.0177932425133124,8,2.979191812686622,0.190321206444288,0.0527374998779839,8,3.681983830407262,0.8112051121940024,0.0436943469690453,8,33.02279794216156,0.3420633357181095,-0.0586239857745329,8,14.19212271180004,3.3736791743508374,0.3064948904619181,8,8.766790837218823,7.211267605633803,0.911931818181818,11.0,32.0,0.8062983377431194,0.5880808080808081,0.0820850787163211,D08,0.8459999999999998,0.7278789682539685,0.0557834942834942
DELA_055,DELA,13.648406986147164,1.1129471405680784,-0.2871917556343037,8,25.3527178093791,1.829017249541494,-0.4289366421794741,8,1.4559867875650525,0.0265372093373208,-0.0066355356016816,8,5.394670270383358,0.5096351636741756,-0.1438663800889066,8,0.0393244043616504,0.0091983548853321,-0.0013862183120252,8,5.165099434554577,0.523369957795667,-0.1528632956275483,8,0.4039624643046409,0.019082358740086,-0.0041574584926556,8,0.2196071279468014,0.0106983339396926,-0.0016738894490372,8,0.8262180206365883,0.0312069576498688,0.0056714635895864,8,2.528946350328624,0.1351944174514747,0.0162169268239723,8,3.833031555870548,0.3333477922825026,-0.0635561426146872,8,22.505457133054733,1.9477731568759729,-0.5291128273997124,8,34.097859028726816,4.7411723882629175,0.5848325464581746,8,10.246451152178876,8.273408239700373,0.8963216732780382,14.0,47.0,,,,D08,,,
DELA_056,DELA,20.932713702321053,0.7597436684617277,0.2075466534530068,8,30.45325492322445,0.943343878541649,0.2986417256531886,8,1.3477040072903037,0.0262889770597545,-0.005197487199346,8,6.786635898053646,0.2860105716791523,0.0125740590398036,8,0.0360321915591156,0.0118487113969486,-0.002184733148303,8,5.843972720205784,0.2790106120529949,0.0289732584969247,8,0.2873142869211733,0.0189828536090859,-0.0024698045608493,8,0.1545398480375296,0.0113389676869405,-0.0013901599922304,8,0.8378030983731151,0.0250998946948871,0.0038815606043414,8,2.9964273162186146,0.1240050478853494,0.0342730516085825,8,3.5437808269634843,0.2751185170377305,0.0331707896170313,8,28.31662607192993,0.8143210727761263,0.2570550565130413,8,12.25326520903036,3.064457013932276,-0.8203265827105266,8,10.035843996237206,8.187969924812029,0.8218923933209648,13.0,33.0,,,,D08,,,
DELA_059,DELA,19.42969317734241,0.8043017728525307,0.1745912409783935,8,29.147655472159386,1.0685120987567696,0.2833119714399354,8,1.36020811740309,0.0291437801394441,-0.0033371795920373,8,6.588866306468844,0.2866299227211846,-4.075084484267078e-05,8,0.0405814192981778,0.010653662116294,-0.0019428504004678,8,5.61209880374372,0.2462928027311179,0.0326818515591722,8,0.2923533070133999,0.0207401870633593,-0.0002813493857821,8,0.1604207871132529,0.0126874727208792,-5.257740470638837e-05,8,0.837869931012392,0.0279665516850204,0.0045365738948319,8,2.9296070002019405,0.1390568975650521,0.0363304283165175,8,3.2693606903776526,0.270650648672223,0.0586440394164467,8,27.095377027988437,0.797777815527234,0.2384539749069022,8,12.391460698097944,2.334846728204797,-0.2378379744858159,8,8.751716083761387,6.732824427480915,0.9329334787350054,12.0,42.0,0.6779998935405767,0.3821717171717171,0.1456683469982702,D08,0.7516666666666668,0.579484126984127,0.0831558302808302
HEAL_001,HEAL,1.374188382607518,0.3897278109951032,-0.141042911360982,5,1.0421483462676406,0.539701610806262,0.2188608056528629,5,2.2430630147457125,0.2013774561922864,0.0635374566090574,5,0.1248500927002169,0.0899323102182173,0.0337882084528146,5,0.9745062805712223,0.0263681345183514,-0.0108603104499403,5,0.5960442410683203,0.1238844065105449,-0.0483490744636866,5,0.3513491259266932,0.0986415297200557,0.0219799046158444,5,0.2091240613058096,0.0805539057780043,0.008565251855373,5,0.7353860285065391,0.057672926137887,0.008076863570088,5,0.6766995936632156,0.0970167404385347,0.0269606290282784,4,0.013850277972718,0.0088785266840825,-0.0013062542373977,5,2.0541022764010863,0.3850817976816579,-0.0859176353624469,5,100.0,0.0,-7.473657687878268e-15,5,,,,,,,,,D19,,,
HEAL_002,HEAL,0.6202316582202911,0.0880576074123382,,2,0.2316813834011554,0.0644534909847275,0.014789024472301,5,1.7597689747810363,0.0332507990820642,0.0111477145090186,5,0.0029673252720385,0.0039463935204862,0.001744507091393,5,0.9991890355944634,0.0010617592258306,-0.0004706174006751,5,0.0692660622298717,0.0424243938177823,,2,0.0986435916274785,0.0482058320194482,,2,0.0600076215341687,0.0315032349899411,,2,0.8112781047821045,,,1,,,,0,,,,0,0.7046930193901062,0.1282214522361755,,2,100.0,0.0,-7.473657687878268e-15,5,,,,,,,,,D19,,,
HEAL_003,HEAL,1.3150132894515991,,,1,0.2101947113871574,0.0596756357177176,0.0242792985618853,5,1.769975706934929,0.0341972629452795,0.0126343381045205,5,0.0008319268003105,0.0016638536006211,0.0006096015347104,5,0.9999680034816264,6.399303674697876e-05,-2.3445724670297565e-05,5,0.091703213751316,,,1,0.0697355791926384,,,1,0.0463901348412036,,,1,0.0,,,1,,,,0,,,,0,1.3949357271194458,,,1,100.0,0.0,-7.473657687878268e-15,5,,,,,,,,,D19,,,
HEAL_004,HEAL,0.976036643832922,0.0841531644209837,0.0173122839910461,5,1.5710881393402816,0.8128288112781237,0.35329477547607,5,2.128956963121891,0.1143856860391384,0.0345718074461547,5,0.2441075628157704,0.149158576526283,0.0651447086169551,5,0.8808505523949861,0.1065821801258241,-0.0471227047001544,5,0.4466339135229853,0.0404371502072253,0.0009432846303205,5,0.3728666309919208,0.0778229420165679,0.0105220570283446,5,0.1896743304608389,0.0322803474062243,0.003578095171534,5,0.6234470846725034,0.1039349007339686,-0.007393820046597,5,0.8010113418102265,0.1008291693092053,0.0147312119945773,5,0.0257127275431735,0.0098216418937017,0.0008388974610632,5,1.820753232006516,0.1491841452421219,0.0439161574137668,5,100.0,0.0,-7.473657687878268e-15,5,1.0,1.0,,1.0,1.0,,,,D19,,,
HEAL_005,HEAL,1.3222774128424817,0.5631723727501279,-0.0150833735125684,5,1.2147651309147478,0.883093294831523,0.3534956271519605,5,2.1704937383532523,0.281965173456184,0.1186519345461396,5,0.1361256935400888,0.1462927351514631,0.0549052569920898,5,0.9789444737136364,0.0255429255350112,-0.008937237270434,5,0.4341567706311934,0.149801258690209,0.0185505370766549,5,0.2784835675826821,0.0423983846088673,0.0081847951223367,5,0.1665607731671144,0.0186763356018141,0.0012242296214539,5,0.7904628870703958,0.092094225873969,0.0167090696881156,5,0.7739130119482676,0.0259956379731495,,2,0.0147501926603061,0.0175592073572109,0.0060867650504342,5,1.9283329737186432,0.7299109016374251,0.0843947202823586,5,100.0,0.0,-7.473657687878268e-15,5,,,,,,,,,D19,,,
HEAL_006,HEAL,,,,0,0.1794465767219662,0.036595225421544,0.0166011458054073,5,1.7642013609409333,0.0142404253631538,-0.0033816021449612,5,0.0,0.0,0.0,5,1.0,0.0,-6.90329960117177e-17,5,,,,0,,,,0,,,,0,,,,0,,,,0,,,,0,,,,0,100.0,0.0,-7.473657687878268e-15,5,,,,,,,,,D19,,,
HEAL_010,HEAL,1.0770593745690404,0.2885126986843174,0.1215938244427718,5,2.1690719425678253,1.484140128390755,0.6215368187184057,5,2.257580263912678,0.2721900163341735,0.1188066478433398,5,0.3425604807445779,0.2855921798306762,0.1174697993616365,5,0.8987448625266552,0.0986083697200018,-0.0390457098597118,5,0.4798250373584604,0.2796199622672465,0.1203286802872007,5,0.3560799506558764,0.174016542706346,0.0757406442527581,5,0.1974987949065939,0.0855133727312836,0.0375462191986993,5,0.8584648070236046,0.0684354111117877,-0.0215680059794933,5,0.3958257037614073,0.3971227695371621,0.15379485136698,4,0.0223406612733378,0.0159220832077193,0.0056898974839621,5,1.95732112117488,0.9543108908736564,0.4042566942861762,5,100.0,0.0,-7.473657687878268e-15,5,,,,,,,,,D19,,,
HEAL_011,HEAL,0.9248339947726992,0.0887480858299468,,2,0.4791175626218319,0.2869107303018503,0.1185944404308623,5,1.9064404249191285,0.1745135636760045,0.0565633575335689,5,0.0305185840465128,0.0404080524934776,0.0136926933472727,5,0.9957295127213002,0.0062362695738113,-0.0017459275329423,5,0.2170005462701535,0.0441269885179483,,2,0.1850086241287903,0.0243733972052319,,2,0.1092640193981221,0.0134081293492474,,2,0.9041491622726124,0.0537662828962008,,2,,,,0,0.0128895668312907,0.0042635118588805,,2,1.2058633470700846,0.1485793164206875,,2,100.0,0.0,-7.473657687878268e-15,5,,,,,,,,,D19,,,
HEAL_014,HEAL,1.182367914027036,0.0851598728105472,0.0189003049230918,5,2.570692244544625,1.201993365243772,0.5347368400223281,5,2.156751899421215,0.0740116520782444,0.0307475392032306,5,0.4394101700279861,0.2470222149036567,0.1084006712470978,5,0.831350676715374,0.1445546415020693,-0.0612955501881195,5,0.6278939866112789,0.1134777637356604,0.0478465145967868,5,0.4553844984319776,0.0955627528130621,0.0409277718753001,5,0.2400962126845813,0.0430662341496554,0.0189019779475068,5,0.7440500355902172,0.0749120263087838,-0.0166395439113364,5,0.8739745080471039,0.2006657297603575,0.0859104307561126,5,0.0396117977215907,0.0096790055535834,0.0042147434026543,5,2.355134091774622,0.4202454929682337,0.178083185484127,5,100.0,0.0,-7.473657687878268e-15,5,1.0,1.0,1.0,1.0,2.0,0.3891935483870968,0.0,0.0666666666666666,D19,,,
HEAL_015,HEAL,2.213622034029527,0.2132727375547469,-0.0617041862006358,5,3.3793875373899938,1.24424641572864,0.5381598800003768,5,2.8742855548858643,0.1471166920791197,-0.0133457794014719,5,0.5882505675777793,0.3166896370499224,0.1287808505926737,5,0.8886895507574082,0.1124515453012894,-0.0391026087554904,5,0.983031603240154,0.0658417558417298,0.0300102624023311,5,0.4461113012582063,0.0586059010863199,0.0224958188478568,5,0.2512663194130767,0.0309745137665875,0.0117091536221215,5,0.755711495793528,0.098796046273216,0.0410222137718005,5,0.6084634020389654,0.2409488732959485,0.1060473325292686,5,0.0566370059332499,0.0450035640106205,0.0169616681301504,5,3.58457487122579,0.4171541845852217,0.1734356312449207,5,100.0,0.0,-7.473657687878268e-15,5,,,,,,,,,D19,,,
HEAL_016,HEAL,1.2391858448775914,0.0669307542508251,0.0171017312773322,5,2.304424803704024,0.6429289089081344,0.2553393572954524,5,2.1679777428507805,0.0493463368945777,0.0181224540775219,5,0.4891050139907748,0.141920675176332,0.050326789956111,5,0.7838614007458091,0.08928318082081,-0.0363104922359781,5,0.4788557660530556,0.112233979933525,0.0389729152633808,5,0.35530851330035,0.0739108324338307,0.0278853487813483,5,0.1967847796873404,0.0391750189878805,0.0147518718607429,5,0.7681020751098793,0.0333029744378241,0.0047492883821156,5,0.6893369019031524,0.0553625058608051,0.0168673112645933,5,0.1158427680305617,0.0260829172373603,-0.0068743728574633,5,2.0474389631014605,0.3311665021383855,0.1223372317167491,5,100.0,0.0,-7.473657687878268e-15,5,,,,,,,,,D19,,,
HEAL_017,HEAL,1.3489448470870653,0.2360693465946168,-0.0466248530038194,5,1.8560473874211312,0.9788472775977124,0.3808583807489624,5,2.2193213179707527,0.2036368315033428,0.0737916938318337,5,0.2854029844747855,0.1795292582875491,0.0678437134574215,5,0.9134556911885738,0.0793514199540897,-0.0301144748990417,5,0.6190685855480842,0.0756451427971682,-0.0162527989247898,5,0.4036423601875625,0.0491766280933836,0.0176365258948846,5,0.2191496782484076,0.0219542640267158,0.0065469695927475,5,0.7598283484950662,0.0856300835943475,-0.0223381640598297,5,0.8025453959902127,0.1772389903780953,0.071844003903559,4,0.0339933320569494,0.018863780993935,0.0024963902194461,5,2.367477583040794,0.2943601945072848,-0.0040118595157027,5,100.0,0.0,-7.473657687878268e-15,5,1.0,1.0,,1.0,1.0,,,,D19,,,
HEAL_018,HEAL,1.4695767314879449,0.3008307812290926,-0.1062877427090808,5,1.877328951936215,0.6373160932996337,0.2600856365090226,5,2.2774260208010677,0.0914962223817128,0.0365360638062515,5,0.2933483885135501,0.0944561218850743,0.0346475681952415,5,0.9130412679165602,0.059878576898466,-0.0255664798174206,5,0.7060534565521902,0.1383056175958903,-0.0524673013381799,5,0.4352304016468507,0.0272335524895876,0.0041363504193538,5,0.2363863507865658,0.0157887580550209,-0.0036412093323617,5,0.735256443520387,0.0233421300665255,0.0027557984722411,5,0.7314678500096002,0.2015488601778085,0.0534699227361286,5,0.030114922867053,0.0052741637152108,-0.0004416180569394,5,2.6240819955046795,0.4534210734634408,-0.1129246559730692,5,100.0,0.0,-7.473657687878268e-15,5,,,,,,,,,D19,,,
HEAL_019,HEAL,0.9035600327310108,0.2688151605241586,0.1179868511623237,5,0.5677280684001744,0.3122695149972597,0.1316738280363419,5,1.9601659908890725,0.1431272978714732,0.0541004167933946,5,0.0537550352630205,0.0462577067506138,0.020528214574685,5,0.989870972186327,0.0067220446919009,-0.0030114019032699,5,0.2128674420128975,0.1167928752529859,0.0510628959313153,5,0.1942741355193512,0.0580624839582958,0.0150969709095352,5,0.1114900633515346,0.0312453616819368,0.0075024150010673,5,0.6121275107065837,0.1455123882045692,0.0862656638026255,3,0.6886475682258606,,,1,0.0090708954052792,0.0106492172428576,0.0045084033586226,3,1.208128520704451,0.4546138841838152,0.2002569729300294,5,100.0,0.0,-7.473657687878268e-15,5,,,,,,,,,D19,,,
HEAL_020,HEAL,1.7101684227916931,0.1029538653340442,-0.0240559570205876,5,3.294431874155998,1.120418841502526,0.4692289810547878,5,2.339043191075325,0.1519074385856684,0.0644743980775662,5,0.5913071572780609,0.1692690284600293,0.0664354487129645,5,0.74857211522758,0.0933635597993596,-0.0311920893507066,5,0.9373865035176276,0.0440541908235391,-0.0001811022374264,5,0.5279561022255155,0.0304132878454397,0.0046740608568159,5,0.2705140066477987,0.0123513484776393,0.0024453015177297,5,0.7013010638289983,0.0489160867318048,0.0160039874043494,5,0.7647001513838768,0.3952505274466097,0.1622003568786074,5,0.0452315922144666,0.0322232563780608,0.0111925593199334,5,3.412839208377733,0.1939966766775579,0.0337873124499698,5,100.0,0.0,-7.473657687878268e-15,5,1.0,1.0,1.0,1.0,3.0,0.4589705882352941,0.0,0.0666666666666666,D19,,,
HEAL_021,HEAL,1.0733067520459492,0.27956137681369,0.0937790847372844,5,1.211826373450458,0.9726225103592336,0.3979113152138594,5,2.177462834119797,0.4251137450335731,0.1634127215707241,5,0.1398803576827049,0.1574126867370915,0.0598666369072048,5,0.9741264879703522,0.0326794697020315,-0.0104960304652829,5,0.5320116807342995,0.300366679177904,0.0186098172830983,5,0.4138582173699424,0.2399630236527062,0.0010198470253995,5,0.2269193229966219,0.1110391023557041,-0.0016500713852689,5,0.7512761636094734,0.1835105832211899,0.0001022616421823,4,0.7027313411235809,0.0300805866718292,,2,0.011720659196495,0.0123905908259269,0.0041198819580063,4,1.8664759998662133,0.7094082780577928,0.1846257040873708,5,100.0,0.0,-7.473657687878268e-15,5,,,,,,,,,D19,,,
HEAL_022,HEAL,2.0007209309509824,0.6832976851042273,-0.2982396825120576,5,0.7460451341234148,0.3606006865007714,0.1559658166189868,5,2.005345936119556,0.1078465450140257,0.0409081484480191,5,0.0892862177337519,0.0502336988519953,0.019384626212335,5,0.9863100059330464,0.0103497703256056,-0.0039122119738628,5,0.8761123079939612,0.3584769497671605,-0.137216651454939,5,0.4047595760785043,0.1054683534853449,-0.0233037675658678,5,0.231082336777555,0.0607964462370638,-0.0124041347338943,5,0.905367124080658,0.047602299877494,0.0100010828725213,5,0.9003202517827352,0.1590985146050879,0.0697281799818457,3,0.0339837626864512,0.0120348356035066,9.575307412045918e-06,5,3.1180670619010926,0.9708269650732833,-0.4150882820631307,5,100.0,0.0,-7.473657687878268e-15,5,,,,,,,,,D19,,,
HEAL_023,HEAL,1.5802631840109824,0.2460887085092835,-0.1004897056725549,5,2.345051397383213,1.1394741312842112,0.4763261677440865,5,2.3150055795907973,0.0742671892663074,0.0321830996665481,5,0.4175614067353308,0.2099622479400992,0.0815913410745008,5,0.8786440219730138,0.0880730325107376,-0.0342166671240409,5,0.7148802611976862,0.108208312926321,0.0351161698505683,5,0.4000492215156555,0.1161861033097697,0.0495893803489388,5,0.2196224561493311,0.0508212545457448,0.0213979880206221,5,0.7088698389132817,0.0321439447473548,-0.0056834821043348,5,1.0077013003826143,0.1947042957760286,0.0579901167031082,5,0.0357749290597171,0.0138016999060455,2.8609756934957615e-05,5,2.71100995945079,0.3532760993979008,0.1018528274990058,5,100.0,0.0,-7.473657687878268e-15,5,1.0,1.0,,1.0,1.0,,,,D19,,,
HEAL_024,HEAL,0.731358835228488,0.1360562607190341,0.0572091569503209,3,0.6443227462470531,0.4323762177914373,0.1885438957974368,5,1.960706137120724,0.171827626080807,0.0759126974976342,5,0.0550920389126985,0.065352752888701,0.0274399934107752,5,0.987149789184332,0.0154315512085813,-0.0066320234267369,5,0.1585157508937976,0.0950010833636314,0.0467414629645679,3,0.1829456327530818,0.0969975247998242,0.0516366915777353,3,0.1068529154723271,0.0527840729430864,0.0268689841032045,3,0.8237060301005841,0.063429170101881,,2,,,,0,0.0,0.0,,2,0.9863601431887372,0.3026826152873282,0.1451896737019334,3,100.0,0.0,-7.473657687878268e-15,5,,,,,,,,,D19,,,
HEAL_025,HEAL,4.317689968645572,0.3158599373241051,-0.0905186263523351,5,9.484277242422104,0.7316108922715859,0.3053706866400263,5,2.3002625167369843,0.2069434988042434,-0.0804402998423857,5,2.4366069536656143,0.0717302201394722,0.030156613696882,5,0.5011100862175226,0.1047886206399728,-0.0362306939245337,5,2.014298351109028,0.1357932997063416,0.0560050854009865,5,0.4783322693780064,0.0706337956737291,0.02567520384388,5,0.2693298957310617,0.0370018453416364,0.0133660059936102,5,0.8457035697996617,0.0189588789856814,0.0075590562011151,5,1.6024373382329942,0.1000586224611573,0.0430281566584449,5,0.5976215491187759,0.0874251933962358,0.0272110871542157,5,7.774080669879913,0.2112578769278433,0.0808599069714567,5,98.51839933395384,0.3800470468298531,-0.1727663771859685,5,1.0,1.0,1.0,1.0,29.0,0.875778319579895,0.0,0.0666666666666666,D19,0.9166666666666662,0.1666666666666666,0.2777777777777777
HEAL_026,HEAL,3.1864908918738366,0.4002448404443909,-0.1438911790349486,5,6.461066865921021,0.35985855860228,0.1655196483279225,5,2.532425285875797,0.2715800176998832,-0.0995134708696462,5,1.6688973002135754,0.0468171427543422,0.0075868638553494,5,0.6523507013916969,0.1216172704607118,-0.0428405531746328,5,1.4563687488436698,0.0263539393794196,0.0065895999171616,5,0.4674247849732637,0.0611767062408742,0.0230716014088247,5,0.2633324299007654,0.0337245652797955,0.0128637107394261,5,0.8721776835620403,0.0093065753455204,-0.0017082301964019,5,1.179948553442955,0.0620334535292441,0.0263531929973928,5,0.2740963738877325,0.0625205995043006,0.0214569665680264,5,5.538014316558838,0.1749031093419026,-0.0333397095573377,5,100.0,0.0,-7.473657687878268e-15,5,1.2934572090113128,1.1529411764705884,0.938095238095238,2.0,14.0,0.8921682626538988,0.0,0.3333333333333333,D19,0.9166666666666662,0.1666666666666666,0.2777777777777777
HEAL_045,HEAL,,,,0,0.1611636132933199,0.0249178634971031,0.0107614210573964,5,1.751676034927368,0.0209625194762867,-0.0059126307224407,5,0.0,0.0,0.0,5,1.0,0.0,-6.90329960117177e-17,5,,,,0,,,,0,,,,0,,,,0,,,,0,,,,0,,,,0,100.0,0.0,-7.473657687878268e-15,5,,,,,,,,,D19,,,
HEAL_046,HEAL,0.7402842776832126,0.1230089687402016,0.0423024200759444,5,0.7360580669716,0.3951549469376077,0.1721018866218539,5,1.945706172287464,0.147073696492567,0.0550977585773085,5,0.0968280068133025,0.0767916427986585,0.0315906819787134,5,0.9654629774391652,0.0250939005446451,-0.0095381897328239,5,0.1363381862675859,0.0748783326733226,0.0277894167079692,5,0.1582263518834397,0.0756522603916116,0.0260602898424754,5,0.0914810399232166,0.0433847112649592,0.0145928477285038,5,0.8175986652021056,0.1138894234295853,-0.0631235399180015,3,,,,0,0.0,0.0,,2,0.9250743617330276,0.2384885100955363,0.0897470735270493,5,100.0,0.0,-7.473657687878268e-15,5,,,,,,,,,D19,,,
HEAL_047,HEAL,1.2667157494454158,0.2385225140710731,-0.0632407512888879,5,1.385609928984195,0.606449067106242,0.2508222431362228,5,2.1624831005930902,0.1135809740424109,0.0393048154254469,5,0.2065296191722154,0.1099215186095829,0.0440660518481737,5,0.9486293382942677,0.038296668834797,-0.0161964325876602,5,0.5567216701424194,0.1481717301625225,-0.0302974092678857,5,0.316453320506428,0.0436607995583876,0.0030127279854234,5,0.1854793242941654,0.0227404104843882,-0.0027850420905075,5,0.8366086483001709,0.1287875718324505,-0.0490564450450391,5,0.9328145682811736,0.2187129780644689,0.083569034334581,5,0.0392643297091126,0.0078086430806277,0.0002928826310298,5,2.081805415238653,0.3579733599235589,-0.0183180927777477,5,100.0,0.0,-7.473657687878268e-15,5,1.0,1.0,1.0,1.0,2.0,0.3891935483870968,0.0,0.0666666666666666,D19,,,
HEAL_048,HEAL,0.5566946268081665,,,1,0.2313214824534952,0.0483996430405444,0.0221413858877192,5,1.793043850362301,0.0205258182915374,5.257078285815223e-05,5,0.000232770293951,0.000465540587902,0.0001705644395331,5,0.9999860413372516,2.7917325496629176e-05,-1.0228330462183228e-05,5,0.0439341701567173,,,1,0.078919693827629,,,1,0.0558046512305736,,,1,,,,0,,,,0,,,,0,0.5846541523933411,,,1,100.0,0.0,-7.473657687878268e-15,5,,,,,,,,,D19,,,
HEAL_049,HEAL,,,,0,0.1570029630325734,0.0184650022839774,0.0076382314497293,5,1.765911003947258,0.0132472004317915,0.0011887226639115,5,0.0,0.0,0.0,5,1.0,0.0,-6.90329960117177e-17,5,,,,0,,,,0,,,,0,,,,0,,,,0,,,,0,,,,0,100.0,0.0,-7.473657687878268e-15,5,,,,,,,,,D19,,,
HEAL_050,HEAL,0.9789198935031892,0.0540494620800018,,2,0.2460542663000524,0.0931400403630879,0.0418638026478319,5,1.807453429698944,0.0449199734301869,0.0176880719332879,5,0.0036755970795638,0.0045016790737767,0.0019024899415071,5,0.9997079253196716,0.0003579654475462,-0.0001528907952638,5,0.2336612939834594,0.0323283374309539,,2,0.2430570572614669,0.0481500625610351,,2,0.1503358408808708,0.0364040359854698,,2,0.9563227891921996,0.0380269289016723,,2,,,,0,,,,0,1.228434145450592,0.0025377869606018,,2,100.0,0.0,-7.473657687878268e-15,5,,,,,,,,,D19,,,
HEAL_051,HEAL,1.347950777390173,0.264134114373585,-0.1089827845790685,5,1.6396691376343369,0.5055679152904942,0.1898998202403021,5,2.334854210913181,0.0663037572589849,0.0298816315059018,5,0.2475690756691619,0.1091443078928738,0.0398508823177708,5,0.9269551046192646,0.0591823180987063,-0.0205648269118951,5,0.5545862603799573,0.136805376493642,-0.0512470899630355,5,0.3239902327653198,0.0334512257839015,0.0071979542390564,5,0.1789162318160136,0.0165312567833403,0.0031359617264981,5,0.6828971087932587,0.1009325673390088,0.0201166133428442,5,0.5549831688404083,0.4494697338355007,0.1685201723514119,5,0.0129257352867473,0.0038753071875911,0.0012924044055799,5,2.108534116574696,0.3082518344345511,-0.1057498176329819,5,100.0,0.0,-7.473657687878268e-15,5,1.0,1.0,,1.0,1.0,,,,D19,,,
HEAL_052,HEAL,1.2469555139541626,,,1,0.2299891808070241,0.0655260433294473,0.0291181294094998,5,1.8133059546351435,0.0499300122017568,0.0187069729355931,5,0.0031495157629251,0.0062990315258502,0.0023078348262816,5,0.9994829133152962,0.0010341733694076,-0.0003788997258606,5,0.2146987318992614,,,1,0.1721783429384231,,,1,0.1006240621209144,,,1,0.5586293935775757,,,1,,,,0,,,,0,1.5451209545135498,,,1,100.0,0.0,-7.473657687878268e-15,5,,,,,,,,,D19,,,
HEAL_053,HEAL,0.8571014006932576,0.1417234142621358,,2,0.3097092548385262,0.1286310993698589,0.0577797577274891,5,1.8185520768165588,0.0920601019609163,0.0391837100273617,5,0.0080675005563534,0.0112704699100382,0.0049118731147816,5,0.99889295399189,0.0015996719527867,-0.000688318805448,5,0.1760965604335069,0.0354538802057504,,2,0.1940958636502424,0.0001952114204565,,2,0.1151291181643803,0.0019253442684809,,2,0.6515949964523315,0.0015725493431091,,2,,,,0,,,,0,1.1050794223944345,0.211963007847468,,2,100.0,0.0,-7.473657687878268e-15,5,,,,,,,,,D19,,,
HEAL_054,HEAL,0.932438224554062,0.0824042466665291,-0.0259092908639164,4,0.5809324830770493,0.2301437528626742,0.041612641974205,5,2.0754453048110006,0.1929715160193461,-0.0225569504345227,5,0.0463466262212022,0.0353231272410404,-0.0003404218416471,5,0.9925170287489892,0.0067813929017017,0.0005560340038659,5,0.247069355493295,0.0518020785561915,-0.0120387634493997,4,0.2335981369251385,0.0538422404865139,-0.0076254179629575,4,0.1409167607489507,0.0340827452252362,-0.0072980860905764,4,0.8429011106491089,0.0726403262823915,0.0199463847792611,4,,,,0,0.0,0.0,,2,1.2398595232516527,0.1081976516847452,-0.0151467692557285,4,100.0,0.0,-7.473657687878268e-15,5,,,,,,,,,D19,,,
HEAL_055,HEAL,1.0699533969163897,0.400612398982048,,2,0.2493016415275633,0.0964396880646364,0.0398764539558211,5,1.8078404799103736,0.0515904598622308,0.0161898147700162,5,0.0075495971366763,0.0088876465332403,0.003026087106013,5,0.9986062400043012,0.001584749364929,-0.0006309558219952,5,0.2907098000869154,0.2043971056118607,,2,0.227419352158904,0.1092584673315286,,2,0.1272977096959948,0.0589027898386121,,2,0.5513436198234558,0.2285866737365723,,2,,,,0,0.0,,,1,1.5855005830526352,0.7807732969522476,,2,100.0,0.0,-7.473657687878268e-15,5,,,,,,,,,D19,,,
HEAL_056,HEAL,1.3244670927524569,0.055357402563095,,2,0.4926978479139506,0.314861732694878,0.1354742563723172,5,1.8735563039779664,0.1291804198328967,0.0434276685761003,5,0.033978780452162,0.0417232083949029,0.0171665469915139,5,0.9953293316066264,0.0057491725760477,-0.0023375295809119,5,0.4762004248797893,0.017926063388586,,2,0.3136273346841335,0.0104474700987338,,2,0.1792764894664287,0.0007980369031429,,2,0.7960242150972288,0.1112507066378991,,2,,,,0,0.0082023674622177,0.0001421015088756,,2,2.0067389667034146,0.0409527838230133,,2,100.0,0.0,-7.473657687878268e-15,5,,,,,,,,,D19,,,
HEAL_057,HEAL,1.3572239551515806,0.2882852814697734,-0.1245556050523207,5,2.043850216269493,0.6338609153477562,0.2556388764722695,5,2.200416980683804,0.0459542708149631,-0.0037646086180028,5,0.3280326293315738,0.1262910287291381,0.0471136897324681,5,0.9036818079650402,0.0824575077927101,-0.0307882472166237,5,0.6527384709070126,0.0992575112320309,-0.0371758504572671,5,0.4189673558782253,0.0632269525070297,0.0189603263214069,5,0.2242094822795617,0.0257545828535217,0.0029938619201536,5,0.6850113845635682,0.0675834879020026,-0.0081762508539442,5,0.6745424274603525,0.2211645391645788,0.062281022931665,5,0.0428215525164785,0.0058989532803868,0.001030049103685,5,2.3668130579023137,0.1272732120281099,-0.0504323151672187,5,100.0,0.0,-7.473657687878268e-15,5,1.0,1.0,,1.0,1.0,,,,D19,,,
HEAL_058,HEAL,1.0628297924995422,0.1070756316184998,,2,0.2370738556608557,0.0466675971355576,0.0211726051739214,5,1.7905958607792851,0.0409546229389469,0.0170170587712334,5,0.0026975670829414,0.0033509409508121,0.0014716123535845,5,0.9997511632740498,0.000305054411419,-0.0001305303504241,5,0.2224515378475189,0.1120387613773346,,2,0.2007182464003562,0.0851939991116523,,2,0.1213000677525996,0.0559442229568958,,2,0.8647869825363159,0.0535088777542113,,2,,,,0,,,,0,1.303141474723816,0.2688870429992676,,2,100.0,0.0,-7.473657687878268e-15,5,,,,,,,,,D19,,,
HEAL_059,HEAL,2.089629637031328,0.6431174176676248,-0.1856217071597851,5,2.2191243298351764,1.0427205896480456,0.4095636639856782,5,2.521622356772423,0.2530573698080664,0.0583708347945397,5,0.3251103279646485,0.1881611606320283,0.0704952255874951,5,0.9486823871731758,0.0447304448265519,-0.0185035656623816,5,0.8544852078679416,0.0674161363916064,-0.024028361977723,5,0.4627827149913425,0.1041711145951728,0.0062642264970567,5,0.2655147252125399,0.0683395406186222,-0.0044532377193294,5,0.7022567820832843,0.1192896009832182,0.0264474774412688,5,0.691366707906127,0.2025617729919295,0.0644915125379969,4,0.0240245956410704,0.0102586462617825,0.0033408271594744,5,3.2842943278309846,0.4986600281050091,-0.0634866160152717,5,100.0,0.0,-7.473657687878268e-15,5,1.0,1.0,,1.0,1.0,,,,D19,,,
HEAL_060,HEAL,,,,0,0.1788687199354171,0.0345112230171317,0.0149726726451971,5,1.766748620569706,0.0146448348383974,0.0002744436135571,5,0.0,0.0,0.0,5,1.0,0.0,-6.90329960117177e-17,5,,,,0,,,,0,,,,0,,,,0,,,,0,,,,0,,,,0,100.0,0.0,-7.473657687878268e-15,5,,,,,,,,,D19,,,
HEAL_061,HEAL,1.403536856344768,0.1716646357583378,-0.0547661224878751,5,1.7989288359880446,0.8573125221853185,0.3538154893041271,5,2.347192704677582,0.124899587875311,0.0443598637678532,5,0.2574084938503801,0.1665073411943849,0.0640397153228805,5,0.9381171636283396,0.0591119368634106,-0.0225692930920389,5,0.5850725967915994,0.085014266623764,-0.0032158383690496,5,0.3716599363220544,0.0576818159887277,0.0158129243989393,5,0.2052492461920094,0.0270518428203036,0.0055709431160334,5,0.6783063636791138,0.0369750773255985,-0.0037801459859839,5,0.946208953857422,0.1744154365696809,0.0589774176478428,4,0.0211656036295203,0.0150216068327071,0.0045193237092188,5,2.326994622889019,0.2092532035504059,0.0323896355229667,5,100.0,0.0,-7.473657687878268e-15,5,1.0,1.0,,1.0,1.0,,,,D19,,,
HEAL_062,HEAL,1.1046281059583027,0.0960967938105263,,2,0.334201135393232,0.1393947499001825,0.0603263642486438,5,1.825317427515984,0.0669311804295213,0.0251623949614075,5,0.0099599968176334,0.0122323846046237,0.0050276228656258,5,0.99875051304698,0.0015528237078742,-0.000610369257629,5,0.3383517681310574,0.0697494478275378,,2,0.2857291847467422,0.0492095351219177,,2,0.1681256170074145,0.0278255691130955,,2,0.8266268819570541,0.0834696739912033,,2,,,,0,0.0,0.0,,2,1.64086522658666,0.1811126271883646,,2,100.0,0.0,-7.473657687878268e-15,5,,,,,,,,,D19,,,
HEAL_063,HEAL,0.8863060688972475,0.0541582642931983,0.0109609789889439,5,0.6803510472178459,0.2706135128780736,0.1177315166589479,5,1.9472808346152304,0.0609435096426147,0.0075465369455767,5,0.0918744808761402,0.0549026548221488,0.023239625030769,5,0.970307905972004,0.0192384707844624,-0.0082420802771538,5,0.1901495920370022,0.0369902318101826,0.0146796627751628,5,0.1947428413232167,0.0286247197535587,0.0092244414634056,5,0.1145185317595799,0.0146351376961054,0.0043932202454097,5,0.7960429394528978,0.084740936464426,-0.0212321005247794,5,,,,0,0.0,0.0,,2,1.148018102645874,0.118569892144759,0.042843228167503,5,100.0,0.0,-7.473657687878268e-15,5,,,,,,,,,D19,,,
HEAL_064,HEAL,1.573709693125316,0.3245530686812644,-0.1288141821479148,5,0.8437280436046422,0.4277100300074292,0.1632125637341589,5,1.9458623737096787,0.0558529219430747,0.0249002461546473,5,0.0990705406758933,0.0808115230844117,0.0234150992052089,5,0.9745015021413564,0.0349895227537099,-0.0075794249483995,5,0.4779104837216437,0.1797187599542349,0.0160020316252401,5,0.2891461686364242,0.0631838865720754,0.0159684408712992,5,0.1661640043769563,0.0323251603113949,0.0071245817274874,5,0.6594757362206776,0.2022813338438648,0.0745912243408747,5,0.8378415107727051,0.2747171670177433,0.0932568609714649,3,0.0524943271651863,0.0603907395948925,0.0088342272050281,5,2.2275591665080614,0.3894014803944031,-0.0429243317580638,5,100.0,0.0,-7.473657687878268e-15,5,,,,,,,,,D19,,,
HEAL_065,HEAL,0.6263312697410583,,,1,0.2620920335873961,0.0861897270995342,0.0395335616295036,5,1.7663456678390503,0.0184826692664098,0.001491870153053,5,0.0018622430739923,0.0027781942528237,0.0011794538516151,5,0.999840358644724,0.0002618268222655,-0.0001063094763407,5,0.0767599642276763,,,1,0.1225548908114433,,,1,0.0745491385459899,,,1,,,,0,,,,0,,,,0,0.7255048155784607,,,1,100.0,0.0,-7.473657687878268e-15,5,,,,,,,,,D19,,,
HEAL_066,HEAL,1.8693537904156576,0.4883802587639326,-0.193626623001262,5,2.7828567482531072,0.8645715128810753,0.3568830165916072,5,2.5175238251686096,0.0794319762711928,-0.0160286090625764,5,0.4657337802927941,0.1734804658520263,0.069019020854197,5,0.8891104981303215,0.0942434126884776,-0.0369496911699945,5,0.8579907299019396,0.058831563230251,-0.0246265873770592,5,0.4136795022214452,0.099646505453816,0.0388430090615796,5,0.227367407331864,0.041179576050636,0.014857023158665,5,0.706683968674569,0.0571370137342125,0.0015814028190951,5,1.0731579706072805,0.1098440423240131,0.022882168384639,5,0.0443395766677955,0.0072846837099518,0.0024248000654532,5,3.1902183374596964,0.2311075398079735,-0.0763030598596649,5,100.0,0.0,-7.473657687878268e-15,5,1.0,1.0,1.0,1.0,2.0,0.3891935483870968,0.0,0.0666666666666666,D19,,,
HEAL_067,HEAL,0.8486489504575729,0.2612860649824142,,2,0.2651294352486729,0.057995197723935,0.0220681487598699,5,1.8055308178067209,0.0299228025383632,0.0047537088394168,5,0.004925990011543,0.0079011719052318,0.0018524967639803,5,0.9992438219487668,0.0011408597319233,-0.0003003170071491,5,0.1054614968597888,0.0349411629140377,,2,0.1233732663094997,0.0033106319606304,,2,0.0698928274214267,0.0006779842078685,,2,0.5,,,1,,,,0,,,,0,0.969114661216736,0.2806599140167237,,2,100.0,0.0,-7.473657687878268e-15,5,,,,,,,,,D19,,,
HEAL_068,HEAL,1.2494833098517524,0.1909061779903745,-0.0374465202234745,5,0.9346915617585182,0.3288745360831511,0.1411851619065319,5,2.009309005737305,0.0627157360251522,0.0204456138970538,5,0.1235229160753077,0.0488948597021484,0.0189631739987583,5,0.9620467483997344,0.0221704123911961,-0.0087868662807969,5,0.5179992801509797,0.1377695163612881,-0.0009221974613179,5,0.3328990729732646,0.0942041410420977,0.0112499716420445,5,0.1813952991635434,0.0470936439928919,0.0057515444682706,5,0.7554559717575708,0.0954609801286119,-0.0386508452738184,5,0.7226947963237762,0.4157353380469761,0.142455405202423,5,0.0302427595481276,0.0102505205746337,-0.0042763066333561,5,2.0671909875339933,0.247705525072932,-0.0006082454746377,5,100.0,0.0,-7.473657687878268e-15,5,1.0,1.0,,1.0,1.0,,,,D19,,,
HEAL_069,HEAL,0.6690783484776816,0.1067644564301471,0.0396645845352955,5,0.5389992240816355,0.2543726839392725,0.1070970509618879,5,1.8497207894921304,0.0553982933578811,0.0231270972510882,5,0.0411021266714669,0.0374767245596571,0.01545367105553,5,0.9900639452040196,0.0091589321915958,-0.0037465380697418,5,0.1034751845192577,0.0724725033875522,0.0261269392072823,5,0.1283270903759532,0.0709898646937375,0.0230987727538605,5,0.0747472582881649,0.040875656732442,0.0130284267250228,5,0.714621040225029,0.073928889632225,,2,,,,0,0.0,0.0,,2,0.8129079442554051,0.2263476822829826,0.0833609468521366,5,100.0,0.0,-7.473657687878268e-15,5,,,,,,,,,D19,,,
HEAL_070,HEAL,,,,0,0.2051552389748394,0.0445680378301437,0.0180969353572582,5,1.7548995733261108,0.0136334481696635,-0.0030530580672729,5,0.0,0.0,0.0,5,1.0,0.0,-6.90329960117177e-17,5,,,,0,,,,0,,,,0,,,,0,,,,0,,,,0,,,,0,100.0,0.0,-7.473657687878268e-15,5,,,,,,,,,D19,,,
HEAL_071,HEAL,,,,0,0.1903449014760553,0.0286645447372138,0.0121198512838585,5,1.7733312234282494,0.0284865650139176,-0.0126568123312871,5,0.0,0.0,0.0,5,1.0,0.0,-6.90329960117177e-17,5,,,,0,,,,0,,,,0,,,,0,,,,0,,,,0,,,,0,100.0,0.0,-7.473657687878268e-15,5,,,,,,,,,D19,,,
HEAL_072,HEAL,0.705749452147219,0.111285078451455,0.047295563710835,5,1.1370656061917543,0.6477144385747321,0.2744903484488098,5,1.870372956991196,0.0778143662437416,0.0282525664901946,5,0.1926522622350603,0.1468358432920262,0.0608760719689401,5,0.8660902634263039,0.1232856048758909,-0.0514521068283242,5,0.1575444506222588,0.0967321944502968,0.0412987480676049,5,0.2005260503209299,0.099044529058584,0.0424461297763161,5,0.109438826813259,0.0477584289506936,0.0203003937298255,5,0.4924409883562475,0.2694754052929975,0.0447098055697833,5,,,,0,0.0017089024186134,0.0017089024186134,,2,0.9871979936626222,0.3149623546254916,0.13583313295212,5,100.0,0.0,-7.473657687878268e-15,5,,,,,,,,,D19,,,
HEAL_073,HEAL,1.7701792824599478,0.6638278610317795,-0.2315891407275565,4,0.8633869268000126,0.5779765656332186,0.2213990198255842,5,1.991042134165764,0.1986372848808462,0.0560820565783853,5,0.089002207526937,0.0841535962711674,0.0283872606533863,5,0.9844795636832714,0.0175114016858001,-0.0059568224924396,5,0.3497458149989446,0.144567114564321,0.0532192873139657,4,0.2256183628406789,0.1171677470852744,0.0466065950628016,4,0.1247212261789374,0.0612594927450863,0.0242810306640769,4,0.4845997759451468,0.3078283761250431,0.0980134346273285,4,0.930089056491852,0.1267476081848145,,2,0.0208195505353311,0.0126414336297008,0.0026998546165531,4,2.3034290075302124,0.4731048292663746,-0.1020553018875102,4,100.0,0.0,-7.473657687878268e-15,5,1.0,1.0,,1.0,1.0,,,,D19,,,
HEAL_074,HEAL,1.0604574513435363,0.1971619112193811,-0.0619067791464003,5,1.575582580640912,0.6188580591861507,0.2355929509865273,5,2.2054688736796377,0.0830040469467311,0.0062229522214882,5,0.2362217460293322,0.126353951850884,0.0507096124166699,5,0.9227391935884952,0.0680585075297056,-0.026014719158413,5,0.4313214423297903,0.0659230926274091,-0.001450035289623,5,0.3131502496870234,0.0600098967027652,0.0228071823886785,5,0.1734056604350916,0.0200838701559748,0.0070493659653889,5,0.6898294258709902,0.1013084840673039,-0.0284399848059993,5,0.7398118793964386,0.4818837223222444,0.1521577670656591,5,0.0223787752556658,0.0062770918446152,-0.0002765157332642,5,1.7526391303539277,0.2778030093126941,0.0230765873759022,5,100.0,0.0,-7.473657687878268e-15,5,,,,,,,,,D19,,,
LENO_001,LENO,17.420134246349335,0.6130535730837625,0.0114332455426465,8,26.26509726047516,0.3791677651223175,0.1123903335036317,8,1.3659471506252885,0.0324711480989644,0.0018654038666287,8,5.9228818863630295,0.4131692464482555,0.0749429448419105,8,0.0333229405869132,0.0035871618728195,-0.0003469595095628,8,5.348901193588972,0.3788170772718282,0.0667126547414597,8,0.3148281767498702,0.0293918790815271,0.0019240310331668,8,0.1743923994363285,0.0174513365868669,0.0009157930948587,8,0.856560280546546,0.0355170392004378,0.0062995124390606,8,2.828903321176768,0.1303377217921492,0.0317281933877614,8,3.7047241516411296,0.2601893221916109,-0.0240673830294269,8,24.19651740789413,0.1981978346009483,0.0496672748126242,8,16.60661300481297,2.9776075316141206,-0.1939311399464813,8,4.8756701880263975,3.574257425742575,0.852994555353902,7.0,19.0,,,,D08,,,
LENO_002,LENO,19.431831568479534,2.082149258211759,-0.571804254799304,8,31.49478067457676,0.9323026596899412,-0.1336131933734312,8,1.533275544643402,0.0642066439826586,0.0148298773224234,8,8.808408550918102,0.2231831258457548,0.0142048333642468,8,0.1014339573375763,0.0176831072795877,-4.1513568399428857e-05,8,7.272045796737075,0.4391595993910119,0.1008861716929974,8,0.3938248587073758,0.0637612298806546,0.0169362364343059,8,0.2144813671475275,0.038018962539408,0.0102854150989537,8,0.8501910897903144,0.0367674248460549,0.0098102410232182,8,2.939706837758422,0.0686505445847989,0.0079182524961711,8,2.370110291987657,0.292169942323658,-0.060638962235786,8,28.421365469694138,1.303924771499785,-0.3240665326731201,8,27.488360267598186,6.745272483653637,1.7135730313574369,8,6.74320466590777,5.764705882352942,0.6535181236673774,8.0,14.0,,,,D08,,,
LENO_003,LENO,22.334437906742096,1.9951840944195856,-0.5668916081347044,8,35.05276283621788,0.4785907823530779,-0.0373143079085744,8,1.532391408458352,0.0538582767779191,0.0062734426709762,8,10.3294680044055,0.4476329427563576,-0.1127122317212179,8,0.0420095217041307,0.0137166997555554,-0.000756891016453,8,9.671646110713482,0.32190604948969,-0.0378393851257877,8,0.4782964234473184,0.0445049121544599,0.0081128965121051,8,0.2500005168840289,0.0249249621328972,0.005706339769799,8,0.8022993849590421,0.0554568388199627,0.0156513458873468,8,2.689806942828,0.1338604226167284,0.0303921401376308,8,3.276843074243516,0.2986786516308339,0.0111531816820981,8,33.28561060875654,1.052581766808526,-0.2666387158960474,8,29.83416120987385,5.424606204102651,1.4513661839154255,8,3.585988827056953,3.2666666666666666,0.7551020408163266,4.0,7.0,,,,D08,,,
LENO_004,LENO,17.391071867197752,1.3129105161409598,0.3927632164775897,8,31.275028496980667,0.6852698079967245,0.1942736760204687,8,1.4761028736829758,0.0566157247408874,-0.016902363758055,8,7.616086889058351,0.1998603898297989,-0.0431988916432924,8,0.0227528542254731,0.0141116960104254,-0.0032918673886994,8,7.370163533836603,0.140778318212298,-0.0357535697880489,8,0.4479594771983102,0.0436512560821929,-0.0135611943878814,8,0.2423027231707237,0.0219659181781517,-0.0066770073671657,8,0.8536612736061215,0.0184319712114488,0.0031584628013416,8,2.7518622297793627,0.1215336656922597,0.0306125506883055,8,3.8860879940912127,0.5984412717333223,0.141451337662384,8,28.31002026796341,0.7370398115499083,0.2272019235040908,8,28.759079057723284,6.7813755539918885,-2.1211723312610564,8,7.325390128958805,6.818181818181817,0.825,8.0,15.0,,,,D08,,,
LENO_005,LENO,20.12617070227861,0.5121970491228431,-0.1181756722708127,8,29.880369395017624,0.5310403355030965,0.1680467988493384,8,1.4388404935598371,0.0327925428410956,0.0066422175286409,8,8.14342363923788,0.37728872211125,0.0764156857595622,8,0.0680027337075443,0.0122165105130696,-0.0011680486430497,8,6.653359685093164,0.4807639832007949,0.1445487030658935,8,0.335700826253742,0.0327502699235831,0.0096428115511673,8,0.1816063793958164,0.0201426781090349,0.0059581439132071,8,0.8658637460321188,0.0289163633897865,0.0079929745804286,8,3.0449038576334715,0.0835788803199003,0.0221384252500849,8,2.6488748025149107,0.1740222037863086,0.0155444558405104,8,27.954549595713612,0.4040336353995856,0.1163781292251405,8,17.484002942219377,3.020004492964913,0.7460017463748833,8,4.318786259280902,3.164835164835165,0.8368794326241135,7.0,24.0,,,,D08,,,
LENO_006,LENO,26.54215243458748,0.5569481892590927,-0.0398858222420131,8,37.26956915855408,0.7457892009527991,0.2371647791790777,8,1.4013658771291375,0.0238045235512534,-0.000684006497239,8,9.874257389456034,0.3435369100250258,0.0226998261000321,8,0.0510389945611677,0.0159872710530631,-0.0035304109158896,8,8.391442775726318,0.4415551555332376,0.1201598767645136,8,0.3222005771240219,0.0205600382999454,0.0048670341308928,8,0.1701083531952462,0.0136157304984926,0.003345944777983,8,0.8308890778571367,0.0337139056988464,0.0085013476208172,8,3.1495305318385363,0.1574874248005228,0.0352294639822614,8,3.228981810621917,0.2838547364602327,0.0535876572455515,8,35.40468852221966,0.5035309951409401,0.1551572589921974,8,13.675914032384751,1.5592719990563222,-0.1165685798717861,8,4.963225915211198,4.266666666666667,0.8828125,6.0,16.0,,,,D08,,,
LENO_007,LENO,17.458760902285576,0.5810238157633656,0.0814046837849683,8,26.83538321405649,0.7097584537028877,0.2217958481960521,8,1.444721226580441,0.0303068164276515,0.0060226587277023,8,6.64083082601428,0.3995808202524136,0.0993467042462045,8,0.0752192263444157,0.0137805485143905,0.0023163918278521,8,5.498091729357839,0.341277598164541,0.0624421142128737,8,0.3365299929864704,0.0242542595629454,0.0026035802703169,8,0.1818046219996176,0.0147926878457853,0.0021604659021808,8,0.8317196615971625,0.0402146359870199,0.0095147487702769,8,2.8084614062681794,0.1550738639434786,0.039500951655022,8,2.8832177985459566,0.2387060056536664,-0.0569082342573311,8,24.76481059938669,0.6513502280777285,0.1858541677909616,8,24.630494233220816,2.152816007798513,0.0162399249502719,8,2.279507056954777,1.945945945945946,0.9294871794871796,3.0,12.0,0.660366944125037,0.282051282051282,0.2451159951159951,D08,0.5587179487179487,0.3769230769230769,0.1214489214489214
LENO_008,LENO,19.521353013813496,0.6115320004663439,-0.0085672377942976,8,28.38881129026413,1.140918451120176,0.3691951635484781,8,1.3772791922092438,0.04191764406808,0.0098202034507642,8,6.560723843052983,0.4989347935736795,0.1336328463631914,8,0.0435047527153073,0.0093058285768939,0.0006337022571463,8,5.615695964545012,0.5436987567843127,0.1578719775644829,8,0.3083711240906268,0.0382392655503433,0.0101138490014308,8,0.1658353291859384,0.0220780903754757,0.0057339504044749,8,0.8207318587228656,0.0358708534611643,0.0080350373866957,8,2.8777100797742605,0.1387792113433708,0.0382163394522378,8,3.33508188650012,0.2597944450295695,-0.0078038488186605,8,26.41525040566921,0.7719361711963271,0.2466617914193366,8,17.214418546762317,3.456922033804185,0.7904559818961976,8,3.0571709415638773,2.6557377049180326,0.9502923976608189,4.0,18.0,0.7515095552867355,0.5833333333333333,0.0919413919413919,D08,0.7702564102564103,0.6337606837606837,0.0576186776186776
LENO_009,LENO,28.01085498929024,1.157966547925074,-0.2618962357159526,8,39.75498104095459,0.4236882293114827,0.1322529877167464,8,1.3776767924427986,0.0392007461542516,0.0079688782086949,8,10.044643092900516,0.6135579639415284,0.1349593137759335,8,0.0187550074215323,0.0084846101393669,0.0009964050760497,8,9.532676111906769,0.4421990009401937,0.1086381081249126,8,0.3504263234790414,0.0285234477757887,0.0064837720419257,8,0.1874895008513703,0.0188150185772004,0.0042933424505619,8,0.8330594659782946,0.036944976523749,0.0089187634197715,8,3.0366824101656675,0.180274105966906,0.0375219114087445,8,4.364755185320973,0.559462645623761,-0.0916440517008738,8,38.142448008060455,0.2018080069755203,0.0237634042666628,8,10.46468888549134,1.9656481436637545,0.2060578447612487,8,2.7486353589111423,2.189189189189189,1.0,4.0,27.0,0.5863950776406972,0.2564102564102564,0.1879731379731379,D08,0.5966666666666663,0.3008547008547008,0.147059607059607
LENO_010,LENO,19.32464539259672,0.4631098382997577,0.0016864370026057,8,30.36178667843342,0.8250799343816976,0.2621738872862332,8,1.4374528098851442,0.0301306117610119,0.0025907587477677,8,7.885576672852039,0.3251052122081346,0.054667374825036,8,0.0356866997044562,0.0091895913449627,1.8794651978694465e-05,8,7.224719945341349,0.2580470818021847,0.0569014473132552,8,0.3872221977217123,0.0196906673679724,0.002635117304606,8,0.2142411122331395,0.0123249285374492,0.0017684844924207,8,0.869320884346962,0.0267429536216125,0.0056600597545577,8,2.8817408829927444,0.1317678208662114,0.0287522049698478,8,3.46599116269499,0.3114424267819083,-0.0070176918762334,8,28.489067018032078,0.4436878749841353,0.1188122736591693,8,21.9494701102376,2.582935084243767,0.1961732080862246,8,6.335826173017547,5.761904761904762,0.6694214876033058,7.0,11.0,,,,D08,,,
LENO_011,LENO,18.510687950998545,2.7404406973435758,-0.7550477997985557,8,34.043568685650826,1.738850971295135,-0.4824333821791527,8,1.53094036038965,0.0423848926311259,0.0043192760698576,8,8.91722472757101,0.8561893175150852,-0.2667278060331829,8,0.0422633485263758,0.0152228512228229,0.0017880477165623,8,8.473626563325524,0.8926033574425515,-0.2726228212523992,8,0.4796130578033626,0.0252899707265562,0.0017988054215504,8,0.2619276877958327,0.0149704429427183,0.0020541297940406,8,0.8578251586295664,0.0282157002757679,0.0072819498213682,8,2.7995121525600557,0.0842934846053985,0.0071129923645969,8,3.310343261808157,0.4956847986426913,-0.0873751603999723,8,30.43408685177565,3.155813961022176,-0.8886228681406162,8,29.06087019667029,7.23563745755063,1.5449556055071547,8,6.134214994155037,4.281553398058253,0.7710622710622711,9.0,21.0,,,,D08,,,
LENO_012,LENO,20.650970563292503,0.9907415103252938,-0.2660173245383708,8,35.363077729940414,0.4546052555973862,0.1329604982334657,8,1.4756245519965887,0.0467335082373945,0.0136566943487453,8,8.783276040107012,0.4368751480639272,0.1302673857976215,8,0.0485314561083214,0.0096905332577645,0.0024324886159555,8,8.125852011144161,0.4042136619993313,0.1280349304958603,8,0.4123289468698203,0.0374850308615522,0.0111007091460219,8,0.222592873557005,0.0227877823826265,0.0066284311178117,8,0.8295921701937914,0.0396733129095732,0.0099835071669193,8,2.841674875468016,0.1447741193663433,0.0327055289570183,8,3.400649624876678,0.2755291750035358,-0.0540576803440403,8,32.06458035111427,0.8315922717480321,0.036258778309382,8,19.27605230617337,4.3347878085189375,1.177973050023906,8,2.414596666096506,2.245614035087719,0.9448529411764706,3.0,16.0,0.5359315379536307,0.1538461538461538,0.2953990453990454,D08,0.4807692307692308,0.2653846153846153,0.1609096459096458
LENO_013,LENO,26.619725987315174,0.84163068070999,-0.092046416661574,8,36.10181176662445,0.8951034116985508,0.2857646512268681,8,1.3613402117043734,0.0438777269344397,0.0079310866498785,8,9.140074521303177,0.8307256043969821,0.1839501977165815,8,0.0316834505965743,0.0097469380109926,0.0001342826398526,8,8.106007989495993,0.766742358520427,0.2016640036352839,8,0.310121689341031,0.0360921434452502,0.0083086307242958,8,0.1613005395047366,0.0233232801934138,0.0055072885410911,8,0.8139802385121584,0.0487380389452427,0.0127128665405438,8,3.1450340058654547,0.1399250384196949,0.0361870297655228,8,3.659176795743406,0.4087878558714243,-0.0171515879801182,8,34.64857175946236,0.624450443910392,0.1993374860346349,8,10.575445050373672,2.7238131069218863,0.3752749494349872,8,7.171977654113906,6.533333333333334,0.7346938775510203,8.0,14.0,,,,D08,,,
LENO_014,LENO,15.307337932288648,0.970697899408763,-0.1610267674783475,8,29.42027349770069,1.1209499762403683,-0.2948889989088531,8,1.503535220399499,0.0426312342192162,-0.0053705159381953,8,7.152262475341559,0.410160957551891,-0.1331182154570227,8,0.040193379548782,0.0150683399460704,-0.0004515982593592,8,6.759755035862327,0.4336046812430537,-0.1384277535549527,8,0.4531898874556646,0.0277784290005916,-0.0053713329444221,8,0.2461344740586355,0.0152001322200957,-0.0028936179348567,8,0.85268923221156,0.0191797155949055,0.0034475588303475,8,2.644020421430469,0.1010671075442498,0.0210592096208132,8,3.55984790250659,0.4934566966602957,-0.032685844000666,8,26.45287202298641,1.5044965537510435,-0.4248349947204704,8,36.89558988623321,5.386605385732632,0.0452469024364956,8,4.1801612878808525,3.658227848101266,0.9477124183006536,5.0,17.0,0.6325318587350969,0.5128205128205128,0.0889755543601697,D08,0.5858974358974358,0.4728205128205128,0.0771717171717172
LENO_015,LENO,19.494027130305767,0.8472159624356994,-0.1414184776291731,8,28.39483615756035,0.5195797544580497,0.1658797355645437,8,1.3439588099718094,0.0641161125705881,0.0152154906166207,8,6.18006687797606,0.7457537528351716,0.1816472299459076,8,0.0304297226111884,0.0133075052412605,0.0023837042261974,8,5.424964031204581,0.6917359582284477,0.1884822028755858,8,0.2924624847364612,0.0514229025873764,0.0133026011734385,8,0.1586982676817569,0.0302517446679621,0.0076062013476753,8,0.8241141987964511,0.0504161136782388,0.012919054865737,8,2.826307011768222,0.1875198949845153,0.0517529658413472,8,3.8828915785998106,0.5024493155394925,-0.0923522950362998,8,26.526285246014595,0.3450412461525175,0.0877820993703655,8,14.786603154614568,5.565096200172113,1.3518672676784145,8,5.041314189424555,4.445378151260505,0.960144927536232,6.0,23.0,0.681765513691192,0.3846153846153845,0.1138064549829255,D08,0.7033333333333335,0.4390598290598291,0.1015793465793466
LENO_016,LENO,20.544827185571197,1.2810493134010077,-0.3029402121279425,8,31.62781709432602,0.8572283732210658,0.2666979687838718,8,1.4261897299438715,0.0876587885321878,0.0254751774972176,8,7.9240625984966755,0.8293263799360704,0.2451525161879183,8,0.0469640318133314,0.0212255474388706,0.0059462452765956,8,7.078314671292901,0.7741981999085843,0.241118166676537,8,0.3592909856233746,0.0658504902274182,0.0194132699163151,8,0.1983717479743063,0.0388195319898859,0.0114566746272004,8,0.8593630497343838,0.0370025990637554,0.010094399288769,8,2.943289987742901,0.135418270037961,0.0262860233875263,8,3.322303761262446,0.4490207519342825,-0.1167007232013276,8,29.585645154118534,0.4942660348034998,0.0836858500622329,8,18.253902629949152,7.103689777759066,1.977093680262552,8,5.862495340035342,3.9672131147540974,0.781067556296914,9.0,22.0,,,,D08,,,
LENO_017,LENO,22.385327450931072,1.279107929904586,-0.3621560710300309,8,35.61586640775204,0.5597696005610823,0.1733294012948469,8,1.4158761547878385,0.0524514311020117,0.0158772737608722,8,8.777001563459635,0.5586485926198782,0.1543567617966387,8,0.0326127089692817,0.0101398683960787,0.0024359226681947,8,8.116706274449825,0.5297568406767793,0.1548765940538769,8,0.3699173664208501,0.0435447954820346,0.0134607132598877,8,0.2056600141222588,0.0263179991463079,0.0080692801408417,8,0.8742386158555746,0.0407988908523811,0.0098624651589256,8,3.071173371747136,0.1252695824815544,0.0215876623614994,8,3.621342117898166,0.3718862437957456,-0.0795550477101667,8,33.21312373876572,0.2711274672192427,-0.0295921247670161,8,14.60331989172846,5.107536849481523,1.5927413781491613,8,6.159160139458576,4.642105263157895,0.7189695550351288,9.0,21.0,,,,D08,,,
LENO_018,LENO,19.2884286865592,1.6785357982754248,-0.4624220997542596,8,30.896104216575623,0.7468622818084752,-0.1178137663011642,8,1.470601654611528,0.057784823883294,0.0141773883732202,8,7.945350881665945,0.2181667006957736,0.0123507551139876,8,0.058459901376409,0.0110139916576559,0.0013472390125138,8,6.943011743947864,0.28114673925297,0.041558372581343,8,0.3889957674546167,0.0498455901696944,0.013407890433025,8,0.2134188393247313,0.0288648091387242,0.0077939729271561,8,0.8508601291105151,0.0307968339098078,0.0079128519944433,8,2.847141170874238,0.0982645564947556,0.0160054807024128,8,3.0499125057831407,0.3152985539565919,-0.0572428327296263,8,28.391279757022858,0.9793751978570132,-0.2326159063284922,8,26.98983191885054,6.167519506393186,1.572388462187338,8,3.5377095362064166,2.9220779220779223,0.8090909090909091,5.0,15.0,,,,D08,,,
LENO_019,LENO,22.05965968221426,0.7511798821017996,-0.0539233118345392,8,33.2325514703989,0.7044910683302912,0.2280722124150601,8,1.3719601016491652,0.0479754954921926,0.0074505210171553,8,7.698262877762318,0.6795703810744106,0.1494910966772794,8,0.0413048760347009,0.0146829976405094,0.0004586703148385,8,6.611813627183437,0.6076149971210617,0.158849530805127,8,0.3051359864184633,0.0352923990923567,0.0074542511382039,8,0.1685668924474157,0.0208770535076803,0.0044280027711018,8,0.8642994584515691,0.0349127964515277,0.0090396393693744,8,3.1044396460056305,0.1364070113863238,0.0383360087374013,8,3.279393116012216,0.3383760981876635,-0.0238576135621415,8,30.65326325595379,0.5299838129437068,0.1488051368716508,8,11.676714301109314,3.5567868021177365,0.490494594948089,8,4.66297868833838,3.692307692307693,0.8368794326241135,7.0,24.0,,,,D08,,,
LENO_021,LENO,19.693707428872585,1.046593557902658,0.2828021834609011,8,32.57035864889622,1.1376826230071864,0.369708495665461,8,1.5027640499174597,0.0409108101125521,-0.0007859806286073,8,8.793406885117292,0.461087017830742,0.1158375543525065,8,0.0433331535023171,0.01637204080101,9.54266732404428e-06,8,8.15405047684908,0.4002165176537146,0.1163012331634578,8,0.4465139735257253,0.0236831416855341,-0.0008452214931878,8,0.243683659529779,0.0136592731374279,-2.213420178457284e-05,8,0.8671118104830384,0.027183710450581,0.00597543214667,8,2.8686592243611813,0.1605109467647032,0.0446952663498829,8,3.267524898983538,0.3270007536148463,0.0030624898203436,8,30.62198431789875,0.9022172236878654,0.2871951601142998,8,28.28570138663053,3.5414705772110437,-0.6005103061712384,8,3.674684791941527,2.920529801324503,0.9567099567099568,5.0,21.0,0.5418886566794231,0.2948717948717949,0.1382687824995517,D08,0.5066666666666666,0.3613675213675213,0.094966514966515
LENO_022,LENO,22.458465337753296,2.0717399948805726,-0.5161480513558107,8,31.24217887222767,0.7620559058923895,-0.1646720931207465,8,1.3327991422265768,0.0742952694124718,0.0175589162091373,8,6.828581020236015,0.656887447133987,0.1311060226023284,8,0.0335112606799156,0.019079231957608,0.0043157334243768,8,5.919018164277077,0.4811655479476874,0.083748854261409,8,0.277059291023761,0.0509861428659506,0.0120044623024272,8,0.148256022541318,0.0321935008051139,0.0077085952128347,8,0.8059760038740933,0.0590088367276955,0.0149392202459208,8,2.972713954746723,0.1172478091859995,0.0252719975274068,8,3.699036694131792,0.6445556439715527,-0.1579937276015228,8,29.50196528434753,1.1689043669359922,-0.2930975581250132,8,11.124322932213545,6.070604825520494,1.44496093105785,8,4.271837545489862,3.8533333333333326,0.9477124183006536,5.0,17.0,0.7300729036843413,0.3487179487179487,0.1282932879086725,D08,0.6979487179487178,0.4351709401709401,0.0887706737706737
LENO_061,LENO,19.023869328200817,0.7168378788008608,-0.1777326992039571,8,30.48601734638214,0.4852908735643194,0.1407595795263615,8,1.424584654159844,0.0395854403847335,0.0122474466197075,8,7.3514964915812016,0.3119250239771411,0.0687192281916446,8,0.036795280348997,0.0088885883123508,0.0024719828201922,8,6.69342115521431,0.2216000396701941,0.055492099219052,8,0.3713072090176865,0.0310032949543366,0.0092982614244981,8,0.2028094065026379,0.0154861810257546,0.0044618287552861,8,0.8407149873673916,0.0274652508678511,0.002505197996687,8,2.8351062647998333,0.1326364152690951,0.0216698024129618,8,3.4756459328345954,0.3190191410102331,-0.0780305194175572,8,27.86233327537775,0.3688620338483364,-0.006154515408908,8,21.592400710564107,4.15127629028277,1.2140557599348178,8,6.070649369808808,3.5398230088495577,0.85375,12.0,40.0,,,,D08,,,
LENO_062,LENO,26.54770015180111,0.7934324129357455,-0.0173515228675888,8,37.24663653969765,0.5896068206735989,0.1896690832752542,8,1.4020051835104823,0.0389365987569881,-0.0003509231297321,8,10.112706184387209,0.6027556958375809,0.008709124213268,8,0.0281294723358768,0.0117357300308758,-0.00080662548055,8,9.445354219526052,0.4590897792323412,0.029222999122585,8,0.3627139708260074,0.0272777285605825,0.0007925333504958,8,0.1934087481349706,0.0171865619863475,0.0010466438489585,8,0.8366695446893573,0.0399028850952713,0.0092961745513896,8,3.069717951118946,0.1732278141364026,0.0410967479166066,8,3.886337856762111,0.4483405328949679,0.0237422250770981,8,36.16958484053612,0.3328332046516921,0.1028815816360227,8,12.4828617349267,2.7139322289618155,-0.2464276083522684,8,4.489359640866629,3.000000000000001,0.9592013888888888,8.0,48.0,0.567637597043624,0.3519230769230769,0.1421275755283852,D08,0.5566666666666665,0.4494444444444444,0.09424676463138
LENO_063,LENO,21.93342486023903,0.9572985910457152,0.1323329853095948,8,34.86773784458637,1.0322246273281324,0.3296482684417098,8,1.4183000046759844,0.0375311609357865,0.0004292689450398,8,8.630268719047308,0.413155899978198,0.0768988558863941,8,0.0303825333430722,0.0085827989741427,-0.0008489556281841,8,7.994895543903112,0.4108869583410899,0.0874642052614603,8,0.3750318669481203,0.0302172682679916,0.0015318306529886,8,0.2099965604720637,0.0181639725564061,0.0008041064374659,8,0.8889814312569797,0.0239830193977569,0.0044870305999192,8,3.087280446663499,0.1145263073631077,0.0311913347751733,8,3.620538294315338,0.3020644431442563,0.0192160112829937,8,32.39066283404827,0.7863991781374456,0.2423119276314125,8,14.537690723547712,3.314603541095092,-0.1683798332625392,8,6.494112220459218,4.236802413273002,0.8497788209804098,13.0,53.0,,,,D08,,,
LENO_064,LENO,21.11567711830139,1.0433011683722797,0.2858996956495632,8,33.99715340137482,0.903593696947005,0.2933316079523294,8,1.452496573328972,0.0372540821932311,-0.0080691770042519,8,9.0177719630301,0.334386026490097,-0.0289732327743833,8,0.0402552765917789,0.010294449978269,-0.0015902854679544,8,8.277640745043755,0.2213869638657165,-0.0194495104390121,8,0.3976340335793793,0.0275426047522554,-0.0064153394697603,8,0.2194361425936221,0.0161786958035468,-0.0036506908813581,8,0.8896737601608038,0.0188233196822041,0.0034155512045141,8,3.080619825050235,0.1324028103465125,0.0377208446471238,8,3.2205079970881343,0.3426617513474598,0.0419399688185114,8,31.521457135677338,0.9508001925089288,0.2992930810320048,8,18.94401910528541,3.7949640664357496,-0.9753336488006424,8,2.986920256661992,1.888772298006296,0.9505586592178772,8.0,60.0,0.6825428994662792,0.4025641025641026,0.1254040493919036,D08,0.604102564102564,0.5484188034188034,0.0859573759573759
LENO_065,LENO,21.75167103856802,1.2594624098741145,-0.0702982453352554,8,32.83616404235363,0.5771382175396532,0.1329738454946039,8,1.42363144736737,0.0745114361185327,0.0020027483668865,8,8.1001082547009,0.8831714251460823,0.1048957546784171,8,0.0407650864617607,0.01730479064338,-0.0006473722864461,8,7.399086693301797,0.7996253737926963,0.0965175894096779,8,0.3676796475192532,0.0568754850241492,0.0026019120508046,8,0.1985354257631115,0.0333889764509093,0.0015995878273796,8,0.8471309449523687,0.0340038012291799,0.0065146741614316,8,2.958447938784957,0.133747394781956,0.0294756683612698,8,3.427686795592308,0.5426850679119022,-0.0194704756513842,8,30.77611202001572,0.6804871269623478,0.013615615379835,8,19.70333608891815,5.777800781707034,0.0746410567816845,8,10.513470905634906,8.333333333333334,0.8033057851239669,14.0,35.0,,,,D08,,,
LENO_066,LENO,26.68952912092209,0.7841389189855009,-0.0218135542383941,8,38.23212984204292,0.8490786382988681,0.2726722484040842,8,1.4065896766260266,0.0353136478629186,0.0054330669952948,8,10.301166728138924,0.5694865176045248,0.1250935820784855,8,0.035218973497649,0.0084867710923458,4.103779531625216e-05,8,9.3314763084054,0.5568275931604286,0.1425182790509388,8,0.3547231791308149,0.0296251193836202,0.0057575351734314,8,0.1884201802313327,0.0186830655514006,0.0036018077215685,8,0.8408764321357012,0.0350339956450509,0.0084605555552271,8,3.121990205720067,0.1540130291381184,0.0403765348192037,8,3.484902687370777,0.3216659818311547,-0.0071570356819592,8,36.43246050179005,0.5230873422571888,0.1586275791285979,8,12.336857534945011,2.7613476907114487,0.4588041734416576,8,5.556358084753451,4.011933174224343,1.0,8.0,41.0,0.589396372531787,0.3583333333333333,0.1353646016601482,D08,0.5984615384615384,0.4514102564102564,0.1114769560923407
LENO_067,LENO,22.836689554154876,0.914582955878306,-0.2252285917334544,8,32.09416672587395,0.5231730481836526,0.168657768150795,8,1.368733063340187,0.052364366418472,0.0100944489986943,8,7.966554928570986,0.709935551271575,0.1364002002399967,8,0.0288369521385902,0.0172766351455219,0.0018711412578494,8,7.2380243092775345,0.4872321614236124,0.1179734181880114,8,0.3245600595837459,0.0322149356385043,0.0078454232776226,8,0.1695398820447735,0.0214735285857857,0.0056424816931985,8,0.8298437078483403,0.0492279206179739,0.0131257298730545,8,3.031865064054728,0.1739434566808469,0.0393064182767875,8,3.4251056844368577,0.3971660397149491,-0.0461359283885273,8,30.61653703451157,0.2041230458042663,0.0396395215208023,8,13.319751451723278,3.233786184196429,0.421610347478802,8,10.394235968807555,6.743842364532019,0.7326997326997327,16.0,37.0,,,,D08,,,
LENO_068,LENO,26.05373886227608,0.9680077825039938,-0.094486800577485,8,38.296479389071465,0.7455076268769205,0.2047933069413785,8,1.3867815462872386,0.0312287408973277,0.0036140075932957,8,9.24441645294428,0.4909353244945114,0.0769389538414657,8,0.0301943884251158,0.0082275484499112,-0.0002087195127192,8,8.574652694165707,0.3460505297940057,0.0702065522961263,8,0.3435098361223936,0.0232358430209125,0.0038859898190265,8,0.183287621999625,0.0154364272595375,0.0028399729001986,8,0.8333229310810566,0.0392778890987528,0.0097526995486923,8,3.082468118518591,0.158921135922795,0.0425902545850133,8,3.7833274183794856,0.334278111165684,-0.0238146817121915,8,35.669595539569855,0.5106533055939034,0.0647232178256543,8,11.991496516158804,2.176027058195669,0.1574550039462923,8,4.17256332376726,2.797004991680532,0.92918961447679,8.0,41.0,0.6490200770748977,0.4249999999999999,0.1299828039706582,D08,0.633076923076923,0.4387179487179488,0.0851171051171051
LENO_069,LENO,13.52616224810481,1.221867651206789,-0.2899755346456638,8,27.486752331256863,0.8052586146542288,0.1497841319178032,8,1.581624612212181,0.1401091915461312,0.0399944877783707,8,6.754352658987045,0.6357876441095541,0.1817744044907216,8,0.0578504273275938,0.0627048357666636,0.0168173944616908,8,6.439426597207785,0.4938299281654666,0.1347049871251223,8,0.5126436562277377,0.0705858784695576,0.0201531991375006,8,0.2825749629409984,0.0394802742520864,0.0113962396764767,8,0.8879982745274901,0.0279085445044934,0.0063779944793407,8,2.6259858896955848,0.1203087804827455,0.0264743008403612,8,3.090881015174091,0.9141697387998516,-0.2529876649454238,8,23.60202368348837,0.9329796245767056,0.0056885579392524,8,41.20926798600704,10.740249856509635,2.9573455251292406,8,5.331281440688642,3.2666666666666666,0.9298469387755102,11.0,56.0,0.6023372237398245,0.2448717948717949,0.2655456514589641,D08,0.5856410256410256,0.4899145299145298,0.0991711707096322
LENO_070,LENO,19.4689649194479,1.817668985815577,-0.4895004467892268,8,33.946372374892235,0.5400641915612701,0.1586033563581983,8,1.560371675528586,0.0642373042865994,0.0098875028536785,8,9.282065335661173,0.38886797939155,0.0190429866114885,8,0.0709764958673985,0.0229827901929847,-0.0046557095286733,8,8.472212459892035,0.5214635183646527,0.1174714454326829,8,0.470682330080308,0.0668934159897941,0.0170790736232323,8,0.2598603620426729,0.038578312823314,0.0098529773716108,8,0.8834200934506953,0.0300228347257969,0.007351795569037,8,2.978711562231183,0.0559858238307285,-0.0030406056988814,8,2.7716775946319103,0.3182659210342098,0.0346862174732263,8,31.344979524612427,0.2512114206026891,-0.0354835545280321,8,29.64820979256183,5.986598901282711,1.2764941028416446,8,3.2071124719963526,2.081899518238128,0.9467688937568456,8.0,55.0,0.5674757421111036,0.3455128205128205,0.13719610349165,D08,0.5269230769230769,0.3942735042735043,0.1096540496540496
UKFS_001,UKFS,13.52024369686842,1.3628393527871867,-0.4745863401459367,8,22.0999975502491,0.4311474534705237,0.1037175817347895,8,1.4819073658436537,0.0626719791964106,0.0168323687370667,8,5.976517137140036,0.4085809297876993,0.0127664150832369,8,0.0397539143596076,0.0110994157557514,-0.0027059934775771,8,5.481676021590829,0.5163526341098224,0.0937977772672729,8,0.4279630958335474,0.0725663933114697,0.022155034585189,8,0.2353681535751093,0.0434481397254796,0.0133026673675031,8,0.8636325369589031,0.0590375446704501,0.017412511967992,8,2.6259398395195603,0.1243416353367067,0.0150287066706937,8,2.5813816180452704,0.4117475428947672,-0.0688560805154993,8,20.577787667512894,0.1956475460071534,-0.0448146073934592,8,32.47619536332786,7.298215931367029,2.5557699481582223,8,5.430438077287503,4.5,0.8454545454545455,7.0,18.0,,,,D06,,,
UKFS_002,UKFS,12.007889196276665,0.4558572019841822,0.0284287491674897,8,17.846575058996677,0.6821359959275544,0.2254687445178857,8,1.3853519782423973,0.0498554395705714,0.0053733961850466,8,4.164875810965896,0.4817866691850013,0.1101362404992839,8,0.0500324705080856,0.0126717035947721,-0.0002315495995348,8,3.5580673459917307,0.3742151720566121,0.0785540642568741,8,0.3109440680127591,0.0385562611929042,0.0047718792671292,8,0.170293025963474,0.022137411986375,0.0027701503027727,8,0.8398920497857034,0.0440317900315741,0.0104702409522922,8,2.504756877198816,0.142695383062648,0.0433788165734812,8,3.055888032540679,0.5875689774381999,-0.1281310329075279,8,16.443037942051888,0.4124163693535745,0.1452785117864062,8,29.21939656883478,4.8547728081358645,0.5493145840688917,8,3.820646936875013,2.951219512195122,0.8678321678321679,6.0,22.0,,,,D06,,,
UKFS_003,UKFS,8.90184673294425,0.4039815900237339,0.0507384125467544,8,14.472154386341572,0.6947966724509997,0.2419418439490478,8,1.4619471421465278,0.0397600416937105,0.0038572263660704,8,3.763652704656124,0.1886924267756054,0.0501841710378148,8,0.0786200105212628,0.0168782223563615,0.0010171511137338,8,3.0707025919109583,0.1841664712599051,0.0461389974487321,8,0.3491723106708377,0.0321978024243013,0.0027839176143244,8,0.1938963792636058,0.0206834625279272,0.002341052472805,8,0.8757906681858003,0.0329602865657744,0.0077097890087877,8,2.3041874915361404,0.1047083934903284,0.0348549419401037,8,2.2455251226201653,0.1710002938473253,0.0137890917891638,8,13.060776486992836,0.4167774792991227,0.1501697311988516,8,61.37138119339943,4.546386069700432,-0.5178110842492336,8,3.648858312255889,2.782608695652174,0.939453125,6.0,32.0,0.7579356231891207,0.5066666666666666,0.0659259563965446,D06,0.7934666666666665,0.6652222222222224,0.0585535797535797
UKFS_004,UKFS,8.560591836459935,0.4136550307695298,-0.1039297653326533,8,14.302279425784944,0.6811642134614745,0.1827838187701099,8,1.5630250964313743,0.0446416082886241,0.0130552640955922,8,4.05718239909038,0.1859716365912257,0.0517533757741683,8,0.1207957803890166,0.0187527851441217,-9.4243227847396e-05,8,3.25896011502482,0.3850203671951305,0.1116733856364728,8,0.4052403041860088,0.0575056560276999,0.0169764009468461,8,0.2235624454333446,0.0359261079245833,0.0107296281850118,8,0.8610368880908936,0.054145885506696,0.0179859705213968,8,2.1693437799035262,0.0982596218018515,0.0296916960496689,8,1.706261997052934,0.1277708959801388,-0.0174920506026003,8,12.89760084077716,0.3176569218186684,0.0970348675919176,8,59.96510334312916,3.2819932879976195,0.9820457965198685,8,1.8397458251916536,1.393822393822394,0.8477443609022557,4.0,19.0,,,,D06,,,
UKFS_005,UKFS,10.346332911401989,0.2554729914042954,0.0174985489394769,8,16.486126124858856,0.4694739989357803,0.1640617812008834,8,1.4622961888089776,0.0222804688051745,-0.0033233063077978,8,4.313075061887503,0.105619093781017,-0.0010436394285506,8,0.0682460261268715,0.0123492524421587,-0.0019703548876279,8,3.5658790096640587,0.0845612507088677,0.0214978807038309,8,0.3644057826604694,0.0110201119941848,-0.0005847085346397,8,0.2023065897519699,0.0073308192205704,0.00038796988654,8,0.8763955971226096,0.0240975389435099,0.0064326696683136,8,2.404193540103733,0.09249499693883,0.0305293701794735,8,2.3637510258704424,0.1788111526979953,0.0421196655419731,8,15.053668975830078,0.3068912383837036,0.1000364014044414,8,51.20719110965729,1.948950874919,-0.3274367711093544,8,7.161192637851125,6.127659574468084,0.8368794326241135,9.0,24.0,,,,D06,,,
UKFS_006,UKFS,8.20512937195599,0.4547285417891264,-0.0761279398911578,8,14.365353517234324,0.607613700193275,0.1947917896471164,8,1.5249392986297607,0.0351083723810375,0.0028388707754219,8,3.6810334343463182,0.1280304368319956,0.0255624668676651,8,0.1023692623275564,0.0215643403930188,-0.0059614819333628,8,3.0063802720978856,0.2503000351666264,0.0597390433310716,8,0.387049623997882,0.0510439151798819,0.0121277133220385,8,0.2162628330406732,0.0312648337823894,0.0072584980851605,8,0.8654404631815851,0.0410465007463708,0.0097644384989945,8,2.190751228481531,0.1010324656644911,0.0256108604292447,8,2.0374282710254192,0.1534808280082431,-0.0194550381534441,8,12.654285069555044,0.1179118062407129,0.0285012053203184,8,72.43214114755392,2.80092514849693,-0.1755702739814415,8,4.585025185091449,3.6982248520710064,0.963076923076923,6.0,25.0,0.7781604632212779,0.4453333333333333,0.0837146383028736,D06,0.8064,0.6252444444444444,0.0579479779479779
UKFS_007,UKFS,14.81919515877962,0.2999621964229506,-0.0354767578422702,8,28.883331581950188,0.5305955297602479,0.1674381514769879,8,1.6274136481806636,0.026258434053984,-0.0049324734986707,8,8.70057924836874,0.1662533778576695,-0.0216218155913523,8,0.0593958346980798,0.0188894068155923,-0.0059833256239212,8,8.262127179652452,0.1666607922360241,0.0195609605109898,8,0.5592895573936403,0.0202640048494569,0.0020219010959389,8,0.3148981960257515,0.0117904865680506,0.0014583701188747,8,0.893276191316545,0.0228606784825692,0.0067624145221049,8,2.7708674147725105,0.0694429858890666,-0.0019167802136415,8,2.35608861874789,0.2771458459395248,0.0700706533787056,8,25.85564145445824,0.2328571904763393,0.0822295347849506,8,39.18364284932613,1.6384519586297717,0.0099032292194179,8,3.076798072215717,2.4711864406779656,0.9286694101508915,5.0,27.0,0.7697742842118945,0.448,0.1295940725940726,D06,0.802,0.6636444444444444,0.0731618455618455
UKFS_008,UKFS,16.72575620561838,0.5358480842277819,-0.0706493569787136,8,23.192791253328323,0.5262415465566509,0.1773528875565504,8,1.4270661743357778,0.0474814907354335,0.005616905535482,8,6.337655279785395,0.5223014513963306,0.0713031545692654,8,0.0802254615518904,0.0194437395538199,-0.0001944969875976,8,4.920886758714914,0.4361144943928585,0.1059640750383853,8,0.3033938339212909,0.0343237294043268,0.0076086756154387,8,0.1576480021467431,0.0208321928826589,0.0047896145694668,8,0.8070329199545085,0.0516125860095515,0.0132598631368696,8,2.726124742999673,0.1499222566381352,0.0426346490400849,8,2.461308049503714,0.3153454153866012,-0.0217531510962909,8,21.9579908400774,0.23987288125343,0.0845598468355285,8,19.06745200417936,3.5777264137912463,0.598911880782435,8,3.6835447260492256,2.8644067796610173,0.8681318681318682,5.0,13.0,,,,D06,,,
UKFS_009,UKFS,0.599591056505839,,,1,0.1982045217009726,0.0742421405071084,-0.0107217673701674,8,1.8735719214415267,0.0453932669711975,0.0135777055605531,8,0.0032027616689447,0.0076189437285544,0.0014001689124613,8,0.9990840600803494,0.0023168887819846,-0.0003938037593652,8,0.0735349965592225,,,1,0.1192310651143391,,,1,0.0707657597959041,,,1,,,,0,,,,0,,,,0,0.6932400266329447,,,1,100.0,0.0,-2.0048660521535955e-15,8,,,,,,,,,D06,,,
UKFS_010,UKFS,8.07467507943511,0.4056518627660386,0.0086212694138721,8,13.849325723946096,0.3540863184828214,0.1050009799611012,8,1.5357807474210858,0.0437245338725453,0.0067450604905744,8,3.863485971465707,0.1475020438195865,0.0389103030513021,8,0.0965102480058703,0.0200014867630432,0.0057162364354146,8,3.2333551570773125,0.1156975092209168,0.0078234058783054,8,0.4090906936908141,0.03443785671307,-0.000755082639903,8,0.2300235509756021,0.0215083866548933,-0.0001086358607779,8,0.900914637837559,0.0275223721103612,0.005864473957481,8,2.2645164616405964,0.0816736850499494,0.0270043521043841,8,1.9333292450755837,0.2263312597073739,-0.0487236068317051,8,12.412985391914845,0.1523130625791569,0.0427153349682001,8,68.14898428320885,4.097471981923744,0.4185778720110298,8,3.325706122083646,2.272727272727273,0.926153846153846,6.0,25.0,0.7048529048546653,0.4173333333333333,0.082739045268457,D06,0.7501333333333334,0.5755555555555555,0.0758164872164872
UKFS_011,UKFS,13.113446924835443,1.8191914441816603,-0.6422203335665584,8,23.819290429353718,0.3396085460016907,0.0465974529331146,8,1.6029717409983275,0.0817804955656608,0.0256216888120208,8,6.633112059906125,0.3256461175988392,-0.0210847039321416,8,0.0787002750912506,0.0163103379559984,-0.0027710513763338,8,6.015371655113995,0.4587914690387179,0.0662360562925129,8,0.5052961208857596,0.0979375763080944,0.0314301380575198,8,0.27915234019747,0.0527530120270075,0.0168490574671436,8,0.8643986820243299,0.0372971687766761,0.0097875321351161,8,2.607887466438114,0.1280825168139597,-0.00421829580185,8,2.259954354725778,0.3502639571720068,-0.0637275800108868,8,21.64330341666937,0.9475624327885084,-0.3227860817483856,8,40.6710090120323,9.628519089431832,3.432101604483094,8,3.953373231711761,3.481927710843373,0.889273356401384,5.0,17.0,,,,D06,,,
UKFS_012,UKFS,9.846555266529322,0.6060043221720361,-0.1864343929062855,8,16.655782386660576,0.5452683251245113,0.1665542816660187,8,1.5064180977642536,0.0682094941757844,0.0207617846643845,8,4.556607305072248,0.3805527639452785,0.1087236270118683,8,0.0623282980905059,0.0161972836830554,-0.0004360373253966,8,4.065012559294701,0.4646429310244716,0.151545471952723,8,0.4256101532373577,0.0709895502491261,0.0235163021215769,8,0.2374206732492894,0.0427019719920446,0.0141468773024535,8,0.8952772687189281,0.0398287303258683,0.0123798845221152,8,2.413140596821904,0.0901236006935516,0.0190117648009792,8,2.1940690157935023,0.4344747897925539,-0.1052265557798658,8,15.279216147959232,0.2983817392274849,0.083237154595161,8,47.44301360845566,5.455028474381452,1.6562997054647663,8,4.219977905387087,3.389830508474577,0.8550847457627119,6.0,20.0,,,,D06,,,
UKFS_013,UKFS,7.352094887256066,0.9427866770012288,-0.2888883446293956,8,9.4487515790388,0.2415516927965542,0.0252005145934435,8,2.0380044439807534,0.1605074566914421,0.0061253913047425,8,2.654766650055535,0.1055368899371823,-0.0183737411513734,8,0.4865980657632462,0.0215604915256403,-0.0062622488812481,8,2.7873642502843223,0.2125275829183395,0.0261260311282314,8,0.378541284418743,0.0441203306071897,0.0141469359403114,8,0.2125808926224046,0.0277177866100885,0.0089736744473684,8,0.8343043938674259,0.0476452388427569,0.0157938831561605,8,2.004380203275518,0.1494655529197438,0.0371129039215073,8,1.35809846959292,0.0954390801920335,0.0030640659578842,8,11.500233783029316,0.8848865788051673,-0.2123959162110306,8,84.8416807949543,2.43927649633968,0.4970019076280045,8,2.586409289858933,2.2727272727272725,0.6799999999999999,3.0,5.0,,,,D06,,,
UKFS_014,UKFS,12.71684831008315,0.8270844725906511,-0.2250394776241952,8,18.815566562116143,0.6043755981699968,0.1517642180884209,8,1.4521906720474362,0.073673766552397,0.0214106041439772,8,5.141059095039964,0.4755913844331284,0.1001482046903301,8,0.0741696215482079,0.0190826299303155,0.0054387559229652,8,4.149168089032173,0.7131047357352456,0.1348061419849429,8,0.3411739075090736,0.0802657507522785,0.0177874131021413,8,0.1831648898078128,0.0476698650490037,0.0107872151451345,8,0.8331421199254692,0.0598612400099691,0.0171326531014236,8,2.581825777888298,0.1305297084089656,0.0342512318030014,8,2.3444536081515253,0.3500711498737326,-0.077646413972231,8,17.485090643167496,0.2670894396632643,0.0393935895016772,8,29.9014189876616,7.485106736635245,2.4070148605322377,8,5.36967821341831,4.4461538461538455,0.7718360071301248,7.0,17.0,,,,D06,,,
UKFS_015,UKFS,9.72651905938983,0.6060000010118882,-0.1574990562699065,8,15.310400612652302,0.5918353707044245,0.1266216362357914,8,1.6973765045404434,0.0445253186123235,-0.0123192480668383,8,4.349480334669352,0.111275867517362,-0.0068740842828309,8,0.2055592192918993,0.0383543100820109,-0.0096403499501663,8,3.251837299205363,0.3708809707937753,0.0658575056116808,8,0.3532775568310171,0.0602698497757752,0.0145361188941507,8,0.1952335747773758,0.0359810415243667,0.0090139264749033,8,0.8519444358535111,0.0467189326702128,0.0135439469888326,8,2.2898734752088785,0.1232841090040727,0.0375707429495576,8,1.7019968259264715,0.100937127127997,0.0153667260002883,8,14.002111803740265,0.1845301089854864,0.0055529430287196,8,57.4924504943192,2.4401618864508885,0.4955942775666142,8,5.431859152570986,5.128205128205127,0.9547619047619048,6.0,20.0,0.7547573252175576,0.5346666666666667,0.0713971322794852,D06,0.7630666666666667,0.6409111111111111,0.0463087135087135
UKFS_016,UKFS,11.846257608383894,0.2734377193670715,-0.0547877403960827,8,19.26907784491777,0.4376129973968973,0.133215424488044,8,1.4812293583527207,0.044227628736345,0.0054037707784623,8,5.111825572326779,0.3532623405887819,0.0487247414712913,8,0.0683367339579489,0.0185591148955793,-0.0028050174802592,8,4.413918985053897,0.3718185378853064,0.1026858951572084,8,0.3876608253922313,0.0403139786089497,0.0109658014076714,8,0.2141799674136563,0.0236340360033351,0.0064827896903745,8,0.8777069943025708,0.0372544406906969,0.0102726261105753,8,2.554146373644471,0.1147658815687159,0.0297353975395722,8,2.4448200026527047,0.3358750639403445,-0.0184605320136503,8,17.69352426379919,0.2146582029804918,0.0717897742923356,8,39.33281722664833,1.8495698169814307,0.1254751621537729,8,6.999999999999999,6.125000000000001,0.7438423645320198,8.0,14.0,,,,D06,,,
UKFS_017,UKFS,6.492635279520478,1.1549188572166842,-0.2372751190609052,8,8.80886371480301,0.5433445663367252,0.1862858893021468,8,1.895069763995707,0.0505979162923365,0.0069907889909028,8,2.353638488551951,0.1695582823094004,0.0587647137864346,8,0.4846581923193298,0.027652412914536,-0.0069849277735782,8,2.730824969158701,0.3488225778983754,0.0451067490670831,8,0.4228343588200187,0.0472782195554536,0.013429962009752,8,0.2366461594870187,0.0291766532308008,0.0084461550003197,8,0.8499245667029972,0.0447235352150244,0.011826331053202,8,2.1795878622869047,0.0754523827111424,0.014309714703524,8,1.5093773340661727,0.2019738696052845,-0.0426132943131077,8,10.332578772395015,1.2992899323551976,-0.0933271955194715,8,81.02071842551231,3.085301762011089,0.7774778227390559,8,3.371602332953886,2.5789473684210527,0.7961672473867596,5.0,14.0,,,,D06,,,
UKFS_018,UKFS,0.6294660280039022,0.0507829091601628,0.0017036597113105,7,0.4294902113615535,0.1826075088523658,0.0408047697558239,8,1.9758772496134045,0.1595030007830629,0.053196941749556,8,0.0374645763513398,0.0483478149880551,0.0110995802094544,8,0.9817823548801244,0.0267606042735964,-0.0062338440835218,8,0.0892737209234017,0.0244838180535191,0.0016501500724236,7,0.1382747678147567,0.0295937217374522,0.0013784659382417,7,0.0779407974537256,0.017021436032584,0.0009977118416618,7,0.4167419753968715,0.148348067769626,0.012654740582487,4,,,,0,,,,0,0.7568786904052064,0.0817253996273204,0.0016330485112778,7,100.0,0.0,-2.0048660521535955e-15,8,,,,,,,,,D06,,,
UKFS_019,UKFS,13.196466736495497,0.4679080971967204,-0.0611999638520957,8,18.695263229310516,0.4881417414755533,0.1650705776649885,8,1.3507915241643786,0.0533483955543968,0.0090108143517671,8,4.274023214355111,0.4596212031397329,0.0928597973220645,8,0.0546463305745418,0.0159305896981219,0.0016119610388764,8,3.3043850529938936,0.3461720675660359,0.0862790498320948,8,0.2561423371080309,0.0355837235781024,0.0073848647716,8,0.138318694604095,0.0217981095786456,0.0046394362308146,8,0.8069527614861727,0.0503425156145505,0.0129449789880941,8,2.5582507951185107,0.1301724763903324,0.0385730283496971,8,3.019316111691296,0.4238659669674386,-0.0621450232567271,8,17.22545087337494,0.210209472519003,0.0731839627470418,8,24.740811243653297,4.778634931617467,0.8956088541419327,8,6.375275506576928,5.081300813008131,0.97,8.0,25.0,0.6055676449033905,0.3264285714285714,0.0719162536809595,D06,0.6756,0.5136984126984127,0.0664733266733266
UKFS_025,UKFS,0.6231119732062023,0.0797329644362132,,2,0.2650318223168142,0.0893279058578369,-0.0003184803223711,8,1.826131240464747,0.0615669390076312,0.012111726855649,8,0.0071569338906556,0.0154031891946781,0.0008241945399156,8,0.9964380050078034,0.0089220693825286,-0.0001527431506006,8,0.093999116991957,0.0552725822975238,,2,0.141476976374785,0.0702071363727251,,2,0.0771629313627878,0.0378873000542322,,2,0.3667109757661819,,,1,,,,0,,,,0,0.788581242163976,0.1824862857659657,,2,100.0,0.0,-2.0048660521535955e-15,8,,,,,,,,,D06,,,
UKFS_031,UKFS,17.135140657424927,0.6770149678616377,-0.1390014322446863,8,23.69173191487789,0.5786276935830379,0.2021854786862687,8,1.408186255954206,0.064063009265621,0.0151724002764983,8,6.429739678278565,0.6827819523686152,0.1803241405327529,8,0.0592015677193557,0.0171823633524785,0.0020963030289464,8,5.350805854424834,0.642521952225403,0.1929783024795433,8,0.3178684170125052,0.0500666785870491,0.0138910144958996,8,0.1641952887293882,0.030428162008905,0.0084621928634233,8,0.80114153213799,0.0609491140938768,0.0174743560026144,8,2.6973563777282834,0.1726821831864486,0.0498545004841862,8,2.8165547605603933,0.5224193786570109,-0.1180269289484873,8,22.4972156137228,0.3619176042873552,0.1320586860053307,8,18.745216120267287,4.612325556589349,1.135185106643558,8,5.194629235615229,3.7854077253218894,0.9059093516924842,9.0,42.0,0.6325043994889525,0.460095238095238,0.0612836503022261,D06,0.6971999999999999,0.5194444444444445,0.0783180745180745
UKFS_032,UKFS,10.990843676030636,1.1685791146365418,-0.4031027007507733,8,17.886489391326904,0.2702191776118602,0.0770828536614734,8,1.6052448833361268,0.0654185416444361,0.0218952003463049,8,5.425870310515165,0.1495909755899246,0.031177856803193,8,0.1369079069700091,0.0305566732136877,-0.0056737442787599,8,4.215381958521903,0.6082634597576216,0.2038111985520627,8,0.4155888399109244,0.1029891534419754,0.0363017199462118,8,0.2266045705182477,0.0600283716180334,0.0209924736833329,8,0.8455042950809002,0.0547081437052373,0.0158702634955153,8,2.4410949740558863,0.0966293156123765,0.0182198771056087,8,1.6969146225601437,0.1690875985440659,-0.0576026226115051,8,16.422896824777126,0.1083947489909658,-0.0017355714633953,8,46.64546559378505,6.785559984007901,2.394354096580104,8,3.72177338644887,2.718528995756719,0.936008392341988,8.0,62.0,0.7779388060951498,0.4738571428571428,0.0588117390005934,D06,0.8101333333333335,0.6406444444444443,0.0707563029563029
UKFS_043,UKFS,14.666997507214546,0.6166425020135802,-0.1495487793742168,8,21.821523770689964,0.7282766792457633,0.2461779606063817,8,1.4439427135512233,0.0527852791028169,0.0095688878319314,8,5.954588636755943,0.4678731321015961,0.1033905445896583,8,0.0586421035218335,0.0203062647337809,-0.0051167585669955,8,5.076623922213912,0.7216933217045703,0.2262340574950338,8,0.3579275936353951,0.0643678894420824,0.019399574058102,8,0.1887886695913039,0.0376804502210767,0.011513970213924,8,0.8397483113221824,0.0497096396227038,0.0156014033231378,8,2.6837065387517214,0.1321692981009597,0.0403289858512795,8,2.395262642763555,0.2825326752969874,-0.0054079580363939,8,20.278592854738235,0.4513183457085293,0.1592471842553139,8,23.39417276903987,4.628351315259195,1.2142981442042955,8,8.335388382247178,6.6,0.916083916083916,11.0,33.0,0.6370408688288348,0.3874531024531024,0.1098145854833161,D06,0.7234666666666666,0.5708492063492063,0.0693486587486587
UKFS_044,UKFS,15.877233885228634,0.443161601478803,-0.0948699838036894,8,22.46747699379921,0.3561591871906899,0.1049031406451147,8,1.432829299941659,0.0329904477453728,0.0014866595878214,8,6.134384706616402,0.3000608361102653,0.0149654937144792,8,0.0906868195452261,0.015703002943811,-0.0022174047574108,8,4.519964039325714,0.2686064341585772,0.0676226474170703,8,0.2904428298352286,0.0238794755963945,0.0057427614211496,8,0.1518269585794768,0.0149475347174776,0.003856758212358,8,0.8134914045222104,0.0427200649965764,0.0123290072912996,8,2.67071964032948,0.1509905960774354,0.0436836501658569,8,2.347001484595239,0.2233089068969113,0.0017929718594394,8,20.91869868338108,0.1620220370296516,0.0205037976019966,8,21.10863504186273,2.147151129610014,0.2145974892339718,8,6.303016906306473,5.351851851851851,0.9751131221719456,8.0,34.0,0.6427033886257663,0.4214761904761904,0.061147824311911,D06,0.7242666666666666,0.6007714285714286,0.0490273504273504
UKFS_045,UKFS,12.85213229432702,0.6328715589350966,-0.1721596828564848,8,19.08146072924137,0.3700872264720729,0.1263570210989349,8,1.4749467708170414,0.0376426535700625,0.0106873921654524,8,5.380951212719083,0.1753325984947001,0.0476460011711506,8,0.0920674614462768,0.0072239613407018,-0.0011552683003109,8,4.232319085858762,0.402498910037366,0.1269785009973053,8,0.3406557181151584,0.0491421000347994,0.015274817541225,8,0.1816566039342433,0.0300607943863505,0.0092386879667539,8,0.8308874485082924,0.0525394357601918,0.0148849029275886,8,2.563156021758914,0.1141472010664368,0.0306216465376472,8,2.2065373715013266,0.1528496846207631,-0.0418044874432708,8,17.693888008594513,0.1270460054059663,0.023344588634064,8,31.660507891327143,4.389228484192595,1.3207042309001784,8,8.697851897515372,7.581453634085215,0.964935064935065,11.0,55.0,0.6010497676992691,0.2923246753246753,0.1333730404442478,D06,0.7016000000000001,0.5167492063492064,0.0801694601694601
UKFS_046,UKFS,16.133475482463837,0.6073462352826264,-0.1125042281586051,8,22.352818191051483,0.4385891801607538,0.1477087257773975,8,1.4104459816589952,0.043997093187656,0.0070517154414431,8,6.113557066768408,0.3903656875200737,0.0734047266454923,8,0.0644556770348571,0.0122232196030789,-0.0008194668354682,8,4.947969872504473,0.470875942689331,0.1294089417169001,8,0.309924156521447,0.0406544071019437,0.0101478964806136,8,0.1588192358613013,0.025758847727972,0.0065543428854321,8,0.8071465943939984,0.0512534663171245,0.0143118457129165,8,2.72891946695745,0.1326888613829074,0.0382787010408994,8,2.532604838721454,0.2604767768463346,-0.0311402290774743,8,21.07101222872734,0.2503917617020033,0.0881627638628515,8,19.23693051561713,3.315381712153717,0.4915424035485948,8,5.505245182615094,5.112676056338028,1.0,6.0,33.0,0.59302744436124,0.3693333333333333,0.1094995004995004,D06,0.6781333333333333,0.5148444444444443,0.0589589965589965
UKFS_047,UKFS,13.301685623824596,0.485580311359558,-0.0746721888550225,8,18.69632402807474,0.4668762608487372,0.1412652856225393,8,1.3992988895624876,0.0399660690310226,0.0031373323338805,8,4.9399564899504185,0.3060127260171033,0.0291950250254054,8,0.0649801799518172,0.0106742428723967,-0.0023187638927525,8,3.8711223248392335,0.4259088795235811,0.0939717691731783,8,0.2940286444500088,0.0432869598330967,0.008356930865983,8,0.1546126236207782,0.0259441812727394,0.0051880475220658,8,0.822079052682966,0.0470170086787503,0.0118536911430246,8,2.5558967143297195,0.1271490706763541,0.0347202418969167,8,2.556696582585573,0.2649478194308141,-0.0047273742798281,8,17.562153555452824,0.208858594446278,0.0684981160103136,8,24.228122226893905,3.564918527868365,0.4083850984866626,8,6.704474521442862,5.724458204334366,0.9313226744186046,9.0,43.0,0.6387475913225689,0.2688253968253968,0.0888589119858469,D06,0.7062666666666665,0.5109904761904761,0.070441329041329
UKFS_048,UKFS,14.018612541258335,0.6472528593950344,-0.1489685663751622,8,21.255244702100757,0.3774147687932619,0.0938940083651559,8,1.4228934282436967,0.0514725637837063,0.0110491172681434,8,5.474519404582679,0.3852429756311995,0.0809503577791919,8,0.0703996343418111,0.0163461563209255,0.002642926834013,8,4.403086174279451,0.3626379803664125,0.0693090142338107,8,0.3171923297923058,0.0383317671666614,0.0081341666645997,8,0.1715352027094922,0.0241479551632588,0.0053194565668841,8,0.8419719263911247,0.05761445647552,0.0153548380245313,8,2.644130119122565,0.1715773828320339,0.0496125908572441,8,2.511760043911636,0.3053644344231891,-0.0644755270608904,8,19.53236187249422,0.2330927651322017,-0.0031153005399512,8,24.47383395582437,5.406186985558952,1.1992704965758645,8,5.828898789193659,4.6226415094339615,0.9444897959183672,8.0,35.0,0.6492253009370114,0.4270952380952381,0.0592231408082801,D06,0.7248000000000002,0.5530253968253968,0.0569679061679061
UKFS_049,UKFS,14.71660663932562,0.6828561056625508,-0.1548538406689928,8,21.80251996219158,0.384990960476311,0.122787142255499,8,1.411126958206296,0.0511774356425928,0.005339408787699,8,5.584180539473891,0.4061648430907302,0.0383129179034777,8,0.0550944318811161,0.0143714185609163,-0.0002762130254167,8,4.698057955130935,0.3746010661648987,0.0624162559486491,8,0.3280884340638295,0.0397571547782435,0.0064762243012364,8,0.1763727343059145,0.0245608986655355,0.004518199877145,8,0.8474162146449089,0.0476458308669982,0.0128167498769774,8,2.733629709109664,0.1236811032734552,0.0339624556196704,8,2.629366255365312,0.3237929703764307,-0.0161338432231277,8,20.21045719087124,0.093171799115475,-0.0238470578143043,8,22.839330948889256,4.388740937400901,0.6735730235743679,8,4.563402095059844,3.699537750385208,0.9600166597251144,7.0,49.0,0.6454634396713458,0.3716190476190475,0.0728093083387201,D06,0.6869333333333333,0.5269777777777775,0.0771767269767269
UKFS_050,UKFS,9.939267300069332,1.5425363855874143,-0.5457355688837913,8,16.37600875645876,0.5284265394568872,0.1222028267864453,8,1.5734412595629692,0.1001286410668959,0.0357266513911514,8,4.8903822880238295,0.2175747010535419,0.0294239571329912,8,0.1056584586040116,0.0187953663188539,-0.0012635167405371,8,3.9769741017371416,0.641643937576882,0.1922812769683745,8,0.4297109681647271,0.1278516673504305,0.0448058764005332,8,0.2344033035915344,0.0792250494132215,0.0275637089707846,8,0.847644267603755,0.093359971840349,0.0285829961489709,8,2.32743520103395,0.1643646787518445,0.0318736758897755,8,1.804760846775025,0.2094549257002836,-0.0693577623623551,8,14.950086243450642,0.3046818366709285,-0.0011068978633552,8,46.87349906563759,14.48172960453577,5.15421196508282,8,2.564625356347633,1.893499308437068,0.9474068663257852,5.0,37.0,0.8487392519448145,0.584,0.0958867798867798,D06,0.8745333333333335,0.7285777777777779,0.0726911014911015
UKFS_051,UKFS,8.662584697827697,0.5681728269083253,0.1198844956174732,8,14.463077418506144,0.8946426394919691,0.3198611304764938,8,1.4149532159790397,0.0527525709921515,0.0044010733185049,8,3.136786310002208,0.3910766674728813,0.0995570593009311,8,0.0784621702296134,0.0250812525123812,0.0005985394177931,8,2.442053258419037,0.2577843910244358,0.0667829150353755,8,0.2941787779564038,0.038555005583371,0.0025289459786755,8,0.1643968853168189,0.0230217832473565,0.0016292321343457,8,0.8185567557811737,0.0375428356945143,0.0076767213784962,8,2.1106095667928457,0.1881439817883702,0.0626344131246468,8,2.6830540848895907,0.4795925573535558,-0.0736357293342851,8,12.341715186834335,0.5179030096965164,0.1754176500243432,8,64.36164544522762,5.003185099572405,-0.8743486973889912,8,2.718333324388289,1.8036890645586297,0.9601866440431462,8.0,74.0,0.8867119711006155,0.5038571428571429,0.0537532594684297,D06,0.9289333333333332,0.8121777777777779,0.0498280312280312
UKFS_052,UKFS,15.121632046997547,1.454685257072729,-0.4986606473122711,8,22.29757815599441,0.42514460470152,0.1222904907923072,8,1.500132853165269,0.0683803208195051,0.0215801173018286,8,6.664659086614847,0.3772138372315323,0.0752282143271883,8,0.0822152694890973,0.0163502283800913,-0.0037359319710826,8,5.5153093207627535,0.8678697856799081,0.2779281734471022,8,0.3834378276951611,0.0944920597392019,0.0322398289547719,8,0.2026158983353525,0.0597701750762003,0.0204969692991093,8,0.8332127286121249,0.0811118209355417,0.025880616609077,8,2.711529958061874,0.1712563656624456,0.0511380466148069,8,2.111594032496214,0.1967744686307825,-0.0446003834279974,8,21.000342205166817,0.1054723357463216,0.0175248966601768,8,26.572281304746863,6.32098150700418,2.129078664154422,8,7.25240047977867,5.688888888888889,0.9136757425742574,10.0,32.0,0.5967607509797067,0.2307142857142857,0.1179727259324782,D06,0.6877333333333333,0.5094952380952381,0.0674349798349798
UKFS_053,UKFS,12.142052471637726,0.7732722971390741,-0.2280894884890923,8,19.09085170179605,0.7545346928861413,0.1033768407098865,8,1.4855403518304229,0.0488778462597123,0.0115567867005446,8,5.309101119637489,0.2666214008165312,0.0622773846243587,8,0.0798940607346594,0.0169103942079406,-0.0044827057827746,8,4.382781287655234,0.5446315035588859,0.1710915596811584,8,0.3716356136137619,0.0675024010936407,0.0210732341291188,8,0.202238812635187,0.0403207163398186,0.0126164950709191,8,0.8621553923003376,0.0520906333152615,0.0157126316013727,8,2.5908710584044456,0.0900339485182786,0.0248284308267492,8,2.147926985286176,0.2039109616471045,-0.0371982604739764,8,17.329176545143127,0.2175187588334585,0.0644179210541375,8,33.84528981521726,5.320205173469783,1.5347273924926776,8,6.213991500099543,4.964102564102564,0.9328591256072172,9.0,44.0,0.6712997735232011,0.4038730158730159,0.0705301980441299,D06,0.7428000000000001,0.5891174603174605,0.0547669441669441
UKFS_054,UKFS,13.632790617644789,0.4705644460359838,-0.0174816420376883,8,20.3525285422802,0.5090573206310735,0.1678044239173758,8,1.4162811925634742,0.0403688019768489,0.0047207480877825,8,5.142926746979356,0.3716301692920356,0.0793446719076954,8,0.0731295042060082,0.0122770434992185,-0.0004430862221245,8,4.079531038179994,0.3585184871545762,0.0769160704058412,8,0.3039011870278045,0.0338620515211229,0.0055738931102576,8,0.1651831698254681,0.019921402222797,0.0034321490170989,8,0.8414265024475753,0.0439930928646066,0.0108452901766171,8,2.624362487345934,0.138719694060292,0.040318566079856,8,2.567578283138573,0.2740120346972181,-0.0319953735941531,8,18.583923786878582,0.2564272285877267,0.0867221061844228,8,24.38251960463822,3.683352080145537,0.453936077511958,8,7.027934114443143,6.088050314465409,0.9555785123966942,9.0,44.0,0.6441255935436463,0.3895873015873015,0.0709923829180795,D06,0.7243999999999999,0.5858063492063492,0.0488685536685536
UKFS_055,UKFS,9.462400957942007,0.420284922713682,-0.0895642188956954,8,17.28105067461729,0.6275420821965418,0.1868679830982365,8,1.5400230968371034,0.0442696631674215,0.0097169939531381,8,4.600193589925766,0.2082279059512966,0.0602386486251872,8,0.0772488124566734,0.0119439571631246,-0.0024485393854168,8,4.053816255182028,0.3570974617516778,0.1131139750060455,8,0.441999074886553,0.0508734835085408,0.0145672305512792,8,0.2480348059325478,0.0308895877338128,0.0088739321733208,8,0.8979241601191461,0.0277993964694376,0.0077947616308228,8,2.417632953263819,0.0809362829567486,0.0188699926698532,8,1.9852146795019507,0.1639114712018662,-0.0024223073431116,8,15.17277005687356,0.3116112312781849,0.0921705589805673,8,55.642990812659264,3.018772528571777,0.5451495477854003,8,7.084907140951785,6.024793388429754,0.9266182069920388,10.0,54.0,0.6300051382528838,0.3823650793650793,0.0908940979900732,D06,0.7034666666666666,0.5449079365079365,0.0679574943574943
UKFS_056,UKFS,15.066271923482418,0.6943646016825281,-0.2152992900769334,8,22.413762986660004,0.4381128204636139,0.1194485818251397,8,1.4575563995167613,0.0403830388409967,0.0064939960774086,8,6.043680474162102,0.3151152832189147,0.0331504377842948,8,0.0788130006367281,0.0136597334833226,-0.0018104220021366,8,4.92192536406219,0.3718489240190496,0.0952760848966084,8,0.3418626730563119,0.0387272595739922,0.0108826060476856,8,0.1852160107519011,0.0222247611131026,0.0063879885794809,8,0.8381399451754987,0.0466381300368158,0.0137562481824879,8,2.6612315867096186,0.1583328981247756,0.0443840304314434,8,2.4998033167794347,0.2746852015270558,-0.0372165153455577,8,21.036041483283043,0.0758083744819757,0.0007321138543955,8,25.08589081838727,3.4643495886225635,0.8977555442134408,8,4.252691999299633,3.846153846153847,0.9547619047619048,5.0,20.0,0.7197942064585038,0.4319999999999999,0.1473000333000333,D06,0.7611999999999999,0.6049111111111112,0.0642328782328782
UKFS_057,UKFS,8.311318065971136,0.5544055936975821,-0.1481349256261309,8,14.066635824739931,0.3824775298960989,0.1057294529967488,8,1.4745647246018052,0.0461948381760104,0.0119939125172646,8,3.526374760083854,0.1428408729961165,0.0273751585315235,8,0.0921494698741298,0.0084211607110403,0.0014323447665991,8,2.792574670165777,0.2061416321681004,0.0428340646997869,8,0.3408190631307661,0.0470801794896009,0.0114800556465946,8,0.1915633500320837,0.0292386455939239,0.0072336076262488,8,0.8581448900513351,0.0431477559453471,0.0114621313055476,8,2.2146416399627924,0.0786328090774967,0.0227586969005571,8,2.302131562493741,0.2191191487489756,-0.0596917423631216,8,12.325063556432724,0.1287348053774271,-0.0136207557281331,8,71.79775300621986,5.0865604086627885,1.4848599165613838,8,5.070262112999788,3.683522231909328,0.985081585081585,8.0,65.0,0.812584502601695,0.6211904761904762,0.0407716803320518,D06,0.8436,0.7085365079365079,0.0489132201132201
UKFS_058,UKFS,11.709537282586098,0.4167656891510443,-0.0667846903932515,8,17.819534927606583,0.5604219151070702,0.1848776978292253,8,1.4187151547521353,0.0506883990390925,0.0123618381481507,8,4.554510524496436,0.3885958677565542,0.1089794350720709,8,0.0635975940076604,0.0112900477407944,0.0019706238395542,8,3.710445633158088,0.3845332614938606,0.1113457303581162,8,0.3203389501431957,0.0429466878605537,0.0110492926435005,8,0.174030762980692,0.0256722334499448,0.0066686252748981,8,0.8568757958710194,0.0401756178491098,0.0109723641234591,8,2.530163529329002,0.1004554181181436,0.031216038434494,8,2.4780328795313835,0.2901640597071316,-0.0612692901283272,8,16.312709197402,0.2360144387057655,0.082717379946617,8,32.67595207877457,4.6004002251877365,0.9091265786541296,8,8.627061791586957,7.07843137254902,0.9525032092426188,11.0,38.0,0.5651008172476452,0.2311659451659451,0.1441308172391763,D06,0.6741333333333333,0.4814650793650793,0.0935631553631553
UKFS_059,UKFS,15.974240113049746,0.7998677286252244,-0.1456106804358659,8,22.8265423476696,0.550598057439363,0.178149692571843,8,1.4227893659844997,0.0770403811922382,0.0144636969056348,8,5.999149259179831,0.780050338974701,0.1805308520034582,8,0.0536923849713275,0.0186755608366852,0.0012050467039422,8,5.099591907113791,0.7169720918742631,0.1804017316383901,8,0.3432254190556705,0.0618659530487498,0.0138180848060771,8,0.1773699443438089,0.037184504389719,0.00859989351326,8,0.7985337141435593,0.0678337930912306,0.0191282919882896,8,2.6474897051230077,0.1804278017051732,0.0508570005591228,8,2.569266824517399,0.3999440045779284,-0.0605583823268213,8,21.348407216370106,0.2750508230463819,0.0872278467864748,8,21.29927418846637,6.033923631210589,1.4030034082235274,8,4.30573297529266,3.389830508474577,0.976219512195122,6.0,40.0,0.6756035875773763,0.3373333333333332,0.1004785410667763,D06,0.7402666666666666,0.5389555555555556,0.0679054797054797
UKFS_060,UKFS,11.804953768849373,0.6707314014368632,-0.2160968747614719,8,18.833765417337418,0.28392668832396,0.0257054706541112,8,1.4520686361938715,0.0609703742791831,0.0183701587647129,8,4.808474404737353,0.3799714116795029,0.1016978060553748,8,0.0693036850425414,0.0096340714802422,0.0027039100291431,8,3.994148568250239,0.463398419497496,0.1250370076665665,8,0.3522394229657948,0.0580942252280616,0.0172309004909287,8,0.1947169475024565,0.0339505865182192,0.0101289177281805,8,0.8676200690679252,0.0480244584311451,0.014660193843889,8,2.580451313406229,0.0938108727517465,0.0245329757278377,8,2.443781527690589,0.3648996994488425,-0.1042377501567929,8,17.007487796247005,0.1100704454705457,-0.030072615784444,8,35.51929395645857,5.341995978721402,1.7184653701042394,8,6.915874313165586,6.308755760368663,0.9743954480796586,8.0,37.0,0.607816684736485,0.3203809523809524,0.0715663404363094,D06,0.6957333333333333,0.508393650793651,0.0675291227291227
YELL_001,YELL,0.5948191931785701,0.0281333337076908,0.0066794258329292,4,0.4841489164779584,0.1522851704305577,0.0430157898198837,6,1.9917962203423183,0.1240777000117098,0.0432196448436717,6,0.0329720948163109,0.027297045299539,0.009652970749193,6,0.9921376649290324,0.0070881059205205,-0.0026566833792403,6,0.0587316663371846,0.013984132216259,0.0021887002736104,4,0.095587991087062,0.0200822746639297,0.0026479346414887,4,0.0551976188847459,0.0129701146035696,0.0014703655793772,4,,,,0,,,,0,,,,0,0.6750336419452321,0.0419004384382127,0.0093776602428266,4,100.0,0.0,-2.8416941490231937e-15,6,,,,,,,,,D12,,,
YELL_002,YELL,0.6010712294378779,0.0367689622432564,0.0091992613015926,5,0.6202607679491242,0.1517914628375297,0.0516375369485857,6,1.8444167350729304,0.0730864680711598,0.0245320723530172,6,0.0651092204304101,0.0525331971011999,0.0198571867210346,6,0.9760097408046324,0.0256894271631166,-0.0094319249917724,6,0.0735750812297301,0.0181901629296585,0.0034561534586403,5,0.1153649459689029,0.0198162685310455,0.0026933542807229,5,0.0662298475496893,0.0129015649747998,0.0004579916367708,5,0.596295177936554,0.2636205306592949,-0.0815342941454383,3,,,,0,,,,0,0.7119997002517348,0.0687241626646883,0.0211095547793041,5,100.0,0.0,-2.8416941490231937e-15,6,,,,,,,,,D12,,,
YELL_003,YELL,1.968810177792604,1.4240820173338624,-0.30810977238102,6,0.7762705232016742,0.1671305738323728,0.0535821362875291,6,1.9687546131511529,0.0685276859239847,0.0219469455084134,6,0.1183671111163372,0.036247468158245,0.0137857212083465,6,0.9826424519220988,0.0119855377631738,-0.0041526077252823,6,0.3756068046287843,0.2700325590074767,-0.0480124995021817,6,0.1384257702029902,0.0448770667886219,-0.0001782116408056,6,0.0753943528913381,0.0226124426899487,0.0004452741170715,6,0.6695209046204885,0.114451435405865,0.0199338525676223,6,0.9272537132104238,0.2470870472877644,0.0579422549767832,6,0.161483568449815,0.0627693738674287,0.0142819229067796,6,2.684502684748935,2.054019553854618,-0.4314418129211282,6,100.0,0.0,-2.8416941490231937e-15,6,,,,,,,,,D12,,,
YELL_004,YELL,0.7491337597015358,0.0404897642896909,0.005684436959554,6,0.5860137665489068,0.1936413275540707,0.0466091311358414,6,1.8805149582525091,0.0439954057889627,0.014650761617711,6,0.0741496607176182,0.0375623218324293,0.011372592023619,6,0.960848786868155,0.0203361312835179,-0.006712535877475,6,0.1587266980980833,0.0256535878555203,-0.0013348109044903,6,0.1958178333516808,0.0363156206642952,-0.0054774911112312,6,0.1142504289513453,0.0244202941666712,-0.0037603046951621,6,0.7040644668870503,0.1968929374302239,-0.0095487356280979,6,,,,0,0.0,0.0,0.0,3,0.993656652527196,0.0714773714408132,0.0080168387760314,6,100.0,0.0,-2.8416941490231937e-15,6,,,,,,,,,D12,,,
YELL_005,YELL,0.725997285048167,0.0415348033367132,0.0154103870597172,6,0.8776488183066249,0.2754810811705506,0.0905578021744247,6,1.957914484043916,0.0965655094838099,0.029368057775721,6,0.1085905800767553,0.0698756422652457,0.024756916145274,6,0.9715990566958984,0.0214793385299672,-0.0078248485530668,6,0.1719232619558978,0.0257630533172645,0.0094600667571716,6,0.2002376533993002,0.017621506749933,0.0007035656998521,6,0.1143013213554189,0.0119449128251363,0.0001955160618638,6,0.8454272821545601,0.0916034770325158,0.011543262446894,6,0.6888167262077332,,,1,0.0224774157007535,0.018721801535552,0.0044399760663523,3,0.9932609039048352,0.0977010619312327,0.0382703544776943,6,100.0,0.0,-2.8416941490231937e-15,6,,,,,,,,,D12,,,
YELL_006,YELL,8.50555215584219,1.2033348147781815,-0.3148557179849681,6,11.415635513762632,0.5500201902568164,0.0024322601632147,6,2.2064752156535783,0.0604206206180007,-0.0045287031591247,6,3.61887077051991,0.1046505787814944,0.0111575029850562,6,0.6347612178263565,0.0327131667484606,-0.0058672716841087,6,2.7533430308034017,0.1755562681493124,-0.0219153205661004,6,0.3119272119205036,0.0205145376466056,0.0052976452855712,6,0.1742415325236701,0.0099274419912468,0.0019972336677883,6,0.8141100909604337,0.0461931584899742,0.0090035921898199,6,2.149279977035041,0.1268541119968906,0.0254046850158089,6,0.7338535388332459,0.0658002273868288,0.0117040025062484,6,12.580416948219806,1.5773927854920244,-0.4122646412057332,6,82.38629333178203,1.5413431694112092,-0.4335072462638102,6,1.0,1.0,1.0,1.0,7.0,0.4840462554311524,0.16,0.1506666666666666,D12,,,
YELL_007,YELL,6.232693174624672,1.8981723875416756,-0.3875508770414463,6,8.339181220314154,0.6363559325728587,0.2512813067134727,6,2.528558171043793,0.0924098469798067,0.0176605847820144,6,1.913614394608885,0.1860996708160854,0.0467714987657319,6,0.7098143483744934,0.0290421871175848,-0.0075239706817893,6,1.96449455712804,0.201418925418069,0.0396667992097484,6,0.3485336349151718,0.0977515217987686,0.0172530422478415,6,0.1837693466731042,0.0461008060023696,0.0069021119621005,6,0.693401067958683,0.0525537283332699,-0.0017196228159847,6,1.7057272950808209,0.1889537281722391,0.0637437631638903,6,0.9859957117326276,0.1071640442413538,0.0072497368574051,6,9.069532603636766,1.7262686134707628,-0.3355859757023053,6,89.00474206606548,0.3729991142462036,-0.1212984523134388,6,1.0,1.0,1.0,1.0,17.0,0.4183529708232552,0.16,0.1506666666666666,D12,0.2375555555555555,0.1333333333333333,0.161037037037037
YELL_008,YELL,5.015959864884379,1.7303219227648574,-0.4055592648015507,6,5.995425954073046,0.3078505656786433,0.097514541737238,6,2.125315130998691,0.1429403463295632,0.0381877955280931,6,1.5331181120515491,0.065964924740698,0.0223778244843205,6,0.7413439818580324,0.0153613770650933,-0.0052120421565261,6,1.6907376949146895,0.5478653046384062,-0.1176793727342546,6,0.2771814785805501,0.0399087795626129,-0.0057238237346502,6,0.1531320807919467,0.0241049398758817,-0.0032051183592598,6,0.8003697492300518,0.0250207732813536,0.0087000853204865,6,2.005090796521732,0.1049513428577141,0.0199857001954869,6,1.2252130270048622,0.1708259472186945,-0.0083620225722943,6,7.873221912814511,2.6197433062959217,-0.5870504793645384,6,92.11779363950092,0.4668408008923367,-0.0803247958279019,6,,,,,,,,,D12,,,
YELL_009,YELL,11.828139290213583,0.2551199037114997,-0.0161171197605933,6,19.407410224278767,0.2000386254634767,0.0425272592517085,6,1.874039025356372,0.0994354442638326,0.0014875761843784,6,6.306115647157033,0.2128350224915471,0.0294258856887502,6,0.3568689716048538,0.0637410813964165,0.0002717766732569,6,4.040904385348161,0.1483135110590465,0.0304286509181831,6,0.3497524869938691,0.0173672108208283,0.0035676083139816,6,0.1955622922784338,0.0102154707823295,0.0020316698205201,6,0.8654134689519802,0.031959059096079,0.0059309344578286,6,2.547043806562821,0.1009988693317993,0.0190957317298059,6,1.0742114502936602,0.2007591222577996,-0.0151012721315581,6,17.734085361162823,0.2246273269072528,0.0278393435135961,6,57.09431014458338,3.5217340454930994,0.1316500605579383,6,1.4575692649810903,1.28,1.0,2.0,16.0,0.42358128571448,0.08,0.2213333333333333,D12,0.2486666666666667,0.0288888888888888,0.2304444444444445
YELL_010,YELL,0.6582914955450064,0.0244093848601111,-0.0039931562672818,6,0.6399834041949362,0.2122876120758179,0.0454939731093626,6,2.083828588326772,0.1072075677342009,0.0269976831509128,6,0.0806779626291244,0.0464152807733048,0.0137814487883149,6,0.9729274262984594,0.0186047711113532,-0.0063689134694165,6,0.1032527186731569,0.0159622267873758,-0.002992430560465,6,0.1507527802897996,0.0193096826998229,-0.0028433931889541,6,0.0883231043539285,0.0131163208596156,-0.0024391314535029,6,0.5912810151775678,0.1283172022755871,-0.0406383977497012,5,,,,0,,,,0,0.8032241911605748,0.04044455538438,-0.0004906617168352,6,100.0,0.0,-2.8416941490231937e-15,6,,,,,,,,,D12,,,
YELL_011,YELL,0.5862621850581158,0.0378042180837314,0.0116031277606806,5,0.4879672791187961,0.1675858321164963,0.0506290756878887,6,1.8980143902202449,0.0823925326609017,0.0181280252964833,6,0.0334524115120681,0.0270736419345623,0.0098080547503075,6,0.9913951686273018,0.0067392487853788,-0.0022098391927314,6,0.0502636750128122,0.011555417245796,0.0026558338058906,5,0.0847557698826978,0.0151933153471642,0.0027820936838978,5,0.0484485549999439,0.0094932071356916,0.0015369881330815,5,,,,0,,,,0,,,,0,0.6561801947760971,0.0477053394900164,0.0138657586534,5,100.0,0.0,-2.8416941490231937e-15,6,,,,,,,,,D12,,,
YELL_012,YELL,11.217725237210592,0.4525514522655732,-0.126189414964318,6,18.218752046426136,0.1978725339275998,0.0482439219095959,6,1.8541307697693508,0.1370432242483751,-0.0094210618135406,6,5.91382622718811,0.2816492321779287,-0.0238196732895111,6,0.3440311998128891,0.0915518163580473,-0.0081998113649703,6,3.754570220907529,0.1498435839169236,0.0441951312516815,6,0.3388900112671156,0.0287556125922988,0.0087803825424107,6,0.189886616077274,0.0169280352588164,0.0051875636026113,6,0.8871485957254966,0.024670910301968,0.0063201003489586,6,2.577803209424019,0.0757836816961371,0.0151631739436119,6,1.110256449940304,0.2714466258585101,0.0083152455273182,6,16.49476632475853,0.1210792255123262,-0.0194618870196687,6,56.95389284690221,4.709185548239409,0.1340706799020216,6,1.239315430729068,1.1172413793103448,0.9502923976608189,2.0,18.0,0.4137055042904915,0.08,0.2213333333333333,D12,0.2368888888888889,0.0722222222222222,0.2016296296296297
YELL_013,YELL,0.5904514230787754,0.0334147495914206,0.0093420021809055,4,0.3907140649001424,0.1705383311162424,0.0478628269345409,6,1.984668085972468,0.1086922663171001,0.0384309281144949,6,0.0292619355604983,0.0283298687069417,0.0094003467725881,6,0.9920968674123288,0.0098627567878061,-0.0033554049770224,6,0.0636577642580959,0.0187744096121043,0.004656199262871,4,0.1043765928135888,0.0249694425040355,0.0061086839703199,4,0.0603485285325652,0.0149149939416308,0.0027648871980273,4,0.3227569460868835,,,1,,,,0,,,,0,0.6792756440964612,0.0654976000695525,0.0193084546110829,4,100.0,0.0,-2.8416941490231937e-15,6,,,,,,,,,D12,,,
YELL_014,YELL,0.5796930818740047,0.0164993884764946,0.0041403215610496,4,0.5600455884511272,0.1549314508230249,0.0515429041566679,6,1.8259122297167776,0.0288584601534272,0.0101418912981105,6,0.0464905253029428,0.0445361098369454,0.0166156470422443,6,0.982288214067618,0.0230287581746171,-0.0081998918330263,6,0.065963241770171,0.0138658429970801,0.0011227868186929,4,0.1093542717349026,0.0221809214528742,0.0010010930897168,4,0.0606974983002479,0.0120855992504074,0.0002757447512458,4,0.4235900659114122,0.2983380537480116,,2,,,,0,,,,0,0.6809597551113082,0.0456426517688548,0.0128242658935609,4,100.0,0.0,-2.8416941490231937e-15,6,,,,,,,,,D12,,,
YELL_015,YELL,0.8574322254234362,0.2520278386927015,-0.0481124781496417,6,0.7146592085870603,0.2322322511468955,0.0685761722303713,6,2.0505924597382545,0.0852126719275432,0.0300378570573715,6,0.1035161353453683,0.0581974434857807,0.0199002741750206,6,0.965884874885281,0.0242569888510617,-0.0086226847789209,6,0.1801465988087113,0.0860214488584966,-0.0141513776957931,6,0.1893703192897465,0.048377508776692,-0.0034834345625792,6,0.1072023015705838,0.0288900824898169,-0.0018725784564007,6,0.8106420569949679,0.0914312099252627,-0.0027297137266549,6,,,,0,,,,0,1.0879239364571516,0.3220013048209343,-0.0555715060888859,6,100.0,0.0,-2.8416941490231937e-15,6,,,,,,,,,D12,,,
YELL_016,YELL,0.5918791443109512,0.0308699472037713,0.0081996550926787,4,0.3140608146398638,0.1073337084325743,0.0107769487864576,6,1.9821555515130365,0.1249681865065385,0.043782313617219,6,0.0088682348335472,0.0076126246812535,0.0016523906309376,6,0.9981819571306308,0.0014967902015299,-0.000391621962546,6,0.0689135962165891,0.0243136733206266,0.0072780976262986,4,0.1130236353104312,0.0350209506332068,0.0111830325749428,4,0.0680976600075761,0.0256081992340113,0.0074042302484688,4,,,,0,,,,0,,,,0,0.6797835355003674,0.0468659341935703,0.0166870626883611,4,100.0,0.0,-2.8416941490231937e-15,6,,,,,,,,,D12,,,
YELL_018,YELL,0.6150214821100235,0.0016974359750747,,2,0.1555678675261636,0.0341152084703456,0.0013192290012403,6,1.8508730654915173,0.0326027200773254,0.0119099231285328,6,0.0030979039147496,0.0050443962052177,0.0002659044215124,6,0.9991842669745288,0.0014104427626885,-0.0001080785142747,6,0.1069251494482159,0.0101501094177364,,2,0.1706261374056339,0.0128383673727512,,2,0.0910566160455345,0.0058938795700669,,2,0.362051248550415,,,1,,,,0,,,,0,0.8341416865587234,0.0545687824487686,,2,100.0,0.0,-2.8416941490231937e-15,6,,,,,,,,,D12,,,
YELL_020,YELL,3.8817135828236737,0.312946178760706,0.0788471768275976,6,7.039867800970872,0.7083889360413814,0.2683003039308411,6,2.2564048742254577,0.1927042253192832,-0.0584183424425934,6,1.9615885621557636,0.1629977656919766,0.0648436305518594,6,0.5180185753852129,0.0849785824048251,-0.0266629939800769,6,1.265131614481409,0.2121644602645819,0.0721475639019477,6,0.3322216446201007,0.0605920758619504,0.0108875587814279,6,0.188044416019693,0.0363487250326515,0.0065604437378768,6,0.8001674357801676,0.0626478690445486,0.0136682268356852,6,1.322838336436285,0.1467319047436926,0.052783905705238,6,0.651144503596394,0.1451660169640732,0.0532896700498918,6,5.969248212873936,0.4732042647212291,0.1955382567986196,6,99.9973308245341,0.0042305165081599,0.0005115709806738,6,1.0,1.0,1.0,1.0,40.0,0.9409174300628572,0.6,0.1239999999999999,D12,0.8546666666666667,0.5488888888888889,0.1484444444444444
YELL_021,YELL,13.525215988357862,0.2982290335368583,-0.0771739261857516,6,23.58182046810786,0.3684597808497948,0.1105451327191416,6,1.709594755123059,0.0818487545615657,-0.0216235810418408,6,7.022540559371312,0.2939363955472417,-0.0794705511850474,6,0.2350578298792243,0.0686040061343693,-0.0190034166210114,6,4.920740773280461,0.2176748150012624,0.0715581733359003,6,0.3808916021759311,0.0260562546916176,0.0080167033919011,6,0.2139856062519053,0.0142528848111194,0.0044050173673541,6,0.8995759865889946,0.0171183050898395,0.0044842123022766,6,2.8109632954001427,0.0661005246319833,0.0197372020859433,6,1.4259627995391686,0.2239021801345894,0.0608743007459601,6,20.89952158927917,0.1179096412450577,-0.0036895868310513,6,41.29566961526871,4.083620749353116,-1.1350747654880833,6,3.4154537440980675,3.176470588235294,0.9502923976608189,4.0,18.0,0.6244611403751397,0.0933333333333333,0.4571428571428571,D12,0.5935555555555555,0.0322222222222222,0.4226560846560845
YELL_022,YELL,9.170605026185513,0.238236696203133,-0.048618910486607,6,19.64018612106641,0.3213501454064613,0.0512705719071585,6,2.033390066275994,0.0827571949991,-0.0270072968596439,6,5.861453235149384,0.0871932960577981,-0.0174270276532752,6,0.3276217787836988,0.059786429717371,-0.0173430803352181,6,5.147288396954536,0.1068631161644469,0.0061574270280318,6,0.607756230669717,0.0195921129612901,0.0026657099626129,6,0.3413633522577584,0.0115296458595956,0.0015682771703909,6,0.9014099203050135,0.0203356915341007,0.0055889765682964,6,2.588269703090191,0.0700574420463016,0.0144275665710957,6,0.927287713314096,0.1227002307591496,0.0332104580289671,6,17.249207213521004,0.1207177662259062,-0.0226439575544332,6,69.48646050691605,2.1980400344533293,-0.5938413034784938,6,1.0,1.0,1.0,1.0,12.0,0.4356416114834068,0.16,0.1506666666666666,D12,0.2375555555555555,0.1333333333333333,0.161037037037037
YELL_023,YELL,12.21194193015496,0.8748394381521853,-0.3557268344756765,6,21.969384355470535,0.5054649368163593,0.0138803395179593,6,2.304816166559855,0.1736304153909094,-0.0099640425169796,6,6.962267270234103,0.2306866789245266,-0.0658889717743242,6,0.481583344284445,0.0927964083356194,-0.0185793058893214,6,5.640606353874318,0.2302123330861327,0.0626825664212406,6,0.5343200722709298,0.0647706704240353,0.0248799566892466,6,0.2783484662844178,0.0302491277221603,0.0115942689183528,6,0.8238422410769596,0.0278759318563913,-0.0008680350888393,6,2.5129328462812635,0.1221029662594804,-0.0047589123344153,6,0.7254873406452438,0.1570540784749007,0.010807949421324,6,19.877062605693936,0.5038697886693636,-0.171383135466331,6,64.30680791536967,5.04554995727815,-0.0856496820037498,6,1.0,1.0,1.0,1.0,3.0,0.6482330193413205,0.16,0.1506666666666666,D12,,,
YELL_043,YELL,5.054347119728725,0.9766692161810788,-0.227467449344474,6,11.43605451968809,0.5573129374128495,0.1456252405170107,6,2.1526693664491177,0.1251557413464413,-0.0511900785080506,6,3.0036677286649742,0.4618722192591231,-0.1741518846414315,6,0.4496496923578282,0.108697968763314,-0.0364977545216269,6,3.226731621267067,1.036011066498334,-0.3641560588596035,6,0.5854079919867218,0.1125983032916388,-0.0429924365587536,6,0.2967962502915826,0.0564291220230152,-0.0217823157918754,6,0.7176975953910086,0.0287919769605716,0.0088995517203295,6,1.5740658679324335,0.1783237812196085,-0.0398484088901869,6,0.8967811889416124,0.2945260287305901,0.1179756474255174,6,10.794458809163835,2.128733460289905,-0.5924101166937334,6,89.6769738594691,4.945319043955372,1.9634005224874105,6,1.0,1.0,1.0,1.0,8.0,0.982436974789916,0.88,0.0466666666666666,D12,,,
YELL_044,YELL,5.318126386279861,0.3836118660152376,-0.0961083848688735,6,10.222351315276075,0.6071577310506537,-0.0256583888716682,6,2.446424884100755,0.2039172987805006,-0.0370479576182658,6,2.8291273528399565,0.1031280288668575,-0.0061103159240938,6,0.5551067828200758,0.054828226630058,-0.009393133267615,6,2.5226590532883413,0.0878359798836467,-0.0242188380354671,6,0.5011381223465182,0.0455239978805294,0.004654563809167,6,0.2743108507619047,0.0237319948224603,0.0030938513237144,6,0.7994107160128209,0.0750574328307519,0.0171991026935032,6,1.904463355596631,0.1327053364817398,0.0259231681845346,6,0.6266461517500247,0.0795465209183996,0.0103315872093285,6,9.3196416970165,0.3247266474037056,-0.1093730338279306,6,90.42893461386365,0.9505832449517791,0.0222287645750791,6,1.0,1.0,1.0,1.0,17.0,0.4183529708232552,0.16,0.1506666666666666,D12,0.2375555555555555,0.1333333333333333,0.161037037037037
YELL_045,YELL,8.005154059578976,0.1582978218161684,-0.0248486140484397,6,14.124847166861096,0.3284546971761312,0.0638838883614026,6,2.286239025493463,0.1108692284513694,0.0031143454701159,6,4.154593248075496,0.0504705085122508,0.0072055652193969,6,0.5084398697751263,0.0436282167172139,-0.0047722275114853,6,3.0326735113631003,0.1512162989681316,0.0456931352248781,6,0.4143404485463786,0.0404817125524198,0.0129689837524061,6,0.230880188581068,0.0220786248608837,0.0071023587047215,6,0.8331494068106015,0.0423919576863437,0.0077625021694936,6,2.1031270528005237,0.0583237674043243,0.0107457800226137,6,0.7611717176996334,0.0812177411359455,-0.0023068801654197,6,12.752787874390682,0.1818123982579366,0.0465874849110099,6,77.97288521130879,1.1192172493138837,-0.0929488610992688,6,1.0,1.0,1.0,1.0,17.0,0.4183529708232552,0.16,0.1506666666666666,D12,0.2375555555555555,0.1333333333333333,0.161037037037037
YELL_046,YELL,8.118184507457181,1.0896613958085677,-0.2793366502338956,6,12.21392372685174,0.90028024352789,-0.001876051060925,6,2.740680413941542,0.080263320446721,0.025050415519318,6,3.325834145420231,0.2007053210933915,-0.0186334838812251,6,0.7468061010974149,0.034458868030077,0.000195890633863,6,3.3520173930639223,0.3960148601459304,0.057504763826581,6,0.4366714831814624,0.1129480273763906,0.0311121163655616,6,0.2328320719968068,0.055325975052092,0.013853504637935,6,0.7714519505892996,0.0498681989750218,0.0043397634334415,6,2.0878009917383844,0.1052070572229248,0.0218715262528352,6,0.4509105213936606,0.0624970835433085,-0.0056623951182904,6,13.24076098891405,1.085534450339863,-0.1901610507073209,6,86.74250829219818,1.0408254078426478,0.0413832561821829,6,1.0,1.0,1.0,1.0,8.0,0.4709813182048477,0.16,0.1506666666666666,D12,,,
YELL_047,YELL,4.763611087037457,0.618926440242172,-0.1734562439163505,6,9.38474193805208,0.6311970905319162,-0.0108897464180675,6,2.381559470047553,0.0959684004466474,-0.0207924000455382,6,2.5091269677892947,0.099739545888092,-0.0008108234779417,6,0.6439741083110372,0.0818015188762468,-0.0156862610532153,6,2.2009101458910743,0.146272819014038,0.0134325698731624,6,0.484837198178244,0.0759534042999924,0.0148266556301617,6,0.2637236053234515,0.0450010243861332,0.0097695346092919,6,0.8023235013374151,0.0764000836357197,0.0155602110303662,6,1.77146493024522,0.1693974589717753,0.0307453271837079,6,0.4367768428579586,0.0727298546329409,-0.0102160830766933,6,8.409213539922975,0.3693295526900279,-0.1189057436714613,6,93.3635067542394,0.5395590493036366,-0.0137401847747947,6,1.0,1.0,1.0,1.0,12.0,0.9002200540027318,0.6,0.1239999999999999,D12,0.8546666666666667,0.5488888888888889,0.1484444444444444
YELL_048,YELL,8.439915973072251,0.5707848604045052,-0.1871447054642311,6,17.610983353108168,0.4168477131611521,-0.157990411601275,6,2.0878119642535844,0.1010535947365864,-0.0120867232671718,6,4.99492482173567,0.1152580056597855,-0.0322832833021913,6,0.3949863903690129,0.0556708875672093,0.0018916143590166,6,4.165643080292891,0.1127561124266921,-0.0252979431684578,6,0.5328165041282773,0.0431983925498249,0.0107383998511924,6,0.2962155084436138,0.0225880590950906,0.0053279775698353,6,0.8596864873543382,0.0281420948697963,0.0020428524401615,6,2.4289675860769218,0.1237800272235222,0.0256872518876278,6,0.8683187030333405,0.1203861181288534,-0.0147343758576132,6,14.841585772732891,0.4715486251330528,-0.1768225084223679,6,72.93970700105031,1.8878629874680368,0.404391734794027,6,1.1770645027988982,1.0798722044728437,0.9643874643874644,2.0,26.0,0.4967008268110606,0.08,0.2213333333333333,D12,0.2346666666666666,0.0988888888888888,0.1757037037037037
YELL_049,YELL,1.3171304656636147,0.4612769351875568,0.0469657709377534,6,1.3119066141080111,0.8073628408979515,0.161863646739565,6,2.139613352715969,0.1924461577087084,0.0616828558975333,6,0.1930895977032681,0.1319063084784792,0.0240130748546233,6,0.9464062269156178,0.0368358571247822,-0.0105707218790293,6,0.6717372800977457,0.5426557918633887,-0.0501898188228139,6,0.3990763750814256,0.1790663447547411,-0.0109939966618215,6,0.2078519424334877,0.0726453314334433,-0.0039225405926239,6,0.7471746024063656,0.1207228788841464,-0.0148226467363987,5,0.9601820078161027,0.5812820030792625,-0.1887029856443858,3,0.0815222114014128,0.0240710970065312,0.0077138474306608,4,2.578065937189829,1.727304841939047,-0.1376053459499724,6,99.94498944282532,0.0935960460745051,0.0192545407126367,6,,,,,,,,,D12,,,
YELL_050,YELL,6.843765669191877,0.2081974361846482,-0.0583635317830067,6,13.43947565058867,0.5267605500370294,0.0166095921938865,6,2.3015540478130183,0.0500868189150631,0.003772867888071,6,4.090472930499042,0.0758513524217929,0.0039225436510869,6,0.5614356702814499,0.0506402564525893,-0.0055262670366506,6,3.6364151068846695,0.1409151381314743,0.0329758331951591,6,0.5218151535373181,0.0638977163057418,0.015484928249259,6,0.28894532576669,0.0332772532499137,0.0072262302814174,6,0.8354428861385736,0.0397401491735802,0.0005585422515196,6,2.2649929265881705,0.1304506953979835,0.0398050937291941,6,0.5941125206346823,0.0615263296956727,-0.0113845239711409,6,12.425694768627483,0.2430162173475798,0.012972486539595,6,82.0375231107076,1.4203288677234376,-0.081946660456985,6,1.0,1.0,1.0,1.0,6.0,0.5089937232866294,0.16,0.1506666666666666,D12,,,
YELL_051,YELL,6.734214170829013,1.8140614415376943,-0.6109134385190166,6,5.113883461647977,0.1626119326495772,0.0128605605000613,6,2.055725066612164,0.0568598023497883,0.0165028062662438,6,1.45204012710019,0.0449406954770731,0.0012475434107534,6,0.8327500442198167,0.0160374322927162,0.0009650189549834,6,2.6384049290489338,0.4219069664362744,-0.1313169251374481,6,0.3314631511784952,0.0302505303292329,0.0025372426858348,6,0.1853101523610314,0.0164597435390663,0.000298692522137,6,0.8342411501540078,0.0667515729828238,0.003328140034817,6,2.367086386680603,0.270179254972394,0.050538244201793,6,0.9173248754193384,0.1804947170764612,-0.0605331930995777,6,10.90749853849411,2.437447161433911,-0.8206338241719182,6,91.43859604994456,1.20740341088463,0.2541508480691933,6,,,,,,,,,D12,,,
YELL_052,YELL,8.374612263590096,0.6574989871315786,-0.2270069515947246,6,16.253660567880917,0.5044735117227902,-0.1295830985959017,6,2.1367281104127565,0.0974405078750958,0.0267217602741195,6,4.684698914177716,0.1629603244511419,-0.0502892626476152,6,0.4173896719391147,0.0432561920399314,0.0030772654188176,6,3.8546624693191713,0.1407013599985311,-0.0280056007147037,6,0.4990658568839232,0.0367632308434854,0.0127555057691596,6,0.2763374185965707,0.0219000518592793,0.0072395790889669,6,0.8489406063738797,0.0385467741918372,0.0063554427923655,6,2.322040495607588,0.1240300480937419,0.0056338255104981,6,0.8845315786906415,0.1499790296314895,-0.0421557737386638,6,14.64315059433381,0.7983275048078362,-0.2489281300294732,6,72.60084815820058,2.7690174192533537,0.7928916426936881,6,1.5424913566151934,1.3580901856763925,1.0,2.0,32.0,0.5198908677332951,0.08,0.2213333333333333,D12,0.2686666666666666,0.0299999999999999,0.2273333333333333
YELL_053,YELL,4.954450757723959,1.4934320588930254,-0.4858940801402486,6,6.200830352803071,0.5245699686111691,-0.1912171075557134,6,2.227522949377696,0.0935590875089359,0.0156882674072368,6,1.670226503474017,0.1763574479912012,-0.0548888408850746,6,0.7679193583317101,0.0377262386307021,-0.0009838614443471,6,2.16807248775488,0.3690371232294422,-0.1352780685458907,6,0.3944058691020461,0.039145436856478,0.0004602623532444,6,0.2208325902145972,0.0217455750677988,3.450827707967468e-05,6,0.8081814001003901,0.0597316271495568,0.0019207608424102,6,2.1072975539025807,0.1324690569161475,0.0052338929837927,6,0.5152431947527768,0.0692252439569533,-0.0073876745669161,6,8.325711453068644,2.0016132165047225,-0.688242873974763,6,96.48591617743176,1.4369266803852436,0.3355986957915219,6,1.0,1.0,1.0,1.0,3.0,0.6482330193413205,0.16,0.1506666666666666,D12,,,
YELL_054,YELL,5.768367458217674,0.5977949323105117,-0.1740616339625492,6,13.4414132743453,0.6254350755260579,-0.1634358089845036,6,2.2274541904528937,0.10288861297042,-0.0021651797887794,6,3.63959715453287,0.1847780804166903,-0.0664713872177704,6,0.4507666206142555,0.0495905979530993,-0.0031265279647993,6,3.232580781117496,0.1098880538684169,-0.0411919405891809,6,0.5633461829999254,0.0492551804070414,0.0093798473224834,6,0.312659563402283,0.0277168446726579,0.0048827802497613,6,0.8521611665685972,0.0623970170407994,0.0130004887803294,6,2.0955962467761267,0.0690480452621709,0.0014926029327205,6,0.7130824101139007,0.0607544597615683,0.0038316966013335,6,11.454248339434466,0.5836091081214331,-0.2105204466284507,6,89.73912215232849,1.1821860912952993,0.4653464299069211,6,2.289636313324105,1.9766081871345027,1.0,3.0,26.0,0.463141057876525,0.0133333333333333,0.3878095238095238,D12,0.366,0.0222222222222222,0.321989417989418
YELL_055,YELL,7.681051231920719,0.1997378657700106,-0.0592325112323399,6,17.086857428153355,0.6263884655997576,-0.0485452655970306,6,2.029224596917629,0.0947359836027531,-0.0018175813997719,6,4.9034102683266,0.0936110676464378,-0.031609264643565,6,0.3384145668242126,0.0558724406648912,-0.0020840935627392,6,4.216267795612414,0.159201852180151,-0.0257902841605039,6,0.5916760396212339,0.0395986554914174,0.0051482785047524,6,0.3284169992742439,0.0200230800419834,0.0019644533359761,6,0.8808672993133465,0.0201609804654488,0.0021388771894721,6,2.4107059612870216,0.0728771326109755,0.0069327317356468,6,0.875634679881235,0.1431010096332481,-0.0006998154517484,6,14.492677996555964,0.3227844404472064,-0.0985238497907417,6,76.83106764157613,1.717901461962781,0.137271871977502,6,1.161828344820004,1.0713375796178342,0.967816091954023,2.0,29.0,0.5258592259751054,0.08,0.2213333333333333,D12,0.2328888888888889,0.0788888888888888,0.184
YELL_056,YELL,6.753449609213405,0.5880306618982726,-0.1758597031544384,6,11.877984472550452,0.6016671175627045,-0.152929702916283,6,2.1754134943087897,0.0970957368647731,-0.0161817085229558,6,3.490956604131497,0.1399087972856248,-0.0437594966653194,6,0.5111214269418269,0.0566745937953596,-0.009505559594488,6,2.6495095055653817,0.1241334548127114,-0.0353639644925635,6,0.4057509859196013,0.0506202192002746,0.0094652456428947,6,0.2258444966437915,0.0285480023144958,0.0049982011113214,6,0.8462728687251607,0.040992981116599,-0.0004485418812545,6,2.171933595235749,0.1333129030849792,0.0336454486411553,6,0.8170142296809716,0.1144293129730961,-0.0307996200076176,6,10.904100194656188,0.6837336264432863,-0.2516594937709625,6,82.03196883201599,0.7449160444435999,-0.0469218714955696,6,1.0,1.0,1.0,1.0,5.0,0.9066359397454192,0.6,0.1239999999999999,D12,,,
YELL_057,YELL,7.143492668287622,0.967399830144464,-0.2911325473367647,6,13.0478534513774,0.6351664455548635,0.1419081153018002,6,2.2259320318698883,0.0895665336263095,-0.0080135237942443,6,3.423465720998744,0.1017310903763879,-0.0225079021724085,6,0.5414364403113723,0.0690145991173592,-0.0184974077572055,6,2.9994058385025717,0.2289356032489923,-0.0703658027106446,6,0.4766834257920789,0.0286330556806541,0.0074339054467698,6,0.2460854521590388,0.0111924258251625,0.0028915093419994,6,0.799017444998026,0.0397064879909579,-0.0006308959788123,6,2.19138322191106,0.1615700568663293,0.0110962559399164,6,0.7088558679215738,0.1230157049270104,-0.0158235982219733,6,12.0987540555497,1.353547053299903,-0.4435136701857727,6,83.59250779946645,1.335421430195181,0.1502246366163601,6,1.2195906179141718,1.1049723756906078,0.9547619047619048,2.0,20.0,0.4485468189325658,0.26,0.1879999999999999,D12,0.2591111111111111,0.2322222222222222,0.1647407407407407
YELL_058,YELL,5.534059271605586,0.8862268119537211,-0.2109770022844486,6,8.481313997724405,0.2963081269491194,0.0662479230545727,6,2.049882954607407,0.0567950229697301,0.0123871092519692,6,2.5012352342988984,0.0374296339970214,0.0109777583280539,6,0.6759043767427405,0.0241655280779719,-0.000919644257418,6,2.2621828601463774,0.3569653000554372,-0.0821764696555324,6,0.3308000371573907,0.0289215639074069,-0.0026292705024509,6,0.188461037045768,0.016781189460797,-0.0019838106598321,6,0.8709984243417831,0.0328451665278236,0.0128413531495156,6,2.1985874540276,0.0895097046958267,0.0254608041932092,6,0.8500130187582086,0.0806490235387788,-0.0062170974882553,6,9.021258141641193,1.422212384964924,-0.3411282921243183,6,89.73656539122264,0.4818821059505871,0.1504699841640756,6,1.2633812503027273,1.1327433628318584,0.9448529411764706,2.0,16.0,0.4160747922079864,0.08,0.2213333333333333,D12,0.2353333333333333,0.06,0.2055555555555555
YELL_059,YELL,11.613683218870198,1.922684045980663,-0.5093013946032683,6,17.415236551780254,0.5519125597539482,-0.0720919122046107,6,2.056244775652885,0.0877547005307127,0.0010786835086436,6,5.454631914384663,0.189472148106097,-0.0226144070812819,6,0.5200470722047612,0.0489170025600558,-0.0083324432687184,6,4.441636056886195,0.437514212438563,-0.0513343787557598,6,0.3927123459991684,0.0472984022299471,0.0165996590204653,6,0.2192664694183208,0.0243761714951218,0.0085030522174382,6,0.85107780269028,0.0381284408090815,0.0006953171893077,6,2.6806318120395574,0.2173226553232402,0.0237791270052092,6,1.0720440849424653,0.1491437347250583,-0.0263332191049858,6,17.637470016559902,2.437032030694098,-0.5503442560562055,6,64.63867125908534,3.126809021146049,0.0694369248796877,6,1.0,1.0,1.0,1.0,17.0,0.4183529708232553,0.16,0.1506666666666666,D12,0.2375555555555555,0.1333333333333333,0.161037037037037
YELL_060,YELL,9.333688245690055,1.0040484956408453,-0.3349505472709919,6,13.671826074831188,0.6954906612972707,0.0139149711890381,6,2.285751350224018,0.1031504379043238,-0.0020290047072873,6,4.002282319668059,0.2270003030892542,-0.0006165490842286,6,0.6113886650806913,0.033990610144246,-0.0051344449667501,6,3.819477231877428,0.2834195626154892,-0.0656276097078562,6,0.4098710261580963,0.0348069538499374,0.0037829534259926,6,0.2268671861908856,0.0186367853006012,0.001430486657716,6,0.8340096901484038,0.0484141741623202,0.0089870369837553,6,2.3630582597520617,0.1619163150256829,0.020409475198007,6,0.8156954931939547,0.0729780226367413,0.0107028014147736,6,15.042264350964908,1.4480122340580337,-0.4630936678312854,6,79.52352877457936,1.8488979317998195,-0.1773310745731176,6,1.0,1.0,1.0,1.0,3.0,0.6482330193413204,0.16,0.1506666666666666,D12,,,
YELL_061,YELL,5.756549625219119,1.1970159725079403,-0.3434441176141583,6,10.375145453338822,0.5100682885025672,-0.0012060991671157,6,2.455421809107065,0.0942137296684738,-0.0036087690286631,6,2.857877089836014,0.0878503027733234,-0.0271886153933124,6,0.6167124886220942,0.0779123471977021,-0.0258607217333458,6,2.9876970908717446,0.2697861288007901,-0.0529419395159397,6,0.5303134782258608,0.0657758565198641,0.017528099343515,6,0.2892413575540889,0.0340319284481043,0.0087739547548499,6,0.769737839075222,0.0331579077576784,-0.0030859208843558,6,2.039418648770361,0.1185889082157721,-0.0196142909888775,6,0.4627850481283126,0.1003988448880195,-0.0233716598900343,6,10.39420931187242,1.2789754268441524,-0.3250519959631732,6,88.52925272782643,1.4186998841389136,0.4264890166561026,6,1.7547653506033232,1.6,1.0,2.0,8.0,0.5406225138931021,0.26,0.1879999999999999,D12,,,
YELL_062,YELL,5.34603653413554,0.2732095760677701,-0.0656368191126638,6,11.467982028921446,0.2760890624785346,0.00145959084113,6,2.582424054543177,0.1018389255172083,-0.0086911121053513,6,3.068086217933645,0.089249658957416,-0.0030547379244273,6,0.6241300151062509,0.0399083924441813,-0.0023631370408026,6,2.823979352523262,0.1188436745689704,0.0119194316000393,6,0.5802363099646755,0.0545802089655556,0.010060029469193,6,0.3108768311309783,0.0306116978442239,0.0050748287859971,6,0.7670209806826379,0.0690892457876342,0.0107300007053321,6,1.7682842345080445,0.1307715747759608,0.0104020993716881,6,0.3842171736699432,0.033535792802973,-0.0042706153518962,6,9.984946087623635,0.1649524930902251,-0.0281271013168303,6,91.80514721075694,0.5082998228004765,0.1553758171756836,6,1.0,1.0,1.0,1.0,7.0,0.4840462554311524,0.16,0.1506666666666666,D12,,,
