plotID,year,pml
ABBY_063,2000,640.6842105263158
ABBY_068,2000,640.6842105263158
ABBY_065,2000,637.1052631578947
ABBY_067,2000,640.6842105263158
ABBY_066,2000,640.6842105263158
ABBY_061,2000,640.6842105263158
ABBY_070,2000,640.6842105263158
ABBY_062,2000,640.2368421052631
ABBY_064,2000,640.6842105263158
ABBY_069,2000,640.2368421052631
ABBY_075,2000,626.1842105263158
ABBY_074,2000,640.2368421052631
ABBY_073,2000,640.2368421052631
ABBY_076,2000,640.6842105263158
ABBY_004,2000,665.4736842105264
ABBY_009,2000,665.4736842105264
ABBY_011,2000,646.1578947368421
ABBY_013,2000,622.3684210526316
ABBY_023,2000,570.078947368421
ABBY_010,2000,613.578947368421
ABBY_018,2000,656.1578947368421
ABBY_003,2000,523.4473684210526
ABBY_012,2000,653.2894736842105
ABBY_005,2000,649.0526315789474
ABBY_016,2000,593.3421052631579
ABBY_008,2000,637.4736842105264
ABBY_017,2000,685.1578947368421
ABBY_014,2000,657.3157894736842
ABBY_001,2000,590.1578947368421
ABBY_019,2000,623.7368421052631
ABBY_006,2000,580.6578947368421
ABBY_002,2000,501.60526315789474
ABBY_007,2000,669.6842105263158
ABBY_025,2000,580.5
ABBY_015,2000,604.3947368421053
ABBY_077,2000,666.2105263157895
BART_012,2000,451.36842105263156
BART_001,2000,451.05263157894734
BART_005,2000,510.7105263157895
BART_044,2000,493.2894736842105
BART_037,2000,493.2894736842105
BART_073,2000,476.6578947368421
BART_074,2000,493.2894736842105
BART_075,2000,478.5263157894737
BART_042,2000,478.5263157894737
BART_072,2000,478.5263157894737
BART_046,2000,493.2894736842105
BART_036,2000,478.5263157894737
BART_051,2000,476.6578947368421
BART_041,2000,481.8421052631579
BART_034,2000,481.8421052631579
BART_039,2000,476.6578947368421
BART_050,2000,478.5263157894737
BART_040,2000,476.57894736842104
BART_071,2000,479.8421052631579
BART_070,2000,481.8421052631579
BART_033,2000,481.8421052631579
BART_047,2000,476.57894736842104
BART_032,2000,480.0263157894737
BART_015,2000,482.8157894736842
BART_016,2000,504.6578947368421
BART_028,2000,472.8421052631579
BART_010,2000,494.94736842105266
BART_013,2000,470.6842105263158
BART_026,2000,440.8157894736842
BART_006,2000,472.94736842105266
BART_023,2000,494.94736842105266
BART_002,2000,459.05263157894734
BART_018,2000,498.44736842105266
BART_003,2000,491.7894736842105
BART_024,2000,494.94736842105266
BART_011,2000,465.8157894736842
BART_025,2000,440.8157894736842
BART_007,2000,465.8157894736842
BART_027,2000,493.94736842105266
BART_004,2000,462.2894736842105
BART_019,2000,480.0263157894737
BLAN_042,2000,483.57894736842104
BLAN_056,2000,483.57894736842104
BLAN_034,2000,502.2631578947368
BLAN_043,2000,483.57894736842104
BLAN_046,2000,448.7368421052632
BLAN_045,2000,483.57894736842104
BLAN_059,2000,448.7368421052632
BLAN_039,2000,483.57894736842104
BLAN_033,2000,483.57894736842104
BLAN_051,2000,483.57894736842104
BLAN_054,2000,483.57894736842104
BLAN_031,2000,502.2631578947368
BLAN_049,2000,502.2631578947368
BLAN_060,2000,483.57894736842104
BLAN_035,2000,448.7368421052632
BLAN_038,2000,483.57894736842104
BLAN_040,2000,483.57894736842104
BLAN_037,2000,502.2631578947368
BLAN_044,2000,502.2631578947368
BLAN_050,2000,740.8157894736842
BLAN_052,2000,502.2631578947368
BLAN_048,2000,740.8157894736842
BLAN_055,2000,502.2631578947368
BLAN_057,2000,448.7368421052632
BLAN_032,2000,448.7368421052632
BLAN_036,2000,740.8157894736842
BLAN_047,2000,740.8157894736842
BLAN_063,2000,740.8157894736842
BLAN_005,2000,568.8947368421053
BLAN_017,2000,568.8947368421053
BLAN_011,2000,579.9473684210526
BLAN_068,2000,573.4473684210526
BLAN_016,2000,573.4473684210526
BLAN_001,2000,558.3947368421053
BLAN_008,2000,567.7631578947369
BLAN_003,2000,574.3421052631579
BLAN_018,2000,543.7105263157895
BLAN_004,2000,573.4473684210526
BLAN_014,2000,565.578947368421
BLAN_020,2000,617.8157894736842
BLAN_006,2000,543.7105263157895
BLAN_007,2000,567.7631578947369
BLAN_010,2000,573.4473684210526
BLAN_012,2000,543.7105263157895
BLAN_013,2000,572.578947368421
BLAN_015,2000,538.7894736842105
BLAN_009,2000,558.3947368421053
BLAN_053,2000,448.7368421052632
BLAN_041,2000,740.8157894736842
BLAN_064,2000,502.2631578947368
BLAN_019,2000,573.5
GRSM_057,2000,619.4736842105264
GRSM_048,2000,619.4736842105264
GRSM_059,2000,632.2631578947369
GRSM_054,2000,629.3684210526316
GRSM_049,2000,622.1315789473684
GRSM_066,2000,619.4736842105264
GRSM_065,2000,646.078947368421
GRSM_047,2000,632.2631578947369
GRSM_063,2000,625.578947368421
GRSM_053,2000,625.578947368421
GRSM_062,2000,629.3684210526316
GRSM_060,2000,632.2631578947369
GRSM_050,2000,631.3421052631579
GRSM_051,2000,632.2631578947369
GRSM_064,2000,632.2631578947369
GRSM_002,2000,664.1315789473684
GRSM_025,2000,575.5263157894736
GRSM_016,2000,466.86842105263156
GRSM_017,2000,643.5263157894736
GRSM_004,2000,652.9736842105264
GRSM_001,2000,637.0526315789474
GRSM_012,2000,592.578947368421
GRSM_008,2000,595.6315789473684
GRSM_003,2000,585.578947368421
GRSM_019,2000,627.578947368421
GRSM_006,2000,627.578947368421
GRSM_013,2000,637.5526315789474
GRSM_015,2000,625.3421052631579
GRSM_014,2000,641.5
GRSM_010,2000,646.7105263157895
GRSM_005,2000,613.8421052631579
GRSM_011,2000,625.1842105263158
GRSM_007,2000,655.921052631579
GRSM_009,2000,591.8421052631579
GRSM_055,2000,625.578947368421
GRSM_018,2000,654.2368421052631
GRSM_061,2000,632.2631578947369
GRSM_056,2000,632.2631578947369
GRSM_058,2000,646.078947368421
GRSM_052,2000,629.3684210526316
HARV_013,2000,548.421052631579
HARV_022,2000,533.0526315789474
HARV_008,2000,523.078947368421
HARV_004,2000,533.9736842105264
HARV_024,2000,513.2368421052631
HARV_010,2000,0.0
HARV_006,2000,513.078947368421
HARV_001,2000,479.07894736842104
HARV_005,2000,479.44736842105266
HARV_027,2000,501.2368421052632
HARV_043,2000,521.6842105263158
HARV_035,2000,521.6842105263158
HARV_037,2000,544.2368421052631
HARV_020,2000,517.3684210526316
HARV_023,2000,487.7368421052632
HARV_014,2000,502.2105263157895
HARV_011,2000,508.89473684210526
HARV_025,2000,515.421052631579
HARV_002,2000,536.8157894736842
HARV_012,2000,523.7631578947369
HARV_026,2000,497.7105263157895
HARV_016,2000,514.9736842105264
HARV_039,2000,522.1842105263158
HARV_021,2000,514.4473684210526
HARV_045,2000,523.4473684210526
HARV_041,2000,544.2368421052631
HARV_038,2000,544.2368421052631
HARV_050,2000,544.2368421052631
HARV_048,2000,521.6842105263158
HARV_036,2000,523.4473684210526
HARV_052,2000,521.6842105263158
HARV_049,2000,522.2105263157895
HARV_047,2000,544.2368421052631
HARV_044,2000,544.2368421052631
HARV_040,2000,521.6842105263158
HARV_046,2000,544.2368421052631
HARV_033,2000,544.2368421052631
HARV_051,2000,522.1842105263158
HARV_034,2000,544.2368421052631
HARV_042,2000,522.1842105263158
HARV_015,2000,544.2368421052631
HARV_017,2000,531.5526315789474
JERC_002,2000,537.578947368421
JERC_015,2000,585.578947368421
JERC_007,2000,545.5263157894736
JERC_001,2000,523.0
JERC_010,2000,604.3684210526316
JERC_009,2000,517.7631578947369
JERC_029,2000,581.8421052631579
JERC_021,2000,612.9473684210526
JERC_011,2000,581.8421052631579
JERC_040,2000,532.4736842105264
JERC_035,2000,608.0526315789474
JERC_033,2000,585.578947368421
JERC_019,2000,684.3684210526316
JERC_030,2000,649.2631578947369
JERC_034,2000,556.7631578947369
JERC_036,2000,615.3947368421053
JERC_028,2000,300.6842105263158
JERC_044,2000,550.578947368421
JERC_016,2000,615.3947368421053
JERC_038,2000,738.0
JERC_006,2000,610.8421052631579
JERC_041,2000,698.7105263157895
JERC_031,2000,592.9736842105264
JERC_042,2000,604.3684210526316
JERC_008,2000,645.4473684210526
JERC_005,2000,645.4473684210526
JERC_003,2000,523.0
JERC_022,2000,621.078947368421
JERC_013,2000,624.7368421052631
JERC_066,2000,537.578947368421
JERC_065,2000,592.9736842105264
JERC_054,2000,610.9473684210526
JERC_051,2000,592.9736842105264
JERC_062,2000,537.6842105263158
JERC_047,2000,537.6842105263158
JERC_057,2000,592.9736842105264
JERC_060,2000,592.9736842105264
JERC_064,2000,592.9736842105264
JERC_050,2000,537.6842105263158
JERC_053,2000,537.578947368421
JERC_049,2000,537.6842105263158
JERC_061,2000,537.6842105263158
JERC_058,2000,537.578947368421
JERC_048,2000,537.578947368421
JERC_063,2000,537.578947368421
JERC_052,2000,537.6842105263158
JERC_059,2000,537.578947368421
JERC_056,2000,537.6842105263158
JERC_055,2000,537.6842105263158
JERC_004,2000,673.9736842105264
JERC_014,2000,639.7894736842105
JERC_012,2000,553.8421052631579
MLBS_076,2000,531.5
MLBS_061,2000,523.8157894736842
MLBS_064,2000,523.8157894736842
MLBS_075,2000,535.5
MLBS_065,2000,535.5
MLBS_062,2000,535.3947368421053
MLBS_069,2000,531.5
MLBS_063,2000,531.5526315789474
MLBS_073,2000,531.5526315789474
MLBS_074,2000,531.5
MLBS_066,2000,531.5526315789474
MLBS_067,2000,531.5526315789474
MLBS_071,2000,531.5
MLBS_072,2000,531.5526315789474
MLBS_070,2000,531.5526315789474
MLBS_068,2000,531.5526315789474
MLBS_009,2000,523.8157894736842
MLBS_010,2000,530.078947368421
MLBS_005,2000,531.7631578947369
MLBS_003,2000,530.078947368421
MLBS_019,2000,550.9736842105264
MLBS_016,2000,581.3684210526316
MLBS_015,2000,565.578947368421
MLBS_014,2000,560.921052631579
MLBS_001,2000,508.44736842105266
MLBS_017,2000,508.44736842105266
MLBS_011,2000,529.578947368421
MLBS_012,2000,529.578947368421
MLBS_002,2000,535.5
MLBS_004,2000,583.6315789473684
MLBS_018,2000,576.3421052631579
MLBS_008,2000,562.1842105263158
MLBS_007,2000,562.7105263157895
MLBS_006,2000,557.078947368421
MLBS_020,2000,537.078947368421
MLBS_013,2000,574.8157894736842
ORNL_002,2000,532.7894736842105
ORNL_003,2000,605.9473684210526
ORNL_009,2000,641.2368421052631
ORNL_021,2000,536.2631578947369
ORNL_031,2000,460.2105263157895
ORNL_033,2000,578.7894736842105
ORNL_066,2000,708.8157894736842
ORNL_044,2000,708.8157894736842
ORNL_012,2000,0.0
ORNL_004,2000,585.1578947368421
ORNL_001,2000,504.7631578947368
ORNL_027,2000,623.0
ORNL_014,2000,610.421052631579
ORNL_029,2000,639.1052631578947
ORNL_007,2000,640.2368421052631
ORNL_006,2000,621.2631578947369
ORNL_008,2000,641.5263157894736
ORNL_035,2000,646.7631578947369
ORNL_010,2000,647.0263157894736
ORNL_032,2000,616.078947368421
ORNL_055,2000,647.2631578947369
ORNL_062,2000,647.2631578947369
ORNL_063,2000,642.9736842105264
ORNL_049,2000,642.9736842105264
ORNL_052,2000,647.2631578947369
ORNL_059,2000,624.8947368421053
ORNL_036,2000,636.4736842105264
ORNL_053,2000,624.8947368421053
ORNL_046,2000,624.8947368421053
ORNL_043,2000,637.6052631578947
ORNL_058,2000,637.6052631578947
ORNL_060,2000,637.6052631578947
ORNL_056,2000,647.2631578947369
ORNL_037,2000,647.2631578947369
ORNL_057,2000,636.4736842105264
ORNL_051,2000,647.2631578947369
ORNL_061,2000,624.8947368421053
ORNL_054,2000,636.4736842105264
ORNL_045,2000,636.4736842105264
ORNL_050,2000,636.4736842105264
ORNL_017,2000,630.9736842105264
ORNL_068,2000,580.8947368421053
ORNL_019,2000,669.421052631579
ORNL_018,2000,458.42105263157896
ORNL_067,2000,542.3947368421053
ORNL_015,2000,605.9473684210526
OSBS_002,2000,551.3421052631579
OSBS_006,2000,534.7105263157895
OSBS_048,2000,518.0
OSBS_001,2000,733.7631578947369
OSBS_018,2000,441.2105263157895
OSBS_011,2000,536.6578947368421
OSBS_014,2000,552.5526315789474
OSBS_004,2000,516.8947368421053
OSBS_020,2000,451.2894736842105
OSBS_023,2000,536.6578947368421
OSBS_049,2000,502.5
OSBS_003,2000,487.8157894736842
OSBS_012,2000,452.2368421052632
OSBS_013,2000,516.8947368421053
OSBS_024,2000,536.6578947368421
OSBS_016,2000,571.2368421052631
OSBS_008,2000,572.421052631579
OSBS_010,2000,640.4473684210526
OSBS_051,2000,515.2105263157895
OSBS_050,2000,548.8421052631579
OSBS_007,2000,530.3947368421053
OSBS_005,2000,603.1052631578947
OSBS_017,2000,596.3684210526316
OSBS_043,2000,554.7105263157895
OSBS_022,2000,552.5526315789474
OSBS_039,2000,561.0263157894736
OSBS_036,2000,561.0263157894736
OSBS_029,2000,561.0263157894736
OSBS_040,2000,546.421052631579
OSBS_015,2000,718.4473684210526
OSBS_025,2000,522.1842105263158
OSBS_030,2000,522.1842105263158
OSBS_038,2000,522.1842105263158
OSBS_042,2000,522.1842105263158
OSBS_035,2000,494.05263157894734
OSBS_037,2000,494.05263157894734
OSBS_028,2000,494.05263157894734
OSBS_021,2000,579.921052631579
OSBS_041,2000,494.05263157894734
OSBS_009,2000,552.578947368421
OSBS_031,2000,546.421052631579
OSBS_033,2000,561.0263157894736
OSBS_032,2000,561.0263157894736
OSBS_044,2000,561.0263157894736
OSBS_027,2000,561.0263157894736
OSBS_034,2000,546.421052631579
OSBS_026,2000,561.0263157894736
OSBS_063,2000,533.8421052631579
OSBS_067,2000,509.0
OSBS_066,2000,718.4473684210526
OSBS_068,2000,539.2368421052631
OSBS_070,2000,546.421052631579
OSBS_073,2000,585.6052631578947
RMNP_043,2000,188.18421052631578
RMNP_042,2000,188.18421052631578
RMNP_041,2000,342.4736842105263
RMNP_048,2000,188.18421052631578
RMNP_049,2000,188.18421052631578
RMNP_046,2000,188.18421052631578
RMNP_047,2000,188.18421052631578
RMNP_045,2000,188.18421052631578
RMNP_044,2000,188.18421052631578
RMNP_013,2000,315.86842105263156
RMNP_003,2000,324.8421052631579
RMNP_009,2000,324.8421052631579
RMNP_011,2000,158.3421052631579
RMNP_019,2000,305.92105263157896
RMNP_015,2000,360.94736842105266
RMNP_002,2000,360.4736842105263
RMNP_020,2000,360.94736842105266
RMNP_016,2000,341.7894736842105
RMNP_017,2000,314.05263157894734
RMNP_005,2000,371.3157894736842
RMNP_001,2000,333.2631578947368
RMNP_014,2000,422.4736842105263
RMNP_008,2000,354.05263157894734
RMNP_012,2000,397.07894736842104
RMNP_018,2000,393.6578947368421
RMNP_006,2000,363.36842105263156
RMNP_004,2000,347.07894736842104
RMNP_010,2000,309.57894736842104
RMNP_007,2000,309.57894736842104
SCBI_008,2000,809.0
SCBI_004,2000,570.6315789473684
SCBI_015,2000,587.7368421052631
SCBI_017,2000,577.4736842105264
SCBI_013,2000,576.2894736842105
SCBI_007,2000,577.3157894736842
SCBI_018,2000,585.5
SCBI_003,2000,587.7105263157895
SCBI_011,2000,581.0263157894736
SCBI_016,2000,539.3684210526316
SCBI_002,2000,592.1052631578947
SCBI_010,2000,586.078947368421
SCBI_014,2000,574.7105263157895
SCBI_005,2000,573.078947368421
SCBI_056,2000,578.7894736842105
SCBI_045,2000,576.0263157894736
SCBI_053,2000,578.7894736842105
SCBI_061,2000,578.7894736842105
SCBI_050,2000,578.7894736842105
SCBI_057,2000,578.7894736842105
SCBI_062,2000,591.9736842105264
SCBI_047,2000,591.9736842105264
SCBI_067,2000,591.9736842105264
SCBI_066,2000,591.9736842105264
SCBI_064,2000,576.0263157894736
SCBI_052,2000,576.0263157894736
SCBI_054,2000,576.0263157894736
SCBI_046,2000,592.1052631578947
SCBI_049,2000,591.9736842105264
SCBI_063,2000,591.9736842105264
SCBI_055,2000,578.7894736842105
SCBI_048,2000,591.9736842105264
SCBI_051,2000,578.7894736842105
SCBI_058,2000,576.0263157894736
SCBI_034,2000,450.89473684210526
SCBI_038,2000,549.8947368421053
SCBI_033,2000,450.89473684210526
SCBI_006,2000,564.078947368421
SCBI_035,2000,549.8947368421053
SCBI_012,2000,599.921052631579
SCBI_071,2000,586.078947368421
SCBI_019,2000,818.1842105263158
SCBI_021,2000,564.078947368421
SCBI_023,2000,587.7368421052631
SCBI_022,2000,585.2631578947369
SERC_062,2000,526.9473684210526
SERC_045,2000,526.9473684210526
SERC_051,2000,526.9473684210526
SERC_050,2000,579.7631578947369
SERC_052,2000,599.3684210526316
SERC_058,2000,599.0
SERC_043,2000,599.2894736842105
SERC_055,2000,598.8947368421053
SERC_048,2000,599.0
SERC_060,2000,599.0
SERC_061,2000,599.6578947368421
SERC_054,2000,599.6578947368421
SERC_059,2000,609.2894736842105
SERC_046,2000,602.421052631579
SERC_053,2000,599.6578947368421
SERC_044,2000,602.421052631579
SERC_047,2000,577.0263157894736
SERC_049,2000,577.0263157894736
SERC_057,2000,577.0263157894736
SERC_056,2000,577.0263157894736
SERC_007,2000,716.3421052631579
SERC_018,2000,598.578947368421
SERC_009,2000,602.8421052631579
SERC_008,2000,598.6842105263158
SERC_011,2000,620.7894736842105
SERC_003,2000,605.6842105263158
SERC_006,2000,555.1842105263158
SERC_001,2000,497.57894736842104
SERC_017,2000,520.578947368421
SERC_019,2000,568.3157894736842
SERC_010,2000,710.7368421052631
SERC_014,2000,456.5
SERC_012,2000,590.578947368421
SERC_016,2000,605.5
SERC_022,2000,559.2894736842105
SERC_004,2000,568.3157894736842
SERC_021,2000,599.2894736842105
SERC_013,2000,519.3947368421053
SERC_005,2000,626.6842105263158
SERC_002,2000,619.8684210526316
SERC_067,2000,596.4736842105264
SERC_073,2000,579.7631578947369
SOAP_059,2000,469.2368421052632
SOAP_057,2000,469.2368421052632
SOAP_051,2000,469.2368421052632
SOAP_048,2000,469.2368421052632
SOAP_058,2000,459.2105263157895
SOAP_043,2000,458.7105263157895
SOAP_050,2000,458.7105263157895
SOAP_044,2000,540.3421052631579
SOAP_052,2000,540.1052631578947
SOAP_046,2000,540.3421052631579
SOAP_060,2000,540.1052631578947
SOAP_055,2000,458.7105263157895
SOAP_054,2000,494.2894736842105
SOAP_047,2000,494.2894736842105
SOAP_031,2000,487.8421052631579
SOAP_049,2000,487.8421052631579
SOAP_056,2000,487.8421052631579
SOAP_053,2000,494.2894736842105
SOAP_045,2000,528.7894736842105
SOAP_061,2000,469.2368421052632
SOAP_002,2000,367.7894736842105
SOAP_010,2000,469.2368421052632
SOAP_006,2000,452.92105263157896
SOAP_013,2000,367.7894736842105
SOAP_012,2000,511.7368421052632
SOAP_004,2000,469.2368421052632
SOAP_003,2000,503.55263157894734
SOAP_016,2000,514.6315789473684
SOAP_007,2000,505.86842105263156
SOAP_020,2000,494.2894736842105
SOAP_009,2000,600.7105263157895
SOAP_008,2000,511.7368421052632
SOAP_021,2000,494.9736842105263
SOAP_018,2000,517.7894736842105
SOAP_019,2000,517.7894736842105
SOAP_017,2000,500.1578947368421
SOAP_015,2000,526.5526315789474
SOAP_001,2000,607.0
SOAP_011,2000,459.2105263157895
SOAP_022,2000,526.5526315789474
SOAP_024,2000,452.92105263157896
STEI_058,2000,618.3421052631579
STEI_051,2000,618.3421052631579
STEI_056,2000,477.7368421052632
STEI_046,2000,477.7368421052632
STEI_061,2000,477.7368421052632
STEI_062,2000,477.7368421052632
STEI_052,2000,477.7368421052632
STEI_055,2000,618.3421052631579
STEI_047,2000,477.7368421052632
STEI_053,2000,477.7368421052632
STEI_048,2000,623.8421052631579
STEI_060,2000,477.7368421052632
STEI_054,2000,623.8421052631579
STEI_049,2000,477.7368421052632
STEI_057,2000,477.7368421052632
STEI_050,2000,623.8421052631579
STEI_059,2000,623.8421052631579
STEI_005,2000,626.921052631579
STEI_009,2000,463.2105263157895
STEI_012,2000,477.5263157894737
STEI_017,2000,656.8684210526316
STEI_019,2000,470.86842105263156
STEI_003,2000,619.6315789473684
STEI_007,2000,643.6315789473684
STEI_002,2000,482.86842105263156
STEI_011,2000,481.60526315789474
STEI_010,2000,459.36842105263156
STEI_008,2000,644.578947368421
STEI_015,2000,475.2894736842105
STEI_016,2000,607.2631578947369
STEI_004,2000,640.0
STEI_013,2000,452.5
STEI_001,2000,478.94736842105266
STEI_021,2000,581.1842105263158
STEI_006,2000,620.4736842105264
STEI_014,2000,468.13157894736844
STEI_022,2000,476.2894736842105
STEI_023,2000,450.2894736842105
TALL_003,2000,728.3684210526316
TALL_005,2000,632.7631578947369
TALL_009,2000,648.0263157894736
TALL_012,2000,716.5
TALL_004,2000,568.8684210526316
TALL_010,2000,724.9473684210526
TALL_007,2000,724.0263157894736
TALL_002,2000,722.7894736842105
TALL_022,2000,743.3684210526316
TALL_015,2000,713.7105263157895
TALL_016,2000,880.3157894736842
TALL_011,2000,715.3421052631579
TALL_018,2000,1082.2894736842106
TALL_006,2000,625.7631578947369
TALL_013,2000,635.7368421052631
TALL_001,2000,594.578947368421
TALL_017,2000,727.1578947368421
TALL_020,2000,569.078947368421
TALL_008,2000,727.6052631578947
TALL_043,2000,647.1052631578947
TALL_049,2000,647.1052631578947
TALL_046,2000,647.1052631578947
TALL_061,2000,629.7894736842105
TALL_052,2000,630.0
TALL_050,2000,723.8421052631579
TALL_051,2000,629.7894736842105
TALL_057,2000,629.7894736842105
TALL_060,2000,723.8421052631579
TALL_055,2000,629.7894736842105
TALL_058,2000,630.0
TALL_045,2000,723.8421052631579
TALL_059,2000,630.0
TALL_054,2000,629.7894736842105
TALL_056,2000,630.0
TALL_044,2000,723.8421052631579
TALL_047,2000,723.8421052631579
TALL_048,2000,647.1052631578947
TALL_042,2000,647.1052631578947
TALL_053,2000,630.0
TALL_064,2000,706.7368421052631
TALL_025,2000,632.921052631579
TEAK_045,2000,386.39473684210526
TEAK_054,2000,386.39473684210526
TEAK_048,2000,386.39473684210526
TEAK_061,2000,386.39473684210526
TEAK_059,2000,386.39473684210526
TEAK_049,2000,386.42105263157896
TEAK_060,2000,386.42105263157896
TEAK_055,2000,386.42105263157896
TEAK_062,2000,411.2368421052632
TEAK_056,2000,394.36842105263156
TEAK_044,2000,394.36842105263156
TEAK_057,2000,425.7894736842105
TEAK_053,2000,394.36842105263156
TEAK_047,2000,394.36842105263156
TEAK_051,2000,425.7894736842105
TEAK_046,2000,390.42105263157896
TEAK_058,2000,386.42105263157896
TEAK_043,2000,411.2368421052632
TEAK_052,2000,390.5263157894737
TEAK_050,2000,376.2368421052632
TEAK_001,2000,484.86842105263156
TEAK_002,2000,401.13157894736844
TEAK_003,2000,426.89473684210526
TEAK_004,2000,376.13157894736844
TEAK_006,2000,428.1578947368421
TEAK_025,2000,295.2894736842105
TEAK_005,2000,143.42105263157896
TEAK_011,2000,421.0263157894737
TEAK_007,2000,385.89473684210526
TEAK_014,2000,422.3157894736842
TEAK_010,2000,451.9736842105263
TEAK_012,2000,426.89473684210526
TEAK_017,2000,388.63157894736844
TEAK_013,2000,431.7105263157895
TEAK_019,2000,555.2894736842105
TEAK_020,2000,363.63157894736844
TEAK_016,2000,300.3157894736842
TEAK_015,2000,350.2894736842105
TEAK_024,2000,289.7105263157895
TEAK_018,2000,390.7105263157895
TREE_042,2000,486.94736842105266
TREE_053,2000,484.4736842105263
TREE_049,2000,484.4736842105263
TREE_046,2000,484.4736842105263
TREE_055,2000,484.42105263157896
TREE_056,2000,484.4736842105263
TREE_050,2000,656.1578947368421
TREE_054,2000,656.1578947368421
TREE_052,2000,484.4736842105263
TREE_051,2000,484.42105263157896
TREE_057,2000,479.94736842105266
TREE_025,2000,479.94736842105266
TREE_043,2000,480.0263157894737
TREE_044,2000,480.0263157894737
TREE_048,2000,574.1842105263158
TREE_047,2000,482.7368421052632
TREE_041,2000,493.92105263157896
TREE_040,2000,482.7368421052632
TREE_039,2000,479.94736842105266
TREE_045,2000,479.94736842105266
TREE_017,2000,480.0263157894737
TREE_019,2000,482.36842105263156
TREE_010,2000,465.7105263157895
TREE_016,2000,455.5
TREE_001,2000,468.3421052631579
TREE_014,2000,468.3421052631579
TREE_009,2000,473.6578947368421
TREE_060,2000,462.6842105263158
TREE_012,2000,482.36842105263156
TREE_005,2000,491.7368421052632
TREE_011,2000,434.7368421052632
TREE_018,2000,465.6842105263158
TREE_003,2000,498.5
TREE_007,2000,434.7368421052632
TREE_008,2000,595.4736842105264
TREE_006,2000,461.5263157894737
TREE_004,2000,595.4736842105264
TREE_002,2000,465.6842105263158
TREE_015,2000,494.89473684210526
TREE_023,2000,494.92105263157896
TREE_062,2000,473.6578947368421
TREE_064,2000,455.4736842105263
TREE_022,2000,461.5263157894737
TREE_063,2000,476.57894736842104
UNDE_048,2000,443.7631578947368
UNDE_038,2000,455.7894736842105
UNDE_037,2000,445.13157894736844
UNDE_045,2000,443.7631578947368
UNDE_058,2000,454.7105263157895
UNDE_052,2000,443.7631578947368
UNDE_047,2000,463.60526315789474
UNDE_054,2000,454.7105263157895
UNDE_057,2000,443.7631578947368
UNDE_050,2000,454.7105263157895
UNDE_055,2000,454.7105263157895
UNDE_059,2000,454.3157894736842
UNDE_065,2000,427.9736842105263
UNDE_043,2000,443.7631578947368
UNDE_044,2000,454.3157894736842
UNDE_049,2000,454.7105263157895
UNDE_056,2000,443.7631578947368
UNDE_078,2000,455.7894736842105
UNDE_061,2000,455.7894736842105
UNDE_060,2000,454.7105263157895
UNDE_014,2000,441.07894736842104
UNDE_013,2000,454.7105263157895
UNDE_002,2000,451.2105263157895
UNDE_001,2000,455.5263157894737
UNDE_003,2000,434.7894736842105
UNDE_010,2000,430.60526315789474
UNDE_006,2000,444.55263157894734
UNDE_011,2000,435.55263157894734
UNDE_007,2000,466.94736842105266
UNDE_012,2000,438.92105263157896
UNDE_008,2000,444.55263157894734
UNDE_016,2000,437.44736842105266
UNDE_020,2000,388.3157894736842
UNDE_021,2000,348.8421052631579
UNDE_022,2000,452.05263157894734
UNDE_018,2000,423.44736842105266
UNDE_019,2000,444.6842105263158
UNDE_023,2000,473.86842105263156
UNDE_015,2000,473.89473684210526
UNDE_027,2000,428.57894736842104
WREF_089,2000,555.5526315789474
WREF_082,2000,645.8157894736842
WREF_077,2000,588.921052631579
WREF_083,2000,555.5526315789474
WREF_086,2000,543.578947368421
WREF_081,2000,544.0
WREF_076,2000,577.0263157894736
WREF_070,2000,588.921052631579
WREF_074,2000,645.8157894736842
WREF_072,2000,576.9473684210526
WREF_080,2000,536.578947368421
WREF_073,2000,536.578947368421
WREF_079,2000,536.578947368421
WREF_085,2000,645.421052631579
WREF_084,2000,645.421052631579
WREF_078,2000,635.9736842105264
WREF_088,2000,645.8157894736842
WREF_087,2000,645.421052631579
WREF_075,2000,588.921052631579
WREF_071,2000,645.8157894736842
WREF_012,2000,643.921052631579
WREF_016,2000,668.5526315789474
WREF_015,2000,653.2631578947369
WREF_013,2000,596.9736842105264
WREF_001,2000,558.5526315789474
WREF_003,2000,649.1052631578947
WREF_018,2000,610.8947368421053
WREF_020,2000,703.2894736842105
WREF_002,2000,684.0526315789474
WREF_019,2000,586.9473684210526
WREF_010,2000,678.9473684210526
WREF_007,2000,645.5263157894736
WREF_008,2000,623.3421052631579
WREF_006,2000,627.8157894736842
WREF_005,2000,553.2631578947369
WREF_014,2000,534.8947368421053
WREF_009,2000,665.078947368421
WREF_011,2000,662.1315789473684
WREF_004,2000,635.0526315789474
WREF_017,2000,635.3947368421053
DELA_013,2000,744.2105263157895
DELA_003,2000,582.4473684210526
DELA_005,2000,601.6315789473684
DELA_011,2000,442.39473684210526
DELA_004,2000,520.6315789473684
DELA_018,2000,547.9736842105264
DELA_014,2000,427.36842105263156
DELA_015,2000,520.6315789473684
DELA_012,2000,427.36842105263156
DELA_010,2000,547.9736842105264
DELA_016,2000,600.1052631578947
DELA_001,2000,695.3947368421053
DELA_019,2000,540.2368421052631
DELA_017,2000,600.1052631578947
DELA_009,2000,582.4473684210526
DELA_002,2000,427.36842105263156
DELA_007,2000,547.9736842105264
DELA_020,2000,577.1578947368421
DELA_006,2000,540.2368421052631
DELA_008,2000,744.078947368421
DELA_046,2000,577.1578947368421
DELA_053,2000,577.1578947368421
DELA_051,2000,571.0
DELA_043,2000,571.0
DELA_040,2000,577.1578947368421
DELA_052,2000,571.0
DELA_041,2000,571.0
DELA_044,2000,571.0
DELA_039,2000,566.5263157894736
DELA_054,2000,577.1578947368421
DELA_045,2000,577.1578947368421
DELA_042,2000,771.9473684210526
DELA_055,2000,566.5263157894736
DELA_037,2000,577.1578947368421
DELA_050,2000,577.1578947368421
DELA_056,2000,577.1578947368421
DELA_047,2000,547.9736842105264
DELA_048,2000,547.9736842105264
DELA_049,2000,771.9473684210526
DELA_038,2000,566.5263157894736
DELA_023,2000,744.078947368421
DELA_022,2000,744.2105263157895
DELA_021,2000,536.7631578947369
DELA_059,2000,771.9473684210526
LENO_061,2000,728.0
LENO_065,2000,728.0
LENO_062,2000,728.0
LENO_068,2000,729.8684210526316
LENO_067,2000,729.8684210526316
LENO_064,2000,728.0
LENO_063,2000,729.8684210526316
LENO_066,2000,601.2894736842105
LENO_069,2000,601.2894736842105
LENO_070,2000,601.2894736842105
LENO_003,2000,582.1842105263158
LENO_002,2000,562.8421052631579
LENO_014,2000,578.3421052631579
LENO_011,2000,605.4473684210526
LENO_005,2000,588.6578947368421
LENO_015,2000,749.8684210526316
LENO_010,2000,569.0526315789474
LENO_012,2000,718.421052631579
LENO_009,2000,635.6315789473684
LENO_018,2000,739.6578947368421
LENO_006,2000,626.8421052631579
LENO_013,2000,626.7631578947369
LENO_007,2000,578.3947368421053
LENO_008,2000,749.8684210526316
LENO_022,2000,635.3947368421053
LENO_001,2000,557.2105263157895
LENO_016,2000,626.8421052631579
LENO_021,2000,848.5263157894736
LENO_017,2000,583.5263157894736
LENO_004,2000,589.421052631579
LENO_019,2000,633.8157894736842
UKFS_032,2000,469.0263157894737
UKFS_057,2000,469.0263157894737
UKFS_051,2000,469.0263157894737
UKFS_047,2000,515.8157894736842
UKFS_055,2000,469.0263157894737
UKFS_058,2000,515.8157894736842
UKFS_060,2000,469.0263157894737
UKFS_056,2000,517.9473684210526
UKFS_054,2000,501.9736842105263
UKFS_050,2000,526.8947368421053
UKFS_046,2000,526.8947368421053
UKFS_045,2000,515.7894736842105
UKFS_043,2000,526.8947368421053
UKFS_052,2000,515.7894736842105
UKFS_059,2000,526.8947368421053
UKFS_048,2000,526.8947368421053
UKFS_049,2000,517.9473684210526
UKFS_031,2000,515.8157894736842
UKFS_044,2000,517.9473684210526
UKFS_053,2000,517.9473684210526
UKFS_007,2000,342.7368421052632
UKFS_005,2000,521.2894736842105
UKFS_004,2000,571.8157894736842
UKFS_009,2000,355.05263157894734
UKFS_006,2000,526.8947368421053
UKFS_012,2000,313.94736842105266
UKFS_002,2000,330.86842105263156
UKFS_010,2000,385.2368421052632
UKFS_003,2000,385.2368421052632
UKFS_001,2000,515.7894736842105
UKFS_011,2000,501.9736842105263
UKFS_008,2000,501.9736842105263
UKFS_017,2000,313.94736842105266
UKFS_019,2000,497.8157894736842
UKFS_016,2000,423.2894736842105
UKFS_018,2000,385.2368421052632
UKFS_014,2000,515.7894736842105
UKFS_015,2000,484.94736842105266
UKFS_013,2000,450.89473684210526
UKFS_025,2000,374.13157894736844
YELL_002,2000,193.42105263157896
YELL_016,2000,131.94736842105263
YELL_013,2000,152.89473684210526
YELL_006,2000,154.52631578947367
YELL_020,2000,254.52631578947367
YELL_008,2000,183.81578947368422
YELL_014,2000,219.39473684210526
YELL_001,2000,176.76315789473685
YELL_011,2000,133.23684210526315
YELL_004,2000,140.02631578947367
YELL_003,2000,148.1578947368421
YELL_010,2000,162.28947368421052
YELL_005,2000,140.3684210526316
YELL_007,2000,213.05263157894737
YELL_018,2000,193.57894736842104
YELL_023,2000,176.07894736842104
YELL_012,2000,162.57894736842104
YELL_009,2000,195.8684210526316
YELL_021,2000,313.36842105263156
YELL_022,2000,174.73684210526315
YELL_047,2000,154.73684210526315
YELL_054,2000,154.73684210526315
YELL_058,2000,154.73684210526315
YELL_044,2000,154.73684210526315
YELL_052,2000,154.78947368421052
YELL_055,2000,154.78947368421052
YELL_062,2000,154.73684210526315
YELL_056,2000,185.21052631578948
YELL_048,2000,185.21052631578948
YELL_060,2000,195.92105263157896
YELL_051,2000,154.78947368421052
YELL_053,2000,186.55263157894737
YELL_045,2000,185.21052631578948
YELL_046,2000,154.78947368421052
YELL_061,2000,154.78947368421052
YELL_049,2000,186.55263157894737
YELL_059,2000,154.78947368421052
YELL_043,2000,186.55263157894737
YELL_050,2000,195.92105263157896
YELL_057,2000,195.92105263157896
YELL_015,2000,170.07894736842104
BONA_072,2000,283.7105263157895
BONA_079,2000,283.7105263157895
BONA_070,2000,191.76315789473685
BONA_075,2000,283.7105263157895
BONA_078,2000,283.7105263157895
BONA_076,2000,283.7105263157895
BONA_082,2000,251.60526315789474
BONA_071,2000,283.7105263157895
BONA_087,2000,283.7105263157895
BONA_084,2000,251.55263157894737
BONA_080,2000,191.76315789473685
BONA_086,2000,191.76315789473685
BONA_088,2000,283.7105263157895
BONA_089,2000,251.60526315789474
BONA_085,2000,191.78947368421052
BONA_083,2000,174.73684210526315
BONA_074,2000,174.73684210526315
BONA_081,2000,172.47368421052633
BONA_077,2000,172.47368421052633
BONA_073,2000,172.47368421052633
BONA_014,2000,238.44736842105263
BONA_011,2000,170.31578947368422
BONA_001,2000,337.39473684210526
BONA_018,2000,188.44736842105263
BONA_023,2000,90.15789473684211
BONA_009,2000,90.8157894736842
BONA_002,2000,352.3421052631579
BONA_012,2000,258.9736842105263
BONA_008,2000,277.9736842105263
BONA_093,2000,283.7105263157895
BONA_007,2000,253.89473684210526
BONA_005,2000,343.7631578947368
BONA_021,2000,243.10526315789474
BONA_026,2000,209.18421052631578
BONA_022,2000,210.42105263157896
BONA_010,2000,210.42105263157896
BONA_003,2000,121.10526315789474
BONA_004,2000,215.52631578947367
BONA_006,2000,231.3421052631579
BONA_016,2000,141.8421052631579
BONA_013,2000,192.92105263157896
DEJU_050,2000,170.76315789473685
DEJU_051,2000,163.47368421052633
DEJU_049,2000,164.94736842105263
DEJU_057,2000,177.52631578947367
DEJU_047,2000,164.94736842105263
DEJU_052,2000,164.94736842105263
DEJU_045,2000,164.94736842105263
DEJU_056,2000,164.94736842105263
DEJU_061,2000,164.94736842105263
DEJU_064,2000,170.76315789473685
DEJU_054,2000,151.57894736842104
DEJU_060,2000,175.3421052631579
DEJU_046,2000,175.3421052631579
DEJU_055,2000,175.3421052631579
DEJU_063,2000,163.47368421052633
DEJU_059,2000,170.76315789473685
DEJU_048,2000,154.23684210526315
DEJU_062,2000,154.23684210526315
DEJU_058,2000,163.47368421052633
DEJU_053,2000,170.76315789473685
DEJU_010,2000,94.44736842105263
DEJU_004,2000,68.92105263157895
DEJU_003,2000,93.84210526315789
DEJU_023,2000,216.60526315789474
DEJU_008,2000,147.18421052631578
DEJU_019,2000,141.55263157894737
DEJU_005,2000,126.94736842105263
DEJU_001,2000,138.3421052631579
DEJU_007,2000,76.57894736842105
DEJU_015,2000,177.05263157894737
DEJU_017,2000,155.55263157894737
DEJU_014,2000,139.1315789473684
DEJU_006,2000,138.18421052631578
DEJU_021,2000,160.0
DEJU_002,2000,115.73684210526316
DEJU_024,2000,140.18421052631578
DEJU_016,2000,186.21052631578948
DEJU_009,2000,192.23684210526315
DEJU_018,2000,138.18421052631578
DEJU_020,2000,144.1315789473684
HEAL_072,2000,263.4736842105263
HEAL_063,2000,275.55263157894734
HEAL_070,2000,279.9736842105263
HEAL_060,2000,280.0
HEAL_071,2000,280.0
HEAL_050,2000,280.0
HEAL_067,2000,279.9736842105263
HEAL_068,2000,281.1578947368421
HEAL_064,2000,309.7368421052632
HEAL_062,2000,280.0
HEAL_061,2000,279.9736842105263
HEAL_073,2000,279.9736842105263
HEAL_052,2000,279.9736842105263
HEAL_066,2000,290.6842105263158
HEAL_058,2000,279.9736842105263
HEAL_069,2000,290.6842105263158
HEAL_048,2000,275.55263157894734
HEAL_054,2000,281.13157894736844
HEAL_053,2000,290.6842105263158
HEAL_074,2000,290.6842105263158
HEAL_056,2000,290.6842105263158
HEAL_051,2000,290.6842105263158
HEAL_065,2000,290.6842105263158
HEAL_057,2000,263.4736842105263
HEAL_046,2000,290.6842105263158
HEAL_059,2000,290.6842105263158
HEAL_055,2000,290.6842105263158
HEAL_047,2000,290.6842105263158
HEAL_010,2000,290.86842105263156
HEAL_002,2000,265.5
HEAL_003,2000,294.86842105263156
HEAL_014,2000,320.1842105263158
HEAL_022,2000,344.13157894736844
HEAL_023,2000,282.6578947368421
HEAL_021,2000,292.8157894736842
HEAL_001,2000,296.2631578947368
HEAL_016,2000,281.1578947368421
HEAL_020,2000,310.86842105263156
HEAL_006,2000,289.3421052631579
HEAL_019,2000,313.55263157894734
HEAL_011,2000,287.7368421052632
HEAL_025,2000,263.2631578947368
HEAL_018,2000,285.8157894736842
HEAL_017,2000,329.9736842105263
HEAL_004,2000,330.3157894736842
HEAL_005,2000,335.1578947368421
HEAL_015,2000,307.86842105263156
HEAL_049,2000,279.9736842105263
HEAL_026,2000,286.44736842105266
HEAL_045,2000,263.4736842105263
HEAL_024,2000,285.60526315789474
ABBY_063,2001,598.1521739130435
ABBY_068,2001,598.1521739130435
ABBY_065,2001,607.1086956521739
ABBY_067,2001,598.1521739130435
ABBY_066,2001,598.1521739130435
ABBY_061,2001,598.1521739130435
ABBY_070,2001,598.1521739130435
ABBY_062,2001,597.7173913043479
ABBY_064,2001,598.1521739130435
ABBY_069,2001,597.7173913043479
ABBY_075,2001,586.0
ABBY_074,2001,597.7173913043479
ABBY_073,2001,597.7173913043479
ABBY_076,2001,598.1521739130435
ABBY_004,2001,603.7608695652174
ABBY_009,2001,603.7608695652174
ABBY_011,2001,596.5869565217391
ABBY_013,2001,504.04347826086956
ABBY_023,2001,441.9130434782609
ABBY_010,2001,539.695652173913
ABBY_018,2001,561.0869565217391
ABBY_003,2001,548.5869565217391
ABBY_012,2001,575.0652173913044
ABBY_005,2001,581.7391304347826
ABBY_016,2001,579.9782608695652
ABBY_008,2001,565.0217391304348
ABBY_017,2001,635.3913043478261
ABBY_014,2001,619.3260869565217
ABBY_001,2001,557.0217391304348
ABBY_019,2001,567.0652173913044
ABBY_006,2001,534.0217391304348
ABBY_002,2001,531.9565217391304
ABBY_007,2001,630.5217391304348
ABBY_025,2001,521.7173913043479
ABBY_015,2001,563.195652173913
ABBY_077,2001,602.4782608695652
BART_012,2001,416.95652173913044
BART_001,2001,423.0652173913044
BART_005,2001,469.6521739130435
BART_044,2001,441.5652173913044
BART_037,2001,441.5652173913044
BART_073,2001,429.89130434782606
BART_074,2001,441.5652173913044
BART_075,2001,421.0869565217391
BART_042,2001,421.0869565217391
BART_072,2001,421.0869565217391
BART_046,2001,441.5652173913044
BART_036,2001,421.0869565217391
BART_051,2001,429.89130434782606
BART_041,2001,441.0217391304348
BART_034,2001,441.0217391304348
BART_039,2001,429.89130434782606
BART_050,2001,421.0869565217391
BART_040,2001,429.80434782608694
BART_071,2001,438.45652173913044
BART_070,2001,441.0217391304348
BART_033,2001,441.0217391304348
BART_047,2001,429.80434782608694
BART_032,2001,438.54347826086956
BART_015,2001,438.8478260869565
BART_016,2001,466.4130434782609
BART_028,2001,445.7173913043478
BART_010,2001,458.2391304347826
BART_013,2001,425.9782608695652
BART_026,2001,427.5652173913044
BART_006,2001,443.5
BART_023,2001,458.2391304347826
BART_002,2001,416.2608695652174
BART_018,2001,448.0
BART_003,2001,462.4782608695652
BART_024,2001,458.2391304347826
BART_011,2001,448.17391304347825
BART_025,2001,427.5652173913044
BART_007,2001,448.17391304347825
BART_027,2001,456.82608695652175
BART_004,2001,431.0652173913044
BART_019,2001,438.54347826086956
BLAN_042,2001,417.2826086956522
BLAN_056,2001,417.2826086956522
BLAN_034,2001,413.10869565217394
BLAN_043,2001,417.2826086956522
BLAN_046,2001,391.0217391304348
BLAN_045,2001,417.2826086956522
BLAN_059,2001,391.0217391304348
BLAN_039,2001,417.2826086956522
BLAN_033,2001,417.2826086956522
BLAN_051,2001,417.2826086956522
BLAN_054,2001,417.2826086956522
BLAN_031,2001,413.10869565217394
BLAN_049,2001,413.10869565217394
BLAN_060,2001,417.2826086956522
BLAN_035,2001,391.0217391304348
BLAN_038,2001,417.2826086956522
BLAN_040,2001,417.2826086956522
BLAN_037,2001,413.10869565217394
BLAN_044,2001,413.10869565217394
BLAN_050,2001,620.0434782608696
BLAN_052,2001,413.10869565217394
BLAN_048,2001,620.0434782608696
BLAN_055,2001,413.10869565217394
BLAN_057,2001,391.0217391304348
BLAN_032,2001,391.0217391304348
BLAN_036,2001,620.0434782608696
BLAN_047,2001,620.0434782608696
BLAN_063,2001,620.0434782608696
BLAN_005,2001,457.30434782608694
BLAN_017,2001,457.30434782608694
BLAN_011,2001,459.2608695652174
BLAN_068,2001,471.89130434782606
BLAN_016,2001,471.89130434782606
BLAN_001,2001,469.5217391304348
BLAN_008,2001,472.6521739130435
BLAN_003,2001,475.6521739130435
BLAN_018,2001,467.30434782608694
BLAN_004,2001,471.89130434782606
BLAN_014,2001,475.32608695652175
BLAN_020,2001,547.9130434782609
BLAN_006,2001,467.30434782608694
BLAN_007,2001,472.6521739130435
BLAN_010,2001,471.89130434782606
BLAN_012,2001,467.30434782608694
BLAN_013,2001,496.2608695652174
BLAN_015,2001,477.0652173913044
BLAN_009,2001,469.5217391304348
BLAN_053,2001,391.0217391304348
BLAN_041,2001,620.0434782608696
BLAN_064,2001,413.10869565217394
BLAN_019,2001,471.89130434782606
GRSM_057,2001,546.1304347826087
GRSM_048,2001,546.1304347826087
GRSM_059,2001,548.2826086956521
GRSM_054,2001,543.9782608695652
GRSM_049,2001,541.3478260869565
GRSM_066,2001,546.1304347826087
GRSM_065,2001,545.304347826087
GRSM_047,2001,548.2826086956521
GRSM_063,2001,540.1086956521739
GRSM_053,2001,540.1086956521739
GRSM_062,2001,543.9782608695652
GRSM_060,2001,548.2826086956521
GRSM_050,2001,543.7391304347826
GRSM_051,2001,548.2826086956521
GRSM_064,2001,548.2826086956521
GRSM_002,2001,548.0869565217391
GRSM_025,2001,494.82608695652175
GRSM_016,2001,388.2173913043478
GRSM_017,2001,537.5217391304348
GRSM_004,2001,568.0
GRSM_001,2001,567.3260869565217
GRSM_012,2001,502.7826086956522
GRSM_008,2001,506.5869565217391
GRSM_003,2001,491.9130434782609
GRSM_019,2001,552.3260869565217
GRSM_006,2001,552.3260869565217
GRSM_013,2001,559.6304347826087
GRSM_015,2001,555.5
GRSM_014,2001,540.2608695652174
GRSM_010,2001,555.1304347826087
GRSM_005,2001,525.1086956521739
GRSM_011,2001,554.8478260869565
GRSM_007,2001,568.4782608695652
GRSM_009,2001,516.1304347826087
GRSM_055,2001,540.1086956521739
GRSM_018,2001,552.5434782608696
GRSM_061,2001,548.2826086956521
GRSM_056,2001,548.2826086956521
GRSM_058,2001,545.304347826087
GRSM_052,2001,543.9782608695652
HARV_013,2001,501.32608695652175
HARV_022,2001,475.3695652173913
HARV_008,2001,472.89130434782606
HARV_004,2001,486.69565217391306
HARV_024,2001,460.67391304347825
HARV_010,2001,0.0
HARV_006,2001,459.3478260869565
HARV_001,2001,428.9782608695652
HARV_005,2001,448.1304347826087
HARV_027,2001,472.67391304347825
HARV_043,2001,483.67391304347825
HARV_035,2001,483.67391304347825
HARV_037,2001,499.9347826086956
HARV_020,2001,483.95652173913044
HARV_023,2001,469.8695652173913
HARV_014,2001,469.5652173913044
HARV_011,2001,465.04347826086956
HARV_025,2001,482.2608695652174
HARV_002,2001,474.80434782608694
HARV_012,2001,485.7826086956522
HARV_026,2001,472.3478260869565
HARV_016,2001,453.0869565217391
HARV_039,2001,473.2826086956522
HARV_021,2001,464.2391304347826
HARV_045,2001,483.17391304347825
HARV_041,2001,499.8695652173913
HARV_038,2001,499.9347826086956
HARV_050,2001,499.9347826086956
HARV_048,2001,483.67391304347825
HARV_036,2001,483.17391304347825
HARV_052,2001,483.67391304347825
HARV_049,2001,473.19565217391306
HARV_047,2001,499.9347826086956
HARV_044,2001,499.9347826086956
HARV_040,2001,483.67391304347825
HARV_046,2001,499.8695652173913
HARV_033,2001,499.9347826086956
HARV_051,2001,473.2826086956522
HARV_034,2001,499.9347826086956
HARV_042,2001,473.2826086956522
HARV_015,2001,499.8695652173913
HARV_017,2001,466.2391304347826
JERC_002,2001,543.1086956521739
JERC_015,2001,549.7391304347826
JERC_007,2001,516.7391304347826
JERC_001,2001,509.3478260869565
JERC_010,2001,593.9782608695652
JERC_009,2001,524.1521739130435
JERC_029,2001,591.5434782608696
JERC_021,2001,554.8913043478261
JERC_011,2001,591.5434782608696
JERC_040,2001,483.10869565217394
JERC_035,2001,563.3695652173913
JERC_033,2001,549.7391304347826
JERC_019,2001,601.9565217391304
JERC_030,2001,585.6521739130435
JERC_034,2001,511.0217391304348
JERC_036,2001,640.0
JERC_028,2001,273.67391304347825
JERC_044,2001,569.2608695652174
JERC_016,2001,640.0
JERC_038,2001,658.0434782608696
JERC_006,2001,582.6739130434783
JERC_041,2001,613.4782608695652
JERC_031,2001,560.3695652173913
JERC_042,2001,593.9782608695652
JERC_008,2001,613.6739130434783
JERC_005,2001,613.6739130434783
JERC_003,2001,509.3478260869565
JERC_022,2001,605.0
JERC_013,2001,597.5
JERC_066,2001,543.1086956521739
JERC_065,2001,560.3695652173913
JERC_054,2001,616.1521739130435
JERC_051,2001,560.3695652173913
JERC_062,2001,543.195652173913
JERC_047,2001,543.195652173913
JERC_057,2001,560.3695652173913
JERC_060,2001,560.3695652173913
JERC_064,2001,560.3695652173913
JERC_050,2001,543.195652173913
JERC_053,2001,543.1086956521739
JERC_049,2001,543.195652173913
JERC_061,2001,543.195652173913
JERC_058,2001,543.1086956521739
JERC_048,2001,543.1086956521739
JERC_063,2001,543.1086956521739
JERC_052,2001,543.195652173913
JERC_059,2001,543.1086956521739
JERC_056,2001,543.195652173913
JERC_055,2001,543.195652173913
JERC_004,2001,633.804347826087
JERC_014,2001,617.9782608695652
JERC_012,2001,530.5434782608696
MLBS_076,2001,451.9347826086956
MLBS_061,2001,452.82608695652175
MLBS_064,2001,452.82608695652175
MLBS_075,2001,450.89130434782606
MLBS_065,2001,450.89130434782606
MLBS_062,2001,450.80434782608694
MLBS_069,2001,451.9347826086956
MLBS_063,2001,451.89130434782606
MLBS_073,2001,451.89130434782606
MLBS_074,2001,451.9347826086956
MLBS_066,2001,451.89130434782606
MLBS_067,2001,451.89130434782606
MLBS_071,2001,451.9347826086956
MLBS_072,2001,451.89130434782606
MLBS_070,2001,451.89130434782606
MLBS_068,2001,451.89130434782606
MLBS_009,2001,452.82608695652175
MLBS_010,2001,441.60869565217394
MLBS_005,2001,433.8695652173913
MLBS_003,2001,441.60869565217394
MLBS_019,2001,470.95652173913044
MLBS_016,2001,497.32608695652175
MLBS_015,2001,495.0652173913044
MLBS_014,2001,492.7173913043478
MLBS_001,2001,439.8478260869565
MLBS_017,2001,439.8478260869565
MLBS_011,2001,445.39130434782606
MLBS_012,2001,445.39130434782606
MLBS_002,2001,450.89130434782606
MLBS_004,2001,493.5217391304348
MLBS_018,2001,483.4347826086956
MLBS_008,2001,501.39130434782606
MLBS_007,2001,494.4347826086956
MLBS_006,2001,482.10869565217394
MLBS_020,2001,482.9347826086956
MLBS_013,2001,482.69565217391306
ORNL_002,2001,566.7608695652174
ORNL_003,2001,520.1304347826087
ORNL_009,2001,483.2391304347826
ORNL_021,2001,491.4347826086956
ORNL_031,2001,397.7608695652174
ORNL_033,2001,486.60869565217394
ORNL_066,2001,622.6086956521739
ORNL_044,2001,622.6086956521739
ORNL_012,2001,0.0
ORNL_004,2001,488.4130434782609
ORNL_001,2001,454.1304347826087
ORNL_027,2001,522.2826086956521
ORNL_014,2001,514.0434782608696
ORNL_029,2001,521.6521739130435
ORNL_007,2001,543.3478260869565
ORNL_006,2001,522.9130434782609
ORNL_008,2001,555.1304347826087
ORNL_035,2001,561.2173913043479
ORNL_010,2001,546.0434782608696
ORNL_032,2001,520.9782608695652
ORNL_055,2001,540.195652173913
ORNL_062,2001,540.195652173913
ORNL_063,2001,541.0
ORNL_049,2001,541.0
ORNL_052,2001,540.195652173913
ORNL_059,2001,520.1521739130435
ORNL_036,2001,545.695652173913
ORNL_053,2001,520.1521739130435
ORNL_046,2001,520.1521739130435
ORNL_043,2001,541.1521739130435
ORNL_058,2001,541.1521739130435
ORNL_060,2001,541.1521739130435
ORNL_056,2001,540.195652173913
ORNL_037,2001,540.195652173913
ORNL_057,2001,545.695652173913
ORNL_051,2001,540.195652173913
ORNL_061,2001,520.1521739130435
ORNL_054,2001,545.695652173913
ORNL_045,2001,545.695652173913
ORNL_050,2001,545.695652173913
ORNL_017,2001,537.8260869565217
ORNL_068,2001,470.67391304347825
ORNL_019,2001,540.695652173913
ORNL_018,2001,458.6304347826087
ORNL_067,2001,487.30434782608694
ORNL_015,2001,520.2173913043479
OSBS_002,2001,511.1304347826087
OSBS_006,2001,500.7391304347826
OSBS_048,2001,483.5
OSBS_001,2001,622.0652173913044
OSBS_018,2001,424.8478260869565
OSBS_011,2001,467.30434782608694
OSBS_014,2001,527.9782608695652
OSBS_004,2001,490.39130434782606
OSBS_020,2001,417.7826086956522
OSBS_023,2001,467.30434782608694
OSBS_049,2001,495.5652173913044
OSBS_003,2001,462.7173913043478
OSBS_012,2001,422.89130434782606
OSBS_013,2001,490.39130434782606
OSBS_024,2001,467.30434782608694
OSBS_016,2001,534.5652173913044
OSBS_008,2001,534.304347826087
OSBS_010,2001,575.3695652173913
OSBS_051,2001,455.3478260869565
OSBS_050,2001,490.0
OSBS_007,2001,503.8478260869565
OSBS_005,2001,510.7826086956522
OSBS_017,2001,546.7173913043479
OSBS_043,2001,488.4347826086956
OSBS_022,2001,527.9782608695652
OSBS_039,2001,510.0869565217391
OSBS_036,2001,510.0869565217391
OSBS_029,2001,510.0869565217391
OSBS_040,2001,503.19565217391306
OSBS_015,2001,690.3478260869565
OSBS_025,2001,480.0217391304348
OSBS_030,2001,480.0217391304348
OSBS_038,2001,480.0217391304348
OSBS_042,2001,480.0217391304348
OSBS_035,2001,465.5217391304348
OSBS_037,2001,465.5217391304348
OSBS_028,2001,465.5217391304348
OSBS_021,2001,530.2173913043479
OSBS_041,2001,465.5217391304348
OSBS_009,2001,521.4130434782609
OSBS_031,2001,503.19565217391306
OSBS_033,2001,510.0869565217391
OSBS_032,2001,510.0869565217391
OSBS_044,2001,510.0869565217391
OSBS_027,2001,510.0869565217391
OSBS_034,2001,503.19565217391306
OSBS_026,2001,510.0869565217391
OSBS_063,2001,483.9347826086956
OSBS_067,2001,476.0652173913044
OSBS_066,2001,690.3478260869565
OSBS_068,2001,476.69565217391306
OSBS_070,2001,503.19565217391306
OSBS_073,2001,510.3478260869565
RMNP_043,2001,161.56521739130434
RMNP_042,2001,161.56521739130434
RMNP_041,2001,297.82608695652175
RMNP_048,2001,161.56521739130434
RMNP_049,2001,161.56521739130434
RMNP_046,2001,161.56521739130434
RMNP_047,2001,161.56521739130434
RMNP_045,2001,161.56521739130434
RMNP_044,2001,161.56521739130434
RMNP_013,2001,294.2391304347826
RMNP_003,2001,325.60869565217394
RMNP_009,2001,325.60869565217394
RMNP_011,2001,128.97826086956522
RMNP_019,2001,284.6304347826087
RMNP_015,2001,345.60869565217394
RMNP_002,2001,345.17391304347825
RMNP_020,2001,345.60869565217394
RMNP_016,2001,327.5217391304348
RMNP_017,2001,311.1304347826087
RMNP_005,2001,343.0869565217391
RMNP_001,2001,309.10869565217394
RMNP_014,2001,364.82608695652175
RMNP_008,2001,342.6521739130435
RMNP_012,2001,368.04347826086956
RMNP_018,2001,364.9782608695652
RMNP_006,2001,368.0217391304348
RMNP_004,2001,294.4130434782609
RMNP_010,2001,303.5652173913044
RMNP_007,2001,303.5652173913044
SCBI_008,2001,665.7826086956521
SCBI_004,2001,494.89130434782606
SCBI_015,2001,477.2173913043478
SCBI_017,2001,495.95652173913044
SCBI_013,2001,498.5652173913044
SCBI_007,2001,499.9347826086956
SCBI_018,2001,483.0869565217391
SCBI_003,2001,515.304347826087
SCBI_011,2001,484.0217391304348
SCBI_016,2001,493.6521739130435
SCBI_002,2001,499.45652173913044
SCBI_010,2001,502.2391304347826
SCBI_014,2001,501.67391304347825
SCBI_005,2001,508.6304347826087
SCBI_056,2001,497.2608695652174
SCBI_045,2001,499.32608695652175
SCBI_053,2001,497.2608695652174
SCBI_061,2001,497.2608695652174
SCBI_050,2001,497.2608695652174
SCBI_057,2001,497.2608695652174
SCBI_062,2001,499.45652173913044
SCBI_047,2001,499.45652173913044
SCBI_067,2001,499.45652173913044
SCBI_066,2001,499.45652173913044
SCBI_064,2001,499.32608695652175
SCBI_052,2001,499.32608695652175
SCBI_054,2001,499.32608695652175
SCBI_046,2001,499.45652173913044
SCBI_049,2001,499.45652173913044
SCBI_063,2001,499.45652173913044
SCBI_055,2001,497.2608695652174
SCBI_048,2001,499.45652173913044
SCBI_051,2001,497.2608695652174
SCBI_058,2001,499.32608695652175
SCBI_034,2001,393.5217391304348
SCBI_038,2001,481.2608695652174
SCBI_033,2001,393.5217391304348
SCBI_006,2001,495.69565217391306
SCBI_035,2001,481.2608695652174
SCBI_012,2001,533.8260869565217
SCBI_071,2001,502.2391304347826
SCBI_019,2001,682.9347826086956
SCBI_021,2001,495.69565217391306
SCBI_023,2001,477.2173913043478
SCBI_022,2001,513.5217391304348
SERC_062,2001,501.60869565217394
SERC_045,2001,501.60869565217394
SERC_051,2001,501.60869565217394
SERC_050,2001,498.39130434782606
SERC_052,2001,529.1304347826087
SERC_058,2001,531.1521739130435
SERC_043,2001,531.3695652173913
SERC_055,2001,508.1304347826087
SERC_048,2001,531.1521739130435
SERC_060,2001,531.1521739130435
SERC_061,2001,529.3913043478261
SERC_054,2001,529.3913043478261
SERC_059,2001,510.7826086956522
SERC_046,2001,526.3695652173913
SERC_053,2001,529.3913043478261
SERC_044,2001,526.3695652173913
SERC_047,2001,512.5217391304348
SERC_049,2001,512.5217391304348
SERC_057,2001,512.5217391304348
SERC_056,2001,512.5217391304348
SERC_007,2001,605.6521739130435
SERC_018,2001,566.6739130434783
SERC_009,2001,525.8478260869565
SERC_008,2001,566.804347826087
SERC_011,2001,541.9130434782609
SERC_003,2001,529.0869565217391
SERC_006,2001,521.6086956521739
SERC_001,2001,452.04347826086956
SERC_017,2001,460.9130434782609
SERC_019,2001,506.67391304347825
SERC_010,2001,616.7826086956521
SERC_014,2001,391.6521739130435
SERC_012,2001,531.6304347826087
SERC_016,2001,528.9565217391304
SERC_022,2001,527.0434782608696
SERC_004,2001,506.67391304347825
SERC_021,2001,531.3695652173913
SERC_013,2001,480.60869565217394
SERC_005,2001,541.1739130434783
SERC_002,2001,550.0869565217391
SERC_067,2001,520.5
SERC_073,2001,498.39130434782606
SOAP_059,2001,425.6304347826087
SOAP_057,2001,425.6304347826087
SOAP_051,2001,425.6304347826087
SOAP_048,2001,425.6304347826087
SOAP_058,2001,442.2608695652174
SOAP_043,2001,441.6304347826087
SOAP_050,2001,441.6304347826087
SOAP_044,2001,506.5869565217391
SOAP_052,2001,506.3478260869565
SOAP_046,2001,506.5869565217391
SOAP_060,2001,506.3478260869565
SOAP_055,2001,441.6304347826087
SOAP_054,2001,443.9130434782609
SOAP_047,2001,443.9130434782609
SOAP_031,2001,451.60869565217394
SOAP_049,2001,451.60869565217394
SOAP_056,2001,451.60869565217394
SOAP_053,2001,443.9130434782609
SOAP_045,2001,471.32608695652175
SOAP_061,2001,425.6304347826087
SOAP_002,2001,335.9347826086956
SOAP_010,2001,425.6304347826087
SOAP_006,2001,410.30434782608694
SOAP_013,2001,335.9347826086956
SOAP_012,2001,470.60869565217394
SOAP_004,2001,425.6304347826087
SOAP_003,2001,457.0652173913044
SOAP_016,2001,461.0217391304348
SOAP_007,2001,454.69565217391306
SOAP_020,2001,443.9130434782609
SOAP_009,2001,459.9130434782609
SOAP_008,2001,470.60869565217394
SOAP_021,2001,424.6521739130435
SOAP_018,2001,461.9782608695652
SOAP_019,2001,461.9782608695652
SOAP_017,2001,462.1521739130435
SOAP_015,2001,417.2391304347826
SOAP_001,2001,566.4565217391304
SOAP_011,2001,442.2608695652174
SOAP_022,2001,417.2391304347826
SOAP_024,2001,410.30434782608694
STEI_058,2001,512.6521739130435
STEI_051,2001,512.6521739130435
STEI_056,2001,370.80434782608694
STEI_046,2001,370.80434782608694
STEI_061,2001,370.80434782608694
STEI_062,2001,370.80434782608694
STEI_052,2001,370.80434782608694
STEI_055,2001,512.6521739130435
STEI_047,2001,370.80434782608694
STEI_053,2001,370.80434782608694
STEI_048,2001,513.0217391304348
STEI_060,2001,370.80434782608694
STEI_054,2001,513.0217391304348
STEI_049,2001,370.80434782608694
STEI_057,2001,370.80434782608694
STEI_050,2001,513.0217391304348
STEI_059,2001,513.0217391304348
STEI_005,2001,518.4782608695652
STEI_009,2001,375.32608695652175
STEI_012,2001,398.04347826086956
STEI_017,2001,526.0434782608696
STEI_019,2001,362.89130434782606
STEI_003,2001,528.8260869565217
STEI_007,2001,533.7826086956521
STEI_002,2001,391.9130434782609
STEI_011,2001,386.95652173913044
STEI_010,2001,390.0
STEI_008,2001,533.9347826086956
STEI_015,2001,382.3478260869565
STEI_016,2001,520.1086956521739
STEI_004,2001,510.7391304347826
STEI_013,2001,391.0217391304348
STEI_001,2001,368.8478260869565
STEI_021,2001,510.04347826086956
STEI_006,2001,520.5652173913044
STEI_014,2001,386.30434782608694
STEI_022,2001,391.6304347826087
STEI_023,2001,384.89130434782606
TALL_003,2001,686.1521739130435
TALL_005,2001,623.195652173913
TALL_009,2001,602.4565217391304
TALL_012,2001,708.304347826087
TALL_004,2001,503.8478260869565
TALL_010,2001,703.2391304347826
TALL_007,2001,697.2826086956521
TALL_002,2001,702.7826086956521
TALL_022,2001,714.7608695652174
TALL_015,2001,693.3260869565217
TALL_016,2001,699.7608695652174
TALL_011,2001,702.7173913043479
TALL_018,2001,1037.4782608695652
TALL_006,2001,604.4130434782609
TALL_013,2001,610.804347826087
TALL_001,2001,526.0869565217391
TALL_017,2001,694.2391304347826
TALL_020,2001,503.7173913043478
TALL_008,2001,708.4782608695652
TALL_043,2001,622.4782608695652
TALL_049,2001,622.4782608695652
TALL_046,2001,622.4782608695652
TALL_061,2001,622.6521739130435
TALL_052,2001,622.4565217391304
TALL_050,2001,705.2826086956521
TALL_051,2001,622.6521739130435
TALL_057,2001,622.6521739130435
TALL_060,2001,705.2826086956521
TALL_055,2001,622.6521739130435
TALL_058,2001,622.4565217391304
TALL_045,2001,705.2826086956521
TALL_059,2001,622.4565217391304
TALL_054,2001,622.6521739130435
TALL_056,2001,622.4565217391304
TALL_044,2001,705.2826086956521
TALL_047,2001,705.2826086956521
TALL_048,2001,622.4782608695652
TALL_042,2001,622.4782608695652
TALL_053,2001,622.4565217391304
TALL_064,2001,676.804347826087
TALL_025,2001,623.1086956521739
TEAK_045,2001,335.0652173913044
TEAK_054,2001,335.0652173913044
TEAK_048,2001,335.0652173913044
TEAK_061,2001,335.0652173913044
TEAK_059,2001,335.0652173913044
TEAK_049,2001,335.04347826086956
TEAK_060,2001,335.04347826086956
TEAK_055,2001,335.04347826086956
TEAK_062,2001,342.3478260869565
TEAK_056,2001,353.0652173913044
TEAK_044,2001,353.0652173913044
TEAK_057,2001,379.4347826086956
TEAK_053,2001,353.0652173913044
TEAK_047,2001,353.0652173913044
TEAK_051,2001,379.4347826086956
TEAK_046,2001,358.3695652173913
TEAK_058,2001,335.04347826086956
TEAK_043,2001,342.3478260869565
TEAK_052,2001,358.3695652173913
TEAK_050,2001,349.54347826086956
TEAK_001,2001,413.3695652173913
TEAK_002,2001,379.45652173913044
TEAK_003,2001,403.0652173913044
TEAK_004,2001,332.5652173913044
TEAK_006,2001,391.32608695652175
TEAK_025,2001,257.8695652173913
TEAK_005,2001,157.1304347826087
TEAK_011,2001,369.5869565217391
TEAK_007,2001,349.4130434782609
TEAK_014,2001,408.1521739130435
TEAK_010,2001,403.7608695652174
TEAK_012,2001,403.0652173913044
TEAK_017,2001,343.9347826086956
TEAK_013,2001,356.6521739130435
TEAK_019,2001,481.5217391304348
TEAK_020,2001,345.54347826086956
TEAK_016,2001,277.6521739130435
TEAK_015,2001,318.4347826086956
TEAK_024,2001,265.6521739130435
TEAK_018,2001,350.3478260869565
TREE_042,2001,386.8478260869565
TREE_053,2001,382.7173913043478
TREE_049,2001,382.7173913043478
TREE_046,2001,382.7173913043478
TREE_055,2001,382.7173913043478
TREE_056,2001,382.7173913043478
TREE_050,2001,497.4347826086956
TREE_054,2001,497.4347826086956
TREE_052,2001,382.7173913043478
TREE_051,2001,382.7173913043478
TREE_057,2001,383.3478260869565
TREE_025,2001,383.3478260869565
TREE_043,2001,383.3478260869565
TREE_044,2001,383.3478260869565
TREE_048,2001,497.32608695652175
TREE_047,2001,365.1521739130435
TREE_041,2001,390.89130434782606
TREE_040,2001,365.1521739130435
TREE_039,2001,383.3478260869565
TREE_045,2001,383.3478260869565
TREE_017,2001,383.3478260869565
TREE_019,2001,383.8478260869565
TREE_010,2001,389.95652173913044
TREE_016,2001,367.17391304347825
TREE_001,2001,359.5
TREE_014,2001,359.5
TREE_009,2001,386.0869565217391
TREE_060,2001,377.8695652173913
TREE_012,2001,383.8478260869565
TREE_005,2001,396.5217391304348
TREE_011,2001,356.3478260869565
TREE_018,2001,389.9347826086956
TREE_003,2001,377.8478260869565
TREE_007,2001,356.3478260869565
TREE_008,2001,520.2826086956521
TREE_006,2001,382.1304347826087
TREE_004,2001,520.2826086956521
TREE_002,2001,389.9347826086956
TREE_015,2001,402.69565217391306
TREE_023,2001,402.69565217391306
TREE_062,2001,386.0869565217391
TREE_064,2001,367.17391304347825
TREE_022,2001,382.1304347826087
TREE_063,2001,381.17391304347825
UNDE_048,2001,380.8695652173913
UNDE_038,2001,374.19565217391306
UNDE_037,2001,347.67391304347825
UNDE_045,2001,380.8695652173913
UNDE_058,2001,383.5869565217391
UNDE_052,2001,380.8695652173913
UNDE_047,2001,375.60869565217394
UNDE_054,2001,383.5869565217391
UNDE_057,2001,380.8695652173913
UNDE_050,2001,383.5869565217391
UNDE_055,2001,383.5869565217391
UNDE_059,2001,371.4130434782609
UNDE_065,2001,370.0
UNDE_043,2001,380.8695652173913
UNDE_044,2001,371.4130434782609
UNDE_049,2001,383.5869565217391
UNDE_056,2001,380.8695652173913
UNDE_078,2001,374.19565217391306
UNDE_061,2001,374.19565217391306
UNDE_060,2001,383.5869565217391
UNDE_014,2001,350.54347826086956
UNDE_013,2001,383.5869565217391
UNDE_002,2001,362.82608695652175
UNDE_001,2001,383.4347826086956
UNDE_003,2001,353.10869565217394
UNDE_010,2001,359.9130434782609
UNDE_006,2001,352.8695652173913
UNDE_011,2001,384.17391304347825
UNDE_007,2001,367.6521739130435
UNDE_012,2001,365.9347826086956
UNDE_008,2001,352.8695652173913
UNDE_016,2001,346.5652173913044
UNDE_020,2001,353.60869565217394
UNDE_021,2001,308.95652173913044
UNDE_022,2001,374.8478260869565
UNDE_018,2001,345.10869565217394
UNDE_019,2001,362.8478260869565
UNDE_023,2001,391.5217391304348
UNDE_015,2001,391.5217391304348
UNDE_027,2001,366.4782608695652
WREF_089,2001,521.3260869565217
WREF_082,2001,590.5
WREF_077,2001,547.2608695652174
WREF_083,2001,521.3260869565217
WREF_086,2001,512.1304347826087
WREF_081,2001,512.4130434782609
WREF_076,2001,554.0434782608696
WREF_070,2001,547.2608695652174
WREF_074,2001,590.5
WREF_072,2001,551.6304347826087
WREF_080,2001,537.7173913043479
WREF_073,2001,537.7173913043479
WREF_079,2001,537.7173913043479
WREF_085,2001,590.0434782608696
WREF_084,2001,590.0434782608696
WREF_078,2001,584.8260869565217
WREF_088,2001,590.5
WREF_087,2001,590.0434782608696
WREF_075,2001,547.2608695652174
WREF_071,2001,590.5
WREF_012,2001,587.1521739130435
WREF_016,2001,618.7608695652174
WREF_015,2001,576.2608695652174
WREF_013,2001,585.0652173913044
WREF_001,2001,529.5217391304348
WREF_003,2001,604.0434782608696
WREF_018,2001,627.2826086956521
WREF_020,2001,623.1086956521739
WREF_002,2001,649.8913043478261
WREF_019,2001,558.5652173913044
WREF_010,2001,661.1521739130435
WREF_007,2001,586.5652173913044
WREF_008,2001,603.0
WREF_006,2001,589.9347826086956
WREF_005,2001,523.9782608695652
WREF_014,2001,532.6521739130435
WREF_009,2001,591.1521739130435
WREF_011,2001,607.5434782608696
WREF_004,2001,576.0434782608696
WREF_017,2001,576.5869565217391
DELA_013,2001,685.0434782608696
DELA_003,2001,654.0652173913044
DELA_005,2001,490.5
DELA_011,2001,433.69565217391306
DELA_004,2001,502.19565217391306
DELA_018,2001,502.80434782608694
DELA_014,2001,505.2826086956522
DELA_015,2001,502.19565217391306
DELA_012,2001,505.2826086956522
DELA_010,2001,502.80434782608694
DELA_016,2001,566.4565217391304
DELA_001,2001,661.4565217391304
DELA_019,2001,542.5217391304348
DELA_017,2001,566.4565217391304
DELA_009,2001,654.0652173913044
DELA_002,2001,505.2826086956522
DELA_007,2001,502.80434782608694
DELA_020,2001,546.8695652173913
DELA_006,2001,542.5217391304348
DELA_008,2001,685.0652173913044
DELA_046,2001,546.8695652173913
DELA_053,2001,546.8695652173913
DELA_051,2001,538.195652173913
DELA_043,2001,538.195652173913
DELA_040,2001,546.8695652173913
DELA_052,2001,538.195652173913
DELA_041,2001,538.195652173913
DELA_044,2001,538.195652173913
DELA_039,2001,520.5434782608696
DELA_054,2001,546.8695652173913
DELA_045,2001,546.8695652173913
DELA_042,2001,681.7826086956521
DELA_055,2001,520.5434782608696
DELA_037,2001,546.8695652173913
DELA_050,2001,546.8695652173913
DELA_056,2001,546.8695652173913
DELA_047,2001,502.80434782608694
DELA_048,2001,502.80434782608694
DELA_049,2001,681.7826086956521
DELA_038,2001,520.5434782608696
DELA_023,2001,685.0652173913044
DELA_022,2001,685.0434782608696
DELA_021,2001,453.4347826086956
DELA_059,2001,681.7826086956521
LENO_061,2001,692.4565217391304
LENO_065,2001,692.4565217391304
LENO_062,2001,692.4565217391304
LENO_068,2001,636.9782608695652
LENO_067,2001,636.9782608695652
LENO_064,2001,692.4565217391304
LENO_063,2001,636.9782608695652
LENO_066,2001,546.0
LENO_069,2001,546.0
LENO_070,2001,546.0
LENO_003,2001,520.5652173913044
LENO_002,2001,525.6521739130435
LENO_014,2001,527.7826086956521
LENO_011,2001,509.1304347826087
LENO_005,2001,515.3695652173913
LENO_015,2001,679.3695652173913
LENO_010,2001,522.8260869565217
LENO_012,2001,629.695652173913
LENO_009,2001,557.9565217391304
LENO_018,2001,662.2173913043479
LENO_006,2001,532.3695652173913
LENO_013,2001,513.4782608695652
LENO_007,2001,527.8260869565217
LENO_008,2001,679.3695652173913
LENO_022,2001,559.3478260869565
LENO_001,2001,467.7391304347826
LENO_016,2001,532.3695652173913
LENO_021,2001,690.2173913043479
LENO_017,2001,503.3478260869565
LENO_004,2001,492.7826086956522
LENO_019,2001,546.1521739130435
UKFS_032,2001,439.82608695652175
UKFS_057,2001,439.8478260869565
UKFS_051,2001,439.8478260869565
UKFS_047,2001,475.60869565217394
UKFS_055,2001,439.82608695652175
UKFS_058,2001,475.60869565217394
UKFS_060,2001,439.82608695652175
UKFS_056,2001,473.2826086956522
UKFS_054,2001,458.3695652173913
UKFS_050,2001,473.54347826086956
UKFS_046,2001,473.54347826086956
UKFS_045,2001,475.54347826086956
UKFS_043,2001,473.54347826086956
UKFS_052,2001,475.54347826086956
UKFS_059,2001,473.54347826086956
UKFS_048,2001,473.54347826086956
UKFS_049,2001,473.2826086956522
UKFS_031,2001,475.60869565217394
UKFS_044,2001,473.2826086956522
UKFS_053,2001,473.2826086956522
UKFS_007,2001,298.3695652173913
UKFS_005,2001,456.69565217391306
UKFS_004,2001,516.3478260869565
UKFS_009,2001,305.19565217391306
UKFS_006,2001,473.54347826086956
UKFS_012,2001,265.19565217391306
UKFS_002,2001,271.1304347826087
UKFS_010,2001,376.8478260869565
UKFS_003,2001,376.8478260869565
UKFS_001,2001,475.54347826086956
UKFS_011,2001,458.3695652173913
UKFS_008,2001,458.3695652173913
UKFS_017,2001,265.19565217391306
UKFS_019,2001,448.95652173913044
UKFS_016,2001,450.82608695652175
UKFS_018,2001,376.82608695652175
UKFS_014,2001,475.54347826086956
UKFS_015,2001,446.2391304347826
UKFS_013,2001,395.17391304347825
UKFS_025,2001,366.10869565217394
YELL_002,2001,154.65217391304347
YELL_016,2001,102.65217391304348
YELL_013,2001,122.45652173913044
YELL_006,2001,119.95652173913044
YELL_020,2001,222.56521739130434
YELL_008,2001,156.32608695652175
YELL_014,2001,164.58695652173913
YELL_001,2001,131.58695652173913
YELL_011,2001,100.02173913043478
YELL_004,2001,105.26086956521739
YELL_003,2001,110.47826086956522
YELL_010,2001,126.82608695652173
YELL_005,2001,114.04347826086956
YELL_007,2001,150.04347826086956
YELL_018,2001,145.8695652173913
YELL_023,2001,151.69565217391303
YELL_012,2001,144.8695652173913
YELL_009,2001,163.80434782608697
YELL_021,2001,262.4130434782609
YELL_022,2001,154.30434782608697
YELL_047,2001,116.19565217391305
YELL_054,2001,116.19565217391305
YELL_058,2001,116.19565217391305
YELL_044,2001,116.19565217391305
YELL_052,2001,116.23913043478261
YELL_055,2001,116.23913043478261
YELL_062,2001,116.19565217391305
YELL_056,2001,138.7173913043478
YELL_048,2001,138.7173913043478
YELL_060,2001,137.5
YELL_051,2001,116.23913043478261
YELL_053,2001,126.47826086956522
YELL_045,2001,138.7173913043478
YELL_046,2001,116.23913043478261
YELL_061,2001,116.23913043478261
YELL_049,2001,126.47826086956522
YELL_059,2001,116.23913043478261
YELL_043,2001,126.47826086956522
YELL_050,2001,137.5
YELL_057,2001,137.5
YELL_015,2001,119.73913043478261
BONA_072,2001,178.54347826086956
BONA_079,2001,178.52173913043478
BONA_070,2001,177.97826086956522
BONA_075,2001,178.52173913043478
BONA_078,2001,178.52173913043478
BONA_076,2001,178.54347826086956
BONA_082,2001,222.06521739130434
BONA_071,2001,178.52173913043478
BONA_087,2001,178.54347826086956
BONA_084,2001,222.04347826086956
BONA_080,2001,177.97826086956522
BONA_086,2001,177.97826086956522
BONA_088,2001,178.52173913043478
BONA_089,2001,222.06521739130434
BONA_085,2001,177.97826086956522
BONA_083,2001,147.8913043478261
BONA_074,2001,147.8913043478261
BONA_081,2001,156.95652173913044
BONA_077,2001,156.95652173913044
BONA_073,2001,156.95652173913044
BONA_014,2001,205.43478260869566
BONA_011,2001,159.2826086956522
BONA_001,2001,294.5652173913044
BONA_018,2001,167.93478260869566
BONA_023,2001,89.34782608695652
BONA_009,2001,105.41304347826087
BONA_002,2001,327.5869565217391
BONA_012,2001,218.84782608695653
BONA_008,2001,179.6304347826087
BONA_093,2001,178.52173913043478
BONA_007,2001,212.8695652173913
BONA_005,2001,340.95652173913044
BONA_021,2001,226.2826086956522
BONA_026,2001,213.65217391304347
BONA_022,2001,166.1304347826087
BONA_010,2001,166.1304347826087
BONA_003,2001,123.73913043478261
BONA_004,2001,202.6304347826087
BONA_006,2001,251.2826086956522
BONA_016,2001,142.65217391304347
BONA_013,2001,196.8695652173913
DEJU_050,2001,142.06521739130434
DEJU_051,2001,145.93478260869566
DEJU_049,2001,152.2391304347826
DEJU_057,2001,162.7826086956522
DEJU_047,2001,152.2391304347826
DEJU_052,2001,152.2391304347826
DEJU_045,2001,152.2391304347826
DEJU_056,2001,152.2391304347826
DEJU_061,2001,152.2391304347826
DEJU_064,2001,142.06521739130434
DEJU_054,2001,133.32608695652175
DEJU_060,2001,150.0
DEJU_046,2001,150.0
DEJU_055,2001,150.0
DEJU_063,2001,145.93478260869566
DEJU_059,2001,142.06521739130434
DEJU_048,2001,147.82608695652175
DEJU_062,2001,147.82608695652175
DEJU_058,2001,145.93478260869566
DEJU_053,2001,142.06521739130434
DEJU_010,2001,37.97826086956522
DEJU_004,2001,39.82608695652174
DEJU_003,2001,27.76086956521739
DEJU_023,2001,198.8913043478261
DEJU_008,2001,56.43478260869565
DEJU_019,2001,137.56521739130434
DEJU_005,2001,132.6086956521739
DEJU_001,2001,134.3913043478261
DEJU_007,2001,63.52173913043478
DEJU_015,2001,161.7826086956522
DEJU_017,2001,141.1304347826087
DEJU_014,2001,123.69565217391305
DEJU_006,2001,111.8913043478261
DEJU_021,2001,145.2608695652174
DEJU_002,2001,82.34782608695652
DEJU_024,2001,138.84782608695653
DEJU_016,2001,150.2391304347826
DEJU_009,2001,160.93478260869566
DEJU_018,2001,111.8913043478261
DEJU_020,2001,124.1086956521739
HEAL_072,2001,244.56521739130434
HEAL_063,2001,243.06521739130434
HEAL_070,2001,250.93478260869566
HEAL_060,2001,250.95652173913044
HEAL_071,2001,250.95652173913044
HEAL_050,2001,250.95652173913044
HEAL_067,2001,250.93478260869566
HEAL_068,2001,255.30434782608697
HEAL_064,2001,252.8913043478261
HEAL_062,2001,250.95652173913044
HEAL_061,2001,250.93478260869566
HEAL_073,2001,250.93478260869566
HEAL_052,2001,250.93478260869566
HEAL_066,2001,260.9130434782609
HEAL_058,2001,250.93478260869566
HEAL_069,2001,260.9130434782609
HEAL_048,2001,243.06521739130434
HEAL_054,2001,255.2826086956522
HEAL_053,2001,260.8695652173913
HEAL_074,2001,260.9130434782609
HEAL_056,2001,260.9130434782609
HEAL_051,2001,260.9130434782609
HEAL_065,2001,260.8695652173913
HEAL_057,2001,244.54347826086956
HEAL_046,2001,260.9130434782609
HEAL_059,2001,260.9130434782609
HEAL_055,2001,260.8695652173913
HEAL_047,2001,260.8695652173913
HEAL_010,2001,252.97826086956522
HEAL_002,2001,234.65217391304347
HEAL_003,2001,246.17391304347825
HEAL_014,2001,232.08695652173913
HEAL_022,2001,268.0
HEAL_023,2001,229.3695652173913
HEAL_021,2001,253.69565217391303
HEAL_001,2001,258.2173913043478
HEAL_016,2001,255.30434782608697
HEAL_020,2001,236.65217391304347
HEAL_006,2001,233.45652173913044
HEAL_019,2001,267.5652173913044
HEAL_011,2001,236.6086956521739
HEAL_025,2001,223.65217391304347
HEAL_018,2001,226.34782608695653
HEAL_017,2001,231.67391304347825
HEAL_004,2001,238.82608695652175
HEAL_005,2001,256.0652173913044
HEAL_015,2001,258.67391304347825
HEAL_049,2001,250.93478260869566
HEAL_026,2001,260.04347826086956
HEAL_045,2001,244.56521739130434
HEAL_024,2001,236.69565217391303
ABBY_063,2002,546.6086956521739
ABBY_068,2002,546.6086956521739
ABBY_065,2002,593.5434782608696
ABBY_067,2002,546.6086956521739
ABBY_066,2002,546.6086956521739
ABBY_061,2002,546.6086956521739
ABBY_070,2002,546.6086956521739
ABBY_062,2002,546.3478260869565
ABBY_064,2002,546.6086956521739
ABBY_069,2002,546.3478260869565
ABBY_075,2002,588.6304347826087
ABBY_074,2002,546.3478260869565
ABBY_073,2002,546.3478260869565
ABBY_076,2002,546.6086956521739
ABBY_004,2002,567.9130434782609
ABBY_009,2002,567.9130434782609
ABBY_011,2002,589.1739130434783
ABBY_013,2002,525.5217391304348
ABBY_023,2002,420.1521739130435
ABBY_010,2002,534.2608695652174
ABBY_018,2002,520.3478260869565
ABBY_003,2002,517.5869565217391
ABBY_012,2002,569.0434782608696
ABBY_005,2002,534.804347826087
ABBY_016,2002,533.3913043478261
ABBY_008,2002,579.5217391304348
ABBY_017,2002,578.6086956521739
ABBY_014,2002,601.5652173913044
ABBY_001,2002,562.8260869565217
ABBY_019,2002,557.7608695652174
ABBY_006,2002,542.7173913043479
ABBY_002,2002,505.54347826086956
ABBY_007,2002,593.4130434782609
ABBY_025,2002,522.1086956521739
ABBY_015,2002,512.0434782608696
ABBY_077,2002,615.804347826087
BART_012,2002,403.4130434782609
BART_001,2002,395.3695652173913
BART_005,2002,468.2826086956522
BART_044,2002,430.32608695652175
BART_037,2002,430.32608695652175
BART_073,2002,411.1521739130435
BART_074,2002,430.32608695652175
BART_075,2002,423.30434782608694
BART_042,2002,423.30434782608694
BART_072,2002,423.30434782608694
BART_046,2002,430.32608695652175
BART_036,2002,423.30434782608694
BART_051,2002,411.1521739130435
BART_041,2002,427.17391304347825
BART_034,2002,427.17391304347825
BART_039,2002,411.1521739130435
BART_050,2002,423.30434782608694
BART_040,2002,411.10869565217394
BART_071,2002,429.5
BART_070,2002,427.17391304347825
BART_033,2002,427.17391304347825
BART_047,2002,411.10869565217394
BART_032,2002,429.60869565217394
BART_015,2002,428.89130434782606
BART_016,2002,460.6304347826087
BART_028,2002,432.5652173913044
BART_010,2002,430.4782608695652
BART_013,2002,433.1304347826087
BART_026,2002,402.6521739130435
BART_006,2002,417.4782608695652
BART_023,2002,430.4782608695652
BART_002,2002,394.69565217391306
BART_018,2002,440.7173913043478
BART_003,2002,426.2391304347826
BART_024,2002,430.4782608695652
BART_011,2002,441.80434782608694
BART_025,2002,402.6521739130435
BART_007,2002,441.80434782608694
BART_027,2002,424.9782608695652
BART_004,2002,429.7391304347826
BART_019,2002,429.60869565217394
BLAN_042,2002,423.60869565217394
BLAN_056,2002,423.60869565217394
BLAN_034,2002,399.1304347826087
BLAN_043,2002,423.60869565217394
BLAN_046,2002,363.6304347826087
BLAN_045,2002,423.60869565217394
BLAN_059,2002,363.6304347826087
BLAN_039,2002,423.60869565217394
BLAN_033,2002,423.60869565217394
BLAN_051,2002,423.60869565217394
BLAN_054,2002,423.60869565217394
BLAN_031,2002,399.1304347826087
BLAN_049,2002,399.1304347826087
BLAN_060,2002,423.60869565217394
BLAN_035,2002,363.6304347826087
BLAN_038,2002,423.60869565217394
BLAN_040,2002,423.60869565217394
BLAN_037,2002,399.1304347826087
BLAN_044,2002,399.1304347826087
BLAN_050,2002,426.9782608695652
BLAN_052,2002,399.1304347826087
BLAN_048,2002,426.9782608695652
BLAN_055,2002,399.1304347826087
BLAN_057,2002,363.6304347826087
BLAN_032,2002,363.6304347826087
BLAN_036,2002,426.9782608695652
BLAN_047,2002,426.9782608695652
BLAN_063,2002,426.9782608695652
BLAN_005,2002,429.7608695652174
BLAN_017,2002,429.7608695652174
BLAN_011,2002,475.3695652173913
BLAN_068,2002,440.7173913043478
BLAN_016,2002,440.7173913043478
BLAN_001,2002,447.7391304347826
BLAN_008,2002,462.4130434782609
BLAN_003,2002,466.7826086956522
BLAN_018,2002,454.4782608695652
BLAN_004,2002,440.7173913043478
BLAN_014,2002,449.10869565217394
BLAN_020,2002,571.6086956521739
BLAN_006,2002,454.4782608695652
BLAN_007,2002,462.4130434782609
BLAN_010,2002,440.7173913043478
BLAN_012,2002,454.4782608695652
BLAN_013,2002,460.2826086956522
BLAN_015,2002,454.69565217391306
BLAN_009,2002,447.7391304347826
BLAN_053,2002,363.6304347826087
BLAN_041,2002,426.9782608695652
BLAN_064,2002,399.1304347826087
BLAN_019,2002,440.7173913043478
GRSM_057,2002,543.9782608695652
GRSM_048,2002,543.9782608695652
GRSM_059,2002,549.4130434782609
GRSM_054,2002,548.5869565217391
GRSM_049,2002,541.5434782608696
GRSM_066,2002,543.9782608695652
GRSM_065,2002,546.4782608695652
GRSM_047,2002,549.4130434782609
GRSM_063,2002,546.2173913043479
GRSM_053,2002,546.2173913043479
GRSM_062,2002,548.5869565217391
GRSM_060,2002,549.4130434782609
GRSM_050,2002,535.8913043478261
GRSM_051,2002,549.4130434782609
GRSM_064,2002,549.4130434782609
GRSM_002,2002,556.3260869565217
GRSM_025,2002,516.9565217391304
GRSM_016,2002,388.8478260869565
GRSM_017,2002,534.195652173913
GRSM_004,2002,569.5217391304348
GRSM_001,2002,549.1521739130435
GRSM_012,2002,527.195652173913
GRSM_008,2002,532.8913043478261
GRSM_003,2002,516.2608695652174
GRSM_019,2002,552.6086956521739
GRSM_006,2002,552.6086956521739
GRSM_013,2002,569.0869565217391
GRSM_015,2002,551.304347826087
GRSM_014,2002,532.1739130434783
GRSM_010,2002,542.0
GRSM_005,2002,551.1521739130435
GRSM_011,2002,561.8695652173913
GRSM_007,2002,546.0434782608696
GRSM_009,2002,498.3695652173913
GRSM_055,2002,546.2173913043479
GRSM_018,2002,544.5652173913044
GRSM_061,2002,549.4130434782609
GRSM_056,2002,549.4130434782609
GRSM_058,2002,546.4782608695652
GRSM_052,2002,548.5869565217391
HARV_013,2002,498.0
HARV_022,2002,462.5869565217391
HARV_008,2002,471.8695652173913
HARV_004,2002,473.0869565217391
HARV_024,2002,464.2826086956522
HARV_010,2002,0.0
HARV_006,2002,474.54347826086956
HARV_001,2002,408.1304347826087
HARV_005,2002,440.7173913043478
HARV_027,2002,434.19565217391306
HARV_043,2002,482.9782608695652
HARV_035,2002,482.9782608695652
HARV_037,2002,481.7391304347826
HARV_020,2002,468.1304347826087
HARV_023,2002,486.2826086956522
HARV_014,2002,453.4347826086956
HARV_011,2002,443.7173913043478
HARV_025,2002,451.80434782608694
HARV_002,2002,490.0217391304348
HARV_012,2002,471.54347826086956
HARV_026,2002,465.0217391304348
HARV_016,2002,440.4782608695652
HARV_039,2002,464.1304347826087
HARV_021,2002,455.7391304347826
HARV_045,2002,452.6521739130435
HARV_041,2002,481.67391304347825
HARV_038,2002,481.7391304347826
HARV_050,2002,481.7391304347826
HARV_048,2002,482.9782608695652
HARV_036,2002,452.6521739130435
HARV_052,2002,482.9782608695652
HARV_049,2002,464.0869565217391
HARV_047,2002,481.7391304347826
HARV_044,2002,481.7391304347826
HARV_040,2002,482.9782608695652
HARV_046,2002,481.67391304347825
HARV_033,2002,481.7391304347826
HARV_051,2002,464.1304347826087
HARV_034,2002,481.7391304347826
HARV_042,2002,464.1304347826087
HARV_015,2002,481.67391304347825
HARV_017,2002,472.17391304347825
JERC_002,2002,564.3695652173913
JERC_015,2002,574.195652173913
JERC_007,2002,503.2391304347826
JERC_001,2002,487.45652173913044
JERC_010,2002,572.4347826086956
JERC_009,2002,508.2608695652174
JERC_029,2002,554.1739130434783
JERC_021,2002,544.0434782608696
JERC_011,2002,554.1739130434783
JERC_040,2002,549.9347826086956
JERC_035,2002,552.1304347826087
JERC_033,2002,574.2391304347826
JERC_019,2002,607.8260869565217
JERC_030,2002,634.7173913043479
JERC_034,2002,523.304347826087
JERC_036,2002,559.6739130434783
JERC_028,2002,297.8478260869565
JERC_044,2002,583.0869565217391
JERC_016,2002,559.6739130434783
JERC_038,2002,622.7826086956521
JERC_006,2002,474.0
JERC_041,2002,636.0
JERC_031,2002,563.8695652173913
JERC_042,2002,572.4347826086956
JERC_008,2002,582.2608695652174
JERC_005,2002,582.2608695652174
JERC_003,2002,487.45652173913044
JERC_022,2002,561.8260869565217
JERC_013,2002,546.5217391304348
JERC_066,2002,564.3695652173913
JERC_065,2002,563.8695652173913
JERC_054,2002,634.5
JERC_051,2002,563.8695652173913
JERC_062,2002,564.3913043478261
JERC_047,2002,564.3913043478261
JERC_057,2002,563.8913043478261
JERC_060,2002,563.8695652173913
JERC_064,2002,563.8695652173913
JERC_050,2002,564.3913043478261
JERC_053,2002,564.3695652173913
JERC_049,2002,564.3913043478261
JERC_061,2002,564.3913043478261
JERC_058,2002,564.3695652173913
JERC_048,2002,564.3695652173913
JERC_063,2002,564.3695652173913
JERC_052,2002,564.3913043478261
JERC_059,2002,564.3695652173913
JERC_056,2002,564.3913043478261
JERC_055,2002,564.3913043478261
JERC_004,2002,585.2391304347826
JERC_014,2002,566.804347826087
JERC_012,2002,554.804347826087
MLBS_076,2002,425.60869565217394
MLBS_061,2002,439.2173913043478
MLBS_064,2002,439.2173913043478
MLBS_075,2002,436.6521739130435
MLBS_065,2002,436.6521739130435
MLBS_062,2002,436.6521739130435
MLBS_069,2002,425.60869565217394
MLBS_063,2002,425.60869565217394
MLBS_073,2002,425.60869565217394
MLBS_074,2002,425.60869565217394
MLBS_066,2002,425.60869565217394
MLBS_067,2002,425.60869565217394
MLBS_071,2002,425.60869565217394
MLBS_072,2002,425.60869565217394
MLBS_070,2002,425.60869565217394
MLBS_068,2002,425.60869565217394
MLBS_009,2002,439.2173913043478
MLBS_010,2002,439.0217391304348
MLBS_005,2002,438.8695652173913
MLBS_003,2002,439.0217391304348
MLBS_019,2002,464.9130434782609
MLBS_016,2002,475.8478260869565
MLBS_015,2002,446.5217391304348
MLBS_014,2002,461.80434782608694
MLBS_001,2002,429.04347826086956
MLBS_017,2002,429.04347826086956
MLBS_011,2002,436.17391304347825
MLBS_012,2002,436.17391304347825
MLBS_002,2002,436.6521739130435
MLBS_004,2002,477.3695652173913
MLBS_018,2002,470.89130434782606
MLBS_008,2002,467.6521739130435
MLBS_007,2002,478.19565217391306
MLBS_006,2002,468.0
MLBS_020,2002,466.4347826086956
MLBS_013,2002,487.19565217391306
ORNL_002,2002,524.5434782608696
ORNL_003,2002,497.4782608695652
ORNL_009,2002,515.9782608695652
ORNL_021,2002,416.2826086956522
ORNL_031,2002,492.2826086956522
ORNL_033,2002,465.7173913043478
ORNL_066,2002,434.2391304347826
ORNL_044,2002,434.2391304347826
ORNL_012,2002,0.0
ORNL_004,2002,442.2173913043478
ORNL_001,2002,389.7173913043478
ORNL_027,2002,493.39130434782606
ORNL_014,2002,507.10869565217394
ORNL_029,2002,493.4782608695652
ORNL_007,2002,518.3913043478261
ORNL_006,2002,497.17391304347825
ORNL_008,2002,514.1304347826087
ORNL_035,2002,524.4347826086956
ORNL_010,2002,514.7391304347826
ORNL_032,2002,470.82608695652175
ORNL_055,2002,516.3695652173913
ORNL_062,2002,516.3695652173913
ORNL_063,2002,509.2826086956522
ORNL_049,2002,509.2826086956522
ORNL_052,2002,516.3695652173913
ORNL_059,2002,505.39130434782606
ORNL_036,2002,519.695652173913
ORNL_053,2002,505.39130434782606
ORNL_046,2002,505.39130434782606
ORNL_043,2002,508.2608695652174
ORNL_058,2002,508.2608695652174
ORNL_060,2002,508.2608695652174
ORNL_056,2002,516.3695652173913
ORNL_037,2002,516.3695652173913
ORNL_057,2002,519.695652173913
ORNL_051,2002,516.3695652173913
ORNL_061,2002,505.39130434782606
ORNL_054,2002,519.695652173913
ORNL_045,2002,519.695652173913
ORNL_050,2002,519.695652173913
ORNL_017,2002,511.7826086956522
ORNL_068,2002,456.3478260869565
ORNL_019,2002,514.3478260869565
ORNL_018,2002,441.54347826086956
ORNL_067,2002,485.6304347826087
ORNL_015,2002,497.4782608695652
OSBS_002,2002,529.0
OSBS_006,2002,492.2608695652174
OSBS_048,2002,501.19565217391306
OSBS_001,2002,605.304347826087
OSBS_018,2002,426.0217391304348
OSBS_011,2002,508.9347826086956
OSBS_014,2002,506.0652173913044
OSBS_004,2002,500.5217391304348
OSBS_020,2002,443.60869565217394
OSBS_023,2002,508.9347826086956
OSBS_049,2002,496.1521739130435
OSBS_003,2002,523.5434782608696
OSBS_012,2002,466.67391304347825
OSBS_013,2002,500.5217391304348
OSBS_024,2002,508.9347826086956
OSBS_016,2002,488.45652173913044
OSBS_008,2002,481.69565217391306
OSBS_010,2002,592.8695652173913
OSBS_051,2002,463.3695652173913
OSBS_050,2002,486.89130434782606
OSBS_007,2002,471.69565217391306
OSBS_005,2002,563.8695652173913
OSBS_017,2002,540.5652173913044
OSBS_043,2002,517.3913043478261
OSBS_022,2002,506.0652173913044
OSBS_039,2002,492.7608695652174
OSBS_036,2002,492.7608695652174
OSBS_029,2002,492.7608695652174
OSBS_040,2002,488.8695652173913
OSBS_015,2002,607.1521739130435
OSBS_025,2002,490.04347826086956
OSBS_030,2002,490.04347826086956
OSBS_038,2002,490.04347826086956
OSBS_042,2002,490.04347826086956
OSBS_035,2002,463.2391304347826
OSBS_037,2002,463.2391304347826
OSBS_028,2002,463.2391304347826
OSBS_021,2002,568.8913043478261
OSBS_041,2002,463.2391304347826
OSBS_009,2002,522.3695652173913
OSBS_031,2002,488.8695652173913
OSBS_033,2002,492.7608695652174
OSBS_032,2002,492.7608695652174
OSBS_044,2002,492.7608695652174
OSBS_027,2002,492.7608695652174
OSBS_034,2002,488.8695652173913
OSBS_026,2002,492.7608695652174
OSBS_063,2002,487.0217391304348
OSBS_067,2002,488.39130434782606
OSBS_066,2002,607.1521739130435
OSBS_068,2002,489.2173913043478
OSBS_070,2002,488.8695652173913
OSBS_073,2002,506.95652173913044
RMNP_043,2002,163.32608695652175
RMNP_042,2002,163.32608695652175
RMNP_041,2002,281.17391304347825
RMNP_048,2002,163.32608695652175
RMNP_049,2002,163.32608695652175
RMNP_046,2002,163.32608695652175
RMNP_047,2002,163.32608695652175
RMNP_045,2002,163.32608695652175
RMNP_044,2002,163.32608695652175
RMNP_013,2002,295.7608695652174
RMNP_003,2002,287.60869565217394
RMNP_009,2002,287.60869565217394
RMNP_011,2002,132.47826086956522
RMNP_019,2002,287.3478260869565
RMNP_015,2002,322.89130434782606
RMNP_002,2002,322.4130434782609
RMNP_020,2002,322.89130434782606
RMNP_016,2002,303.67391304347825
RMNP_017,2002,283.80434782608694
RMNP_005,2002,355.10869565217394
RMNP_001,2002,322.0
RMNP_014,2002,379.89130434782606
RMNP_008,2002,343.17391304347825
RMNP_012,2002,383.1304347826087
RMNP_018,2002,366.60869565217394
RMNP_006,2002,342.0
RMNP_004,2002,298.32608695652175
RMNP_010,2002,327.4782608695652
RMNP_007,2002,327.4782608695652
SCBI_008,2002,541.0434782608696
SCBI_004,2002,470.5
SCBI_015,2002,484.4347826086956
SCBI_017,2002,466.4130434782609
SCBI_013,2002,469.9130434782609
SCBI_007,2002,476.32608695652175
SCBI_018,2002,479.7608695652174
SCBI_003,2002,489.39130434782606
SCBI_011,2002,471.7608695652174
SCBI_016,2002,462.5
SCBI_002,2002,478.39130434782606
SCBI_010,2002,467.1521739130435
SCBI_014,2002,485.2608695652174
SCBI_005,2002,478.8478260869565
SCBI_056,2002,469.7608695652174
SCBI_045,2002,468.2391304347826
SCBI_053,2002,469.7608695652174
SCBI_061,2002,469.7608695652174
SCBI_050,2002,469.7608695652174
SCBI_057,2002,469.7608695652174
SCBI_062,2002,478.2173913043478
SCBI_047,2002,478.2173913043478
SCBI_067,2002,478.2173913043478
SCBI_066,2002,478.2173913043478
SCBI_064,2002,468.2391304347826
SCBI_052,2002,468.2391304347826
SCBI_054,2002,468.2391304347826
SCBI_046,2002,478.39130434782606
SCBI_049,2002,478.2173913043478
SCBI_063,2002,478.2173913043478
SCBI_055,2002,469.7608695652174
SCBI_048,2002,478.2173913043478
SCBI_051,2002,469.7608695652174
SCBI_058,2002,468.2391304347826
SCBI_034,2002,329.95652173913044
SCBI_038,2002,453.9782608695652
SCBI_033,2002,329.95652173913044
SCBI_006,2002,465.04347826086956
SCBI_035,2002,453.9782608695652
SCBI_012,2002,460.39130434782606
SCBI_071,2002,467.1521739130435
SCBI_019,2002,476.0652173913044
SCBI_021,2002,465.04347826086956
SCBI_023,2002,484.4347826086956
SCBI_022,2002,478.7826086956522
SERC_062,2002,461.2391304347826
SERC_045,2002,461.2391304347826
SERC_051,2002,461.2391304347826
SERC_050,2002,495.9130434782609
SERC_052,2002,509.0
SERC_058,2002,513.0869565217391
SERC_043,2002,514.0
SERC_055,2002,503.1304347826087
SERC_048,2002,513.0869565217391
SERC_060,2002,513.0869565217391
SERC_061,2002,509.7391304347826
SERC_054,2002,509.7391304347826
SERC_059,2002,482.0
SERC_046,2002,493.7391304347826
SERC_053,2002,509.7391304347826
SERC_044,2002,493.7391304347826
SERC_047,2002,486.32608695652175
SERC_049,2002,486.32608695652175
SERC_057,2002,486.32608695652175
SERC_056,2002,486.32608695652175
SERC_007,2002,621.0652173913044
SERC_018,2002,472.2173913043478
SERC_009,2002,507.54347826086956
SERC_008,2002,472.39130434782606
SERC_011,2002,511.1521739130435
SERC_003,2002,496.04347826086956
SERC_006,2002,411.0652173913044
SERC_001,2002,428.1304347826087
SERC_017,2002,473.4347826086956
SERC_019,2002,479.3695652173913
SERC_010,2002,656.9130434782609
SERC_014,2002,425.17391304347825
SERC_012,2002,502.19565217391306
SERC_016,2002,495.9782608695652
SERC_022,2002,470.19565217391306
SERC_004,2002,479.3695652173913
SERC_021,2002,514.0
SERC_013,2002,444.30434782608694
SERC_005,2002,566.8478260869565
SERC_002,2002,520.0434782608696
SERC_067,2002,497.8478260869565
SERC_073,2002,495.9130434782609
SOAP_059,2002,460.60869565217394
SOAP_057,2002,460.60869565217394
SOAP_051,2002,460.60869565217394
SOAP_048,2002,460.60869565217394
SOAP_058,2002,465.0652173913044
SOAP_043,2002,464.5652173913044
SOAP_050,2002,464.5652173913044
SOAP_044,2002,508.67391304347825
SOAP_052,2002,508.3478260869565
SOAP_046,2002,508.67391304347825
SOAP_060,2002,508.3478260869565
SOAP_055,2002,464.5652173913044
SOAP_054,2002,464.54347826086956
SOAP_047,2002,464.54347826086956
SOAP_031,2002,482.2608695652174
SOAP_049,2002,482.2608695652174
SOAP_056,2002,482.2608695652174
SOAP_053,2002,464.54347826086956
SOAP_045,2002,506.6304347826087
SOAP_061,2002,460.60869565217394
SOAP_002,2002,344.3695652173913
SOAP_010,2002,460.60869565217394
SOAP_006,2002,417.4347826086956
SOAP_013,2002,344.3695652173913
SOAP_012,2002,464.4130434782609
SOAP_004,2002,460.60869565217394
SOAP_003,2002,480.7826086956522
SOAP_016,2002,498.39130434782606
SOAP_007,2002,483.0869565217391
SOAP_020,2002,464.54347826086956
SOAP_009,2002,504.2173913043478
SOAP_008,2002,464.4130434782609
SOAP_021,2002,447.17391304347825
SOAP_018,2002,494.45652173913044
SOAP_019,2002,494.45652173913044
SOAP_017,2002,515.0217391304348
SOAP_015,2002,518.2826086956521
SOAP_001,2002,489.9130434782609
SOAP_011,2002,465.0652173913044
SOAP_022,2002,518.2826086956521
SOAP_024,2002,417.4347826086956
STEI_058,2002,533.3260869565217
STEI_051,2002,533.3260869565217
STEI_056,2002,397.5217391304348
STEI_046,2002,397.5217391304348
STEI_061,2002,397.5217391304348
STEI_062,2002,397.5217391304348
STEI_052,2002,397.5217391304348
STEI_055,2002,533.3260869565217
STEI_047,2002,397.5217391304348
STEI_053,2002,397.5217391304348
STEI_048,2002,402.0869565217391
STEI_060,2002,397.5217391304348
STEI_054,2002,402.0869565217391
STEI_049,2002,397.5217391304348
STEI_057,2002,397.5217391304348
STEI_050,2002,402.0869565217391
STEI_059,2002,402.0869565217391
STEI_005,2002,504.6304347826087
STEI_009,2002,404.89130434782606
STEI_012,2002,393.4782608695652
STEI_017,2002,513.3695652173913
STEI_019,2002,517.0434782608696
STEI_003,2002,530.695652173913
STEI_007,2002,530.3478260869565
STEI_002,2002,398.5217391304348
STEI_011,2002,378.1521739130435
STEI_010,2002,383.9782608695652
STEI_008,2002,529.3260869565217
STEI_015,2002,397.3478260869565
STEI_016,2002,378.69565217391306
STEI_004,2002,375.04347826086956
STEI_013,2002,380.54347826086956
STEI_001,2002,386.5869565217391
STEI_021,2002,501.9782608695652
STEI_006,2002,412.9782608695652
STEI_014,2002,399.2173913043478
STEI_022,2002,410.3478260869565
STEI_023,2002,395.6521739130435
TALL_003,2002,685.5
TALL_005,2002,604.9565217391304
TALL_009,2002,590.7391304347826
TALL_012,2002,693.1304347826087
TALL_004,2002,505.45652173913044
TALL_010,2002,705.0869565217391
TALL_007,2002,685.2173913043479
TALL_002,2002,695.6521739130435
TALL_022,2002,714.8913043478261
TALL_015,2002,699.304347826087
TALL_016,2002,494.0652173913044
TALL_011,2002,713.5434782608696
TALL_018,2002,1017.4565217391304
TALL_006,2002,608.6086956521739
TALL_013,2002,634.804347826087
TALL_001,2002,528.4130434782609
TALL_017,2002,693.6086956521739
TALL_020,2002,505.5869565217391
TALL_008,2002,701.8260869565217
TALL_043,2002,598.1086956521739
TALL_049,2002,598.1086956521739
TALL_046,2002,598.1086956521739
TALL_061,2002,558.7608695652174
TALL_052,2002,558.8913043478261
TALL_050,2002,723.1739130434783
TALL_051,2002,558.7608695652174
TALL_057,2002,558.7608695652174
TALL_060,2002,723.1739130434783
TALL_055,2002,558.7608695652174
TALL_058,2002,558.8913043478261
TALL_045,2002,723.1739130434783
TALL_059,2002,558.8913043478261
TALL_054,2002,558.7608695652174
TALL_056,2002,558.8913043478261
TALL_044,2002,723.1739130434783
TALL_047,2002,723.1739130434783
TALL_048,2002,598.1086956521739
TALL_042,2002,598.1086956521739
TALL_053,2002,558.8913043478261
TALL_064,2002,681.5
TALL_025,2002,604.9782608695652
TEAK_045,2002,337.2173913043478
TEAK_054,2002,337.2173913043478
TEAK_048,2002,337.2173913043478
TEAK_061,2002,337.2173913043478
TEAK_059,2002,337.2173913043478
TEAK_049,2002,337.2173913043478
TEAK_060,2002,337.2173913043478
TEAK_055,2002,337.2173913043478
TEAK_062,2002,346.4782608695652
TEAK_056,2002,360.6521739130435
TEAK_044,2002,360.6521739130435
TEAK_057,2002,387.2173913043478
TEAK_053,2002,360.6521739130435
TEAK_047,2002,360.6521739130435
TEAK_051,2002,387.2173913043478
TEAK_046,2002,365.7608695652174
TEAK_058,2002,337.2173913043478
TEAK_043,2002,346.4782608695652
TEAK_052,2002,365.7826086956522
TEAK_050,2002,345.3478260869565
TEAK_001,2002,432.17391304347825
TEAK_002,2002,384.3695652173913
TEAK_003,2002,380.9347826086956
TEAK_004,2002,339.5217391304348
TEAK_006,2002,364.2826086956522
TEAK_025,2002,296.2608695652174
TEAK_005,2002,149.97826086956522
TEAK_011,2002,377.4347826086956
TEAK_007,2002,353.8478260869565
TEAK_014,2002,393.2391304347826
TEAK_010,2002,401.6521739130435
TEAK_012,2002,380.9347826086956
TEAK_017,2002,360.4130434782609
TEAK_013,2002,383.67391304347825
TEAK_019,2002,541.2391304347826
TEAK_020,2002,332.04347826086956
TEAK_016,2002,287.60869565217394
TEAK_015,2002,348.89130434782606
TEAK_024,2002,272.6304347826087
TEAK_018,2002,361.8478260869565
TREE_042,2002,393.5
TREE_053,2002,391.2391304347826
TREE_049,2002,391.2391304347826
TREE_046,2002,391.2391304347826
TREE_055,2002,391.2173913043478
TREE_056,2002,391.2391304347826
TREE_050,2002,518.1304347826087
TREE_054,2002,518.1304347826087
TREE_052,2002,391.2391304347826
TREE_051,2002,391.2173913043478
TREE_057,2002,390.95652173913044
TREE_025,2002,390.95652173913044
TREE_043,2002,390.9782608695652
TREE_044,2002,390.9782608695652
TREE_048,2002,499.8478260869565
TREE_047,2002,377.67391304347825
TREE_041,2002,395.17391304347825
TREE_040,2002,377.67391304347825
TREE_039,2002,390.95652173913044
TREE_045,2002,390.95652173913044
TREE_017,2002,390.9782608695652
TREE_019,2002,391.5217391304348
TREE_010,2002,381.9782608695652
TREE_016,2002,380.3478260869565
TREE_001,2002,373.2826086956522
TREE_014,2002,373.2826086956522
TREE_009,2002,387.2391304347826
TREE_060,2002,381.0652173913044
TREE_012,2002,391.5217391304348
TREE_005,2002,391.0217391304348
TREE_011,2002,488.0
TREE_018,2002,381.9782608695652
TREE_003,2002,386.4130434782609
TREE_007,2002,488.0
TREE_008,2002,508.10869565217394
TREE_006,2002,366.4347826086956
TREE_004,2002,508.10869565217394
TREE_002,2002,381.9782608695652
TREE_015,2002,398.5869565217391
TREE_023,2002,398.5869565217391
TREE_062,2002,387.2391304347826
TREE_064,2002,380.32608695652175
TREE_022,2002,366.4347826086956
TREE_063,2002,383.32608695652175
UNDE_048,2002,373.39130434782606
UNDE_038,2002,361.3695652173913
UNDE_037,2002,387.4347826086956
UNDE_045,2002,373.39130434782606
UNDE_058,2002,372.10869565217394
UNDE_052,2002,373.39130434782606
UNDE_047,2002,380.9130434782609
UNDE_054,2002,372.10869565217394
UNDE_057,2002,373.39130434782606
UNDE_050,2002,372.10869565217394
UNDE_055,2002,372.10869565217394
UNDE_059,2002,370.89130434782606
UNDE_065,2002,353.5869565217391
UNDE_043,2002,373.39130434782606
UNDE_044,2002,370.89130434782606
UNDE_049,2002,372.10869565217394
UNDE_056,2002,373.39130434782606
UNDE_078,2002,361.3695652173913
UNDE_061,2002,361.3695652173913
UNDE_060,2002,372.10869565217394
UNDE_014,2002,357.1521739130435
UNDE_013,2002,372.10869565217394
UNDE_002,2002,367.60869565217394
UNDE_001,2002,387.0652173913044
UNDE_003,2002,359.04347826086956
UNDE_010,2002,357.2826086956522
UNDE_006,2002,349.0217391304348
UNDE_011,2002,375.0217391304348
UNDE_007,2002,364.7826086956522
UNDE_012,2002,355.5652173913044
UNDE_008,2002,349.0217391304348
UNDE_016,2002,347.1521739130435
UNDE_020,2002,309.0217391304348
UNDE_021,2002,295.0
UNDE_022,2002,377.82608695652175
UNDE_018,2002,352.4782608695652
UNDE_019,2002,367.6304347826087
UNDE_023,2002,380.04347826086956
UNDE_015,2002,380.04347826086956
UNDE_027,2002,360.5869565217391
WREF_089,2002,526.5652173913044
WREF_082,2002,601.4130434782609
WREF_077,2002,561.195652173913
WREF_083,2002,526.5652173913044
WREF_086,2002,499.0869565217391
WREF_081,2002,499.30434782608694
WREF_076,2002,523.2173913043479
WREF_070,2002,561.195652173913
WREF_074,2002,601.4130434782609
WREF_072,2002,563.7608695652174
WREF_080,2002,550.5434782608696
WREF_073,2002,550.5434782608696
WREF_079,2002,550.5434782608696
WREF_085,2002,601.0869565217391
WREF_084,2002,601.0869565217391
WREF_078,2002,576.4130434782609
WREF_088,2002,601.4130434782609
WREF_087,2002,601.0869565217391
WREF_075,2002,561.195652173913
WREF_071,2002,601.4130434782609
WREF_012,2002,603.2608695652174
WREF_016,2002,644.8695652173913
WREF_015,2002,597.5869565217391
WREF_013,2002,611.5
WREF_001,2002,506.89130434782606
WREF_003,2002,598.304347826087
WREF_018,2002,628.1739130434783
WREF_020,2002,641.0652173913044
WREF_002,2002,640.804347826087
WREF_019,2002,538.2826086956521
WREF_010,2002,645.8913043478261
WREF_007,2002,623.9565217391304
WREF_008,2002,610.9782608695652
WREF_006,2002,553.1086956521739
WREF_005,2002,521.8695652173913
WREF_014,2002,523.1304347826087
WREF_009,2002,604.7608695652174
WREF_011,2002,602.7826086956521
WREF_004,2002,600.9347826086956
WREF_017,2002,601.195652173913
DELA_013,2002,457.60869565217394
DELA_003,2002,597.1521739130435
DELA_005,2002,361.89130434782606
DELA_011,2002,400.9782608695652
DELA_004,2002,457.2608695652174
DELA_018,2002,472.0652173913044
DELA_014,2002,451.5217391304348
DELA_015,2002,457.2608695652174
DELA_012,2002,451.5217391304348
DELA_010,2002,472.0652173913044
DELA_016,2002,501.45652173913044
DELA_001,2002,632.9782608695652
DELA_019,2002,472.2608695652174
DELA_017,2002,501.45652173913044
DELA_009,2002,597.1521739130435
DELA_002,2002,451.5217391304348
DELA_007,2002,472.0652173913044
DELA_020,2002,475.5652173913044
DELA_006,2002,472.2608695652174
DELA_008,2002,457.5869565217391
DELA_046,2002,475.5652173913044
DELA_053,2002,475.5652173913044
DELA_051,2002,482.7608695652174
DELA_043,2002,482.7608695652174
DELA_040,2002,475.5652173913044
DELA_052,2002,482.7608695652174
DELA_041,2002,482.7608695652174
DELA_044,2002,482.7608695652174
DELA_039,2002,448.95652173913044
DELA_054,2002,475.5652173913044
DELA_045,2002,475.5652173913044
DELA_042,2002,667.195652173913
DELA_055,2002,448.95652173913044
DELA_037,2002,475.5652173913044
DELA_050,2002,475.5652173913044
DELA_056,2002,475.5652173913044
DELA_047,2002,472.0652173913044
DELA_048,2002,472.0652173913044
DELA_049,2002,667.195652173913
DELA_038,2002,448.95652173913044
DELA_023,2002,457.5869565217391
DELA_022,2002,457.60869565217394
DELA_021,2002,428.4130434782609
DELA_059,2002,667.195652173913
LENO_061,2002,654.3913043478261
LENO_065,2002,654.3913043478261
LENO_062,2002,654.3913043478261
LENO_068,2002,625.3913043478261
LENO_067,2002,625.3913043478261
LENO_064,2002,654.3913043478261
LENO_063,2002,625.3913043478261
LENO_066,2002,513.0217391304348
LENO_069,2002,513.0217391304348
LENO_070,2002,513.0217391304348
LENO_003,2002,517.9782608695652
LENO_002,2002,504.7608695652174
LENO_014,2002,508.8695652173913
LENO_011,2002,503.2391304347826
LENO_005,2002,513.9130434782609
LENO_015,2002,650.6304347826087
LENO_010,2002,513.0
LENO_012,2002,640.9130434782609
LENO_009,2002,530.9130434782609
LENO_018,2002,649.3913043478261
LENO_006,2002,506.4130434782609
LENO_013,2002,522.304347826087
LENO_007,2002,508.8695652173913
LENO_008,2002,650.6304347826087
LENO_022,2002,520.695652173913
LENO_001,2002,470.4347826086956
LENO_016,2002,506.4130434782609
LENO_021,2002,731.4565217391304
LENO_017,2002,479.2608695652174
LENO_004,2002,483.2173913043478
LENO_019,2002,528.5869565217391
UKFS_032,2002,412.39130434782606
UKFS_057,2002,412.45652173913044
UKFS_051,2002,412.45652173913044
UKFS_047,2002,450.5217391304348
UKFS_055,2002,412.39130434782606
UKFS_058,2002,450.5217391304348
UKFS_060,2002,412.39130434782606
UKFS_056,2002,439.32608695652175
UKFS_054,2002,435.2173913043478
UKFS_050,2002,444.9782608695652
UKFS_046,2002,444.9782608695652
UKFS_045,2002,450.5217391304348
UKFS_043,2002,444.9782608695652
UKFS_052,2002,450.5217391304348
UKFS_059,2002,444.9782608695652
UKFS_048,2002,444.9782608695652
UKFS_049,2002,439.32608695652175
UKFS_031,2002,450.5217391304348
UKFS_044,2002,439.32608695652175
UKFS_053,2002,439.32608695652175
UKFS_007,2002,282.7391304347826
UKFS_005,2002,461.0
UKFS_004,2002,407.4130434782609
UKFS_009,2002,281.9782608695652
UKFS_006,2002,444.9782608695652
UKFS_012,2002,260.17391304347825
UKFS_002,2002,261.04347826086956
UKFS_010,2002,342.82608695652175
UKFS_003,2002,342.82608695652175
UKFS_001,2002,450.5217391304348
UKFS_011,2002,435.2173913043478
UKFS_008,2002,435.2173913043478
UKFS_017,2002,260.17391304347825
UKFS_019,2002,426.67391304347825
UKFS_016,2002,350.67391304347825
UKFS_018,2002,342.82608695652175
UKFS_014,2002,450.5217391304348
UKFS_015,2002,444.4130434782609
UKFS_013,2002,342.0869565217391
UKFS_025,2002,340.19565217391306
YELL_002,2002,153.3695652173913
YELL_016,2002,107.65217391304348
YELL_013,2002,131.6304347826087
YELL_006,2002,122.76086956521739
YELL_020,2002,215.15217391304347
YELL_008,2002,156.52173913043478
YELL_014,2002,169.45652173913044
YELL_001,2002,135.1086956521739
YELL_011,2002,103.43478260869566
YELL_004,2002,111.8695652173913
YELL_003,2002,132.0
YELL_010,2002,128.7173913043478
YELL_005,2002,116.43478260869566
YELL_007,2002,169.1086956521739
YELL_018,2002,150.56521739130434
YELL_023,2002,171.30434782608697
YELL_012,2002,143.06521739130434
YELL_009,2002,161.2608695652174
YELL_021,2002,265.9782608695652
YELL_022,2002,144.6304347826087
YELL_047,2002,137.2391304347826
YELL_054,2002,137.2391304347826
YELL_058,2002,137.2391304347826
YELL_044,2002,137.2391304347826
YELL_052,2002,137.2391304347826
YELL_055,2002,137.2391304347826
YELL_062,2002,137.2391304347826
YELL_056,2002,134.54347826086956
YELL_048,2002,134.54347826086956
YELL_060,2002,153.7608695652174
YELL_051,2002,137.2391304347826
YELL_053,2002,136.95652173913044
YELL_045,2002,134.54347826086956
YELL_046,2002,137.2391304347826
YELL_061,2002,137.2391304347826
YELL_049,2002,136.95652173913044
YELL_059,2002,137.2391304347826
YELL_043,2002,136.95652173913044
YELL_050,2002,153.7608695652174
YELL_057,2002,153.7608695652174
YELL_015,2002,117.23913043478261
BONA_072,2002,203.97826086956522
BONA_079,2002,203.97826086956522
BONA_070,2002,178.47826086956522
BONA_075,2002,203.97826086956522
BONA_078,2002,203.97826086956522
BONA_076,2002,203.97826086956522
BONA_082,2002,245.54347826086956
BONA_071,2002,203.97826086956522
BONA_087,2002,203.97826086956522
BONA_084,2002,245.54347826086956
BONA_080,2002,178.47826086956522
BONA_086,2002,178.47826086956522
BONA_088,2002,203.97826086956522
BONA_089,2002,245.54347826086956
BONA_085,2002,178.47826086956522
BONA_083,2002,154.58695652173913
BONA_074,2002,154.58695652173913
BONA_081,2002,180.1304347826087
BONA_077,2002,180.1304347826087
BONA_073,2002,180.1304347826087
BONA_014,2002,203.5
BONA_011,2002,163.80434782608697
BONA_001,2002,240.06521739130434
BONA_018,2002,157.2826086956522
BONA_023,2002,124.56521739130434
BONA_009,2002,89.34782608695652
BONA_002,2002,321.17391304347825
BONA_012,2002,242.91304347826087
BONA_008,2002,262.39130434782606
BONA_093,2002,203.97826086956522
BONA_007,2002,242.56521739130434
BONA_005,2002,301.5
BONA_021,2002,234.8695652173913
BONA_026,2002,240.17391304347825
BONA_022,2002,200.15217391304347
BONA_010,2002,200.15217391304347
BONA_003,2002,128.2826086956522
BONA_004,2002,199.43478260869566
BONA_006,2002,199.7608695652174
BONA_016,2002,125.34782608695652
BONA_013,2002,176.3913043478261
DEJU_050,2002,150.06521739130434
DEJU_051,2002,155.45652173913044
DEJU_049,2002,158.93478260869566
DEJU_057,2002,174.3913043478261
DEJU_047,2002,158.93478260869566
DEJU_052,2002,158.93478260869566
DEJU_045,2002,158.93478260869566
DEJU_056,2002,158.93478260869566
DEJU_061,2002,158.93478260869566
DEJU_064,2002,150.06521739130434
DEJU_054,2002,142.93478260869566
DEJU_060,2002,167.69565217391303
DEJU_046,2002,167.69565217391303
DEJU_055,2002,167.69565217391303
DEJU_063,2002,155.45652173913044
DEJU_059,2002,150.06521739130434
DEJU_048,2002,144.97826086956522
DEJU_062,2002,144.97826086956522
DEJU_058,2002,155.45652173913044
DEJU_053,2002,150.06521739130434
DEJU_010,2002,73.3695652173913
DEJU_004,2002,55.43478260869565
DEJU_003,2002,70.84782608695652
DEJU_023,2002,162.04347826086956
DEJU_008,2002,63.891304347826086
DEJU_019,2002,145.1304347826087
DEJU_005,2002,141.2173913043478
DEJU_001,2002,130.91304347826087
DEJU_007,2002,89.43478260869566
DEJU_015,2002,186.6086956521739
DEJU_017,2002,151.2826086956522
DEJU_014,2002,134.6304347826087
DEJU_006,2002,133.95652173913044
DEJU_021,2002,158.04347826086956
DEJU_002,2002,93.34782608695652
DEJU_024,2002,153.2391304347826
DEJU_016,2002,170.2826086956522
DEJU_009,2002,164.82608695652175
DEJU_018,2002,133.95652173913044
DEJU_020,2002,140.06521739130434
HEAL_072,2002,283.5217391304348
HEAL_063,2002,268.8478260869565
HEAL_070,2002,270.2826086956522
HEAL_060,2002,270.30434782608694
HEAL_071,2002,270.30434782608694
HEAL_050,2002,270.30434782608694
HEAL_067,2002,270.2826086956522
HEAL_068,2002,292.7608695652174
HEAL_064,2002,268.3478260869565
HEAL_062,2002,270.30434782608694
HEAL_061,2002,270.2826086956522
HEAL_073,2002,270.2826086956522
HEAL_052,2002,270.2826086956522
HEAL_066,2002,300.0217391304348
HEAL_058,2002,270.2826086956522
HEAL_069,2002,300.0217391304348
HEAL_048,2002,268.8478260869565
HEAL_054,2002,292.7608695652174
HEAL_053,2002,300.0
HEAL_074,2002,300.0217391304348
HEAL_056,2002,300.0217391304348
HEAL_051,2002,300.0217391304348
HEAL_065,2002,300.0
HEAL_057,2002,283.5
HEAL_046,2002,300.0217391304348
HEAL_059,2002,300.0217391304348
HEAL_055,2002,300.0
HEAL_047,2002,300.0
HEAL_010,2002,267.5
HEAL_002,2002,255.5
HEAL_003,2002,280.6304347826087
HEAL_014,2002,299.9782608695652
HEAL_022,2002,307.9130434782609
HEAL_023,2002,296.45652173913044
HEAL_021,2002,287.2173913043478
HEAL_001,2002,299.67391304347825
HEAL_016,2002,292.7608695652174
HEAL_020,2002,282.2826086956522
HEAL_006,2002,265.67391304347825
HEAL_019,2002,280.5869565217391
HEAL_011,2002,276.39130434782606
HEAL_025,2002,263.0652173913044
HEAL_018,2002,287.04347826086956
HEAL_017,2002,188.30434782608697
HEAL_004,2002,285.89130434782606
HEAL_005,2002,308.3695652173913
HEAL_015,2002,268.69565217391306
HEAL_049,2002,270.2826086956522
HEAL_026,2002,269.04347826086956
HEAL_045,2002,283.5217391304348
HEAL_024,2002,268.5869565217391
ABBY_063,2003,548.3695652173913
ABBY_068,2003,548.3695652173913
ABBY_065,2003,553.1086956521739
ABBY_067,2003,548.3695652173913
ABBY_066,2003,548.3695652173913
ABBY_061,2003,548.3695652173913
ABBY_070,2003,548.3695652173913
ABBY_062,2003,548.1521739130435
ABBY_064,2003,548.3695652173913
ABBY_069,2003,548.1521739130435
ABBY_075,2003,540.1521739130435
ABBY_074,2003,548.1521739130435
ABBY_073,2003,548.1521739130435
ABBY_076,2003,548.3695652173913
ABBY_004,2003,560.0
ABBY_009,2003,560.0
ABBY_011,2003,588.695652173913
ABBY_013,2003,491.3478260869565
ABBY_023,2003,414.4130434782609
ABBY_010,2003,470.7826086956522
ABBY_018,2003,539.9347826086956
ABBY_003,2003,471.5652173913044
ABBY_012,2003,576.4130434782609
ABBY_005,2003,497.95652173913044
ABBY_016,2003,539.0652173913044
ABBY_008,2003,536.3913043478261
ABBY_017,2003,490.4347826086956
ABBY_014,2003,618.7608695652174
ABBY_001,2003,468.0
ABBY_019,2003,537.6086956521739
ABBY_006,2003,536.3913043478261
ABBY_002,2003,470.7173913043478
ABBY_007,2003,577.7391304347826
ABBY_025,2003,528.2608695652174
ABBY_015,2003,497.69565217391306
ABBY_077,2003,544.8913043478261
BART_012,2003,386.7173913043478
BART_001,2003,408.2173913043478
BART_005,2003,458.32608695652175
BART_044,2003,424.0217391304348
BART_037,2003,424.0217391304348
BART_073,2003,412.0652173913044
BART_074,2003,424.0217391304348
BART_075,2003,420.4347826086956
BART_042,2003,420.4347826086956
BART_072,2003,420.4347826086956
BART_046,2003,424.0217391304348
BART_036,2003,420.4347826086956
BART_051,2003,412.0652173913044
BART_041,2003,421.32608695652175
BART_034,2003,421.32608695652175
BART_039,2003,412.0652173913044
BART_050,2003,420.4347826086956
BART_040,2003,411.8478260869565
BART_071,2003,431.1304347826087
BART_070,2003,421.32608695652175
BART_033,2003,421.32608695652175
BART_047,2003,411.8478260869565
BART_032,2003,431.30434782608694
BART_015,2003,407.04347826086956
BART_016,2003,443.17391304347825
BART_028,2003,415.7173913043478
BART_010,2003,433.4782608695652
BART_013,2003,400.2608695652174
BART_026,2003,388.5
BART_006,2003,408.6521739130435
BART_023,2003,433.4782608695652
BART_002,2003,406.9130434782609
BART_018,2003,429.32608695652175
BART_003,2003,435.6304347826087
BART_024,2003,433.4782608695652
BART_011,2003,414.9347826086956
BART_025,2003,388.5
BART_007,2003,414.9347826086956
BART_027,2003,427.4347826086956
BART_004,2003,408.32608695652175
BART_019,2003,431.30434782608694
BLAN_042,2003,440.80434782608694
BLAN_056,2003,440.80434782608694
BLAN_034,2003,443.4347826086956
BLAN_043,2003,440.80434782608694
BLAN_046,2003,408.3478260869565
BLAN_045,2003,440.80434782608694
BLAN_059,2003,408.3478260869565
BLAN_039,2003,440.80434782608694
BLAN_033,2003,440.80434782608694
BLAN_051,2003,440.80434782608694
BLAN_054,2003,440.80434782608694
BLAN_031,2003,443.4347826086956
BLAN_049,2003,443.4347826086956
BLAN_060,2003,440.80434782608694
BLAN_035,2003,408.3478260869565
BLAN_038,2003,440.80434782608694
BLAN_040,2003,440.80434782608694
BLAN_037,2003,443.4347826086956
BLAN_044,2003,443.4347826086956
BLAN_050,2003,657.9130434782609
BLAN_052,2003,443.4347826086956
BLAN_048,2003,657.9130434782609
BLAN_055,2003,443.4347826086956
BLAN_057,2003,408.3478260869565
BLAN_032,2003,408.3478260869565
BLAN_036,2003,657.9130434782609
BLAN_047,2003,657.9130434782609
BLAN_063,2003,657.9130434782609
BLAN_005,2003,444.0
BLAN_017,2003,444.0
BLAN_011,2003,634.804347826087
BLAN_068,2003,432.0652173913044
BLAN_016,2003,432.0652173913044
BLAN_001,2003,433.04347826086956
BLAN_008,2003,454.5652173913044
BLAN_003,2003,460.82608695652175
BLAN_018,2003,454.82608695652175
BLAN_004,2003,432.0652173913044
BLAN_014,2003,445.7391304347826
BLAN_020,2003,442.19565217391306
BLAN_006,2003,454.82608695652175
BLAN_007,2003,454.5652173913044
BLAN_010,2003,432.0652173913044
BLAN_012,2003,454.82608695652175
BLAN_013,2003,460.2826086956522
BLAN_015,2003,449.1521739130435
BLAN_009,2003,433.04347826086956
BLAN_053,2003,408.3478260869565
BLAN_041,2003,657.9130434782609
BLAN_064,2003,443.4347826086956
BLAN_019,2003,432.0869565217391
GRSM_057,2003,531.695652173913
GRSM_048,2003,531.695652173913
GRSM_059,2003,533.695652173913
GRSM_054,2003,531.4130434782609
GRSM_049,2003,514.4782608695652
GRSM_066,2003,531.695652173913
GRSM_065,2003,530.5869565217391
GRSM_047,2003,533.695652173913
GRSM_063,2003,544.0
GRSM_053,2003,544.0
GRSM_062,2003,531.4130434782609
GRSM_060,2003,533.695652173913
GRSM_050,2003,533.1086956521739
GRSM_051,2003,533.695652173913
GRSM_064,2003,533.695652173913
GRSM_002,2003,553.2173913043479
GRSM_025,2003,498.04347826086956
GRSM_016,2003,362.4347826086956
GRSM_017,2003,536.4565217391304
GRSM_004,2003,570.6086956521739
GRSM_001,2003,549.804347826087
GRSM_012,2003,492.9130434782609
GRSM_008,2003,497.2826086956522
GRSM_003,2003,510.89130434782606
GRSM_019,2003,541.3913043478261
GRSM_006,2003,541.3913043478261
GRSM_013,2003,549.195652173913
GRSM_015,2003,551.6521739130435
GRSM_014,2003,533.4347826086956
GRSM_010,2003,540.7608695652174
GRSM_005,2003,524.1521739130435
GRSM_011,2003,542.7391304347826
GRSM_007,2003,550.4565217391304
GRSM_009,2003,495.0217391304348
GRSM_055,2003,544.0
GRSM_018,2003,547.6739130434783
GRSM_061,2003,533.695652173913
GRSM_056,2003,533.695652173913
GRSM_058,2003,530.5869565217391
GRSM_052,2003,531.4130434782609
HARV_013,2003,458.19565217391306
HARV_022,2003,441.7391304347826
HARV_008,2003,427.45652173913044
HARV_004,2003,437.1304347826087
HARV_024,2003,431.7391304347826
HARV_010,2003,0.0
HARV_006,2003,432.3695652173913
HARV_001,2003,392.19565217391306
HARV_005,2003,391.0217391304348
HARV_027,2003,434.2391304347826
HARV_043,2003,460.7173913043478
HARV_035,2003,460.7173913043478
HARV_037,2003,460.2826086956522
HARV_020,2003,426.10869565217394
HARV_023,2003,416.17391304347825
HARV_014,2003,435.7391304347826
HARV_011,2003,424.2826086956522
HARV_025,2003,436.7608695652174
HARV_002,2003,440.8695652173913
HARV_012,2003,431.19565217391306
HARV_026,2003,416.80434782608694
HARV_016,2003,434.8478260869565
HARV_039,2003,435.7173913043478
HARV_021,2003,420.80434782608694
HARV_045,2003,438.1304347826087
HARV_041,2003,460.2173913043478
HARV_038,2003,460.2826086956522
HARV_050,2003,460.2826086956522
HARV_048,2003,460.7173913043478
HARV_036,2003,438.1304347826087
HARV_052,2003,460.7173913043478
HARV_049,2003,435.67391304347825
HARV_047,2003,460.2826086956522
HARV_044,2003,460.2826086956522
HARV_040,2003,460.7173913043478
HARV_046,2003,460.2173913043478
HARV_033,2003,460.2826086956522
HARV_051,2003,435.7173913043478
HARV_034,2003,460.2826086956522
HARV_042,2003,435.7173913043478
HARV_015,2003,460.2173913043478
HARV_017,2003,427.4347826086956
JERC_002,2003,617.1739130434783
JERC_015,2003,664.7391304347826
JERC_007,2003,615.695652173913
JERC_001,2003,606.6304347826087
JERC_010,2003,610.7173913043479
JERC_009,2003,560.4130434782609
JERC_029,2003,585.4130434782609
JERC_021,2003,583.2608695652174
JERC_011,2003,585.4130434782609
JERC_040,2003,588.0217391304348
JERC_035,2003,546.6521739130435
JERC_033,2003,664.7826086956521
JERC_019,2003,650.195652173913
JERC_030,2003,667.695652173913
JERC_034,2003,582.4565217391304
JERC_036,2003,666.1304347826087
JERC_028,2003,289.0
JERC_044,2003,609.0652173913044
JERC_016,2003,666.1304347826087
JERC_038,2003,567.6739130434783
JERC_006,2003,509.9782608695652
JERC_041,2003,662.9782608695652
JERC_031,2003,601.195652173913
JERC_042,2003,610.7173913043479
JERC_008,2003,596.2391304347826
JERC_005,2003,596.2391304347826
JERC_003,2003,606.6304347826087
JERC_022,2003,615.5217391304348
JERC_013,2003,605.0869565217391
JERC_066,2003,617.1739130434783
JERC_065,2003,601.195652173913
JERC_054,2003,640.5869565217391
JERC_051,2003,601.195652173913
JERC_062,2003,617.1739130434783
JERC_047,2003,617.1739130434783
JERC_057,2003,601.2826086956521
JERC_060,2003,601.195652173913
JERC_064,2003,601.195652173913
JERC_050,2003,617.1739130434783
JERC_053,2003,617.1739130434783
JERC_049,2003,617.1739130434783
JERC_061,2003,617.1739130434783
JERC_058,2003,617.1739130434783
JERC_048,2003,617.1739130434783
JERC_063,2003,617.1739130434783
JERC_052,2003,617.1739130434783
JERC_059,2003,617.1739130434783
JERC_056,2003,617.1739130434783
JERC_055,2003,617.1739130434783
JERC_004,2003,661.2391304347826
JERC_014,2003,582.8260869565217
JERC_012,2003,597.7608695652174
MLBS_076,2003,431.2391304347826
MLBS_061,2003,433.0
MLBS_064,2003,433.0
MLBS_075,2003,434.3478260869565
MLBS_065,2003,434.3478260869565
MLBS_062,2003,434.2608695652174
MLBS_069,2003,431.2391304347826
MLBS_063,2003,431.17391304347825
MLBS_073,2003,431.17391304347825
MLBS_074,2003,431.2391304347826
MLBS_066,2003,431.17391304347825
MLBS_067,2003,431.17391304347825
MLBS_071,2003,431.2391304347826
MLBS_072,2003,431.17391304347825
MLBS_070,2003,431.17391304347825
MLBS_068,2003,431.17391304347825
MLBS_009,2003,433.0
MLBS_010,2003,440.17391304347825
MLBS_005,2003,432.3695652173913
MLBS_003,2003,440.17391304347825
MLBS_019,2003,474.39130434782606
MLBS_016,2003,485.32608695652175
MLBS_015,2003,475.32608695652175
MLBS_014,2003,473.8478260869565
MLBS_001,2003,424.80434782608694
MLBS_017,2003,424.80434782608694
MLBS_011,2003,441.5652173913044
MLBS_012,2003,441.5652173913044
MLBS_002,2003,434.3478260869565
MLBS_004,2003,488.0217391304348
MLBS_018,2003,463.54347826086956
MLBS_008,2003,469.6304347826087
MLBS_007,2003,479.10869565217394
MLBS_006,2003,481.9347826086956
MLBS_020,2003,467.7608695652174
MLBS_013,2003,487.2608695652174
ORNL_002,2003,614.8913043478261
ORNL_003,2003,544.9347826086956
ORNL_009,2003,613.195652173913
ORNL_021,2003,515.2391304347826
ORNL_031,2003,539.6521739130435
ORNL_033,2003,493.30434782608694
ORNL_066,2003,540.304347826087
ORNL_044,2003,540.304347826087
ORNL_012,2003,0.0
ORNL_004,2003,492.80434782608694
ORNL_001,2003,433.0869565217391
ORNL_027,2003,502.95652173913044
ORNL_014,2003,526.804347826087
ORNL_029,2003,543.1739130434783
ORNL_007,2003,553.3913043478261
ORNL_006,2003,530.695652173913
ORNL_008,2003,548.7173913043479
ORNL_035,2003,571.4347826086956
ORNL_010,2003,548.9347826086956
ORNL_032,2003,539.7826086956521
ORNL_055,2003,542.3260869565217
ORNL_062,2003,542.3260869565217
ORNL_063,2003,543.9565217391304
ORNL_049,2003,543.9565217391304
ORNL_052,2003,542.3260869565217
ORNL_059,2003,524.4347826086956
ORNL_036,2003,542.8260869565217
ORNL_053,2003,524.4347826086956
ORNL_046,2003,524.4347826086956
ORNL_043,2003,540.3478260869565
ORNL_058,2003,540.3478260869565
ORNL_060,2003,540.3478260869565
ORNL_056,2003,542.3260869565217
ORNL_037,2003,542.3260869565217
ORNL_057,2003,542.8260869565217
ORNL_051,2003,542.3260869565217
ORNL_061,2003,524.4347826086956
ORNL_054,2003,542.8260869565217
ORNL_045,2003,542.8260869565217
ORNL_050,2003,542.8260869565217
ORNL_017,2003,530.5434782608696
ORNL_068,2003,458.5869565217391
ORNL_019,2003,552.5869565217391
ORNL_018,2003,380.67391304347825
ORNL_067,2003,530.7826086956521
ORNL_015,2003,544.8478260869565
OSBS_002,2003,534.0
OSBS_006,2003,447.0217391304348
OSBS_048,2003,487.5217391304348
OSBS_001,2003,620.4347826086956
OSBS_018,2003,472.95652173913044
OSBS_011,2003,506.5652173913044
OSBS_014,2003,523.8478260869565
OSBS_004,2003,515.8260869565217
OSBS_020,2003,460.45652173913044
OSBS_023,2003,506.5652173913044
OSBS_049,2003,515.5
OSBS_003,2003,527.7391304347826
OSBS_012,2003,524.7173913043479
OSBS_013,2003,515.8260869565217
OSBS_024,2003,506.5652173913044
OSBS_016,2003,519.8913043478261
OSBS_008,2003,473.4782608695652
OSBS_010,2003,595.0652173913044
OSBS_051,2003,438.45652173913044
OSBS_050,2003,528.0652173913044
OSBS_007,2003,447.9130434782609
OSBS_005,2003,598.1086956521739
OSBS_017,2003,551.6086956521739
OSBS_043,2003,431.69565217391306
OSBS_022,2003,523.8478260869565
OSBS_039,2003,420.5
OSBS_036,2003,420.5
OSBS_029,2003,420.5
OSBS_040,2003,449.67391304347825
OSBS_015,2003,642.9347826086956
OSBS_025,2003,483.89130434782606
OSBS_030,2003,483.89130434782606
OSBS_038,2003,483.89130434782606
OSBS_042,2003,483.89130434782606
OSBS_035,2003,435.4130434782609
OSBS_037,2003,435.4130434782609
OSBS_028,2003,435.4130434782609
OSBS_021,2003,564.2608695652174
OSBS_041,2003,435.4130434782609
OSBS_009,2003,595.4782608695652
OSBS_031,2003,449.67391304347825
OSBS_033,2003,420.5
OSBS_032,2003,420.5
OSBS_044,2003,420.5
OSBS_027,2003,420.5
OSBS_034,2003,449.67391304347825
OSBS_026,2003,420.5
OSBS_063,2003,457.19565217391306
OSBS_067,2003,419.5652173913044
OSBS_066,2003,642.9347826086956
OSBS_068,2003,434.0869565217391
OSBS_070,2003,449.67391304347825
OSBS_073,2003,541.7391304347826
RMNP_043,2003,173.84782608695653
RMNP_042,2003,173.84782608695653
RMNP_041,2003,302.39130434782606
RMNP_048,2003,173.84782608695653
RMNP_049,2003,173.84782608695653
RMNP_046,2003,173.84782608695653
RMNP_047,2003,173.84782608695653
RMNP_045,2003,173.84782608695653
RMNP_044,2003,173.84782608695653
RMNP_013,2003,283.1304347826087
RMNP_003,2003,303.0217391304348
RMNP_009,2003,303.0217391304348
RMNP_011,2003,152.08695652173913
RMNP_019,2003,284.82608695652175
RMNP_015,2003,329.9347826086956
RMNP_002,2003,329.5652173913044
RMNP_020,2003,329.9347826086956
RMNP_016,2003,309.7826086956522
RMNP_017,2003,279.32608695652175
RMNP_005,2003,319.0
RMNP_001,2003,340.89130434782606
RMNP_014,2003,372.82608695652175
RMNP_008,2003,324.7826086956522
RMNP_012,2003,376.1304347826087
RMNP_018,2003,349.10869565217394
RMNP_006,2003,340.5217391304348
RMNP_004,2003,265.82608695652175
RMNP_010,2003,295.8478260869565
RMNP_007,2003,295.8478260869565
SCBI_008,2003,653.0217391304348
SCBI_004,2003,449.7173913043478
SCBI_015,2003,473.39130434782606
SCBI_017,2003,474.45652173913044
SCBI_013,2003,469.17391304347825
SCBI_007,2003,465.7826086956522
SCBI_018,2003,456.7826086956522
SCBI_003,2003,459.8478260869565
SCBI_011,2003,467.8478260869565
SCBI_016,2003,438.19565217391306
SCBI_002,2003,454.5
SCBI_010,2003,454.19565217391306
SCBI_014,2003,465.2173913043478
SCBI_005,2003,478.5217391304348
SCBI_056,2003,449.67391304347825
SCBI_045,2003,447.82608695652175
SCBI_053,2003,449.67391304347825
SCBI_061,2003,449.67391304347825
SCBI_050,2003,449.67391304347825
SCBI_057,2003,449.67391304347825
SCBI_062,2003,454.45652173913044
SCBI_047,2003,454.45652173913044
SCBI_067,2003,454.45652173913044
SCBI_066,2003,454.45652173913044
SCBI_064,2003,447.82608695652175
SCBI_052,2003,447.82608695652175
SCBI_054,2003,447.82608695652175
SCBI_046,2003,454.5
SCBI_049,2003,454.45652173913044
SCBI_063,2003,454.45652173913044
SCBI_055,2003,449.67391304347825
SCBI_048,2003,454.45652173913044
SCBI_051,2003,449.67391304347825
SCBI_058,2003,447.82608695652175
SCBI_034,2003,420.2391304347826
SCBI_038,2003,458.69565217391306
SCBI_033,2003,420.2391304347826
SCBI_006,2003,456.2391304347826
SCBI_035,2003,458.69565217391306
SCBI_012,2003,478.82608695652175
SCBI_071,2003,454.19565217391306
SCBI_019,2003,490.4782608695652
SCBI_021,2003,456.2391304347826
SCBI_023,2003,473.39130434782606
SCBI_022,2003,463.45652173913044
SERC_062,2003,396.7608695652174
SERC_045,2003,396.7608695652174
SERC_051,2003,396.7608695652174
SERC_050,2003,452.9347826086956
SERC_052,2003,486.7826086956522
SERC_058,2003,493.7608695652174
SERC_043,2003,493.8695652173913
SERC_055,2003,485.4130434782609
SERC_048,2003,493.7608695652174
SERC_060,2003,493.7608695652174
SERC_061,2003,486.95652173913044
SERC_054,2003,486.95652173913044
SERC_059,2003,484.2826086956522
SERC_046,2003,491.5217391304348
SERC_053,2003,486.95652173913044
SERC_044,2003,491.5217391304348
SERC_047,2003,478.2608695652174
SERC_049,2003,478.2608695652174
SERC_057,2003,478.2608695652174
SERC_056,2003,478.2608695652174
SERC_007,2003,580.6521739130435
SERC_018,2003,436.45652173913044
SERC_009,2003,483.82608695652175
SERC_008,2003,436.54347826086956
SERC_011,2003,492.82608695652175
SERC_003,2003,490.5652173913044
SERC_006,2003,422.6521739130435
SERC_001,2003,399.60869565217394
SERC_017,2003,426.39130434782606
SERC_019,2003,444.2391304347826
SERC_010,2003,632.3695652173913
SERC_014,2003,484.3695652173913
SERC_012,2003,466.3695652173913
SERC_016,2003,490.4347826086956
SERC_022,2003,413.9782608695652
SERC_004,2003,444.2391304347826
SERC_021,2003,493.8695652173913
SERC_013,2003,408.2391304347826
SERC_005,2003,504.7826086956522
SERC_002,2003,496.17391304347825
SERC_067,2003,491.7391304347826
SERC_073,2003,452.9347826086956
SOAP_059,2003,475.82608695652175
SOAP_057,2003,475.82608695652175
SOAP_051,2003,475.82608695652175
SOAP_048,2003,475.82608695652175
SOAP_058,2003,478.04347826086956
SOAP_043,2003,477.5
SOAP_050,2003,477.5
SOAP_044,2003,477.9130434782609
SOAP_052,2003,477.45652173913044
SOAP_046,2003,477.9130434782609
SOAP_060,2003,477.45652173913044
SOAP_055,2003,477.5
SOAP_054,2003,464.32608695652175
SOAP_047,2003,464.32608695652175
SOAP_031,2003,467.69565217391306
SOAP_049,2003,467.69565217391306
SOAP_056,2003,467.69565217391306
SOAP_053,2003,464.32608695652175
SOAP_045,2003,487.7608695652174
SOAP_061,2003,475.82608695652175
SOAP_002,2003,354.2173913043478
SOAP_010,2003,475.82608695652175
SOAP_006,2003,426.0652173913044
SOAP_013,2003,354.2173913043478
SOAP_012,2003,494.7608695652174
SOAP_004,2003,475.82608695652175
SOAP_003,2003,466.30434782608694
SOAP_016,2003,496.9130434782609
SOAP_007,2003,500.10869565217394
SOAP_020,2003,464.32608695652175
SOAP_009,2003,536.195652173913
SOAP_008,2003,494.7608695652174
SOAP_021,2003,450.5869565217391
SOAP_018,2003,503.95652173913044
SOAP_019,2003,503.95652173913044
SOAP_017,2003,495.7826086956522
SOAP_015,2003,550.3478260869565
SOAP_001,2003,497.67391304347825
SOAP_011,2003,478.04347826086956
SOAP_022,2003,550.3478260869565
SOAP_024,2003,426.0652173913044
STEI_058,2003,520.5
STEI_051,2003,520.5
STEI_056,2003,384.9782608695652
STEI_046,2003,384.9782608695652
STEI_061,2003,384.9782608695652
STEI_062,2003,384.9782608695652
STEI_052,2003,384.9782608695652
STEI_055,2003,520.5
STEI_047,2003,384.9782608695652
STEI_053,2003,384.9782608695652
STEI_048,2003,411.95652173913044
STEI_060,2003,384.9782608695652
STEI_054,2003,411.95652173913044
STEI_049,2003,384.9782608695652
STEI_057,2003,384.9782608695652
STEI_050,2003,411.95652173913044
STEI_059,2003,411.95652173913044
STEI_005,2003,402.3695652173913
STEI_009,2003,398.7173913043478
STEI_012,2003,405.32608695652175
STEI_017,2003,559.6086956521739
STEI_019,2003,508.0217391304348
STEI_003,2003,398.7391304347826
STEI_007,2003,404.39130434782606
STEI_002,2003,420.17391304347825
STEI_011,2003,409.4130434782609
STEI_010,2003,394.9782608695652
STEI_008,2003,557.0217391304348
STEI_015,2003,403.54347826086956
STEI_016,2003,392.4347826086956
STEI_004,2003,412.1521739130435
STEI_013,2003,415.1521739130435
STEI_001,2003,406.4782608695652
STEI_021,2003,498.4347826086956
STEI_006,2003,403.3478260869565
STEI_014,2003,397.2391304347826
STEI_022,2003,405.7173913043478
STEI_023,2003,382.30434782608694
TALL_003,2003,712.0434782608696
TALL_005,2003,635.6086956521739
TALL_009,2003,624.8695652173913
TALL_012,2003,746.9782608695652
TALL_004,2003,527.1739130434783
TALL_010,2003,753.1304347826087
TALL_007,2003,740.5434782608696
TALL_002,2003,743.0869565217391
TALL_022,2003,752.0869565217391
TALL_015,2003,742.804347826087
TALL_016,2003,531.0434782608696
TALL_011,2003,749.0
TALL_018,2003,750.6739130434783
TALL_006,2003,624.5869565217391
TALL_013,2003,662.5434782608696
TALL_001,2003,549.2826086956521
TALL_017,2003,730.0869565217391
TALL_020,2003,527.0
TALL_008,2003,740.9782608695652
TALL_043,2003,632.804347826087
TALL_049,2003,632.804347826087
TALL_046,2003,632.804347826087
TALL_061,2003,626.804347826087
TALL_052,2003,626.6304347826087
TALL_050,2003,739.8913043478261
TALL_051,2003,626.804347826087
TALL_057,2003,626.804347826087
TALL_060,2003,739.8913043478261
TALL_055,2003,626.804347826087
TALL_058,2003,626.6304347826087
TALL_045,2003,739.8913043478261
TALL_059,2003,626.6304347826087
TALL_054,2003,626.804347826087
TALL_056,2003,626.6304347826087
TALL_044,2003,739.8913043478261
TALL_047,2003,739.8913043478261
TALL_048,2003,632.804347826087
TALL_042,2003,632.804347826087
TALL_053,2003,626.6304347826087
TALL_064,2003,738.5652173913044
TALL_025,2003,635.4347826086956
TEAK_045,2003,326.0869565217391
TEAK_054,2003,326.0869565217391
TEAK_048,2003,326.0869565217391
TEAK_061,2003,326.0869565217391
TEAK_059,2003,326.0869565217391
TEAK_049,2003,326.0
TEAK_060,2003,326.0
TEAK_055,2003,326.0
TEAK_062,2003,334.0217391304348
TEAK_056,2003,363.60869565217394
TEAK_044,2003,363.60869565217394
TEAK_057,2003,377.6521739130435
TEAK_053,2003,363.60869565217394
TEAK_047,2003,363.60869565217394
TEAK_051,2003,377.6521739130435
TEAK_046,2003,343.0
TEAK_058,2003,326.0
TEAK_043,2003,334.0217391304348
TEAK_052,2003,343.0217391304348
TEAK_050,2003,347.9347826086956
TEAK_001,2003,427.1521739130435
TEAK_002,2003,362.5
TEAK_003,2003,361.4782608695652
TEAK_004,2003,319.69565217391306
TEAK_006,2003,365.4130434782609
TEAK_025,2003,288.7608695652174
TEAK_005,2003,144.3695652173913
TEAK_011,2003,375.5869565217391
TEAK_007,2003,348.19565217391306
TEAK_014,2003,372.7608695652174
TEAK_010,2003,357.1521739130435
TEAK_012,2003,361.4782608695652
TEAK_017,2003,372.2173913043478
TEAK_013,2003,337.1304347826087
TEAK_019,2003,448.2608695652174
TEAK_020,2003,302.04347826086956
TEAK_016,2003,278.89130434782606
TEAK_015,2003,338.60869565217394
TEAK_024,2003,282.54347826086956
TEAK_018,2003,353.9347826086956
TREE_042,2003,415.7608695652174
TREE_053,2003,401.69565217391306
TREE_049,2003,401.69565217391306
TREE_046,2003,401.69565217391306
TREE_055,2003,401.69565217391306
TREE_056,2003,401.69565217391306
TREE_050,2003,527.6521739130435
TREE_054,2003,527.6521739130435
TREE_052,2003,401.69565217391306
TREE_051,2003,401.69565217391306
TREE_057,2003,404.5869565217391
TREE_025,2003,404.5869565217391
TREE_043,2003,404.60869565217394
TREE_044,2003,404.60869565217394
TREE_048,2003,503.3478260869565
TREE_047,2003,541.304347826087
TREE_041,2003,401.7173913043478
TREE_040,2003,541.304347826087
TREE_039,2003,404.5869565217391
TREE_045,2003,404.5869565217391
TREE_017,2003,404.60869565217394
TREE_019,2003,404.7826086956522
TREE_010,2003,411.10869565217394
TREE_016,2003,370.4782608695652
TREE_001,2003,396.8695652173913
TREE_014,2003,396.8695652173913
TREE_009,2003,392.9347826086956
TREE_060,2003,399.9782608695652
TREE_012,2003,404.7826086956522
TREE_005,2003,398.8478260869565
TREE_011,2003,487.04347826086956
TREE_018,2003,411.0652173913044
TREE_003,2003,408.69565217391306
TREE_007,2003,487.04347826086956
TREE_008,2003,471.4347826086956
TREE_006,2003,392.9130434782609
TREE_004,2003,471.4347826086956
TREE_002,2003,411.0652173913044
TREE_015,2003,401.45652173913044
TREE_023,2003,401.4347826086956
TREE_062,2003,392.9347826086956
TREE_064,2003,370.4782608695652
TREE_022,2003,392.9130434782609
TREE_063,2003,390.5217391304348
UNDE_048,2003,392.0869565217391
UNDE_038,2003,390.04347826086956
UNDE_037,2003,369.5869565217391
UNDE_045,2003,392.0869565217391
UNDE_058,2003,406.5217391304348
UNDE_052,2003,392.0869565217391
UNDE_047,2003,415.5217391304348
UNDE_054,2003,406.5217391304348
UNDE_057,2003,392.0869565217391
UNDE_050,2003,406.5217391304348
UNDE_055,2003,406.5217391304348
UNDE_059,2003,405.4347826086956
UNDE_065,2003,382.7173913043478
UNDE_043,2003,392.0869565217391
UNDE_044,2003,405.4347826086956
UNDE_049,2003,406.5217391304348
UNDE_056,2003,392.0869565217391
UNDE_078,2003,390.04347826086956
UNDE_061,2003,390.04347826086956
UNDE_060,2003,406.5217391304348
UNDE_014,2003,388.82608695652175
UNDE_013,2003,406.5217391304348
UNDE_002,2003,377.17391304347825
UNDE_001,2003,402.10869565217394
UNDE_003,2003,378.4782608695652
UNDE_010,2003,378.1521739130435
UNDE_006,2003,370.6304347826087
UNDE_011,2003,395.0652173913044
UNDE_007,2003,405.54347826086956
UNDE_012,2003,374.6304347826087
UNDE_008,2003,370.6304347826087
UNDE_016,2003,375.0217391304348
UNDE_020,2003,318.17391304347825
UNDE_021,2003,322.0
UNDE_022,2003,392.0
UNDE_018,2003,377.0217391304348
UNDE_019,2003,374.60869565217394
UNDE_023,2003,409.1521739130435
UNDE_015,2003,409.1521739130435
UNDE_027,2003,384.30434782608694
WREF_089,2003,468.39130434782606
WREF_082,2003,544.1739130434783
WREF_077,2003,522.6304347826087
WREF_083,2003,468.39130434782606
WREF_086,2003,466.1304347826087
WREF_081,2003,466.19565217391306
WREF_076,2003,428.6521739130435
WREF_070,2003,522.6304347826087
WREF_074,2003,544.1739130434783
WREF_072,2003,509.3695652173913
WREF_080,2003,519.4782608695652
WREF_073,2003,519.4782608695652
WREF_079,2003,519.4782608695652
WREF_085,2003,543.9130434782609
WREF_084,2003,543.9130434782609
WREF_078,2003,536.8913043478261
WREF_088,2003,544.1739130434783
WREF_087,2003,543.9130434782609
WREF_075,2003,522.6304347826087
WREF_071,2003,544.1739130434783
WREF_012,2003,540.1086956521739
WREF_016,2003,611.4565217391304
WREF_015,2003,590.6086956521739
WREF_013,2003,551.0652173913044
WREF_001,2003,519.1521739130435
WREF_003,2003,587.5869565217391
WREF_018,2003,584.8260869565217
WREF_020,2003,582.4782608695652
WREF_002,2003,615.8260869565217
WREF_019,2003,526.0869565217391
WREF_010,2003,641.7391304347826
WREF_007,2003,591.5652173913044
WREF_008,2003,534.1521739130435
WREF_006,2003,545.304347826087
WREF_005,2003,507.0869565217391
WREF_014,2003,478.9347826086956
WREF_009,2003,606.7173913043479
WREF_011,2003,613.3260869565217
WREF_004,2003,588.2826086956521
WREF_017,2003,588.5434782608696
DELA_013,2003,512.9130434782609
DELA_003,2003,648.1086956521739
DELA_005,2003,337.1521739130435
DELA_011,2003,588.1086956521739
DELA_004,2003,537.8260869565217
DELA_018,2003,521.6521739130435
DELA_014,2003,511.4130434782609
DELA_015,2003,537.8260869565217
DELA_012,2003,511.4130434782609
DELA_010,2003,521.6521739130435
DELA_016,2003,541.2391304347826
DELA_001,2003,710.6086956521739
DELA_019,2003,542.804347826087
DELA_017,2003,541.2391304347826
DELA_009,2003,648.1086956521739
DELA_002,2003,511.4130434782609
DELA_007,2003,521.6521739130435
DELA_020,2003,545.0217391304348
DELA_006,2003,542.804347826087
DELA_008,2003,512.9347826086956
DELA_046,2003,545.0217391304348
DELA_053,2003,545.0217391304348
DELA_051,2003,538.8260869565217
DELA_043,2003,538.8260869565217
DELA_040,2003,545.0217391304348
DELA_052,2003,538.8260869565217
DELA_041,2003,538.8260869565217
DELA_044,2003,538.8260869565217
DELA_039,2003,520.7608695652174
DELA_054,2003,545.0217391304348
DELA_045,2003,545.0217391304348
DELA_042,2003,678.3478260869565
DELA_055,2003,520.7608695652174
DELA_037,2003,545.0217391304348
DELA_050,2003,545.0217391304348
DELA_056,2003,545.0217391304348
DELA_047,2003,521.6521739130435
DELA_048,2003,521.6521739130435
DELA_049,2003,678.3478260869565
DELA_038,2003,520.7608695652174
DELA_023,2003,512.9347826086956
DELA_022,2003,512.9130434782609
DELA_021,2003,443.9782608695652
DELA_059,2003,678.3478260869565
LENO_061,2003,727.1304347826087
LENO_065,2003,727.1304347826087
LENO_062,2003,727.1304347826087
LENO_068,2003,675.0869565217391
LENO_067,2003,675.0869565217391
LENO_064,2003,727.1304347826087
LENO_063,2003,675.0869565217391
LENO_066,2003,551.7826086956521
LENO_069,2003,551.7826086956521
LENO_070,2003,551.7826086956521
LENO_003,2003,516.804347826087
LENO_002,2003,528.5652173913044
LENO_014,2003,552.2173913043479
LENO_011,2003,513.7826086956521
LENO_005,2003,535.304347826087
LENO_015,2003,704.0869565217391
LENO_010,2003,559.7826086956521
LENO_012,2003,681.3913043478261
LENO_009,2003,525.6739130434783
LENO_018,2003,708.4782608695652
LENO_006,2003,532.5652173913044
LENO_013,2003,553.5
LENO_007,2003,552.195652173913
LENO_008,2003,704.0869565217391
LENO_022,2003,561.5
LENO_001,2003,477.82608695652175
LENO_016,2003,532.5652173913044
LENO_021,2003,700.1739130434783
LENO_017,2003,507.45652173913044
LENO_004,2003,523.4347826086956
LENO_019,2003,559.2826086956521
UKFS_032,2003,511.60869565217394
UKFS_057,2003,511.6304347826087
UKFS_051,2003,511.6304347826087
UKFS_047,2003,448.4130434782609
UKFS_055,2003,511.60869565217394
UKFS_058,2003,448.4130434782609
UKFS_060,2003,511.60869565217394
UKFS_056,2003,459.8695652173913
UKFS_054,2003,449.8695652173913
UKFS_050,2003,448.69565217391306
UKFS_046,2003,448.69565217391306
UKFS_045,2003,448.3695652173913
UKFS_043,2003,448.7391304347826
UKFS_052,2003,448.3695652173913
UKFS_059,2003,448.7391304347826
UKFS_048,2003,448.7391304347826
UKFS_049,2003,459.8695652173913
UKFS_031,2003,448.4130434782609
UKFS_044,2003,459.8695652173913
UKFS_053,2003,459.8695652173913
UKFS_007,2003,294.0869565217391
UKFS_005,2003,456.7173913043478
UKFS_004,2003,426.39130434782606
UKFS_009,2003,285.54347826086956
UKFS_006,2003,448.69565217391306
UKFS_012,2003,260.1304347826087
UKFS_002,2003,280.4347826086956
UKFS_010,2003,392.6304347826087
UKFS_003,2003,392.6304347826087
UKFS_001,2003,448.3695652173913
UKFS_011,2003,449.8695652173913
UKFS_008,2003,449.8695652173913
UKFS_017,2003,260.1304347826087
UKFS_019,2003,435.10869565217394
UKFS_016,2003,379.2173913043478
UKFS_018,2003,392.6304347826087
UKFS_014,2003,448.3695652173913
UKFS_015,2003,452.2391304347826
UKFS_013,2003,349.45652173913044
UKFS_025,2003,376.0217391304348
YELL_002,2003,165.56521739130434
YELL_016,2003,105.19565217391305
YELL_013,2003,130.58695652173913
YELL_006,2003,124.15217391304348
YELL_020,2003,205.7391304347826
YELL_008,2003,132.54347826086956
YELL_014,2003,154.17391304347825
YELL_001,2003,125.32608695652173
YELL_011,2003,105.26086956521739
YELL_004,2003,111.47826086956522
YELL_003,2003,136.02173913043478
YELL_010,2003,127.8695652173913
YELL_005,2003,109.91304347826087
YELL_007,2003,149.41304347826087
YELL_018,2003,150.34782608695653
YELL_023,2003,179.67391304347825
YELL_012,2003,143.3913043478261
YELL_009,2003,155.06521739130434
YELL_021,2003,257.17391304347825
YELL_022,2003,151.7173913043478
YELL_047,2003,149.04347826086956
YELL_054,2003,149.04347826086956
YELL_058,2003,149.04347826086956
YELL_044,2003,149.04347826086956
YELL_052,2003,149.08695652173913
YELL_055,2003,149.08695652173913
YELL_062,2003,149.04347826086956
YELL_056,2003,140.8695652173913
YELL_048,2003,140.8695652173913
YELL_060,2003,146.08695652173913
YELL_051,2003,149.08695652173913
YELL_053,2003,136.69565217391303
YELL_045,2003,140.8695652173913
YELL_046,2003,149.08695652173913
YELL_061,2003,149.08695652173913
YELL_049,2003,136.69565217391303
YELL_059,2003,149.08695652173913
YELL_043,2003,136.69565217391303
YELL_050,2003,146.08695652173913
YELL_057,2003,146.08695652173913
YELL_015,2003,113.8695652173913
BONA_072,2003,215.08695652173913
BONA_079,2003,215.02173913043478
BONA_070,2003,165.65217391304347
BONA_075,2003,215.02173913043478
BONA_078,2003,215.02173913043478
BONA_076,2003,215.08695652173913
BONA_082,2003,269.32608695652175
BONA_071,2003,215.02173913043478
BONA_087,2003,215.08695652173913
BONA_084,2003,269.32608695652175
BONA_080,2003,165.65217391304347
BONA_086,2003,165.65217391304347
BONA_088,2003,215.02173913043478
BONA_089,2003,269.32608695652175
BONA_085,2003,165.65217391304347
BONA_083,2003,153.2173913043478
BONA_074,2003,153.2173913043478
BONA_081,2003,189.54347826086956
BONA_077,2003,189.54347826086956
BONA_073,2003,189.54347826086956
BONA_014,2003,226.69565217391303
BONA_011,2003,166.5
BONA_001,2003,217.08695652173913
BONA_018,2003,165.30434782608697
BONA_023,2003,105.23913043478261
BONA_009,2003,134.19565217391303
BONA_002,2003,279.4130434782609
BONA_012,2003,247.7173913043478
BONA_008,2003,230.3913043478261
BONA_093,2003,215.02173913043478
BONA_007,2003,192.19565217391303
BONA_005,2003,215.34782608695653
BONA_021,2003,188.3913043478261
BONA_026,2003,202.84782608695653
BONA_022,2003,163.34782608695653
BONA_010,2003,163.34782608695653
BONA_003,2003,146.80434782608697
BONA_004,2003,190.30434782608697
BONA_006,2003,179.15217391304347
BONA_016,2003,115.28260869565217
BONA_013,2003,172.8695652173913
DEJU_050,2003,160.34782608695653
DEJU_051,2003,158.1304347826087
DEJU_049,2003,176.02173913043478
DEJU_057,2003,176.06521739130434
DEJU_047,2003,176.02173913043478
DEJU_052,2003,176.02173913043478
DEJU_045,2003,176.04347826086956
DEJU_056,2003,176.04347826086956
DEJU_061,2003,176.04347826086956
DEJU_064,2003,160.34782608695653
DEJU_054,2003,143.43478260869566
DEJU_060,2003,183.02173913043478
DEJU_046,2003,183.02173913043478
DEJU_055,2003,183.02173913043478
DEJU_063,2003,158.1304347826087
DEJU_059,2003,160.34782608695653
DEJU_048,2003,156.7391304347826
DEJU_062,2003,156.7391304347826
DEJU_058,2003,158.1304347826087
DEJU_053,2003,160.34782608695653
DEJU_010,2003,96.8695652173913
DEJU_004,2003,70.41304347826087
DEJU_003,2003,83.69565217391305
DEJU_023,2003,186.30434782608697
DEJU_008,2003,71.78260869565217
DEJU_019,2003,155.0
DEJU_005,2003,142.47826086956522
DEJU_001,2003,149.2608695652174
DEJU_007,2003,118.65217391304348
DEJU_015,2003,187.6304347826087
DEJU_017,2003,160.15217391304347
DEJU_014,2003,137.2391304347826
DEJU_006,2003,137.3695652173913
DEJU_021,2003,174.2608695652174
DEJU_002,2003,145.54347826086956
DEJU_024,2003,162.65217391304347
DEJU_016,2003,166.58695652173913
DEJU_009,2003,172.0
DEJU_018,2003,137.3695652173913
DEJU_020,2003,155.5
HEAL_072,2003,257.95652173913044
HEAL_063,2003,239.80434782608697
HEAL_070,2003,235.02173913043478
HEAL_060,2003,235.02173913043478
HEAL_071,2003,235.02173913043478
HEAL_050,2003,235.02173913043478
HEAL_067,2003,235.02173913043478
HEAL_068,2003,259.4130434782609
HEAL_064,2003,246.8913043478261
HEAL_062,2003,235.02173913043478
HEAL_061,2003,235.02173913043478
HEAL_073,2003,235.02173913043478
HEAL_052,2003,235.02173913043478
HEAL_066,2003,239.95652173913044
HEAL_058,2003,235.02173913043478
HEAL_069,2003,239.95652173913044
HEAL_048,2003,239.80434782608697
HEAL_054,2003,259.4130434782609
HEAL_053,2003,239.91304347826087
HEAL_074,2003,239.95652173913044
HEAL_056,2003,239.95652173913044
HEAL_051,2003,239.95652173913044
HEAL_065,2003,239.91304347826087
HEAL_057,2003,257.95652173913044
HEAL_046,2003,239.95652173913044
HEAL_059,2003,239.95652173913044
HEAL_055,2003,239.91304347826087
HEAL_047,2003,239.91304347826087
HEAL_010,2003,237.06521739130434
HEAL_002,2003,241.2608695652174
HEAL_003,2003,256.4347826086956
HEAL_014,2003,282.4130434782609
HEAL_022,2003,262.6304347826087
HEAL_023,2003,241.0
HEAL_021,2003,254.45652173913044
HEAL_001,2003,246.80434782608697
HEAL_016,2003,259.4130434782609
HEAL_020,2003,247.30434782608697
HEAL_006,2003,263.89130434782606
HEAL_019,2003,243.19565217391303
HEAL_011,2003,242.84782608695653
HEAL_025,2003,222.54347826086956
HEAL_018,2003,248.91304347826087
HEAL_017,2003,254.17391304347825
HEAL_004,2003,272.5652173913044
HEAL_005,2003,231.15217391304347
HEAL_015,2003,238.2608695652174
HEAL_049,2003,235.02173913043478
HEAL_026,2003,240.97826086956522
HEAL_045,2003,257.95652173913044
HEAL_024,2003,230.7826086956522
ABBY_063,2004,569.5217391304348
ABBY_068,2004,569.5217391304348
ABBY_065,2004,550.7391304347826
ABBY_067,2004,569.5217391304348
ABBY_066,2004,569.5217391304348
ABBY_061,2004,569.5217391304348
ABBY_070,2004,569.5217391304348
ABBY_062,2004,569.2826086956521
ABBY_064,2004,569.5217391304348
ABBY_069,2004,569.2826086956521
ABBY_075,2004,568.2608695652174
ABBY_074,2004,569.2826086956521
ABBY_073,2004,569.2826086956521
ABBY_076,2004,569.5217391304348
ABBY_004,2004,589.9347826086956
ABBY_009,2004,589.9347826086956
ABBY_011,2004,576.1304347826087
ABBY_013,2004,449.5
ABBY_023,2004,457.9347826086956
ABBY_010,2004,448.8695652173913
ABBY_018,2004,540.0652173913044
ABBY_003,2004,474.6304347826087
ABBY_012,2004,552.1086956521739
ABBY_005,2004,526.4347826086956
ABBY_016,2004,511.5217391304348
ABBY_008,2004,547.4347826086956
ABBY_017,2004,533.8695652173913
ABBY_014,2004,575.4565217391304
ABBY_001,2004,502.8695652173913
ABBY_019,2004,547.6086956521739
ABBY_006,2004,529.7826086956521
ABBY_002,2004,473.8695652173913
ABBY_007,2004,528.8695652173913
ABBY_025,2004,540.1739130434783
ABBY_015,2004,520.8913043478261
ABBY_077,2004,576.304347826087
BART_012,2004,435.0652173913044
BART_001,2004,434.9130434782609
BART_005,2004,481.19565217391306
BART_044,2004,443.45652173913044
BART_037,2004,443.45652173913044
BART_073,2004,426.4130434782609
BART_074,2004,443.45652173913044
BART_075,2004,439.69565217391306
BART_042,2004,439.69565217391306
BART_072,2004,439.69565217391306
BART_046,2004,443.45652173913044
BART_036,2004,439.69565217391306
BART_051,2004,426.4130434782609
BART_041,2004,429.1521739130435
BART_034,2004,429.1521739130435
BART_039,2004,426.4130434782609
BART_050,2004,439.69565217391306
BART_040,2004,426.2391304347826
BART_071,2004,443.0869565217391
BART_070,2004,429.1521739130435
BART_033,2004,429.1521739130435
BART_047,2004,426.2391304347826
BART_032,2004,443.2391304347826
BART_015,2004,440.39130434782606
BART_016,2004,471.3478260869565
BART_028,2004,444.3478260869565
BART_010,2004,440.5869565217391
BART_013,2004,438.0652173913044
BART_026,2004,412.17391304347825
BART_006,2004,434.4130434782609
BART_023,2004,440.5869565217391
BART_002,2004,412.60869565217394
BART_018,2004,451.17391304347825
BART_003,2004,454.19565217391306
BART_024,2004,440.5869565217391
BART_011,2004,447.69565217391306
BART_025,2004,412.17391304347825
BART_007,2004,447.69565217391306
BART_027,2004,456.67391304347825
BART_004,2004,442.0869565217391
BART_019,2004,443.2391304347826
BLAN_042,2004,443.5217391304348
BLAN_056,2004,443.5217391304348
BLAN_034,2004,469.3695652173913
BLAN_043,2004,443.5217391304348
BLAN_046,2004,421.54347826086956
BLAN_045,2004,443.5217391304348
BLAN_059,2004,421.54347826086956
BLAN_039,2004,443.5217391304348
BLAN_033,2004,443.5217391304348
BLAN_051,2004,443.5217391304348
BLAN_054,2004,443.5217391304348
BLAN_031,2004,469.3695652173913
BLAN_049,2004,469.3695652173913
BLAN_060,2004,443.5217391304348
BLAN_035,2004,421.54347826086956
BLAN_038,2004,443.5217391304348
BLAN_040,2004,443.5217391304348
BLAN_037,2004,469.3695652173913
BLAN_044,2004,469.3695652173913
BLAN_050,2004,452.2391304347826
BLAN_052,2004,469.3695652173913
BLAN_048,2004,452.2391304347826
BLAN_055,2004,469.3695652173913
BLAN_057,2004,421.54347826086956
BLAN_032,2004,421.54347826086956
BLAN_036,2004,452.2391304347826
BLAN_047,2004,452.2391304347826
BLAN_063,2004,452.2391304347826
BLAN_005,2004,487.0
BLAN_017,2004,487.0
BLAN_011,2004,676.1086956521739
BLAN_068,2004,480.67391304347825
BLAN_016,2004,480.67391304347825
BLAN_001,2004,476.5869565217391
BLAN_008,2004,488.8478260869565
BLAN_003,2004,490.17391304347825
BLAN_018,2004,479.89130434782606
BLAN_004,2004,480.67391304347825
BLAN_014,2004,492.5217391304348
BLAN_020,2004,500.4130434782609
BLAN_006,2004,479.89130434782606
BLAN_007,2004,488.8478260869565
BLAN_010,2004,480.67391304347825
BLAN_012,2004,479.89130434782606
BLAN_013,2004,498.19565217391306
BLAN_015,2004,636.3260869565217
BLAN_009,2004,476.5869565217391
BLAN_053,2004,421.54347826086956
BLAN_041,2004,452.2391304347826
BLAN_064,2004,469.3695652173913
BLAN_019,2004,480.69565217391306
GRSM_057,2004,524.3260869565217
GRSM_048,2004,524.3260869565217
GRSM_059,2004,533.5869565217391
GRSM_054,2004,528.3478260869565
GRSM_049,2004,524.5652173913044
GRSM_066,2004,524.3260869565217
GRSM_065,2004,524.0434782608696
GRSM_047,2004,533.5869565217391
GRSM_063,2004,534.9782608695652
GRSM_053,2004,534.9782608695652
GRSM_062,2004,528.3478260869565
GRSM_060,2004,533.5869565217391
GRSM_050,2004,528.6086956521739
GRSM_051,2004,533.5869565217391
GRSM_064,2004,533.5869565217391
GRSM_002,2004,554.5652173913044
GRSM_025,2004,495.82608695652175
GRSM_016,2004,371.7391304347826
GRSM_017,2004,517.4347826086956
GRSM_004,2004,571.8913043478261
GRSM_001,2004,534.3260869565217
GRSM_012,2004,495.5869565217391
GRSM_008,2004,503.60869565217394
GRSM_003,2004,499.19565217391306
GRSM_019,2004,541.2608695652174
GRSM_006,2004,541.2608695652174
GRSM_013,2004,551.804347826087
GRSM_015,2004,534.6739130434783
GRSM_014,2004,518.5
GRSM_010,2004,526.0434782608696
GRSM_005,2004,531.9565217391304
GRSM_011,2004,555.9565217391304
GRSM_007,2004,532.0869565217391
GRSM_009,2004,488.2608695652174
GRSM_055,2004,534.9782608695652
GRSM_018,2004,547.7173913043479
GRSM_061,2004,533.5869565217391
GRSM_056,2004,533.5869565217391
GRSM_058,2004,524.0434782608696
GRSM_052,2004,528.3478260869565
HARV_013,2004,504.9347826086956
HARV_022,2004,485.7391304347826
HARV_008,2004,479.9130434782609
HARV_004,2004,487.80434782608694
HARV_024,2004,459.7826086956522
HARV_010,2004,0.0
HARV_006,2004,479.9782608695652
HARV_001,2004,429.1521739130435
HARV_005,2004,427.54347826086956
HARV_027,2004,460.4347826086956
HARV_043,2004,489.0652173913044
HARV_035,2004,489.0652173913044
HARV_037,2004,500.39130434782606
HARV_020,2004,470.19565217391306
HARV_023,2004,465.4782608695652
HARV_014,2004,486.80434782608694
HARV_011,2004,476.39130434782606
HARV_025,2004,478.7608695652174
HARV_002,2004,490.9782608695652
HARV_012,2004,488.95652173913044
HARV_026,2004,467.9347826086956
HARV_016,2004,472.0
HARV_039,2004,479.8478260869565
HARV_021,2004,467.6521739130435
HARV_045,2004,476.80434782608694
HARV_041,2004,500.3695652173913
HARV_038,2004,500.39130434782606
HARV_050,2004,500.39130434782606
HARV_048,2004,489.0652173913044
HARV_036,2004,476.80434782608694
HARV_052,2004,489.0652173913044
HARV_049,2004,479.8478260869565
HARV_047,2004,500.39130434782606
HARV_044,2004,500.39130434782606
HARV_040,2004,489.0652173913044
HARV_046,2004,500.3695652173913
HARV_033,2004,500.39130434782606
HARV_051,2004,479.8478260869565
HARV_034,2004,500.39130434782606
HARV_042,2004,479.8478260869565
HARV_015,2004,500.3695652173913
HARV_017,2004,477.9130434782609
JERC_002,2004,579.4347826086956
JERC_015,2004,603.1739130434783
JERC_007,2004,616.3478260869565
JERC_001,2004,621.0
JERC_010,2004,573.5869565217391
JERC_009,2004,568.3913043478261
JERC_029,2004,573.5
JERC_021,2004,545.3478260869565
JERC_011,2004,573.5
JERC_040,2004,546.695652173913
JERC_035,2004,545.8695652173913
JERC_033,2004,603.304347826087
JERC_019,2004,619.3260869565217
JERC_030,2004,617.8695652173913
JERC_034,2004,473.5652173913044
JERC_036,2004,644.804347826087
JERC_028,2004,261.6521739130435
JERC_044,2004,641.8260869565217
JERC_016,2004,644.804347826087
JERC_038,2004,569.3913043478261
JERC_006,2004,481.39130434782606
JERC_041,2004,654.5
JERC_031,2004,439.0217391304348
JERC_042,2004,573.5869565217391
JERC_008,2004,626.1521739130435
JERC_005,2004,626.1521739130435
JERC_003,2004,621.0
JERC_022,2004,513.8260869565217
JERC_013,2004,576.6304347826087
JERC_066,2004,579.4347826086956
JERC_065,2004,439.0217391304348
JERC_054,2004,609.0434782608696
JERC_051,2004,439.0217391304348
JERC_062,2004,579.4782608695652
JERC_047,2004,579.4782608695652
JERC_057,2004,439.0869565217391
JERC_060,2004,439.0217391304348
JERC_064,2004,439.0217391304348
JERC_050,2004,579.4782608695652
JERC_053,2004,579.4347826086956
JERC_049,2004,579.4782608695652
JERC_061,2004,579.4782608695652
JERC_058,2004,579.4347826086956
JERC_048,2004,579.4347826086956
JERC_063,2004,579.4347826086956
JERC_052,2004,579.4782608695652
JERC_059,2004,579.4347826086956
JERC_056,2004,579.4782608695652
JERC_055,2004,579.4782608695652
JERC_004,2004,593.3695652173913
JERC_014,2004,555.0217391304348
JERC_012,2004,547.9782608695652
MLBS_076,2004,465.5
MLBS_061,2004,467.32608695652175
MLBS_064,2004,467.32608695652175
MLBS_075,2004,452.17391304347825
MLBS_065,2004,452.17391304347825
MLBS_062,2004,452.10869565217394
MLBS_069,2004,465.5
MLBS_063,2004,465.3695652173913
MLBS_073,2004,465.3695652173913
MLBS_074,2004,465.5
MLBS_066,2004,465.3695652173913
MLBS_067,2004,465.3695652173913
MLBS_071,2004,465.5
MLBS_072,2004,465.3695652173913
MLBS_070,2004,465.3695652173913
MLBS_068,2004,465.3695652173913
MLBS_009,2004,467.32608695652175
MLBS_010,2004,449.3695652173913
MLBS_005,2004,437.19565217391306
MLBS_003,2004,449.3695652173913
MLBS_019,2004,499.6521739130435
MLBS_016,2004,504.10869565217394
MLBS_015,2004,492.04347826086956
MLBS_014,2004,483.7826086956522
MLBS_001,2004,436.89130434782606
MLBS_017,2004,436.89130434782606
MLBS_011,2004,434.7391304347826
MLBS_012,2004,434.7391304347826
MLBS_002,2004,452.17391304347825
MLBS_004,2004,487.0652173913044
MLBS_018,2004,478.2826086956522
MLBS_008,2004,480.2826086956522
MLBS_007,2004,519.0869565217391
MLBS_006,2004,499.5
MLBS_020,2004,490.8478260869565
MLBS_013,2004,521.9347826086956
ORNL_002,2004,564.695652173913
ORNL_003,2004,524.7173913043479
ORNL_009,2004,580.0
ORNL_021,2004,500.5
ORNL_031,2004,425.32608695652175
ORNL_033,2004,495.0869565217391
ORNL_066,2004,494.45652173913044
ORNL_044,2004,494.45652173913044
ORNL_012,2004,0.0
ORNL_004,2004,502.5869565217391
ORNL_001,2004,438.5869565217391
ORNL_027,2004,486.2173913043478
ORNL_014,2004,531.7608695652174
ORNL_029,2004,530.2608695652174
ORNL_007,2004,548.2173913043479
ORNL_006,2004,526.8695652173913
ORNL_008,2004,538.4782608695652
ORNL_035,2004,562.3913043478261
ORNL_010,2004,544.0652173913044
ORNL_032,2004,523.4782608695652
ORNL_055,2004,546.0
ORNL_062,2004,546.0
ORNL_063,2004,547.195652173913
ORNL_049,2004,547.195652173913
ORNL_052,2004,546.0
ORNL_059,2004,529.0869565217391
ORNL_036,2004,548.2608695652174
ORNL_053,2004,529.0869565217391
ORNL_046,2004,529.0869565217391
ORNL_043,2004,557.2608695652174
ORNL_058,2004,557.2608695652174
ORNL_060,2004,557.2608695652174
ORNL_056,2004,546.0
ORNL_037,2004,546.0
ORNL_057,2004,548.2608695652174
ORNL_051,2004,546.0
ORNL_061,2004,529.0869565217391
ORNL_054,2004,548.2608695652174
ORNL_045,2004,548.2608695652174
ORNL_050,2004,548.2608695652174
ORNL_017,2004,525.0869565217391
ORNL_068,2004,489.60869565217394
ORNL_019,2004,539.8913043478261
ORNL_018,2004,399.30434782608694
ORNL_067,2004,547.7608695652174
ORNL_015,2004,524.7173913043479
OSBS_002,2004,532.804347826087
OSBS_006,2004,492.82608695652175
OSBS_048,2004,528.3260869565217
OSBS_001,2004,631.695652173913
OSBS_018,2004,425.10869565217394
OSBS_011,2004,522.0869565217391
OSBS_014,2004,565.695652173913
OSBS_004,2004,511.2826086956522
OSBS_020,2004,435.3695652173913
OSBS_023,2004,522.0869565217391
OSBS_049,2004,547.6304347826087
OSBS_003,2004,482.0217391304348
OSBS_012,2004,504.3478260869565
OSBS_013,2004,511.2826086956522
OSBS_024,2004,522.0869565217391
OSBS_016,2004,558.8695652173913
OSBS_008,2004,514.3913043478261
OSBS_010,2004,586.695652173913
OSBS_051,2004,454.17391304347825
OSBS_050,2004,495.7826086956522
OSBS_007,2004,484.45652173913044
OSBS_005,2004,607.0217391304348
OSBS_017,2004,553.4347826086956
OSBS_043,2004,482.2173913043478
OSBS_022,2004,565.695652173913
OSBS_039,2004,448.7173913043478
OSBS_036,2004,448.7173913043478
OSBS_029,2004,448.7173913043478
OSBS_040,2004,477.9782608695652
OSBS_015,2004,656.8695652173913
OSBS_025,2004,469.1521739130435
OSBS_030,2004,469.1521739130435
OSBS_038,2004,469.1521739130435
OSBS_042,2004,469.1521739130435
OSBS_035,2004,445.67391304347825
OSBS_037,2004,445.67391304347825
OSBS_028,2004,445.67391304347825
OSBS_021,2004,576.0869565217391
OSBS_041,2004,445.67391304347825
OSBS_009,2004,632.3913043478261
OSBS_031,2004,477.9782608695652
OSBS_033,2004,448.7173913043478
OSBS_032,2004,448.7173913043478
OSBS_044,2004,448.7173913043478
OSBS_027,2004,448.7173913043478
OSBS_034,2004,477.9347826086956
OSBS_026,2004,448.7173913043478
OSBS_063,2004,483.7608695652174
OSBS_067,2004,480.39130434782606
OSBS_066,2004,656.8695652173913
OSBS_068,2004,483.4130434782609
OSBS_070,2004,477.9782608695652
OSBS_073,2004,575.0217391304348
RMNP_043,2004,177.6304347826087
RMNP_042,2004,177.6304347826087
RMNP_041,2004,311.6521739130435
RMNP_048,2004,177.6304347826087
RMNP_049,2004,177.6304347826087
RMNP_046,2004,177.6304347826087
RMNP_047,2004,177.6304347826087
RMNP_045,2004,177.6304347826087
RMNP_044,2004,177.6304347826087
RMNP_013,2004,246.91304347826087
RMNP_003,2004,304.60869565217394
RMNP_009,2004,304.60869565217394
RMNP_011,2004,171.34782608695653
RMNP_019,2004,297.32608695652175
RMNP_015,2004,331.95652173913044
RMNP_002,2004,331.4347826086956
RMNP_020,2004,331.95652173913044
RMNP_016,2004,318.5217391304348
RMNP_017,2004,280.7608695652174
RMNP_005,2004,353.54347826086956
RMNP_001,2004,335.8695652173913
RMNP_014,2004,377.1304347826087
RMNP_008,2004,330.69565217391306
RMNP_012,2004,371.2608695652174
RMNP_018,2004,363.7173913043478
RMNP_006,2004,356.04347826086956
RMNP_004,2004,289.19565217391306
RMNP_010,2004,338.04347826086956
RMNP_007,2004,338.04347826086956
SCBI_008,2004,697.0434782608696
SCBI_004,2004,489.04347826086956
SCBI_015,2004,496.4347826086956
SCBI_017,2004,481.30434782608694
SCBI_013,2004,509.04347826086956
SCBI_007,2004,505.1304347826087
SCBI_018,2004,495.2826086956522
SCBI_003,2004,507.17391304347825
SCBI_011,2004,506.19565217391306
SCBI_016,2004,497.30434782608694
SCBI_002,2004,491.7391304347826
SCBI_010,2004,490.95652173913044
SCBI_014,2004,505.2173913043478
SCBI_005,2004,497.0869565217391
SCBI_056,2004,491.89130434782606
SCBI_045,2004,494.9130434782609
SCBI_053,2004,491.89130434782606
SCBI_061,2004,491.89130434782606
SCBI_050,2004,491.89130434782606
SCBI_057,2004,491.89130434782606
SCBI_062,2004,491.6304347826087
SCBI_047,2004,491.6304347826087
SCBI_067,2004,491.6304347826087
SCBI_066,2004,491.6304347826087
SCBI_064,2004,494.9130434782609
SCBI_052,2004,494.9130434782609
SCBI_054,2004,494.9130434782609
SCBI_046,2004,491.7391304347826
SCBI_049,2004,491.6304347826087
SCBI_063,2004,491.6304347826087
SCBI_055,2004,491.89130434782606
SCBI_048,2004,491.6304347826087
SCBI_051,2004,491.89130434782606
SCBI_058,2004,494.9130434782609
SCBI_034,2004,409.2608695652174
SCBI_038,2004,492.9347826086956
SCBI_033,2004,409.2608695652174
SCBI_006,2004,494.7826086956522
SCBI_035,2004,492.9347826086956
SCBI_012,2004,476.6521739130435
SCBI_071,2004,490.95652173913044
SCBI_019,2004,478.5217391304348
SCBI_021,2004,494.7826086956522
SCBI_023,2004,496.4347826086956
SCBI_022,2004,500.7826086956522
SERC_062,2004,462.9130434782609
SERC_045,2004,462.9130434782609
SERC_051,2004,462.9130434782609
SERC_050,2004,502.04347826086956
SERC_052,2004,514.2826086956521
SERC_058,2004,517.5217391304348
SERC_043,2004,517.7608695652174
SERC_055,2004,505.5217391304348
SERC_048,2004,517.5217391304348
SERC_060,2004,517.5217391304348
SERC_061,2004,514.4565217391304
SERC_054,2004,514.4565217391304
SERC_059,2004,535.5652173913044
SERC_046,2004,512.1086956521739
SERC_053,2004,514.4565217391304
SERC_044,2004,512.1086956521739
SERC_047,2004,496.2391304347826
SERC_049,2004,496.2391304347826
SERC_057,2004,496.2391304347826
SERC_056,2004,496.2391304347826
SERC_007,2004,683.8695652173913
SERC_018,2004,657.6086956521739
SERC_009,2004,537.0434782608696
SERC_008,2004,657.6739130434783
SERC_011,2004,536.9782608695652
SERC_003,2004,531.7391304347826
SERC_006,2004,439.7826086956522
SERC_001,2004,465.9782608695652
SERC_017,2004,583.7391304347826
SERC_019,2004,490.1304347826087
SERC_010,2004,663.7173913043479
SERC_014,2004,502.30434782608694
SERC_012,2004,508.39130434782606
SERC_016,2004,531.6086956521739
SERC_022,2004,478.39130434782606
SERC_004,2004,490.1304347826087
SERC_021,2004,517.7608695652174
SERC_013,2004,479.2826086956522
SERC_005,2004,527.7173913043479
SERC_002,2004,526.1739130434783
SERC_067,2004,509.9130434782609
SERC_073,2004,502.04347826086956
SOAP_059,2004,439.5652173913044
SOAP_057,2004,439.5652173913044
SOAP_051,2004,439.5652173913044
SOAP_048,2004,439.5652173913044
SOAP_058,2004,438.17391304347825
SOAP_043,2004,437.67391304347825
SOAP_050,2004,437.67391304347825
SOAP_044,2004,445.0
SOAP_052,2004,444.5
SOAP_046,2004,445.0
SOAP_060,2004,444.5
SOAP_055,2004,437.67391304347825
SOAP_054,2004,424.7173913043478
SOAP_047,2004,424.7173913043478
SOAP_031,2004,444.60869565217394
SOAP_049,2004,444.60869565217394
SOAP_056,2004,444.60869565217394
SOAP_053,2004,424.7173913043478
SOAP_045,2004,461.32608695652175
SOAP_061,2004,439.5652173913044
SOAP_002,2004,337.9347826086956
SOAP_010,2004,439.5652173913044
SOAP_006,2004,351.6304347826087
SOAP_013,2004,337.9347826086956
SOAP_012,2004,443.04347826086956
SOAP_004,2004,439.5652173913044
SOAP_003,2004,462.9347826086956
SOAP_016,2004,465.67391304347825
SOAP_007,2004,460.3695652173913
SOAP_020,2004,424.7173913043478
SOAP_009,2004,479.2173913043478
SOAP_008,2004,443.04347826086956
SOAP_021,2004,407.4130434782609
SOAP_018,2004,482.9782608695652
SOAP_019,2004,482.9782608695652
SOAP_017,2004,452.60869565217394
SOAP_015,2004,522.1086956521739
SOAP_001,2004,444.60869565217394
SOAP_011,2004,438.17391304347825
SOAP_022,2004,522.1086956521739
SOAP_024,2004,351.6304347826087
STEI_058,2004,461.7173913043478
STEI_051,2004,461.7173913043478
STEI_056,2004,458.32608695652175
STEI_046,2004,458.32608695652175
STEI_061,2004,458.32608695652175
STEI_062,2004,458.32608695652175
STEI_052,2004,458.32608695652175
STEI_055,2004,461.7173913043478
STEI_047,2004,458.32608695652175
STEI_053,2004,458.32608695652175
STEI_048,2004,478.7608695652174
STEI_060,2004,458.32608695652175
STEI_054,2004,478.7608695652174
STEI_049,2004,458.32608695652175
STEI_057,2004,458.32608695652175
STEI_050,2004,478.7608695652174
STEI_059,2004,478.7608695652174
STEI_005,2004,371.0
STEI_009,2004,380.6304347826087
STEI_012,2004,381.4782608695652
STEI_017,2004,534.1086956521739
STEI_019,2004,378.1304347826087
STEI_003,2004,381.6304347826087
STEI_007,2004,392.1304347826087
STEI_002,2004,367.8695652173913
STEI_011,2004,374.4130434782609
STEI_010,2004,355.9347826086956
STEI_008,2004,384.0869565217391
STEI_015,2004,372.5869565217391
STEI_016,2004,355.9782608695652
STEI_004,2004,378.30434782608694
STEI_013,2004,384.5652173913044
STEI_001,2004,366.9782608695652
STEI_021,2004,457.2173913043478
STEI_006,2004,372.45652173913044
STEI_014,2004,377.2173913043478
STEI_022,2004,409.0869565217391
STEI_023,2004,393.4130434782609
TALL_003,2004,690.9565217391304
TALL_005,2004,595.0217391304348
TALL_009,2004,590.695652173913
TALL_012,2004,719.5217391304348
TALL_004,2004,536.1086956521739
TALL_010,2004,686.7173913043479
TALL_007,2004,692.9347826086956
TALL_002,2004,711.2173913043479
TALL_022,2004,715.1521739130435
TALL_015,2004,712.5434782608696
TALL_016,2004,521.0
TALL_011,2004,723.9782608695652
TALL_018,2004,708.2173913043479
TALL_006,2004,616.4565217391304
TALL_013,2004,639.9782608695652
TALL_001,2004,573.9130434782609
TALL_017,2004,703.8695652173913
TALL_020,2004,535.8478260869565
TALL_008,2004,713.0
TALL_043,2004,655.0
TALL_049,2004,655.0
TALL_046,2004,655.0
TALL_061,2004,641.2173913043479
TALL_052,2004,640.9130434782609
TALL_050,2004,736.6086956521739
TALL_051,2004,641.2173913043479
TALL_057,2004,641.2173913043479
TALL_060,2004,736.6086956521739
TALL_055,2004,641.2173913043479
TALL_058,2004,640.9130434782609
TALL_045,2004,736.6086956521739
TALL_059,2004,640.9130434782609
TALL_054,2004,641.2173913043479
TALL_056,2004,640.9130434782609
TALL_044,2004,736.6086956521739
TALL_047,2004,736.6086956521739
TALL_048,2004,655.0
TALL_042,2004,655.0
TALL_053,2004,640.9130434782609
TALL_064,2004,683.1304347826087
TALL_025,2004,594.695652173913
TEAK_045,2004,310.10869565217394
TEAK_054,2004,310.10869565217394
TEAK_048,2004,310.10869565217394
TEAK_061,2004,310.10869565217394
TEAK_059,2004,310.10869565217394
TEAK_049,2004,310.1521739130435
TEAK_060,2004,310.1521739130435
TEAK_055,2004,310.1521739130435
TEAK_062,2004,316.5
TEAK_056,2004,337.19565217391306
TEAK_044,2004,337.19565217391306
TEAK_057,2004,362.7608695652174
TEAK_053,2004,337.19565217391306
TEAK_047,2004,337.19565217391306
TEAK_051,2004,362.7608695652174
TEAK_046,2004,335.60869565217394
TEAK_058,2004,310.1521739130435
TEAK_043,2004,316.5
TEAK_052,2004,335.60869565217394
TEAK_050,2004,337.45652173913044
TEAK_001,2004,383.82608695652175
TEAK_002,2004,344.32608695652175
TEAK_003,2004,350.32608695652175
TEAK_004,2004,319.7608695652174
TEAK_006,2004,331.45652173913044
TEAK_025,2004,271.5
TEAK_005,2004,144.02173913043478
TEAK_011,2004,353.5652173913044
TEAK_007,2004,364.6304347826087
TEAK_014,2004,381.2608695652174
TEAK_010,2004,409.5217391304348
TEAK_012,2004,350.32608695652175
TEAK_017,2004,332.7826086956522
TEAK_013,2004,324.7173913043478
TEAK_019,2004,411.9130434782609
TEAK_020,2004,317.7608695652174
TEAK_016,2004,275.6521739130435
TEAK_015,2004,350.3478260869565
TEAK_024,2004,276.67391304347825
TEAK_018,2004,311.45652173913044
TREE_042,2004,373.89130434782606
TREE_053,2004,383.95652173913044
TREE_049,2004,383.95652173913044
TREE_046,2004,383.95652173913044
TREE_055,2004,383.95652173913044
TREE_056,2004,383.95652173913044
TREE_050,2004,438.4347826086956
TREE_054,2004,438.4347826086956
TREE_052,2004,383.95652173913044
TREE_051,2004,383.95652173913044
TREE_057,2004,357.95652173913044
TREE_025,2004,357.95652173913044
TREE_043,2004,357.9130434782609
TREE_044,2004,357.9130434782609
TREE_048,2004,418.17391304347825
TREE_047,2004,474.2391304347826
TREE_041,2004,368.6521739130435
TREE_040,2004,474.2391304347826
TREE_039,2004,357.95652173913044
TREE_045,2004,357.95652173913044
TREE_017,2004,357.9130434782609
TREE_019,2004,363.7173913043478
TREE_010,2004,370.45652173913044
TREE_016,2004,354.04347826086956
TREE_001,2004,360.9782608695652
TREE_014,2004,360.9782608695652
TREE_009,2004,357.95652173913044
TREE_060,2004,476.69565217391306
TREE_012,2004,363.7173913043478
TREE_005,2004,401.0
TREE_011,2004,479.89130434782606
TREE_018,2004,370.45652173913044
TREE_003,2004,359.89130434782606
TREE_007,2004,479.89130434782606
TREE_008,2004,441.1304347826087
TREE_006,2004,363.67391304347825
TREE_004,2004,441.1304347826087
TREE_002,2004,370.45652173913044
TREE_015,2004,399.69565217391306
TREE_023,2004,399.69565217391306
TREE_062,2004,357.95652173913044
TREE_064,2004,354.0869565217391
TREE_022,2004,363.67391304347825
TREE_063,2004,367.4130434782609
UNDE_048,2004,345.0217391304348
UNDE_038,2004,339.89130434782606
UNDE_037,2004,344.82608695652175
UNDE_045,2004,345.0217391304348
UNDE_058,2004,358.3695652173913
UNDE_052,2004,345.0217391304348
UNDE_047,2004,344.1304347826087
UNDE_054,2004,358.3695652173913
UNDE_057,2004,345.0217391304348
UNDE_050,2004,358.3695652173913
UNDE_055,2004,358.3695652173913
UNDE_059,2004,331.60869565217394
UNDE_065,2004,339.0
UNDE_043,2004,345.0217391304348
UNDE_044,2004,331.60869565217394
UNDE_049,2004,358.3695652173913
UNDE_056,2004,345.0217391304348
UNDE_078,2004,339.89130434782606
UNDE_061,2004,339.89130434782606
UNDE_060,2004,358.3695652173913
UNDE_014,2004,332.19565217391306
UNDE_013,2004,358.3695652173913
UNDE_002,2004,337.2608695652174
UNDE_001,2004,362.1304347826087
UNDE_003,2004,343.3478260869565
UNDE_010,2004,343.60869565217394
UNDE_006,2004,321.6521739130435
UNDE_011,2004,368.9782608695652
UNDE_007,2004,354.3695652173913
UNDE_012,2004,328.04347826086956
UNDE_008,2004,321.6521739130435
UNDE_016,2004,349.4347826086956
UNDE_020,2004,285.2173913043478
UNDE_021,2004,311.4782608695652
UNDE_022,2004,352.82608695652175
UNDE_018,2004,343.89130434782606
UNDE_019,2004,359.1304347826087
UNDE_023,2004,345.30434782608694
UNDE_015,2004,345.32608695652175
UNDE_027,2004,345.89130434782606
WREF_089,2004,486.7826086956522
WREF_082,2004,592.4347826086956
WREF_077,2004,574.0434782608696
WREF_083,2004,486.7826086956522
WREF_086,2004,498.54347826086956
WREF_081,2004,498.9130434782609
WREF_076,2004,507.80434782608694
WREF_070,2004,574.0434782608696
WREF_074,2004,592.4347826086956
WREF_072,2004,526.0869565217391
WREF_080,2004,527.1086956521739
WREF_073,2004,527.1086956521739
WREF_079,2004,527.1086956521739
WREF_085,2004,592.1521739130435
WREF_084,2004,592.1521739130435
WREF_078,2004,584.0434782608696
WREF_088,2004,592.4347826086956
WREF_087,2004,592.1521739130435
WREF_075,2004,574.0434782608696
WREF_071,2004,592.4347826086956
WREF_012,2004,591.304347826087
WREF_016,2004,631.8260869565217
WREF_015,2004,570.3260869565217
WREF_013,2004,570.3478260869565
WREF_001,2004,508.54347826086956
WREF_003,2004,587.1086956521739
WREF_018,2004,582.6086956521739
WREF_020,2004,637.8695652173913
WREF_002,2004,613.5217391304348
WREF_019,2004,518.6304347826087
WREF_010,2004,630.2608695652174
WREF_007,2004,592.7608695652174
WREF_008,2004,567.0217391304348
WREF_006,2004,581.1521739130435
WREF_005,2004,483.9347826086956
WREF_014,2004,498.7391304347826
WREF_009,2004,607.4130434782609
WREF_011,2004,617.4130434782609
WREF_004,2004,601.7391304347826
WREF_017,2004,602.1086956521739
DELA_013,2004,427.2173913043478
DELA_003,2004,615.4782608695652
DELA_005,2004,471.10869565217394
DELA_011,2004,531.9347826086956
DELA_004,2004,478.32608695652175
DELA_018,2004,485.4782608695652
DELA_014,2004,447.0652173913044
DELA_015,2004,478.32608695652175
DELA_012,2004,447.0652173913044
DELA_010,2004,485.4782608695652
DELA_016,2004,500.7608695652174
DELA_001,2004,715.4782608695652
DELA_019,2004,494.60869565217394
DELA_017,2004,500.7608695652174
DELA_009,2004,615.4782608695652
DELA_002,2004,447.0652173913044
DELA_007,2004,485.4782608695652
DELA_020,2004,479.5
DELA_006,2004,494.60869565217394
DELA_008,2004,427.17391304347825
DELA_046,2004,479.5
DELA_053,2004,479.5
DELA_051,2004,490.3695652173913
DELA_043,2004,490.3695652173913
DELA_040,2004,479.5
DELA_052,2004,490.3695652173913
DELA_041,2004,490.3695652173913
DELA_044,2004,490.3695652173913
DELA_039,2004,460.4782608695652
DELA_054,2004,479.5
DELA_045,2004,479.5
DELA_042,2004,676.9347826086956
DELA_055,2004,460.4782608695652
DELA_037,2004,479.5
DELA_050,2004,479.5
DELA_056,2004,479.5
DELA_047,2004,485.4782608695652
DELA_048,2004,485.4782608695652
DELA_049,2004,676.9347826086956
DELA_038,2004,460.4782608695652
DELA_023,2004,427.17391304347825
DELA_022,2004,427.2173913043478
DELA_021,2004,409.6521739130435
DELA_059,2004,676.9347826086956
LENO_061,2004,676.2173913043479
LENO_065,2004,676.2173913043479
LENO_062,2004,676.2173913043479
LENO_068,2004,874.5434782608696
LENO_067,2004,874.5434782608696
LENO_064,2004,676.2173913043479
LENO_063,2004,874.5434782608696
LENO_066,2004,516.6304347826087
LENO_069,2004,516.6304347826087
LENO_070,2004,516.6304347826087
LENO_003,2004,504.0652173913044
LENO_002,2004,516.8478260869565
LENO_014,2004,513.5869565217391
LENO_011,2004,482.2173913043478
LENO_005,2004,492.4782608695652
LENO_015,2004,658.0217391304348
LENO_010,2004,509.89130434782606
LENO_012,2004,634.8913043478261
LENO_009,2004,497.2826086956522
LENO_018,2004,658.804347826087
LENO_006,2004,512.6739130434783
LENO_013,2004,502.1304347826087
LENO_007,2004,513.5652173913044
LENO_008,2004,658.0217391304348
LENO_022,2004,513.1739130434783
LENO_001,2004,455.7173913043478
LENO_016,2004,512.6739130434783
LENO_021,2004,649.5434782608696
LENO_017,2004,502.2391304347826
LENO_004,2004,481.54347826086956
LENO_019,2004,517.8260869565217
UKFS_032,2004,519.195652173913
UKFS_057,2004,519.2391304347826
UKFS_051,2004,519.2391304347826
UKFS_047,2004,472.5217391304348
UKFS_055,2004,519.195652173913
UKFS_058,2004,472.5217391304348
UKFS_060,2004,519.195652173913
UKFS_056,2004,479.32608695652175
UKFS_054,2004,480.54347826086956
UKFS_050,2004,479.0869565217391
UKFS_046,2004,479.0869565217391
UKFS_045,2004,472.45652173913044
UKFS_043,2004,479.1304347826087
UKFS_052,2004,472.45652173913044
UKFS_059,2004,479.1304347826087
UKFS_048,2004,479.1304347826087
UKFS_049,2004,479.32608695652175
UKFS_031,2004,472.5217391304348
UKFS_044,2004,479.32608695652175
UKFS_053,2004,479.32608695652175
UKFS_007,2004,309.4130434782609
UKFS_005,2004,474.7826086956522
UKFS_004,2004,438.0217391304348
UKFS_009,2004,296.04347826086956
UKFS_006,2004,479.0869565217391
UKFS_012,2004,278.7391304347826
UKFS_002,2004,287.5652173913044
UKFS_010,2004,348.5217391304348
UKFS_003,2004,348.5217391304348
UKFS_001,2004,472.45652173913044
UKFS_011,2004,480.54347826086956
UKFS_008,2004,480.54347826086956
UKFS_017,2004,278.7391304347826
UKFS_019,2004,473.7826086956522
UKFS_016,2004,404.82608695652175
UKFS_018,2004,348.5217391304348
UKFS_014,2004,472.45652173913044
UKFS_015,2004,465.95652173913044
UKFS_013,2004,371.69565217391306
UKFS_025,2004,355.5
YELL_002,2004,177.02173913043478
YELL_016,2004,119.1086956521739
YELL_013,2004,142.8913043478261
YELL_006,2004,134.41304347826087
YELL_020,2004,225.2826086956522
YELL_008,2004,162.7391304347826
YELL_014,2004,191.7608695652174
YELL_001,2004,132.2826086956522
YELL_011,2004,109.76086956521739
YELL_004,2004,116.17391304347827
YELL_003,2004,145.41304347826087
YELL_010,2004,133.8913043478261
YELL_005,2004,126.41304347826087
YELL_007,2004,150.8913043478261
YELL_018,2004,154.1086956521739
YELL_023,2004,195.95652173913044
YELL_012,2004,162.8913043478261
YELL_009,2004,167.43478260869566
YELL_021,2004,280.9347826086956
YELL_022,2004,144.34782608695653
YELL_047,2004,158.30434782608697
YELL_054,2004,158.30434782608697
YELL_058,2004,158.30434782608697
YELL_044,2004,158.30434782608697
YELL_052,2004,158.32608695652175
YELL_055,2004,158.32608695652175
YELL_062,2004,158.30434782608697
YELL_056,2004,160.1086956521739
YELL_048,2004,160.1086956521739
YELL_060,2004,164.30434782608697
YELL_051,2004,158.32608695652175
YELL_053,2004,150.15217391304347
YELL_045,2004,160.1086956521739
YELL_046,2004,158.32608695652175
YELL_061,2004,158.32608695652175
YELL_049,2004,150.15217391304347
YELL_059,2004,158.32608695652175
YELL_043,2004,150.15217391304347
YELL_050,2004,164.30434782608697
YELL_057,2004,164.30434782608697
YELL_015,2004,124.23913043478261
BONA_072,2004,248.02173913043478
BONA_079,2004,248.02173913043478
BONA_070,2004,212.04347826086956
BONA_075,2004,248.02173913043478
BONA_078,2004,248.02173913043478
BONA_076,2004,248.02173913043478
BONA_082,2004,354.82608695652175
BONA_071,2004,248.02173913043478
BONA_087,2004,248.02173913043478
BONA_084,2004,354.8478260869565
BONA_080,2004,212.04347826086956
BONA_086,2004,212.04347826086956
BONA_088,2004,248.02173913043478
BONA_089,2004,354.82608695652175
BONA_085,2004,212.04347826086956
BONA_083,2004,180.34782608695653
BONA_074,2004,180.34782608695653
BONA_081,2004,194.67391304347825
BONA_077,2004,194.67391304347825
BONA_073,2004,194.67391304347825
BONA_014,2004,273.8695652173913
BONA_011,2004,168.97826086956522
BONA_001,2004,262.32608695652175
BONA_018,2004,169.8913043478261
BONA_023,2004,156.5
BONA_009,2004,126.84782608695652
BONA_002,2004,355.7391304347826
BONA_012,2004,239.54347826086956
BONA_008,2004,271.9130434782609
BONA_093,2004,248.02173913043478
BONA_007,2004,272.0869565217391
BONA_005,2004,239.41304347826087
BONA_021,2004,226.43478260869566
BONA_026,2004,230.54347826086956
BONA_022,2004,159.56521739130434
BONA_010,2004,159.56521739130434
BONA_003,2004,129.15217391304347
BONA_004,2004,212.1086956521739
BONA_006,2004,231.52173913043478
BONA_016,2004,147.15217391304347
BONA_013,2004,216.7608695652174
DEJU_050,2004,164.41304347826087
DEJU_051,2004,157.04347826086956
DEJU_049,2004,158.1086956521739
DEJU_057,2004,193.3913043478261
DEJU_047,2004,158.1086956521739
DEJU_052,2004,158.1086956521739
DEJU_045,2004,158.1086956521739
DEJU_056,2004,158.1086956521739
DEJU_061,2004,158.1086956521739
DEJU_064,2004,164.41304347826087
DEJU_054,2004,158.7826086956522
DEJU_060,2004,199.41304347826087
DEJU_046,2004,199.41304347826087
DEJU_055,2004,199.41304347826087
DEJU_063,2004,157.04347826086956
DEJU_059,2004,164.41304347826087
DEJU_048,2004,155.08695652173913
DEJU_062,2004,155.08695652173913
DEJU_058,2004,157.04347826086956
DEJU_053,2004,164.41304347826087
DEJU_010,2004,109.3695652173913
DEJU_004,2004,91.04347826086956
DEJU_003,2004,87.54347826086956
DEJU_023,2004,139.2391304347826
DEJU_008,2004,88.97826086956522
DEJU_019,2004,159.82608695652175
DEJU_005,2004,149.7608695652174
DEJU_001,2004,133.30434782608697
DEJU_007,2004,143.17391304347825
DEJU_015,2004,204.15217391304347
DEJU_017,2004,150.6086956521739
DEJU_014,2004,150.43478260869566
DEJU_006,2004,155.43478260869566
DEJU_021,2004,178.67391304347825
DEJU_002,2004,182.7173913043478
DEJU_024,2004,140.02173913043478
DEJU_016,2004,187.2608695652174
DEJU_009,2004,183.67391304347825
DEJU_018,2004,155.43478260869566
DEJU_020,2004,165.67391304347825
HEAL_072,2004,270.9130434782609
HEAL_063,2004,282.0217391304348
HEAL_070,2004,279.7173913043478
HEAL_060,2004,279.7173913043478
HEAL_071,2004,279.7173913043478
HEAL_050,2004,279.7173913043478
HEAL_067,2004,279.7173913043478
HEAL_068,2004,296.8478260869565
HEAL_064,2004,290.0869565217391
HEAL_062,2004,279.7173913043478
HEAL_061,2004,279.7173913043478
HEAL_073,2004,279.7173913043478
HEAL_052,2004,279.7173913043478
HEAL_066,2004,280.8695652173913
HEAL_058,2004,279.7173913043478
HEAL_069,2004,280.8695652173913
HEAL_048,2004,282.0217391304348
HEAL_054,2004,296.80434782608694
HEAL_053,2004,280.8695652173913
HEAL_074,2004,280.8695652173913
HEAL_056,2004,280.8695652173913
HEAL_051,2004,280.8695652173913
HEAL_065,2004,280.8695652173913
HEAL_057,2004,270.9130434782609
HEAL_046,2004,280.8695652173913
HEAL_059,2004,280.8695652173913
HEAL_055,2004,280.8695652173913
HEAL_047,2004,280.8695652173913
HEAL_010,2004,279.8695652173913
HEAL_002,2004,272.2608695652174
HEAL_003,2004,288.5217391304348
HEAL_014,2004,274.4782608695652
HEAL_022,2004,300.8695652173913
HEAL_023,2004,270.1304347826087
HEAL_021,2004,274.9782608695652
HEAL_001,2004,283.5652173913044
HEAL_016,2004,296.8478260869565
HEAL_020,2004,292.0217391304348
HEAL_006,2004,267.2608695652174
HEAL_019,2004,284.89130434782606
HEAL_011,2004,271.45652173913044
HEAL_025,2004,253.6086956521739
HEAL_018,2004,284.5652173913044
HEAL_017,2004,191.52173913043478
HEAL_004,2004,318.69565217391306
HEAL_005,2004,297.54347826086956
HEAL_015,2004,267.04347826086956
HEAL_049,2004,279.7173913043478
HEAL_026,2004,279.5652173913044
HEAL_045,2004,270.9130434782609
HEAL_024,2004,263.82608695652175
ABBY_063,2005,518.6521739130435
ABBY_068,2005,518.6521739130435
ABBY_065,2005,529.7391304347826
ABBY_067,2005,518.6521739130435
ABBY_066,2005,518.6521739130435
ABBY_061,2005,518.6521739130435
ABBY_070,2005,518.6521739130435
ABBY_062,2005,518.3478260869565
ABBY_064,2005,518.6521739130435
ABBY_069,2005,518.3478260869565
ABBY_075,2005,522.5434782608696
ABBY_074,2005,518.3478260869565
ABBY_073,2005,518.3478260869565
ABBY_076,2005,518.6521739130435
ABBY_004,2005,550.804347826087
ABBY_009,2005,550.804347826087
ABBY_011,2005,510.8695652173913
ABBY_013,2005,446.9130434782609
ABBY_023,2005,466.32608695652175
ABBY_010,2005,566.4130434782609
ABBY_018,2005,509.2608695652174
ABBY_003,2005,383.9347826086956
ABBY_012,2005,603.1304347826087
ABBY_005,2005,552.1521739130435
ABBY_016,2005,388.1521739130435
ABBY_008,2005,595.2173913043479
ABBY_017,2005,534.4347826086956
ABBY_014,2005,561.8478260869565
ABBY_001,2005,517.5
ABBY_019,2005,512.6304347826087
ABBY_006,2005,524.1739130434783
ABBY_002,2005,528.7391304347826
ABBY_007,2005,596.3478260869565
ABBY_025,2005,524.4347826086956
ABBY_015,2005,530.6304347826087
ABBY_077,2005,560.7826086956521
BART_012,2005,380.04347826086956
BART_001,2005,390.67391304347825
BART_005,2005,463.2173913043478
BART_044,2005,425.2826086956522
BART_037,2005,425.2826086956522
BART_073,2005,418.5869565217391
BART_074,2005,425.2826086956522
BART_075,2005,418.5869565217391
BART_042,2005,418.5869565217391
BART_072,2005,418.5869565217391
BART_046,2005,425.2826086956522
BART_036,2005,418.5869565217391
BART_051,2005,418.5869565217391
BART_041,2005,420.2608695652174
BART_034,2005,420.2608695652174
BART_039,2005,418.5869565217391
BART_050,2005,418.5869565217391
BART_040,2005,418.45652173913044
BART_071,2005,428.7826086956522
BART_070,2005,420.2608695652174
BART_033,2005,420.2608695652174
BART_047,2005,418.45652173913044
BART_032,2005,428.9347826086956
BART_015,2005,415.6521739130435
BART_016,2005,450.19565217391306
BART_028,2005,419.2608695652174
BART_010,2005,434.39130434782606
BART_013,2005,408.2391304347826
BART_026,2005,419.5
BART_006,2005,417.4130434782609
BART_023,2005,434.39130434782606
BART_002,2005,398.60869565217394
BART_018,2005,428.60869565217394
BART_003,2005,441.7391304347826
BART_024,2005,434.39130434782606
BART_011,2005,415.80434782608694
BART_025,2005,419.5
BART_007,2005,415.80434782608694
BART_027,2005,441.80434782608694
BART_004,2005,411.19565217391306
BART_019,2005,428.9347826086956
BLAN_042,2005,414.54347826086956
BLAN_056,2005,414.54347826086956
BLAN_034,2005,299.10869565217394
BLAN_043,2005,414.54347826086956
BLAN_046,2005,369.04347826086956
BLAN_045,2005,414.54347826086956
BLAN_059,2005,369.04347826086956
BLAN_039,2005,414.54347826086956
BLAN_033,2005,414.54347826086956
BLAN_051,2005,414.54347826086956
BLAN_054,2005,414.54347826086956
BLAN_031,2005,299.10869565217394
BLAN_049,2005,299.10869565217394
BLAN_060,2005,414.54347826086956
BLAN_035,2005,369.04347826086956
BLAN_038,2005,414.54347826086956
BLAN_040,2005,414.54347826086956
BLAN_037,2005,299.10869565217394
BLAN_044,2005,299.10869565217394
BLAN_050,2005,455.39130434782606
BLAN_052,2005,299.10869565217394
BLAN_048,2005,455.39130434782606
BLAN_055,2005,299.10869565217394
BLAN_057,2005,369.04347826086956
BLAN_032,2005,369.04347826086956
BLAN_036,2005,455.39130434782606
BLAN_047,2005,455.39130434782606
BLAN_063,2005,455.39130434782606
BLAN_005,2005,446.6521739130435
BLAN_017,2005,446.6521739130435
BLAN_011,2005,675.4130434782609
BLAN_068,2005,437.7391304347826
BLAN_016,2005,437.7391304347826
BLAN_001,2005,448.89130434782606
BLAN_008,2005,452.69565217391306
BLAN_003,2005,438.0652173913044
BLAN_018,2005,450.1304347826087
BLAN_004,2005,437.7391304347826
BLAN_014,2005,449.7608695652174
BLAN_020,2005,522.4347826086956
BLAN_006,2005,450.1304347826087
BLAN_007,2005,452.69565217391306
BLAN_010,2005,437.7391304347826
BLAN_012,2005,450.1304347826087
BLAN_013,2005,451.9347826086956
BLAN_015,2005,462.7608695652174
BLAN_009,2005,448.89130434782606
BLAN_053,2005,369.04347826086956
BLAN_041,2005,455.39130434782606
BLAN_064,2005,299.10869565217394
BLAN_019,2005,437.69565217391306
GRSM_057,2005,516.7391304347826
GRSM_048,2005,516.7391304347826
GRSM_059,2005,545.9565217391304
GRSM_054,2005,546.8695652173913
GRSM_049,2005,524.0
GRSM_066,2005,516.7391304347826
GRSM_065,2005,557.5217391304348
GRSM_047,2005,545.9565217391304
GRSM_063,2005,545.0652173913044
GRSM_053,2005,545.0652173913044
GRSM_062,2005,546.8695652173913
GRSM_060,2005,545.9565217391304
GRSM_050,2005,551.9782608695652
GRSM_051,2005,545.9565217391304
GRSM_064,2005,545.9565217391304
GRSM_002,2005,552.6521739130435
GRSM_025,2005,492.4782608695652
GRSM_016,2005,400.7173913043478
GRSM_017,2005,530.4347826086956
GRSM_004,2005,556.4565217391304
GRSM_001,2005,545.0
GRSM_012,2005,480.5652173913044
GRSM_008,2005,501.7173913043478
GRSM_003,2005,498.17391304347825
GRSM_019,2005,525.4130434782609
GRSM_006,2005,525.4130434782609
GRSM_013,2005,532.5217391304348
GRSM_015,2005,545.6304347826087
GRSM_014,2005,545.804347826087
GRSM_010,2005,543.9782608695652
GRSM_005,2005,531.5869565217391
GRSM_011,2005,539.9130434782609
GRSM_007,2005,545.7173913043479
GRSM_009,2005,495.30434782608694
GRSM_055,2005,545.0652173913044
GRSM_018,2005,552.1739130434783
GRSM_061,2005,545.9565217391304
GRSM_056,2005,545.9565217391304
GRSM_058,2005,557.5217391304348
GRSM_052,2005,546.8695652173913
HARV_013,2005,439.39130434782606
HARV_022,2005,438.9130434782609
HARV_008,2005,431.8695652173913
HARV_004,2005,429.45652173913044
HARV_024,2005,427.5
HARV_010,2005,0.0
HARV_006,2005,403.1521739130435
HARV_001,2005,404.1304347826087
HARV_005,2005,352.0652173913044
HARV_027,2005,416.8478260869565
HARV_043,2005,462.0869565217391
HARV_035,2005,462.0869565217391
HARV_037,2005,445.1521739130435
HARV_020,2005,432.9347826086956
HARV_023,2005,456.0869565217391
HARV_014,2005,409.3695652173913
HARV_011,2005,405.5869565217391
HARV_025,2005,417.45652173913044
HARV_002,2005,426.4347826086956
HARV_012,2005,438.17391304347825
HARV_026,2005,424.6304347826087
HARV_016,2005,433.32608695652175
HARV_039,2005,434.3478260869565
HARV_021,2005,422.17391304347825
HARV_045,2005,443.9782608695652
HARV_041,2005,445.04347826086956
HARV_038,2005,445.1521739130435
HARV_050,2005,445.1521739130435
HARV_048,2005,462.0869565217391
HARV_036,2005,443.9782608695652
HARV_052,2005,462.0869565217391
HARV_049,2005,434.2391304347826
HARV_047,2005,445.1521739130435
HARV_044,2005,445.1521739130435
HARV_040,2005,462.0869565217391
HARV_046,2005,445.04347826086956
HARV_033,2005,445.1521739130435
HARV_051,2005,434.3478260869565
HARV_034,2005,445.1521739130435
HARV_042,2005,434.3478260869565
HARV_015,2005,445.04347826086956
HARV_017,2005,413.9130434782609
JERC_002,2005,588.7173913043479
JERC_015,2005,626.5869565217391
JERC_007,2005,596.804347826087
JERC_001,2005,585.5434782608696
JERC_010,2005,555.1304347826087
JERC_009,2005,609.2826086956521
JERC_029,2005,605.1086956521739
JERC_021,2005,558.3913043478261
JERC_011,2005,605.1086956521739
JERC_040,2005,571.8260869565217
JERC_035,2005,586.5652173913044
JERC_033,2005,626.6521739130435
JERC_019,2005,623.0217391304348
JERC_030,2005,627.9565217391304
JERC_034,2005,504.7608695652174
JERC_036,2005,603.9347826086956
JERC_028,2005,290.3695652173913
JERC_044,2005,616.5
JERC_016,2005,603.9347826086956
JERC_038,2005,607.2608695652174
JERC_006,2005,504.2391304347826
JERC_041,2005,633.195652173913
JERC_031,2005,430.3695652173913
JERC_042,2005,555.1304347826087
JERC_008,2005,615.8260869565217
JERC_005,2005,615.8260869565217
JERC_003,2005,585.5434782608696
JERC_022,2005,550.6304347826087
JERC_013,2005,585.7173913043479
JERC_066,2005,588.7173913043479
JERC_065,2005,430.3695652173913
JERC_054,2005,593.3478260869565
JERC_051,2005,430.3695652173913
JERC_062,2005,588.7391304347826
JERC_047,2005,588.7391304347826
JERC_057,2005,430.3695652173913
JERC_060,2005,430.3695652173913
JERC_064,2005,430.3695652173913
JERC_050,2005,588.7391304347826
JERC_053,2005,588.7173913043479
JERC_049,2005,588.7391304347826
JERC_061,2005,588.7391304347826
JERC_058,2005,588.7173913043479
JERC_048,2005,588.7173913043479
JERC_063,2005,588.7173913043479
JERC_052,2005,588.7391304347826
JERC_059,2005,588.7173913043479
JERC_056,2005,588.7391304347826
JERC_055,2005,588.7391304347826
JERC_004,2005,561.1521739130435
JERC_014,2005,579.8695652173913
JERC_012,2005,577.2391304347826
MLBS_076,2005,440.39130434782606
MLBS_061,2005,445.7173913043478
MLBS_064,2005,445.7173913043478
MLBS_075,2005,453.89130434782606
MLBS_065,2005,453.89130434782606
MLBS_062,2005,453.82608695652175
MLBS_069,2005,440.39130434782606
MLBS_063,2005,440.30434782608694
MLBS_073,2005,440.30434782608694
MLBS_074,2005,440.39130434782606
MLBS_066,2005,440.30434782608694
MLBS_067,2005,440.30434782608694
MLBS_071,2005,440.39130434782606
MLBS_072,2005,440.30434782608694
MLBS_070,2005,440.30434782608694
MLBS_068,2005,440.30434782608694
MLBS_009,2005,445.7173913043478
MLBS_010,2005,450.8695652173913
MLBS_005,2005,441.0869565217391
MLBS_003,2005,450.8695652173913
MLBS_019,2005,484.1304347826087
MLBS_016,2005,499.3478260869565
MLBS_015,2005,481.45652173913044
MLBS_014,2005,504.9782608695652
MLBS_001,2005,419.82608695652175
MLBS_017,2005,419.82608695652175
MLBS_011,2005,439.32608695652175
MLBS_012,2005,439.32608695652175
MLBS_002,2005,453.89130434782606
MLBS_004,2005,485.7826086956522
MLBS_018,2005,460.30434782608694
MLBS_008,2005,464.1304347826087
MLBS_007,2005,500.2391304347826
MLBS_006,2005,496.4347826086956
MLBS_020,2005,488.67391304347825
MLBS_013,2005,497.6304347826087
ORNL_002,2005,531.0
ORNL_003,2005,501.2391304347826
ORNL_009,2005,503.0652173913044
ORNL_021,2005,457.1304347826087
ORNL_031,2005,404.95652173913044
ORNL_033,2005,490.54347826086956
ORNL_066,2005,605.2173913043479
ORNL_044,2005,605.2173913043479
ORNL_012,2005,0.0
ORNL_004,2005,478.54347826086956
ORNL_001,2005,421.0652173913044
ORNL_027,2005,480.2391304347826
ORNL_014,2005,498.5652173913044
ORNL_029,2005,502.54347826086956
ORNL_007,2005,521.695652173913
ORNL_006,2005,507.9130434782609
ORNL_008,2005,529.1739130434783
ORNL_035,2005,543.3913043478261
ORNL_010,2005,528.3260869565217
ORNL_032,2005,511.5217391304348
ORNL_055,2005,524.695652173913
ORNL_062,2005,524.695652173913
ORNL_063,2005,522.7173913043479
ORNL_049,2005,522.7173913043479
ORNL_052,2005,524.695652173913
ORNL_059,2005,494.67391304347825
ORNL_036,2005,525.1739130434783
ORNL_053,2005,494.67391304347825
ORNL_046,2005,494.67391304347825
ORNL_043,2005,518.5652173913044
ORNL_058,2005,518.5652173913044
ORNL_060,2005,518.5652173913044
ORNL_056,2005,524.695652173913
ORNL_037,2005,524.695652173913
ORNL_057,2005,525.1739130434783
ORNL_051,2005,524.695652173913
ORNL_061,2005,494.67391304347825
ORNL_054,2005,525.1739130434783
ORNL_045,2005,525.1739130434783
ORNL_050,2005,525.1739130434783
ORNL_017,2005,520.9130434782609
ORNL_068,2005,461.9782608695652
ORNL_019,2005,520.0434782608696
ORNL_018,2005,409.4130434782609
ORNL_067,2005,496.0
ORNL_015,2005,501.30434782608694
OSBS_002,2005,527.2391304347826
OSBS_006,2005,469.6521739130435
OSBS_048,2005,491.19565217391306
OSBS_001,2005,627.2608695652174
OSBS_018,2005,413.5869565217391
OSBS_011,2005,550.804347826087
OSBS_014,2005,540.6304347826087
OSBS_004,2005,516.7391304347826
OSBS_020,2005,410.9130434782609
OSBS_023,2005,550.804347826087
OSBS_049,2005,538.4347826086956
OSBS_003,2005,474.89130434782606
OSBS_012,2005,509.7173913043478
OSBS_013,2005,516.7391304347826
OSBS_024,2005,550.804347826087
OSBS_016,2005,578.2826086956521
OSBS_008,2005,462.80434782608694
OSBS_010,2005,608.304347826087
OSBS_051,2005,456.8478260869565
OSBS_050,2005,432.2608695652174
OSBS_007,2005,492.6304347826087
OSBS_005,2005,595.8260869565217
OSBS_017,2005,586.3695652173913
OSBS_043,2005,471.5869565217391
OSBS_022,2005,540.6304347826087
OSBS_039,2005,457.9347826086956
OSBS_036,2005,457.9347826086956
OSBS_029,2005,457.9347826086956
OSBS_040,2005,480.54347826086956
OSBS_015,2005,709.1739130434783
OSBS_025,2005,430.95652173913044
OSBS_030,2005,430.95652173913044
OSBS_038,2005,430.95652173913044
OSBS_042,2005,430.95652173913044
OSBS_035,2005,396.0652173913044
OSBS_037,2005,396.0652173913044
OSBS_028,2005,396.0652173913044
OSBS_021,2005,570.0434782608696
OSBS_041,2005,396.0652173913044
OSBS_009,2005,609.3695652173913
OSBS_031,2005,480.54347826086956
OSBS_033,2005,457.9347826086956
OSBS_032,2005,457.9347826086956
OSBS_044,2005,457.9347826086956
OSBS_027,2005,457.9347826086956
OSBS_034,2005,480.5652173913044
OSBS_026,2005,457.9347826086956
OSBS_063,2005,494.04347826086956
OSBS_067,2005,481.39130434782606
OSBS_066,2005,709.1739130434783
OSBS_068,2005,481.3695652173913
OSBS_070,2005,480.54347826086956
OSBS_073,2005,569.0652173913044
RMNP_043,2005,192.8695652173913
RMNP_042,2005,192.8695652173913
RMNP_041,2005,306.2826086956522
RMNP_048,2005,192.8695652173913
RMNP_049,2005,192.8695652173913
RMNP_046,2005,192.8695652173913
RMNP_047,2005,192.8695652173913
RMNP_045,2005,192.8695652173913
RMNP_044,2005,192.8695652173913
RMNP_013,2005,243.2391304347826
RMNP_003,2005,303.3695652173913
RMNP_009,2005,303.3695652173913
RMNP_011,2005,164.65217391304347
RMNP_019,2005,289.82608695652175
RMNP_015,2005,347.82608695652175
RMNP_002,2005,347.3695652173913
RMNP_020,2005,347.82608695652175
RMNP_016,2005,313.7173913043478
RMNP_017,2005,302.7173913043478
RMNP_005,2005,348.4130434782609
RMNP_001,2005,342.82608695652175
RMNP_014,2005,379.9130434782609
RMNP_008,2005,320.2826086956522
RMNP_012,2005,364.9130434782609
RMNP_018,2005,360.0217391304348
RMNP_006,2005,337.5652173913044
RMNP_004,2005,267.1304347826087
RMNP_010,2005,309.54347826086956
RMNP_007,2005,309.54347826086956
SCBI_008,2005,494.10869565217394
SCBI_004,2005,467.9782608695652
SCBI_015,2005,488.3478260869565
SCBI_017,2005,475.95652173913044
SCBI_013,2005,481.19565217391306
SCBI_007,2005,476.0
SCBI_018,2005,450.2173913043478
SCBI_003,2005,483.4347826086956
SCBI_011,2005,489.5217391304348
SCBI_016,2005,447.0869565217391
SCBI_002,2005,484.8478260869565
SCBI_010,2005,464.45652173913044
SCBI_014,2005,474.7391304347826
SCBI_005,2005,482.0652173913044
SCBI_056,2005,469.95652173913044
SCBI_045,2005,474.5652173913044
SCBI_053,2005,469.95652173913044
SCBI_061,2005,469.95652173913044
SCBI_050,2005,469.95652173913044
SCBI_057,2005,469.95652173913044
SCBI_062,2005,484.9347826086956
SCBI_047,2005,484.9347826086956
SCBI_067,2005,484.9347826086956
SCBI_066,2005,484.9347826086956
SCBI_064,2005,474.5652173913044
SCBI_052,2005,474.5652173913044
SCBI_054,2005,474.5652173913044
SCBI_046,2005,484.8478260869565
SCBI_049,2005,484.9347826086956
SCBI_063,2005,484.9347826086956
SCBI_055,2005,469.95652173913044
SCBI_048,2005,484.9347826086956
SCBI_051,2005,469.95652173913044
SCBI_058,2005,474.5652173913044
SCBI_034,2005,399.7608695652174
SCBI_038,2005,476.0869565217391
SCBI_033,2005,399.7608695652174
SCBI_006,2005,462.4347826086956
SCBI_035,2005,476.0869565217391
SCBI_012,2005,456.3695652173913
SCBI_071,2005,464.45652173913044
SCBI_019,2005,496.60869565217394
SCBI_021,2005,462.4347826086956
SCBI_023,2005,488.3478260869565
SCBI_022,2005,481.04347826086956
SERC_062,2005,447.1521739130435
SERC_045,2005,447.1521739130435
SERC_051,2005,447.1521739130435
SERC_050,2005,477.10869565217394
SERC_052,2005,505.69565217391306
SERC_058,2005,500.5217391304348
SERC_043,2005,501.1304347826087
SERC_055,2005,486.10869565217394
SERC_048,2005,500.5217391304348
SERC_060,2005,500.5217391304348
SERC_061,2005,506.2391304347826
SERC_054,2005,506.2391304347826
SERC_059,2005,487.1304347826087
SERC_046,2005,497.67391304347825
SERC_053,2005,506.2391304347826
SERC_044,2005,497.67391304347825
SERC_047,2005,475.8478260869565
SERC_049,2005,475.8478260869565
SERC_057,2005,475.8478260869565
SERC_056,2005,475.8478260869565
SERC_007,2005,603.2173913043479
SERC_018,2005,529.2826086956521
SERC_009,2005,506.67391304347825
SERC_008,2005,529.304347826087
SERC_011,2005,516.9347826086956
SERC_003,2005,495.7826086956522
SERC_006,2005,405.89130434782606
SERC_001,2005,427.10869565217394
SERC_017,2005,605.5652173913044
SERC_019,2005,491.67391304347825
SERC_010,2005,627.6304347826087
SERC_014,2005,475.8478260869565
SERC_012,2005,495.82608695652175
SERC_016,2005,495.69565217391306
SERC_022,2005,451.60869565217394
SERC_004,2005,491.67391304347825
SERC_021,2005,501.1304347826087
SERC_013,2005,444.39130434782606
SERC_005,2005,501.82608695652175
SERC_002,2005,514.4347826086956
SERC_067,2005,498.7826086956522
SERC_073,2005,477.10869565217394
SOAP_059,2005,483.2826086956522
SOAP_057,2005,483.2826086956522
SOAP_051,2005,483.2826086956522
SOAP_048,2005,483.2826086956522
SOAP_058,2005,474.9130434782609
SOAP_043,2005,474.5
SOAP_050,2005,474.5
SOAP_044,2005,503.1521739130435
SOAP_052,2005,502.6304347826087
SOAP_046,2005,503.1521739130435
SOAP_060,2005,502.6304347826087
SOAP_055,2005,474.5
SOAP_054,2005,449.60869565217394
SOAP_047,2005,449.60869565217394
SOAP_031,2005,441.2391304347826
SOAP_049,2005,441.2391304347826
SOAP_056,2005,441.2391304347826
SOAP_053,2005,449.60869565217394
SOAP_045,2005,474.2391304347826
SOAP_061,2005,483.2826086956522
SOAP_002,2005,394.0869565217391
SOAP_010,2005,483.2826086956522
SOAP_006,2005,357.69565217391306
SOAP_013,2005,394.0869565217391
SOAP_012,2005,420.7826086956522
SOAP_004,2005,483.2826086956522
SOAP_003,2005,448.1521739130435
SOAP_016,2005,490.0217391304348
SOAP_007,2005,461.82608695652175
SOAP_020,2005,449.60869565217394
SOAP_009,2005,496.2608695652174
SOAP_008,2005,420.7826086956522
SOAP_021,2005,399.7826086956522
SOAP_018,2005,463.6304347826087
SOAP_019,2005,463.6304347826087
SOAP_017,2005,453.82608695652175
SOAP_015,2005,531.9565217391304
SOAP_001,2005,494.30434782608694
SOAP_011,2005,474.9130434782609
SOAP_022,2005,531.9565217391304
SOAP_024,2005,357.69565217391306
STEI_058,2005,495.17391304347825
STEI_051,2005,495.17391304347825
STEI_056,2005,449.1304347826087
STEI_046,2005,449.1304347826087
STEI_061,2005,449.1304347826087
STEI_062,2005,449.1304347826087
STEI_052,2005,449.1304347826087
STEI_055,2005,495.17391304347825
STEI_047,2005,449.1304347826087
STEI_053,2005,449.1304347826087
STEI_048,2005,527.8695652173913
STEI_060,2005,449.1304347826087
STEI_054,2005,527.8695652173913
STEI_049,2005,449.1304347826087
STEI_057,2005,449.1304347826087
STEI_050,2005,527.8695652173913
STEI_059,2005,527.8695652173913
STEI_005,2005,368.30434782608694
STEI_009,2005,367.7173913043478
STEI_012,2005,389.7608695652174
STEI_017,2005,520.7826086956521
STEI_019,2005,391.3695652173913
STEI_003,2005,392.4347826086956
STEI_007,2005,375.54347826086956
STEI_002,2005,377.10869565217394
STEI_011,2005,381.69565217391306
STEI_010,2005,356.19565217391306
STEI_008,2005,371.32608695652175
STEI_015,2005,373.2826086956522
STEI_016,2005,368.17391304347825
STEI_004,2005,359.6521739130435
STEI_013,2005,382.4347826086956
STEI_001,2005,369.17391304347825
STEI_021,2005,515.7173913043479
STEI_006,2005,384.3695652173913
STEI_014,2005,368.0652173913044
STEI_022,2005,405.0
STEI_023,2005,380.5652173913044
TALL_003,2005,679.1304347826087
TALL_005,2005,617.3913043478261
TALL_009,2005,619.8260869565217
TALL_012,2005,694.1086956521739
TALL_004,2005,521.195652173913
TALL_010,2005,687.1739130434783
TALL_007,2005,689.4347826086956
TALL_002,2005,694.1304347826087
TALL_022,2005,729.5434782608696
TALL_015,2005,711.695652173913
TALL_016,2005,513.7173913043479
TALL_011,2005,716.9565217391304
TALL_018,2005,710.2173913043479
TALL_006,2005,613.2608695652174
TALL_013,2005,643.5869565217391
TALL_001,2005,547.9347826086956
TALL_017,2005,690.195652173913
TALL_020,2005,521.0869565217391
TALL_008,2005,692.5
TALL_043,2005,657.3695652173913
TALL_049,2005,657.3695652173913
TALL_046,2005,657.3695652173913
TALL_061,2005,641.5434782608696
TALL_052,2005,641.3695652173913
TALL_050,2005,719.6304347826087
TALL_051,2005,641.5434782608696
TALL_057,2005,641.5434782608696
TALL_060,2005,719.6304347826087
TALL_055,2005,641.5434782608696
TALL_058,2005,641.3695652173913
TALL_045,2005,719.6304347826087
TALL_059,2005,641.3695652173913
TALL_054,2005,641.5434782608696
TALL_056,2005,641.3695652173913
TALL_044,2005,719.6304347826087
TALL_047,2005,719.6304347826087
TALL_048,2005,657.3695652173913
TALL_042,2005,657.3695652173913
TALL_053,2005,641.3695652173913
TALL_064,2005,678.0
TALL_025,2005,617.304347826087
TEAK_045,2005,294.69565217391306
TEAK_054,2005,294.69565217391306
TEAK_048,2005,294.69565217391306
TEAK_061,2005,294.69565217391306
TEAK_059,2005,294.69565217391306
TEAK_049,2005,294.6521739130435
TEAK_060,2005,294.6521739130435
TEAK_055,2005,294.6521739130435
TEAK_062,2005,306.9130434782609
TEAK_056,2005,317.7826086956522
TEAK_044,2005,317.7826086956522
TEAK_057,2005,332.54347826086956
TEAK_053,2005,317.7826086956522
TEAK_047,2005,317.7826086956522
TEAK_051,2005,332.54347826086956
TEAK_046,2005,313.69565217391306
TEAK_058,2005,294.6521739130435
TEAK_043,2005,306.9130434782609
TEAK_052,2005,313.67391304347825
TEAK_050,2005,312.4782608695652
TEAK_001,2005,382.0217391304348
TEAK_002,2005,333.82608695652175
TEAK_003,2005,328.7391304347826
TEAK_004,2005,283.2391304347826
TEAK_006,2005,301.6521739130435
TEAK_025,2005,227.3695652173913
TEAK_005,2005,133.93478260869566
TEAK_011,2005,322.54347826086956
TEAK_007,2005,317.9130434782609
TEAK_014,2005,361.19565217391306
TEAK_010,2005,370.5
TEAK_012,2005,328.7391304347826
TEAK_017,2005,307.82608695652175
TEAK_013,2005,317.1304347826087
TEAK_019,2005,382.9782608695652
TEAK_020,2005,314.69565217391306
TEAK_016,2005,260.60869565217394
TEAK_015,2005,301.0217391304348
TEAK_024,2005,242.06521739130434
TEAK_018,2005,313.95652173913044
TREE_042,2005,378.4130434782609
TREE_053,2005,381.04347826086956
TREE_049,2005,381.04347826086956
TREE_046,2005,381.04347826086956
TREE_055,2005,381.0652173913044
TREE_056,2005,381.04347826086956
TREE_050,2005,498.0217391304348
TREE_054,2005,498.0217391304348
TREE_052,2005,381.04347826086956
TREE_051,2005,381.0652173913044
TREE_057,2005,379.0652173913044
TREE_025,2005,379.0652173913044
TREE_043,2005,379.04347826086956
TREE_044,2005,379.04347826086956
TREE_048,2005,495.9782608695652
TREE_047,2005,527.9347826086956
TREE_041,2005,384.45652173913044
TREE_040,2005,527.9347826086956
TREE_039,2005,379.0652173913044
TREE_045,2005,379.0652173913044
TREE_017,2005,379.04347826086956
TREE_019,2005,389.0
TREE_010,2005,370.6521739130435
TREE_016,2005,377.95652173913044
TREE_001,2005,389.7173913043478
TREE_014,2005,389.7173913043478
TREE_009,2005,382.04347826086956
TREE_060,2005,515.5869565217391
TREE_012,2005,389.0
TREE_005,2005,425.1521739130435
TREE_011,2005,486.7173913043478
TREE_018,2005,370.69565217391306
TREE_003,2005,367.5
TREE_007,2005,486.7173913043478
TREE_008,2005,494.9782608695652
TREE_006,2005,384.32608695652175
TREE_004,2005,494.9782608695652
TREE_002,2005,370.69565217391306
TREE_015,2005,419.67391304347825
TREE_023,2005,419.6304347826087
TREE_062,2005,382.04347826086956
TREE_064,2005,377.9130434782609
TREE_022,2005,384.32608695652175
TREE_063,2005,389.9130434782609
UNDE_048,2005,369.2173913043478
UNDE_038,2005,392.95652173913044
UNDE_037,2005,368.7608695652174
UNDE_045,2005,369.2173913043478
UNDE_058,2005,395.4782608695652
UNDE_052,2005,369.2173913043478
UNDE_047,2005,388.0217391304348
UNDE_054,2005,395.4782608695652
UNDE_057,2005,369.2173913043478
UNDE_050,2005,395.4782608695652
UNDE_055,2005,395.4782608695652
UNDE_059,2005,390.8478260869565
UNDE_065,2005,378.8478260869565
UNDE_043,2005,369.2173913043478
UNDE_044,2005,390.8478260869565
UNDE_049,2005,395.4782608695652
UNDE_056,2005,369.2173913043478
UNDE_078,2005,392.95652173913044
UNDE_061,2005,392.95652173913044
UNDE_060,2005,395.4782608695652
UNDE_014,2005,369.80434782608694
UNDE_013,2005,395.4782608695652
UNDE_002,2005,360.1521739130435
UNDE_001,2005,379.67391304347825
UNDE_003,2005,380.1521739130435
UNDE_010,2005,370.5217391304348
UNDE_006,2005,370.5
UNDE_011,2005,384.3695652173913
UNDE_007,2005,391.6521739130435
UNDE_012,2005,371.30434782608694
UNDE_008,2005,370.5
UNDE_016,2005,379.9782608695652
UNDE_020,2005,320.4347826086956
UNDE_021,2005,340.8478260869565
UNDE_022,2005,385.1304347826087
UNDE_018,2005,375.7391304347826
UNDE_019,2005,372.19565217391306
UNDE_023,2005,394.2173913043478
UNDE_015,2005,394.19565217391306
UNDE_027,2005,378.9130434782609
WREF_089,2005,498.0217391304348
WREF_082,2005,587.695652173913
WREF_077,2005,585.0652173913044
WREF_083,2005,498.0217391304348
WREF_086,2005,521.304347826087
WREF_081,2005,521.5434782608696
WREF_076,2005,517.8478260869565
WREF_070,2005,585.0652173913044
WREF_074,2005,587.695652173913
WREF_072,2005,553.3478260869565
WREF_080,2005,576.4130434782609
WREF_073,2005,576.4130434782609
WREF_079,2005,576.4130434782609
WREF_085,2005,587.2608695652174
WREF_084,2005,587.2608695652174
WREF_078,2005,575.6304347826087
WREF_088,2005,587.695652173913
WREF_087,2005,587.2608695652174
WREF_075,2005,585.0652173913044
WREF_071,2005,587.695652173913
WREF_012,2005,568.8478260869565
WREF_016,2005,653.2173913043479
WREF_015,2005,607.8478260869565
WREF_013,2005,591.4130434782609
WREF_001,2005,534.8260869565217
WREF_003,2005,594.5652173913044
WREF_018,2005,610.4565217391304
WREF_020,2005,622.5434782608696
WREF_002,2005,606.0217391304348
WREF_019,2005,539.5217391304348
WREF_010,2005,621.5869565217391
WREF_007,2005,574.9782608695652
WREF_008,2005,587.2608695652174
WREF_006,2005,587.1304347826087
WREF_005,2005,530.5
WREF_014,2005,526.3695652173913
WREF_009,2005,670.8695652173913
WREF_011,2005,608.4130434782609
WREF_004,2005,596.1521739130435
WREF_017,2005,596.5652173913044
DELA_013,2005,458.4347826086956
DELA_003,2005,613.6086956521739
DELA_005,2005,427.4130434782609
DELA_011,2005,519.5
DELA_004,2005,499.32608695652175
DELA_018,2005,475.17391304347825
DELA_014,2005,459.2826086956522
DELA_015,2005,499.32608695652175
DELA_012,2005,459.2826086956522
DELA_010,2005,475.17391304347825
DELA_016,2005,509.80434782608694
DELA_001,2005,699.7826086956521
DELA_019,2005,490.4130434782609
DELA_017,2005,509.80434782608694
DELA_009,2005,613.6086956521739
DELA_002,2005,459.2826086956522
DELA_007,2005,475.17391304347825
DELA_020,2005,502.89130434782606
DELA_006,2005,490.4130434782609
DELA_008,2005,458.4130434782609
DELA_046,2005,502.89130434782606
DELA_053,2005,502.89130434782606
DELA_051,2005,502.5
DELA_043,2005,502.5
DELA_040,2005,502.89130434782606
DELA_052,2005,502.5
DELA_041,2005,502.5
DELA_044,2005,502.5
DELA_039,2005,453.04347826086956
DELA_054,2005,502.89130434782606
DELA_045,2005,502.89130434782606
DELA_042,2005,694.5217391304348
DELA_055,2005,453.04347826086956
DELA_037,2005,502.89130434782606
DELA_050,2005,502.89130434782606
DELA_056,2005,502.89130434782606
DELA_047,2005,475.17391304347825
DELA_048,2005,475.17391304347825
DELA_049,2005,694.5217391304348
DELA_038,2005,453.04347826086956
DELA_023,2005,458.4130434782609
DELA_022,2005,458.4347826086956
DELA_021,2005,394.0652173913044
DELA_059,2005,694.5217391304348
LENO_061,2005,642.0869565217391
LENO_065,2005,642.0869565217391
LENO_062,2005,642.0869565217391
LENO_068,2005,907.1086956521739
LENO_067,2005,907.1086956521739
LENO_064,2005,642.0869565217391
LENO_063,2005,907.1086956521739
LENO_066,2005,487.3478260869565
LENO_069,2005,487.3478260869565
LENO_070,2005,487.3478260869565
LENO_003,2005,475.9782608695652
LENO_002,2005,496.5217391304348
LENO_014,2005,481.60869565217394
LENO_011,2005,455.82608695652175
LENO_005,2005,452.2391304347826
LENO_015,2005,619.2608695652174
LENO_010,2005,463.30434782608694
LENO_012,2005,580.5652173913044
LENO_009,2005,450.7826086956522
LENO_018,2005,611.695652173913
LENO_006,2005,473.9347826086956
LENO_013,2005,455.2391304347826
LENO_007,2005,481.60869565217394
LENO_008,2005,619.2608695652174
LENO_022,2005,496.6304347826087
LENO_001,2005,412.67391304347825
LENO_016,2005,473.9347826086956
LENO_021,2005,592.4565217391304
LENO_017,2005,422.0652173913044
LENO_004,2005,441.2608695652174
LENO_019,2005,491.67391304347825
UKFS_032,2005,434.6304347826087
UKFS_057,2005,434.69565217391306
UKFS_051,2005,434.69565217391306
UKFS_047,2005,441.19565217391306
UKFS_055,2005,434.6304347826087
UKFS_058,2005,441.19565217391306
UKFS_060,2005,434.6304347826087
UKFS_056,2005,442.5217391304348
UKFS_054,2005,449.82608695652175
UKFS_050,2005,460.4130434782609
UKFS_046,2005,460.4130434782609
UKFS_045,2005,441.19565217391306
UKFS_043,2005,460.4130434782609
UKFS_052,2005,441.19565217391306
UKFS_059,2005,460.4130434782609
UKFS_048,2005,460.4130434782609
UKFS_049,2005,442.5217391304348
UKFS_031,2005,441.19565217391306
UKFS_044,2005,442.5217391304348
UKFS_053,2005,442.5217391304348
UKFS_007,2005,279.2173913043478
UKFS_005,2005,455.9782608695652
UKFS_004,2005,401.45652173913044
UKFS_009,2005,269.1521739130435
UKFS_006,2005,460.4130434782609
UKFS_012,2005,270.6304347826087
UKFS_002,2005,272.04347826086956
UKFS_010,2005,337.3478260869565
UKFS_003,2005,337.3478260869565
UKFS_001,2005,441.19565217391306
UKFS_011,2005,449.82608695652175
UKFS_008,2005,449.82608695652175
UKFS_017,2005,270.6304347826087
UKFS_019,2005,443.39130434782606
UKFS_016,2005,404.1304347826087
UKFS_018,2005,337.3478260869565
UKFS_014,2005,441.19565217391306
UKFS_015,2005,453.8478260869565
UKFS_013,2005,354.2826086956522
UKFS_025,2005,340.0869565217391
YELL_002,2005,167.5
YELL_016,2005,115.15217391304348
YELL_013,2005,132.0
YELL_006,2005,133.47826086956522
YELL_020,2005,235.56521739130434
YELL_008,2005,153.5
YELL_014,2005,187.47826086956522
YELL_001,2005,139.5
YELL_011,2005,116.93478260869566
YELL_004,2005,115.34782608695652
YELL_003,2005,147.2391304347826
YELL_010,2005,131.47826086956522
YELL_005,2005,121.02173913043478
YELL_007,2005,164.1304347826087
YELL_018,2005,170.04347826086956
YELL_023,2005,170.02173913043478
YELL_012,2005,132.3913043478261
YELL_009,2005,159.58695652173913
YELL_021,2005,262.04347826086956
YELL_022,2005,147.6086956521739
YELL_047,2005,154.97826086956522
YELL_054,2005,154.97826086956522
YELL_058,2005,154.97826086956522
YELL_044,2005,154.97826086956522
YELL_052,2005,155.0
YELL_055,2005,155.0
YELL_062,2005,154.97826086956522
YELL_056,2005,158.7173913043478
YELL_048,2005,158.7173913043478
YELL_060,2005,149.02173913043478
YELL_051,2005,155.0
YELL_053,2005,151.06521739130434
YELL_045,2005,158.7173913043478
YELL_046,2005,155.0
YELL_061,2005,155.0
YELL_049,2005,151.06521739130434
YELL_059,2005,155.0
YELL_043,2005,151.06521739130434
YELL_050,2005,149.02173913043478
YELL_057,2005,149.02173913043478
YELL_015,2005,124.82608695652173
BONA_072,2005,224.82608695652175
BONA_079,2005,224.82608695652175
BONA_070,2005,195.95652173913044
BONA_075,2005,224.82608695652175
BONA_078,2005,224.82608695652175
BONA_076,2005,224.82608695652175
BONA_082,2005,302.5869565217391
BONA_071,2005,224.82608695652175
BONA_087,2005,224.82608695652175
BONA_084,2005,302.5652173913044
BONA_080,2005,195.95652173913044
BONA_086,2005,195.95652173913044
BONA_088,2005,224.82608695652175
BONA_089,2005,302.5869565217391
BONA_085,2005,195.97826086956522
BONA_083,2005,178.04347826086956
BONA_074,2005,178.04347826086956
BONA_081,2005,174.2173913043478
BONA_077,2005,174.2173913043478
BONA_073,2005,174.2173913043478
BONA_014,2005,217.97826086956522
BONA_011,2005,132.2173913043478
BONA_001,2005,319.95652173913044
BONA_018,2005,150.95652173913044
BONA_023,2005,150.0
BONA_009,2005,142.43478260869566
BONA_002,2005,343.95652173913044
BONA_012,2005,261.82608695652175
BONA_008,2005,238.19565217391303
BONA_093,2005,224.82608695652175
BONA_007,2005,239.43478260869566
BONA_005,2005,289.3695652173913
BONA_021,2005,104.82608695652173
BONA_026,2005,232.32608695652175
BONA_022,2005,103.28260869565217
BONA_010,2005,103.30434782608695
BONA_003,2005,114.41304347826087
BONA_004,2005,182.32608695652175
BONA_006,2005,208.32608695652175
BONA_016,2005,144.1304347826087
BONA_013,2005,188.06521739130434
DEJU_050,2005,147.1304347826087
DEJU_051,2005,163.93478260869566
DEJU_049,2005,163.80434782608697
DEJU_057,2005,186.97826086956522
DEJU_047,2005,163.80434782608697
DEJU_052,2005,163.80434782608697
DEJU_045,2005,163.7826086956522
DEJU_056,2005,163.7826086956522
DEJU_061,2005,163.7826086956522
DEJU_064,2005,147.1304347826087
DEJU_054,2005,158.04347826086956
DEJU_060,2005,181.80434782608697
DEJU_046,2005,181.80434782608697
DEJU_055,2005,181.80434782608697
DEJU_063,2005,163.93478260869566
DEJU_059,2005,147.1304347826087
DEJU_048,2005,152.58695652173913
DEJU_062,2005,152.58695652173913
DEJU_058,2005,163.93478260869566
DEJU_053,2005,147.1304347826087
DEJU_010,2005,94.15217391304348
DEJU_004,2005,63.17391304347826
DEJU_003,2005,76.43478260869566
DEJU_023,2005,137.3913043478261
DEJU_008,2005,141.6304347826087
DEJU_019,2005,146.93478260869566
DEJU_005,2005,140.93478260869566
DEJU_001,2005,132.82608695652175
DEJU_007,2005,104.08695652173913
DEJU_015,2005,188.52173913043478
DEJU_017,2005,155.7173913043478
DEJU_014,2005,146.08695652173913
DEJU_006,2005,135.41304347826087
DEJU_021,2005,170.7173913043478
DEJU_002,2005,105.52173913043478
DEJU_024,2005,140.52173913043478
DEJU_016,2005,190.2173913043478
DEJU_009,2005,183.08695652173913
DEJU_018,2005,135.41304347826087
DEJU_020,2005,141.2826086956522
HEAL_072,2005,306.82608695652175
HEAL_063,2005,300.19565217391306
HEAL_070,2005,297.0217391304348
HEAL_060,2005,297.0217391304348
HEAL_071,2005,297.0217391304348
HEAL_050,2005,297.0217391304348
HEAL_067,2005,297.0217391304348
HEAL_068,2005,318.4130434782609
HEAL_064,2005,314.8695652173913
HEAL_062,2005,297.0217391304348
HEAL_061,2005,297.0217391304348
HEAL_073,2005,297.0217391304348
HEAL_052,2005,297.0217391304348
HEAL_066,2005,316.17391304347825
HEAL_058,2005,297.0217391304348
HEAL_069,2005,316.17391304347825
HEAL_048,2005,300.19565217391306
HEAL_054,2005,318.4130434782609
HEAL_053,2005,316.1521739130435
HEAL_074,2005,316.17391304347825
HEAL_056,2005,316.17391304347825
HEAL_051,2005,316.17391304347825
HEAL_065,2005,316.1521739130435
HEAL_057,2005,306.82608695652175
HEAL_046,2005,316.17391304347825
HEAL_059,2005,316.17391304347825
HEAL_055,2005,316.1521739130435
HEAL_047,2005,316.1521739130435
HEAL_010,2005,301.4347826086956
HEAL_002,2005,290.5217391304348
HEAL_003,2005,312.3478260869565
HEAL_014,2005,316.69565217391306
HEAL_022,2005,340.8695652173913
HEAL_023,2005,306.7391304347826
HEAL_021,2005,293.0652173913044
HEAL_001,2005,325.2391304347826
HEAL_016,2005,318.4130434782609
HEAL_020,2005,295.82608695652175
HEAL_006,2005,293.39130434782606
HEAL_019,2005,303.9130434782609
HEAL_011,2005,310.6521739130435
HEAL_025,2005,267.54347826086956
HEAL_018,2005,305.2608695652174
HEAL_017,2005,208.3913043478261
HEAL_004,2005,309.17391304347825
HEAL_005,2005,319.6304347826087
HEAL_015,2005,306.0869565217391
HEAL_049,2005,297.0217391304348
HEAL_026,2005,313.54347826086956
HEAL_045,2005,306.82608695652175
HEAL_024,2005,291.17391304347825
ABBY_063,2006,351.9782608695652
ABBY_068,2006,351.9782608695652
ABBY_065,2006,460.0869565217391
ABBY_067,2006,351.9782608695652
ABBY_066,2006,351.9782608695652
ABBY_061,2006,351.9782608695652
ABBY_070,2006,351.9782608695652
ABBY_062,2006,351.9130434782609
ABBY_064,2006,351.9782608695652
ABBY_069,2006,351.9130434782609
ABBY_075,2006,394.2173913043478
ABBY_074,2006,351.9130434782609
ABBY_073,2006,351.9130434782609
ABBY_076,2006,351.9782608695652
ABBY_004,2006,550.8260869565217
ABBY_009,2006,550.8260869565217
ABBY_011,2006,483.3478260869565
ABBY_013,2006,351.67391304347825
ABBY_023,2006,445.0869565217391
ABBY_010,2006,549.304347826087
ABBY_018,2006,553.3695652173913
ABBY_003,2006,356.82608695652175
ABBY_012,2006,585.7608695652174
ABBY_005,2006,536.1521739130435
ABBY_016,2006,324.60869565217394
ABBY_008,2006,580.6086956521739
ABBY_017,2006,544.7826086956521
ABBY_014,2006,473.8478260869565
ABBY_001,2006,492.3478260869565
ABBY_019,2006,373.5652173913044
ABBY_006,2006,428.9130434782609
ABBY_002,2006,512.8695652173913
ABBY_007,2006,557.7391304347826
ABBY_025,2006,522.5217391304348
ABBY_015,2006,505.0
ABBY_077,2006,553.5869565217391
BART_012,2006,412.39130434782606
BART_001,2006,421.82608695652175
BART_005,2006,466.30434782608694
BART_044,2006,429.89130434782606
BART_037,2006,429.89130434782606
BART_073,2006,419.60869565217394
BART_074,2006,429.89130434782606
BART_075,2006,430.60869565217394
BART_042,2006,430.60869565217394
BART_072,2006,430.60869565217394
BART_046,2006,429.89130434782606
BART_036,2006,430.60869565217394
BART_051,2006,419.60869565217394
BART_041,2006,425.9130434782609
BART_034,2006,425.9130434782609
BART_039,2006,419.60869565217394
BART_050,2006,430.60869565217394
BART_040,2006,419.4347826086956
BART_071,2006,445.6304347826087
BART_070,2006,425.9130434782609
BART_033,2006,425.9130434782609
BART_047,2006,419.4347826086956
BART_032,2006,445.7391304347826
BART_015,2006,430.6521739130435
BART_016,2006,449.67391304347825
BART_028,2006,426.7608695652174
BART_010,2006,420.5869565217391
BART_013,2006,408.69565217391306
BART_026,2006,415.95652173913044
BART_006,2006,433.8478260869565
BART_023,2006,420.5869565217391
BART_002,2006,406.4347826086956
BART_018,2006,438.4782608695652
BART_003,2006,440.7608695652174
BART_024,2006,420.5869565217391
BART_011,2006,431.2608695652174
BART_025,2006,415.95652173913044
BART_007,2006,431.2608695652174
BART_027,2006,435.7391304347826
BART_004,2006,420.9347826086956
BART_019,2006,445.7391304347826
BLAN_042,2006,413.54347826086956
BLAN_056,2006,413.54347826086956
BLAN_034,2006,295.7391304347826
BLAN_043,2006,413.54347826086956
BLAN_046,2006,401.2608695652174
BLAN_045,2006,413.54347826086956
BLAN_059,2006,401.2608695652174
BLAN_039,2006,413.54347826086956
BLAN_033,2006,413.54347826086956
BLAN_051,2006,413.54347826086956
BLAN_054,2006,413.54347826086956
BLAN_031,2006,295.7391304347826
BLAN_049,2006,295.7391304347826
BLAN_060,2006,413.54347826086956
BLAN_035,2006,401.2608695652174
BLAN_038,2006,413.54347826086956
BLAN_040,2006,413.54347826086956
BLAN_037,2006,295.7391304347826
BLAN_044,2006,295.7391304347826
BLAN_050,2006,414.1521739130435
BLAN_052,2006,295.7391304347826
BLAN_048,2006,414.1521739130435
BLAN_055,2006,295.7391304347826
BLAN_057,2006,401.2608695652174
BLAN_032,2006,401.2608695652174
BLAN_036,2006,414.1521739130435
BLAN_047,2006,414.1521739130435
BLAN_063,2006,414.1521739130435
BLAN_005,2006,446.4130434782609
BLAN_017,2006,446.4130434782609
BLAN_011,2006,663.1521739130435
BLAN_068,2006,445.7173913043478
BLAN_016,2006,445.7173913043478
BLAN_001,2006,418.9130434782609
BLAN_008,2006,446.95652173913044
BLAN_003,2006,443.7391304347826
BLAN_018,2006,446.89130434782606
BLAN_004,2006,445.7173913043478
BLAN_014,2006,445.2826086956522
BLAN_020,2006,505.6304347826087
BLAN_006,2006,446.89130434782606
BLAN_007,2006,446.95652173913044
BLAN_010,2006,445.7173913043478
BLAN_012,2006,446.89130434782606
BLAN_013,2006,446.19565217391306
BLAN_015,2006,653.1086956521739
BLAN_009,2006,418.9130434782609
BLAN_053,2006,401.2608695652174
BLAN_041,2006,414.1521739130435
BLAN_064,2006,295.7391304347826
BLAN_019,2006,445.7173913043478
GRSM_057,2006,533.7826086956521
GRSM_048,2006,533.7826086956521
GRSM_059,2006,544.1086956521739
GRSM_054,2006,557.5217391304348
GRSM_049,2006,542.3478260869565
GRSM_066,2006,533.7826086956521
GRSM_065,2006,553.5652173913044
GRSM_047,2006,544.1086956521739
GRSM_063,2006,552.5434782608696
GRSM_053,2006,552.5434782608696
GRSM_062,2006,557.5217391304348
GRSM_060,2006,544.1086956521739
GRSM_050,2006,542.3913043478261
GRSM_051,2006,544.1086956521739
GRSM_064,2006,544.1086956521739
GRSM_002,2006,568.2391304347826
GRSM_025,2006,521.0652173913044
GRSM_016,2006,412.5
GRSM_017,2006,531.304347826087
GRSM_004,2006,570.2826086956521
GRSM_001,2006,552.8260869565217
GRSM_012,2006,489.3695652173913
GRSM_008,2006,506.6304347826087
GRSM_003,2006,482.95652173913044
GRSM_019,2006,535.0652173913044
GRSM_006,2006,535.0652173913044
GRSM_013,2006,543.5434782608696
GRSM_015,2006,541.7173913043479
GRSM_014,2006,542.5434782608696
GRSM_010,2006,533.1304347826087
GRSM_005,2006,527.0652173913044
GRSM_011,2006,555.8260869565217
GRSM_007,2006,552.2391304347826
GRSM_009,2006,512.8695652173913
GRSM_055,2006,552.5434782608696
GRSM_018,2006,592.7391304347826
GRSM_061,2006,544.1086956521739
GRSM_056,2006,544.1086956521739
GRSM_058,2006,553.5652173913044
GRSM_052,2006,557.5217391304348
HARV_013,2006,457.2391304347826
HARV_022,2006,471.7826086956522
HARV_008,2006,456.32608695652175
HARV_004,2006,475.30434782608694
HARV_024,2006,459.19565217391306
HARV_010,2006,0.0
HARV_006,2006,440.7608695652174
HARV_001,2006,396.17391304347825
HARV_005,2006,397.10869565217394
HARV_027,2006,448.30434782608694
HARV_043,2006,476.3695652173913
HARV_035,2006,476.3695652173913
HARV_037,2006,474.5217391304348
HARV_020,2006,455.4782608695652
HARV_023,2006,479.5869565217391
HARV_014,2006,433.17391304347825
HARV_011,2006,446.60869565217394
HARV_025,2006,438.0652173913044
HARV_002,2006,464.17391304347825
HARV_012,2006,461.2391304347826
HARV_026,2006,431.2608695652174
HARV_016,2006,447.32608695652175
HARV_039,2006,452.0217391304348
HARV_021,2006,452.89130434782606
HARV_045,2006,460.3478260869565
HARV_041,2006,474.5217391304348
HARV_038,2006,474.5217391304348
HARV_050,2006,474.5217391304348
HARV_048,2006,476.3695652173913
HARV_036,2006,460.3478260869565
HARV_052,2006,476.3695652173913
HARV_049,2006,451.9782608695652
HARV_047,2006,474.5217391304348
HARV_044,2006,474.5217391304348
HARV_040,2006,476.3695652173913
HARV_046,2006,474.5217391304348
HARV_033,2006,474.5217391304348
HARV_051,2006,452.0217391304348
HARV_034,2006,474.5217391304348
HARV_042,2006,452.0217391304348
HARV_015,2006,474.5217391304348
HARV_017,2006,457.4130434782609
JERC_002,2006,577.0
JERC_015,2006,592.3260869565217
JERC_007,2006,584.804347826087
JERC_001,2006,580.9565217391304
JERC_010,2006,555.3478260869565
JERC_009,2006,552.8695652173913
JERC_029,2006,575.4782608695652
JERC_021,2006,580.3478260869565
JERC_011,2006,575.4782608695652
JERC_040,2006,556.3478260869565
JERC_035,2006,545.4565217391304
JERC_033,2006,592.4130434782609
JERC_019,2006,621.0434782608696
JERC_030,2006,627.2173913043479
JERC_034,2006,465.9347826086956
JERC_036,2006,607.5652173913044
JERC_028,2006,293.30434782608694
JERC_044,2006,602.4347826086956
JERC_016,2006,607.5652173913044
JERC_038,2006,606.1304347826087
JERC_006,2006,480.95652173913044
JERC_041,2006,676.9347826086956
JERC_031,2006,555.8260869565217
JERC_042,2006,555.3478260869565
JERC_008,2006,561.304347826087
JERC_005,2006,561.304347826087
JERC_003,2006,580.9565217391304
JERC_022,2006,521.9347826086956
JERC_013,2006,578.9565217391304
JERC_066,2006,577.0
JERC_065,2006,555.8260869565217
JERC_054,2006,571.4782608695652
JERC_051,2006,555.8260869565217
JERC_062,2006,577.0652173913044
JERC_047,2006,577.0652173913044
JERC_057,2006,555.8695652173913
JERC_060,2006,555.8260869565217
JERC_064,2006,555.8260869565217
JERC_050,2006,577.0652173913044
JERC_053,2006,577.0
JERC_049,2006,577.0652173913044
JERC_061,2006,577.0652173913044
JERC_058,2006,577.0
JERC_048,2006,577.0
JERC_063,2006,577.0
JERC_052,2006,577.0652173913044
JERC_059,2006,577.0
JERC_056,2006,577.0652173913044
JERC_055,2006,577.0652173913044
JERC_004,2006,606.5434782608696
JERC_014,2006,565.7608695652174
JERC_012,2006,552.8478260869565
MLBS_076,2006,436.7173913043478
MLBS_061,2006,452.89130434782606
MLBS_064,2006,452.89130434782606
MLBS_075,2006,444.2173913043478
MLBS_065,2006,444.2173913043478
MLBS_062,2006,444.2173913043478
MLBS_069,2006,436.7173913043478
MLBS_063,2006,436.6304347826087
MLBS_073,2006,436.6304347826087
MLBS_074,2006,436.7173913043478
MLBS_066,2006,436.6304347826087
MLBS_067,2006,436.6304347826087
MLBS_071,2006,436.7173913043478
MLBS_072,2006,436.6304347826087
MLBS_070,2006,436.6304347826087
MLBS_068,2006,436.6304347826087
MLBS_009,2006,452.89130434782606
MLBS_010,2006,430.2391304347826
MLBS_005,2006,434.0652173913044
MLBS_003,2006,430.2391304347826
MLBS_019,2006,478.6521739130435
MLBS_016,2006,474.19565217391306
MLBS_015,2006,461.0
MLBS_014,2006,462.67391304347825
MLBS_001,2006,428.4347826086956
MLBS_017,2006,428.4347826086956
MLBS_011,2006,433.19565217391306
MLBS_012,2006,433.19565217391306
MLBS_002,2006,444.2173913043478
MLBS_004,2006,483.2826086956522
MLBS_018,2006,461.6304347826087
MLBS_008,2006,473.7173913043478
MLBS_007,2006,486.80434782608694
MLBS_006,2006,483.7826086956522
MLBS_020,2006,485.2826086956522
MLBS_013,2006,487.45652173913044
ORNL_002,2006,562.2391304347826
ORNL_003,2006,529.0
ORNL_009,2006,516.7391304347826
ORNL_021,2006,493.7826086956522
ORNL_031,2006,423.95652173913044
ORNL_033,2006,515.195652173913
ORNL_066,2006,682.5652173913044
ORNL_044,2006,682.5652173913044
ORNL_012,2006,0.0
ORNL_004,2006,513.695652173913
ORNL_001,2006,430.9782608695652
ORNL_027,2006,494.0652173913044
ORNL_014,2006,523.7173913043479
ORNL_029,2006,521.0434782608696
ORNL_007,2006,512.7391304347826
ORNL_006,2006,499.67391304347825
ORNL_008,2006,531.1739130434783
ORNL_035,2006,568.695652173913
ORNL_010,2006,517.7173913043479
ORNL_032,2006,504.4347826086956
ORNL_055,2006,537.9347826086956
ORNL_062,2006,537.9347826086956
ORNL_063,2006,533.0217391304348
ORNL_049,2006,533.0217391304348
ORNL_052,2006,537.9347826086956
ORNL_059,2006,501.60869565217394
ORNL_036,2006,539.7391304347826
ORNL_053,2006,501.60869565217394
ORNL_046,2006,501.60869565217394
ORNL_043,2006,536.304347826087
ORNL_058,2006,536.304347826087
ORNL_060,2006,536.304347826087
ORNL_056,2006,537.9347826086956
ORNL_037,2006,537.9347826086956
ORNL_057,2006,539.7391304347826
ORNL_051,2006,537.9347826086956
ORNL_061,2006,501.60869565217394
ORNL_054,2006,539.7391304347826
ORNL_045,2006,539.7391304347826
ORNL_050,2006,539.7391304347826
ORNL_017,2006,532.695652173913
ORNL_068,2006,508.4347826086956
ORNL_019,2006,518.6521739130435
ORNL_018,2006,400.3478260869565
ORNL_067,2006,531.0652173913044
ORNL_015,2006,529.0434782608696
OSBS_002,2006,511.7826086956522
OSBS_006,2006,441.19565217391306
OSBS_048,2006,497.3695652173913
OSBS_001,2006,675.7173913043479
OSBS_018,2006,396.95652173913044
OSBS_011,2006,512.5434782608696
OSBS_014,2006,530.4782608695652
OSBS_004,2006,515.2826086956521
OSBS_020,2006,418.95652173913044
OSBS_023,2006,512.5434782608696
OSBS_049,2006,521.304347826087
OSBS_003,2006,431.5869565217391
OSBS_012,2006,482.0869565217391
OSBS_013,2006,515.2826086956521
OSBS_024,2006,512.5434782608696
OSBS_016,2006,558.1304347826087
OSBS_008,2006,503.60869565217394
OSBS_010,2006,411.7608695652174
OSBS_051,2006,453.2608695652174
OSBS_050,2006,483.5869565217391
OSBS_007,2006,448.67391304347825
OSBS_005,2006,583.6739130434783
OSBS_017,2006,560.1521739130435
OSBS_043,2006,416.2173913043478
OSBS_022,2006,530.4782608695652
OSBS_039,2006,457.5652173913044
OSBS_036,2006,457.5652173913044
OSBS_029,2006,457.5652173913044
OSBS_040,2006,426.1304347826087
OSBS_015,2006,690.4565217391304
OSBS_025,2006,457.45652173913044
OSBS_030,2006,457.45652173913044
OSBS_038,2006,457.45652173913044
OSBS_042,2006,457.45652173913044
OSBS_035,2006,384.69565217391306
OSBS_037,2006,384.69565217391306
OSBS_028,2006,384.69565217391306
OSBS_021,2006,550.0652173913044
OSBS_041,2006,384.69565217391306
OSBS_009,2006,622.0217391304348
OSBS_031,2006,426.1304347826087
OSBS_033,2006,457.5652173913044
OSBS_032,2006,457.5652173913044
OSBS_044,2006,457.5652173913044
OSBS_027,2006,457.5652173913044
OSBS_034,2006,426.0652173913044
OSBS_026,2006,457.5652173913044
OSBS_063,2006,438.19565217391306
OSBS_067,2006,415.10869565217394
OSBS_066,2006,690.4565217391304
OSBS_068,2006,412.9782608695652
OSBS_070,2006,426.1304347826087
OSBS_073,2006,532.5
RMNP_043,2006,192.2391304347826
RMNP_042,2006,192.2391304347826
RMNP_041,2006,314.0217391304348
RMNP_048,2006,192.2391304347826
RMNP_049,2006,192.2391304347826
RMNP_046,2006,192.2391304347826
RMNP_047,2006,192.2391304347826
RMNP_045,2006,192.2391304347826
RMNP_044,2006,192.2391304347826
RMNP_013,2006,249.7391304347826
RMNP_003,2006,304.82608695652175
RMNP_009,2006,304.82608695652175
RMNP_011,2006,167.6086956521739
RMNP_019,2006,283.5217391304348
RMNP_015,2006,346.8695652173913
RMNP_002,2006,346.4782608695652
RMNP_020,2006,346.8695652173913
RMNP_016,2006,337.04347826086956
RMNP_017,2006,295.9782608695652
RMNP_005,2006,357.9782608695652
RMNP_001,2006,339.80434782608694
RMNP_014,2006,382.9130434782609
RMNP_008,2006,339.7826086956522
RMNP_012,2006,377.0652173913044
RMNP_018,2006,380.1304347826087
RMNP_006,2006,345.19565217391306
RMNP_004,2006,311.0217391304348
RMNP_010,2006,337.2608695652174
RMNP_007,2006,337.2608695652174
SCBI_008,2006,494.4782608695652
SCBI_004,2006,452.67391304347825
SCBI_015,2006,475.0
SCBI_017,2006,467.2391304347826
SCBI_013,2006,468.4782608695652
SCBI_007,2006,457.67391304347825
SCBI_018,2006,456.4130434782609
SCBI_003,2006,472.89130434782606
SCBI_011,2006,485.19565217391306
SCBI_016,2006,422.89130434782606
SCBI_002,2006,463.45652173913044
SCBI_010,2006,445.3478260869565
SCBI_014,2006,470.60869565217394
SCBI_005,2006,466.3695652173913
SCBI_056,2006,460.4347826086956
SCBI_045,2006,462.17391304347825
SCBI_053,2006,460.4347826086956
SCBI_061,2006,460.4347826086956
SCBI_050,2006,460.4347826086956
SCBI_057,2006,460.4347826086956
SCBI_062,2006,463.2826086956522
SCBI_047,2006,463.2826086956522
SCBI_067,2006,463.2826086956522
SCBI_066,2006,463.2826086956522
SCBI_064,2006,462.17391304347825
SCBI_052,2006,462.17391304347825
SCBI_054,2006,462.17391304347825
SCBI_046,2006,463.45652173913044
SCBI_049,2006,463.2826086956522
SCBI_063,2006,463.2826086956522
SCBI_055,2006,460.4347826086956
SCBI_048,2006,463.2826086956522
SCBI_051,2006,460.4347826086956
SCBI_058,2006,462.17391304347825
SCBI_034,2006,375.4347826086956
SCBI_038,2006,459.10869565217394
SCBI_033,2006,375.4347826086956
SCBI_006,2006,442.04347826086956
SCBI_035,2006,459.10869565217394
SCBI_012,2006,423.4347826086956
SCBI_071,2006,445.3478260869565
SCBI_019,2006,483.04347826086956
SCBI_021,2006,442.04347826086956
SCBI_023,2006,475.0
SCBI_022,2006,461.0869565217391
SERC_062,2006,467.3478260869565
SERC_045,2006,467.3478260869565
SERC_051,2006,467.3478260869565
SERC_050,2006,484.32608695652175
SERC_052,2006,503.5217391304348
SERC_058,2006,508.8478260869565
SERC_043,2006,509.4782608695652
SERC_055,2006,497.4130434782609
SERC_048,2006,508.8478260869565
SERC_060,2006,508.8478260869565
SERC_061,2006,504.1521739130435
SERC_054,2006,504.1521739130435
SERC_059,2006,519.6521739130435
SERC_046,2006,518.0
SERC_053,2006,504.1521739130435
SERC_044,2006,518.0
SERC_047,2006,487.2608695652174
SERC_049,2006,487.2608695652174
SERC_057,2006,487.2608695652174
SERC_056,2006,487.2608695652174
SERC_007,2006,457.69565217391306
SERC_018,2006,611.9782608695652
SERC_009,2006,511.7608695652174
SERC_008,2006,612.0
SERC_011,2006,523.6521739130435
SERC_003,2006,500.04347826086956
SERC_006,2006,414.1304347826087
SERC_001,2006,420.69565217391306
SERC_017,2006,572.804347826087
SERC_019,2006,471.7173913043478
SERC_010,2006,635.4130434782609
SERC_014,2006,513.8260869565217
SERC_012,2006,495.82608695652175
SERC_016,2006,499.8478260869565
SERC_022,2006,460.80434782608694
SERC_004,2006,471.7173913043478
SERC_021,2006,509.4782608695652
SERC_013,2006,463.9347826086956
SERC_005,2006,521.6086956521739
SERC_002,2006,517.304347826087
SERC_067,2006,502.8695652173913
SERC_073,2006,484.32608695652175
SOAP_059,2006,431.5869565217391
SOAP_057,2006,431.5869565217391
SOAP_051,2006,431.5869565217391
SOAP_048,2006,431.5869565217391
SOAP_058,2006,440.1304347826087
SOAP_043,2006,439.4782608695652
SOAP_050,2006,439.4782608695652
SOAP_044,2006,447.67391304347825
SOAP_052,2006,447.0217391304348
SOAP_046,2006,447.67391304347825
SOAP_060,2006,447.0217391304348
SOAP_055,2006,439.4782608695652
SOAP_054,2006,436.5217391304348
SOAP_047,2006,436.5217391304348
SOAP_031,2006,439.9130434782609
SOAP_049,2006,439.9130434782609
SOAP_056,2006,439.9130434782609
SOAP_053,2006,436.5217391304348
SOAP_045,2006,479.2608695652174
SOAP_061,2006,431.5869565217391
SOAP_002,2006,336.7391304347826
SOAP_010,2006,431.5869565217391
SOAP_006,2006,350.0
SOAP_013,2006,336.7391304347826
SOAP_012,2006,397.8478260869565
SOAP_004,2006,431.5869565217391
SOAP_003,2006,429.80434782608694
SOAP_016,2006,471.82608695652175
SOAP_007,2006,447.7391304347826
SOAP_020,2006,436.5217391304348
SOAP_009,2006,481.0869565217391
SOAP_008,2006,397.8478260869565
SOAP_021,2006,395.95652173913044
SOAP_018,2006,449.7391304347826
SOAP_019,2006,449.7391304347826
SOAP_017,2006,439.39130434782606
SOAP_015,2006,421.32608695652175
SOAP_001,2006,459.69565217391306
SOAP_011,2006,440.1304347826087
SOAP_022,2006,421.32608695652175
SOAP_024,2006,350.0
STEI_058,2006,469.5869565217391
STEI_051,2006,469.5869565217391
STEI_056,2006,477.2608695652174
STEI_046,2006,477.2608695652174
STEI_061,2006,477.2608695652174
STEI_062,2006,477.2608695652174
STEI_052,2006,477.2608695652174
STEI_055,2006,469.5869565217391
STEI_047,2006,477.2608695652174
STEI_053,2006,477.2608695652174
STEI_048,2006,531.2173913043479
STEI_060,2006,477.2608695652174
STEI_054,2006,531.2173913043479
STEI_049,2006,477.2608695652174
STEI_057,2006,477.2608695652174
STEI_050,2006,531.2173913043479
STEI_059,2006,531.2173913043479
STEI_005,2006,379.9130434782609
STEI_009,2006,383.19565217391306
STEI_012,2006,386.30434782608694
STEI_017,2006,533.1521739130435
STEI_019,2006,372.7391304347826
STEI_003,2006,391.7173913043478
STEI_007,2006,381.54347826086956
STEI_002,2006,400.0
STEI_011,2006,379.2608695652174
STEI_010,2006,386.9782608695652
STEI_008,2006,389.5
STEI_015,2006,388.7826086956522
STEI_016,2006,506.3478260869565
STEI_004,2006,372.7826086956522
STEI_013,2006,376.3695652173913
STEI_001,2006,385.5652173913044
STEI_021,2006,482.60869565217394
STEI_006,2006,376.30434782608694
STEI_014,2006,368.7608695652174
STEI_022,2006,403.54347826086956
STEI_023,2006,382.4130434782609
TALL_003,2006,620.9347826086956
TALL_005,2006,590.1521739130435
TALL_009,2006,562.1521739130435
TALL_012,2006,661.8913043478261
TALL_004,2006,492.7391304347826
TALL_010,2006,655.4782608695652
TALL_007,2006,661.0652173913044
TALL_002,2006,653.0652173913044
TALL_022,2006,699.6086956521739
TALL_015,2006,657.8260869565217
TALL_016,2006,500.0869565217391
TALL_011,2006,693.3478260869565
TALL_018,2006,675.2173913043479
TALL_006,2006,590.1521739130435
TALL_013,2006,604.1304347826087
TALL_001,2006,543.7826086956521
TALL_017,2006,657.5652173913044
TALL_020,2006,492.5652173913044
TALL_008,2006,652.7826086956521
TALL_043,2006,604.8260869565217
TALL_049,2006,604.8260869565217
TALL_046,2006,604.8260869565217
TALL_061,2006,592.9347826086956
TALL_052,2006,592.7173913043479
TALL_050,2006,708.9782608695652
TALL_051,2006,592.9347826086956
TALL_057,2006,592.9347826086956
TALL_060,2006,708.9782608695652
TALL_055,2006,592.9347826086956
TALL_058,2006,592.7173913043479
TALL_045,2006,708.9782608695652
TALL_059,2006,592.7173913043479
TALL_054,2006,592.9347826086956
TALL_056,2006,592.7173913043479
TALL_044,2006,708.9782608695652
TALL_047,2006,708.9782608695652
TALL_048,2006,604.8260869565217
TALL_042,2006,604.8260869565217
TALL_053,2006,592.7173913043479
TALL_064,2006,656.9130434782609
TALL_025,2006,589.9130434782609
TEAK_045,2006,315.5869565217391
TEAK_054,2006,315.5869565217391
TEAK_048,2006,315.5869565217391
TEAK_061,2006,315.5869565217391
TEAK_059,2006,315.5869565217391
TEAK_049,2006,315.5
TEAK_060,2006,315.5
TEAK_055,2006,315.5
TEAK_062,2006,334.8478260869565
TEAK_056,2006,341.82608695652175
TEAK_044,2006,341.82608695652175
TEAK_057,2006,359.7826086956522
TEAK_053,2006,341.82608695652175
TEAK_047,2006,341.82608695652175
TEAK_051,2006,359.7826086956522
TEAK_046,2006,330.8695652173913
TEAK_058,2006,315.5
TEAK_043,2006,334.8478260869565
TEAK_052,2006,330.8695652173913
TEAK_050,2006,341.2826086956522
TEAK_001,2006,392.9347826086956
TEAK_002,2006,336.7826086956522
TEAK_003,2006,356.7608695652174
TEAK_004,2006,320.4782608695652
TEAK_006,2006,351.0
TEAK_025,2006,255.45652173913044
TEAK_005,2006,138.93478260869566
TEAK_011,2006,364.0217391304348
TEAK_007,2006,344.7826086956522
TEAK_014,2006,388.1521739130435
TEAK_010,2006,393.32608695652175
TEAK_012,2006,356.7608695652174
TEAK_017,2006,295.7826086956522
TEAK_013,2006,307.7608695652174
TEAK_019,2006,412.32608695652175
TEAK_020,2006,324.17391304347825
TEAK_016,2006,267.3478260869565
TEAK_015,2006,324.9782608695652
TEAK_024,2006,247.47826086956522
TEAK_018,2006,330.5652173913044
TREE_042,2006,353.9782608695652
TREE_053,2006,355.6304347826087
TREE_049,2006,355.6304347826087
TREE_046,2006,355.6304347826087
TREE_055,2006,355.60869565217394
TREE_056,2006,355.6304347826087
TREE_050,2006,503.45652173913044
TREE_054,2006,503.45652173913044
TREE_052,2006,355.6304347826087
TREE_051,2006,355.60869565217394
TREE_057,2006,353.69565217391306
TREE_025,2006,353.69565217391306
TREE_043,2006,353.60869565217394
TREE_044,2006,353.60869565217394
TREE_048,2006,461.39130434782606
TREE_047,2006,489.82608695652175
TREE_041,2006,356.0217391304348
TREE_040,2006,489.82608695652175
TREE_039,2006,353.69565217391306
TREE_045,2006,353.69565217391306
TREE_017,2006,353.60869565217394
TREE_019,2006,360.95652173913044
TREE_010,2006,358.30434782608694
TREE_016,2006,360.89130434782606
TREE_001,2006,365.69565217391306
TREE_014,2006,365.69565217391306
TREE_009,2006,474.2173913043478
TREE_060,2006,498.2608695652174
TREE_012,2006,360.95652173913044
TREE_005,2006,399.0217391304348
TREE_011,2006,453.60869565217394
TREE_018,2006,358.30434782608694
TREE_003,2006,506.3478260869565
TREE_007,2006,453.60869565217394
TREE_008,2006,486.9347826086956
TREE_006,2006,364.19565217391306
TREE_004,2006,486.9347826086956
TREE_002,2006,358.30434782608694
TREE_015,2006,392.2391304347826
TREE_023,2006,392.2391304347826
TREE_062,2006,474.2173913043478
TREE_064,2006,360.89130434782606
TREE_022,2006,364.19565217391306
TREE_063,2006,361.0217391304348
UNDE_048,2006,344.7173913043478
UNDE_038,2006,389.10869565217394
UNDE_037,2006,350.67391304347825
UNDE_045,2006,344.7173913043478
UNDE_058,2006,379.5652173913044
UNDE_052,2006,344.7173913043478
UNDE_047,2006,392.8695652173913
UNDE_054,2006,379.5652173913044
UNDE_057,2006,344.7173913043478
UNDE_050,2006,379.5652173913044
UNDE_055,2006,379.5652173913044
UNDE_059,2006,372.0869565217391
UNDE_065,2006,371.7826086956522
UNDE_043,2006,344.7173913043478
UNDE_044,2006,372.0869565217391
UNDE_049,2006,379.5652173913044
UNDE_056,2006,344.7173913043478
UNDE_078,2006,389.10869565217394
UNDE_061,2006,389.10869565217394
UNDE_060,2006,379.5652173913044
UNDE_014,2006,342.45652173913044
UNDE_013,2006,379.5652173913044
UNDE_002,2006,343.0652173913044
UNDE_001,2006,370.5217391304348
UNDE_003,2006,358.0
UNDE_010,2006,353.69565217391306
UNDE_006,2006,344.5
UNDE_011,2006,380.82608695652175
UNDE_007,2006,378.89130434782606
UNDE_012,2006,349.45652173913044
UNDE_008,2006,344.5
UNDE_016,2006,368.5652173913044
UNDE_020,2006,345.6521739130435
UNDE_021,2006,333.0652173913044
UNDE_022,2006,360.3695652173913
UNDE_018,2006,356.3478260869565
UNDE_019,2006,346.7391304347826
UNDE_023,2006,381.7608695652174
UNDE_015,2006,381.7608695652174
UNDE_027,2006,359.2826086956522
WREF_089,2006,505.0
WREF_082,2006,598.2173913043479
WREF_077,2006,572.4347826086956
WREF_083,2006,505.0
WREF_086,2006,493.30434782608694
WREF_081,2006,493.5
WREF_076,2006,512.195652173913
WREF_070,2006,572.4347826086956
WREF_074,2006,598.2173913043479
WREF_072,2006,556.3695652173913
WREF_080,2006,538.2608695652174
WREF_073,2006,538.2608695652174
WREF_079,2006,538.2608695652174
WREF_085,2006,598.1086956521739
WREF_084,2006,598.1086956521739
WREF_078,2006,590.3478260869565
WREF_088,2006,598.2173913043479
WREF_087,2006,598.1086956521739
WREF_075,2006,572.4347826086956
WREF_071,2006,598.2173913043479
WREF_012,2006,568.0869565217391
WREF_016,2006,644.2173913043479
WREF_015,2006,595.1521739130435
WREF_013,2006,587.2173913043479
WREF_001,2006,529.0217391304348
WREF_003,2006,585.4782608695652
WREF_018,2006,598.0869565217391
WREF_020,2006,609.4347826086956
WREF_002,2006,612.2826086956521
WREF_019,2006,544.4347826086956
WREF_010,2006,633.2391304347826
WREF_007,2006,582.0434782608696
WREF_008,2006,599.4347826086956
WREF_006,2006,537.7391304347826
WREF_005,2006,510.7173913043478
WREF_014,2006,526.7826086956521
WREF_009,2006,625.0434782608696
WREF_011,2006,621.2826086956521
WREF_004,2006,605.3913043478261
WREF_017,2006,605.5652173913044
DELA_013,2006,393.9347826086956
DELA_003,2006,528.8260869565217
DELA_005,2006,444.4782608695652
DELA_011,2006,530.6521739130435
DELA_004,2006,439.67391304347825
DELA_018,2006,457.04347826086956
DELA_014,2006,419.04347826086956
DELA_015,2006,439.67391304347825
DELA_012,2006,419.04347826086956
DELA_010,2006,457.04347826086956
DELA_016,2006,454.5217391304348
DELA_001,2006,654.0652173913044
DELA_019,2006,454.32608695652175
DELA_017,2006,454.5217391304348
DELA_009,2006,528.8260869565217
DELA_002,2006,419.04347826086956
DELA_007,2006,457.04347826086956
DELA_020,2006,464.7173913043478
DELA_006,2006,454.32608695652175
DELA_008,2006,393.9347826086956
DELA_046,2006,464.7173913043478
DELA_053,2006,464.7173913043478
DELA_051,2006,460.1304347826087
DELA_043,2006,460.1304347826087
DELA_040,2006,464.7173913043478
DELA_052,2006,460.1304347826087
DELA_041,2006,460.1304347826087
DELA_044,2006,460.1304347826087
DELA_039,2006,446.67391304347825
DELA_054,2006,464.7173913043478
DELA_045,2006,464.7173913043478
DELA_042,2006,661.8695652173913
DELA_055,2006,446.67391304347825
DELA_037,2006,464.7173913043478
DELA_050,2006,464.7173913043478
DELA_056,2006,464.7173913043478
DELA_047,2006,457.04347826086956
DELA_048,2006,457.04347826086956
DELA_049,2006,661.8695652173913
DELA_038,2006,446.67391304347825
DELA_023,2006,393.9347826086956
DELA_022,2006,393.9347826086956
DELA_021,2006,405.1304347826087
DELA_059,2006,661.8695652173913
LENO_061,2006,648.9782608695652
LENO_065,2006,648.9782608695652
LENO_062,2006,648.9782608695652
LENO_068,2006,611.9130434782609
LENO_067,2006,611.9130434782609
LENO_064,2006,648.9782608695652
LENO_063,2006,611.9130434782609
LENO_066,2006,495.60869565217394
LENO_069,2006,495.60869565217394
LENO_070,2006,495.60869565217394
LENO_003,2006,488.5
LENO_002,2006,507.04347826086956
LENO_014,2006,495.5652173913044
LENO_011,2006,468.9130434782609
LENO_005,2006,474.3695652173913
LENO_015,2006,628.0434782608696
LENO_010,2006,479.0
LENO_012,2006,592.695652173913
LENO_009,2006,493.5
LENO_018,2006,622.3695652173913
LENO_006,2006,481.67391304347825
LENO_013,2006,491.67391304347825
LENO_007,2006,495.5652173913044
LENO_008,2006,628.0434782608696
LENO_022,2006,492.17391304347825
LENO_001,2006,443.5217391304348
LENO_016,2006,481.67391304347825
LENO_021,2006,675.9347826086956
LENO_017,2006,459.9130434782609
LENO_004,2006,481.30434782608694
LENO_019,2006,503.9782608695652
UKFS_032,2006,383.39130434782606
UKFS_057,2006,383.45652173913044
UKFS_051,2006,383.45652173913044
UKFS_047,2006,406.4782608695652
UKFS_055,2006,383.39130434782606
UKFS_058,2006,406.4782608695652
UKFS_060,2006,383.39130434782606
UKFS_056,2006,403.04347826086956
UKFS_054,2006,406.0652173913044
UKFS_050,2006,403.67391304347825
UKFS_046,2006,403.67391304347825
UKFS_045,2006,406.4130434782609
UKFS_043,2006,403.7608695652174
UKFS_052,2006,406.4130434782609
UKFS_059,2006,403.7608695652174
UKFS_048,2006,403.7608695652174
UKFS_049,2006,403.04347826086956
UKFS_031,2006,406.4782608695652
UKFS_044,2006,403.04347826086956
UKFS_053,2006,403.04347826086956
UKFS_007,2006,270.45652173913044
UKFS_005,2006,412.2173913043478
UKFS_004,2006,365.4347826086956
UKFS_009,2006,273.1521739130435
UKFS_006,2006,403.67391304347825
UKFS_012,2006,250.30434782608697
UKFS_002,2006,258.39130434782606
UKFS_010,2006,298.19565217391306
UKFS_003,2006,298.19565217391306
UKFS_001,2006,406.4130434782609
UKFS_011,2006,406.0652173913044
UKFS_008,2006,406.0652173913044
UKFS_017,2006,250.30434782608697
UKFS_019,2006,405.60869565217394
UKFS_016,2006,356.5217391304348
UKFS_018,2006,298.2173913043478
UKFS_014,2006,406.4130434782609
UKFS_015,2006,395.45652173913044
UKFS_013,2006,352.7173913043478
UKFS_025,2006,353.2391304347826
YELL_002,2006,162.2173913043478
YELL_016,2006,116.30434782608695
YELL_013,2006,125.06521739130434
YELL_006,2006,131.97826086956522
YELL_020,2006,219.80434782608697
YELL_008,2006,138.08695652173913
YELL_014,2006,175.52173913043478
YELL_001,2006,142.1086956521739
YELL_011,2006,114.19565217391305
YELL_004,2006,115.21739130434783
YELL_003,2006,134.58695652173913
YELL_010,2006,131.08695652173913
YELL_005,2006,112.95652173913044
YELL_007,2006,154.3695652173913
YELL_018,2006,159.1304347826087
YELL_023,2006,191.15217391304347
YELL_012,2006,129.65217391304347
YELL_009,2006,151.43478260869566
YELL_021,2006,254.91304347826087
YELL_022,2006,139.0
YELL_047,2006,134.7826086956522
YELL_054,2006,134.7826086956522
YELL_058,2006,134.7826086956522
YELL_044,2006,134.7826086956522
YELL_052,2006,134.84782608695653
YELL_055,2006,134.84782608695653
YELL_062,2006,134.7826086956522
YELL_056,2006,136.08695652173913
YELL_048,2006,136.08695652173913
YELL_060,2006,147.80434782608697
YELL_051,2006,134.84782608695653
YELL_053,2006,133.97826086956522
YELL_045,2006,136.08695652173913
YELL_046,2006,134.84782608695653
YELL_061,2006,134.84782608695653
YELL_049,2006,133.97826086956522
YELL_059,2006,134.84782608695653
YELL_043,2006,133.97826086956522
YELL_050,2006,147.80434782608697
YELL_057,2006,147.80434782608697
YELL_015,2006,128.47826086956522
BONA_072,2006,191.08695652173913
BONA_079,2006,191.04347826086956
BONA_070,2006,161.52173913043478
BONA_075,2006,191.04347826086956
BONA_078,2006,191.04347826086956
BONA_076,2006,191.08695652173913
BONA_082,2006,248.54347826086956
BONA_071,2006,191.04347826086956
BONA_087,2006,191.08695652173913
BONA_084,2006,248.5
BONA_080,2006,161.52173913043478
BONA_086,2006,161.52173913043478
BONA_088,2006,191.04347826086956
BONA_089,2006,248.54347826086956
BONA_085,2006,161.52173913043478
BONA_083,2006,156.3913043478261
BONA_074,2006,156.3913043478261
BONA_081,2006,147.1086956521739
BONA_077,2006,147.1086956521739
BONA_073,2006,147.1086956521739
BONA_014,2006,204.3695652173913
BONA_011,2006,122.8913043478261
BONA_001,2006,285.17391304347825
BONA_018,2006,120.97826086956522
BONA_023,2006,119.3913043478261
BONA_009,2006,109.6086956521739
BONA_002,2006,278.0869565217391
BONA_012,2006,265.5652173913044
BONA_008,2006,217.69565217391303
BONA_093,2006,191.04347826086956
BONA_007,2006,239.52173913043478
BONA_005,2006,240.7391304347826
BONA_021,2006,147.5
BONA_026,2006,193.67391304347825
BONA_022,2006,121.93478260869566
BONA_010,2006,121.93478260869566
BONA_003,2006,122.19565217391305
BONA_004,2006,158.80434782608697
BONA_006,2006,172.15217391304347
BONA_016,2006,104.0
BONA_013,2006,168.3913043478261
DEJU_050,2006,149.2608695652174
DEJU_051,2006,163.91304347826087
DEJU_049,2006,167.7826086956522
DEJU_057,2006,178.02173913043478
DEJU_047,2006,167.7826086956522
DEJU_052,2006,167.7826086956522
DEJU_045,2006,167.7608695652174
DEJU_056,2006,167.7608695652174
DEJU_061,2006,167.7608695652174
DEJU_064,2006,149.2608695652174
DEJU_054,2006,146.97826086956522
DEJU_060,2006,158.97826086956522
DEJU_046,2006,158.97826086956522
DEJU_055,2006,158.97826086956522
DEJU_063,2006,163.91304347826087
DEJU_059,2006,149.2391304347826
DEJU_048,2006,156.02173913043478
DEJU_062,2006,156.02173913043478
DEJU_058,2006,163.91304347826087
DEJU_053,2006,149.2391304347826
DEJU_010,2006,105.84782608695652
DEJU_004,2006,49.97826086956522
DEJU_003,2006,87.02173913043478
DEJU_023,2006,132.41304347826087
DEJU_008,2006,90.1304347826087
DEJU_019,2006,137.82608695652175
DEJU_005,2006,158.93478260869566
DEJU_001,2006,129.95652173913044
DEJU_007,2006,121.97826086956522
DEJU_015,2006,184.54347826086956
DEJU_017,2006,152.84782608695653
DEJU_014,2006,138.47826086956522
DEJU_006,2006,129.67391304347825
DEJU_021,2006,157.7608695652174
DEJU_002,2006,119.34782608695652
DEJU_024,2006,121.58695652173913
DEJU_016,2006,177.34782608695653
DEJU_009,2006,176.15217391304347
DEJU_018,2006,129.67391304347825
DEJU_020,2006,129.91304347826087
HEAL_072,2006,250.8913043478261
HEAL_063,2006,244.32608695652175
HEAL_070,2006,247.2608695652174
HEAL_060,2006,247.30434782608697
HEAL_071,2006,247.30434782608697
HEAL_050,2006,247.30434782608697
HEAL_067,2006,247.2608695652174
HEAL_068,2006,246.34782608695653
HEAL_064,2006,250.04347826086956
HEAL_062,2006,247.30434782608697
HEAL_061,2006,247.2608695652174
HEAL_073,2006,247.2608695652174
HEAL_052,2006,247.2608695652174
HEAL_066,2006,257.2826086956522
HEAL_058,2006,247.2608695652174
HEAL_069,2006,257.2826086956522
HEAL_048,2006,244.32608695652175
HEAL_054,2006,246.30434782608697
HEAL_053,2006,257.2826086956522
HEAL_074,2006,257.2826086956522
HEAL_056,2006,257.2826086956522
HEAL_051,2006,257.2826086956522
HEAL_065,2006,257.2826086956522
HEAL_057,2006,250.8913043478261
HEAL_046,2006,257.2826086956522
HEAL_059,2006,257.2826086956522
HEAL_055,2006,257.2826086956522
HEAL_047,2006,257.2826086956522
HEAL_010,2006,242.0
HEAL_002,2006,233.3913043478261
HEAL_003,2006,235.3913043478261
HEAL_014,2006,251.80434782608697
HEAL_022,2006,265.7826086956522
HEAL_023,2006,248.30434782608697
HEAL_021,2006,240.93478260869566
HEAL_001,2006,254.1086956521739
HEAL_016,2006,246.34782608695653
HEAL_020,2006,251.34782608695653
HEAL_006,2006,229.6086956521739
HEAL_019,2006,256.19565217391306
HEAL_011,2006,247.06521739130434
HEAL_025,2006,224.54347826086956
HEAL_018,2006,226.0
HEAL_017,2006,164.04347826086956
HEAL_004,2006,249.91304347826087
HEAL_005,2006,269.4782608695652
HEAL_015,2006,247.91304347826087
HEAL_049,2006,247.2608695652174
HEAL_026,2006,269.54347826086956
HEAL_045,2006,250.8913043478261
HEAL_024,2006,225.67391304347825
ABBY_063,2007,348.9347826086956
ABBY_068,2007,348.9347826086956
ABBY_065,2007,468.1304347826087
ABBY_067,2007,348.9347826086956
ABBY_066,2007,348.9347826086956
ABBY_061,2007,348.9347826086956
ABBY_070,2007,348.9347826086956
ABBY_062,2007,348.80434782608694
ABBY_064,2007,348.9347826086956
ABBY_069,2007,348.80434782608694
ABBY_075,2007,394.69565217391306
ABBY_074,2007,348.80434782608694
ABBY_073,2007,348.80434782608694
ABBY_076,2007,348.9347826086956
ABBY_004,2007,529.7826086956521
ABBY_009,2007,529.7826086956521
ABBY_011,2007,489.2173913043478
ABBY_013,2007,416.5652173913044
ABBY_023,2007,498.04347826086956
ABBY_010,2007,601.9565217391304
ABBY_018,2007,585.1739130434783
ABBY_003,2007,373.95652173913044
ABBY_012,2007,620.2391304347826
ABBY_005,2007,592.3695652173913
ABBY_016,2007,368.0869565217391
ABBY_008,2007,587.3913043478261
ABBY_017,2007,571.0869565217391
ABBY_014,2007,569.2826086956521
ABBY_001,2007,558.7608695652174
ABBY_019,2007,404.9782608695652
ABBY_006,2007,459.2173913043478
ABBY_002,2007,560.9565217391304
ABBY_007,2007,587.7391304347826
ABBY_025,2007,530.0652173913044
ABBY_015,2007,547.5217391304348
ABBY_077,2007,584.0652173913044
BART_012,2007,429.10869565217394
BART_001,2007,438.2826086956522
BART_005,2007,477.3695652173913
BART_044,2007,443.1304347826087
BART_037,2007,443.1304347826087
BART_073,2007,424.5
BART_074,2007,443.1304347826087
BART_075,2007,441.04347826086956
BART_042,2007,441.04347826086956
BART_072,2007,441.04347826086956
BART_046,2007,443.1304347826087
BART_036,2007,441.04347826086956
BART_051,2007,424.5
BART_041,2007,438.19565217391306
BART_034,2007,438.19565217391306
BART_039,2007,424.5
BART_050,2007,441.04347826086956
BART_040,2007,424.39130434782606
BART_071,2007,452.17391304347825
BART_070,2007,438.19565217391306
BART_033,2007,438.19565217391306
BART_047,2007,424.39130434782606
BART_032,2007,452.2826086956522
BART_015,2007,448.67391304347825
BART_016,2007,471.39130434782606
BART_028,2007,447.0
BART_010,2007,439.6304347826087
BART_013,2007,427.8695652173913
BART_026,2007,442.6304347826087
BART_006,2007,446.2608695652174
BART_023,2007,439.6304347826087
BART_002,2007,422.5652173913044
BART_018,2007,441.80434782608694
BART_003,2007,454.2608695652174
BART_024,2007,439.6304347826087
BART_011,2007,443.80434782608694
BART_025,2007,442.6304347826087
BART_007,2007,443.80434782608694
BART_027,2007,445.4130434782609
BART_004,2007,430.0217391304348
BART_019,2007,452.2826086956522
BLAN_042,2007,386.2173913043478
BLAN_056,2007,386.2173913043478
BLAN_034,2007,278.4782608695652
BLAN_043,2007,386.2173913043478
BLAN_046,2007,374.30434782608694
BLAN_045,2007,386.2173913043478
BLAN_059,2007,374.30434782608694
BLAN_039,2007,386.2173913043478
BLAN_033,2007,386.2173913043478
BLAN_051,2007,386.2173913043478
BLAN_054,2007,386.2173913043478
BLAN_031,2007,278.4782608695652
BLAN_049,2007,278.4782608695652
BLAN_060,2007,386.2173913043478
BLAN_035,2007,374.30434782608694
BLAN_038,2007,386.2173913043478
BLAN_040,2007,386.2173913043478
BLAN_037,2007,278.4782608695652
BLAN_044,2007,278.4782608695652
BLAN_050,2007,420.9130434782609
BLAN_052,2007,278.4782608695652
BLAN_048,2007,420.9130434782609
BLAN_055,2007,278.4782608695652
BLAN_057,2007,374.30434782608694
BLAN_032,2007,374.30434782608694
BLAN_036,2007,420.9130434782609
BLAN_047,2007,420.9130434782609
BLAN_063,2007,420.9130434782609
BLAN_005,2007,466.4782608695652
BLAN_017,2007,466.4782608695652
BLAN_011,2007,696.9347826086956
BLAN_068,2007,454.5652173913044
BLAN_016,2007,454.5652173913044
BLAN_001,2007,462.0217391304348
BLAN_008,2007,459.8478260869565
BLAN_003,2007,456.7826086956522
BLAN_018,2007,473.30434782608694
BLAN_004,2007,454.5652173913044
BLAN_014,2007,470.04347826086956
BLAN_020,2007,560.6521739130435
BLAN_006,2007,473.30434782608694
BLAN_007,2007,459.8478260869565
BLAN_010,2007,454.5652173913044
BLAN_012,2007,473.30434782608694
BLAN_013,2007,461.80434782608694
BLAN_015,2007,695.0434782608696
BLAN_009,2007,462.0217391304348
BLAN_053,2007,374.30434782608694
BLAN_041,2007,420.9130434782609
BLAN_064,2007,278.4782608695652
BLAN_019,2007,454.5869565217391
GRSM_057,2007,554.2173913043479
GRSM_048,2007,554.2173913043479
GRSM_059,2007,555.2826086956521
GRSM_054,2007,556.6086956521739
GRSM_049,2007,542.4347826086956
GRSM_066,2007,554.2173913043479
GRSM_065,2007,551.7608695652174
GRSM_047,2007,555.2826086956521
GRSM_063,2007,554.0434782608696
GRSM_053,2007,554.0434782608696
GRSM_062,2007,556.6086956521739
GRSM_060,2007,555.2826086956521
GRSM_050,2007,558.7173913043479
GRSM_051,2007,555.2826086956521
GRSM_064,2007,555.2826086956521
GRSM_002,2007,563.5652173913044
GRSM_025,2007,515.6304347826087
GRSM_016,2007,430.9782608695652
GRSM_017,2007,535.4347826086956
GRSM_004,2007,565.5
GRSM_001,2007,551.3913043478261
GRSM_012,2007,501.5869565217391
GRSM_008,2007,522.5
GRSM_003,2007,498.39130434782606
GRSM_019,2007,526.0434782608696
GRSM_006,2007,526.0434782608696
GRSM_013,2007,532.9565217391304
GRSM_015,2007,553.0652173913044
GRSM_014,2007,537.3478260869565
GRSM_010,2007,550.4347826086956
GRSM_005,2007,521.195652173913
GRSM_011,2007,543.0652173913044
GRSM_007,2007,560.8478260869565
GRSM_009,2007,510.6521739130435
GRSM_055,2007,554.0434782608696
GRSM_018,2007,554.6086956521739
GRSM_061,2007,555.2826086956521
GRSM_056,2007,555.2826086956521
GRSM_058,2007,551.7608695652174
GRSM_052,2007,556.6086956521739
HARV_013,2007,491.0652173913044
HARV_022,2007,481.95652173913044
HARV_008,2007,464.0869565217391
HARV_004,2007,480.67391304347825
HARV_024,2007,456.4347826086956
HARV_010,2007,0.0
HARV_006,2007,467.3478260869565
HARV_001,2007,430.5869565217391
HARV_005,2007,424.3478260869565
HARV_027,2007,453.17391304347825
HARV_043,2007,476.7173913043478
HARV_035,2007,476.7173913043478
HARV_037,2007,495.04347826086956
HARV_020,2007,459.19565217391306
HARV_023,2007,491.4782608695652
HARV_014,2007,468.10869565217394
HARV_011,2007,458.9782608695652
HARV_025,2007,465.7391304347826
HARV_002,2007,472.60869565217394
HARV_012,2007,483.9782608695652
HARV_026,2007,444.7608695652174
HARV_016,2007,463.04347826086956
HARV_039,2007,473.2391304347826
HARV_021,2007,473.7173913043478
HARV_045,2007,465.82608695652175
HARV_041,2007,494.9347826086956
HARV_038,2007,495.04347826086956
HARV_050,2007,495.04347826086956
HARV_048,2007,476.7173913043478
HARV_036,2007,465.82608695652175
HARV_052,2007,476.7173913043478
HARV_049,2007,473.17391304347825
HARV_047,2007,495.04347826086956
HARV_044,2007,495.04347826086956
HARV_040,2007,476.7173913043478
HARV_046,2007,494.9347826086956
HARV_033,2007,495.04347826086956
HARV_051,2007,473.2391304347826
HARV_034,2007,495.04347826086956
HARV_042,2007,473.2391304347826
HARV_015,2007,494.9347826086956
HARV_017,2007,466.4782608695652
JERC_002,2007,522.5217391304348
JERC_015,2007,541.8695652173913
JERC_007,2007,534.1521739130435
JERC_001,2007,518.8695652173913
JERC_010,2007,521.9565217391304
JERC_009,2007,516.7391304347826
JERC_029,2007,496.8695652173913
JERC_021,2007,507.60869565217394
JERC_011,2007,496.8695652173913
JERC_040,2007,505.2391304347826
JERC_035,2007,458.3478260869565
JERC_033,2007,541.9347826086956
JERC_019,2007,562.3478260869565
JERC_030,2007,564.5217391304348
JERC_034,2007,454.3478260869565
JERC_036,2007,537.3260869565217
JERC_028,2007,282.5217391304348
JERC_044,2007,512.0869565217391
JERC_016,2007,537.3260869565217
JERC_038,2007,541.9130434782609
JERC_006,2007,423.4347826086956
JERC_041,2007,608.2173913043479
JERC_031,2007,505.7608695652174
JERC_042,2007,521.9565217391304
JERC_008,2007,520.0434782608696
JERC_005,2007,520.0434782608696
JERC_003,2007,518.8695652173913
JERC_022,2007,493.0
JERC_013,2007,530.3695652173913
JERC_066,2007,522.5217391304348
JERC_065,2007,505.7608695652174
JERC_054,2007,527.7391304347826
JERC_051,2007,505.7608695652174
JERC_062,2007,522.5434782608696
JERC_047,2007,522.5434782608696
JERC_057,2007,505.80434782608694
JERC_060,2007,505.7608695652174
JERC_064,2007,505.7608695652174
JERC_050,2007,522.5434782608696
JERC_053,2007,522.5217391304348
JERC_049,2007,522.5434782608696
JERC_061,2007,522.5434782608696
JERC_058,2007,522.5217391304348
JERC_048,2007,522.5217391304348
JERC_063,2007,522.5217391304348
JERC_052,2007,522.5434782608696
JERC_059,2007,522.5217391304348
JERC_056,2007,522.5434782608696
JERC_055,2007,522.5434782608696
JERC_004,2007,541.8260869565217
JERC_014,2007,494.4347826086956
JERC_012,2007,474.6304347826087
MLBS_076,2007,472.6521739130435
MLBS_061,2007,476.3478260869565
MLBS_064,2007,476.3478260869565
MLBS_075,2007,479.8695652173913
MLBS_065,2007,479.8695652173913
MLBS_062,2007,479.9782608695652
MLBS_069,2007,472.6521739130435
MLBS_063,2007,472.5869565217391
MLBS_073,2007,472.5869565217391
MLBS_074,2007,472.6521739130435
MLBS_066,2007,472.5869565217391
MLBS_067,2007,472.5869565217391
MLBS_071,2007,472.6521739130435
MLBS_072,2007,472.5869565217391
MLBS_070,2007,472.5869565217391
MLBS_068,2007,472.5869565217391
MLBS_009,2007,476.3478260869565
MLBS_010,2007,494.69565217391306
MLBS_005,2007,500.0869565217391
MLBS_003,2007,494.69565217391306
MLBS_019,2007,503.5869565217391
MLBS_016,2007,514.1086956521739
MLBS_015,2007,481.7391304347826
MLBS_014,2007,499.32608695652175
MLBS_001,2007,473.7826086956522
MLBS_017,2007,473.7826086956522
MLBS_011,2007,498.0652173913044
MLBS_012,2007,498.0652173913044
MLBS_002,2007,479.8695652173913
MLBS_004,2007,515.2173913043479
MLBS_018,2007,498.19565217391306
MLBS_008,2007,514.4130434782609
MLBS_007,2007,499.4130434782609
MLBS_006,2007,500.5652173913044
MLBS_020,2007,490.45652173913044
MLBS_013,2007,525.9565217391304
ORNL_002,2007,525.9347826086956
ORNL_003,2007,490.8478260869565
ORNL_009,2007,583.4782608695652
ORNL_021,2007,425.17391304347825
ORNL_031,2007,475.9347826086956
ORNL_033,2007,452.2173913043478
ORNL_066,2007,563.0217391304348
ORNL_044,2007,563.0217391304348
ORNL_012,2007,0.0
ORNL_004,2007,455.9782608695652
ORNL_001,2007,370.0217391304348
ORNL_027,2007,476.7826086956522
ORNL_014,2007,474.4782608695652
ORNL_029,2007,478.19565217391306
ORNL_007,2007,470.82608695652175
ORNL_006,2007,483.0869565217391
ORNL_008,2007,480.80434782608694
ORNL_035,2007,497.2173913043478
ORNL_010,2007,484.39130434782606
ORNL_032,2007,470.7391304347826
ORNL_055,2007,491.10869565217394
ORNL_062,2007,491.10869565217394
ORNL_063,2007,487.0869565217391
ORNL_049,2007,487.0869565217391
ORNL_052,2007,491.10869565217394
ORNL_059,2007,474.60869565217394
ORNL_036,2007,495.0
ORNL_053,2007,474.60869565217394
ORNL_046,2007,474.60869565217394
ORNL_043,2007,488.3695652173913
ORNL_058,2007,488.3695652173913
ORNL_060,2007,488.3695652173913
ORNL_056,2007,491.10869565217394
ORNL_037,2007,491.10869565217394
ORNL_057,2007,495.0
ORNL_051,2007,491.10869565217394
ORNL_061,2007,474.60869565217394
ORNL_054,2007,495.0
ORNL_045,2007,495.0
ORNL_050,2007,495.0
ORNL_017,2007,477.89130434782606
ORNL_068,2007,435.7391304347826
ORNL_019,2007,487.0869565217391
ORNL_018,2007,349.6304347826087
ORNL_067,2007,477.5652173913044
ORNL_015,2007,490.95652173913044
OSBS_002,2007,519.7826086956521
OSBS_006,2007,467.5217391304348
OSBS_048,2007,485.3695652173913
OSBS_001,2007,646.5
OSBS_018,2007,433.5652173913044
OSBS_011,2007,472.2608695652174
OSBS_014,2007,555.5652173913044
OSBS_004,2007,516.1086956521739
OSBS_020,2007,450.5
OSBS_023,2007,472.2608695652174
OSBS_049,2007,518.2391304347826
OSBS_003,2007,508.10869565217394
OSBS_012,2007,389.80434782608694
OSBS_013,2007,516.1086956521739
OSBS_024,2007,472.2608695652174
OSBS_016,2007,530.5652173913044
OSBS_008,2007,512.0
OSBS_010,2007,591.6086956521739
OSBS_051,2007,497.5869565217391
OSBS_050,2007,516.5
OSBS_007,2007,509.7608695652174
OSBS_005,2007,650.0869565217391
OSBS_017,2007,532.8260869565217
OSBS_043,2007,462.04347826086956
OSBS_022,2007,555.5652173913044
OSBS_039,2007,430.30434782608694
OSBS_036,2007,430.30434782608694
OSBS_029,2007,430.30434782608694
OSBS_040,2007,462.1304347826087
OSBS_015,2007,549.1304347826087
OSBS_025,2007,485.32608695652175
OSBS_030,2007,485.32608695652175
OSBS_038,2007,485.32608695652175
OSBS_042,2007,485.32608695652175
OSBS_035,2007,397.39130434782606
OSBS_037,2007,397.39130434782606
OSBS_028,2007,397.39130434782606
OSBS_021,2007,589.3478260869565
OSBS_041,2007,397.39130434782606
OSBS_009,2007,612.1304347826087
OSBS_031,2007,462.1304347826087
OSBS_033,2007,430.30434782608694
OSBS_032,2007,430.30434782608694
OSBS_044,2007,430.30434782608694
OSBS_027,2007,430.30434782608694
OSBS_034,2007,462.1304347826087
OSBS_026,2007,430.30434782608694
OSBS_063,2007,470.1304347826087
OSBS_067,2007,463.7391304347826
OSBS_066,2007,549.1304347826087
OSBS_068,2007,469.80434782608694
OSBS_070,2007,462.1304347826087
OSBS_073,2007,524.5217391304348
RMNP_043,2007,199.7173913043478
RMNP_042,2007,199.7173913043478
RMNP_041,2007,305.60869565217394
RMNP_048,2007,199.7173913043478
RMNP_049,2007,199.7173913043478
RMNP_046,2007,199.7173913043478
RMNP_047,2007,199.7173913043478
RMNP_045,2007,199.7173913043478
RMNP_044,2007,199.7173913043478
RMNP_013,2007,258.0869565217391
RMNP_003,2007,304.45652173913044
RMNP_009,2007,304.45652173913044
RMNP_011,2007,177.6086956521739
RMNP_019,2007,296.82608695652175
RMNP_015,2007,324.8695652173913
RMNP_002,2007,324.54347826086956
RMNP_020,2007,324.8695652173913
RMNP_016,2007,337.3478260869565
RMNP_017,2007,298.0652173913044
RMNP_005,2007,341.89130434782606
RMNP_001,2007,353.19565217391306
RMNP_014,2007,373.4130434782609
RMNP_008,2007,331.6304347826087
RMNP_012,2007,372.7173913043478
RMNP_018,2007,367.82608695652175
RMNP_006,2007,363.5
RMNP_004,2007,300.5
RMNP_010,2007,324.04347826086956
RMNP_007,2007,324.04347826086956
SCBI_008,2007,488.67391304347825
SCBI_004,2007,484.19565217391306
SCBI_015,2007,498.2608695652174
SCBI_017,2007,495.7391304347826
SCBI_013,2007,473.19565217391306
SCBI_007,2007,502.9130434782609
SCBI_018,2007,462.2608695652174
SCBI_003,2007,488.9130434782609
SCBI_011,2007,474.95652173913044
SCBI_016,2007,470.17391304347825
SCBI_002,2007,493.6304347826087
SCBI_010,2007,485.9782608695652
SCBI_014,2007,485.3478260869565
SCBI_005,2007,485.9130434782609
SCBI_056,2007,493.32608695652175
SCBI_045,2007,497.2826086956522
SCBI_053,2007,493.32608695652175
SCBI_061,2007,493.32608695652175
SCBI_050,2007,493.32608695652175
SCBI_057,2007,493.32608695652175
SCBI_062,2007,493.4347826086956
SCBI_047,2007,493.4347826086956
SCBI_067,2007,493.4347826086956
SCBI_066,2007,493.4347826086956
SCBI_064,2007,497.2826086956522
SCBI_052,2007,497.2826086956522
SCBI_054,2007,497.2826086956522
SCBI_046,2007,493.6304347826087
SCBI_049,2007,493.4347826086956
SCBI_063,2007,493.4347826086956
SCBI_055,2007,493.32608695652175
SCBI_048,2007,493.4347826086956
SCBI_051,2007,493.32608695652175
SCBI_058,2007,497.2826086956522
SCBI_034,2007,337.6521739130435
SCBI_038,2007,463.6521739130435
SCBI_033,2007,337.6521739130435
SCBI_006,2007,481.30434782608694
SCBI_035,2007,463.6521739130435
SCBI_012,2007,496.8695652173913
SCBI_071,2007,485.9782608695652
SCBI_019,2007,487.67391304347825
SCBI_021,2007,481.30434782608694
SCBI_023,2007,498.2608695652174
SCBI_022,2007,495.45652173913044
SERC_062,2007,463.7173913043478
SERC_045,2007,463.7173913043478
SERC_051,2007,463.7173913043478
SERC_050,2007,503.4347826086956
SERC_052,2007,503.19565217391306
SERC_058,2007,501.9347826086956
SERC_043,2007,503.1304347826087
SERC_055,2007,486.04347826086956
SERC_048,2007,501.9347826086956
SERC_060,2007,501.9347826086956
SERC_061,2007,504.32608695652175
SERC_054,2007,504.32608695652175
SERC_059,2007,506.60869565217394
SERC_046,2007,511.4130434782609
SERC_053,2007,504.32608695652175
SERC_044,2007,511.4130434782609
SERC_047,2007,503.2608695652174
SERC_049,2007,503.2608695652174
SERC_057,2007,503.2608695652174
SERC_056,2007,503.2608695652174
SERC_007,2007,676.2391304347826
SERC_018,2007,528.7826086956521
SERC_009,2007,515.0652173913044
SERC_008,2007,528.8913043478261
SERC_011,2007,529.0434782608696
SERC_003,2007,512.5434782608696
SERC_006,2007,423.8478260869565
SERC_001,2007,447.82608695652175
SERC_017,2007,485.30434782608694
SERC_019,2007,493.2826086956522
SERC_010,2007,688.4565217391304
SERC_014,2007,469.67391304347825
SERC_012,2007,510.1304347826087
SERC_016,2007,512.3913043478261
SERC_022,2007,484.5869565217391
SERC_004,2007,493.2826086956522
SERC_021,2007,503.1304347826087
SERC_013,2007,478.5869565217391
SERC_005,2007,523.1304347826087
SERC_002,2007,508.54347826086956
SERC_067,2007,503.5869565217391
SERC_073,2007,503.4347826086956
SOAP_059,2007,448.19565217391306
SOAP_057,2007,448.19565217391306
SOAP_051,2007,448.19565217391306
SOAP_048,2007,448.19565217391306
SOAP_058,2007,459.3695652173913
SOAP_043,2007,458.7608695652174
SOAP_050,2007,458.7608695652174
SOAP_044,2007,440.0869565217391
SOAP_052,2007,439.45652173913044
SOAP_046,2007,440.0869565217391
SOAP_060,2007,439.45652173913044
SOAP_055,2007,458.7608695652174
SOAP_054,2007,442.9347826086956
SOAP_047,2007,442.9347826086956
SOAP_031,2007,441.7608695652174
SOAP_049,2007,441.7608695652174
SOAP_056,2007,441.7608695652174
SOAP_053,2007,442.9347826086956
SOAP_045,2007,481.2173913043478
SOAP_061,2007,448.19565217391306
SOAP_002,2007,341.19565217391306
SOAP_010,2007,448.19565217391306
SOAP_006,2007,335.5
SOAP_013,2007,341.19565217391306
SOAP_012,2007,400.4130434782609
SOAP_004,2007,448.19565217391306
SOAP_003,2007,453.1521739130435
SOAP_016,2007,449.4130434782609
SOAP_007,2007,459.04347826086956
SOAP_020,2007,442.9347826086956
SOAP_009,2007,499.0
SOAP_008,2007,400.4130434782609
SOAP_021,2007,394.0217391304348
SOAP_018,2007,472.7826086956522
SOAP_019,2007,472.7826086956522
SOAP_017,2007,453.0217391304348
SOAP_015,2007,425.9130434782609
SOAP_001,2007,480.19565217391306
SOAP_011,2007,459.3695652173913
SOAP_022,2007,425.9130434782609
SOAP_024,2007,335.5
STEI_058,2007,527.5
STEI_051,2007,527.5
STEI_056,2007,524.4565217391304
STEI_046,2007,524.4565217391304
STEI_061,2007,524.4565217391304
STEI_062,2007,524.4565217391304
STEI_052,2007,524.4565217391304
STEI_055,2007,527.5
STEI_047,2007,524.4565217391304
STEI_053,2007,524.4565217391304
STEI_048,2007,549.2391304347826
STEI_060,2007,524.4565217391304
STEI_054,2007,549.2391304347826
STEI_049,2007,524.4565217391304
STEI_057,2007,524.4565217391304
STEI_050,2007,549.2391304347826
STEI_059,2007,549.2391304347826
STEI_005,2007,395.19565217391306
STEI_009,2007,376.0217391304348
STEI_012,2007,414.45652173913044
STEI_017,2007,542.2173913043479
STEI_019,2007,398.45652173913044
STEI_003,2007,386.10869565217394
STEI_007,2007,398.0652173913044
STEI_002,2007,390.7608695652174
STEI_011,2007,391.10869565217394
STEI_010,2007,382.04347826086956
STEI_008,2007,387.54347826086956
STEI_015,2007,392.3695652173913
STEI_016,2007,384.0
STEI_004,2007,388.2608695652174
STEI_013,2007,383.7826086956522
STEI_001,2007,384.89130434782606
STEI_021,2007,503.8695652173913
STEI_006,2007,383.0869565217391
STEI_014,2007,381.5
STEI_022,2007,424.95652173913044
STEI_023,2007,399.45652173913044
TALL_003,2007,638.804347826087
TALL_005,2007,607.7608695652174
TALL_009,2007,589.0869565217391
TALL_012,2007,668.0652173913044
TALL_004,2007,480.2391304347826
TALL_010,2007,670.2391304347826
TALL_007,2007,669.8260869565217
TALL_002,2007,665.0652173913044
TALL_022,2007,705.5217391304348
TALL_015,2007,671.6304347826087
TALL_016,2007,478.9782608695652
TALL_011,2007,699.4347826086956
TALL_018,2007,684.4565217391304
TALL_006,2007,583.195652173913
TALL_013,2007,586.2391304347826
TALL_001,2007,546.1521739130435
TALL_017,2007,669.8478260869565
TALL_020,2007,480.4130434782609
TALL_008,2007,664.3695652173913
TALL_043,2007,609.7826086956521
TALL_049,2007,609.7826086956521
TALL_046,2007,609.7826086956521
TALL_061,2007,605.9130434782609
TALL_052,2007,606.1304347826087
TALL_050,2007,704.9565217391304
TALL_051,2007,605.9130434782609
TALL_057,2007,605.9130434782609
TALL_060,2007,704.9565217391304
TALL_055,2007,605.9130434782609
TALL_058,2007,606.1304347826087
TALL_045,2007,704.9565217391304
TALL_059,2007,606.1304347826087
TALL_054,2007,605.9130434782609
TALL_056,2007,606.1304347826087
TALL_044,2007,704.9565217391304
TALL_047,2007,704.9565217391304
TALL_048,2007,609.7826086956521
TALL_042,2007,609.7826086956521
TALL_053,2007,606.1304347826087
TALL_064,2007,652.4347826086956
TALL_025,2007,607.8260869565217
TEAK_045,2007,339.95652173913044
TEAK_054,2007,339.95652173913044
TEAK_048,2007,339.95652173913044
TEAK_061,2007,339.95652173913044
TEAK_059,2007,339.95652173913044
TEAK_049,2007,340.04347826086956
TEAK_060,2007,340.04347826086956
TEAK_055,2007,340.04347826086956
TEAK_062,2007,357.60869565217394
TEAK_056,2007,372.10869565217394
TEAK_044,2007,372.10869565217394
TEAK_057,2007,385.82608695652175
TEAK_053,2007,372.10869565217394
TEAK_047,2007,372.10869565217394
TEAK_051,2007,385.82608695652175
TEAK_046,2007,377.30434782608694
TEAK_058,2007,340.04347826086956
TEAK_043,2007,357.60869565217394
TEAK_052,2007,377.3478260869565
TEAK_050,2007,369.19565217391306
TEAK_001,2007,402.6521739130435
TEAK_002,2007,378.17391304347825
TEAK_003,2007,394.8478260869565
TEAK_004,2007,345.89130434782606
TEAK_006,2007,369.7608695652174
TEAK_025,2007,294.17391304347825
TEAK_005,2007,155.91304347826087
TEAK_011,2007,393.2826086956522
TEAK_007,2007,360.95652173913044
TEAK_014,2007,414.4347826086956
TEAK_010,2007,419.3478260869565
TEAK_012,2007,394.8478260869565
TEAK_017,2007,338.1304347826087
TEAK_013,2007,333.10869565217394
TEAK_019,2007,448.04347826086956
TEAK_020,2007,342.54347826086956
TEAK_016,2007,302.19565217391306
TEAK_015,2007,351.7173913043478
TEAK_024,2007,280.0869565217391
TEAK_018,2007,360.9347826086956
TREE_042,2007,386.69565217391306
TREE_053,2007,371.2173913043478
TREE_049,2007,371.2173913043478
TREE_046,2007,371.2173913043478
TREE_055,2007,371.2173913043478
TREE_056,2007,371.2173913043478
TREE_050,2007,497.7608695652174
TREE_054,2007,497.7608695652174
TREE_052,2007,371.2173913043478
TREE_051,2007,371.2173913043478
TREE_057,2007,372.4782608695652
TREE_025,2007,372.4782608695652
TREE_043,2007,372.5
TREE_044,2007,372.5
TREE_048,2007,500.19565217391306
TREE_047,2007,368.82608695652175
TREE_041,2007,374.19565217391306
TREE_040,2007,368.82608695652175
TREE_039,2007,372.4782608695652
TREE_045,2007,372.4782608695652
TREE_017,2007,372.5
TREE_019,2007,374.30434782608694
TREE_010,2007,377.3478260869565
TREE_016,2007,382.04347826086956
TREE_001,2007,356.80434782608694
TREE_014,2007,356.80434782608694
TREE_009,2007,520.3260869565217
TREE_060,2007,511.67391304347825
TREE_012,2007,374.30434782608694
TREE_005,2007,392.8695652173913
TREE_011,2007,373.3478260869565
TREE_018,2007,377.2608695652174
TREE_003,2007,516.8695652173913
TREE_007,2007,373.3478260869565
TREE_008,2007,505.7173913043478
TREE_006,2007,374.7826086956522
TREE_004,2007,505.7173913043478
TREE_002,2007,377.2608695652174
TREE_015,2007,394.04347826086956
TREE_023,2007,394.0652173913044
TREE_062,2007,520.3260869565217
TREE_064,2007,382.0652173913044
TREE_022,2007,374.7826086956522
TREE_063,2007,393.30434782608694
UNDE_048,2007,373.80434782608694
UNDE_038,2007,388.10869565217394
UNDE_037,2007,346.8695652173913
UNDE_045,2007,373.80434782608694
UNDE_058,2007,363.69565217391306
UNDE_052,2007,373.80434782608694
UNDE_047,2007,370.6304347826087
UNDE_054,2007,363.69565217391306
UNDE_057,2007,373.80434782608694
UNDE_050,2007,363.69565217391306
UNDE_055,2007,363.69565217391306
UNDE_059,2007,373.1304347826087
UNDE_065,2007,373.8478260869565
UNDE_043,2007,373.80434782608694
UNDE_044,2007,373.1304347826087
UNDE_049,2007,363.69565217391306
UNDE_056,2007,373.80434782608694
UNDE_078,2007,388.10869565217394
UNDE_061,2007,388.10869565217394
UNDE_060,2007,363.69565217391306
UNDE_014,2007,354.9130434782609
UNDE_013,2007,363.69565217391306
UNDE_002,2007,369.5217391304348
UNDE_001,2007,362.2826086956522
UNDE_003,2007,364.4782608695652
UNDE_010,2007,359.9130434782609
UNDE_006,2007,337.7391304347826
UNDE_011,2007,384.1521739130435
UNDE_007,2007,382.3695652173913
UNDE_012,2007,337.7608695652174
UNDE_008,2007,337.7391304347826
UNDE_016,2007,370.30434782608694
UNDE_020,2007,325.2826086956522
UNDE_021,2007,348.39130434782606
UNDE_022,2007,371.0652173913044
UNDE_018,2007,377.5652173913044
UNDE_019,2007,349.5217391304348
UNDE_023,2007,366.7391304347826
UNDE_015,2007,366.7391304347826
UNDE_027,2007,368.4782608695652
WREF_089,2007,463.3478260869565
WREF_082,2007,584.8260869565217
WREF_077,2007,575.4347826086956
WREF_083,2007,463.3478260869565
WREF_086,2007,475.0869565217391
WREF_081,2007,475.3695652173913
WREF_076,2007,497.95652173913044
WREF_070,2007,575.4347826086956
WREF_074,2007,584.8260869565217
WREF_072,2007,547.0434782608696
WREF_080,2007,562.1521739130435
WREF_073,2007,562.1521739130435
WREF_079,2007,562.1521739130435
WREF_085,2007,584.3695652173913
WREF_084,2007,584.3695652173913
WREF_078,2007,575.1086956521739
WREF_088,2007,584.8260869565217
WREF_087,2007,584.3695652173913
WREF_075,2007,575.4347826086956
WREF_071,2007,584.8260869565217
WREF_012,2007,551.695652173913
WREF_016,2007,638.9347826086956
WREF_015,2007,609.5652173913044
WREF_013,2007,592.6739130434783
WREF_001,2007,541.195652173913
WREF_003,2007,581.9130434782609
WREF_018,2007,583.9565217391304
WREF_020,2007,597.5217391304348
WREF_002,2007,602.9130434782609
WREF_019,2007,534.0434782608696
WREF_010,2007,604.9130434782609
WREF_007,2007,605.8260869565217
WREF_008,2007,587.5652173913044
WREF_006,2007,570.0217391304348
WREF_005,2007,528.9347826086956
WREF_014,2007,528.5217391304348
WREF_009,2007,632.2608695652174
WREF_011,2007,627.1086956521739
WREF_004,2007,608.6304347826087
WREF_017,2007,609.0434782608696
DELA_013,2007,469.7391304347826
DELA_003,2007,646.2608695652174
DELA_005,2007,326.9782608695652
DELA_011,2007,548.7391304347826
DELA_004,2007,466.9130434782609
DELA_018,2007,476.80434782608694
DELA_014,2007,416.60869565217394
DELA_015,2007,466.9130434782609
DELA_012,2007,416.60869565217394
DELA_010,2007,476.80434782608694
DELA_016,2007,483.80434782608694
DELA_001,2007,465.10869565217394
DELA_019,2007,486.54347826086956
DELA_017,2007,483.80434782608694
DELA_009,2007,646.2608695652174
DELA_002,2007,416.60869565217394
DELA_007,2007,476.80434782608694
DELA_020,2007,494.5
DELA_006,2007,486.54347826086956
DELA_008,2007,469.7173913043478
DELA_046,2007,494.5
DELA_053,2007,494.5
DELA_051,2007,483.7173913043478
DELA_043,2007,483.7173913043478
DELA_040,2007,494.5
DELA_052,2007,483.7173913043478
DELA_041,2007,483.7173913043478
DELA_044,2007,483.7173913043478
DELA_039,2007,459.5652173913044
DELA_054,2007,494.5
DELA_045,2007,494.5
DELA_042,2007,710.9347826086956
DELA_055,2007,459.5652173913044
DELA_037,2007,494.5
DELA_050,2007,494.5
DELA_056,2007,494.5
DELA_047,2007,476.80434782608694
DELA_048,2007,476.80434782608694
DELA_049,2007,710.9347826086956
DELA_038,2007,459.5652173913044
DELA_023,2007,469.7173913043478
DELA_022,2007,469.7391304347826
DELA_021,2007,344.5
DELA_059,2007,710.9347826086956
LENO_061,2007,683.6304347826087
LENO_065,2007,683.6304347826087
LENO_062,2007,683.6304347826087
LENO_068,2007,645.5217391304348
LENO_067,2007,645.5217391304348
LENO_064,2007,683.6304347826087
LENO_063,2007,645.5217391304348
LENO_066,2007,532.0652173913044
LENO_069,2007,532.0652173913044
LENO_070,2007,532.0652173913044
LENO_003,2007,538.2608695652174
LENO_002,2007,543.4347826086956
LENO_014,2007,534.7391304347826
LENO_011,2007,500.3478260869565
LENO_005,2007,503.67391304347825
LENO_015,2007,654.6521739130435
LENO_010,2007,530.6304347826087
LENO_012,2007,639.5869565217391
LENO_009,2007,548.304347826087
LENO_018,2007,654.1086956521739
LENO_006,2007,521.9565217391304
LENO_013,2007,540.7173913043479
LENO_007,2007,534.7391304347826
LENO_008,2007,654.6521739130435
LENO_022,2007,545.5434782608696
LENO_001,2007,486.89130434782606
LENO_016,2007,521.9565217391304
LENO_021,2007,679.8478260869565
LENO_017,2007,481.95652173913044
LENO_004,2007,517.2391304347826
LENO_019,2007,544.4347826086956
UKFS_032,2007,416.4347826086956
UKFS_057,2007,416.45652173913044
UKFS_051,2007,416.45652173913044
UKFS_047,2007,437.0
UKFS_055,2007,416.4347826086956
UKFS_058,2007,437.0
UKFS_060,2007,416.4347826086956
UKFS_056,2007,439.5652173913044
UKFS_054,2007,432.10869565217394
UKFS_050,2007,428.2173913043478
UKFS_046,2007,428.2173913043478
UKFS_045,2007,436.95652173913044
UKFS_043,2007,428.2391304347826
UKFS_052,2007,436.95652173913044
UKFS_059,2007,428.2391304347826
UKFS_048,2007,428.2391304347826
UKFS_049,2007,439.5652173913044
UKFS_031,2007,437.0
UKFS_044,2007,439.5652173913044
UKFS_053,2007,439.5652173913044
UKFS_007,2007,274.6521739130435
UKFS_005,2007,436.7608695652174
UKFS_004,2007,411.2391304347826
UKFS_009,2007,280.4347826086956
UKFS_006,2007,428.2173913043478
UKFS_012,2007,256.30434782608694
UKFS_002,2007,270.0869565217391
UKFS_010,2007,317.0869565217391
UKFS_003,2007,317.0869565217391
UKFS_001,2007,436.95652173913044
UKFS_011,2007,432.10869565217394
UKFS_008,2007,432.10869565217394
UKFS_017,2007,256.30434782608694
UKFS_019,2007,412.5
UKFS_016,2007,377.4782608695652
UKFS_018,2007,317.10869565217394
UKFS_014,2007,436.95652173913044
UKFS_015,2007,436.7173913043478
UKFS_013,2007,341.6304347826087
UKFS_025,2007,373.3478260869565
YELL_002,2007,167.02173913043478
YELL_016,2007,101.8695652173913
YELL_013,2007,130.3913043478261
YELL_006,2007,123.34782608695652
YELL_020,2007,221.5
YELL_008,2007,134.8913043478261
YELL_014,2007,160.52173913043478
YELL_001,2007,124.71739130434783
YELL_011,2007,101.26086956521739
YELL_004,2007,103.91304347826087
YELL_003,2007,121.45652173913044
YELL_010,2007,118.3913043478261
YELL_005,2007,107.17391304347827
YELL_007,2007,142.8913043478261
YELL_018,2007,169.7391304347826
YELL_023,2007,180.84782608695653
YELL_012,2007,124.54347826086956
YELL_009,2007,141.91304347826087
YELL_021,2007,270.0217391304348
YELL_022,2007,125.78260869565217
YELL_047,2007,132.34782608695653
YELL_054,2007,132.34782608695653
YELL_058,2007,132.34782608695653
YELL_044,2007,132.34782608695653
YELL_052,2007,132.3695652173913
YELL_055,2007,132.3695652173913
YELL_062,2007,132.34782608695653
YELL_056,2007,137.56521739130434
YELL_048,2007,137.56521739130434
YELL_060,2007,139.47826086956522
YELL_051,2007,132.3695652173913
YELL_053,2007,131.17391304347825
YELL_045,2007,137.56521739130434
YELL_046,2007,132.3695652173913
YELL_061,2007,132.3695652173913
YELL_049,2007,131.17391304347825
YELL_059,2007,132.3695652173913
YELL_043,2007,131.17391304347825
YELL_050,2007,139.47826086956522
YELL_057,2007,139.47826086956522
YELL_015,2007,119.02173913043478
BONA_072,2007,246.1304347826087
BONA_079,2007,246.1304347826087
BONA_070,2007,201.58695652173913
BONA_075,2007,246.1304347826087
BONA_078,2007,246.1304347826087
BONA_076,2007,246.1304347826087
BONA_082,2007,296.4130434782609
BONA_071,2007,246.1304347826087
BONA_087,2007,246.1304347826087
BONA_084,2007,296.4130434782609
BONA_080,2007,201.58695652173913
BONA_086,2007,201.58695652173913
BONA_088,2007,246.1304347826087
BONA_089,2007,296.4130434782609
BONA_085,2007,201.6304347826087
BONA_083,2007,171.58695652173913
BONA_074,2007,171.58695652173913
BONA_081,2007,198.15217391304347
BONA_077,2007,198.15217391304347
BONA_073,2007,198.15217391304347
BONA_014,2007,273.6304347826087
BONA_011,2007,164.80434782608697
BONA_001,2007,253.91304347826087
BONA_018,2007,168.2173913043478
BONA_023,2007,162.84782608695653
BONA_009,2007,144.3913043478261
BONA_002,2007,317.95652173913044
BONA_012,2007,305.5652173913044
BONA_008,2007,263.39130434782606
BONA_093,2007,246.1304347826087
BONA_007,2007,290.54347826086956
BONA_005,2007,308.5652173913044
BONA_021,2007,174.34782608695653
BONA_026,2007,230.34782608695653
BONA_022,2007,179.1304347826087
BONA_010,2007,179.1304347826087
BONA_003,2007,131.52173913043478
BONA_004,2007,209.3913043478261
BONA_006,2007,216.95652173913044
BONA_016,2007,143.82608695652175
BONA_013,2007,220.97826086956522
DEJU_050,2007,159.2826086956522
DEJU_051,2007,170.69565217391303
DEJU_049,2007,167.43478260869566
DEJU_057,2007,198.6304347826087
DEJU_047,2007,167.43478260869566
DEJU_052,2007,167.43478260869566
DEJU_045,2007,167.3913043478261
DEJU_056,2007,167.3913043478261
DEJU_061,2007,167.3913043478261
DEJU_064,2007,159.2826086956522
DEJU_054,2007,160.0
DEJU_060,2007,178.6086956521739
DEJU_046,2007,178.6086956521739
DEJU_055,2007,178.6086956521739
DEJU_063,2007,170.69565217391303
DEJU_059,2007,159.2608695652174
DEJU_048,2007,162.06521739130434
DEJU_062,2007,162.06521739130434
DEJU_058,2007,170.69565217391303
DEJU_053,2007,159.2608695652174
DEJU_010,2007,111.91304347826087
DEJU_004,2007,71.95652173913044
DEJU_003,2007,95.71739130434783
DEJU_023,2007,138.7826086956522
DEJU_008,2007,96.1304347826087
DEJU_019,2007,150.7173913043478
DEJU_005,2007,147.7608695652174
DEJU_001,2007,133.30434782608697
DEJU_007,2007,130.30434782608697
DEJU_015,2007,199.65217391304347
DEJU_017,2007,169.84782608695653
DEJU_014,2007,149.7608695652174
DEJU_006,2007,142.02173913043478
DEJU_021,2007,166.93478260869566
DEJU_002,2007,128.69565217391303
DEJU_024,2007,128.0
DEJU_016,2007,187.2608695652174
DEJU_009,2007,191.1086956521739
DEJU_018,2007,142.02173913043478
DEJU_020,2007,145.58695652173913
HEAL_072,2007,278.1521739130435
HEAL_063,2007,270.7391304347826
HEAL_070,2007,282.80434782608694
HEAL_060,2007,282.82608695652175
HEAL_071,2007,282.82608695652175
HEAL_050,2007,282.82608695652175
HEAL_067,2007,282.80434782608694
HEAL_068,2007,287.5869565217391
HEAL_064,2007,294.0
HEAL_062,2007,282.82608695652175
HEAL_061,2007,282.80434782608694
HEAL_073,2007,282.80434782608694
HEAL_052,2007,282.80434782608694
HEAL_066,2007,283.19565217391306
HEAL_058,2007,282.80434782608694
HEAL_069,2007,283.19565217391306
HEAL_048,2007,270.7391304347826
HEAL_054,2007,287.5652173913044
HEAL_053,2007,283.1521739130435
HEAL_074,2007,283.19565217391306
HEAL_056,2007,283.19565217391306
HEAL_051,2007,283.19565217391306
HEAL_065,2007,283.1521739130435
HEAL_057,2007,278.1304347826087
HEAL_046,2007,283.19565217391306
HEAL_059,2007,283.19565217391306
HEAL_055,2007,283.1521739130435
HEAL_047,2007,283.1521739130435
HEAL_010,2007,266.89130434782606
HEAL_002,2007,265.89130434782606
HEAL_003,2007,278.6521739130435
HEAL_014,2007,275.04347826086956
HEAL_022,2007,300.2826086956522
HEAL_023,2007,276.9130434782609
HEAL_021,2007,268.8478260869565
HEAL_001,2007,291.5652173913044
HEAL_016,2007,287.5869565217391
HEAL_020,2007,259.95652173913044
HEAL_006,2007,280.0
HEAL_019,2007,281.7173913043478
HEAL_011,2007,255.97826086956522
HEAL_025,2007,249.56521739130434
HEAL_018,2007,249.3695652173913
HEAL_017,2007,161.17391304347825
HEAL_004,2007,282.9130434782609
HEAL_005,2007,296.45652173913044
HEAL_015,2007,280.7173913043478
HEAL_049,2007,282.80434782608694
HEAL_026,2007,289.1304347826087
HEAL_045,2007,278.1521739130435
HEAL_024,2007,250.52173913043478
ABBY_063,2008,394.89130434782606
ABBY_068,2008,394.89130434782606
ABBY_065,2008,456.89130434782606
ABBY_067,2008,394.89130434782606
ABBY_066,2008,394.89130434782606
ABBY_061,2008,394.89130434782606
ABBY_070,2008,394.89130434782606
ABBY_062,2008,394.7391304347826
ABBY_064,2008,394.89130434782606
ABBY_069,2008,394.7391304347826
ABBY_075,2008,411.4782608695652
ABBY_074,2008,394.7391304347826
ABBY_073,2008,394.7391304347826
ABBY_076,2008,394.89130434782606
ABBY_004,2008,460.8478260869565
ABBY_009,2008,460.8478260869565
ABBY_011,2008,476.1521739130435
ABBY_013,2008,398.89130434782606
ABBY_023,2008,444.04347826086956
ABBY_010,2008,532.9565217391304
ABBY_018,2008,570.8260869565217
ABBY_003,2008,418.7826086956522
ABBY_012,2008,606.9782608695652
ABBY_005,2008,575.695652173913
ABBY_016,2008,416.8695652173913
ABBY_008,2008,579.8260869565217
ABBY_017,2008,504.80434782608694
ABBY_014,2008,528.7608695652174
ABBY_001,2008,522.0434782608696
ABBY_019,2008,380.95652173913044
ABBY_006,2008,449.30434782608694
ABBY_002,2008,514.9347826086956
ABBY_007,2008,575.4347826086956
ABBY_025,2008,529.4130434782609
ABBY_015,2008,480.60869565217394
ABBY_077,2008,509.0652173913044
BART_012,2008,410.5652173913044
BART_001,2008,417.60869565217394
BART_005,2008,477.0652173913044
BART_044,2008,424.5869565217391
BART_037,2008,424.5869565217391
BART_073,2008,407.2391304347826
BART_074,2008,424.5869565217391
BART_075,2008,426.2608695652174
BART_042,2008,426.2608695652174
BART_072,2008,426.2608695652174
BART_046,2008,424.5869565217391
BART_036,2008,426.2608695652174
BART_051,2008,407.2391304347826
BART_041,2008,417.5869565217391
BART_034,2008,417.5869565217391
BART_039,2008,407.2391304347826
BART_050,2008,426.2608695652174
BART_040,2008,407.1521739130435
BART_071,2008,426.9130434782609
BART_070,2008,417.5869565217391
BART_033,2008,417.5869565217391
BART_047,2008,407.1521739130435
BART_032,2008,427.0652173913044
BART_015,2008,420.60869565217394
BART_016,2008,459.69565217391306
BART_028,2008,433.10869565217394
BART_010,2008,431.30434782608694
BART_013,2008,409.0
BART_026,2008,424.82608695652175
BART_006,2008,424.7608695652174
BART_023,2008,431.30434782608694
BART_002,2008,428.7608695652174
BART_018,2008,442.4130434782609
BART_003,2008,450.4130434782609
BART_024,2008,431.30434782608694
BART_011,2008,425.0869565217391
BART_025,2008,424.82608695652175
BART_007,2008,425.0869565217391
BART_027,2008,463.5869565217391
BART_004,2008,410.32608695652175
BART_019,2008,427.0652173913044
BLAN_042,2008,428.5217391304348
BLAN_056,2008,428.5217391304348
BLAN_034,2008,320.9782608695652
BLAN_043,2008,428.5217391304348
BLAN_046,2008,417.1304347826087
BLAN_045,2008,428.5217391304348
BLAN_059,2008,417.1304347826087
BLAN_039,2008,428.5217391304348
BLAN_033,2008,428.5217391304348
BLAN_051,2008,428.5217391304348
BLAN_054,2008,428.5217391304348
BLAN_031,2008,320.9782608695652
BLAN_049,2008,320.9782608695652
BLAN_060,2008,428.5217391304348
BLAN_035,2008,417.1304347826087
BLAN_038,2008,428.5217391304348
BLAN_040,2008,428.5217391304348
BLAN_037,2008,320.9782608695652
BLAN_044,2008,320.9782608695652
BLAN_050,2008,465.80434782608694
BLAN_052,2008,320.9782608695652
BLAN_048,2008,465.80434782608694
BLAN_055,2008,320.9782608695652
BLAN_057,2008,417.1304347826087
BLAN_032,2008,417.1304347826087
BLAN_036,2008,465.80434782608694
BLAN_047,2008,465.80434782608694
BLAN_063,2008,465.80434782608694
BLAN_005,2008,441.6521739130435
BLAN_017,2008,441.6521739130435
BLAN_011,2008,651.3695652173913
BLAN_068,2008,460.0869565217391
BLAN_016,2008,460.0869565217391
BLAN_001,2008,455.2608695652174
BLAN_008,2008,461.8695652173913
BLAN_003,2008,462.69565217391306
BLAN_018,2008,464.10869565217394
BLAN_004,2008,460.0869565217391
BLAN_014,2008,458.7826086956522
BLAN_020,2008,534.9347826086956
BLAN_006,2008,464.10869565217394
BLAN_007,2008,461.8695652173913
BLAN_010,2008,460.0869565217391
BLAN_012,2008,464.10869565217394
BLAN_013,2008,470.2391304347826
BLAN_015,2008,457.0
BLAN_009,2008,455.2608695652174
BLAN_053,2008,417.1304347826087
BLAN_041,2008,465.80434782608694
BLAN_064,2008,320.9782608695652
BLAN_019,2008,460.10869565217394
GRSM_057,2008,516.5217391304348
GRSM_048,2008,516.5217391304348
GRSM_059,2008,528.6086956521739
GRSM_054,2008,537.2608695652174
GRSM_049,2008,515.7173913043479
GRSM_066,2008,516.5217391304348
GRSM_065,2008,528.3695652173913
GRSM_047,2008,528.6086956521739
GRSM_063,2008,518.2173913043479
GRSM_053,2008,518.2173913043479
GRSM_062,2008,537.2608695652174
GRSM_060,2008,528.6086956521739
GRSM_050,2008,518.5869565217391
GRSM_051,2008,528.6086956521739
GRSM_064,2008,528.6086956521739
GRSM_002,2008,554.7391304347826
GRSM_025,2008,516.0652173913044
GRSM_016,2008,419.0
GRSM_017,2008,535.1304347826087
GRSM_004,2008,488.0652173913044
GRSM_001,2008,537.7608695652174
GRSM_012,2008,456.4130434782609
GRSM_008,2008,492.80434782608694
GRSM_003,2008,475.3695652173913
GRSM_019,2008,523.1304347826087
GRSM_006,2008,523.1304347826087
GRSM_013,2008,510.89130434782606
GRSM_015,2008,541.5869565217391
GRSM_014,2008,541.5
GRSM_010,2008,544.6521739130435
GRSM_005,2008,513.9347826086956
GRSM_011,2008,538.6086956521739
GRSM_007,2008,513.3260869565217
GRSM_009,2008,478.04347826086956
GRSM_055,2008,518.2173913043479
GRSM_018,2008,554.304347826087
GRSM_061,2008,528.6086956521739
GRSM_056,2008,528.6086956521739
GRSM_058,2008,528.3695652173913
GRSM_052,2008,537.2608695652174
HARV_013,2008,487.10869565217394
HARV_022,2008,459.89130434782606
HARV_008,2008,450.1521739130435
HARV_004,2008,470.32608695652175
HARV_024,2008,465.8478260869565
HARV_010,2008,0.0
HARV_006,2008,460.32608695652175
HARV_001,2008,431.10869565217394
HARV_005,2008,403.19565217391306
HARV_027,2008,437.1521739130435
HARV_043,2008,474.32608695652175
HARV_035,2008,474.32608695652175
HARV_037,2008,473.4347826086956
HARV_020,2008,446.7826086956522
HARV_023,2008,495.7826086956522
HARV_014,2008,448.30434782608694
HARV_011,2008,450.1304347826087
HARV_025,2008,449.17391304347825
HARV_002,2008,455.10869565217394
HARV_012,2008,460.32608695652175
HARV_026,2008,442.0217391304348
HARV_016,2008,456.60869565217394
HARV_039,2008,446.04347826086956
HARV_021,2008,471.69565217391306
HARV_045,2008,448.5
HARV_041,2008,473.39130434782606
HARV_038,2008,473.4347826086956
HARV_050,2008,473.4347826086956
HARV_048,2008,474.32608695652175
HARV_036,2008,448.5
HARV_052,2008,474.32608695652175
HARV_049,2008,445.95652173913044
HARV_047,2008,473.4347826086956
HARV_044,2008,473.4347826086956
HARV_040,2008,474.32608695652175
HARV_046,2008,473.39130434782606
HARV_033,2008,473.4347826086956
HARV_051,2008,446.04347826086956
HARV_034,2008,473.4347826086956
HARV_042,2008,446.04347826086956
HARV_015,2008,473.39130434782606
HARV_017,2008,449.5652173913044
JERC_002,2008,550.8695652173913
JERC_015,2008,557.804347826087
JERC_007,2008,559.1521739130435
JERC_001,2008,561.1086956521739
JERC_010,2008,562.6739130434783
JERC_009,2008,529.4347826086956
JERC_029,2008,525.7391304347826
JERC_021,2008,577.4782608695652
JERC_011,2008,525.7391304347826
JERC_040,2008,538.9130434782609
JERC_035,2008,505.5652173913044
JERC_033,2008,557.8260869565217
JERC_019,2008,585.3695652173913
JERC_030,2008,592.5
JERC_034,2008,474.1521739130435
JERC_036,2008,541.0
JERC_028,2008,302.6304347826087
JERC_044,2008,514.9565217391304
JERC_016,2008,541.0
JERC_038,2008,607.304347826087
JERC_006,2008,468.3695652173913
JERC_041,2008,648.3913043478261
JERC_031,2008,564.1521739130435
JERC_042,2008,562.6739130434783
JERC_008,2008,547.3913043478261
JERC_005,2008,547.3913043478261
JERC_003,2008,561.1086956521739
JERC_022,2008,509.80434782608694
JERC_013,2008,545.5
JERC_066,2008,550.8695652173913
JERC_065,2008,564.1521739130435
JERC_054,2008,545.1304347826087
JERC_051,2008,564.1521739130435
JERC_062,2008,550.9347826086956
JERC_047,2008,550.9347826086956
JERC_057,2008,564.195652173913
JERC_060,2008,564.1521739130435
JERC_064,2008,564.1521739130435
JERC_050,2008,550.9347826086956
JERC_053,2008,550.8695652173913
JERC_049,2008,550.9347826086956
JERC_061,2008,550.9347826086956
JERC_058,2008,550.8695652173913
JERC_048,2008,550.8695652173913
JERC_063,2008,550.8695652173913
JERC_052,2008,550.9347826086956
JERC_059,2008,550.8695652173913
JERC_056,2008,550.9347826086956
JERC_055,2008,550.9347826086956
JERC_004,2008,586.3478260869565
JERC_014,2008,469.80434782608694
JERC_012,2008,520.8260869565217
MLBS_076,2008,462.0
MLBS_061,2008,451.1304347826087
MLBS_064,2008,451.1304347826087
MLBS_075,2008,467.4347826086956
MLBS_065,2008,467.4347826086956
MLBS_062,2008,467.54347826086956
MLBS_069,2008,462.0
MLBS_063,2008,462.04347826086956
MLBS_073,2008,462.04347826086956
MLBS_074,2008,462.0
MLBS_066,2008,462.04347826086956
MLBS_067,2008,462.04347826086956
MLBS_071,2008,462.0
MLBS_072,2008,462.04347826086956
MLBS_070,2008,462.04347826086956
MLBS_068,2008,462.04347826086956
MLBS_009,2008,451.1304347826087
MLBS_010,2008,460.30434782608694
MLBS_005,2008,447.7173913043478
MLBS_003,2008,460.30434782608694
MLBS_019,2008,468.5
MLBS_016,2008,492.67391304347825
MLBS_015,2008,464.1521739130435
MLBS_014,2008,472.7826086956522
MLBS_001,2008,425.0217391304348
MLBS_017,2008,425.0217391304348
MLBS_011,2008,451.19565217391306
MLBS_012,2008,451.19565217391306
MLBS_002,2008,467.4347826086956
MLBS_004,2008,493.5
MLBS_018,2008,469.60869565217394
MLBS_008,2008,467.4782608695652
MLBS_007,2008,470.17391304347825
MLBS_006,2008,473.8478260869565
MLBS_020,2008,475.0652173913044
MLBS_013,2008,493.0652173913044
ORNL_002,2008,533.2391304347826
ORNL_003,2008,495.19565217391306
ORNL_009,2008,502.19565217391306
ORNL_021,2008,470.4347826086956
ORNL_031,2008,387.5217391304348
ORNL_033,2008,469.69565217391306
ORNL_066,2008,625.8478260869565
ORNL_044,2008,625.8478260869565
ORNL_012,2008,0.0
ORNL_004,2008,468.69565217391306
ORNL_001,2008,376.30434782608694
ORNL_027,2008,483.32608695652175
ORNL_014,2008,494.67391304347825
ORNL_029,2008,499.4130434782609
ORNL_007,2008,501.0
ORNL_006,2008,486.82608695652175
ORNL_008,2008,512.4130434782609
ORNL_035,2008,536.695652173913
ORNL_010,2008,519.1521739130435
ORNL_032,2008,474.7826086956522
ORNL_055,2008,533.7391304347826
ORNL_062,2008,533.7391304347826
ORNL_063,2008,525.6739130434783
ORNL_049,2008,525.6739130434783
ORNL_052,2008,533.7391304347826
ORNL_059,2008,516.5434782608696
ORNL_036,2008,527.1304347826087
ORNL_053,2008,516.5434782608696
ORNL_046,2008,516.5434782608696
ORNL_043,2008,526.0869565217391
ORNL_058,2008,526.0869565217391
ORNL_060,2008,526.0869565217391
ORNL_056,2008,533.7391304347826
ORNL_037,2008,533.7391304347826
ORNL_057,2008,527.1304347826087
ORNL_051,2008,533.7391304347826
ORNL_061,2008,516.5434782608696
ORNL_054,2008,527.1304347826087
ORNL_045,2008,527.1304347826087
ORNL_050,2008,527.1304347826087
ORNL_017,2008,500.17391304347825
ORNL_068,2008,444.9130434782609
ORNL_019,2008,511.2173913043478
ORNL_018,2008,330.95652173913044
ORNL_067,2008,501.7391304347826
ORNL_015,2008,495.32608695652175
OSBS_002,2008,530.695652173913
OSBS_006,2008,482.0217391304348
OSBS_048,2008,501.2826086956522
OSBS_001,2008,612.3260869565217
OSBS_018,2008,464.9130434782609
OSBS_011,2008,506.3478260869565
OSBS_014,2008,528.7826086956521
OSBS_004,2008,526.2173913043479
OSBS_020,2008,458.0
OSBS_023,2008,506.3478260869565
OSBS_049,2008,524.5652173913044
OSBS_003,2008,491.6521739130435
OSBS_012,2008,428.5869565217391
OSBS_013,2008,526.2173913043479
OSBS_024,2008,506.3478260869565
OSBS_016,2008,551.8695652173913
OSBS_008,2008,509.39130434782606
OSBS_010,2008,606.3260869565217
OSBS_051,2008,493.67391304347825
OSBS_050,2008,485.7173913043478
OSBS_007,2008,508.7826086956522
OSBS_005,2008,610.6304347826087
OSBS_017,2008,550.5434782608696
OSBS_043,2008,472.30434782608694
OSBS_022,2008,528.7826086956521
OSBS_039,2008,455.6304347826087
OSBS_036,2008,455.6304347826087
OSBS_029,2008,455.6304347826087
OSBS_040,2008,471.0217391304348
OSBS_015,2008,639.8478260869565
OSBS_025,2008,463.4130434782609
OSBS_030,2008,463.4130434782609
OSBS_038,2008,463.4130434782609
OSBS_042,2008,463.4130434782609
OSBS_035,2008,454.9782608695652
OSBS_037,2008,454.9782608695652
OSBS_028,2008,454.9782608695652
OSBS_021,2008,558.695652173913
OSBS_041,2008,454.9782608695652
OSBS_009,2008,608.3913043478261
OSBS_031,2008,471.0217391304348
OSBS_033,2008,455.6304347826087
OSBS_032,2008,455.6304347826087
OSBS_044,2008,455.6304347826087
OSBS_027,2008,455.6304347826087
OSBS_034,2008,470.9782608695652
OSBS_026,2008,455.6304347826087
OSBS_063,2008,474.39130434782606
OSBS_067,2008,475.5217391304348
OSBS_066,2008,639.8478260869565
OSBS_068,2008,478.7826086956522
OSBS_070,2008,471.0217391304348
OSBS_073,2008,566.9130434782609
RMNP_043,2008,172.93478260869566
RMNP_042,2008,172.93478260869566
RMNP_041,2008,305.1304347826087
RMNP_048,2008,172.93478260869566
RMNP_049,2008,172.93478260869566
RMNP_046,2008,172.93478260869566
RMNP_047,2008,172.93478260869566
RMNP_045,2008,172.93478260869566
RMNP_044,2008,172.93478260869566
RMNP_013,2008,246.7826086956522
RMNP_003,2008,300.4347826086956
RMNP_009,2008,300.4347826086956
RMNP_011,2008,163.8913043478261
RMNP_019,2008,291.2826086956522
RMNP_015,2008,328.45652173913044
RMNP_002,2008,328.0869565217391
RMNP_020,2008,328.45652173913044
RMNP_016,2008,329.0652173913044
RMNP_017,2008,292.80434782608694
RMNP_005,2008,332.6304347826087
RMNP_001,2008,316.67391304347825
RMNP_014,2008,403.5217391304348
RMNP_008,2008,311.32608695652175
RMNP_012,2008,367.2391304347826
RMNP_018,2008,343.80434782608694
RMNP_006,2008,341.39130434782606
RMNP_004,2008,297.69565217391306
RMNP_010,2008,321.0
RMNP_007,2008,321.0
SCBI_008,2008,478.32608695652175
SCBI_004,2008,473.60869565217394
SCBI_015,2008,493.4130434782609
SCBI_017,2008,479.69565217391306
SCBI_013,2008,475.0652173913044
SCBI_007,2008,489.8695652173913
SCBI_018,2008,469.0652173913044
SCBI_003,2008,478.4782608695652
SCBI_011,2008,465.5
SCBI_016,2008,466.2826086956522
SCBI_002,2008,481.1304347826087
SCBI_010,2008,467.89130434782606
SCBI_014,2008,480.32608695652175
SCBI_005,2008,483.7608695652174
SCBI_056,2008,467.82608695652175
SCBI_045,2008,483.5869565217391
SCBI_053,2008,467.82608695652175
SCBI_061,2008,467.82608695652175
SCBI_050,2008,467.82608695652175
SCBI_057,2008,467.82608695652175
SCBI_062,2008,481.1304347826087
SCBI_047,2008,481.1304347826087
SCBI_067,2008,481.1304347826087
SCBI_066,2008,481.1304347826087
SCBI_064,2008,483.5869565217391
SCBI_052,2008,483.5869565217391
SCBI_054,2008,483.5869565217391
SCBI_046,2008,481.1304347826087
SCBI_049,2008,481.1304347826087
SCBI_063,2008,481.1304347826087
SCBI_055,2008,467.82608695652175
SCBI_048,2008,481.1304347826087
SCBI_051,2008,467.82608695652175
SCBI_058,2008,483.5869565217391
SCBI_034,2008,352.0217391304348
SCBI_038,2008,465.3478260869565
SCBI_033,2008,352.0217391304348
SCBI_006,2008,461.0
SCBI_035,2008,465.3478260869565
SCBI_012,2008,466.89130434782606
SCBI_071,2008,467.89130434782606
SCBI_019,2008,498.4130434782609
SCBI_021,2008,461.0
SCBI_023,2008,493.4130434782609
SCBI_022,2008,484.5869565217391
SERC_062,2008,446.39130434782606
SERC_045,2008,446.39130434782606
SERC_051,2008,446.39130434782606
SERC_050,2008,472.7173913043478
SERC_052,2008,496.7173913043478
SERC_058,2008,504.30434782608694
SERC_043,2008,505.0
SERC_055,2008,507.0652173913044
SERC_048,2008,504.30434782608694
SERC_060,2008,504.30434782608694
SERC_061,2008,497.39130434782606
SERC_054,2008,497.39130434782606
SERC_059,2008,459.67391304347825
SERC_046,2008,472.30434782608694
SERC_053,2008,497.39130434782606
SERC_044,2008,472.30434782608694
SERC_047,2008,476.89130434782606
SERC_049,2008,476.89130434782606
SERC_057,2008,476.89130434782606
SERC_056,2008,476.89130434782606
SERC_007,2008,643.4130434782609
SERC_018,2008,574.4782608695652
SERC_009,2008,504.6304347826087
SERC_008,2008,574.5652173913044
SERC_011,2008,493.4347826086956
SERC_003,2008,482.54347826086956
SERC_006,2008,390.82608695652175
SERC_001,2008,455.2173913043478
SERC_017,2008,511.32608695652175
SERC_019,2008,472.4782608695652
SERC_010,2008,570.4347826086956
SERC_014,2008,328.3478260869565
SERC_012,2008,500.54347826086956
SERC_016,2008,482.45652173913044
SERC_022,2008,461.2826086956522
SERC_004,2008,472.4782608695652
SERC_021,2008,505.0
SERC_013,2008,440.6304347826087
SERC_005,2008,489.80434782608694
SERC_002,2008,485.5217391304348
SERC_067,2008,507.67391304347825
SERC_073,2008,472.7173913043478
SOAP_059,2008,415.82608695652175
SOAP_057,2008,415.82608695652175
SOAP_051,2008,415.82608695652175
SOAP_048,2008,415.82608695652175
SOAP_058,2008,424.5652173913044
SOAP_043,2008,423.95652173913044
SOAP_050,2008,423.95652173913044
SOAP_044,2008,407.4347826086956
SOAP_052,2008,406.7173913043478
SOAP_046,2008,407.4347826086956
SOAP_060,2008,406.7173913043478
SOAP_055,2008,423.95652173913044
SOAP_054,2008,425.19565217391306
SOAP_047,2008,425.19565217391306
SOAP_031,2008,424.2391304347826
SOAP_049,2008,424.2391304347826
SOAP_056,2008,424.2391304347826
SOAP_053,2008,425.19565217391306
SOAP_045,2008,448.8478260869565
SOAP_061,2008,415.82608695652175
SOAP_002,2008,343.4782608695652
SOAP_010,2008,415.82608695652175
SOAP_006,2008,334.0
SOAP_013,2008,343.4782608695652
SOAP_012,2008,379.5
SOAP_004,2008,415.82608695652175
SOAP_003,2008,435.17391304347825
SOAP_016,2008,430.45652173913044
SOAP_007,2008,440.2608695652174
SOAP_020,2008,425.19565217391306
SOAP_009,2008,487.9347826086956
SOAP_008,2008,379.5
SOAP_021,2008,453.4347826086956
SOAP_018,2008,441.3478260869565
SOAP_019,2008,441.3478260869565
SOAP_017,2008,436.4782608695652
SOAP_015,2008,412.60869565217394
SOAP_001,2008,437.0
SOAP_011,2008,424.5652173913044
SOAP_022,2008,412.60869565217394
SOAP_024,2008,334.0
STEI_058,2008,491.6521739130435
STEI_051,2008,491.6521739130435
STEI_056,2008,495.1521739130435
STEI_046,2008,495.1521739130435
STEI_061,2008,495.1521739130435
STEI_062,2008,495.1521739130435
STEI_052,2008,495.1521739130435
STEI_055,2008,491.6521739130435
STEI_047,2008,495.1521739130435
STEI_053,2008,495.1521739130435
STEI_048,2008,519.8695652173913
STEI_060,2008,495.1521739130435
STEI_054,2008,519.8695652173913
STEI_049,2008,495.1521739130435
STEI_057,2008,495.1521739130435
STEI_050,2008,519.8695652173913
STEI_059,2008,519.8695652173913
STEI_005,2008,358.9782608695652
STEI_009,2008,370.7391304347826
STEI_012,2008,378.2826086956522
STEI_017,2008,497.19565217391306
STEI_019,2008,363.8478260869565
STEI_003,2008,374.45652173913044
STEI_007,2008,375.0652173913044
STEI_002,2008,366.3478260869565
STEI_011,2008,363.0
STEI_010,2008,365.5869565217391
STEI_008,2008,378.04347826086956
STEI_015,2008,373.2391304347826
STEI_016,2008,516.0434782608696
STEI_004,2008,365.69565217391306
STEI_013,2008,373.2608695652174
STEI_001,2008,381.5
STEI_021,2008,467.9347826086956
STEI_006,2008,368.95652173913044
STEI_014,2008,366.2391304347826
STEI_022,2008,395.6304347826087
STEI_023,2008,370.7173913043478
TALL_003,2008,691.195652173913
TALL_005,2008,640.1086956521739
TALL_009,2008,601.6521739130435
TALL_012,2008,716.3478260869565
TALL_004,2008,513.8260869565217
TALL_010,2008,725.5869565217391
TALL_007,2008,722.1739130434783
TALL_002,2008,718.7173913043479
TALL_022,2008,736.5434782608696
TALL_015,2008,721.5434782608696
TALL_016,2008,533.4782608695652
TALL_011,2008,730.2826086956521
TALL_018,2008,743.195652173913
TALL_006,2008,626.6086956521739
TALL_013,2008,628.9347826086956
TALL_001,2008,564.7608695652174
TALL_017,2008,718.1521739130435
TALL_020,2008,513.9782608695652
TALL_008,2008,718.8260869565217
TALL_043,2008,617.3695652173913
TALL_049,2008,617.3695652173913
TALL_046,2008,617.3695652173913
TALL_061,2008,579.4347826086956
TALL_052,2008,579.4782608695652
TALL_050,2008,733.7826086956521
TALL_051,2008,579.4347826086956
TALL_057,2008,579.4347826086956
TALL_060,2008,733.7826086956521
TALL_055,2008,579.4347826086956
TALL_058,2008,579.4782608695652
TALL_045,2008,733.7826086956521
TALL_059,2008,579.4782608695652
TALL_054,2008,579.4347826086956
TALL_056,2008,579.4782608695652
TALL_044,2008,733.7826086956521
TALL_047,2008,733.7826086956521
TALL_048,2008,617.3695652173913
TALL_042,2008,617.3695652173913
TALL_053,2008,579.4782608695652
TALL_064,2008,709.1086956521739
TALL_025,2008,640.1304347826087
TEAK_045,2008,298.7608695652174
TEAK_054,2008,298.7608695652174
TEAK_048,2008,298.7608695652174
TEAK_061,2008,298.7608695652174
TEAK_059,2008,298.7608695652174
TEAK_049,2008,298.7173913043478
TEAK_060,2008,298.7173913043478
TEAK_055,2008,298.7173913043478
TEAK_062,2008,349.39130434782606
TEAK_056,2008,351.0652173913044
TEAK_044,2008,351.0652173913044
TEAK_057,2008,351.10869565217394
TEAK_053,2008,351.0652173913044
TEAK_047,2008,351.0652173913044
TEAK_051,2008,351.10869565217394
TEAK_046,2008,335.7826086956522
TEAK_058,2008,298.7173913043478
TEAK_043,2008,349.39130434782606
TEAK_052,2008,335.82608695652175
TEAK_050,2008,333.04347826086956
TEAK_001,2008,425.7173913043478
TEAK_002,2008,350.89130434782606
TEAK_003,2008,360.54347826086956
TEAK_004,2008,309.3695652173913
TEAK_006,2008,330.6521739130435
TEAK_025,2008,272.6304347826087
TEAK_005,2008,142.6304347826087
TEAK_011,2008,362.3478260869565
TEAK_007,2008,330.39130434782606
TEAK_014,2008,390.54347826086956
TEAK_010,2008,385.39130434782606
TEAK_012,2008,360.54347826086956
TEAK_017,2008,296.9130434782609
TEAK_013,2008,296.9130434782609
TEAK_019,2008,419.0652173913044
TEAK_020,2008,330.1521739130435
TEAK_016,2008,276.4782608695652
TEAK_015,2008,318.3695652173913
TEAK_024,2008,262.5
TEAK_018,2008,342.5869565217391
TREE_042,2008,365.17391304347825
TREE_053,2008,374.0869565217391
TREE_049,2008,374.0869565217391
TREE_046,2008,374.0869565217391
TREE_055,2008,374.0217391304348
TREE_056,2008,374.0869565217391
TREE_050,2008,519.6086956521739
TREE_054,2008,519.6086956521739
TREE_052,2008,374.0869565217391
TREE_051,2008,374.0217391304348
TREE_057,2008,370.9130434782609
TREE_025,2008,370.9130434782609
TREE_043,2008,370.9347826086956
TREE_044,2008,370.9347826086956
TREE_048,2008,485.5652173913044
TREE_047,2008,370.7826086956522
TREE_041,2008,384.8478260869565
TREE_040,2008,370.7826086956522
TREE_039,2008,370.9130434782609
TREE_045,2008,370.9130434782609
TREE_017,2008,370.9347826086956
TREE_019,2008,384.2391304347826
TREE_010,2008,375.1521739130435
TREE_016,2008,369.7173913043478
TREE_001,2008,370.5869565217391
TREE_014,2008,370.5869565217391
TREE_009,2008,483.0652173913044
TREE_060,2008,490.2608695652174
TREE_012,2008,384.2391304347826
TREE_005,2008,394.7826086956522
TREE_011,2008,363.7826086956522
TREE_018,2008,375.10869565217394
TREE_003,2008,514.9782608695652
TREE_007,2008,363.7826086956522
TREE_008,2008,484.80434782608694
TREE_006,2008,369.7826086956522
TREE_004,2008,484.80434782608694
TREE_002,2008,375.10869565217394
TREE_015,2008,399.7608695652174
TREE_023,2008,399.82608695652175
TREE_062,2008,483.0652173913044
TREE_064,2008,369.7173913043478
TREE_022,2008,369.7826086956522
TREE_063,2008,385.8478260869565
UNDE_048,2008,346.4130434782609
UNDE_038,2008,361.60869565217394
UNDE_037,2008,334.5
UNDE_045,2008,346.4130434782609
UNDE_058,2008,368.8478260869565
UNDE_052,2008,346.4130434782609
UNDE_047,2008,365.04347826086956
UNDE_054,2008,368.8478260869565
UNDE_057,2008,346.4130434782609
UNDE_050,2008,368.8478260869565
UNDE_055,2008,368.8478260869565
UNDE_059,2008,358.17391304347825
UNDE_065,2008,357.4782608695652
UNDE_043,2008,346.4130434782609
UNDE_044,2008,358.17391304347825
UNDE_049,2008,368.8478260869565
UNDE_056,2008,346.4130434782609
UNDE_078,2008,361.60869565217394
UNDE_061,2008,361.60869565217394
UNDE_060,2008,368.8478260869565
UNDE_014,2008,346.8695652173913
UNDE_013,2008,368.8478260869565
UNDE_002,2008,347.9130434782609
UNDE_001,2008,372.2391304347826
UNDE_003,2008,340.69565217391306
UNDE_010,2008,351.32608695652175
UNDE_006,2008,333.82608695652175
UNDE_011,2008,382.5217391304348
UNDE_007,2008,360.6521739130435
UNDE_012,2008,346.9347826086956
UNDE_008,2008,333.82608695652175
UNDE_016,2008,346.6304347826087
UNDE_020,2008,306.3478260869565
UNDE_021,2008,295.9130434782609
UNDE_022,2008,359.9782608695652
UNDE_018,2008,356.0
UNDE_019,2008,360.0
UNDE_023,2008,356.8695652173913
UNDE_015,2008,356.8695652173913
UNDE_027,2008,364.80434782608694
WREF_089,2008,437.3478260869565
WREF_082,2008,555.3260869565217
WREF_077,2008,547.0217391304348
WREF_083,2008,437.3478260869565
WREF_086,2008,420.1304347826087
WREF_081,2008,420.2608695652174
WREF_076,2008,474.7391304347826
WREF_070,2008,547.0217391304348
WREF_074,2008,555.3260869565217
WREF_072,2008,533.2826086956521
WREF_080,2008,517.7391304347826
WREF_073,2008,517.7391304347826
WREF_079,2008,517.7391304347826
WREF_085,2008,555.0652173913044
WREF_084,2008,555.0652173913044
WREF_078,2008,540.1304347826087
WREF_088,2008,555.3260869565217
WREF_087,2008,555.0652173913044
WREF_075,2008,547.0217391304348
WREF_071,2008,555.3260869565217
WREF_012,2008,532.4130434782609
WREF_016,2008,621.9565217391304
WREF_015,2008,536.4782608695652
WREF_013,2008,525.6086956521739
WREF_001,2008,472.60869565217394
WREF_003,2008,536.195652173913
WREF_018,2008,535.1304347826087
WREF_020,2008,612.1304347826087
WREF_002,2008,585.9347826086956
WREF_019,2008,511.8695652173913
WREF_010,2008,603.8260869565217
WREF_007,2008,524.9347826086956
WREF_008,2008,572.4130434782609
WREF_006,2008,497.3478260869565
WREF_005,2008,460.39130434782606
WREF_014,2008,472.67391304347825
WREF_009,2008,555.7826086956521
WREF_011,2008,560.3478260869565
WREF_004,2008,539.6086956521739
WREF_017,2008,540.0
DELA_013,2008,469.82608695652175
DELA_003,2008,657.3260869565217
DELA_005,2008,330.5869565217391
DELA_011,2008,413.8695652173913
DELA_004,2008,516.7826086956521
DELA_018,2008,490.0
DELA_014,2008,507.3695652173913
DELA_015,2008,516.7826086956521
DELA_012,2008,507.3695652173913
DELA_010,2008,490.0
DELA_016,2008,501.82608695652175
DELA_001,2008,512.8260869565217
DELA_019,2008,501.8478260869565
DELA_017,2008,501.82608695652175
DELA_009,2008,657.3260869565217
DELA_002,2008,507.3695652173913
DELA_007,2008,490.0
DELA_020,2008,517.8695652173913
DELA_006,2008,501.8478260869565
DELA_008,2008,469.82608695652175
DELA_046,2008,517.8695652173913
DELA_053,2008,517.8695652173913
DELA_051,2008,518.1304347826087
DELA_043,2008,518.1304347826087
DELA_040,2008,517.8695652173913
DELA_052,2008,518.1304347826087
DELA_041,2008,518.1304347826087
DELA_044,2008,518.1304347826087
DELA_039,2008,494.69565217391306
DELA_054,2008,517.8695652173913
DELA_045,2008,517.8695652173913
DELA_042,2008,727.1521739130435
DELA_055,2008,494.69565217391306
DELA_037,2008,517.8695652173913
DELA_050,2008,517.8695652173913
DELA_056,2008,517.8695652173913
DELA_047,2008,490.0
DELA_048,2008,490.0
DELA_049,2008,727.1521739130435
DELA_038,2008,494.69565217391306
DELA_023,2008,469.82608695652175
DELA_022,2008,469.82608695652175
DELA_021,2008,387.8478260869565
DELA_059,2008,727.1521739130435
LENO_061,2008,702.5652173913044
LENO_065,2008,702.5652173913044
LENO_062,2008,702.5652173913044
LENO_068,2008,649.1086956521739
LENO_067,2008,649.1086956521739
LENO_064,2008,702.5652173913044
LENO_063,2008,649.1086956521739
LENO_066,2008,532.195652173913
LENO_069,2008,532.195652173913
LENO_070,2008,532.195652173913
LENO_003,2008,539.4565217391304
LENO_002,2008,558.7826086956521
LENO_014,2008,557.2173913043479
LENO_011,2008,513.3260869565217
LENO_005,2008,508.7826086956522
LENO_015,2008,660.9565217391304
LENO_010,2008,544.3260869565217
LENO_012,2008,649.804347826087
LENO_009,2008,533.0652173913044
LENO_018,2008,663.2826086956521
LENO_006,2008,545.4782608695652
LENO_013,2008,534.4782608695652
LENO_007,2008,557.1739130434783
LENO_008,2008,660.9565217391304
LENO_022,2008,555.0217391304348
LENO_001,2008,480.4782608695652
LENO_016,2008,545.4782608695652
LENO_021,2008,706.5217391304348
LENO_017,2008,664.1739130434783
LENO_004,2008,520.804347826087
LENO_019,2008,534.6304347826087
UKFS_032,2008,370.7173913043478
UKFS_057,2008,370.69565217391306
UKFS_051,2008,370.69565217391306
UKFS_047,2008,416.3478260869565
UKFS_055,2008,370.7173913043478
UKFS_058,2008,416.3478260869565
UKFS_060,2008,370.7173913043478
UKFS_056,2008,425.2826086956522
UKFS_054,2008,415.95652173913044
UKFS_050,2008,423.5869565217391
UKFS_046,2008,423.5869565217391
UKFS_045,2008,416.3478260869565
UKFS_043,2008,423.60869565217394
UKFS_052,2008,416.3478260869565
UKFS_059,2008,423.60869565217394
UKFS_048,2008,423.60869565217394
UKFS_049,2008,425.2826086956522
UKFS_031,2008,416.3478260869565
UKFS_044,2008,425.2826086956522
UKFS_053,2008,425.2826086956522
UKFS_007,2008,270.0217391304348
UKFS_005,2008,421.04347826086956
UKFS_004,2008,386.3695652173913
UKFS_009,2008,225.34782608695653
UKFS_006,2008,423.5869565217391
UKFS_012,2008,246.2826086956522
UKFS_002,2008,256.9347826086956
UKFS_010,2008,304.95652173913044
UKFS_003,2008,304.95652173913044
UKFS_001,2008,416.3478260869565
UKFS_011,2008,415.95652173913044
UKFS_008,2008,415.95652173913044
UKFS_017,2008,246.2826086956522
UKFS_019,2008,396.32608695652175
UKFS_016,2008,372.4782608695652
UKFS_018,2008,304.95652173913044
UKFS_014,2008,416.3478260869565
UKFS_015,2008,402.2391304347826
UKFS_013,2008,356.80434782608694
UKFS_025,2008,306.8695652173913
YELL_002,2008,178.06521739130434
YELL_016,2008,121.3695652173913
YELL_013,2008,137.02173913043478
YELL_006,2008,120.28260869565217
YELL_020,2008,215.47826086956522
YELL_008,2008,138.2826086956522
YELL_014,2008,171.82608695652175
YELL_001,2008,142.15217391304347
YELL_011,2008,115.21739130434783
YELL_004,2008,125.3913043478261
YELL_003,2008,135.08695652173913
YELL_010,2008,136.2826086956522
YELL_005,2008,121.47826086956522
YELL_007,2008,163.2608695652174
YELL_018,2008,183.32608695652175
YELL_023,2008,167.8695652173913
YELL_012,2008,123.30434782608695
YELL_009,2008,141.6304347826087
YELL_021,2008,241.2608695652174
YELL_022,2008,138.80434782608697
YELL_047,2008,147.04347826086956
YELL_054,2008,147.04347826086956
YELL_058,2008,147.04347826086956
YELL_044,2008,147.04347826086956
YELL_052,2008,147.08695652173913
YELL_055,2008,147.08695652173913
YELL_062,2008,147.04347826086956
YELL_056,2008,152.67391304347825
YELL_048,2008,152.67391304347825
YELL_060,2008,161.84782608695653
YELL_051,2008,147.08695652173913
YELL_053,2008,156.8913043478261
YELL_045,2008,152.67391304347825
YELL_046,2008,147.08695652173913
YELL_061,2008,147.08695652173913
YELL_049,2008,156.8913043478261
YELL_059,2008,147.08695652173913
YELL_043,2008,156.8913043478261
YELL_050,2008,161.84782608695653
YELL_057,2008,161.84782608695653
YELL_015,2008,136.58695652173913
BONA_072,2008,222.19565217391303
BONA_079,2008,222.17391304347825
BONA_070,2008,179.45652173913044
BONA_075,2008,222.17391304347825
BONA_078,2008,222.17391304347825
BONA_076,2008,222.19565217391303
BONA_082,2008,269.7173913043478
BONA_071,2008,222.17391304347825
BONA_087,2008,222.19565217391303
BONA_084,2008,269.69565217391306
BONA_080,2008,179.45652173913044
BONA_086,2008,179.45652173913044
BONA_088,2008,222.17391304347825
BONA_089,2008,269.7173913043478
BONA_085,2008,179.5
BONA_083,2008,168.7173913043478
BONA_074,2008,168.7173913043478
BONA_081,2008,176.91304347826087
BONA_077,2008,176.91304347826087
BONA_073,2008,176.91304347826087
BONA_014,2008,249.93478260869566
BONA_011,2008,151.43478260869566
BONA_001,2008,228.15217391304347
BONA_018,2008,165.30434782608697
BONA_023,2008,145.15217391304347
BONA_009,2008,145.58695652173913
BONA_002,2008,274.5652173913044
BONA_012,2008,294.89130434782606
BONA_008,2008,314.17391304347825
BONA_093,2008,222.17391304347825
BONA_007,2008,235.15217391304347
BONA_005,2008,265.7608695652174
BONA_021,2008,175.41304347826087
BONA_026,2008,200.45652173913044
BONA_022,2008,184.47826086956522
BONA_010,2008,184.47826086956522
BONA_003,2008,130.2391304347826
BONA_004,2008,212.8695652173913
BONA_006,2008,181.41304347826087
BONA_016,2008,138.7826086956522
BONA_013,2008,190.1086956521739
DEJU_050,2008,130.7391304347826
DEJU_051,2008,156.84782608695653
DEJU_049,2008,138.8695652173913
DEJU_057,2008,173.2173913043478
DEJU_047,2008,138.8695652173913
DEJU_052,2008,138.8695652173913
DEJU_045,2008,138.84782608695653
DEJU_056,2008,138.84782608695653
DEJU_061,2008,138.84782608695653
DEJU_064,2008,130.7391304347826
DEJU_054,2008,137.52173913043478
DEJU_060,2008,148.67391304347825
DEJU_046,2008,148.67391304347825
DEJU_055,2008,148.67391304347825
DEJU_063,2008,156.84782608695653
DEJU_059,2008,130.7173913043478
DEJU_048,2008,141.69565217391303
DEJU_062,2008,141.69565217391303
DEJU_058,2008,156.84782608695653
DEJU_053,2008,130.7173913043478
DEJU_010,2008,115.26086956521739
DEJU_004,2008,58.93478260869565
DEJU_003,2008,85.43478260869566
DEJU_023,2008,125.71739130434783
DEJU_008,2008,97.47826086956522
DEJU_019,2008,138.6304347826087
DEJU_005,2008,141.69565217391303
DEJU_001,2008,117.58695652173913
DEJU_007,2008,120.17391304347827
DEJU_015,2008,168.7391304347826
DEJU_017,2008,139.6304347826087
DEJU_014,2008,136.2826086956522
DEJU_006,2008,131.2608695652174
DEJU_021,2008,144.43478260869566
DEJU_002,2008,113.71739130434783
DEJU_024,2008,117.93478260869566
DEJU_016,2008,158.15217391304347
DEJU_009,2008,174.97826086956522
DEJU_018,2008,131.2608695652174
DEJU_020,2008,132.52173913043478
HEAL_072,2008,247.84782608695653
HEAL_063,2008,245.1086956521739
HEAL_070,2008,258.4347826086956
HEAL_060,2008,258.45652173913044
HEAL_071,2008,258.45652173913044
HEAL_050,2008,258.45652173913044
HEAL_067,2008,258.4347826086956
HEAL_068,2008,260.2608695652174
HEAL_064,2008,259.0869565217391
HEAL_062,2008,258.45652173913044
HEAL_061,2008,258.4347826086956
HEAL_073,2008,258.4347826086956
HEAL_052,2008,258.4347826086956
HEAL_066,2008,254.54347826086956
HEAL_058,2008,258.4347826086956
HEAL_069,2008,254.54347826086956
HEAL_048,2008,245.1086956521739
HEAL_054,2008,260.2608695652174
HEAL_053,2008,254.54347826086956
HEAL_074,2008,254.54347826086956
HEAL_056,2008,254.54347826086956
HEAL_051,2008,254.54347826086956
HEAL_065,2008,254.54347826086956
HEAL_057,2008,247.82608695652175
HEAL_046,2008,254.54347826086956
HEAL_059,2008,254.54347826086956
HEAL_055,2008,254.54347826086956
HEAL_047,2008,254.54347826086956
HEAL_010,2008,250.43478260869566
HEAL_002,2008,234.32608695652175
HEAL_003,2008,259.30434782608694
HEAL_014,2008,255.19565217391303
HEAL_022,2008,275.19565217391306
HEAL_023,2008,247.43478260869566
HEAL_021,2008,251.32608695652175
HEAL_001,2008,264.4782608695652
HEAL_016,2008,260.2608695652174
HEAL_020,2008,243.32608695652175
HEAL_006,2008,234.30434782608697
HEAL_019,2008,251.82608695652175
HEAL_011,2008,253.15217391304347
HEAL_025,2008,229.30434782608697
HEAL_018,2008,216.17391304347825
HEAL_017,2008,144.58695652173913
HEAL_004,2008,245.43478260869566
HEAL_005,2008,267.0217391304348
HEAL_015,2008,258.0217391304348
HEAL_049,2008,258.4347826086956
HEAL_026,2008,250.7173913043478
HEAL_045,2008,247.84782608695653
HEAL_024,2008,234.06521739130434
ABBY_063,2009,433.3478260869565
ABBY_068,2009,433.3478260869565
ABBY_065,2009,473.32608695652175
ABBY_067,2009,433.3478260869565
ABBY_066,2009,433.3478260869565
ABBY_061,2009,433.3478260869565
ABBY_070,2009,433.3478260869565
ABBY_062,2009,433.32608695652175
ABBY_064,2009,433.3478260869565
ABBY_069,2009,433.32608695652175
ABBY_075,2009,460.2826086956522
ABBY_074,2009,433.32608695652175
ABBY_073,2009,433.32608695652175
ABBY_076,2009,433.3478260869565
ABBY_004,2009,480.1521739130435
ABBY_009,2009,480.1521739130435
ABBY_011,2009,504.04347826086956
ABBY_013,2009,450.3695652173913
ABBY_023,2009,494.60869565217394
ABBY_010,2009,532.0434782608696
ABBY_018,2009,586.6739130434783
ABBY_003,2009,440.0
ABBY_012,2009,561.3260869565217
ABBY_005,2009,557.0869565217391
ABBY_016,2009,443.3695652173913
ABBY_008,2009,567.1521739130435
ABBY_017,2009,523.7391304347826
ABBY_014,2009,533.5652173913044
ABBY_001,2009,512.3260869565217
ABBY_019,2009,428.7608695652174
ABBY_006,2009,453.5
ABBY_002,2009,515.6739130434783
ABBY_007,2009,549.6304347826087
ABBY_025,2009,542.0434782608696
ABBY_015,2009,479.67391304347825
ABBY_077,2009,552.4347826086956
BART_012,2009,412.7608695652174
BART_001,2009,416.82608695652175
BART_005,2009,467.5217391304348
BART_044,2009,415.7391304347826
BART_037,2009,415.7391304347826
BART_073,2009,413.5652173913044
BART_074,2009,415.7391304347826
BART_075,2009,429.54347826086956
BART_042,2009,429.54347826086956
BART_072,2009,429.54347826086956
BART_046,2009,415.7391304347826
BART_036,2009,429.54347826086956
BART_051,2009,413.5652173913044
BART_041,2009,420.5869565217391
BART_034,2009,420.5869565217391
BART_039,2009,413.5652173913044
BART_050,2009,429.54347826086956
BART_040,2009,413.4130434782609
BART_071,2009,441.19565217391306
BART_070,2009,420.5869565217391
BART_033,2009,420.5869565217391
BART_047,2009,413.4130434782609
BART_032,2009,441.4130434782609
BART_015,2009,419.45652173913044
BART_016,2009,458.1521739130435
BART_028,2009,423.2608695652174
BART_010,2009,438.0
BART_013,2009,404.10869565217394
BART_026,2009,430.8478260869565
BART_006,2009,416.69565217391306
BART_023,2009,438.0
BART_002,2009,407.69565217391306
BART_018,2009,422.54347826086956
BART_003,2009,435.39130434782606
BART_024,2009,438.0
BART_011,2009,424.82608695652175
BART_025,2009,430.8478260869565
BART_007,2009,424.82608695652175
BART_027,2009,443.10869565217394
BART_004,2009,412.67391304347825
BART_019,2009,441.4130434782609
BLAN_042,2009,386.2608695652174
BLAN_056,2009,386.2608695652174
BLAN_034,2009,281.0
BLAN_043,2009,386.2608695652174
BLAN_046,2009,377.7826086956522
BLAN_045,2009,386.2608695652174
BLAN_059,2009,377.7826086956522
BLAN_039,2009,386.2608695652174
BLAN_033,2009,386.2608695652174
BLAN_051,2009,386.2608695652174
BLAN_054,2009,386.2608695652174
BLAN_031,2009,281.0
BLAN_049,2009,281.0
BLAN_060,2009,386.2608695652174
BLAN_035,2009,377.7826086956522
BLAN_038,2009,386.2608695652174
BLAN_040,2009,386.2608695652174
BLAN_037,2009,281.0
BLAN_044,2009,281.0
BLAN_050,2009,406.69565217391306
BLAN_052,2009,281.0
BLAN_048,2009,406.69565217391306
BLAN_055,2009,281.0
BLAN_057,2009,377.7826086956522
BLAN_032,2009,377.7826086956522
BLAN_036,2009,406.69565217391306
BLAN_047,2009,406.69565217391306
BLAN_063,2009,406.69565217391306
BLAN_005,2009,385.54347826086956
BLAN_017,2009,385.54347826086956
BLAN_011,2009,587.2826086956521
BLAN_068,2009,401.39130434782606
BLAN_016,2009,401.39130434782606
BLAN_001,2009,419.9130434782609
BLAN_008,2009,368.7173913043478
BLAN_003,2009,386.32608695652175
BLAN_018,2009,376.0652173913044
BLAN_004,2009,401.39130434782606
BLAN_014,2009,401.45652173913044
BLAN_020,2009,488.19565217391306
BLAN_006,2009,376.0652173913044
BLAN_007,2009,368.7173913043478
BLAN_010,2009,401.39130434782606
BLAN_012,2009,376.0652173913044
BLAN_013,2009,390.6521739130435
BLAN_015,2009,414.0217391304348
BLAN_009,2009,419.9130434782609
BLAN_053,2009,377.7826086956522
BLAN_041,2009,406.69565217391306
BLAN_064,2009,281.0
BLAN_019,2009,401.4347826086956
GRSM_057,2009,508.4130434782609
GRSM_048,2009,508.4130434782609
GRSM_059,2009,513.8695652173913
GRSM_054,2009,512.9782608695652
GRSM_049,2009,498.5869565217391
GRSM_066,2009,508.4130434782609
GRSM_065,2009,504.5
GRSM_047,2009,513.8695652173913
GRSM_063,2009,511.10869565217394
GRSM_053,2009,511.10869565217394
GRSM_062,2009,512.9782608695652
GRSM_060,2009,513.8695652173913
GRSM_050,2009,511.5869565217391
GRSM_051,2009,513.8695652173913
GRSM_064,2009,513.8695652173913
GRSM_002,2009,531.9565217391304
GRSM_025,2009,481.2608695652174
GRSM_016,2009,397.5652173913044
GRSM_017,2009,497.0217391304348
GRSM_004,2009,523.2826086956521
GRSM_001,2009,520.7608695652174
GRSM_012,2009,460.4782608695652
GRSM_008,2009,494.5869565217391
GRSM_003,2009,486.04347826086956
GRSM_019,2009,514.5
GRSM_006,2009,514.5
GRSM_013,2009,517.804347826087
GRSM_015,2009,514.4565217391304
GRSM_014,2009,502.3695652173913
GRSM_010,2009,507.5217391304348
GRSM_005,2009,491.0
GRSM_011,2009,515.1521739130435
GRSM_007,2009,520.804347826087
GRSM_009,2009,479.5217391304348
GRSM_055,2009,511.10869565217394
GRSM_018,2009,523.7391304347826
GRSM_061,2009,513.8695652173913
GRSM_056,2009,513.8695652173913
GRSM_058,2009,504.5
GRSM_052,2009,512.9782608695652
HARV_013,2009,480.2826086956522
HARV_022,2009,462.4782608695652
HARV_008,2009,460.7173913043478
HARV_004,2009,479.30434782608694
HARV_024,2009,444.4347826086956
HARV_010,2009,0.0
HARV_006,2009,446.95652173913044
HARV_001,2009,437.3478260869565
HARV_005,2009,391.60869565217394
HARV_027,2009,434.0
HARV_043,2009,463.9782608695652
HARV_035,2009,463.9782608695652
HARV_037,2009,472.89130434782606
HARV_020,2009,465.1304347826087
HARV_023,2009,467.0869565217391
HARV_014,2009,473.45652173913044
HARV_011,2009,456.8478260869565
HARV_025,2009,464.4130434782609
HARV_002,2009,471.9782608695652
HARV_012,2009,480.4347826086956
HARV_026,2009,454.2608695652174
HARV_016,2009,460.2173913043478
HARV_039,2009,465.6304347826087
HARV_021,2009,460.7173913043478
HARV_045,2009,441.8695652173913
HARV_041,2009,472.8478260869565
HARV_038,2009,472.89130434782606
HARV_050,2009,472.89130434782606
HARV_048,2009,463.9782608695652
HARV_036,2009,441.8695652173913
HARV_052,2009,463.9782608695652
HARV_049,2009,465.5652173913044
HARV_047,2009,472.89130434782606
HARV_044,2009,472.89130434782606
HARV_040,2009,463.9782608695652
HARV_046,2009,472.8478260869565
HARV_033,2009,472.89130434782606
HARV_051,2009,465.6304347826087
HARV_034,2009,472.89130434782606
HARV_042,2009,465.6304347826087
HARV_015,2009,472.8478260869565
HARV_017,2009,466.54347826086956
JERC_002,2009,501.0869565217391
JERC_015,2009,553.3478260869565
JERC_007,2009,564.2173913043479
JERC_001,2009,560.4565217391304
JERC_010,2009,541.1739130434783
JERC_009,2009,537.6086956521739
JERC_029,2009,521.1739130434783
JERC_021,2009,534.1304347826087
JERC_011,2009,521.1739130434783
JERC_040,2009,501.7608695652174
JERC_035,2009,498.04347826086956
JERC_033,2009,553.3695652173913
JERC_019,2009,550.195652173913
JERC_030,2009,588.6086956521739
JERC_034,2009,452.0869565217391
JERC_036,2009,588.2173913043479
JERC_028,2009,281.10869565217394
JERC_044,2009,530.6739130434783
JERC_016,2009,588.2173913043479
JERC_038,2009,541.4565217391304
JERC_006,2009,467.5
JERC_041,2009,620.5217391304348
JERC_031,2009,539.2173913043479
JERC_042,2009,541.1739130434783
JERC_008,2009,535.7826086956521
JERC_005,2009,535.7826086956521
JERC_003,2009,560.4565217391304
JERC_022,2009,503.2173913043478
JERC_013,2009,559.2826086956521
JERC_066,2009,501.0869565217391
JERC_065,2009,539.2173913043479
JERC_054,2009,532.695652173913
JERC_051,2009,539.2173913043479
JERC_062,2009,501.1521739130435
JERC_047,2009,501.1521739130435
JERC_057,2009,539.2826086956521
JERC_060,2009,539.2173913043479
JERC_064,2009,539.2173913043479
JERC_050,2009,501.1521739130435
JERC_053,2009,501.0869565217391
JERC_049,2009,501.1521739130435
JERC_061,2009,501.1521739130435
JERC_058,2009,501.0869565217391
JERC_048,2009,501.0869565217391
JERC_063,2009,501.0869565217391
JERC_052,2009,501.1521739130435
JERC_059,2009,501.0869565217391
JERC_056,2009,501.1521739130435
JERC_055,2009,501.1521739130435
JERC_004,2009,569.4130434782609
JERC_014,2009,484.2826086956522
JERC_012,2009,537.3913043478261
MLBS_076,2009,456.30434782608694
MLBS_061,2009,443.0217391304348
MLBS_064,2009,443.0217391304348
MLBS_075,2009,454.32608695652175
MLBS_065,2009,454.32608695652175
MLBS_062,2009,454.2608695652174
MLBS_069,2009,456.30434782608694
MLBS_063,2009,456.2391304347826
MLBS_073,2009,456.2391304347826
MLBS_074,2009,456.30434782608694
MLBS_066,2009,456.2391304347826
MLBS_067,2009,456.2391304347826
MLBS_071,2009,456.30434782608694
MLBS_072,2009,456.2391304347826
MLBS_070,2009,456.2391304347826
MLBS_068,2009,456.2391304347826
MLBS_009,2009,443.0217391304348
MLBS_010,2009,452.6304347826087
MLBS_005,2009,428.32608695652175
MLBS_003,2009,452.6304347826087
MLBS_019,2009,462.0652173913044
MLBS_016,2009,482.0869565217391
MLBS_015,2009,456.2173913043478
MLBS_014,2009,450.4347826086956
MLBS_001,2009,401.45652173913044
MLBS_017,2009,401.45652173913044
MLBS_011,2009,420.0217391304348
MLBS_012,2009,420.0217391304348
MLBS_002,2009,454.32608695652175
MLBS_004,2009,458.60869565217394
MLBS_018,2009,470.5652173913044
MLBS_008,2009,472.80434782608694
MLBS_007,2009,472.95652173913044
MLBS_006,2009,463.10869565217394
MLBS_020,2009,459.6521739130435
MLBS_013,2009,474.0
ORNL_002,2009,516.6739130434783
ORNL_003,2009,489.5
ORNL_009,2009,549.695652173913
ORNL_021,2009,438.8478260869565
ORNL_031,2009,371.82608695652175
ORNL_033,2009,451.1521739130435
ORNL_066,2009,602.8695652173913
ORNL_044,2009,602.8695652173913
ORNL_012,2009,0.0
ORNL_004,2009,453.95652173913044
ORNL_001,2009,377.0869565217391
ORNL_027,2009,460.9347826086956
ORNL_014,2009,488.95652173913044
ORNL_029,2009,485.4347826086956
ORNL_007,2009,496.9347826086956
ORNL_006,2009,489.0652173913044
ORNL_008,2009,500.0869565217391
ORNL_035,2009,519.7608695652174
ORNL_010,2009,488.60869565217394
ORNL_032,2009,490.2826086956522
ORNL_055,2009,499.9782608695652
ORNL_062,2009,499.9782608695652
ORNL_063,2009,492.04347826086956
ORNL_049,2009,492.04347826086956
ORNL_052,2009,499.9782608695652
ORNL_059,2009,477.7826086956522
ORNL_036,2009,487.3695652173913
ORNL_053,2009,477.7826086956522
ORNL_046,2009,477.7826086956522
ORNL_043,2009,494.6521739130435
ORNL_058,2009,494.6521739130435
ORNL_060,2009,494.6521739130435
ORNL_056,2009,499.9782608695652
ORNL_037,2009,499.9782608695652
ORNL_057,2009,487.3695652173913
ORNL_051,2009,499.9782608695652
ORNL_061,2009,477.7826086956522
ORNL_054,2009,487.3695652173913
ORNL_045,2009,487.3695652173913
ORNL_050,2009,487.3695652173913
ORNL_017,2009,484.0
ORNL_068,2009,442.89130434782606
ORNL_019,2009,499.4130434782609
ORNL_018,2009,373.95652173913044
ORNL_067,2009,487.5217391304348
ORNL_015,2009,489.5217391304348
OSBS_002,2009,549.2391304347826
OSBS_006,2009,476.0869565217391
OSBS_048,2009,505.17391304347825
OSBS_001,2009,670.9347826086956
OSBS_018,2009,477.0652173913044
OSBS_011,2009,484.6521739130435
OSBS_014,2009,515.1739130434783
OSBS_004,2009,516.1086956521739
OSBS_020,2009,451.2826086956522
OSBS_023,2009,484.6521739130435
OSBS_049,2009,523.3913043478261
OSBS_003,2009,490.0652173913044
OSBS_012,2009,400.32608695652175
OSBS_013,2009,516.1086956521739
OSBS_024,2009,484.6521739130435
OSBS_016,2009,555.8913043478261
OSBS_008,2009,497.04347826086956
OSBS_010,2009,603.6739130434783
OSBS_051,2009,456.8695652173913
OSBS_050,2009,483.3478260869565
OSBS_007,2009,466.45652173913044
OSBS_005,2009,608.4565217391304
OSBS_017,2009,579.695652173913
OSBS_043,2009,477.10869565217394
OSBS_022,2009,515.1739130434783
OSBS_039,2009,470.8478260869565
OSBS_036,2009,470.8478260869565
OSBS_029,2009,470.8478260869565
OSBS_040,2009,470.54347826086956
OSBS_015,2009,684.7826086956521
OSBS_025,2009,467.4347826086956
OSBS_030,2009,467.4347826086956
OSBS_038,2009,467.4347826086956
OSBS_042,2009,467.4347826086956
OSBS_035,2009,432.8478260869565
OSBS_037,2009,432.8478260869565
OSBS_028,2009,432.8478260869565
OSBS_021,2009,551.695652173913
OSBS_041,2009,432.8478260869565
OSBS_009,2009,614.4782608695652
OSBS_031,2009,470.54347826086956
OSBS_033,2009,470.8478260869565
OSBS_032,2009,470.8478260869565
OSBS_044,2009,470.8478260869565
OSBS_027,2009,470.8478260869565
OSBS_034,2009,470.5217391304348
OSBS_026,2009,470.8478260869565
OSBS_063,2009,498.04347826086956
OSBS_067,2009,428.89130434782606
OSBS_066,2009,684.7826086956521
OSBS_068,2009,470.69565217391306
OSBS_070,2009,470.54347826086956
OSBS_073,2009,550.9782608695652
RMNP_043,2009,176.7826086956522
RMNP_042,2009,176.7826086956522
RMNP_041,2009,289.2608695652174
RMNP_048,2009,176.7826086956522
RMNP_049,2009,176.7826086956522
RMNP_046,2009,176.7826086956522
RMNP_047,2009,176.7826086956522
RMNP_045,2009,176.7826086956522
RMNP_044,2009,176.7826086956522
RMNP_013,2009,250.41304347826087
RMNP_003,2009,292.80434782608694
RMNP_009,2009,292.80434782608694
RMNP_011,2009,163.2173913043478
RMNP_019,2009,284.2173913043478
RMNP_015,2009,306.82608695652175
RMNP_002,2009,306.4130434782609
RMNP_020,2009,306.82608695652175
RMNP_016,2009,304.8695652173913
RMNP_017,2009,266.80434782608694
RMNP_005,2009,332.89130434782606
RMNP_001,2009,334.8695652173913
RMNP_014,2009,353.4130434782609
RMNP_008,2009,321.82608695652175
RMNP_012,2009,364.1304347826087
RMNP_018,2009,354.2391304347826
RMNP_006,2009,316.4130434782609
RMNP_004,2009,295.4782608695652
RMNP_010,2009,320.0
RMNP_007,2009,320.0
SCBI_008,2009,442.7826086956522
SCBI_004,2009,438.5869565217391
SCBI_015,2009,431.6521739130435
SCBI_017,2009,432.60869565217394
SCBI_013,2009,445.4782608695652
SCBI_007,2009,445.7173913043478
SCBI_018,2009,426.4347826086956
SCBI_003,2009,447.1521739130435
SCBI_011,2009,444.6304347826087
SCBI_016,2009,445.69565217391306
SCBI_002,2009,444.4130434782609
SCBI_010,2009,438.82608695652175
SCBI_014,2009,461.0652173913044
SCBI_005,2009,460.9347826086956
SCBI_056,2009,429.8478260869565
SCBI_045,2009,445.8695652173913
SCBI_053,2009,429.8478260869565
SCBI_061,2009,429.8478260869565
SCBI_050,2009,429.8478260869565
SCBI_057,2009,429.8478260869565
SCBI_062,2009,444.2173913043478
SCBI_047,2009,444.2173913043478
SCBI_067,2009,444.2173913043478
SCBI_066,2009,444.2173913043478
SCBI_064,2009,445.8695652173913
SCBI_052,2009,445.8695652173913
SCBI_054,2009,445.8695652173913
SCBI_046,2009,444.4130434782609
SCBI_049,2009,444.2173913043478
SCBI_063,2009,444.2173913043478
SCBI_055,2009,429.8478260869565
SCBI_048,2009,444.2173913043478
SCBI_051,2009,429.8478260869565
SCBI_058,2009,445.8695652173913
SCBI_034,2009,345.9130434782609
SCBI_038,2009,420.7608695652174
SCBI_033,2009,345.9130434782609
SCBI_006,2009,445.0
SCBI_035,2009,420.7608695652174
SCBI_012,2009,406.82608695652175
SCBI_071,2009,438.82608695652175
SCBI_019,2009,461.0869565217391
SCBI_021,2009,445.0
SCBI_023,2009,431.6521739130435
SCBI_022,2009,441.9782608695652
SERC_062,2009,423.2391304347826
SERC_045,2009,423.2391304347826
SERC_051,2009,423.2391304347826
SERC_050,2009,464.54347826086956
SERC_052,2009,466.17391304347825
SERC_058,2009,473.8695652173913
SERC_043,2009,474.32608695652175
SERC_055,2009,480.4782608695652
SERC_048,2009,473.8695652173913
SERC_060,2009,473.8695652173913
SERC_061,2009,466.60869565217394
SERC_054,2009,466.60869565217394
SERC_059,2009,497.19565217391306
SERC_046,2009,470.10869565217394
SERC_053,2009,466.60869565217394
SERC_044,2009,470.10869565217394
SERC_047,2009,463.9782608695652
SERC_049,2009,463.9782608695652
SERC_057,2009,463.9782608695652
SERC_056,2009,463.9782608695652
SERC_007,2009,640.3695652173913
SERC_018,2009,611.6304347826087
SERC_009,2009,484.2608695652174
SERC_008,2009,611.695652173913
SERC_011,2009,481.4347826086956
SERC_003,2009,469.6304347826087
SERC_006,2009,393.17391304347825
SERC_001,2009,451.17391304347825
SERC_017,2009,574.1521739130435
SERC_019,2009,457.1304347826087
SERC_010,2009,571.6739130434783
SERC_014,2009,414.5217391304348
SERC_012,2009,462.60869565217394
SERC_016,2009,469.60869565217394
SERC_022,2009,444.54347826086956
SERC_004,2009,457.1304347826087
SERC_021,2009,474.32608695652175
SERC_013,2009,456.5217391304348
SERC_005,2009,493.4347826086956
SERC_002,2009,476.2173913043478
SERC_067,2009,476.9347826086956
SERC_073,2009,464.54347826086956
SOAP_059,2009,417.82608695652175
SOAP_057,2009,417.82608695652175
SOAP_051,2009,417.82608695652175
SOAP_048,2009,417.82608695652175
SOAP_058,2009,440.10869565217394
SOAP_043,2009,439.6521739130435
SOAP_050,2009,439.6521739130435
SOAP_044,2009,443.82608695652175
SOAP_052,2009,443.30434782608694
SOAP_046,2009,443.82608695652175
SOAP_060,2009,443.30434782608694
SOAP_055,2009,439.6521739130435
SOAP_054,2009,436.30434782608694
SOAP_047,2009,436.30434782608694
SOAP_031,2009,415.8478260869565
SOAP_049,2009,415.8478260869565
SOAP_056,2009,415.8478260869565
SOAP_053,2009,436.30434782608694
SOAP_045,2009,477.4782608695652
SOAP_061,2009,417.82608695652175
SOAP_002,2009,335.89130434782606
SOAP_010,2009,417.82608695652175
SOAP_006,2009,342.60869565217394
SOAP_013,2009,335.89130434782606
SOAP_012,2009,480.4130434782609
SOAP_004,2009,417.82608695652175
SOAP_003,2009,439.3695652173913
SOAP_016,2009,475.5217391304348
SOAP_007,2009,457.9782608695652
SOAP_020,2009,436.30434782608694
SOAP_009,2009,504.7173913043478
SOAP_008,2009,480.4130434782609
SOAP_021,2009,448.10869565217394
SOAP_018,2009,469.89130434782606
SOAP_019,2009,469.89130434782606
SOAP_017,2009,467.95652173913044
SOAP_015,2009,432.10869565217394
SOAP_001,2009,453.04347826086956
SOAP_011,2009,440.10869565217394
SOAP_022,2009,432.10869565217394
SOAP_024,2009,342.60869565217394
STEI_058,2009,491.5869565217391
STEI_051,2009,491.5869565217391
STEI_056,2009,505.69565217391306
STEI_046,2009,505.69565217391306
STEI_061,2009,505.69565217391306
STEI_062,2009,505.69565217391306
STEI_052,2009,505.69565217391306
STEI_055,2009,491.5869565217391
STEI_047,2009,505.69565217391306
STEI_053,2009,505.69565217391306
STEI_048,2009,526.0
STEI_060,2009,505.69565217391306
STEI_054,2009,526.0
STEI_049,2009,505.69565217391306
STEI_057,2009,505.69565217391306
STEI_050,2009,526.0
STEI_059,2009,526.0
STEI_005,2009,396.82608695652175
STEI_009,2009,391.1521739130435
STEI_012,2009,409.0
STEI_017,2009,537.3478260869565
STEI_019,2009,381.0652173913044
STEI_003,2009,413.2173913043478
STEI_007,2009,398.7608695652174
STEI_002,2009,374.0
STEI_011,2009,396.5652173913044
STEI_010,2009,376.1304347826087
STEI_008,2009,402.9782608695652
STEI_015,2009,407.4782608695652
STEI_016,2009,499.6521739130435
STEI_004,2009,377.1304347826087
STEI_013,2009,397.3695652173913
STEI_001,2009,406.5217391304348
STEI_021,2009,491.7173913043478
STEI_006,2009,389.2173913043478
STEI_014,2009,380.4782608695652
STEI_022,2009,409.54347826086956
STEI_023,2009,388.4347826086956
TALL_003,2009,645.7391304347826
TALL_005,2009,602.6739130434783
TALL_009,2009,547.0
TALL_012,2009,669.2391304347826
TALL_004,2009,495.3478260869565
TALL_010,2009,687.1304347826087
TALL_007,2009,693.304347826087
TALL_002,2009,684.8478260869565
TALL_022,2009,702.6739130434783
TALL_015,2009,685.0652173913044
TALL_016,2009,487.0652173913044
TALL_011,2009,696.3913043478261
TALL_018,2009,704.5434782608696
TALL_006,2009,581.0869565217391
TALL_013,2009,592.3478260869565
TALL_001,2009,526.5652173913044
TALL_017,2009,674.1086956521739
TALL_020,2009,495.04347826086956
TALL_008,2009,685.5652173913044
TALL_043,2009,617.4782608695652
TALL_049,2009,617.4782608695652
TALL_046,2009,617.4782608695652
TALL_061,2009,619.0
TALL_052,2009,618.7391304347826
TALL_050,2009,714.9782608695652
TALL_051,2009,619.0
TALL_057,2009,619.0
TALL_060,2009,714.9782608695652
TALL_055,2009,619.0
TALL_058,2009,618.7391304347826
TALL_045,2009,714.9782608695652
TALL_059,2009,618.7391304347826
TALL_054,2009,619.0
TALL_056,2009,618.7391304347826
TALL_044,2009,714.9782608695652
TALL_047,2009,714.9782608695652
TALL_048,2009,617.4782608695652
TALL_042,2009,617.4782608695652
TALL_053,2009,618.7391304347826
TALL_064,2009,688.7608695652174
TALL_025,2009,602.4130434782609
TEAK_045,2009,315.3478260869565
TEAK_054,2009,315.3478260869565
TEAK_048,2009,315.3478260869565
TEAK_061,2009,315.3478260869565
TEAK_059,2009,315.3478260869565
TEAK_049,2009,315.2826086956522
TEAK_060,2009,315.2826086956522
TEAK_055,2009,315.2826086956522
TEAK_062,2009,341.17391304347825
TEAK_056,2009,366.5
TEAK_044,2009,366.5
TEAK_057,2009,368.82608695652175
TEAK_053,2009,366.5
TEAK_047,2009,366.5
TEAK_051,2009,368.82608695652175
TEAK_046,2009,335.1304347826087
TEAK_058,2009,315.2826086956522
TEAK_043,2009,341.17391304347825
TEAK_052,2009,335.32608695652175
TEAK_050,2009,351.1521739130435
TEAK_001,2009,451.0652173913044
TEAK_002,2009,335.19565217391306
TEAK_003,2009,361.8478260869565
TEAK_004,2009,312.10869565217394
TEAK_006,2009,316.17391304347825
TEAK_025,2009,286.4130434782609
TEAK_005,2009,152.93478260869566
TEAK_011,2009,389.45652173913044
TEAK_007,2009,339.7826086956522
TEAK_014,2009,399.95652173913044
TEAK_010,2009,419.2391304347826
TEAK_012,2009,361.8478260869565
TEAK_017,2009,315.6521739130435
TEAK_013,2009,357.0
TEAK_019,2009,416.8478260869565
TEAK_020,2009,334.2391304347826
TEAK_016,2009,285.5217391304348
TEAK_015,2009,347.17391304347825
TEAK_024,2009,255.3695652173913
TEAK_018,2009,329.45652173913044
TREE_042,2009,388.7826086956522
TREE_053,2009,399.7391304347826
TREE_049,2009,399.7391304347826
TREE_046,2009,399.7391304347826
TREE_055,2009,399.6304347826087
TREE_056,2009,399.7391304347826
TREE_050,2009,511.10869565217394
TREE_054,2009,511.10869565217394
TREE_052,2009,399.7391304347826
TREE_051,2009,399.6304347826087
TREE_057,2009,388.0652173913044
TREE_025,2009,388.0652173913044
TREE_043,2009,388.1304347826087
TREE_044,2009,388.1304347826087
TREE_048,2009,500.4782608695652
TREE_047,2009,378.4782608695652
TREE_041,2009,384.82608695652175
TREE_040,2009,378.4782608695652
TREE_039,2009,388.0652173913044
TREE_045,2009,388.0652173913044
TREE_017,2009,388.1304347826087
TREE_019,2009,385.10869565217394
TREE_010,2009,390.3695652173913
TREE_016,2009,367.8695652173913
TREE_001,2009,485.54347826086956
TREE_014,2009,485.54347826086956
TREE_009,2009,500.3695652173913
TREE_060,2009,492.17391304347825
TREE_012,2009,385.10869565217394
TREE_005,2009,400.80434782608694
TREE_011,2009,490.67391304347825
TREE_018,2009,390.2608695652174
TREE_003,2009,509.32608695652175
TREE_007,2009,490.67391304347825
TREE_008,2009,455.32608695652175
TREE_006,2009,377.32608695652175
TREE_004,2009,455.32608695652175
TREE_002,2009,390.2608695652174
TREE_015,2009,404.17391304347825
TREE_023,2009,404.19565217391306
TREE_062,2009,500.3695652173913
TREE_064,2009,367.9130434782609
TREE_022,2009,377.32608695652175
TREE_063,2009,388.4130434782609
UNDE_048,2009,368.5217391304348
UNDE_038,2009,388.0
UNDE_037,2009,350.89130434782606
UNDE_045,2009,368.5217391304348
UNDE_058,2009,392.2173913043478
UNDE_052,2009,368.5217391304348
UNDE_047,2009,384.04347826086956
UNDE_054,2009,392.2173913043478
UNDE_057,2009,368.5217391304348
UNDE_050,2009,392.2173913043478
UNDE_055,2009,392.2173913043478
UNDE_059,2009,396.32608695652175
UNDE_065,2009,366.3478260869565
UNDE_043,2009,368.5217391304348
UNDE_044,2009,396.32608695652175
UNDE_049,2009,392.2173913043478
UNDE_056,2009,368.5217391304348
UNDE_078,2009,388.0
UNDE_061,2009,388.0
UNDE_060,2009,392.2173913043478
UNDE_014,2009,359.5
UNDE_013,2009,392.2173913043478
UNDE_002,2009,353.3695652173913
UNDE_001,2009,375.32608695652175
UNDE_003,2009,355.8695652173913
UNDE_010,2009,356.9347826086956
UNDE_006,2009,349.69565217391306
UNDE_011,2009,385.8478260869565
UNDE_007,2009,382.8478260869565
UNDE_012,2009,344.2173913043478
UNDE_008,2009,349.69565217391306
UNDE_016,2009,352.4782608695652
UNDE_020,2009,333.32608695652175
UNDE_021,2009,305.04347826086956
UNDE_022,2009,367.0869565217391
UNDE_018,2009,363.0217391304348
UNDE_019,2009,357.3695652173913
UNDE_023,2009,368.7608695652174
UNDE_015,2009,368.7608695652174
UNDE_027,2009,343.7826086956522
WREF_089,2009,485.7391304347826
WREF_082,2009,573.9347826086956
WREF_077,2009,537.5869565217391
WREF_083,2009,485.7391304347826
WREF_086,2009,463.4130434782609
WREF_081,2009,463.5869565217391
WREF_076,2009,480.0217391304348
WREF_070,2009,537.5869565217391
WREF_074,2009,573.9347826086956
WREF_072,2009,537.6521739130435
WREF_080,2009,558.9347826086956
WREF_073,2009,558.9347826086956
WREF_079,2009,558.9347826086956
WREF_085,2009,573.8478260869565
WREF_084,2009,573.8478260869565
WREF_078,2009,546.8913043478261
WREF_088,2009,573.9347826086956
WREF_087,2009,573.8478260869565
WREF_075,2009,537.5869565217391
WREF_071,2009,573.9347826086956
WREF_012,2009,549.2826086956521
WREF_016,2009,600.0652173913044
WREF_015,2009,582.9347826086956
WREF_013,2009,578.6304347826087
WREF_001,2009,505.60869565217394
WREF_003,2009,572.4565217391304
WREF_018,2009,557.1086956521739
WREF_020,2009,607.6304347826087
WREF_002,2009,614.7826086956521
WREF_019,2009,512.9782608695652
WREF_010,2009,590.0217391304348
WREF_007,2009,575.4130434782609
WREF_008,2009,569.2391304347826
WREF_006,2009,508.1521739130435
WREF_005,2009,480.4782608695652
WREF_014,2009,511.32608695652175
WREF_009,2009,594.2608695652174
WREF_011,2009,590.304347826087
WREF_004,2009,575.304347826087
WREF_017,2009,575.6521739130435
DELA_013,2009,457.0
DELA_003,2009,552.8478260869565
DELA_005,2009,338.19565217391306
DELA_011,2009,399.9347826086956
DELA_004,2009,478.8478260869565
DELA_018,2009,504.0869565217391
DELA_014,2009,413.17391304347825
DELA_015,2009,478.8478260869565
DELA_012,2009,413.17391304347825
DELA_010,2009,504.0869565217391
DELA_016,2009,490.1304347826087
DELA_001,2009,468.9130434782609
DELA_019,2009,488.7391304347826
DELA_017,2009,490.1304347826087
DELA_009,2009,552.8478260869565
DELA_002,2009,413.17391304347825
DELA_007,2009,504.0869565217391
DELA_020,2009,483.1304347826087
DELA_006,2009,488.7391304347826
DELA_008,2009,456.9782608695652
DELA_046,2009,483.1304347826087
DELA_053,2009,483.1304347826087
DELA_051,2009,466.3695652173913
DELA_043,2009,466.3695652173913
DELA_040,2009,483.1304347826087
DELA_052,2009,466.3695652173913
DELA_041,2009,466.3695652173913
DELA_044,2009,466.3695652173913
DELA_039,2009,462.7173913043478
DELA_054,2009,483.1304347826087
DELA_045,2009,483.1304347826087
DELA_042,2009,657.2173913043479
DELA_055,2009,462.7173913043478
DELA_037,2009,483.1304347826087
DELA_050,2009,483.1304347826087
DELA_056,2009,483.1304347826087
DELA_047,2009,504.0869565217391
DELA_048,2009,504.0869565217391
DELA_049,2009,657.2173913043479
DELA_038,2009,462.7173913043478
DELA_023,2009,456.9782608695652
DELA_022,2009,457.0
DELA_021,2009,351.7826086956522
DELA_059,2009,657.2173913043479
LENO_061,2009,705.0652173913044
LENO_065,2009,705.0652173913044
LENO_062,2009,705.0652173913044
LENO_068,2009,651.3695652173913
LENO_067,2009,651.3695652173913
LENO_064,2009,705.0652173913044
LENO_063,2009,651.3695652173913
LENO_066,2009,537.9347826086956
LENO_069,2009,537.9347826086956
LENO_070,2009,537.9347826086956
LENO_003,2009,521.1086956521739
LENO_002,2009,537.0652173913044
LENO_014,2009,537.9130434782609
LENO_011,2009,502.1304347826087
LENO_005,2009,507.5
LENO_015,2009,670.2391304347826
LENO_010,2009,490.82608695652175
LENO_012,2009,636.695652173913
LENO_009,2009,518.3478260869565
LENO_018,2009,662.2391304347826
LENO_006,2009,521.2391304347826
LENO_013,2009,547.1304347826087
LENO_007,2009,537.8913043478261
LENO_008,2009,670.2391304347826
LENO_022,2009,563.5434782608696
LENO_001,2009,451.10869565217394
LENO_016,2009,521.2391304347826
LENO_021,2009,643.2826086956521
LENO_017,2009,654.5652173913044
LENO_004,2009,493.95652173913044
LENO_019,2009,553.5217391304348
UKFS_032,2009,408.82608695652175
UKFS_057,2009,408.8478260869565
UKFS_051,2009,408.8478260869565
UKFS_047,2009,451.2173913043478
UKFS_055,2009,408.82608695652175
UKFS_058,2009,451.2173913043478
UKFS_060,2009,408.82608695652175
UKFS_056,2009,463.0217391304348
UKFS_054,2009,458.17391304347825
UKFS_050,2009,457.6304347826087
UKFS_046,2009,457.6304347826087
UKFS_045,2009,451.19565217391306
UKFS_043,2009,457.6521739130435
UKFS_052,2009,451.19565217391306
UKFS_059,2009,457.6521739130435
UKFS_048,2009,457.6521739130435
UKFS_049,2009,463.0217391304348
UKFS_031,2009,451.2173913043478
UKFS_044,2009,463.0217391304348
UKFS_053,2009,463.0217391304348
UKFS_007,2009,280.6304347826087
UKFS_005,2009,444.17391304347825
UKFS_004,2009,427.1521739130435
UKFS_009,2009,296.7173913043478
UKFS_006,2009,457.6304347826087
UKFS_012,2009,262.2608695652174
UKFS_002,2009,293.67391304347825
UKFS_010,2009,337.6521739130435
UKFS_003,2009,337.6521739130435
UKFS_001,2009,451.19565217391306
UKFS_011,2009,458.17391304347825
UKFS_008,2009,458.17391304347825
UKFS_017,2009,262.2608695652174
UKFS_019,2009,439.4347826086956
UKFS_016,2009,434.04347826086956
UKFS_018,2009,337.6304347826087
UKFS_014,2009,451.19565217391306
UKFS_015,2009,423.9347826086956
UKFS_013,2009,371.3478260869565
UKFS_025,2009,362.9130434782609
YELL_002,2009,166.7173913043478
YELL_016,2009,113.71739130434783
YELL_013,2009,136.1086956521739
YELL_006,2009,129.08695652173913
YELL_020,2009,227.54347826086956
YELL_008,2009,123.30434782608695
YELL_014,2009,174.69565217391303
YELL_001,2009,140.84782608695653
YELL_011,2009,109.1086956521739
YELL_004,2009,114.71739130434783
YELL_003,2009,125.0
YELL_010,2009,128.8695652173913
YELL_005,2009,111.82608695652173
YELL_007,2009,168.91304347826087
YELL_018,2009,147.69565217391303
YELL_023,2009,186.8913043478261
YELL_012,2009,116.78260869565217
YELL_009,2009,137.91304347826087
YELL_021,2009,246.7826086956522
YELL_022,2009,121.71739130434783
YELL_047,2009,140.1086956521739
YELL_054,2009,140.1086956521739
YELL_058,2009,140.1086956521739
YELL_044,2009,140.1086956521739
YELL_052,2009,140.1304347826087
YELL_055,2009,140.1304347826087
YELL_062,2009,140.1086956521739
YELL_056,2009,137.56521739130434
YELL_048,2009,137.56521739130434
YELL_060,2009,156.54347826086956
YELL_051,2009,140.1304347826087
YELL_053,2009,142.5
YELL_045,2009,137.56521739130434
YELL_046,2009,140.1304347826087
YELL_061,2009,140.1304347826087
YELL_049,2009,142.5
YELL_059,2009,140.1304347826087
YELL_043,2009,142.5
YELL_050,2009,156.54347826086956
YELL_057,2009,156.54347826086956
YELL_015,2009,132.17391304347825
BONA_072,2009,258.2173913043478
BONA_079,2009,258.19565217391306
BONA_070,2009,192.2391304347826
BONA_075,2009,258.19565217391306
BONA_078,2009,258.19565217391306
BONA_076,2009,258.2173913043478
BONA_082,2009,295.69565217391306
BONA_071,2009,258.19565217391306
BONA_087,2009,258.2173913043478
BONA_084,2009,295.67391304347825
BONA_080,2009,192.2391304347826
BONA_086,2009,192.2391304347826
BONA_088,2009,258.19565217391306
BONA_089,2009,295.69565217391306
BONA_085,2009,192.2391304347826
BONA_083,2009,183.08695652173913
BONA_074,2009,183.08695652173913
BONA_081,2009,183.6086956521739
BONA_077,2009,183.6086956521739
BONA_073,2009,183.6086956521739
BONA_014,2009,248.1086956521739
BONA_011,2009,164.3913043478261
BONA_001,2009,252.8913043478261
BONA_018,2009,182.3913043478261
BONA_023,2009,164.82608695652175
BONA_009,2009,167.2391304347826
BONA_002,2009,332.80434782608694
BONA_012,2009,380.30434782608694
BONA_008,2009,269.3478260869565
BONA_093,2009,258.19565217391306
BONA_007,2009,219.19565217391303
BONA_005,2009,334.6304347826087
BONA_021,2009,183.43478260869566
BONA_026,2009,222.02173913043478
BONA_022,2009,185.82608695652175
BONA_010,2009,185.84782608695653
BONA_003,2009,182.8913043478261
BONA_004,2009,243.80434782608697
BONA_006,2009,236.0
BONA_016,2009,167.54347826086956
BONA_013,2009,213.19565217391303
DEJU_050,2009,150.1304347826087
DEJU_051,2009,166.34782608695653
DEJU_049,2009,171.19565217391303
DEJU_057,2009,197.2608695652174
DEJU_047,2009,171.19565217391303
DEJU_052,2009,171.19565217391303
DEJU_045,2009,171.19565217391303
DEJU_056,2009,171.19565217391303
DEJU_061,2009,171.19565217391303
DEJU_064,2009,150.1304347826087
DEJU_054,2009,156.7608695652174
DEJU_060,2009,177.32608695652175
DEJU_046,2009,177.32608695652175
DEJU_055,2009,177.32608695652175
DEJU_063,2009,166.34782608695653
DEJU_059,2009,150.1304347826087
DEJU_048,2009,159.8913043478261
DEJU_062,2009,159.8913043478261
DEJU_058,2009,166.34782608695653
DEJU_053,2009,150.1304347826087
DEJU_010,2009,112.32608695652173
DEJU_004,2009,73.6086956521739
DEJU_003,2009,89.76086956521739
DEJU_023,2009,139.95652173913044
DEJU_008,2009,106.76086956521739
DEJU_019,2009,163.8913043478261
DEJU_005,2009,155.91304347826087
DEJU_001,2009,143.2173913043478
DEJU_007,2009,151.5
DEJU_015,2009,205.08695652173913
DEJU_017,2009,152.45652173913044
DEJU_014,2009,159.34782608695653
DEJU_006,2009,154.04347826086956
DEJU_021,2009,173.47826086956522
DEJU_002,2009,144.91304347826087
DEJU_024,2009,129.17391304347825
DEJU_016,2009,196.84782608695653
DEJU_009,2009,187.6086956521739
DEJU_018,2009,154.04347826086956
DEJU_020,2009,149.19565217391303
HEAL_072,2009,299.0217391304348
HEAL_063,2009,308.04347826086956
HEAL_070,2009,299.2173913043478
HEAL_060,2009,299.2173913043478
HEAL_071,2009,299.2173913043478
HEAL_050,2009,299.2173913043478
HEAL_067,2009,299.2173913043478
HEAL_068,2009,310.60869565217394
HEAL_064,2009,300.9782608695652
HEAL_062,2009,299.2173913043478
HEAL_061,2009,299.2173913043478
HEAL_073,2009,299.2173913043478
HEAL_052,2009,299.2173913043478
HEAL_066,2009,307.0
HEAL_058,2009,299.2173913043478
HEAL_069,2009,307.0
HEAL_048,2009,308.04347826086956
HEAL_054,2009,310.5652173913044
HEAL_053,2009,306.9782608695652
HEAL_074,2009,307.0
HEAL_056,2009,307.0
HEAL_051,2009,307.0
HEAL_065,2009,306.9782608695652
HEAL_057,2009,299.0
HEAL_046,2009,307.0
HEAL_059,2009,307.0
HEAL_055,2009,306.9782608695652
HEAL_047,2009,306.9782608695652
HEAL_010,2009,282.9130434782609
HEAL_002,2009,275.3478260869565
HEAL_003,2009,313.5
HEAL_014,2009,299.39130434782606
HEAL_022,2009,294.69565217391306
HEAL_023,2009,288.2826086956522
HEAL_021,2009,291.7608695652174
HEAL_001,2009,292.5217391304348
HEAL_016,2009,310.60869565217394
HEAL_020,2009,277.6521739130435
HEAL_006,2009,282.6521739130435
HEAL_019,2009,306.1521739130435
HEAL_011,2009,316.3478260869565
HEAL_025,2009,281.5
HEAL_018,2009,312.39130434782606
HEAL_017,2009,191.54347826086956
HEAL_004,2009,319.80434782608694
HEAL_005,2009,286.4130434782609
HEAL_015,2009,281.3478260869565
HEAL_049,2009,299.2173913043478
HEAL_026,2009,296.95652173913044
HEAL_045,2009,299.0217391304348
HEAL_024,2009,279.8478260869565
ABBY_063,2010,447.9130434782609
ABBY_068,2010,447.9130434782609
ABBY_065,2010,474.2826086956522
ABBY_067,2010,447.9130434782609
ABBY_066,2010,447.9130434782609
ABBY_061,2010,447.9130434782609
ABBY_070,2010,447.9130434782609
ABBY_062,2010,447.60869565217394
ABBY_064,2010,447.9130434782609
ABBY_069,2010,447.60869565217394
ABBY_075,2010,446.0652173913044
ABBY_074,2010,447.60869565217394
ABBY_073,2010,447.60869565217394
ABBY_076,2010,447.9130434782609
ABBY_004,2010,443.5869565217391
ABBY_009,2010,443.5869565217391
ABBY_011,2010,534.0
ABBY_013,2010,404.2391304347826
ABBY_023,2010,463.3695652173913
ABBY_010,2010,544.2608695652174
ABBY_018,2010,584.5217391304348
ABBY_003,2010,419.6521739130435
ABBY_012,2010,575.6304347826087
ABBY_005,2010,515.4130434782609
ABBY_016,2010,442.69565217391306
ABBY_008,2010,534.0869565217391
ABBY_017,2010,545.7391304347826
ABBY_014,2010,523.0869565217391
ABBY_001,2010,472.54347826086956
ABBY_019,2010,424.4130434782609
ABBY_006,2010,439.30434782608694
ABBY_002,2010,378.9782608695652
ABBY_007,2010,382.82608695652175
ABBY_025,2010,533.5217391304348
ABBY_015,2010,330.82608695652175
ABBY_077,2010,410.80434782608694
BART_012,2010,435.9347826086956
BART_001,2010,438.4130434782609
BART_005,2010,485.4130434782609
BART_044,2010,468.9347826086956
BART_037,2010,468.9347826086956
BART_073,2010,453.69565217391306
BART_074,2010,468.9347826086956
BART_075,2010,456.80434782608694
BART_042,2010,456.80434782608694
BART_072,2010,456.80434782608694
BART_046,2010,468.9347826086956
BART_036,2010,456.80434782608694
BART_051,2010,453.69565217391306
BART_041,2010,457.19565217391306
BART_034,2010,457.19565217391306
BART_039,2010,453.69565217391306
BART_050,2010,456.80434782608694
BART_040,2010,453.5869565217391
BART_071,2010,470.2608695652174
BART_070,2010,457.19565217391306
BART_033,2010,457.19565217391306
BART_047,2010,453.5869565217391
BART_032,2010,470.4130434782609
BART_015,2010,459.3478260869565
BART_016,2010,476.5869565217391
BART_028,2010,469.3695652173913
BART_010,2010,462.6304347826087
BART_013,2010,459.0
BART_026,2010,459.2608695652174
BART_006,2010,467.39130434782606
BART_023,2010,462.6304347826087
BART_002,2010,434.9782608695652
BART_018,2010,478.4130434782609
BART_003,2010,473.80434782608694
BART_024,2010,462.6304347826087
BART_011,2010,456.7826086956522
BART_025,2010,459.2608695652174
BART_007,2010,456.7826086956522
BART_027,2010,471.82608695652175
BART_004,2010,449.0869565217391
BART_019,2010,470.4130434782609
BLAN_042,2010,396.5
BLAN_056,2010,396.5
BLAN_034,2010,289.89130434782606
BLAN_043,2010,396.5
BLAN_046,2010,348.0217391304348
BLAN_045,2010,396.5
BLAN_059,2010,348.0217391304348
BLAN_039,2010,396.5
BLAN_033,2010,396.5
BLAN_051,2010,396.5
BLAN_054,2010,396.5
BLAN_031,2010,289.89130434782606
BLAN_049,2010,289.89130434782606
BLAN_060,2010,396.5
BLAN_035,2010,348.0217391304348
BLAN_038,2010,396.5
BLAN_040,2010,396.5
BLAN_037,2010,289.89130434782606
BLAN_044,2010,289.89130434782606
BLAN_050,2010,450.5652173913044
BLAN_052,2010,289.89130434782606
BLAN_048,2010,450.5652173913044
BLAN_055,2010,289.89130434782606
BLAN_057,2010,348.0217391304348
BLAN_032,2010,348.0217391304348
BLAN_036,2010,450.5652173913044
BLAN_047,2010,450.5652173913044
BLAN_063,2010,450.5652173913044
BLAN_005,2010,383.9347826086956
BLAN_017,2010,383.9347826086956
BLAN_011,2010,467.1521739130435
BLAN_068,2010,424.2608695652174
BLAN_016,2010,424.2608695652174
BLAN_001,2010,394.9130434782609
BLAN_008,2010,409.8478260869565
BLAN_003,2010,387.0
BLAN_018,2010,579.804347826087
BLAN_004,2010,424.2608695652174
BLAN_014,2010,394.60869565217394
BLAN_020,2010,464.4130434782609
BLAN_006,2010,579.804347826087
BLAN_007,2010,409.8478260869565
BLAN_010,2010,424.2608695652174
BLAN_012,2010,579.804347826087
BLAN_013,2010,425.4782608695652
BLAN_015,2010,603.2173913043479
BLAN_009,2010,394.9130434782609
BLAN_053,2010,348.0217391304348
BLAN_041,2010,450.5652173913044
BLAN_064,2010,289.89130434782606
BLAN_019,2010,424.2608695652174
GRSM_057,2010,528.2173913043479
GRSM_048,2010,528.2173913043479
GRSM_059,2010,538.804347826087
GRSM_054,2010,536.9782608695652
GRSM_049,2010,525.3913043478261
GRSM_066,2010,528.2173913043479
GRSM_065,2010,528.5434782608696
GRSM_047,2010,538.804347826087
GRSM_063,2010,537.8478260869565
GRSM_053,2010,537.8478260869565
GRSM_062,2010,536.9782608695652
GRSM_060,2010,538.804347826087
GRSM_050,2010,545.2173913043479
GRSM_051,2010,538.804347826087
GRSM_064,2010,538.804347826087
GRSM_002,2010,538.1086956521739
GRSM_025,2010,502.2173913043478
GRSM_016,2010,415.0652173913044
GRSM_017,2010,507.32608695652175
GRSM_004,2010,567.6521739130435
GRSM_001,2010,547.3478260869565
GRSM_012,2010,506.1304347826087
GRSM_008,2010,517.7173913043479
GRSM_003,2010,492.0869565217391
GRSM_019,2010,545.9347826086956
GRSM_006,2010,545.9347826086956
GRSM_013,2010,531.0217391304348
GRSM_015,2010,542.2173913043479
GRSM_014,2010,539.1304347826087
GRSM_010,2010,544.5652173913044
GRSM_005,2010,534.0217391304348
GRSM_011,2010,543.6304347826087
GRSM_007,2010,551.3260869565217
GRSM_009,2010,513.4565217391304
GRSM_055,2010,537.8478260869565
GRSM_018,2010,575.6739130434783
GRSM_061,2010,538.804347826087
GRSM_056,2010,538.804347826087
GRSM_058,2010,528.5434782608696
GRSM_052,2010,536.9782608695652
HARV_013,2010,489.7173913043478
HARV_022,2010,469.8695652173913
HARV_008,2010,460.19565217391306
HARV_004,2010,482.6304347826087
HARV_024,2010,460.2173913043478
HARV_010,2010,0.0
HARV_006,2010,444.3478260869565
HARV_001,2010,408.04347826086956
HARV_005,2010,408.9130434782609
HARV_027,2010,461.1521739130435
HARV_043,2010,460.5652173913044
HARV_035,2010,460.5652173913044
HARV_037,2010,477.8695652173913
HARV_020,2010,471.80434782608694
HARV_023,2010,487.0869565217391
HARV_014,2010,463.1304347826087
HARV_011,2010,472.9130434782609
HARV_025,2010,463.0869565217391
HARV_002,2010,493.39130434782606
HARV_012,2010,479.5
HARV_026,2010,468.0
HARV_016,2010,464.6521739130435
HARV_039,2010,463.17391304347825
HARV_021,2010,486.82608695652175
HARV_045,2010,452.0217391304348
HARV_041,2010,477.8478260869565
HARV_038,2010,477.8695652173913
HARV_050,2010,477.8695652173913
HARV_048,2010,460.5652173913044
HARV_036,2010,452.0217391304348
HARV_052,2010,460.5652173913044
HARV_049,2010,463.04347826086956
HARV_047,2010,477.8695652173913
HARV_044,2010,477.8695652173913
HARV_040,2010,460.5652173913044
HARV_046,2010,477.8478260869565
HARV_033,2010,477.8695652173913
HARV_051,2010,463.17391304347825
HARV_034,2010,477.8695652173913
HARV_042,2010,463.17391304347825
HARV_015,2010,477.8478260869565
HARV_017,2010,480.8478260869565
JERC_002,2010,544.0217391304348
JERC_015,2010,592.304347826087
JERC_007,2010,600.6739130434783
JERC_001,2010,599.3478260869565
JERC_010,2010,593.6739130434783
JERC_009,2010,534.9130434782609
JERC_029,2010,554.1739130434783
JERC_021,2010,630.1739130434783
JERC_011,2010,554.1739130434783
JERC_040,2010,541.2826086956521
JERC_035,2010,573.0217391304348
JERC_033,2010,592.4130434782609
JERC_019,2010,643.0
JERC_030,2010,660.5652173913044
JERC_034,2010,478.7173913043478
JERC_036,2010,593.3260869565217
JERC_028,2010,308.10869565217394
JERC_044,2010,594.3695652173913
JERC_016,2010,593.3260869565217
JERC_038,2010,592.3913043478261
JERC_006,2010,485.17391304347825
JERC_041,2010,712.0434782608696
JERC_031,2010,562.7608695652174
JERC_042,2010,593.6739130434783
JERC_008,2010,574.5652173913044
JERC_005,2010,574.5652173913044
JERC_003,2010,599.3478260869565
JERC_022,2010,549.5
JERC_013,2010,611.3260869565217
JERC_066,2010,544.0217391304348
JERC_065,2010,562.7608695652174
JERC_054,2010,439.7173913043478
JERC_051,2010,562.7608695652174
JERC_062,2010,544.0869565217391
JERC_047,2010,544.0869565217391
JERC_057,2010,562.804347826087
JERC_060,2010,562.7608695652174
JERC_064,2010,562.7608695652174
JERC_050,2010,544.0869565217391
JERC_053,2010,544.0217391304348
JERC_049,2010,544.0869565217391
JERC_061,2010,544.0869565217391
JERC_058,2010,544.0217391304348
JERC_048,2010,544.0217391304348
JERC_063,2010,544.0217391304348
JERC_052,2010,544.0869565217391
JERC_059,2010,544.0217391304348
JERC_056,2010,544.0869565217391
JERC_055,2010,544.0869565217391
JERC_004,2010,600.1086956521739
JERC_014,2010,502.2173913043478
JERC_012,2010,550.3260869565217
MLBS_076,2010,455.7826086956522
MLBS_061,2010,455.7391304347826
MLBS_064,2010,455.7391304347826
MLBS_075,2010,455.6304347826087
MLBS_065,2010,455.6304347826087
MLBS_062,2010,455.67391304347825
MLBS_069,2010,455.7826086956522
MLBS_063,2010,455.7608695652174
MLBS_073,2010,455.7608695652174
MLBS_074,2010,455.7826086956522
MLBS_066,2010,455.7608695652174
MLBS_067,2010,455.7608695652174
MLBS_071,2010,455.7826086956522
MLBS_072,2010,455.7608695652174
MLBS_070,2010,455.7608695652174
MLBS_068,2010,455.7608695652174
MLBS_009,2010,455.7391304347826
MLBS_010,2010,456.80434782608694
MLBS_005,2010,440.2826086956522
MLBS_003,2010,456.80434782608694
MLBS_019,2010,477.6521739130435
MLBS_016,2010,500.30434782608694
MLBS_015,2010,471.54347826086956
MLBS_014,2010,483.8695652173913
MLBS_001,2010,422.89130434782606
MLBS_017,2010,422.89130434782606
MLBS_011,2010,445.1304347826087
MLBS_012,2010,445.1304347826087
MLBS_002,2010,455.6304347826087
MLBS_004,2010,492.2391304347826
MLBS_018,2010,490.82608695652175
MLBS_008,2010,487.80434782608694
MLBS_007,2010,487.39130434782606
MLBS_006,2010,486.04347826086956
MLBS_020,2010,477.95652173913044
MLBS_013,2010,502.9782608695652
ORNL_002,2010,616.2826086956521
ORNL_003,2010,490.4130434782609
ORNL_009,2010,553.6086956521739
ORNL_021,2010,444.95652173913044
ORNL_031,2010,394.7173913043478
ORNL_033,2010,480.7173913043478
ORNL_066,2010,610.2826086956521
ORNL_044,2010,610.2826086956521
ORNL_012,2010,0.0
ORNL_004,2010,463.54347826086956
ORNL_001,2010,386.17391304347825
ORNL_027,2010,488.2173913043478
ORNL_014,2010,497.30434782608694
ORNL_029,2010,492.30434782608694
ORNL_007,2010,513.804347826087
ORNL_006,2010,488.6521739130435
ORNL_008,2010,496.9347826086956
ORNL_035,2010,522.9130434782609
ORNL_010,2010,513.3913043478261
ORNL_032,2010,486.9782608695652
ORNL_055,2010,505.80434782608694
ORNL_062,2010,505.80434782608694
ORNL_063,2010,515.8260869565217
ORNL_049,2010,515.8260869565217
ORNL_052,2010,505.80434782608694
ORNL_059,2010,466.5652173913044
ORNL_036,2010,497.3695652173913
ORNL_053,2010,466.5652173913044
ORNL_046,2010,466.5652173913044
ORNL_043,2010,495.32608695652175
ORNL_058,2010,495.32608695652175
ORNL_060,2010,495.32608695652175
ORNL_056,2010,505.80434782608694
ORNL_037,2010,505.80434782608694
ORNL_057,2010,497.3695652173913
ORNL_051,2010,505.80434782608694
ORNL_061,2010,466.5652173913044
ORNL_054,2010,497.3695652173913
ORNL_045,2010,497.3695652173913
ORNL_050,2010,497.3695652173913
ORNL_017,2010,486.69565217391306
ORNL_068,2010,453.2826086956522
ORNL_019,2010,506.60869565217394
ORNL_018,2010,341.9782608695652
ORNL_067,2010,486.4130434782609
ORNL_015,2010,490.5217391304348
OSBS_002,2010,567.1086956521739
OSBS_006,2010,461.5
OSBS_048,2010,512.7826086956521
OSBS_001,2010,644.7391304347826
OSBS_018,2010,494.3695652173913
OSBS_011,2010,559.5
OSBS_014,2010,543.9130434782609
OSBS_004,2010,464.6521739130435
OSBS_020,2010,441.0217391304348
OSBS_023,2010,559.5
OSBS_049,2010,499.5
OSBS_003,2010,543.0869565217391
OSBS_012,2010,483.2608695652174
OSBS_013,2010,464.6521739130435
OSBS_024,2010,559.5
OSBS_016,2010,565.4565217391304
OSBS_008,2010,498.1304347826087
OSBS_010,2010,612.0869565217391
OSBS_051,2010,486.30434782608694
OSBS_050,2010,505.67391304347825
OSBS_007,2010,495.5
OSBS_005,2010,651.0
OSBS_017,2010,592.1304347826087
OSBS_043,2010,479.3478260869565
OSBS_022,2010,543.9130434782609
OSBS_039,2010,463.39130434782606
OSBS_036,2010,463.39130434782606
OSBS_029,2010,463.39130434782606
OSBS_040,2010,481.80434782608694
OSBS_015,2010,737.3913043478261
OSBS_025,2010,486.3695652173913
OSBS_030,2010,486.3695652173913
OSBS_038,2010,486.3695652173913
OSBS_042,2010,486.3695652173913
OSBS_035,2010,450.7173913043478
OSBS_037,2010,450.7173913043478
OSBS_028,2010,450.7173913043478
OSBS_021,2010,595.5869565217391
OSBS_041,2010,450.7173913043478
OSBS_009,2010,642.8260869565217
OSBS_031,2010,481.80434782608694
OSBS_033,2010,463.39130434782606
OSBS_032,2010,463.39130434782606
OSBS_044,2010,463.39130434782606
OSBS_027,2010,463.39130434782606
OSBS_034,2010,481.7826086956522
OSBS_026,2010,463.39130434782606
OSBS_063,2010,500.3695652173913
OSBS_067,2010,468.4130434782609
OSBS_066,2010,737.3913043478261
OSBS_068,2010,462.89130434782606
OSBS_070,2010,481.80434782608694
OSBS_073,2010,597.5652173913044
RMNP_043,2010,185.06521739130434
RMNP_042,2010,185.06521739130434
RMNP_041,2010,294.5652173913044
RMNP_048,2010,185.06521739130434
RMNP_049,2010,185.06521739130434
RMNP_046,2010,185.06521739130434
RMNP_047,2010,185.06521739130434
RMNP_045,2010,185.06521739130434
RMNP_044,2010,185.06521739130434
RMNP_013,2010,264.6521739130435
RMNP_003,2010,297.39130434782606
RMNP_009,2010,297.39130434782606
RMNP_011,2010,183.3695652173913
RMNP_019,2010,292.7826086956522
RMNP_015,2010,344.2391304347826
RMNP_002,2010,343.9130434782609
RMNP_020,2010,344.2391304347826
RMNP_016,2010,314.9347826086956
RMNP_017,2010,291.04347826086956
RMNP_005,2010,322.8695652173913
RMNP_001,2010,340.5
RMNP_014,2010,386.7391304347826
RMNP_008,2010,324.54347826086956
RMNP_012,2010,373.8478260869565
RMNP_018,2010,357.9782608695652
RMNP_006,2010,365.69565217391306
RMNP_004,2010,300.89130434782606
RMNP_010,2010,327.8695652173913
RMNP_007,2010,327.8695652173913
SCBI_008,2010,461.5
SCBI_004,2010,448.80434782608694
SCBI_015,2010,462.7608695652174
SCBI_017,2010,451.2173913043478
SCBI_013,2010,441.80434782608694
SCBI_007,2010,440.45652173913044
SCBI_018,2010,442.32608695652175
SCBI_003,2010,449.1304347826087
SCBI_011,2010,457.0217391304348
SCBI_016,2010,432.3695652173913
SCBI_002,2010,453.30434782608694
SCBI_010,2010,449.2826086956522
SCBI_014,2010,452.2173913043478
SCBI_005,2010,451.8478260869565
SCBI_056,2010,439.6521739130435
SCBI_045,2010,438.0217391304348
SCBI_053,2010,439.6521739130435
SCBI_061,2010,439.6521739130435
SCBI_050,2010,439.6521739130435
SCBI_057,2010,439.6521739130435
SCBI_062,2010,453.0652173913044
SCBI_047,2010,453.0652173913044
SCBI_067,2010,453.0652173913044
SCBI_066,2010,453.0652173913044
SCBI_064,2010,438.0217391304348
SCBI_052,2010,438.0217391304348
SCBI_054,2010,438.0217391304348
SCBI_046,2010,453.30434782608694
SCBI_049,2010,453.0652173913044
SCBI_063,2010,453.0652173913044
SCBI_055,2010,439.6521739130435
SCBI_048,2010,453.0652173913044
SCBI_051,2010,439.6521739130435
SCBI_058,2010,438.0217391304348
SCBI_034,2010,338.60869565217394
SCBI_038,2010,407.9782608695652
SCBI_033,2010,338.60869565217394
SCBI_006,2010,428.17391304347825
SCBI_035,2010,407.9782608695652
SCBI_012,2010,434.9130434782609
SCBI_071,2010,449.2826086956522
SCBI_019,2010,460.2173913043478
SCBI_021,2010,428.17391304347825
SCBI_023,2010,462.7608695652174
SCBI_022,2010,439.7173913043478
SERC_062,2010,471.5217391304348
SERC_045,2010,471.5217391304348
SERC_051,2010,471.5217391304348
SERC_050,2010,499.1304347826087
SERC_052,2010,492.4782608695652
SERC_058,2010,507.32608695652175
SERC_043,2010,508.67391304347825
SERC_055,2010,504.8478260869565
SERC_048,2010,507.32608695652175
SERC_060,2010,507.32608695652175
SERC_061,2010,493.8695652173913
SERC_054,2010,493.8695652173913
SERC_059,2010,605.2173913043479
SERC_046,2010,501.9130434782609
SERC_053,2010,493.8695652173913
SERC_044,2010,501.9130434782609
SERC_047,2010,486.2391304347826
SERC_049,2010,486.2391304347826
SERC_057,2010,486.2391304347826
SERC_056,2010,486.2391304347826
SERC_007,2010,679.0
SERC_018,2010,647.9782608695652
SERC_009,2010,512.3478260869565
SERC_008,2010,647.9565217391304
SERC_011,2010,769.2173913043479
SERC_003,2010,512.6086956521739
SERC_006,2010,412.7173913043478
SERC_001,2010,471.0
SERC_017,2010,582.9782608695652
SERC_019,2010,504.6304347826087
SERC_010,2010,671.1304347826087
SERC_014,2010,471.0217391304348
SERC_012,2010,509.3695652173913
SERC_016,2010,512.5
SERC_022,2010,491.5869565217391
SERC_004,2010,504.6304347826087
SERC_021,2010,508.67391304347825
SERC_013,2010,469.3478260869565
SERC_005,2010,520.6521739130435
SERC_002,2010,517.5
SERC_067,2010,499.80434782608694
SERC_073,2010,499.1304347826087
SOAP_059,2010,380.80434782608694
SOAP_057,2010,380.80434782608694
SOAP_051,2010,380.80434782608694
SOAP_048,2010,380.80434782608694
SOAP_058,2010,413.7608695652174
SOAP_043,2010,413.2826086956522
SOAP_050,2010,413.2826086956522
SOAP_044,2010,422.17391304347825
SOAP_052,2010,421.7826086956522
SOAP_046,2010,422.17391304347825
SOAP_060,2010,421.7826086956522
SOAP_055,2010,413.2826086956522
SOAP_054,2010,418.5652173913044
SOAP_047,2010,418.5652173913044
SOAP_031,2010,419.82608695652175
SOAP_049,2010,419.82608695652175
SOAP_056,2010,419.82608695652175
SOAP_053,2010,418.5652173913044
SOAP_045,2010,448.30434782608694
SOAP_061,2010,380.80434782608694
SOAP_002,2010,319.0652173913044
SOAP_010,2010,380.80434782608694
SOAP_006,2010,390.6521739130435
SOAP_013,2010,319.0652173913044
SOAP_012,2010,445.0869565217391
SOAP_004,2010,380.80434782608694
SOAP_003,2010,426.7391304347826
SOAP_016,2010,442.2391304347826
SOAP_007,2010,439.4782608695652
SOAP_020,2010,418.5652173913044
SOAP_009,2010,482.5
SOAP_008,2010,445.0869565217391
SOAP_021,2010,452.3695652173913
SOAP_018,2010,454.45652173913044
SOAP_019,2010,454.45652173913044
SOAP_017,2010,443.60869565217394
SOAP_015,2010,417.7391304347826
SOAP_001,2010,404.95652173913044
SOAP_011,2010,413.7608695652174
SOAP_022,2010,417.7391304347826
SOAP_024,2010,390.6521739130435
STEI_058,2010,528.5652173913044
STEI_051,2010,528.5652173913044
STEI_056,2010,515.4130434782609
STEI_046,2010,515.4130434782609
STEI_061,2010,515.4130434782609
STEI_062,2010,515.4130434782609
STEI_052,2010,515.4130434782609
STEI_055,2010,528.5652173913044
STEI_047,2010,515.4130434782609
STEI_053,2010,515.4130434782609
STEI_048,2010,553.6739130434783
STEI_060,2010,515.4130434782609
STEI_054,2010,553.6739130434783
STEI_049,2010,515.4130434782609
STEI_057,2010,515.4130434782609
STEI_050,2010,553.6739130434783
STEI_059,2010,553.6739130434783
STEI_005,2010,392.95652173913044
STEI_009,2010,407.80434782608694
STEI_012,2010,401.0652173913044
STEI_017,2010,399.5217391304348
STEI_019,2010,394.69565217391306
STEI_003,2010,391.5652173913044
STEI_007,2010,384.4130434782609
STEI_002,2010,397.17391304347825
STEI_011,2010,393.9782608695652
STEI_010,2010,374.3695652173913
STEI_008,2010,394.5869565217391
STEI_015,2010,398.39130434782606
STEI_016,2010,387.7608695652174
STEI_004,2010,396.2173913043478
STEI_013,2010,403.0
STEI_001,2010,399.1304347826087
STEI_021,2010,514.695652173913
STEI_006,2010,391.9347826086956
STEI_014,2010,395.4130434782609
STEI_022,2010,413.1521739130435
STEI_023,2010,400.5217391304348
TALL_003,2010,668.8478260869565
TALL_005,2010,616.5217391304348
TALL_009,2010,590.6739130434783
TALL_012,2010,716.5217391304348
TALL_004,2010,512.9130434782609
TALL_010,2010,694.5217391304348
TALL_007,2010,697.1086956521739
TALL_002,2010,693.0434782608696
TALL_022,2010,721.6521739130435
TALL_015,2010,705.8478260869565
TALL_016,2010,519.1304347826087
TALL_011,2010,707.8478260869565
TALL_018,2010,714.6304347826087
TALL_006,2010,608.6304347826087
TALL_013,2010,614.9565217391304
TALL_001,2010,553.6521739130435
TALL_017,2010,681.0869565217391
TALL_020,2010,512.8260869565217
TALL_008,2010,693.5
TALL_043,2010,573.8695652173913
TALL_049,2010,573.8695652173913
TALL_046,2010,573.8695652173913
TALL_061,2010,573.2173913043479
TALL_052,2010,573.1739130434783
TALL_050,2010,704.8478260869565
TALL_051,2010,573.2173913043479
TALL_057,2010,573.2173913043479
TALL_060,2010,704.8478260869565
TALL_055,2010,573.2173913043479
TALL_058,2010,573.1739130434783
TALL_045,2010,704.8478260869565
TALL_059,2010,573.1739130434783
TALL_054,2010,573.2173913043479
TALL_056,2010,573.1739130434783
TALL_044,2010,704.8478260869565
TALL_047,2010,704.8478260869565
TALL_048,2010,573.8695652173913
TALL_042,2010,573.8695652173913
TALL_053,2010,573.1739130434783
TALL_064,2010,689.4782608695652
TALL_025,2010,616.5869565217391
TEAK_045,2010,292.45652173913044
TEAK_054,2010,292.45652173913044
TEAK_048,2010,292.45652173913044
TEAK_061,2010,292.45652173913044
TEAK_059,2010,292.45652173913044
TEAK_049,2010,292.4130434782609
TEAK_060,2010,292.4130434782609
TEAK_055,2010,292.4130434782609
TEAK_062,2010,302.30434782608694
TEAK_056,2010,333.9130434782609
TEAK_044,2010,333.9130434782609
TEAK_057,2010,340.19565217391306
TEAK_053,2010,333.9130434782609
TEAK_047,2010,333.9130434782609
TEAK_051,2010,340.19565217391306
TEAK_046,2010,311.60869565217394
TEAK_058,2010,292.4130434782609
TEAK_043,2010,302.30434782608694
TEAK_052,2010,311.67391304347825
TEAK_050,2010,335.3478260869565
TEAK_001,2010,402.67391304347825
TEAK_002,2010,311.7173913043478
TEAK_003,2010,341.82608695652175
TEAK_004,2010,299.5869565217391
TEAK_006,2010,306.5217391304348
TEAK_025,2010,251.47826086956522
TEAK_005,2010,148.1086956521739
TEAK_011,2010,336.17391304347825
TEAK_007,2010,313.3695652173913
TEAK_014,2010,380.3478260869565
TEAK_010,2010,378.5217391304348
TEAK_012,2010,341.82608695652175
TEAK_017,2010,288.0652173913044
TEAK_013,2010,326.2608695652174
TEAK_019,2010,382.4130434782609
TEAK_020,2010,297.6304347826087
TEAK_016,2010,257.45652173913044
TEAK_015,2010,287.0
TEAK_024,2010,249.30434782608697
TEAK_018,2010,317.32608695652175
TREE_042,2010,400.17391304347825
TREE_053,2010,396.2391304347826
TREE_049,2010,396.2391304347826
TREE_046,2010,396.2391304347826
TREE_055,2010,396.2608695652174
TREE_056,2010,396.2391304347826
TREE_050,2010,484.30434782608694
TREE_054,2010,484.30434782608694
TREE_052,2010,396.2391304347826
TREE_051,2010,396.2608695652174
TREE_057,2010,386.0652173913044
TREE_025,2010,386.0652173913044
TREE_043,2010,386.04347826086956
TREE_044,2010,386.04347826086956
TREE_048,2010,503.0652173913044
TREE_047,2010,379.95652173913044
TREE_041,2010,396.2391304347826
TREE_040,2010,379.95652173913044
TREE_039,2010,386.0652173913044
TREE_045,2010,386.0652173913044
TREE_017,2010,386.04347826086956
TREE_019,2010,388.60869565217394
TREE_010,2010,379.17391304347825
TREE_016,2010,369.95652173913044
TREE_001,2010,369.4130434782609
TREE_014,2010,369.4130434782609
TREE_009,2010,523.0869565217391
TREE_060,2010,485.54347826086956
TREE_012,2010,388.60869565217394
TREE_005,2010,400.0217391304348
TREE_011,2010,364.4130434782609
TREE_018,2010,379.2173913043478
TREE_003,2010,532.0869565217391
TREE_007,2010,364.4130434782609
TREE_008,2010,498.54347826086956
TREE_006,2010,389.17391304347825
TREE_004,2010,498.54347826086956
TREE_002,2010,379.2173913043478
TREE_015,2010,412.2173913043478
TREE_023,2010,412.0869565217391
TREE_062,2010,523.0869565217391
TREE_064,2010,369.9782608695652
TREE_022,2010,389.17391304347825
TREE_063,2010,396.80434782608694
UNDE_048,2010,376.4782608695652
UNDE_038,2010,377.9130434782609
UNDE_037,2010,364.0652173913044
UNDE_045,2010,376.4782608695652
UNDE_058,2010,396.5869565217391
UNDE_052,2010,376.4782608695652
UNDE_047,2010,382.5217391304348
UNDE_054,2010,396.5869565217391
UNDE_057,2010,376.4782608695652
UNDE_050,2010,396.5869565217391
UNDE_055,2010,396.5869565217391
UNDE_059,2010,380.0652173913044
UNDE_065,2010,371.7173913043478
UNDE_043,2010,376.4782608695652
UNDE_044,2010,380.0652173913044
UNDE_049,2010,396.5869565217391
UNDE_056,2010,376.4782608695652
UNDE_078,2010,377.9130434782609
UNDE_061,2010,377.9130434782609
UNDE_060,2010,396.5869565217391
UNDE_014,2010,374.7608695652174
UNDE_013,2010,396.5869565217391
UNDE_002,2010,387.32608695652175
UNDE_001,2010,383.7391304347826
UNDE_003,2010,357.69565217391306
UNDE_010,2010,376.54347826086956
UNDE_006,2010,364.5217391304348
UNDE_011,2010,402.1521739130435
UNDE_007,2010,387.2826086956522
UNDE_012,2010,368.2826086956522
UNDE_008,2010,364.5217391304348
UNDE_016,2010,373.1304347826087
UNDE_020,2010,337.32608695652175
UNDE_021,2010,342.7826086956522
UNDE_022,2010,392.19565217391306
UNDE_018,2010,364.9130434782609
UNDE_019,2010,384.5652173913044
UNDE_023,2010,379.19565217391306
UNDE_015,2010,379.19565217391306
UNDE_027,2010,375.54347826086956
WREF_089,2010,470.9130434782609
WREF_082,2010,579.304347826087
WREF_077,2010,575.3260869565217
WREF_083,2010,470.9130434782609
WREF_086,2010,459.1304347826087
WREF_081,2010,459.39130434782606
WREF_076,2010,486.4130434782609
WREF_070,2010,575.3260869565217
WREF_074,2010,579.304347826087
WREF_072,2010,525.7608695652174
WREF_080,2010,573.0434782608696
WREF_073,2010,573.0434782608696
WREF_079,2010,573.0434782608696
WREF_085,2010,578.8913043478261
WREF_084,2010,578.8913043478261
WREF_078,2010,577.7391304347826
WREF_088,2010,579.304347826087
WREF_087,2010,578.8913043478261
WREF_075,2010,575.3260869565217
WREF_071,2010,579.304347826087
WREF_012,2010,559.4565217391304
WREF_016,2010,609.4565217391304
WREF_015,2010,586.5652173913044
WREF_013,2010,560.6521739130435
WREF_001,2010,489.9130434782609
WREF_003,2010,567.3695652173913
WREF_018,2010,546.804347826087
WREF_020,2010,608.7173913043479
WREF_002,2010,613.7826086956521
WREF_019,2010,533.0217391304348
WREF_010,2010,601.0434782608696
WREF_007,2010,583.0434782608696
WREF_008,2010,536.8478260869565
WREF_006,2010,542.8913043478261
WREF_005,2010,473.6521739130435
WREF_014,2010,493.67391304347825
WREF_009,2010,602.6086956521739
WREF_011,2010,583.695652173913
WREF_004,2010,584.6086956521739
WREF_017,2010,585.1304347826087
DELA_013,2010,456.5217391304348
DELA_003,2010,626.6086956521739
DELA_005,2010,317.54347826086956
DELA_011,2010,374.45652173913044
DELA_004,2010,477.17391304347825
DELA_018,2010,471.1521739130435
DELA_014,2010,450.32608695652175
DELA_015,2010,477.17391304347825
DELA_012,2010,450.32608695652175
DELA_010,2010,471.1521739130435
DELA_016,2010,461.69565217391306
DELA_001,2010,469.5869565217391
DELA_019,2010,471.2173913043478
DELA_017,2010,461.69565217391306
DELA_009,2010,626.6086956521739
DELA_002,2010,450.32608695652175
DELA_007,2010,471.1521739130435
DELA_020,2010,496.95652173913044
DELA_006,2010,471.2173913043478
DELA_008,2010,456.45652173913044
DELA_046,2010,496.95652173913044
DELA_053,2010,496.95652173913044
DELA_051,2010,482.6521739130435
DELA_043,2010,482.6521739130435
DELA_040,2010,496.95652173913044
DELA_052,2010,482.6521739130435
DELA_041,2010,482.6521739130435
DELA_044,2010,482.6521739130435
DELA_039,2010,471.4130434782609
DELA_054,2010,496.95652173913044
DELA_045,2010,496.95652173913044
DELA_042,2010,731.5869565217391
DELA_055,2010,471.4130434782609
DELA_037,2010,496.95652173913044
DELA_050,2010,496.95652173913044
DELA_056,2010,496.95652173913044
DELA_047,2010,471.1521739130435
DELA_048,2010,471.1521739130435
DELA_049,2010,731.5869565217391
DELA_038,2010,471.4130434782609
DELA_023,2010,456.45652173913044
DELA_022,2010,456.5217391304348
DELA_021,2010,338.2826086956522
DELA_059,2010,731.5869565217391
LENO_061,2010,682.6086956521739
LENO_065,2010,682.6086956521739
LENO_062,2010,682.6086956521739
LENO_068,2010,640.2173913043479
LENO_067,2010,640.2173913043479
LENO_064,2010,682.6086956521739
LENO_063,2010,640.2173913043479
LENO_066,2010,510.19565217391306
LENO_069,2010,510.19565217391306
LENO_070,2010,510.19565217391306
LENO_003,2010,486.8478260869565
LENO_002,2010,486.6521739130435
LENO_014,2010,481.0869565217391
LENO_011,2010,465.5652173913044
LENO_005,2010,467.3478260869565
LENO_015,2010,637.9565217391304
LENO_010,2010,503.0652173913044
LENO_012,2010,620.5652173913044
LENO_009,2010,511.9130434782609
LENO_018,2010,626.2608695652174
LENO_006,2010,507.95652173913044
LENO_013,2010,504.8478260869565
LENO_007,2010,481.0869565217391
LENO_008,2010,637.9565217391304
LENO_022,2010,492.4347826086956
LENO_001,2010,448.9130434782609
LENO_016,2010,507.95652173913044
LENO_021,2010,571.6304347826087
LENO_017,2010,654.8260869565217
LENO_004,2010,461.45652173913044
LENO_019,2010,517.1086956521739
UKFS_032,2010,411.7608695652174
UKFS_057,2010,411.7608695652174
UKFS_051,2010,411.7608695652174
UKFS_047,2010,437.45652173913044
UKFS_055,2010,411.7608695652174
UKFS_058,2010,437.45652173913044
UKFS_060,2010,411.7608695652174
UKFS_056,2010,444.0217391304348
UKFS_054,2010,434.82608695652175
UKFS_050,2010,434.7608695652174
UKFS_046,2010,434.7608695652174
UKFS_045,2010,437.4347826086956
UKFS_043,2010,434.7608695652174
UKFS_052,2010,437.4347826086956
UKFS_059,2010,434.7608695652174
UKFS_048,2010,434.7608695652174
UKFS_049,2010,444.0217391304348
UKFS_031,2010,437.45652173913044
UKFS_044,2010,444.0217391304348
UKFS_053,2010,444.0217391304348
UKFS_007,2010,283.80434782608694
UKFS_005,2010,455.5869565217391
UKFS_004,2010,413.4130434782609
UKFS_009,2010,282.9130434782609
UKFS_006,2010,434.7608695652174
UKFS_012,2010,270.2391304347826
UKFS_002,2010,261.9130434782609
UKFS_010,2010,330.1304347826087
UKFS_003,2010,330.1304347826087
UKFS_001,2010,437.4347826086956
UKFS_011,2010,434.82608695652175
UKFS_008,2010,434.82608695652175
UKFS_017,2010,270.2391304347826
UKFS_019,2010,432.0217391304348
UKFS_016,2010,428.7608695652174
UKFS_018,2010,330.10869565217394
UKFS_014,2010,437.4347826086956
UKFS_015,2010,416.7826086956522
UKFS_013,2010,378.7173913043478
UKFS_025,2010,344.0
YELL_002,2010,170.7391304347826
YELL_016,2010,118.0
YELL_013,2010,129.5
YELL_006,2010,126.45652173913044
YELL_020,2010,243.91304347826087
YELL_008,2010,122.78260869565217
YELL_014,2010,172.47826086956522
YELL_001,2010,134.45652173913044
YELL_011,2010,107.1304347826087
YELL_004,2010,120.32608695652173
YELL_003,2010,124.32608695652173
YELL_010,2010,119.0
YELL_005,2010,120.02173913043478
YELL_007,2010,150.08695652173913
YELL_018,2010,153.34782608695653
YELL_023,2010,164.1086956521739
YELL_012,2010,130.2173913043478
YELL_009,2010,139.95652173913044
YELL_021,2010,261.8478260869565
YELL_022,2010,137.7826086956522
YELL_047,2010,134.47826086956522
YELL_054,2010,134.47826086956522
YELL_058,2010,134.47826086956522
YELL_044,2010,134.47826086956522
YELL_052,2010,134.5
YELL_055,2010,134.5
YELL_062,2010,134.47826086956522
YELL_056,2010,131.82608695652175
YELL_048,2010,131.82608695652175
YELL_060,2010,160.47826086956522
YELL_051,2010,134.5
YELL_053,2010,152.08695652173913
YELL_045,2010,131.82608695652175
YELL_046,2010,134.5
YELL_061,2010,134.5
YELL_049,2010,152.08695652173913
YELL_059,2010,134.5
YELL_043,2010,152.08695652173913
YELL_050,2010,160.47826086956522
YELL_057,2010,160.47826086956522
YELL_015,2010,120.26086956521739
BONA_072,2010,252.43478260869566
BONA_079,2010,252.43478260869566
BONA_070,2010,209.02173913043478
BONA_075,2010,252.43478260869566
BONA_078,2010,252.43478260869566
BONA_076,2010,252.43478260869566
BONA_082,2010,311.3695652173913
BONA_071,2010,252.43478260869566
BONA_087,2010,252.43478260869566
BONA_084,2010,311.3695652173913
BONA_080,2010,209.02173913043478
BONA_086,2010,209.02173913043478
BONA_088,2010,252.43478260869566
BONA_089,2010,311.3695652173913
BONA_085,2010,209.06521739130434
BONA_083,2010,160.2826086956522
BONA_074,2010,160.2826086956522
BONA_081,2010,182.80434782608697
BONA_077,2010,182.80434782608697
BONA_073,2010,182.80434782608697
BONA_014,2010,252.2608695652174
BONA_011,2010,171.58695652173913
BONA_001,2010,252.1086956521739
BONA_018,2010,175.7608695652174
BONA_023,2010,184.30434782608697
BONA_009,2010,184.04347826086956
BONA_002,2010,350.9130434782609
BONA_012,2010,354.95652173913044
BONA_008,2010,260.2173913043478
BONA_093,2010,252.43478260869566
BONA_007,2010,260.82608695652175
BONA_005,2010,308.80434782608694
BONA_021,2010,206.67391304347825
BONA_026,2010,220.6304347826087
BONA_022,2010,207.82608695652175
BONA_010,2010,207.82608695652175
BONA_003,2010,158.3913043478261
BONA_004,2010,224.02173913043478
BONA_006,2010,227.3913043478261
BONA_016,2010,131.58695652173913
BONA_013,2010,219.04347826086956
DEJU_050,2010,150.19565217391303
DEJU_051,2010,161.7391304347826
DEJU_049,2010,171.6086956521739
DEJU_057,2010,192.7608695652174
DEJU_047,2010,171.6086956521739
DEJU_052,2010,171.6086956521739
DEJU_045,2010,171.6086956521739
DEJU_056,2010,171.6086956521739
DEJU_061,2010,171.6086956521739
DEJU_064,2010,150.19565217391303
DEJU_054,2010,151.2173913043478
DEJU_060,2010,175.1086956521739
DEJU_046,2010,175.1086956521739
DEJU_055,2010,175.1086956521739
DEJU_063,2010,161.7391304347826
DEJU_059,2010,150.19565217391303
DEJU_048,2010,159.3695652173913
DEJU_062,2010,159.3695652173913
DEJU_058,2010,161.7391304347826
DEJU_053,2010,150.19565217391303
DEJU_010,2010,119.56521739130434
DEJU_004,2010,82.45652173913044
DEJU_003,2010,101.30434782608695
DEJU_023,2010,137.34782608695653
DEJU_008,2010,115.3913043478261
DEJU_019,2010,150.6304347826087
DEJU_005,2010,155.08695652173913
DEJU_001,2010,136.32608695652175
DEJU_007,2010,148.04347826086956
DEJU_015,2010,194.19565217391303
DEJU_017,2010,157.32608695652175
DEJU_014,2010,157.47826086956522
DEJU_006,2010,149.2173913043478
DEJU_021,2010,168.7391304347826
DEJU_002,2010,140.43478260869566
DEJU_024,2010,147.30434782608697
DEJU_016,2010,188.06521739130434
DEJU_009,2010,185.82608695652175
DEJU_018,2010,149.2173913043478
DEJU_020,2010,149.34782608695653
HEAL_072,2010,269.5
HEAL_063,2010,284.32608695652175
HEAL_070,2010,292.04347826086956
HEAL_060,2010,292.04347826086956
HEAL_071,2010,292.04347826086956
HEAL_050,2010,292.04347826086956
HEAL_067,2010,292.04347826086956
HEAL_068,2010,307.45652173913044
HEAL_064,2010,312.7391304347826
HEAL_062,2010,292.04347826086956
HEAL_061,2010,292.04347826086956
HEAL_073,2010,292.04347826086956
HEAL_052,2010,292.04347826086956
HEAL_066,2010,279.0
HEAL_058,2010,292.04347826086956
HEAL_069,2010,279.0
HEAL_048,2010,284.32608695652175
HEAL_054,2010,307.4347826086956
HEAL_053,2010,279.0
HEAL_074,2010,279.0
HEAL_056,2010,279.0
HEAL_051,2010,279.0
HEAL_065,2010,279.0
HEAL_057,2010,269.5
HEAL_046,2010,279.0
HEAL_059,2010,279.0
HEAL_055,2010,279.0
HEAL_047,2010,279.0
HEAL_010,2010,267.2173913043478
HEAL_002,2010,244.1304347826087
HEAL_003,2010,269.7173913043478
HEAL_014,2010,280.10869565217394
HEAL_022,2010,313.9130434782609
HEAL_023,2010,264.19565217391306
HEAL_021,2010,273.5
HEAL_001,2010,290.9782608695652
HEAL_016,2010,307.45652173913044
HEAL_020,2010,270.5652173913044
HEAL_006,2010,251.7608695652174
HEAL_019,2010,288.9782608695652
HEAL_011,2010,289.7608695652174
HEAL_025,2010,251.82608695652175
HEAL_018,2010,271.2173913043478
HEAL_017,2010,180.8695652173913
HEAL_004,2010,275.2173913043478
HEAL_005,2010,282.7173913043478
HEAL_015,2010,279.5
HEAL_049,2010,292.04347826086956
HEAL_026,2010,284.7608695652174
HEAL_045,2010,269.5
HEAL_024,2010,256.0869565217391
ABBY_063,2011,477.7826086956522
ABBY_068,2011,477.7826086956522
ABBY_065,2011,488.0
ABBY_067,2011,477.7826086956522
ABBY_066,2011,477.7826086956522
ABBY_061,2011,477.7826086956522
ABBY_070,2011,477.7826086956522
ABBY_062,2011,477.4782608695652
ABBY_064,2011,477.7826086956522
ABBY_069,2011,477.4782608695652
ABBY_075,2011,475.54347826086956
ABBY_074,2011,477.4782608695652
ABBY_073,2011,477.4782608695652
ABBY_076,2011,477.7826086956522
ABBY_004,2011,423.45652173913044
ABBY_009,2011,423.45652173913044
ABBY_011,2011,508.4347826086956
ABBY_013,2011,435.60869565217394
ABBY_023,2011,471.2391304347826
ABBY_010,2011,520.5434782608696
ABBY_018,2011,579.0434782608696
ABBY_003,2011,453.67391304347825
ABBY_012,2011,497.10869565217394
ABBY_005,2011,496.54347826086956
ABBY_016,2011,470.2608695652174
ABBY_008,2011,498.1304347826087
ABBY_017,2011,528.7391304347826
ABBY_014,2011,400.69565217391306
ABBY_001,2011,462.3695652173913
ABBY_019,2011,470.2608695652174
ABBY_006,2011,480.95652173913044
ABBY_002,2011,386.60869565217394
ABBY_007,2011,392.67391304347825
ABBY_025,2011,499.3478260869565
ABBY_015,2011,277.54347826086956
ABBY_077,2011,462.89130434782606
BART_012,2011,420.1521739130435
BART_001,2011,421.45652173913044
BART_005,2011,454.2391304347826
BART_044,2011,419.7826086956522
BART_037,2011,419.7826086956522
BART_073,2011,413.7608695652174
BART_074,2011,419.7826086956522
BART_075,2011,420.39130434782606
BART_042,2011,420.39130434782606
BART_072,2011,420.39130434782606
BART_046,2011,419.7826086956522
BART_036,2011,420.39130434782606
BART_051,2011,413.7608695652174
BART_041,2011,424.3695652173913
BART_034,2011,424.3695652173913
BART_039,2011,413.7608695652174
BART_050,2011,420.39130434782606
BART_040,2011,413.5869565217391
BART_071,2011,426.8695652173913
BART_070,2011,424.3695652173913
BART_033,2011,424.3695652173913
BART_047,2011,413.5869565217391
BART_032,2011,427.0652173913044
BART_015,2011,421.7826086956522
BART_016,2011,440.5
BART_028,2011,415.8478260869565
BART_010,2011,427.69565217391306
BART_013,2011,399.17391304347825
BART_026,2011,422.8478260869565
BART_006,2011,418.4347826086956
BART_023,2011,427.69565217391306
BART_002,2011,405.32608695652175
BART_018,2011,434.4782608695652
BART_003,2011,427.0869565217391
BART_024,2011,427.69565217391306
BART_011,2011,426.4130434782609
BART_025,2011,422.8478260869565
BART_007,2011,426.4130434782609
BART_027,2011,434.67391304347825
BART_004,2011,407.0
BART_019,2011,427.0652173913044
BLAN_042,2011,383.5652173913044
BLAN_056,2011,383.5652173913044
BLAN_034,2011,283.7826086956522
BLAN_043,2011,383.5652173913044
BLAN_046,2011,379.32608695652175
BLAN_045,2011,383.5652173913044
BLAN_059,2011,379.32608695652175
BLAN_039,2011,383.5652173913044
BLAN_033,2011,383.5652173913044
BLAN_051,2011,383.5652173913044
BLAN_054,2011,383.5652173913044
BLAN_031,2011,283.7826086956522
BLAN_049,2011,283.7826086956522
BLAN_060,2011,383.5652173913044
BLAN_035,2011,379.32608695652175
BLAN_038,2011,383.5652173913044
BLAN_040,2011,383.5652173913044
BLAN_037,2011,283.7826086956522
BLAN_044,2011,283.7826086956522
BLAN_050,2011,419.0869565217391
BLAN_052,2011,283.7826086956522
BLAN_048,2011,419.0869565217391
BLAN_055,2011,283.7826086956522
BLAN_057,2011,379.32608695652175
BLAN_032,2011,379.32608695652175
BLAN_036,2011,419.0869565217391
BLAN_047,2011,419.0869565217391
BLAN_063,2011,419.0869565217391
BLAN_005,2011,406.2391304347826
BLAN_017,2011,406.2391304347826
BLAN_011,2011,534.6739130434783
BLAN_068,2011,385.39130434782606
BLAN_016,2011,385.39130434782606
BLAN_001,2011,430.17391304347825
BLAN_008,2011,405.3695652173913
BLAN_003,2011,418.95652173913044
BLAN_018,2011,477.6304347826087
BLAN_004,2011,385.39130434782606
BLAN_014,2011,410.6521739130435
BLAN_020,2011,481.3478260869565
BLAN_006,2011,477.6304347826087
BLAN_007,2011,405.3695652173913
BLAN_010,2011,385.39130434782606
BLAN_012,2011,477.6304347826087
BLAN_013,2011,431.30434782608694
BLAN_015,2011,647.8478260869565
BLAN_009,2011,430.17391304347825
BLAN_053,2011,379.32608695652175
BLAN_041,2011,419.0869565217391
BLAN_064,2011,283.7826086956522
BLAN_019,2011,385.3695652173913
GRSM_057,2011,540.4130434782609
GRSM_048,2011,540.4130434782609
GRSM_059,2011,542.6086956521739
GRSM_054,2011,538.3695652173913
GRSM_049,2011,531.6086956521739
GRSM_066,2011,540.4130434782609
GRSM_065,2011,530.8478260869565
GRSM_047,2011,542.6086956521739
GRSM_063,2011,531.0869565217391
GRSM_053,2011,531.0869565217391
GRSM_062,2011,538.3695652173913
GRSM_060,2011,542.6086956521739
GRSM_050,2011,540.804347826087
GRSM_051,2011,542.6086956521739
GRSM_064,2011,542.6086956521739
GRSM_002,2011,549.0217391304348
GRSM_025,2011,504.39130434782606
GRSM_016,2011,401.5217391304348
GRSM_017,2011,526.1304347826087
GRSM_004,2011,553.695652173913
GRSM_001,2011,535.8913043478261
GRSM_012,2011,482.5869565217391
GRSM_008,2011,502.7173913043478
GRSM_003,2011,508.60869565217394
GRSM_019,2011,524.1739130434783
GRSM_006,2011,524.1739130434783
GRSM_013,2011,526.2826086956521
GRSM_015,2011,525.8913043478261
GRSM_014,2011,533.2173913043479
GRSM_010,2011,533.2173913043479
GRSM_005,2011,530.4130434782609
GRSM_011,2011,552.7173913043479
GRSM_007,2011,535.0652173913044
GRSM_009,2011,507.5217391304348
GRSM_055,2011,531.0869565217391
GRSM_018,2011,552.9347826086956
GRSM_061,2011,542.6086956521739
GRSM_056,2011,542.6086956521739
GRSM_058,2011,530.8478260869565
GRSM_052,2011,538.3695652173913
HARV_013,2011,478.0869565217391
HARV_022,2011,451.9347826086956
HARV_008,2011,452.9782608695652
HARV_004,2011,465.1304347826087
HARV_024,2011,443.39130434782606
HARV_010,2011,0.0
HARV_006,2011,437.4347826086956
HARV_001,2011,432.2173913043478
HARV_005,2011,379.2391304347826
HARV_027,2011,451.6304347826087
HARV_043,2011,453.8695652173913
HARV_035,2011,453.8695652173913
HARV_037,2011,471.60869565217394
HARV_020,2011,442.6304347826087
HARV_023,2011,448.5
HARV_014,2011,453.2826086956522
HARV_011,2011,450.0869565217391
HARV_025,2011,449.9782608695652
HARV_002,2011,468.1304347826087
HARV_012,2011,461.0652173913044
HARV_026,2011,436.67391304347825
HARV_016,2011,452.2173913043478
HARV_039,2011,450.9782608695652
HARV_021,2011,463.4347826086956
HARV_045,2011,446.7173913043478
HARV_041,2011,471.54347826086956
HARV_038,2011,471.60869565217394
HARV_050,2011,471.60869565217394
HARV_048,2011,453.8695652173913
HARV_036,2011,446.7173913043478
HARV_052,2011,453.8695652173913
HARV_049,2011,450.8695652173913
HARV_047,2011,471.60869565217394
HARV_044,2011,471.60869565217394
HARV_040,2011,453.8695652173913
HARV_046,2011,471.54347826086956
HARV_033,2011,471.60869565217394
HARV_051,2011,450.9782608695652
HARV_034,2011,471.60869565217394
HARV_042,2011,450.9782608695652
HARV_015,2011,471.54347826086956
HARV_017,2011,454.3695652173913
JERC_002,2011,530.1521739130435
JERC_015,2011,550.6304347826087
JERC_007,2011,539.7391304347826
JERC_001,2011,537.1304347826087
JERC_010,2011,530.7826086956521
JERC_009,2011,526.7608695652174
JERC_029,2011,502.8478260869565
JERC_021,2011,575.1739130434783
JERC_011,2011,502.8478260869565
JERC_040,2011,499.7173913043478
JERC_035,2011,483.69565217391306
JERC_033,2011,550.7826086956521
JERC_019,2011,598.1086956521739
JERC_030,2011,587.304347826087
JERC_034,2011,456.6304347826087
JERC_036,2011,549.7608695652174
JERC_028,2011,321.9347826086956
JERC_044,2011,459.1521739130435
JERC_016,2011,549.7608695652174
JERC_038,2011,564.5652173913044
JERC_006,2011,444.0652173913044
JERC_041,2011,646.5869565217391
JERC_031,2011,514.0434782608696
JERC_042,2011,530.7826086956521
JERC_008,2011,523.804347826087
JERC_005,2011,523.804347826087
JERC_003,2011,537.1304347826087
JERC_022,2011,503.19565217391306
JERC_013,2011,543.1086956521739
JERC_066,2011,530.1521739130435
JERC_065,2011,514.0434782608696
JERC_054,2011,544.2173913043479
JERC_051,2011,514.0434782608696
JERC_062,2011,530.2391304347826
JERC_047,2011,530.2391304347826
JERC_057,2011,514.0869565217391
JERC_060,2011,514.0434782608696
JERC_064,2011,514.0434782608696
JERC_050,2011,530.2391304347826
JERC_053,2011,530.1521739130435
JERC_049,2011,530.2391304347826
JERC_061,2011,530.2391304347826
JERC_058,2011,530.1521739130435
JERC_048,2011,530.1521739130435
JERC_063,2011,530.1521739130435
JERC_052,2011,530.2391304347826
JERC_059,2011,530.1521739130435
JERC_056,2011,530.2391304347826
JERC_055,2011,530.2391304347826
JERC_004,2011,567.0217391304348
JERC_014,2011,500.82608695652175
JERC_012,2011,448.82608695652175
MLBS_076,2011,469.32608695652175
MLBS_061,2011,463.8478260869565
MLBS_064,2011,463.8478260869565
MLBS_075,2011,475.4130434782609
MLBS_065,2011,475.4130434782609
MLBS_062,2011,475.5
MLBS_069,2011,469.32608695652175
MLBS_063,2011,469.3695652173913
MLBS_073,2011,469.3695652173913
MLBS_074,2011,469.32608695652175
MLBS_066,2011,469.3695652173913
MLBS_067,2011,469.3695652173913
MLBS_071,2011,469.32608695652175
MLBS_072,2011,469.3695652173913
MLBS_070,2011,469.3695652173913
MLBS_068,2011,469.3695652173913
MLBS_009,2011,463.8478260869565
MLBS_010,2011,456.5
MLBS_005,2011,461.69565217391306
MLBS_003,2011,456.5
MLBS_019,2011,483.69565217391306
MLBS_016,2011,489.39130434782606
MLBS_015,2011,478.39130434782606
MLBS_014,2011,469.80434782608694
MLBS_001,2011,452.7173913043478
MLBS_017,2011,452.7173913043478
MLBS_011,2011,473.9782608695652
MLBS_012,2011,473.9782608695652
MLBS_002,2011,475.4130434782609
MLBS_004,2011,494.2826086956522
MLBS_018,2011,485.4347826086956
MLBS_008,2011,488.1521739130435
MLBS_007,2011,478.2391304347826
MLBS_006,2011,499.39130434782606
MLBS_020,2011,488.2826086956522
MLBS_013,2011,501.10869565217394
ORNL_002,2011,574.0
ORNL_003,2011,538.7173913043479
ORNL_009,2011,638.5434782608696
ORNL_021,2011,441.10869565217394
ORNL_031,2011,375.4130434782609
ORNL_033,2011,490.32608695652175
ORNL_066,2011,626.8913043478261
ORNL_044,2011,626.8913043478261
ORNL_012,2011,0.0
ORNL_004,2011,508.7391304347826
ORNL_001,2011,399.5652173913044
ORNL_027,2011,506.2826086956522
ORNL_014,2011,510.1304347826087
ORNL_029,2011,505.17391304347825
ORNL_007,2011,537.4130434782609
ORNL_006,2011,530.4130434782609
ORNL_008,2011,536.5652173913044
ORNL_035,2011,563.1739130434783
ORNL_010,2011,538.6521739130435
ORNL_032,2011,510.8695652173913
ORNL_055,2011,536.7391304347826
ORNL_062,2011,536.7391304347826
ORNL_063,2011,535.4130434782609
ORNL_049,2011,535.4130434782609
ORNL_052,2011,536.7391304347826
ORNL_059,2011,495.5217391304348
ORNL_036,2011,532.1304347826087
ORNL_053,2011,495.5217391304348
ORNL_046,2011,495.5217391304348
ORNL_043,2011,531.695652173913
ORNL_058,2011,531.695652173913
ORNL_060,2011,531.695652173913
ORNL_056,2011,536.7391304347826
ORNL_037,2011,536.7391304347826
ORNL_057,2011,532.1304347826087
ORNL_051,2011,536.7391304347826
ORNL_061,2011,495.5217391304348
ORNL_054,2011,532.1304347826087
ORNL_045,2011,532.1304347826087
ORNL_050,2011,532.1304347826087
ORNL_017,2011,517.3913043478261
ORNL_068,2011,500.4347826086956
ORNL_019,2011,541.3260869565217
ORNL_018,2011,372.4347826086956
ORNL_067,2011,504.6521739130435
ORNL_015,2011,538.7608695652174
OSBS_002,2011,537.2826086956521
OSBS_006,2011,473.04347826086956
OSBS_048,2011,523.5652173913044
OSBS_001,2011,673.9782608695652
OSBS_018,2011,455.0869565217391
OSBS_011,2011,523.0652173913044
OSBS_014,2011,534.5434782608696
OSBS_004,2011,493.8478260869565
OSBS_020,2011,471.32608695652175
OSBS_023,2011,523.0652173913044
OSBS_049,2011,499.30434782608694
OSBS_003,2011,530.0217391304348
OSBS_012,2011,448.95652173913044
OSBS_013,2011,493.8478260869565
OSBS_024,2011,523.0652173913044
OSBS_016,2011,580.304347826087
OSBS_008,2011,515.8260869565217
OSBS_010,2011,608.9782608695652
OSBS_051,2011,482.5
OSBS_050,2011,491.1304347826087
OSBS_007,2011,494.4782608695652
OSBS_005,2011,631.7173913043479
OSBS_017,2011,602.6739130434783
OSBS_043,2011,483.0869565217391
OSBS_022,2011,534.5434782608696
OSBS_039,2011,489.39130434782606
OSBS_036,2011,489.39130434782606
OSBS_029,2011,489.39130434782606
OSBS_040,2011,486.45652173913044
OSBS_015,2011,712.0217391304348
OSBS_025,2011,484.30434782608694
OSBS_030,2011,484.30434782608694
OSBS_038,2011,484.30434782608694
OSBS_042,2011,484.30434782608694
OSBS_035,2011,473.7608695652174
OSBS_037,2011,473.7608695652174
OSBS_028,2011,473.7608695652174
OSBS_021,2011,564.0652173913044
OSBS_041,2011,473.7608695652174
OSBS_009,2011,622.9565217391304
OSBS_031,2011,486.45652173913044
OSBS_033,2011,489.39130434782606
OSBS_032,2011,489.39130434782606
OSBS_044,2011,489.39130434782606
OSBS_027,2011,489.39130434782606
OSBS_034,2011,486.3695652173913
OSBS_026,2011,489.39130434782606
OSBS_063,2011,482.2391304347826
OSBS_067,2011,483.1304347826087
OSBS_066,2011,712.0217391304348
OSBS_068,2011,485.7391304347826
OSBS_070,2011,486.45652173913044
OSBS_073,2011,560.8695652173913
RMNP_043,2011,193.7608695652174
RMNP_042,2011,193.7608695652174
RMNP_041,2011,303.7173913043478
RMNP_048,2011,193.7608695652174
RMNP_049,2011,193.7608695652174
RMNP_046,2011,193.7608695652174
RMNP_047,2011,193.7608695652174
RMNP_045,2011,193.7608695652174
RMNP_044,2011,193.7608695652174
RMNP_013,2011,247.34782608695653
RMNP_003,2011,265.9782608695652
RMNP_009,2011,265.9782608695652
RMNP_011,2011,181.2826086956522
RMNP_019,2011,288.3695652173913
RMNP_015,2011,336.7826086956522
RMNP_002,2011,336.3695652173913
RMNP_020,2011,336.7826086956522
RMNP_016,2011,347.0217391304348
RMNP_017,2011,287.5869565217391
RMNP_005,2011,377.4347826086956
RMNP_001,2011,351.0869565217391
RMNP_014,2011,388.0
RMNP_008,2011,351.95652173913044
RMNP_012,2011,390.0
RMNP_018,2011,378.54347826086956
RMNP_006,2011,360.10869565217394
RMNP_004,2011,307.8695652173913
RMNP_010,2011,330.82608695652175
RMNP_007,2011,330.82608695652175
SCBI_008,2011,508.54347826086956
SCBI_004,2011,439.9347826086956
SCBI_015,2011,478.0652173913044
SCBI_017,2011,477.0869565217391
SCBI_013,2011,473.7391304347826
SCBI_007,2011,454.2608695652174
SCBI_018,2011,460.2391304347826
SCBI_003,2011,448.2173913043478
SCBI_011,2011,489.54347826086956
SCBI_016,2011,446.1304347826087
SCBI_002,2011,461.10869565217394
SCBI_010,2011,433.4782608695652
SCBI_014,2011,469.32608695652175
SCBI_005,2011,462.60869565217394
SCBI_056,2011,449.60869565217394
SCBI_045,2011,459.9782608695652
SCBI_053,2011,449.60869565217394
SCBI_061,2011,449.60869565217394
SCBI_050,2011,449.60869565217394
SCBI_057,2011,449.60869565217394
SCBI_062,2011,460.9347826086956
SCBI_047,2011,460.9347826086956
SCBI_067,2011,460.9347826086956
SCBI_066,2011,460.9347826086956
SCBI_064,2011,459.9782608695652
SCBI_052,2011,459.9782608695652
SCBI_054,2011,459.9782608695652
SCBI_046,2011,461.10869565217394
SCBI_049,2011,460.9347826086956
SCBI_063,2011,460.9347826086956
SCBI_055,2011,449.60869565217394
SCBI_048,2011,460.9347826086956
SCBI_051,2011,449.60869565217394
SCBI_058,2011,459.9782608695652
SCBI_034,2011,354.69565217391306
SCBI_038,2011,457.5869565217391
SCBI_033,2011,354.69565217391306
SCBI_006,2011,459.2826086956522
SCBI_035,2011,457.5869565217391
SCBI_012,2011,463.60869565217394
SCBI_071,2011,433.4782608695652
SCBI_019,2011,487.0
SCBI_021,2011,459.2826086956522
SCBI_023,2011,478.0652173913044
SCBI_022,2011,452.2826086956522
SERC_062,2011,420.95652173913044
SERC_045,2011,420.95652173913044
SERC_051,2011,420.95652173913044
SERC_050,2011,459.9130434782609
SERC_052,2011,469.9347826086956
SERC_058,2011,493.30434782608694
SERC_043,2011,493.82608695652175
SERC_055,2011,487.9782608695652
SERC_048,2011,493.30434782608694
SERC_060,2011,493.30434782608694
SERC_061,2011,470.5
SERC_054,2011,470.5
SERC_059,2011,552.6304347826087
SERC_046,2011,477.0
SERC_053,2011,470.5
SERC_044,2011,477.0
SERC_047,2011,463.8478260869565
SERC_049,2011,463.8478260869565
SERC_057,2011,463.8478260869565
SERC_056,2011,463.8478260869565
SERC_007,2011,655.8695652173913
SERC_018,2011,605.8260869565217
SERC_009,2011,488.10869565217394
SERC_008,2011,605.9130434782609
SERC_011,2011,490.60869565217394
SERC_003,2011,490.39130434782606
SERC_006,2011,375.4782608695652
SERC_001,2011,422.17391304347825
SERC_017,2011,589.2826086956521
SERC_019,2011,471.60869565217394
SERC_010,2011,649.4565217391304
SERC_014,2011,490.4347826086956
SERC_012,2011,483.5217391304348
SERC_016,2011,490.2391304347826
SERC_022,2011,458.7391304347826
SERC_004,2011,471.60869565217394
SERC_021,2011,493.82608695652175
SERC_013,2011,458.9782608695652
SERC_005,2011,502.0
SERC_002,2011,498.5652173913044
SERC_067,2011,482.10869565217394
SERC_073,2011,459.9130434782609
SOAP_059,2011,455.89130434782606
SOAP_057,2011,455.89130434782606
SOAP_051,2011,455.89130434782606
SOAP_048,2011,455.89130434782606
SOAP_058,2011,469.10869565217394
SOAP_043,2011,468.67391304347825
SOAP_050,2011,468.67391304347825
SOAP_044,2011,467.45652173913044
SOAP_052,2011,467.0869565217391
SOAP_046,2011,467.45652173913044
SOAP_060,2011,467.0869565217391
SOAP_055,2011,468.67391304347825
SOAP_054,2011,477.4130434782609
SOAP_047,2011,477.4130434782609
SOAP_031,2011,490.60869565217394
SOAP_049,2011,490.60869565217394
SOAP_056,2011,490.60869565217394
SOAP_053,2011,477.4130434782609
SOAP_045,2011,512.6304347826087
SOAP_061,2011,455.89130434782606
SOAP_002,2011,373.19565217391306
SOAP_010,2011,455.89130434782606
SOAP_006,2011,427.9130434782609
SOAP_013,2011,373.19565217391306
SOAP_012,2011,475.95652173913044
SOAP_004,2011,455.89130434782606
SOAP_003,2011,492.5652173913044
SOAP_016,2011,518.5434782608696
SOAP_007,2011,509.1304347826087
SOAP_020,2011,477.4130434782609
SOAP_009,2011,481.39130434782606
SOAP_008,2011,475.95652173913044
SOAP_021,2011,453.17391304347825
SOAP_018,2011,523.8913043478261
SOAP_019,2011,523.8913043478261
SOAP_017,2011,512.7608695652174
SOAP_015,2011,476.67391304347825
SOAP_001,2011,474.39130434782606
SOAP_011,2011,469.10869565217394
SOAP_022,2011,476.67391304347825
SOAP_024,2011,427.9130434782609
STEI_058,2011,516.5
STEI_051,2011,516.5
STEI_056,2011,513.4782608695652
STEI_046,2011,513.4782608695652
STEI_061,2011,513.4782608695652
STEI_062,2011,513.4782608695652
STEI_052,2011,513.4782608695652
STEI_055,2011,516.5
STEI_047,2011,513.4782608695652
STEI_053,2011,513.4782608695652
STEI_048,2011,372.67391304347825
STEI_060,2011,513.4782608695652
STEI_054,2011,372.67391304347825
STEI_049,2011,513.4782608695652
STEI_057,2011,513.4782608695652
STEI_050,2011,372.67391304347825
STEI_059,2011,372.67391304347825
STEI_005,2011,393.3478260869565
STEI_009,2011,376.5869565217391
STEI_012,2011,391.6521739130435
STEI_017,2011,385.0652173913044
STEI_019,2011,393.5869565217391
STEI_003,2011,382.0869565217391
STEI_007,2011,377.9782608695652
STEI_002,2011,390.5869565217391
STEI_011,2011,389.0
STEI_010,2011,379.0869565217391
STEI_008,2011,391.17391304347825
STEI_015,2011,378.67391304347825
STEI_016,2011,386.95652173913044
STEI_004,2011,389.45652173913044
STEI_013,2011,387.04347826086956
STEI_001,2011,383.8695652173913
STEI_021,2011,495.1521739130435
STEI_006,2011,388.1304347826087
STEI_014,2011,382.67391304347825
STEI_022,2011,406.8695652173913
STEI_023,2011,385.0
TALL_003,2011,690.6521739130435
TALL_005,2011,629.6086956521739
TALL_009,2011,621.9565217391304
TALL_012,2011,705.8913043478261
TALL_004,2011,517.8913043478261
TALL_010,2011,727.4130434782609
TALL_007,2011,726.0869565217391
TALL_002,2011,723.4565217391304
TALL_022,2011,738.7826086956521
TALL_015,2011,726.3478260869565
TALL_016,2011,545.7608695652174
TALL_011,2011,740.1086956521739
TALL_018,2011,767.6521739130435
TALL_006,2011,608.1521739130435
TALL_013,2011,630.304347826087
TALL_001,2011,580.1521739130435
TALL_017,2011,698.4782608695652
TALL_020,2011,517.7826086956521
TALL_008,2011,719.695652173913
TALL_043,2011,643.2173913043479
TALL_049,2011,643.2173913043479
TALL_046,2011,643.2173913043479
TALL_061,2011,641.3913043478261
TALL_052,2011,641.304347826087
TALL_050,2011,747.6304347826087
TALL_051,2011,641.3913043478261
TALL_057,2011,641.3913043478261
TALL_060,2011,747.6304347826087
TALL_055,2011,641.3913043478261
TALL_058,2011,641.304347826087
TALL_045,2011,747.6304347826087
TALL_059,2011,641.304347826087
TALL_054,2011,641.3913043478261
TALL_056,2011,641.304347826087
TALL_044,2011,747.6304347826087
TALL_047,2011,747.6304347826087
TALL_048,2011,643.2173913043479
TALL_042,2011,643.2173913043479
TALL_053,2011,641.304347826087
TALL_064,2011,712.0652173913044
TALL_025,2011,629.4347826086956
TEAK_045,2011,342.54347826086956
TEAK_054,2011,342.54347826086956
TEAK_048,2011,342.54347826086956
TEAK_061,2011,342.54347826086956
TEAK_059,2011,342.54347826086956
TEAK_049,2011,342.4782608695652
TEAK_060,2011,342.4782608695652
TEAK_055,2011,342.4782608695652
TEAK_062,2011,332.4782608695652
TEAK_056,2011,368.5217391304348
TEAK_044,2011,368.5217391304348
TEAK_057,2011,368.89130434782606
TEAK_053,2011,368.5217391304348
TEAK_047,2011,368.5217391304348
TEAK_051,2011,368.89130434782606
TEAK_046,2011,381.17391304347825
TEAK_058,2011,342.4782608695652
TEAK_043,2011,332.4782608695652
TEAK_052,2011,381.17391304347825
TEAK_050,2011,355.4782608695652
TEAK_001,2011,474.7608695652174
TEAK_002,2011,368.5652173913044
TEAK_003,2011,374.6521739130435
TEAK_004,2011,330.5217391304348
TEAK_006,2011,346.1304347826087
TEAK_025,2011,258.80434782608694
TEAK_005,2011,133.8695652173913
TEAK_011,2011,397.6304347826087
TEAK_007,2011,344.30434782608694
TEAK_014,2011,433.2826086956522
TEAK_010,2011,427.7173913043478
TEAK_012,2011,374.6521739130435
TEAK_017,2011,311.10869565217394
TEAK_013,2011,357.7608695652174
TEAK_019,2011,451.69565217391306
TEAK_020,2011,315.0652173913044
TEAK_016,2011,269.5217391304348
TEAK_015,2011,353.80434782608694
TEAK_024,2011,258.69565217391306
TEAK_018,2011,351.19565217391306
TREE_042,2011,389.80434782608694
TREE_053,2011,375.0217391304348
TREE_049,2011,375.0217391304348
TREE_046,2011,375.0217391304348
TREE_055,2011,375.0
TREE_056,2011,375.0217391304348
TREE_050,2011,500.0
TREE_054,2011,500.0
TREE_052,2011,375.0217391304348
TREE_051,2011,375.0
TREE_057,2011,363.80434782608694
TREE_025,2011,363.80434782608694
TREE_043,2011,363.7608695652174
TREE_044,2011,363.7608695652174
TREE_048,2011,502.2391304347826
TREE_047,2011,372.0217391304348
TREE_041,2011,377.95652173913044
TREE_040,2011,372.0217391304348
TREE_039,2011,363.80434782608694
TREE_045,2011,363.80434782608694
TREE_017,2011,363.7608695652174
TREE_019,2011,357.0652173913044
TREE_010,2011,354.4347826086956
TREE_016,2011,347.69565217391306
TREE_001,2011,359.7608695652174
TREE_014,2011,359.7608695652174
TREE_009,2011,507.04347826086956
TREE_060,2011,481.0217391304348
TREE_012,2011,357.0652173913044
TREE_005,2011,395.4347826086956
TREE_011,2011,352.5652173913044
TREE_018,2011,354.4347826086956
TREE_003,2011,504.69565217391306
TREE_007,2011,352.5652173913044
TREE_008,2011,524.8695652173913
TREE_006,2011,379.4347826086956
TREE_004,2011,524.8695652173913
TREE_002,2011,354.4347826086956
TREE_015,2011,391.3478260869565
TREE_023,2011,391.2826086956522
TREE_062,2011,507.04347826086956
TREE_064,2011,347.69565217391306
TREE_022,2011,379.4347826086956
TREE_063,2011,376.39130434782606
UNDE_048,2011,368.8695652173913
UNDE_038,2011,364.95652173913044
UNDE_037,2011,353.4782608695652
UNDE_045,2011,368.8695652173913
UNDE_058,2011,378.6521739130435
UNDE_052,2011,368.8695652173913
UNDE_047,2011,378.8695652173913
UNDE_054,2011,378.6521739130435
UNDE_057,2011,368.8695652173913
UNDE_050,2011,378.6521739130435
UNDE_055,2011,378.6521739130435
UNDE_059,2011,366.0217391304348
UNDE_065,2011,356.04347826086956
UNDE_043,2011,368.8695652173913
UNDE_044,2011,366.0217391304348
UNDE_049,2011,378.6521739130435
UNDE_056,2011,368.8695652173913
UNDE_078,2011,364.95652173913044
UNDE_061,2011,364.95652173913044
UNDE_060,2011,378.6521739130435
UNDE_014,2011,355.8695652173913
UNDE_013,2011,378.6521739130435
UNDE_002,2011,368.3478260869565
UNDE_001,2011,360.4130434782609
UNDE_003,2011,352.67391304347825
UNDE_010,2011,355.82608695652175
UNDE_006,2011,355.0869565217391
UNDE_011,2011,378.0217391304348
UNDE_007,2011,379.04347826086956
UNDE_012,2011,360.82608695652175
UNDE_008,2011,355.0869565217391
UNDE_016,2011,364.10869565217394
UNDE_020,2011,344.7608695652174
UNDE_021,2011,322.8695652173913
UNDE_022,2011,380.9130434782609
UNDE_018,2011,352.8478260869565
UNDE_019,2011,359.0217391304348
UNDE_023,2011,354.2608695652174
UNDE_015,2011,354.2608695652174
UNDE_027,2011,354.2608695652174
WREF_089,2011,483.80434782608694
WREF_082,2011,576.9130434782609
WREF_077,2011,559.1086956521739
WREF_083,2011,483.80434782608694
WREF_086,2011,519.1739130434783
WREF_081,2011,519.5652173913044
WREF_076,2011,525.195652173913
WREF_070,2011,559.1086956521739
WREF_074,2011,576.9130434782609
WREF_072,2011,548.4782608695652
WREF_080,2011,555.3260869565217
WREF_073,2011,555.3260869565217
WREF_079,2011,555.3260869565217
WREF_085,2011,576.5217391304348
WREF_084,2011,576.5217391304348
WREF_078,2011,561.1304347826087
WREF_088,2011,576.9130434782609
WREF_087,2011,576.5217391304348
WREF_075,2011,559.1086956521739
WREF_071,2011,576.9130434782609
WREF_012,2011,548.804347826087
WREF_016,2011,578.2173913043479
WREF_015,2011,563.6086956521739
WREF_013,2011,553.8260869565217
WREF_001,2011,501.9347826086956
WREF_003,2011,552.1086956521739
WREF_018,2011,543.9130434782609
WREF_020,2011,643.4565217391304
WREF_002,2011,592.695652173913
WREF_019,2011,502.19565217391306
WREF_010,2011,620.5434782608696
WREF_007,2011,566.5
WREF_008,2011,572.3260869565217
WREF_006,2011,535.5652173913044
WREF_005,2011,487.54347826086956
WREF_014,2011,504.5217391304348
WREF_009,2011,595.6086956521739
WREF_011,2011,565.5
WREF_004,2011,576.8695652173913
WREF_017,2011,577.304347826087
DELA_013,2011,488.2826086956522
DELA_003,2011,670.4565217391304
DELA_005,2011,308.1304347826087
DELA_011,2011,397.60869565217394
DELA_004,2011,495.9782608695652
DELA_018,2011,499.9782608695652
DELA_014,2011,473.30434782608694
DELA_015,2011,495.9782608695652
DELA_012,2011,473.30434782608694
DELA_010,2011,499.9782608695652
DELA_016,2011,499.0869565217391
DELA_001,2011,474.5869565217391
DELA_019,2011,494.7608695652174
DELA_017,2011,499.0869565217391
DELA_009,2011,670.4565217391304
DELA_002,2011,473.30434782608694
DELA_007,2011,499.9782608695652
DELA_020,2011,505.4347826086956
DELA_006,2011,494.7608695652174
DELA_008,2011,488.2391304347826
DELA_046,2011,505.4347826086956
DELA_053,2011,505.4347826086956
DELA_051,2011,500.2391304347826
DELA_043,2011,500.2391304347826
DELA_040,2011,505.4347826086956
DELA_052,2011,500.2391304347826
DELA_041,2011,500.2391304347826
DELA_044,2011,500.2391304347826
DELA_039,2011,485.10869565217394
DELA_054,2011,505.4347826086956
DELA_045,2011,505.4347826086956
DELA_042,2011,678.9782608695652
DELA_055,2011,485.10869565217394
DELA_037,2011,505.4347826086956
DELA_050,2011,505.4347826086956
DELA_056,2011,505.4347826086956
DELA_047,2011,499.9782608695652
DELA_048,2011,499.9782608695652
DELA_049,2011,678.9782608695652
DELA_038,2011,485.10869565217394
DELA_023,2011,488.2391304347826
DELA_022,2011,488.2826086956522
DELA_021,2011,357.0
DELA_059,2011,678.9782608695652
LENO_061,2011,662.5434782608696
LENO_065,2011,662.5434782608696
LENO_062,2011,662.5434782608696
LENO_068,2011,645.8478260869565
LENO_067,2011,645.8478260869565
LENO_064,2011,662.5434782608696
LENO_063,2011,645.8478260869565
LENO_066,2011,522.7391304347826
LENO_069,2011,522.7391304347826
LENO_070,2011,522.7391304347826
LENO_003,2011,511.45652173913044
LENO_002,2011,508.3478260869565
LENO_014,2011,503.9347826086956
LENO_011,2011,495.4347826086956
LENO_005,2011,509.7173913043478
LENO_015,2011,650.3478260869565
LENO_010,2011,506.4130434782609
LENO_012,2011,620.1521739130435
LENO_009,2011,505.0
LENO_018,2011,650.4130434782609
LENO_006,2011,523.7173913043479
LENO_013,2011,503.80434782608694
LENO_007,2011,503.9782608695652
LENO_008,2011,650.3478260869565
LENO_022,2011,516.2608695652174
LENO_001,2011,461.6304347826087
LENO_016,2011,523.7173913043479
LENO_021,2011,564.1739130434783
LENO_017,2011,689.1739130434783
LENO_004,2011,507.0652173913044
LENO_019,2011,520.9565217391304
UKFS_032,2011,397.89130434782606
UKFS_057,2011,397.89130434782606
UKFS_051,2011,397.89130434782606
UKFS_047,2011,406.5652173913044
UKFS_055,2011,397.89130434782606
UKFS_058,2011,406.5652173913044
UKFS_060,2011,397.89130434782606
UKFS_056,2011,419.89130434782606
UKFS_054,2011,407.1521739130435
UKFS_050,2011,412.17391304347825
UKFS_046,2011,412.17391304347825
UKFS_045,2011,406.5217391304348
UKFS_043,2011,412.17391304347825
UKFS_052,2011,406.5217391304348
UKFS_059,2011,412.17391304347825
UKFS_048,2011,412.17391304347825
UKFS_049,2011,419.89130434782606
UKFS_031,2011,406.5652173913044
UKFS_044,2011,419.89130434782606
UKFS_053,2011,419.89130434782606
UKFS_007,2011,274.2391304347826
UKFS_005,2011,423.3695652173913
UKFS_004,2011,471.9130434782609
UKFS_009,2011,277.82608695652175
UKFS_006,2011,412.17391304347825
UKFS_012,2011,257.17391304347825
UKFS_002,2011,266.7173913043478
UKFS_010,2011,314.5
UKFS_003,2011,314.5
UKFS_001,2011,406.5217391304348
UKFS_011,2011,407.1521739130435
UKFS_008,2011,407.1521739130435
UKFS_017,2011,257.17391304347825
UKFS_019,2011,406.2608695652174
UKFS_016,2011,363.89130434782606
UKFS_018,2011,314.5
UKFS_014,2011,406.5217391304348
UKFS_015,2011,409.5652173913044
UKFS_013,2011,365.2173913043478
UKFS_025,2011,375.2826086956522
YELL_002,2011,167.3695652173913
YELL_016,2011,106.28260869565217
YELL_013,2011,143.67391304347825
YELL_006,2011,133.97826086956522
YELL_020,2011,232.82608695652175
YELL_008,2011,140.1304347826087
YELL_014,2011,179.45652173913044
YELL_001,2011,141.7826086956522
YELL_011,2011,105.8695652173913
YELL_004,2011,110.23913043478261
YELL_003,2011,132.69565217391303
YELL_010,2011,125.6304347826087
YELL_005,2011,106.52173913043478
YELL_007,2011,163.52173913043478
YELL_018,2011,178.3913043478261
YELL_023,2011,170.6086956521739
YELL_012,2011,151.84782608695653
YELL_009,2011,164.15217391304347
YELL_021,2011,266.6521739130435
YELL_022,2011,142.67391304347825
YELL_047,2011,146.1086956521739
YELL_054,2011,146.1086956521739
YELL_058,2011,146.1086956521739
YELL_044,2011,146.1086956521739
YELL_052,2011,146.1304347826087
YELL_055,2011,146.1304347826087
YELL_062,2011,146.1086956521739
YELL_056,2011,139.04347826086956
YELL_048,2011,139.04347826086956
YELL_060,2011,160.45652173913044
YELL_051,2011,146.1304347826087
YELL_053,2011,144.82608695652175
YELL_045,2011,139.04347826086956
YELL_046,2011,146.1304347826087
YELL_061,2011,146.1304347826087
YELL_049,2011,144.82608695652175
YELL_059,2011,146.1304347826087
YELL_043,2011,144.82608695652175
YELL_050,2011,160.45652173913044
YELL_057,2011,160.45652173913044
YELL_015,2011,128.84782608695653
BONA_072,2011,254.80434782608697
BONA_079,2011,254.7608695652174
BONA_070,2011,201.6304347826087
BONA_075,2011,254.7608695652174
BONA_078,2011,254.7608695652174
BONA_076,2011,254.80434782608697
BONA_082,2011,283.2826086956522
BONA_071,2011,254.7608695652174
BONA_087,2011,254.80434782608697
BONA_084,2011,283.2826086956522
BONA_080,2011,201.6304347826087
BONA_086,2011,201.6304347826087
BONA_088,2011,254.7608695652174
BONA_089,2011,283.2826086956522
BONA_085,2011,201.6086956521739
BONA_083,2011,158.2173913043478
BONA_074,2011,158.2173913043478
BONA_081,2011,172.32608695652175
BONA_077,2011,172.32608695652175
BONA_073,2011,172.32608695652175
BONA_014,2011,235.1086956521739
BONA_011,2011,150.1086956521739
BONA_001,2011,221.67391304347825
BONA_018,2011,170.97826086956522
BONA_023,2011,201.8695652173913
BONA_009,2011,179.1304347826087
BONA_002,2011,310.2173913043478
BONA_012,2011,253.8913043478261
BONA_008,2011,246.80434782608697
BONA_093,2011,254.7608695652174
BONA_007,2011,273.7391304347826
BONA_005,2011,294.30434782608694
BONA_021,2011,281.6304347826087
BONA_026,2011,203.7391304347826
BONA_022,2011,290.1304347826087
BONA_010,2011,290.1304347826087
BONA_003,2011,147.6304347826087
BONA_004,2011,197.2391304347826
BONA_006,2011,177.47826086956522
BONA_016,2011,124.06521739130434
BONA_013,2011,193.7608695652174
DEJU_050,2011,156.1086956521739
DEJU_051,2011,162.93478260869566
DEJU_049,2011,160.47826086956522
DEJU_057,2011,175.43478260869566
DEJU_047,2011,160.47826086956522
DEJU_052,2011,160.47826086956522
DEJU_045,2011,160.45652173913044
DEJU_056,2011,160.45652173913044
DEJU_061,2011,160.45652173913044
DEJU_064,2011,156.1086956521739
DEJU_054,2011,150.67391304347825
DEJU_060,2011,174.3695652173913
DEJU_046,2011,174.3695652173913
DEJU_055,2011,174.3695652173913
DEJU_063,2011,162.93478260869566
DEJU_059,2011,156.08695652173913
DEJU_048,2011,165.2391304347826
DEJU_062,2011,165.2391304347826
DEJU_058,2011,162.93478260869566
DEJU_053,2011,156.08695652173913
DEJU_010,2011,157.32608695652175
DEJU_004,2011,89.93478260869566
DEJU_003,2011,101.26086956521739
DEJU_023,2011,163.04347826086956
DEJU_008,2011,119.1086956521739
DEJU_019,2011,147.47826086956522
DEJU_005,2011,156.6086956521739
DEJU_001,2011,139.58695652173913
DEJU_007,2011,133.2173913043478
DEJU_015,2011,188.5
DEJU_017,2011,153.47826086956522
DEJU_014,2011,141.0
DEJU_006,2011,133.04347826086956
DEJU_021,2011,158.56521739130434
DEJU_002,2011,149.58695652173913
DEJU_024,2011,142.8913043478261
DEJU_016,2011,186.7826086956522
DEJU_009,2011,187.47826086956522
DEJU_018,2011,133.06521739130434
DEJU_020,2011,147.84782608695653
HEAL_072,2011,245.30434782608697
HEAL_063,2011,236.80434782608697
HEAL_070,2011,255.95652173913044
HEAL_060,2011,255.95652173913044
HEAL_071,2011,255.95652173913044
HEAL_050,2011,255.95652173913044
HEAL_067,2011,255.95652173913044
HEAL_068,2011,258.2826086956522
HEAL_064,2011,271.89130434782606
HEAL_062,2011,255.95652173913044
HEAL_061,2011,255.95652173913044
HEAL_073,2011,255.95652173913044
HEAL_052,2011,255.95652173913044
HEAL_066,2011,258.80434782608694
HEAL_058,2011,255.95652173913044
HEAL_069,2011,258.80434782608694
HEAL_048,2011,236.80434782608697
HEAL_054,2011,258.2826086956522
HEAL_053,2011,258.80434782608694
HEAL_074,2011,258.80434782608694
HEAL_056,2011,258.80434782608694
HEAL_051,2011,258.80434782608694
HEAL_065,2011,258.80434782608694
HEAL_057,2011,245.2826086956522
HEAL_046,2011,258.80434782608694
HEAL_059,2011,258.80434782608694
HEAL_055,2011,258.80434782608694
HEAL_047,2011,258.80434782608694
HEAL_010,2011,251.6086956521739
HEAL_002,2011,240.43478260869566
HEAL_003,2011,264.82608695652175
HEAL_014,2011,253.6086956521739
HEAL_022,2011,283.3695652173913
HEAL_023,2011,240.43478260869566
HEAL_021,2011,256.4782608695652
HEAL_001,2011,270.89130434782606
HEAL_016,2011,258.2826086956522
HEAL_020,2011,259.2826086956522
HEAL_006,2011,224.43478260869566
HEAL_019,2011,255.65217391304347
HEAL_011,2011,249.7826086956522
HEAL_025,2011,219.97826086956522
HEAL_018,2011,228.69565217391303
HEAL_017,2011,158.7608695652174
HEAL_004,2011,235.32608695652175
HEAL_005,2011,264.9130434782609
HEAL_015,2011,266.0217391304348
HEAL_049,2011,255.95652173913044
HEAL_026,2011,258.32608695652175
HEAL_045,2011,245.30434782608697
HEAL_024,2011,247.7173913043478
ABBY_063,2012,447.45652173913044
ABBY_068,2012,447.45652173913044
ABBY_065,2012,478.39130434782606
ABBY_067,2012,447.45652173913044
ABBY_066,2012,447.45652173913044
ABBY_061,2012,447.45652173913044
ABBY_070,2012,447.45652173913044
ABBY_062,2012,447.30434782608694
ABBY_064,2012,447.45652173913044
ABBY_069,2012,447.30434782608694
ABBY_075,2012,408.0
ABBY_074,2012,447.30434782608694
ABBY_073,2012,447.30434782608694
ABBY_076,2012,447.45652173913044
ABBY_004,2012,467.4130434782609
ABBY_009,2012,467.4130434782609
ABBY_011,2012,520.3478260869565
ABBY_013,2012,436.82608695652175
ABBY_023,2012,476.3478260869565
ABBY_010,2012,554.6739130434783
ABBY_018,2012,499.60869565217394
ABBY_003,2012,440.3695652173913
ABBY_012,2012,510.4130434782609
ABBY_005,2012,522.6086956521739
ABBY_016,2012,425.60869565217394
ABBY_008,2012,477.7173913043478
ABBY_017,2012,525.4565217391304
ABBY_014,2012,437.6521739130435
ABBY_001,2012,469.67391304347825
ABBY_019,2012,463.82608695652175
ABBY_006,2012,508.2391304347826
ABBY_002,2012,348.8478260869565
ABBY_007,2012,404.9782608695652
ABBY_025,2012,535.7608695652174
ABBY_015,2012,323.0869565217391
ABBY_077,2012,392.67391304347825
BART_012,2012,446.7608695652174
BART_001,2012,441.7391304347826
BART_005,2012,481.8478260869565
BART_044,2012,456.89130434782606
BART_037,2012,456.89130434782606
BART_073,2012,450.3478260869565
BART_074,2012,456.89130434782606
BART_075,2012,448.9347826086956
BART_042,2012,448.9347826086956
BART_072,2012,448.9347826086956
BART_046,2012,456.89130434782606
BART_036,2012,448.9347826086956
BART_051,2012,450.3478260869565
BART_041,2012,455.5
BART_034,2012,455.5
BART_039,2012,450.3478260869565
BART_050,2012,448.9347826086956
BART_040,2012,450.2173913043478
BART_071,2012,463.5652173913044
BART_070,2012,455.5
BART_033,2012,455.5
BART_047,2012,450.2173913043478
BART_032,2012,463.67391304347825
BART_015,2012,442.5652173913044
BART_016,2012,479.30434782608694
BART_028,2012,450.32608695652175
BART_010,2012,450.5869565217391
BART_013,2012,423.2826086956522
BART_026,2012,453.9347826086956
BART_006,2012,460.19565217391306
BART_023,2012,450.5869565217391
BART_002,2012,440.5
BART_018,2012,464.95652173913044
BART_003,2012,460.5217391304348
BART_024,2012,450.5869565217391
BART_011,2012,444.2391304347826
BART_025,2012,453.9347826086956
BART_007,2012,444.2391304347826
BART_027,2012,453.3695652173913
BART_004,2012,435.3478260869565
BART_019,2012,463.67391304347825
BLAN_042,2012,405.2826086956522
BLAN_056,2012,405.2826086956522
BLAN_034,2012,306.0869565217391
BLAN_043,2012,405.2826086956522
BLAN_046,2012,463.3478260869565
BLAN_045,2012,405.2826086956522
BLAN_059,2012,463.3478260869565
BLAN_039,2012,405.2826086956522
BLAN_033,2012,405.2826086956522
BLAN_051,2012,405.2826086956522
BLAN_054,2012,405.2826086956522
BLAN_031,2012,306.0869565217391
BLAN_049,2012,306.0869565217391
BLAN_060,2012,405.2826086956522
BLAN_035,2012,463.3478260869565
BLAN_038,2012,405.2826086956522
BLAN_040,2012,405.2826086956522
BLAN_037,2012,306.0869565217391
BLAN_044,2012,306.0869565217391
BLAN_050,2012,463.6521739130435
BLAN_052,2012,306.0869565217391
BLAN_048,2012,463.6521739130435
BLAN_055,2012,306.0869565217391
BLAN_057,2012,463.3478260869565
BLAN_032,2012,463.3478260869565
BLAN_036,2012,463.6521739130435
BLAN_047,2012,463.6521739130435
BLAN_063,2012,463.6521739130435
BLAN_005,2012,401.2173913043478
BLAN_017,2012,401.2173913043478
BLAN_011,2012,528.7826086956521
BLAN_068,2012,407.9130434782609
BLAN_016,2012,407.9130434782609
BLAN_001,2012,443.9347826086956
BLAN_008,2012,418.7608695652174
BLAN_003,2012,440.95652173913044
BLAN_018,2012,478.9782608695652
BLAN_004,2012,407.9130434782609
BLAN_014,2012,410.9130434782609
BLAN_020,2012,542.5434782608696
BLAN_006,2012,478.9782608695652
BLAN_007,2012,418.7608695652174
BLAN_010,2012,407.9130434782609
BLAN_012,2012,478.9782608695652
BLAN_013,2012,488.9130434782609
BLAN_015,2012,687.3260869565217
BLAN_009,2012,443.9347826086956
BLAN_053,2012,463.3478260869565
BLAN_041,2012,463.6521739130435
BLAN_064,2012,306.0869565217391
BLAN_019,2012,407.8695652173913
GRSM_057,2012,546.5652173913044
GRSM_048,2012,546.5652173913044
GRSM_059,2012,557.6521739130435
GRSM_054,2012,539.8913043478261
GRSM_049,2012,532.1304347826087
GRSM_066,2012,546.5652173913044
GRSM_065,2012,543.4130434782609
GRSM_047,2012,557.6521739130435
GRSM_063,2012,538.9347826086956
GRSM_053,2012,538.9347826086956
GRSM_062,2012,539.8913043478261
GRSM_060,2012,557.6521739130435
GRSM_050,2012,534.9130434782609
GRSM_051,2012,557.6521739130435
GRSM_064,2012,557.6521739130435
GRSM_002,2012,561.2608695652174
GRSM_025,2012,463.2826086956522
GRSM_016,2012,398.2391304347826
GRSM_017,2012,525.6521739130435
GRSM_004,2012,564.8913043478261
GRSM_001,2012,542.7391304347826
GRSM_012,2012,450.45652173913044
GRSM_008,2012,523.3260869565217
GRSM_003,2012,486.4347826086956
GRSM_019,2012,550.5
GRSM_006,2012,550.5
GRSM_013,2012,558.7173913043479
GRSM_015,2012,546.5
GRSM_014,2012,549.3260869565217
GRSM_010,2012,532.0
GRSM_005,2012,524.8260869565217
GRSM_011,2012,555.5434782608696
GRSM_007,2012,551.0
GRSM_009,2012,512.8260869565217
GRSM_055,2012,538.9347826086956
GRSM_018,2012,562.0434782608696
GRSM_061,2012,557.6521739130435
GRSM_056,2012,557.6521739130435
GRSM_058,2012,543.4130434782609
GRSM_052,2012,539.8913043478261
HARV_013,2012,487.5
HARV_022,2012,474.0
HARV_008,2012,458.4782608695652
HARV_004,2012,479.4347826086956
HARV_024,2012,486.7173913043478
HARV_010,2012,0.0
HARV_006,2012,449.4347826086956
HARV_001,2012,449.2173913043478
HARV_005,2012,398.67391304347825
HARV_027,2012,459.80434782608694
HARV_043,2012,474.32608695652175
HARV_035,2012,474.32608695652175
HARV_037,2012,491.9347826086956
HARV_020,2012,459.7391304347826
HARV_023,2012,506.10869565217394
HARV_014,2012,463.8478260869565
HARV_011,2012,457.0217391304348
HARV_025,2012,460.17391304347825
HARV_002,2012,473.7173913043478
HARV_012,2012,468.2826086956522
HARV_026,2012,458.5652173913044
HARV_016,2012,462.19565217391306
HARV_039,2012,472.4347826086956
HARV_021,2012,481.6304347826087
HARV_045,2012,476.45652173913044
HARV_041,2012,491.8695652173913
HARV_038,2012,491.9347826086956
HARV_050,2012,491.9347826086956
HARV_048,2012,474.32608695652175
HARV_036,2012,476.45652173913044
HARV_052,2012,474.32608695652175
HARV_049,2012,472.2826086956522
HARV_047,2012,491.9347826086956
HARV_044,2012,491.9347826086956
HARV_040,2012,474.32608695652175
HARV_046,2012,491.8695652173913
HARV_033,2012,491.9347826086956
HARV_051,2012,472.4347826086956
HARV_034,2012,491.9347826086956
HARV_042,2012,472.4347826086956
HARV_015,2012,491.8695652173913
HARV_017,2012,458.8695652173913
JERC_002,2012,602.7391304347826
JERC_015,2012,590.0652173913044
JERC_007,2012,622.7608695652174
JERC_001,2012,621.0869565217391
JERC_010,2012,580.5217391304348
JERC_009,2012,569.7608695652174
JERC_029,2012,584.7391304347826
JERC_021,2012,631.8478260869565
JERC_011,2012,584.7391304347826
JERC_040,2012,562.0217391304348
JERC_035,2012,588.0
JERC_033,2012,590.1304347826087
JERC_019,2012,647.7173913043479
JERC_030,2012,646.6521739130435
JERC_034,2012,472.2826086956522
JERC_036,2012,605.695652173913
JERC_028,2012,321.1521739130435
JERC_044,2012,591.6521739130435
JERC_016,2012,605.695652173913
JERC_038,2012,635.4565217391304
JERC_006,2012,484.9130434782609
JERC_041,2012,677.1304347826087
JERC_031,2012,566.9565217391304
JERC_042,2012,580.5217391304348
JERC_008,2012,573.2608695652174
JERC_005,2012,573.2608695652174
JERC_003,2012,621.0869565217391
JERC_022,2012,597.1086956521739
JERC_013,2012,558.6304347826087
JERC_066,2012,602.7391304347826
JERC_065,2012,566.9565217391304
JERC_054,2012,615.0
JERC_051,2012,566.9565217391304
JERC_062,2012,602.7608695652174
JERC_047,2012,602.7608695652174
JERC_057,2012,567.0217391304348
JERC_060,2012,566.9565217391304
JERC_064,2012,566.9565217391304
JERC_050,2012,602.7608695652174
JERC_053,2012,602.7391304347826
JERC_049,2012,602.7608695652174
JERC_061,2012,602.7608695652174
JERC_058,2012,602.7391304347826
JERC_048,2012,602.7391304347826
JERC_063,2012,602.7391304347826
JERC_052,2012,602.7608695652174
JERC_059,2012,602.7391304347826
JERC_056,2012,602.7608695652174
JERC_055,2012,602.7608695652174
JERC_004,2012,603.8695652173913
JERC_014,2012,597.7608695652174
JERC_012,2012,492.32608695652175
MLBS_076,2012,475.1521739130435
MLBS_061,2012,470.1304347826087
MLBS_064,2012,470.1304347826087
MLBS_075,2012,464.04347826086956
MLBS_065,2012,464.04347826086956
MLBS_062,2012,464.0652173913044
MLBS_069,2012,475.1521739130435
MLBS_063,2012,475.2173913043478
MLBS_073,2012,475.2173913043478
MLBS_074,2012,475.1521739130435
MLBS_066,2012,475.2173913043478
MLBS_067,2012,475.2173913043478
MLBS_071,2012,475.1521739130435
MLBS_072,2012,475.2173913043478
MLBS_070,2012,475.2173913043478
MLBS_068,2012,475.2173913043478
MLBS_009,2012,470.1304347826087
MLBS_010,2012,474.4347826086956
MLBS_005,2012,465.17391304347825
MLBS_003,2012,474.4347826086956
MLBS_019,2012,494.3695652173913
MLBS_016,2012,506.8695652173913
MLBS_015,2012,487.3695652173913
MLBS_014,2012,483.9130434782609
MLBS_001,2012,446.30434782608694
MLBS_017,2012,446.30434782608694
MLBS_011,2012,463.9782608695652
MLBS_012,2012,463.9782608695652
MLBS_002,2012,464.04347826086956
MLBS_004,2012,494.5
MLBS_018,2012,482.54347826086956
MLBS_008,2012,504.1304347826087
MLBS_007,2012,496.80434782608694
MLBS_006,2012,491.19565217391306
MLBS_020,2012,500.4782608695652
MLBS_013,2012,507.95652173913044
ORNL_002,2012,552.8695652173913
ORNL_003,2012,530.4130434782609
ORNL_009,2012,564.8695652173913
ORNL_021,2012,491.5869565217391
ORNL_031,2012,421.5652173913044
ORNL_033,2012,510.5217391304348
ORNL_066,2012,720.6086956521739
ORNL_044,2012,720.6086956521739
ORNL_012,2012,0.0
ORNL_004,2012,500.4130434782609
ORNL_001,2012,407.1521739130435
ORNL_027,2012,513.5869565217391
ORNL_014,2012,527.1304347826087
ORNL_029,2012,518.2826086956521
ORNL_007,2012,523.7391304347826
ORNL_006,2012,525.2826086956521
ORNL_008,2012,511.04347826086956
ORNL_035,2012,542.304347826087
ORNL_010,2012,527.6304347826087
ORNL_032,2012,514.3478260869565
ORNL_055,2012,546.4130434782609
ORNL_062,2012,546.4130434782609
ORNL_063,2012,549.1304347826087
ORNL_049,2012,549.1304347826087
ORNL_052,2012,546.4130434782609
ORNL_059,2012,539.8913043478261
ORNL_036,2012,550.7391304347826
ORNL_053,2012,539.8913043478261
ORNL_046,2012,539.8913043478261
ORNL_043,2012,547.5652173913044
ORNL_058,2012,547.5652173913044
ORNL_060,2012,547.5652173913044
ORNL_056,2012,546.4130434782609
ORNL_037,2012,546.4130434782609
ORNL_057,2012,550.7391304347826
ORNL_051,2012,546.4130434782609
ORNL_061,2012,539.8913043478261
ORNL_054,2012,550.7391304347826
ORNL_045,2012,550.7391304347826
ORNL_050,2012,550.7391304347826
ORNL_017,2012,519.3913043478261
ORNL_068,2012,507.17391304347825
ORNL_019,2012,522.8260869565217
ORNL_018,2012,405.45652173913044
ORNL_067,2012,515.7826086956521
ORNL_015,2012,530.4782608695652
OSBS_002,2012,515.4130434782609
OSBS_006,2012,498.10869565217394
OSBS_048,2012,505.80434782608694
OSBS_001,2012,590.304347826087
OSBS_018,2012,460.39130434782606
OSBS_011,2012,496.17391304347825
OSBS_014,2012,569.4130434782609
OSBS_004,2012,524.304347826087
OSBS_020,2012,457.9782608695652
OSBS_023,2012,496.17391304347825
OSBS_049,2012,530.4347826086956
OSBS_003,2012,503.4347826086956
OSBS_012,2012,461.4130434782609
OSBS_013,2012,524.304347826087
OSBS_024,2012,496.17391304347825
OSBS_016,2012,574.1304347826087
OSBS_008,2012,524.3695652173913
OSBS_010,2012,601.2391304347826
OSBS_051,2012,453.9347826086956
OSBS_050,2012,508.6304347826087
OSBS_007,2012,516.3913043478261
OSBS_005,2012,666.6521739130435
OSBS_017,2012,574.1086956521739
OSBS_043,2012,507.04347826086956
OSBS_022,2012,569.4130434782609
OSBS_039,2012,508.5
OSBS_036,2012,508.5
OSBS_029,2012,508.5
OSBS_040,2012,501.10869565217394
OSBS_015,2012,663.5869565217391
OSBS_025,2012,489.1304347826087
OSBS_030,2012,489.1304347826087
OSBS_038,2012,489.1304347826087
OSBS_042,2012,489.1304347826087
OSBS_035,2012,479.5
OSBS_037,2012,479.5
OSBS_028,2012,479.5
OSBS_021,2012,547.0434782608696
OSBS_041,2012,479.5
OSBS_009,2012,618.3913043478261
OSBS_031,2012,501.10869565217394
OSBS_033,2012,508.5
OSBS_032,2012,508.5
OSBS_044,2012,508.5
OSBS_027,2012,508.5
OSBS_034,2012,501.0869565217391
OSBS_026,2012,508.5
OSBS_063,2012,488.7608695652174
OSBS_067,2012,485.30434782608694
OSBS_066,2012,663.5869565217391
OSBS_068,2012,490.3695652173913
OSBS_070,2012,501.10869565217394
OSBS_073,2012,537.1086956521739
RMNP_043,2012,187.93478260869566
RMNP_042,2012,187.93478260869566
RMNP_041,2012,304.19565217391306
RMNP_048,2012,187.93478260869566
RMNP_049,2012,187.93478260869566
RMNP_046,2012,187.93478260869566
RMNP_047,2012,187.93478260869566
RMNP_045,2012,187.93478260869566
RMNP_044,2012,187.93478260869566
RMNP_013,2012,251.2826086956522
RMNP_003,2012,281.80434782608694
RMNP_009,2012,281.80434782608694
RMNP_011,2012,174.2173913043478
RMNP_019,2012,276.2173913043478
RMNP_015,2012,336.95652173913044
RMNP_002,2012,336.6304347826087
RMNP_020,2012,336.95652173913044
RMNP_016,2012,332.9782608695652
RMNP_017,2012,267.3478260869565
RMNP_005,2012,376.30434782608694
RMNP_001,2012,343.8478260869565
RMNP_014,2012,401.1521739130435
RMNP_008,2012,343.10869565217394
RMNP_012,2012,431.7826086956522
RMNP_018,2012,366.80434782608694
RMNP_006,2012,394.9782608695652
RMNP_004,2012,330.04347826086956
RMNP_010,2012,357.45652173913044
RMNP_007,2012,357.45652173913044
SCBI_008,2012,530.6304347826087
SCBI_004,2012,470.80434782608694
SCBI_015,2012,493.67391304347825
SCBI_017,2012,495.0
SCBI_013,2012,491.19565217391306
SCBI_007,2012,480.5869565217391
SCBI_018,2012,497.3478260869565
SCBI_003,2012,488.4782608695652
SCBI_011,2012,494.30434782608694
SCBI_016,2012,464.0652173913044
SCBI_002,2012,472.8478260869565
SCBI_010,2012,459.67391304347825
SCBI_014,2012,496.9130434782609
SCBI_005,2012,494.45652173913044
SCBI_056,2012,479.95652173913044
SCBI_045,2012,470.39130434782606
SCBI_053,2012,479.95652173913044
SCBI_061,2012,479.95652173913044
SCBI_050,2012,479.95652173913044
SCBI_057,2012,479.95652173913044
SCBI_062,2012,472.6304347826087
SCBI_047,2012,472.6304347826087
SCBI_067,2012,472.6304347826087
SCBI_066,2012,472.6304347826087
SCBI_064,2012,470.39130434782606
SCBI_052,2012,470.39130434782606
SCBI_054,2012,470.39130434782606
SCBI_046,2012,472.8478260869565
SCBI_049,2012,472.6304347826087
SCBI_063,2012,472.6304347826087
SCBI_055,2012,479.95652173913044
SCBI_048,2012,472.6304347826087
SCBI_051,2012,479.95652173913044
SCBI_058,2012,470.39130434782606
SCBI_034,2012,384.8695652173913
SCBI_038,2012,471.7826086956522
SCBI_033,2012,384.8695652173913
SCBI_006,2012,475.3478260869565
SCBI_035,2012,471.7826086956522
SCBI_012,2012,510.9130434782609
SCBI_071,2012,459.67391304347825
SCBI_019,2012,508.45652173913044
SCBI_021,2012,475.3478260869565
SCBI_023,2012,493.67391304347825
SCBI_022,2012,480.2608695652174
SERC_062,2012,447.60869565217394
SERC_045,2012,447.60869565217394
SERC_051,2012,447.60869565217394
SERC_050,2012,488.69565217391306
SERC_052,2012,492.4130434782609
SERC_058,2012,507.45652173913044
SERC_043,2012,508.0869565217391
SERC_055,2012,499.9130434782609
SERC_048,2012,507.45652173913044
SERC_060,2012,507.45652173913044
SERC_061,2012,493.0217391304348
SERC_054,2012,493.0217391304348
SERC_059,2012,571.9130434782609
SERC_046,2012,504.82608695652175
SERC_053,2012,493.0217391304348
SERC_044,2012,504.82608695652175
SERC_047,2012,479.17391304347825
SERC_049,2012,479.17391304347825
SERC_057,2012,479.17391304347825
SERC_056,2012,479.17391304347825
SERC_007,2012,658.6739130434783
SERC_018,2012,589.1086956521739
SERC_009,2012,501.5
SERC_008,2012,589.195652173913
SERC_011,2012,525.195652173913
SERC_003,2012,525.7608695652174
SERC_006,2012,365.04347826086956
SERC_001,2012,448.8695652173913
SERC_017,2012,611.0652173913044
SERC_019,2012,485.0217391304348
SERC_010,2012,691.6521739130435
SERC_014,2012,393.2391304347826
SERC_012,2012,494.4347826086956
SERC_016,2012,525.5434782608696
SERC_022,2012,464.7173913043478
SERC_004,2012,485.0217391304348
SERC_021,2012,508.0869565217391
SERC_013,2012,453.1304347826087
SERC_005,2012,533.4347826086956
SERC_002,2012,515.2826086956521
SERC_067,2012,501.04347826086956
SERC_073,2012,488.69565217391306
SOAP_059,2012,452.4347826086956
SOAP_057,2012,452.4347826086956
SOAP_051,2012,452.4347826086956
SOAP_048,2012,452.4347826086956
SOAP_058,2012,478.45652173913044
SOAP_043,2012,477.82608695652175
SOAP_050,2012,477.82608695652175
SOAP_044,2012,457.54347826086956
SOAP_052,2012,456.9347826086956
SOAP_046,2012,457.54347826086956
SOAP_060,2012,456.9347826086956
SOAP_055,2012,477.82608695652175
SOAP_054,2012,457.3695652173913
SOAP_047,2012,457.3695652173913
SOAP_031,2012,459.10869565217394
SOAP_049,2012,459.10869565217394
SOAP_056,2012,459.10869565217394
SOAP_053,2012,457.3695652173913
SOAP_045,2012,476.82608695652175
SOAP_061,2012,452.4347826086956
SOAP_002,2012,357.5869565217391
SOAP_010,2012,452.4347826086956
SOAP_006,2012,358.17391304347825
SOAP_013,2012,357.5869565217391
SOAP_012,2012,471.1304347826087
SOAP_004,2012,452.4347826086956
SOAP_003,2012,467.5217391304348
SOAP_016,2012,472.9130434782609
SOAP_007,2012,449.7391304347826
SOAP_020,2012,457.3695652173913
SOAP_009,2012,446.9130434782609
SOAP_008,2012,471.1304347826087
SOAP_021,2012,508.69565217391306
SOAP_018,2012,455.9347826086956
SOAP_019,2012,455.9347826086956
SOAP_017,2012,458.17391304347825
SOAP_015,2012,470.7608695652174
SOAP_001,2012,470.9782608695652
SOAP_011,2012,478.45652173913044
SOAP_022,2012,470.7608695652174
SOAP_024,2012,358.17391304347825
STEI_058,2012,571.1304347826087
STEI_051,2012,571.1304347826087
STEI_056,2012,585.9565217391304
STEI_046,2012,585.9565217391304
STEI_061,2012,585.9565217391304
STEI_062,2012,585.9565217391304
STEI_052,2012,585.9565217391304
STEI_055,2012,571.1304347826087
STEI_047,2012,585.9565217391304
STEI_053,2012,585.9565217391304
STEI_048,2012,431.5652173913044
STEI_060,2012,585.9565217391304
STEI_054,2012,431.5652173913044
STEI_049,2012,585.9565217391304
STEI_057,2012,585.9565217391304
STEI_050,2012,431.5652173913044
STEI_059,2012,431.5652173913044
STEI_005,2012,412.95652173913044
STEI_009,2012,422.10869565217394
STEI_012,2012,419.17391304347825
STEI_017,2012,421.2608695652174
STEI_019,2012,413.3695652173913
STEI_003,2012,427.9347826086956
STEI_007,2012,414.10869565217394
STEI_002,2012,400.54347826086956
STEI_011,2012,409.4347826086956
STEI_010,2012,405.7173913043478
STEI_008,2012,412.39130434782606
STEI_015,2012,410.5
STEI_016,2012,398.7173913043478
STEI_004,2012,412.8695652173913
STEI_013,2012,399.7608695652174
STEI_001,2012,407.89130434782606
STEI_021,2012,557.695652173913
STEI_006,2012,398.54347826086956
STEI_014,2012,406.19565217391306
STEI_022,2012,444.39130434782606
STEI_023,2012,404.17391304347825
TALL_003,2012,679.7173913043479
TALL_005,2012,637.1304347826087
TALL_009,2012,626.4130434782609
TALL_012,2012,990.0652173913044
TALL_004,2012,543.6304347826087
TALL_010,2012,715.1739130434783
TALL_007,2012,745.804347826087
TALL_002,2012,709.6086956521739
TALL_022,2012,738.7826086956521
TALL_015,2012,720.6739130434783
TALL_016,2012,551.804347826087
TALL_011,2012,738.5
TALL_018,2012,757.5434782608696
TALL_006,2012,645.0434782608696
TALL_013,2012,614.5652173913044
TALL_001,2012,599.7173913043479
TALL_017,2012,685.1739130434783
TALL_020,2012,543.5217391304348
TALL_008,2012,724.9565217391304
TALL_043,2012,656.2826086956521
TALL_049,2012,656.2826086956521
TALL_046,2012,656.2826086956521
TALL_061,2012,645.7391304347826
TALL_052,2012,645.6739130434783
TALL_050,2012,740.1739130434783
TALL_051,2012,645.7391304347826
TALL_057,2012,645.7391304347826
TALL_060,2012,740.1739130434783
TALL_055,2012,645.7391304347826
TALL_058,2012,645.6739130434783
TALL_045,2012,740.1739130434783
TALL_059,2012,645.6739130434783
TALL_054,2012,645.7391304347826
TALL_056,2012,645.6739130434783
TALL_044,2012,740.1739130434783
TALL_047,2012,740.1739130434783
TALL_048,2012,656.2826086956521
TALL_042,2012,656.2826086956521
TALL_053,2012,645.6739130434783
TALL_064,2012,708.3478260869565
TALL_025,2012,636.9782608695652
TEAK_045,2012,346.7173913043478
TEAK_054,2012,346.7173913043478
TEAK_048,2012,346.7173913043478
TEAK_061,2012,346.7173913043478
TEAK_059,2012,346.7173913043478
TEAK_049,2012,346.69565217391306
TEAK_060,2012,346.69565217391306
TEAK_055,2012,346.69565217391306
TEAK_062,2012,343.10869565217394
TEAK_056,2012,377.2826086956522
TEAK_044,2012,377.2826086956522
TEAK_057,2012,401.2391304347826
TEAK_053,2012,377.2826086956522
TEAK_047,2012,377.2826086956522
TEAK_051,2012,401.2391304347826
TEAK_046,2012,380.7826086956522
TEAK_058,2012,346.69565217391306
TEAK_043,2012,343.10869565217394
TEAK_052,2012,380.82608695652175
TEAK_050,2012,385.95652173913044
TEAK_001,2012,501.6304347826087
TEAK_002,2012,376.0869565217391
TEAK_003,2012,388.8695652173913
TEAK_004,2012,322.30434782608694
TEAK_006,2012,349.9782608695652
TEAK_025,2012,303.5869565217391
TEAK_005,2012,158.34782608695653
TEAK_011,2012,421.4130434782609
TEAK_007,2012,372.9347826086956
TEAK_014,2012,416.32608695652175
TEAK_010,2012,419.8478260869565
TEAK_012,2012,388.8695652173913
TEAK_017,2012,339.1521739130435
TEAK_013,2012,384.54347826086956
TEAK_019,2012,471.6521739130435
TEAK_020,2012,328.5869565217391
TEAK_016,2012,297.30434782608694
TEAK_015,2012,343.32608695652175
TEAK_024,2012,290.9130434782609
TEAK_018,2012,366.95652173913044
TREE_042,2012,425.5652173913044
TREE_053,2012,405.3478260869565
TREE_049,2012,405.3478260869565
TREE_046,2012,405.3478260869565
TREE_055,2012,405.3695652173913
TREE_056,2012,405.3478260869565
TREE_050,2012,567.1521739130435
TREE_054,2012,567.1521739130435
TREE_052,2012,405.3478260869565
TREE_051,2012,405.3695652173913
TREE_057,2012,392.60869565217394
TREE_025,2012,392.60869565217394
TREE_043,2012,392.60869565217394
TREE_044,2012,392.60869565217394
TREE_048,2012,539.9565217391304
TREE_047,2012,400.3478260869565
TREE_041,2012,399.6521739130435
TREE_040,2012,400.3478260869565
TREE_039,2012,392.60869565217394
TREE_045,2012,392.60869565217394
TREE_017,2012,392.60869565217394
TREE_019,2012,401.30434782608694
TREE_010,2012,405.89130434782606
TREE_016,2012,387.8695652173913
TREE_001,2012,406.1521739130435
TREE_014,2012,406.1521739130435
TREE_009,2012,541.4782608695652
TREE_060,2012,550.0217391304348
TREE_012,2012,401.30434782608694
TREE_005,2012,415.9782608695652
TREE_011,2012,387.4130434782609
TREE_018,2012,405.95652173913044
TREE_003,2012,551.0217391304348
TREE_007,2012,387.4130434782609
TREE_008,2012,558.5217391304348
TREE_006,2012,399.10869565217394
TREE_004,2012,558.5217391304348
TREE_002,2012,405.95652173913044
TREE_015,2012,438.4130434782609
TREE_023,2012,438.4130434782609
TREE_062,2012,541.4782608695652
TREE_064,2012,387.8695652173913
TREE_022,2012,399.10869565217394
TREE_063,2012,413.2826086956522
UNDE_048,2012,402.4782608695652
UNDE_038,2012,414.1304347826087
UNDE_037,2012,400.19565217391306
UNDE_045,2012,402.4782608695652
UNDE_058,2012,418.80434782608694
UNDE_052,2012,402.4782608695652
UNDE_047,2012,418.4347826086956
UNDE_054,2012,418.80434782608694
UNDE_057,2012,402.4782608695652
UNDE_050,2012,418.80434782608694
UNDE_055,2012,418.80434782608694
UNDE_059,2012,414.19565217391306
UNDE_065,2012,382.9782608695652
UNDE_043,2012,402.4782608695652
UNDE_044,2012,414.19565217391306
UNDE_049,2012,418.80434782608694
UNDE_056,2012,402.4782608695652
UNDE_078,2012,414.1304347826087
UNDE_061,2012,414.1304347826087
UNDE_060,2012,418.80434782608694
UNDE_014,2012,395.17391304347825
UNDE_013,2012,418.80434782608694
UNDE_002,2012,372.7826086956522
UNDE_001,2012,413.80434782608694
UNDE_003,2012,375.80434782608694
UNDE_010,2012,397.0869565217391
UNDE_006,2012,376.3478260869565
UNDE_011,2012,420.7608695652174
UNDE_007,2012,416.9347826086956
UNDE_012,2012,375.5217391304348
UNDE_008,2012,376.3478260869565
UNDE_016,2012,381.69565217391306
UNDE_020,2012,329.30434782608694
UNDE_021,2012,345.4782608695652
UNDE_022,2012,413.0217391304348
UNDE_018,2012,384.54347826086956
UNDE_019,2012,391.1521739130435
UNDE_023,2012,405.54347826086956
UNDE_015,2012,405.5217391304348
UNDE_027,2012,394.4130434782609
WREF_089,2012,465.2173913043478
WREF_082,2012,592.8913043478261
WREF_077,2012,572.804347826087
WREF_083,2012,465.2173913043478
WREF_086,2012,488.2391304347826
WREF_081,2012,488.5217391304348
WREF_076,2012,488.2826086956522
WREF_070,2012,572.804347826087
WREF_074,2012,592.8913043478261
WREF_072,2012,561.9782608695652
WREF_080,2012,591.304347826087
WREF_073,2012,591.304347826087
WREF_079,2012,591.304347826087
WREF_085,2012,592.5217391304348
WREF_084,2012,592.5217391304348
WREF_078,2012,573.3478260869565
WREF_088,2012,592.8913043478261
WREF_087,2012,592.5217391304348
WREF_075,2012,572.804347826087
WREF_071,2012,592.8913043478261
WREF_012,2012,557.195652173913
WREF_016,2012,622.304347826087
WREF_015,2012,617.0
WREF_013,2012,597.8913043478261
WREF_001,2012,536.0869565217391
WREF_003,2012,584.6304347826087
WREF_018,2012,574.695652173913
WREF_020,2012,606.695652173913
WREF_002,2012,642.1521739130435
WREF_019,2012,551.4565217391304
WREF_010,2012,620.8695652173913
WREF_007,2012,624.5
WREF_008,2012,559.195652173913
WREF_006,2012,608.1521739130435
WREF_005,2012,506.82608695652175
WREF_014,2012,502.7391304347826
WREF_009,2012,641.4565217391304
WREF_011,2012,608.0869565217391
WREF_004,2012,597.9130434782609
WREF_017,2012,598.3478260869565
DELA_013,2012,520.3695652173913
DELA_003,2012,679.5
DELA_005,2012,373.9347826086956
DELA_011,2012,417.2826086956522
DELA_004,2012,497.4130434782609
DELA_018,2012,504.69565217391306
DELA_014,2012,485.5652173913044
DELA_015,2012,497.4130434782609
DELA_012,2012,485.5652173913044
DELA_010,2012,504.69565217391306
DELA_016,2012,539.695652173913
DELA_001,2012,509.04347826086956
DELA_019,2012,524.4565217391304
DELA_017,2012,539.695652173913
DELA_009,2012,679.5
DELA_002,2012,485.5652173913044
DELA_007,2012,504.69565217391306
DELA_020,2012,539.304347826087
DELA_006,2012,524.4565217391304
DELA_008,2012,520.3260869565217
DELA_046,2012,539.304347826087
DELA_053,2012,539.304347826087
DELA_051,2012,528.1521739130435
DELA_043,2012,528.1521739130435
DELA_040,2012,539.304347826087
DELA_052,2012,528.1521739130435
DELA_041,2012,528.1521739130435
DELA_044,2012,528.1521739130435
DELA_039,2012,515.4565217391304
DELA_054,2012,539.304347826087
DELA_045,2012,539.304347826087
DELA_042,2012,706.3478260869565
DELA_055,2012,515.4565217391304
DELA_037,2012,539.304347826087
DELA_050,2012,539.304347826087
DELA_056,2012,539.304347826087
DELA_047,2012,504.69565217391306
DELA_048,2012,504.69565217391306
DELA_049,2012,706.3478260869565
DELA_038,2012,515.4565217391304
DELA_023,2012,520.3260869565217
DELA_022,2012,520.3695652173913
DELA_021,2012,419.1304347826087
DELA_059,2012,706.3478260869565
LENO_061,2012,743.5217391304348
LENO_065,2012,743.5217391304348
LENO_062,2012,743.5217391304348
LENO_068,2012,655.8260869565217
LENO_067,2012,655.8260869565217
LENO_064,2012,743.5217391304348
LENO_063,2012,655.8260869565217
LENO_066,2012,580.9782608695652
LENO_069,2012,580.9782608695652
LENO_070,2012,580.9782608695652
LENO_003,2012,560.0652173913044
LENO_002,2012,565.7173913043479
LENO_014,2012,554.9782608695652
LENO_011,2012,541.1521739130435
LENO_005,2012,517.4782608695652
LENO_015,2012,684.8913043478261
LENO_010,2012,559.7173913043479
LENO_012,2012,679.4565217391304
LENO_009,2012,539.5652173913044
LENO_018,2012,678.8913043478261
LENO_006,2012,512.8913043478261
LENO_013,2012,540.2608695652174
LENO_007,2012,554.9565217391304
LENO_008,2012,684.8913043478261
LENO_022,2012,557.1739130434783
LENO_001,2012,499.17391304347825
LENO_016,2012,512.8913043478261
LENO_021,2012,655.3478260869565
LENO_017,2012,729.8695652173913
LENO_004,2012,531.4782608695652
LENO_019,2012,548.3260869565217
UKFS_032,2012,446.3695652173913
UKFS_057,2012,446.39130434782606
UKFS_051,2012,446.39130434782606
UKFS_047,2012,404.2826086956522
UKFS_055,2012,446.3695652173913
UKFS_058,2012,404.2826086956522
UKFS_060,2012,446.3695652173913
UKFS_056,2012,401.0
UKFS_054,2012,392.17391304347825
UKFS_050,2012,395.5869565217391
UKFS_046,2012,395.5869565217391
UKFS_045,2012,404.2391304347826
UKFS_043,2012,395.5869565217391
UKFS_052,2012,404.2391304347826
UKFS_059,2012,395.5869565217391
UKFS_048,2012,395.5869565217391
UKFS_049,2012,401.0
UKFS_031,2012,404.2826086956522
UKFS_044,2012,401.0
UKFS_053,2012,401.0
UKFS_007,2012,254.6304347826087
UKFS_005,2012,388.17391304347825
UKFS_004,2012,453.82608695652175
UKFS_009,2012,261.80434782608694
UKFS_006,2012,395.5869565217391
UKFS_012,2012,230.32608695652175
UKFS_002,2012,234.80434782608697
UKFS_010,2012,292.17391304347825
UKFS_003,2012,292.17391304347825
UKFS_001,2012,404.2391304347826
UKFS_011,2012,392.17391304347825
UKFS_008,2012,392.17391304347825
UKFS_017,2012,230.32608695652175
UKFS_019,2012,367.60869565217394
UKFS_016,2012,342.7173913043478
UKFS_018,2012,292.1521739130435
UKFS_014,2012,404.2391304347826
UKFS_015,2012,387.32608695652175
UKFS_013,2012,303.10869565217394
UKFS_025,2012,284.1304347826087
YELL_002,2012,188.34782608695653
YELL_016,2012,115.78260869565217
YELL_013,2012,131.41304347826087
YELL_006,2012,142.91304347826087
YELL_020,2012,235.1086956521739
YELL_008,2012,147.2826086956522
YELL_014,2012,163.93478260869566
YELL_001,2012,148.54347826086956
YELL_011,2012,118.1086956521739
YELL_004,2012,114.78260869565217
YELL_003,2012,141.47826086956522
YELL_010,2012,133.15217391304347
YELL_005,2012,116.91304347826087
YELL_007,2012,173.69565217391303
YELL_018,2012,171.6304347826087
YELL_023,2012,183.7608695652174
YELL_012,2012,148.1304347826087
YELL_009,2012,166.58695652173913
YELL_021,2012,283.3695652173913
YELL_022,2012,147.47826086956522
YELL_047,2012,141.95652173913044
YELL_054,2012,141.95652173913044
YELL_058,2012,141.95652173913044
YELL_044,2012,141.95652173913044
YELL_052,2012,141.97826086956522
YELL_055,2012,141.97826086956522
YELL_062,2012,141.95652173913044
YELL_056,2012,146.06521739130434
YELL_048,2012,146.06521739130434
YELL_060,2012,152.93478260869566
YELL_051,2012,141.97826086956522
YELL_053,2012,152.7826086956522
YELL_045,2012,146.06521739130434
YELL_046,2012,141.97826086956522
YELL_061,2012,141.97826086956522
YELL_049,2012,152.7826086956522
YELL_059,2012,141.97826086956522
YELL_043,2012,152.7826086956522
YELL_050,2012,152.93478260869566
YELL_057,2012,152.93478260869566
YELL_015,2012,121.17391304347827
BONA_072,2012,236.84782608695653
BONA_079,2012,236.82608695652175
BONA_070,2012,179.2391304347826
BONA_075,2012,236.82608695652175
BONA_078,2012,236.82608695652175
BONA_076,2012,236.84782608695653
BONA_082,2012,249.7391304347826
BONA_071,2012,236.82608695652175
BONA_087,2012,236.84782608695653
BONA_084,2012,249.7391304347826
BONA_080,2012,179.2391304347826
BONA_086,2012,179.2391304347826
BONA_088,2012,236.82608695652175
BONA_089,2012,249.7391304347826
BONA_085,2012,179.2608695652174
BONA_083,2012,163.32608695652175
BONA_074,2012,163.32608695652175
BONA_081,2012,192.45652173913044
BONA_077,2012,192.45652173913044
BONA_073,2012,192.45652173913044
BONA_014,2012,258.4782608695652
BONA_011,2012,154.95652173913044
BONA_001,2012,243.84782608695653
BONA_018,2012,168.7826086956522
BONA_023,2012,194.93478260869566
BONA_009,2012,184.3913043478261
BONA_002,2012,244.82608695652175
BONA_012,2012,324.6304347826087
BONA_008,2012,267.2173913043478
BONA_093,2012,236.82608695652175
BONA_007,2012,216.17391304347825
BONA_005,2012,314.5217391304348
BONA_021,2012,220.1304347826087
BONA_026,2012,213.8913043478261
BONA_022,2012,199.8695652173913
BONA_010,2012,199.8695652173913
BONA_003,2012,127.21739130434783
BONA_004,2012,190.2391304347826
BONA_006,2012,233.80434782608697
BONA_016,2012,139.67391304347825
BONA_013,2012,201.7826086956522
DEJU_050,2012,142.41304347826087
DEJU_051,2012,165.32608695652175
DEJU_049,2012,159.91304347826087
DEJU_057,2012,183.6086956521739
DEJU_047,2012,159.91304347826087
DEJU_052,2012,159.91304347826087
DEJU_045,2012,159.91304347826087
DEJU_056,2012,159.91304347826087
DEJU_061,2012,159.91304347826087
DEJU_064,2012,142.41304347826087
DEJU_054,2012,148.7826086956522
DEJU_060,2012,170.67391304347825
DEJU_046,2012,170.67391304347825
DEJU_055,2012,170.67391304347825
DEJU_063,2012,165.32608695652175
DEJU_059,2012,142.41304347826087
DEJU_048,2012,155.47826086956522
DEJU_062,2012,155.47826086956522
DEJU_058,2012,165.32608695652175
DEJU_053,2012,142.41304347826087
DEJU_010,2012,158.32608695652175
DEJU_004,2012,91.41304347826087
DEJU_003,2012,120.17391304347827
DEJU_023,2012,180.82608695652175
DEJU_008,2012,124.58695652173913
DEJU_019,2012,155.1304347826087
DEJU_005,2012,146.34782608695653
DEJU_001,2012,150.8695652173913
DEJU_007,2012,130.04347826086956
DEJU_015,2012,191.91304347826087
DEJU_017,2012,156.82608695652175
DEJU_014,2012,145.93478260869566
DEJU_006,2012,144.41304347826087
DEJU_021,2012,155.97826086956522
DEJU_002,2012,162.56521739130434
DEJU_024,2012,143.2173913043478
DEJU_016,2012,180.2391304347826
DEJU_009,2012,179.8913043478261
DEJU_018,2012,144.41304347826087
DEJU_020,2012,150.7608695652174
HEAL_072,2012,238.95652173913044
HEAL_063,2012,239.7391304347826
HEAL_070,2012,244.5
HEAL_060,2012,244.5
HEAL_071,2012,244.5
HEAL_050,2012,244.5
HEAL_067,2012,244.5
HEAL_068,2012,238.58695652173913
HEAL_064,2012,240.04347826086956
HEAL_062,2012,244.5
HEAL_061,2012,244.5
HEAL_073,2012,244.5
HEAL_052,2012,244.5
HEAL_066,2012,258.5217391304348
HEAL_058,2012,244.5
HEAL_069,2012,258.5217391304348
HEAL_048,2012,239.7391304347826
HEAL_054,2012,238.56521739130434
HEAL_053,2012,258.5
HEAL_074,2012,258.5217391304348
HEAL_056,2012,258.5217391304348
HEAL_051,2012,258.5217391304348
HEAL_065,2012,258.5
HEAL_057,2012,238.95652173913044
HEAL_046,2012,258.5217391304348
HEAL_059,2012,258.5217391304348
HEAL_055,2012,258.5
HEAL_047,2012,258.5
HEAL_010,2012,234.82608695652175
HEAL_002,2012,242.6304347826087
HEAL_003,2012,239.95652173913044
HEAL_014,2012,252.52173913043478
HEAL_022,2012,252.45652173913044
HEAL_023,2012,248.17391304347825
HEAL_021,2012,242.67391304347825
HEAL_001,2012,257.4130434782609
HEAL_016,2012,238.58695652173913
HEAL_020,2012,243.15217391304347
HEAL_006,2012,236.6086956521739
HEAL_019,2012,237.0
HEAL_011,2012,240.0
HEAL_025,2012,214.04347826086956
HEAL_018,2012,241.15217391304347
HEAL_017,2012,159.7826086956522
HEAL_004,2012,250.7826086956522
HEAL_005,2012,264.2173913043478
HEAL_015,2012,257.0217391304348
HEAL_049,2012,244.5
HEAL_026,2012,250.04347826086956
HEAL_045,2012,238.95652173913044
HEAL_024,2012,238.8695652173913
ABBY_063,2013,414.6521739130435
ABBY_068,2013,414.6521739130435
ABBY_065,2013,465.45652173913044
ABBY_067,2013,414.6521739130435
ABBY_066,2013,414.6521739130435
ABBY_061,2013,414.6521739130435
ABBY_070,2013,414.6521739130435
ABBY_062,2013,414.5869565217391
ABBY_064,2013,414.6521739130435
ABBY_069,2013,414.5869565217391
ABBY_075,2013,407.5217391304348
ABBY_074,2013,414.5869565217391
ABBY_073,2013,414.5869565217391
ABBY_076,2013,414.6521739130435
ABBY_004,2013,501.4130434782609
ABBY_009,2013,501.4130434782609
ABBY_011,2013,424.5869565217391
ABBY_013,2013,425.1304347826087
ABBY_023,2013,533.1304347826087
ABBY_010,2013,586.9130434782609
ABBY_018,2013,471.5869565217391
ABBY_003,2013,459.1521739130435
ABBY_012,2013,589.9565217391304
ABBY_005,2013,589.7391304347826
ABBY_016,2013,471.7391304347826
ABBY_008,2013,511.6521739130435
ABBY_017,2013,619.4347826086956
ABBY_014,2013,444.2608695652174
ABBY_001,2013,518.195652173913
ABBY_019,2013,481.0869565217391
ABBY_006,2013,519.5217391304348
ABBY_002,2013,388.2391304347826
ABBY_007,2013,411.9347826086956
ABBY_025,2013,557.7173913043479
ABBY_015,2013,338.1521739130435
ABBY_077,2013,401.17391304347825
BART_012,2013,436.1521739130435
BART_001,2013,459.5652173913044
BART_005,2013,469.9347826086956
BART_044,2013,453.5217391304348
BART_037,2013,453.5217391304348
BART_073,2013,432.3478260869565
BART_074,2013,453.5217391304348
BART_075,2013,445.60869565217394
BART_042,2013,445.60869565217394
BART_072,2013,445.60869565217394
BART_046,2013,453.5217391304348
BART_036,2013,445.60869565217394
BART_051,2013,432.3478260869565
BART_041,2013,437.9782608695652
BART_034,2013,437.9782608695652
BART_039,2013,432.3478260869565
BART_050,2013,445.60869565217394
BART_040,2013,432.2608695652174
BART_071,2013,445.45652173913044
BART_070,2013,437.9782608695652
BART_033,2013,437.9782608695652
BART_047,2013,432.2608695652174
BART_032,2013,445.5652173913044
BART_015,2013,455.4130434782609
BART_016,2013,458.2173913043478
BART_028,2013,447.4130434782609
BART_010,2013,466.0869565217391
BART_013,2013,432.0217391304348
BART_026,2013,431.2826086956522
BART_006,2013,447.30434782608694
BART_023,2013,466.0869565217391
BART_002,2013,427.2608695652174
BART_018,2013,453.54347826086956
BART_003,2013,461.0652173913044
BART_024,2013,466.0869565217391
BART_011,2013,449.32608695652175
BART_025,2013,431.2826086956522
BART_007,2013,449.32608695652175
BART_027,2013,458.04347826086956
BART_004,2013,441.10869565217394
BART_019,2013,445.5652173913044
BLAN_042,2013,397.45652173913044
BLAN_056,2013,397.45652173913044
BLAN_034,2013,436.5652173913044
BLAN_043,2013,397.45652173913044
BLAN_046,2013,432.5
BLAN_045,2013,397.45652173913044
BLAN_059,2013,432.5
BLAN_039,2013,397.45652173913044
BLAN_033,2013,397.45652173913044
BLAN_051,2013,397.45652173913044
BLAN_054,2013,397.45652173913044
BLAN_031,2013,436.5652173913044
BLAN_049,2013,436.5652173913044
BLAN_060,2013,397.45652173913044
BLAN_035,2013,432.5
BLAN_038,2013,397.45652173913044
BLAN_040,2013,397.45652173913044
BLAN_037,2013,436.5652173913044
BLAN_044,2013,436.5652173913044
BLAN_050,2013,583.0217391304348
BLAN_052,2013,436.5652173913044
BLAN_048,2013,583.0217391304348
BLAN_055,2013,436.5652173913044
BLAN_057,2013,432.5
BLAN_032,2013,432.5
BLAN_036,2013,583.0217391304348
BLAN_047,2013,583.0217391304348
BLAN_063,2013,583.0217391304348
BLAN_005,2013,403.4130434782609
BLAN_017,2013,403.4130434782609
BLAN_011,2013,502.5869565217391
BLAN_068,2013,398.17391304347825
BLAN_016,2013,398.17391304347825
BLAN_001,2013,422.4347826086956
BLAN_008,2013,398.9130434782609
BLAN_003,2013,426.39130434782606
BLAN_018,2013,545.3478260869565
BLAN_004,2013,398.17391304347825
BLAN_014,2013,412.7391304347826
BLAN_020,2013,594.1304347826087
BLAN_006,2013,545.3478260869565
BLAN_007,2013,398.9130434782609
BLAN_010,2013,398.17391304347825
BLAN_012,2013,545.3478260869565
BLAN_013,2013,436.5869565217391
BLAN_015,2013,650.3913043478261
BLAN_009,2013,422.4347826086956
BLAN_053,2013,432.5
BLAN_041,2013,583.0217391304348
BLAN_064,2013,436.5652173913044
BLAN_019,2013,398.17391304347825
GRSM_057,2013,553.7826086956521
GRSM_048,2013,553.7826086956521
GRSM_059,2013,549.6086956521739
GRSM_054,2013,563.195652173913
GRSM_049,2013,554.3913043478261
GRSM_066,2013,553.7826086956521
GRSM_065,2013,547.2173913043479
GRSM_047,2013,549.6086956521739
GRSM_063,2013,568.195652173913
GRSM_053,2013,568.195652173913
GRSM_062,2013,563.195652173913
GRSM_060,2013,549.6086956521739
GRSM_050,2013,556.5217391304348
GRSM_051,2013,549.6086956521739
GRSM_064,2013,549.6086956521739
GRSM_002,2013,577.4782608695652
GRSM_025,2013,485.8695652173913
GRSM_016,2013,379.54347826086956
GRSM_017,2013,524.0434782608696
GRSM_004,2013,578.0
GRSM_001,2013,543.0652173913044
GRSM_012,2013,511.4130434782609
GRSM_008,2013,537.1304347826087
GRSM_003,2013,510.9782608695652
GRSM_019,2013,555.5652173913044
GRSM_006,2013,555.5652173913044
GRSM_013,2013,557.1086956521739
GRSM_015,2013,541.5652173913044
GRSM_014,2013,543.1739130434783
GRSM_010,2013,538.8478260869565
GRSM_005,2013,522.5652173913044
GRSM_011,2013,551.4782608695652
GRSM_007,2013,562.2826086956521
GRSM_009,2013,522.6739130434783
GRSM_055,2013,568.195652173913
GRSM_018,2013,571.6086956521739
GRSM_061,2013,549.6086956521739
GRSM_056,2013,549.6086956521739
GRSM_058,2013,547.2173913043479
GRSM_052,2013,563.195652173913
HARV_013,2013,486.39130434782606
HARV_022,2013,478.5869565217391
HARV_008,2013,458.3478260869565
HARV_004,2013,467.6521739130435
HARV_024,2013,471.5
HARV_010,2013,0.0
HARV_006,2013,454.7173913043478
HARV_001,2013,442.19565217391306
HARV_005,2013,399.7173913043478
HARV_027,2013,460.9782608695652
HARV_043,2013,465.0652173913044
HARV_035,2013,465.0652173913044
HARV_037,2013,474.4782608695652
HARV_020,2013,460.39130434782606
HARV_023,2013,526.4130434782609
HARV_014,2013,466.67391304347825
HARV_011,2013,459.5
HARV_025,2013,477.5869565217391
HARV_002,2013,475.80434782608694
HARV_012,2013,468.10869565217394
HARV_026,2013,456.45652173913044
HARV_016,2013,469.0652173913044
HARV_039,2013,465.0869565217391
HARV_021,2013,483.3695652173913
HARV_045,2013,454.7391304347826
HARV_041,2013,474.3478260869565
HARV_038,2013,474.4782608695652
HARV_050,2013,474.4782608695652
HARV_048,2013,465.0652173913044
HARV_036,2013,454.7391304347826
HARV_052,2013,465.0652173913044
HARV_049,2013,465.0217391304348
HARV_047,2013,474.4782608695652
HARV_044,2013,474.4782608695652
HARV_040,2013,465.0652173913044
HARV_046,2013,474.3478260869565
HARV_033,2013,474.4782608695652
HARV_051,2013,465.0869565217391
HARV_034,2013,474.4782608695652
HARV_042,2013,465.0869565217391
HARV_015,2013,474.3478260869565
HARV_017,2013,464.0869565217391
JERC_002,2013,648.3260869565217
JERC_015,2013,607.2391304347826
JERC_007,2013,623.2391304347826
JERC_001,2013,619.7826086956521
JERC_010,2013,601.7608695652174
JERC_009,2013,635.9782608695652
JERC_029,2013,608.4565217391304
JERC_021,2013,641.5434782608696
JERC_011,2013,608.4565217391304
JERC_040,2013,583.5434782608696
JERC_035,2013,628.6086956521739
JERC_033,2013,607.2608695652174
JERC_019,2013,661.8260869565217
JERC_030,2013,529.7608695652174
JERC_034,2013,499.5869565217391
JERC_036,2013,634.2608695652174
JERC_028,2013,320.7608695652174
JERC_044,2013,625.695652173913
JERC_016,2013,634.2608695652174
JERC_038,2013,622.5217391304348
JERC_006,2013,532.0652173913044
JERC_041,2013,673.2173913043479
JERC_031,2013,614.8260869565217
JERC_042,2013,601.7608695652174
JERC_008,2013,593.0217391304348
JERC_005,2013,593.0217391304348
JERC_003,2013,619.7826086956521
JERC_022,2013,600.5434782608696
JERC_013,2013,600.0217391304348
JERC_066,2013,648.3260869565217
JERC_065,2013,614.8260869565217
JERC_054,2013,600.0869565217391
JERC_051,2013,614.8260869565217
JERC_062,2013,648.3695652173913
JERC_047,2013,648.3695652173913
JERC_057,2013,614.8913043478261
JERC_060,2013,614.8260869565217
JERC_064,2013,614.8260869565217
JERC_050,2013,648.3695652173913
JERC_053,2013,648.3260869565217
JERC_049,2013,648.3695652173913
JERC_061,2013,648.3695652173913
JERC_058,2013,648.3260869565217
JERC_048,2013,648.3260869565217
JERC_063,2013,648.3260869565217
JERC_052,2013,648.3695652173913
JERC_059,2013,648.3260869565217
JERC_056,2013,648.3695652173913
JERC_055,2013,648.3695652173913
JERC_004,2013,611.195652173913
JERC_014,2013,616.3260869565217
JERC_012,2013,570.0
MLBS_076,2013,448.7826086956522
MLBS_061,2013,456.04347826086956
MLBS_064,2013,456.04347826086956
MLBS_075,2013,442.0
MLBS_065,2013,442.0
MLBS_062,2013,441.7608695652174
MLBS_069,2013,448.7826086956522
MLBS_063,2013,448.7173913043478
MLBS_073,2013,448.7173913043478
MLBS_074,2013,448.7826086956522
MLBS_066,2013,448.7173913043478
MLBS_067,2013,448.7173913043478
MLBS_071,2013,448.7826086956522
MLBS_072,2013,448.7173913043478
MLBS_070,2013,448.7173913043478
MLBS_068,2013,448.7173913043478
MLBS_009,2013,456.04347826086956
MLBS_010,2013,438.95652173913044
MLBS_005,2013,427.7608695652174
MLBS_003,2013,438.95652173913044
MLBS_019,2013,476.82608695652175
MLBS_016,2013,493.2608695652174
MLBS_015,2013,467.30434782608694
MLBS_014,2013,473.5869565217391
MLBS_001,2013,424.1304347826087
MLBS_017,2013,424.1304347826087
MLBS_011,2013,436.0652173913044
MLBS_012,2013,436.0652173913044
MLBS_002,2013,442.0
MLBS_004,2013,482.0
MLBS_018,2013,463.2391304347826
MLBS_008,2013,468.8695652173913
MLBS_007,2013,486.1521739130435
MLBS_006,2013,468.4347826086956
MLBS_020,2013,474.60869565217394
MLBS_013,2013,493.54347826086956
ORNL_002,2013,569.1304347826087
ORNL_003,2013,551.1086956521739
ORNL_009,2013,563.4347826086956
ORNL_021,2013,492.10869565217394
ORNL_031,2013,488.32608695652175
ORNL_033,2013,518.5869565217391
ORNL_066,2013,748.7173913043479
ORNL_044,2013,748.7173913043479
ORNL_012,2013,0.0
ORNL_004,2013,505.9347826086956
ORNL_001,2013,408.80434782608694
ORNL_027,2013,516.4782608695652
ORNL_014,2013,533.3913043478261
ORNL_029,2013,537.7826086956521
ORNL_007,2013,558.6521739130435
ORNL_006,2013,540.3695652173913
ORNL_008,2013,543.7173913043479
ORNL_035,2013,573.304347826087
ORNL_010,2013,558.7173913043479
ORNL_032,2013,537.304347826087
ORNL_055,2013,554.304347826087
ORNL_062,2013,554.304347826087
ORNL_063,2013,566.0217391304348
ORNL_049,2013,566.0217391304348
ORNL_052,2013,554.304347826087
ORNL_059,2013,519.3913043478261
ORNL_036,2013,561.0869565217391
ORNL_053,2013,519.3913043478261
ORNL_046,2013,519.3913043478261
ORNL_043,2013,557.7391304347826
ORNL_058,2013,557.7391304347826
ORNL_060,2013,557.7391304347826
ORNL_056,2013,554.304347826087
ORNL_037,2013,554.304347826087
ORNL_057,2013,561.0869565217391
ORNL_051,2013,554.304347826087
ORNL_061,2013,519.3913043478261
ORNL_054,2013,561.0869565217391
ORNL_045,2013,561.0869565217391
ORNL_050,2013,561.0869565217391
ORNL_017,2013,536.304347826087
ORNL_068,2013,496.2826086956522
ORNL_019,2013,545.3260869565217
ORNL_018,2013,429.1304347826087
ORNL_067,2013,535.7173913043479
ORNL_015,2013,551.0434782608696
OSBS_002,2013,551.195652173913
OSBS_006,2013,462.69565217391306
OSBS_048,2013,509.30434782608694
OSBS_001,2013,634.5
OSBS_018,2013,464.7826086956522
OSBS_011,2013,527.9565217391304
OSBS_014,2013,513.8913043478261
OSBS_004,2013,501.2173913043478
OSBS_020,2013,425.54347826086956
OSBS_023,2013,527.9565217391304
OSBS_049,2013,528.7608695652174
OSBS_003,2013,525.7391304347826
OSBS_012,2013,483.19565217391306
OSBS_013,2013,501.2173913043478
OSBS_024,2013,527.9565217391304
OSBS_016,2013,544.4130434782609
OSBS_008,2013,499.9130434782609
OSBS_010,2013,608.0652173913044
OSBS_051,2013,474.0
OSBS_050,2013,470.0217391304348
OSBS_007,2013,497.0652173913044
OSBS_005,2013,575.8478260869565
OSBS_017,2013,555.8260869565217
OSBS_043,2013,448.8478260869565
OSBS_022,2013,513.8913043478261
OSBS_039,2013,446.3695652173913
OSBS_036,2013,446.3695652173913
OSBS_029,2013,446.3695652173913
OSBS_040,2013,470.3695652173913
OSBS_015,2013,677.1521739130435
OSBS_025,2013,463.67391304347825
OSBS_030,2013,463.67391304347825
OSBS_038,2013,463.67391304347825
OSBS_042,2013,463.67391304347825
OSBS_035,2013,462.2173913043478
OSBS_037,2013,462.2173913043478
OSBS_028,2013,462.2173913043478
OSBS_021,2013,578.0869565217391
OSBS_041,2013,462.2173913043478
OSBS_009,2013,613.304347826087
OSBS_031,2013,470.3695652173913
OSBS_033,2013,446.3695652173913
OSBS_032,2013,446.3695652173913
OSBS_044,2013,446.3695652173913
OSBS_027,2013,446.3695652173913
OSBS_034,2013,470.3695652173913
OSBS_026,2013,446.3695652173913
OSBS_063,2013,491.39130434782606
OSBS_067,2013,462.0
OSBS_066,2013,677.1521739130435
OSBS_068,2013,459.9130434782609
OSBS_070,2013,470.3695652173913
OSBS_073,2013,545.6304347826087
RMNP_043,2013,183.43478260869566
RMNP_042,2013,183.43478260869566
RMNP_041,2013,298.82608695652175
RMNP_048,2013,183.43478260869566
RMNP_049,2013,183.43478260869566
RMNP_046,2013,183.43478260869566
RMNP_047,2013,183.43478260869566
RMNP_045,2013,183.43478260869566
RMNP_044,2013,183.43478260869566
RMNP_013,2013,262.2826086956522
RMNP_003,2013,262.2173913043478
RMNP_009,2013,262.2173913043478
RMNP_011,2013,170.17391304347825
RMNP_019,2013,268.80434782608694
RMNP_015,2013,329.45652173913044
RMNP_002,2013,329.0652173913044
RMNP_020,2013,329.45652173913044
RMNP_016,2013,327.7391304347826
RMNP_017,2013,270.0
RMNP_005,2013,341.19565217391306
RMNP_001,2013,336.19565217391306
RMNP_014,2013,402.2391304347826
RMNP_008,2013,337.1521739130435
RMNP_012,2013,369.1304347826087
RMNP_018,2013,370.80434782608694
RMNP_006,2013,359.5
RMNP_004,2013,306.9782608695652
RMNP_010,2013,332.60869565217394
RMNP_007,2013,332.60869565217394
SCBI_008,2013,487.69565217391306
SCBI_004,2013,460.60869565217394
SCBI_015,2013,479.9782608695652
SCBI_017,2013,461.5869565217391
SCBI_013,2013,492.1304347826087
SCBI_007,2013,472.2391304347826
SCBI_018,2013,480.4782608695652
SCBI_003,2013,467.7391304347826
SCBI_011,2013,490.54347826086956
SCBI_016,2013,459.2173913043478
SCBI_002,2013,457.69565217391306
SCBI_010,2013,455.2173913043478
SCBI_014,2013,485.2173913043478
SCBI_005,2013,479.7826086956522
SCBI_056,2013,457.8478260869565
SCBI_045,2013,450.69565217391306
SCBI_053,2013,457.8478260869565
SCBI_061,2013,457.8478260869565
SCBI_050,2013,457.8478260869565
SCBI_057,2013,457.8478260869565
SCBI_062,2013,457.6304347826087
SCBI_047,2013,457.6304347826087
SCBI_067,2013,457.6304347826087
SCBI_066,2013,457.6304347826087
SCBI_064,2013,450.69565217391306
SCBI_052,2013,450.69565217391306
SCBI_054,2013,450.69565217391306
SCBI_046,2013,457.69565217391306
SCBI_049,2013,457.6304347826087
SCBI_063,2013,457.6304347826087
SCBI_055,2013,457.8478260869565
SCBI_048,2013,457.6304347826087
SCBI_051,2013,457.8478260869565
SCBI_058,2013,450.69565217391306
SCBI_034,2013,347.5
SCBI_038,2013,450.5
SCBI_033,2013,347.5
SCBI_006,2013,460.0869565217391
SCBI_035,2013,450.5
SCBI_012,2013,441.80434782608694
SCBI_071,2013,455.2173913043478
SCBI_019,2013,479.7173913043478
SCBI_021,2013,460.0869565217391
SCBI_023,2013,479.9782608695652
SCBI_022,2013,467.6521739130435
SERC_062,2013,444.0217391304348
SERC_045,2013,444.0217391304348
SERC_051,2013,444.0217391304348
SERC_050,2013,476.0
SERC_052,2013,490.8695652173913
SERC_058,2013,504.4782608695652
SERC_043,2013,504.89130434782606
SERC_055,2013,502.60869565217394
SERC_048,2013,504.4782608695652
SERC_060,2013,504.4782608695652
SERC_061,2013,491.2391304347826
SERC_054,2013,491.2391304347826
SERC_059,2013,691.5652173913044
SERC_046,2013,484.54347826086956
SERC_053,2013,491.2391304347826
SERC_044,2013,484.54347826086956
SERC_047,2013,477.1304347826087
SERC_049,2013,477.1304347826087
SERC_057,2013,477.1304347826087
SERC_056,2013,477.1304347826087
SERC_007,2013,412.3478260869565
SERC_018,2013,521.2608695652174
SERC_009,2013,515.1304347826087
SERC_008,2013,521.304347826087
SERC_011,2013,494.4347826086956
SERC_003,2013,511.45652173913044
SERC_006,2013,437.69565217391306
SERC_001,2013,413.5652173913044
SERC_017,2013,512.2608695652174
SERC_019,2013,456.4347826086956
SERC_010,2013,670.9565217391304
SERC_014,2013,388.60869565217394
SERC_012,2013,501.4347826086956
SERC_016,2013,511.30434782608694
SERC_022,2013,463.4782608695652
SERC_004,2013,456.4347826086956
SERC_021,2013,504.89130434782606
SERC_013,2013,439.45652173913044
SERC_005,2013,511.9347826086956
SERC_002,2013,501.69565217391306
SERC_067,2013,500.4782608695652
SERC_073,2013,476.0
SOAP_059,2013,446.3695652173913
SOAP_057,2013,446.3695652173913
SOAP_051,2013,446.3695652173913
SOAP_048,2013,446.3695652173913
SOAP_058,2013,472.2173913043478
SOAP_043,2013,471.39130434782606
SOAP_050,2013,471.39130434782606
SOAP_044,2013,444.9347826086956
SOAP_052,2013,444.2608695652174
SOAP_046,2013,444.9347826086956
SOAP_060,2013,444.2608695652174
SOAP_055,2013,471.39130434782606
SOAP_054,2013,450.39130434782606
SOAP_047,2013,450.39130434782606
SOAP_031,2013,456.5869565217391
SOAP_049,2013,456.5869565217391
SOAP_056,2013,456.5869565217391
SOAP_053,2013,450.39130434782606
SOAP_045,2013,469.7608695652174
SOAP_061,2013,446.3695652173913
SOAP_002,2013,389.60869565217394
SOAP_010,2013,446.3695652173913
SOAP_006,2013,348.95652173913044
SOAP_013,2013,389.60869565217394
SOAP_012,2013,403.5652173913044
SOAP_004,2013,446.3695652173913
SOAP_003,2013,468.82608695652175
SOAP_016,2013,459.2391304347826
SOAP_007,2013,457.8478260869565
SOAP_020,2013,450.39130434782606
SOAP_009,2013,437.4130434782609
SOAP_008,2013,403.5652173913044
SOAP_021,2013,513.3478260869565
SOAP_018,2013,468.10869565217394
SOAP_019,2013,468.10869565217394
SOAP_017,2013,471.1304347826087
SOAP_015,2013,450.89130434782606
SOAP_001,2013,443.0869565217391
SOAP_011,2013,472.2173913043478
SOAP_022,2013,450.89130434782606
SOAP_024,2013,348.95652173913044
STEI_058,2013,360.0217391304348
STEI_051,2013,360.0217391304348
STEI_056,2013,502.8478260869565
STEI_046,2013,502.8478260869565
STEI_061,2013,502.8478260869565
STEI_062,2013,502.8478260869565
STEI_052,2013,502.8478260869565
STEI_055,2013,360.0217391304348
STEI_047,2013,502.8478260869565
STEI_053,2013,502.8478260869565
STEI_048,2013,389.6304347826087
STEI_060,2013,502.8478260869565
STEI_054,2013,389.6304347826087
STEI_049,2013,502.8478260869565
STEI_057,2013,502.8478260869565
STEI_050,2013,389.6304347826087
STEI_059,2013,389.6304347826087
STEI_005,2013,379.7608695652174
STEI_009,2013,378.7608695652174
STEI_012,2013,383.6521739130435
STEI_017,2013,376.6304347826087
STEI_019,2013,397.5
STEI_003,2013,400.9130434782609
STEI_007,2013,385.5869565217391
STEI_002,2013,371.67391304347825
STEI_011,2013,380.6521739130435
STEI_010,2013,376.80434782608694
STEI_008,2013,384.19565217391306
STEI_015,2013,383.0217391304348
STEI_016,2013,367.80434782608694
STEI_004,2013,384.5869565217391
STEI_013,2013,383.3695652173913
STEI_001,2013,380.39130434782606
STEI_021,2013,514.8695652173913
STEI_006,2013,382.3478260869565
STEI_014,2013,390.7608695652174
STEI_022,2013,408.1521739130435
STEI_023,2013,389.45652173913044
TALL_003,2013,668.8913043478261
TALL_005,2013,591.1086956521739
TALL_009,2013,580.3695652173913
TALL_012,2013,986.0
TALL_004,2013,505.7391304347826
TALL_010,2013,700.0217391304348
TALL_007,2013,727.304347826087
TALL_002,2013,691.6739130434783
TALL_022,2013,721.1739130434783
TALL_015,2013,699.0434782608696
TALL_016,2013,521.5
TALL_011,2013,721.2826086956521
TALL_018,2013,729.8695652173913
TALL_006,2013,599.0869565217391
TALL_013,2013,617.804347826087
TALL_001,2013,558.4130434782609
TALL_017,2013,667.5652173913044
TALL_020,2013,505.69565217391306
TALL_008,2013,694.0652173913044
TALL_043,2013,630.195652173913
TALL_049,2013,630.195652173913
TALL_046,2013,630.195652173913
TALL_061,2013,627.5217391304348
TALL_052,2013,627.4347826086956
TALL_050,2013,724.2608695652174
TALL_051,2013,627.5217391304348
TALL_057,2013,627.5217391304348
TALL_060,2013,724.2608695652174
TALL_055,2013,627.5217391304348
TALL_058,2013,627.4347826086956
TALL_045,2013,724.2608695652174
TALL_059,2013,627.4347826086956
TALL_054,2013,627.5217391304348
TALL_056,2013,627.4347826086956
TALL_044,2013,724.2608695652174
TALL_047,2013,724.2608695652174
TALL_048,2013,630.195652173913
TALL_042,2013,630.195652173913
TALL_053,2013,627.4347826086956
TALL_064,2013,706.6739130434783
TALL_025,2013,591.0652173913044
TEAK_045,2013,350.45652173913044
TEAK_054,2013,350.45652173913044
TEAK_048,2013,350.45652173913044
TEAK_061,2013,350.45652173913044
TEAK_059,2013,350.45652173913044
TEAK_049,2013,350.45652173913044
TEAK_060,2013,350.45652173913044
TEAK_055,2013,350.45652173913044
TEAK_062,2013,349.19565217391306
TEAK_056,2013,391.69565217391306
TEAK_044,2013,391.69565217391306
TEAK_057,2013,408.8695652173913
TEAK_053,2013,391.69565217391306
TEAK_047,2013,391.69565217391306
TEAK_051,2013,408.8695652173913
TEAK_046,2013,361.5
TEAK_058,2013,350.45652173913044
TEAK_043,2013,349.19565217391306
TEAK_052,2013,361.54347826086956
TEAK_050,2013,393.04347826086956
TEAK_001,2013,410.7391304347826
TEAK_002,2013,375.9130434782609
TEAK_003,2013,391.6304347826087
TEAK_004,2013,337.45652173913044
TEAK_006,2013,358.1521739130435
TEAK_025,2013,308.7608695652174
TEAK_005,2013,152.06521739130434
TEAK_011,2013,353.82608695652175
TEAK_007,2013,383.30434782608694
TEAK_014,2013,360.04347826086956
TEAK_010,2013,371.0869565217391
TEAK_012,2013,391.6304347826087
TEAK_017,2013,352.3695652173913
TEAK_013,2013,333.7391304347826
TEAK_019,2013,463.19565217391306
TEAK_020,2013,325.9347826086956
TEAK_016,2013,296.2826086956522
TEAK_015,2013,388.7608695652174
TEAK_024,2013,291.2608695652174
TEAK_018,2013,367.0
TREE_042,2013,391.5217391304348
TREE_053,2013,392.4347826086956
TREE_049,2013,392.4347826086956
TREE_046,2013,392.4347826086956
TREE_055,2013,392.4347826086956
TREE_056,2013,392.4347826086956
TREE_050,2013,511.7391304347826
TREE_054,2013,511.7391304347826
TREE_052,2013,392.4347826086956
TREE_051,2013,392.4347826086956
TREE_057,2013,368.04347826086956
TREE_025,2013,368.04347826086956
TREE_043,2013,368.0217391304348
TREE_044,2013,368.0217391304348
TREE_048,2013,477.19565217391306
TREE_047,2013,374.5217391304348
TREE_041,2013,372.39130434782606
TREE_040,2013,374.5217391304348
TREE_039,2013,368.04347826086956
TREE_045,2013,368.04347826086956
TREE_017,2013,368.0217391304348
TREE_019,2013,362.9347826086956
TREE_010,2013,350.2173913043478
TREE_016,2013,355.7173913043478
TREE_001,2013,340.8695652173913
TREE_014,2013,340.8695652173913
TREE_009,2013,472.04347826086956
TREE_060,2013,341.0217391304348
TREE_012,2013,362.9347826086956
TREE_005,2013,366.8478260869565
TREE_011,2013,368.7608695652174
TREE_018,2013,350.2608695652174
TREE_003,2013,495.5
TREE_007,2013,368.7608695652174
TREE_008,2013,479.54347826086956
TREE_006,2013,374.7391304347826
TREE_004,2013,479.54347826086956
TREE_002,2013,350.2608695652174
TREE_015,2013,379.17391304347825
TREE_023,2013,379.1521739130435
TREE_062,2013,472.04347826086956
TREE_064,2013,355.69565217391306
TREE_022,2013,374.7391304347826
TREE_063,2013,365.3695652173913
UNDE_048,2013,350.60869565217394
UNDE_038,2013,364.0869565217391
UNDE_037,2013,340.67391304347825
UNDE_045,2013,350.60869565217394
UNDE_058,2013,361.9347826086956
UNDE_052,2013,350.60869565217394
UNDE_047,2013,361.7608695652174
UNDE_054,2013,361.9347826086956
UNDE_057,2013,350.60869565217394
UNDE_050,2013,361.9347826086956
UNDE_055,2013,361.9347826086956
UNDE_059,2013,350.9347826086956
UNDE_065,2013,351.9782608695652
UNDE_043,2013,350.60869565217394
UNDE_044,2013,350.9347826086956
UNDE_049,2013,361.9347826086956
UNDE_056,2013,350.60869565217394
UNDE_078,2013,364.0869565217391
UNDE_061,2013,364.0869565217391
UNDE_060,2013,361.9347826086956
UNDE_014,2013,337.6304347826087
UNDE_013,2013,361.9347826086956
UNDE_002,2013,341.7391304347826
UNDE_001,2013,344.6304347826087
UNDE_003,2013,342.67391304347825
UNDE_010,2013,334.45652173913044
UNDE_006,2013,332.2391304347826
UNDE_011,2013,378.89130434782606
UNDE_007,2013,360.04347826086956
UNDE_012,2013,326.9347826086956
UNDE_008,2013,332.2391304347826
UNDE_016,2013,342.82608695652175
UNDE_020,2013,326.7391304347826
UNDE_021,2013,318.2826086956522
UNDE_022,2013,345.4782608695652
UNDE_018,2013,333.45652173913044
UNDE_019,2013,348.1304347826087
UNDE_023,2013,363.2608695652174
UNDE_015,2013,363.30434782608694
UNDE_027,2013,326.0
WREF_089,2013,539.5
WREF_082,2013,622.9782608695652
WREF_077,2013,614.4782608695652
WREF_083,2013,539.5
WREF_086,2013,522.1521739130435
WREF_081,2013,522.2608695652174
WREF_076,2013,548.8478260869565
WREF_070,2013,614.4782608695652
WREF_074,2013,622.9782608695652
WREF_072,2013,577.5217391304348
WREF_080,2013,606.6521739130435
WREF_073,2013,606.6521739130435
WREF_079,2013,606.6521739130435
WREF_085,2013,622.6304347826087
WREF_084,2013,622.6304347826087
WREF_078,2013,611.4347826086956
WREF_088,2013,622.9782608695652
WREF_087,2013,622.6304347826087
WREF_075,2013,614.4782608695652
WREF_071,2013,622.9782608695652
WREF_012,2013,596.6739130434783
WREF_016,2013,666.5652173913044
WREF_015,2013,632.9347826086956
WREF_013,2013,618.4347826086956
WREF_001,2013,542.9782608695652
WREF_003,2013,609.9782608695652
WREF_018,2013,630.0869565217391
WREF_020,2013,648.6304347826087
WREF_002,2013,655.1304347826087
WREF_019,2013,560.4347826086956
WREF_010,2013,645.9565217391304
WREF_007,2013,618.1739130434783
WREF_008,2013,592.5217391304348
WREF_006,2013,591.4782608695652
WREF_005,2013,557.9782608695652
WREF_014,2013,554.9782608695652
WREF_009,2013,657.9130434782609
WREF_011,2013,639.6304347826087
WREF_004,2013,641.5
WREF_017,2013,641.8913043478261
DELA_013,2013,498.9782608695652
DELA_003,2013,700.1521739130435
DELA_005,2013,356.1304347826087
DELA_011,2013,412.2173913043478
DELA_004,2013,490.80434782608694
DELA_018,2013,475.54347826086956
DELA_014,2013,483.5652173913044
DELA_015,2013,490.80434782608694
DELA_012,2013,483.5652173913044
DELA_010,2013,475.54347826086956
DELA_016,2013,509.1304347826087
DELA_001,2013,491.2608695652174
DELA_019,2013,502.10869565217394
DELA_017,2013,509.1304347826087
DELA_009,2013,700.1521739130435
DELA_002,2013,483.5652173913044
DELA_007,2013,475.54347826086956
DELA_020,2013,507.32608695652175
DELA_006,2013,502.10869565217394
DELA_008,2013,498.95652173913044
DELA_046,2013,507.32608695652175
DELA_053,2013,507.32608695652175
DELA_051,2013,491.2826086956522
DELA_043,2013,491.2826086956522
DELA_040,2013,507.32608695652175
DELA_052,2013,491.2826086956522
DELA_041,2013,491.2826086956522
DELA_044,2013,491.2826086956522
DELA_039,2013,463.3478260869565
DELA_054,2013,507.32608695652175
DELA_045,2013,507.32608695652175
DELA_042,2013,688.3478260869565
DELA_055,2013,463.3478260869565
DELA_037,2013,507.32608695652175
DELA_050,2013,507.32608695652175
DELA_056,2013,507.32608695652175
DELA_047,2013,475.54347826086956
DELA_048,2013,475.54347826086956
DELA_049,2013,688.3478260869565
DELA_038,2013,463.3478260869565
DELA_023,2013,498.95652173913044
DELA_022,2013,498.9782608695652
DELA_021,2013,367.04347826086956
DELA_059,2013,688.3478260869565
LENO_061,2013,669.2173913043479
LENO_065,2013,669.2173913043479
LENO_062,2013,669.2173913043479
LENO_068,2013,608.0
LENO_067,2013,608.0
LENO_064,2013,669.2173913043479
LENO_063,2013,608.0
LENO_066,2013,514.3913043478261
LENO_069,2013,514.3913043478261
LENO_070,2013,514.3913043478261
LENO_003,2013,489.10869565217394
LENO_002,2013,506.5
LENO_014,2013,524.8695652173913
LENO_011,2013,461.80434782608694
LENO_005,2013,480.80434782608694
LENO_015,2013,646.9347826086956
LENO_010,2013,503.04347826086956
LENO_012,2013,636.9782608695652
LENO_009,2013,525.1304347826087
LENO_018,2013,638.2173913043479
LENO_006,2013,504.3478260869565
LENO_013,2013,505.2826086956522
LENO_007,2013,524.8695652173913
LENO_008,2013,646.9347826086956
LENO_022,2013,536.5869565217391
LENO_001,2013,465.5
LENO_016,2013,504.3478260869565
LENO_021,2013,613.4347826086956
LENO_017,2013,667.5434782608696
LENO_004,2013,459.7391304347826
LENO_019,2013,530.304347826087
UKFS_032,2013,510.5869565217391
UKFS_057,2013,510.60869565217394
UKFS_051,2013,510.60869565217394
UKFS_047,2013,444.2391304347826
UKFS_055,2013,510.5869565217391
UKFS_058,2013,444.2391304347826
UKFS_060,2013,510.5869565217391
UKFS_056,2013,449.2608695652174
UKFS_054,2013,426.32608695652175
UKFS_050,2013,434.9782608695652
UKFS_046,2013,434.9782608695652
UKFS_045,2013,444.2391304347826
UKFS_043,2013,434.9782608695652
UKFS_052,2013,444.2391304347826
UKFS_059,2013,434.9782608695652
UKFS_048,2013,434.9782608695652
UKFS_049,2013,449.2608695652174
UKFS_031,2013,444.2391304347826
UKFS_044,2013,449.2608695652174
UKFS_053,2013,449.2608695652174
UKFS_007,2013,275.6304347826087
UKFS_005,2013,527.5652173913044
UKFS_004,2013,507.1521739130435
UKFS_009,2013,265.54347826086956
UKFS_006,2013,434.9782608695652
UKFS_012,2013,253.69565217391303
UKFS_002,2013,280.80434782608694
UKFS_010,2013,363.5652173913044
UKFS_003,2013,363.5652173913044
UKFS_001,2013,444.2391304347826
UKFS_011,2013,426.32608695652175
UKFS_008,2013,426.32608695652175
UKFS_017,2013,253.69565217391303
UKFS_019,2013,522.2173913043479
UKFS_016,2013,374.67391304347825
UKFS_018,2013,363.5652173913044
UKFS_014,2013,444.2391304347826
UKFS_015,2013,453.2391304347826
UKFS_013,2013,362.0217391304348
UKFS_025,2013,371.0652173913044
YELL_002,2013,171.69565217391303
YELL_016,2013,112.91304347826087
YELL_013,2013,126.23913043478261
YELL_006,2013,130.19565217391303
YELL_020,2013,231.3695652173913
YELL_008,2013,140.17391304347825
YELL_014,2013,167.65217391304347
YELL_001,2013,130.95652173913044
YELL_011,2013,111.3695652173913
YELL_004,2013,114.8695652173913
YELL_003,2013,125.97826086956522
YELL_010,2013,116.26086956521739
YELL_005,2013,111.41304347826087
YELL_007,2013,148.19565217391303
YELL_018,2013,158.08695652173913
YELL_023,2013,171.52173913043478
YELL_012,2013,142.32608695652175
YELL_009,2013,152.97826086956522
YELL_021,2013,267.39130434782606
YELL_022,2013,131.97826086956522
YELL_047,2013,140.7391304347826
YELL_054,2013,140.7391304347826
YELL_058,2013,140.7391304347826
YELL_044,2013,140.7391304347826
YELL_052,2013,140.7826086956522
YELL_055,2013,140.7826086956522
YELL_062,2013,140.7391304347826
YELL_056,2013,139.1304347826087
YELL_048,2013,139.1304347826087
YELL_060,2013,145.15217391304347
YELL_051,2013,140.7826086956522
YELL_053,2013,128.91304347826087
YELL_045,2013,139.1304347826087
YELL_046,2013,140.7826086956522
YELL_061,2013,140.7826086956522
YELL_049,2013,128.91304347826087
YELL_059,2013,140.7826086956522
YELL_043,2013,128.91304347826087
YELL_050,2013,145.15217391304347
YELL_057,2013,145.15217391304347
YELL_015,2013,107.15217391304348
BONA_072,2013,268.0
BONA_079,2013,268.0
BONA_070,2013,234.47826086956522
BONA_075,2013,268.0
BONA_078,2013,268.0
BONA_076,2013,268.0
BONA_082,2013,308.17391304347825
BONA_071,2013,268.0
BONA_087,2013,268.0
BONA_084,2013,308.1521739130435
BONA_080,2013,234.47826086956522
BONA_086,2013,234.47826086956522
BONA_088,2013,268.0
BONA_089,2013,308.17391304347825
BONA_085,2013,234.47826086956522
BONA_083,2013,183.32608695652175
BONA_074,2013,183.32608695652175
BONA_081,2013,197.67391304347825
BONA_077,2013,197.67391304347825
BONA_073,2013,197.67391304347825
BONA_014,2013,273.2173913043478
BONA_011,2013,152.1086956521739
BONA_001,2013,240.8913043478261
BONA_018,2013,168.34782608695653
BONA_023,2013,198.7173913043478
BONA_009,2013,205.93478260869566
BONA_002,2013,365.0217391304348
BONA_012,2013,323.82608695652175
BONA_008,2013,261.9130434782609
BONA_093,2013,268.0
BONA_007,2013,299.3478260869565
BONA_005,2013,336.6304347826087
BONA_021,2013,271.39130434782606
BONA_026,2013,255.54347826086956
BONA_022,2013,322.3478260869565
BONA_010,2013,322.3478260869565
BONA_003,2013,126.71739130434783
BONA_004,2013,218.06521739130434
BONA_006,2013,243.7391304347826
BONA_016,2013,147.2608695652174
BONA_013,2013,231.32608695652175
DEJU_050,2013,161.1086956521739
DEJU_051,2013,163.58695652173913
DEJU_049,2013,186.91304347826087
DEJU_057,2013,222.08695652173913
DEJU_047,2013,186.91304347826087
DEJU_052,2013,186.91304347826087
DEJU_045,2013,186.91304347826087
DEJU_056,2013,186.91304347826087
DEJU_061,2013,186.91304347826087
DEJU_064,2013,161.1086956521739
DEJU_054,2013,156.3913043478261
DEJU_060,2013,201.3913043478261
DEJU_046,2013,201.3913043478261
DEJU_055,2013,201.3913043478261
DEJU_063,2013,163.58695652173913
DEJU_059,2013,161.1086956521739
DEJU_048,2013,166.58695652173913
DEJU_062,2013,166.58695652173913
DEJU_058,2013,163.58695652173913
DEJU_053,2013,161.1086956521739
DEJU_010,2013,184.04347826086956
DEJU_004,2013,80.02173913043478
DEJU_003,2013,114.45652173913044
DEJU_023,2013,178.3913043478261
DEJU_008,2013,126.34782608695652
DEJU_019,2013,167.7173913043478
DEJU_005,2013,175.08695652173913
DEJU_001,2013,159.02173913043478
DEJU_007,2013,153.41304347826087
DEJU_015,2013,213.3913043478261
DEJU_017,2013,174.91304347826087
DEJU_014,2013,148.8913043478261
DEJU_006,2013,152.7608695652174
DEJU_021,2013,171.41304347826087
DEJU_002,2013,153.2173913043478
DEJU_024,2013,147.8913043478261
DEJU_016,2013,177.41304347826087
DEJU_009,2013,185.04347826086956
DEJU_018,2013,152.7608695652174
DEJU_020,2013,174.47826086956522
HEAL_072,2013,283.67391304347825
HEAL_063,2013,289.2826086956522
HEAL_070,2013,299.7391304347826
HEAL_060,2013,299.7391304347826
HEAL_071,2013,299.7391304347826
HEAL_050,2013,299.7391304347826
HEAL_067,2013,299.7391304347826
HEAL_068,2013,299.2826086956522
HEAL_064,2013,311.0
HEAL_062,2013,299.7391304347826
HEAL_061,2013,299.7391304347826
HEAL_073,2013,299.7391304347826
HEAL_052,2013,299.7391304347826
HEAL_066,2013,299.5
HEAL_058,2013,299.7391304347826
HEAL_069,2013,299.5
HEAL_048,2013,289.2826086956522
HEAL_054,2013,299.2826086956522
HEAL_053,2013,299.45652173913044
HEAL_074,2013,299.5
HEAL_056,2013,299.5
HEAL_051,2013,299.5
HEAL_065,2013,299.45652173913044
HEAL_057,2013,283.6521739130435
HEAL_046,2013,299.5
HEAL_059,2013,299.5
HEAL_055,2013,299.45652173913044
HEAL_047,2013,299.45652173913044
HEAL_010,2013,285.5217391304348
HEAL_002,2013,266.69565217391306
HEAL_003,2013,292.10869565217394
HEAL_014,2013,309.95652173913044
HEAL_022,2013,318.7173913043478
HEAL_023,2013,286.5217391304348
HEAL_021,2013,288.82608695652175
HEAL_001,2013,303.54347826086956
HEAL_016,2013,299.2826086956522
HEAL_020,2013,274.2608695652174
HEAL_006,2013,286.2826086956522
HEAL_019,2013,297.3478260869565
HEAL_011,2013,291.04347826086956
HEAL_025,2013,267.32608695652175
HEAL_018,2013,271.45652173913044
HEAL_017,2013,188.3913043478261
HEAL_004,2013,296.8695652173913
HEAL_005,2013,300.32608695652175
HEAL_015,2013,278.80434782608694
HEAL_049,2013,299.7391304347826
HEAL_026,2013,290.8478260869565
HEAL_045,2013,283.67391304347825
HEAL_024,2013,281.7173913043478
ABBY_063,2014,388.2391304347826
ABBY_068,2014,388.2391304347826
ABBY_065,2014,397.2608695652174
ABBY_067,2014,388.2391304347826
ABBY_066,2014,388.2391304347826
ABBY_061,2014,388.2391304347826
ABBY_070,2014,388.2391304347826
ABBY_062,2014,388.0652173913044
ABBY_064,2014,388.2391304347826
ABBY_069,2014,388.0652173913044
ABBY_075,2014,377.2391304347826
ABBY_074,2014,388.0652173913044
ABBY_073,2014,388.0652173913044
ABBY_076,2014,388.2391304347826
ABBY_004,2014,486.4782608695652
ABBY_009,2014,486.4782608695652
ABBY_011,2014,410.3478260869565
ABBY_013,2014,435.7391304347826
ABBY_023,2014,541.4782608695652
ABBY_010,2014,597.5652173913044
ABBY_018,2014,443.19565217391306
ABBY_003,2014,488.5217391304348
ABBY_012,2014,568.7608695652174
ABBY_005,2014,561.4347826086956
ABBY_016,2014,491.4130434782609
ABBY_008,2014,538.7826086956521
ABBY_017,2014,578.9782608695652
ABBY_014,2014,414.8478260869565
ABBY_001,2014,480.89130434782606
ABBY_019,2014,407.4782608695652
ABBY_006,2014,516.2608695652174
ABBY_002,2014,377.3695652173913
ABBY_007,2014,390.54347826086956
ABBY_025,2014,526.0
ABBY_015,2014,323.32608695652175
ABBY_077,2014,424.4782608695652
BART_012,2014,419.5652173913044
BART_001,2014,422.5869565217391
BART_005,2014,456.8695652173913
BART_044,2014,431.5869565217391
BART_037,2014,431.5869565217391
BART_073,2014,422.45652173913044
BART_074,2014,431.5869565217391
BART_075,2014,422.4347826086956
BART_042,2014,422.4347826086956
BART_072,2014,422.4347826086956
BART_046,2014,431.5869565217391
BART_036,2014,422.4347826086956
BART_051,2014,422.45652173913044
BART_041,2014,420.67391304347825
BART_034,2014,420.67391304347825
BART_039,2014,422.45652173913044
BART_050,2014,422.4347826086956
BART_040,2014,422.2608695652174
BART_071,2014,431.17391304347825
BART_070,2014,420.67391304347825
BART_033,2014,420.67391304347825
BART_047,2014,422.2608695652174
BART_032,2014,431.2608695652174
BART_015,2014,424.19565217391306
BART_016,2014,438.6521739130435
BART_028,2014,436.45652173913044
BART_010,2014,440.2608695652174
BART_013,2014,408.2826086956522
BART_026,2014,407.95652173913044
BART_006,2014,437.4782608695652
BART_023,2014,440.2608695652174
BART_002,2014,420.1521739130435
BART_018,2014,435.89130434782606
BART_003,2014,468.60869565217394
BART_024,2014,440.2608695652174
BART_011,2014,432.5
BART_025,2014,407.95652173913044
BART_007,2014,432.5
BART_027,2014,450.6304347826087
BART_004,2014,414.82608695652175
BART_019,2014,431.2608695652174
BLAN_042,2014,358.2173913043478
BLAN_056,2014,358.2173913043478
BLAN_034,2014,393.7608695652174
BLAN_043,2014,358.2173913043478
BLAN_046,2014,379.4347826086956
BLAN_045,2014,358.2173913043478
BLAN_059,2014,379.4347826086956
BLAN_039,2014,358.2173913043478
BLAN_033,2014,358.2173913043478
BLAN_051,2014,358.2173913043478
BLAN_054,2014,358.2173913043478
BLAN_031,2014,393.7608695652174
BLAN_049,2014,393.7608695652174
BLAN_060,2014,358.2173913043478
BLAN_035,2014,379.4347826086956
BLAN_038,2014,358.2173913043478
BLAN_040,2014,358.2173913043478
BLAN_037,2014,393.7608695652174
BLAN_044,2014,393.7608695652174
BLAN_050,2014,540.7391304347826
BLAN_052,2014,393.7608695652174
BLAN_048,2014,540.7391304347826
BLAN_055,2014,393.7608695652174
BLAN_057,2014,379.4347826086956
BLAN_032,2014,379.4347826086956
BLAN_036,2014,540.7391304347826
BLAN_047,2014,540.7391304347826
BLAN_063,2014,540.7391304347826
BLAN_005,2014,399.5217391304348
BLAN_017,2014,399.5217391304348
BLAN_011,2014,499.30434782608694
BLAN_068,2014,425.60869565217394
BLAN_016,2014,425.60869565217394
BLAN_001,2014,427.67391304347825
BLAN_008,2014,440.4782608695652
BLAN_003,2014,414.0
BLAN_018,2014,636.9565217391304
BLAN_004,2014,425.60869565217394
BLAN_014,2014,439.39130434782606
BLAN_020,2014,584.5
BLAN_006,2014,636.9565217391304
BLAN_007,2014,440.4782608695652
BLAN_010,2014,425.60869565217394
BLAN_012,2014,636.9565217391304
BLAN_013,2014,393.4347826086956
BLAN_015,2014,643.2608695652174
BLAN_009,2014,427.67391304347825
BLAN_053,2014,379.4347826086956
BLAN_041,2014,540.7391304347826
BLAN_064,2014,393.7608695652174
BLAN_019,2014,425.5869565217391
GRSM_057,2014,520.6521739130435
GRSM_048,2014,520.6521739130435
GRSM_059,2014,531.1086956521739
GRSM_054,2014,534.7391304347826
GRSM_049,2014,528.7173913043479
GRSM_066,2014,520.6521739130435
GRSM_065,2014,531.0434782608696
GRSM_047,2014,531.1086956521739
GRSM_063,2014,528.1086956521739
GRSM_053,2014,528.1086956521739
GRSM_062,2014,534.7391304347826
GRSM_060,2014,531.1086956521739
GRSM_050,2014,542.804347826087
GRSM_051,2014,531.1086956521739
GRSM_064,2014,531.1086956521739
GRSM_002,2014,559.4130434782609
GRSM_025,2014,492.82608695652175
GRSM_016,2014,376.0
GRSM_017,2014,517.4130434782609
GRSM_004,2014,560.7173913043479
GRSM_001,2014,537.195652173913
GRSM_012,2014,495.45652173913044
GRSM_008,2014,497.2391304347826
GRSM_003,2014,495.32608695652175
GRSM_019,2014,531.5
GRSM_006,2014,531.5
GRSM_013,2014,533.9565217391304
GRSM_015,2014,530.3260869565217
GRSM_014,2014,522.5652173913044
GRSM_010,2014,531.7391304347826
GRSM_005,2014,523.6521739130435
GRSM_011,2014,524.2391304347826
GRSM_007,2014,536.9565217391304
GRSM_009,2014,516.2173913043479
GRSM_055,2014,528.1086956521739
GRSM_018,2014,562.0
GRSM_061,2014,531.1086956521739
GRSM_056,2014,531.1086956521739
GRSM_058,2014,531.0434782608696
GRSM_052,2014,534.7391304347826
HARV_013,2014,469.32608695652175
HARV_022,2014,461.89130434782606
HARV_008,2014,450.5652173913044
HARV_004,2014,456.17391304347825
HARV_024,2014,464.3695652173913
HARV_010,2014,0.0
HARV_006,2014,438.7826086956522
HARV_001,2014,416.0652173913044
HARV_005,2014,391.7173913043478
HARV_027,2014,433.1304347826087
HARV_043,2014,460.9130434782609
HARV_035,2014,460.9130434782609
HARV_037,2014,470.30434782608694
HARV_020,2014,449.69565217391306
HARV_023,2014,460.89130434782606
HARV_014,2014,453.7173913043478
HARV_011,2014,433.10869565217394
HARV_025,2014,459.5652173913044
HARV_002,2014,457.10869565217394
HARV_012,2014,456.5217391304348
HARV_026,2014,439.4782608695652
HARV_016,2014,449.1521739130435
HARV_039,2014,446.5652173913044
HARV_021,2014,455.0217391304348
HARV_045,2014,452.69565217391306
HARV_041,2014,470.30434782608694
HARV_038,2014,470.30434782608694
HARV_050,2014,470.30434782608694
HARV_048,2014,460.9130434782609
HARV_036,2014,452.69565217391306
HARV_052,2014,460.9130434782609
HARV_049,2014,446.4130434782609
HARV_047,2014,470.30434782608694
HARV_044,2014,470.30434782608694
HARV_040,2014,460.9130434782609
HARV_046,2014,470.30434782608694
HARV_033,2014,470.30434782608694
HARV_051,2014,446.5652173913044
HARV_034,2014,470.30434782608694
HARV_042,2014,446.5652173913044
HARV_015,2014,470.30434782608694
HARV_017,2014,451.2173913043478
JERC_002,2014,587.6304347826087
JERC_015,2014,625.5434782608696
JERC_007,2014,641.1086956521739
JERC_001,2014,619.2391304347826
JERC_010,2014,611.8260869565217
JERC_009,2014,586.2391304347826
JERC_029,2014,591.2608695652174
JERC_021,2014,637.0
JERC_011,2014,591.2608695652174
JERC_040,2014,583.4565217391304
JERC_035,2014,573.1521739130435
JERC_033,2014,625.6086956521739
JERC_019,2014,664.2608695652174
JERC_030,2014,710.8913043478261
JERC_034,2014,500.69565217391306
JERC_036,2014,611.4130434782609
JERC_028,2014,343.1521739130435
JERC_044,2014,650.7608695652174
JERC_016,2014,611.4130434782609
JERC_038,2014,609.0217391304348
JERC_006,2014,504.32608695652175
JERC_041,2014,748.7173913043479
JERC_031,2014,597.8478260869565
JERC_042,2014,611.8260869565217
JERC_008,2014,602.804347826087
JERC_005,2014,602.804347826087
JERC_003,2014,619.2391304347826
JERC_022,2014,553.9130434782609
JERC_013,2014,623.9347826086956
JERC_066,2014,587.6304347826087
JERC_065,2014,597.8478260869565
JERC_054,2014,598.7173913043479
JERC_051,2014,597.8478260869565
JERC_062,2014,587.695652173913
JERC_047,2014,587.695652173913
JERC_057,2014,597.9565217391304
JERC_060,2014,597.8478260869565
JERC_064,2014,597.8478260869565
JERC_050,2014,587.695652173913
JERC_053,2014,587.6304347826087
JERC_049,2014,587.695652173913
JERC_061,2014,587.695652173913
JERC_058,2014,587.6304347826087
JERC_048,2014,587.6304347826087
JERC_063,2014,587.6304347826087
JERC_052,2014,587.695652173913
JERC_059,2014,587.6304347826087
JERC_056,2014,587.695652173913
JERC_055,2014,587.695652173913
JERC_004,2014,612.2391304347826
JERC_014,2014,620.0869565217391
JERC_012,2014,593.804347826087
MLBS_076,2014,446.7826086956522
MLBS_061,2014,448.3478260869565
MLBS_064,2014,448.3478260869565
MLBS_075,2014,450.32608695652175
MLBS_065,2014,450.32608695652175
MLBS_062,2014,450.32608695652175
MLBS_069,2014,446.7826086956522
MLBS_063,2014,446.7826086956522
MLBS_073,2014,446.7826086956522
MLBS_074,2014,446.7826086956522
MLBS_066,2014,446.7826086956522
MLBS_067,2014,446.7826086956522
MLBS_071,2014,446.7826086956522
MLBS_072,2014,446.7826086956522
MLBS_070,2014,446.7826086956522
MLBS_068,2014,446.7826086956522
MLBS_009,2014,448.3478260869565
MLBS_010,2014,447.7826086956522
MLBS_005,2014,453.5652173913044
MLBS_003,2014,447.7826086956522
MLBS_019,2014,477.6304347826087
MLBS_016,2014,482.0869565217391
MLBS_015,2014,480.0
MLBS_014,2014,488.3695652173913
MLBS_001,2014,428.39130434782606
MLBS_017,2014,428.39130434782606
MLBS_011,2014,437.2826086956522
MLBS_012,2014,437.2826086956522
MLBS_002,2014,450.32608695652175
MLBS_004,2014,474.5
MLBS_018,2014,458.7826086956522
MLBS_008,2014,456.8478260869565
MLBS_007,2014,478.60869565217394
MLBS_006,2014,475.60869565217394
MLBS_020,2014,479.32608695652175
MLBS_013,2014,484.8478260869565
ORNL_002,2014,499.0
ORNL_003,2014,512.5869565217391
ORNL_009,2014,566.4565217391304
ORNL_021,2014,485.7173913043478
ORNL_031,2014,443.7608695652174
ORNL_033,2014,474.82608695652175
ORNL_066,2014,671.0
ORNL_044,2014,671.0
ORNL_012,2014,0.0
ORNL_004,2014,491.2826086956522
ORNL_001,2014,424.4782608695652
ORNL_027,2014,495.6304347826087
ORNL_014,2014,514.7608695652174
ORNL_029,2014,505.7391304347826
ORNL_007,2014,507.2608695652174
ORNL_006,2014,519.4782608695652
ORNL_008,2014,526.0869565217391
ORNL_035,2014,527.4347826086956
ORNL_010,2014,543.0869565217391
ORNL_032,2014,505.67391304347825
ORNL_055,2014,521.3260869565217
ORNL_062,2014,521.3260869565217
ORNL_063,2014,522.0
ORNL_049,2014,522.0
ORNL_052,2014,521.3260869565217
ORNL_059,2014,508.7826086956522
ORNL_036,2014,507.3478260869565
ORNL_053,2014,508.7826086956522
ORNL_046,2014,508.7826086956522
ORNL_043,2014,517.5434782608696
ORNL_058,2014,517.5434782608696
ORNL_060,2014,517.5434782608696
ORNL_056,2014,521.3260869565217
ORNL_037,2014,521.3260869565217
ORNL_057,2014,507.3478260869565
ORNL_051,2014,521.3260869565217
ORNL_061,2014,508.7826086956522
ORNL_054,2014,507.3478260869565
ORNL_045,2014,507.3478260869565
ORNL_050,2014,507.3478260869565
ORNL_017,2014,502.17391304347825
ORNL_068,2014,486.0869565217391
ORNL_019,2014,526.1739130434783
ORNL_018,2014,396.30434782608694
ORNL_067,2014,529.2608695652174
ORNL_015,2014,512.6304347826087
OSBS_002,2014,540.195652173913
OSBS_006,2014,494.4782608695652
OSBS_048,2014,542.2826086956521
OSBS_001,2014,653.0434782608696
OSBS_018,2014,421.80434782608694
OSBS_011,2014,537.5652173913044
OSBS_014,2014,554.304347826087
OSBS_004,2014,499.0217391304348
OSBS_020,2014,414.5652173913044
OSBS_023,2014,537.5652173913044
OSBS_049,2014,527.2173913043479
OSBS_003,2014,538.8913043478261
OSBS_012,2014,520.8478260869565
OSBS_013,2014,499.0217391304348
OSBS_024,2014,537.5652173913044
OSBS_016,2014,609.3695652173913
OSBS_008,2014,513.3478260869565
OSBS_010,2014,665.1086956521739
OSBS_051,2014,490.7608695652174
OSBS_050,2014,527.8695652173913
OSBS_007,2014,529.8695652173913
OSBS_005,2014,629.695652173913
OSBS_017,2014,601.4782608695652
OSBS_043,2014,499.0869565217391
OSBS_022,2014,554.304347826087
OSBS_039,2014,500.6521739130435
OSBS_036,2014,500.6521739130435
OSBS_029,2014,500.6521739130435
OSBS_040,2014,506.5217391304348
OSBS_015,2014,693.695652173913
OSBS_025,2014,499.54347826086956
OSBS_030,2014,499.54347826086956
OSBS_038,2014,499.54347826086956
OSBS_042,2014,499.54347826086956
OSBS_035,2014,485.4130434782609
OSBS_037,2014,485.4130434782609
OSBS_028,2014,485.4130434782609
OSBS_021,2014,619.1521739130435
OSBS_041,2014,485.4130434782609
OSBS_009,2014,601.0
OSBS_031,2014,506.5217391304348
OSBS_033,2014,500.6521739130435
OSBS_032,2014,500.6521739130435
OSBS_044,2014,500.6521739130435
OSBS_027,2014,500.6521739130435
OSBS_034,2014,506.4782608695652
OSBS_026,2014,500.6521739130435
OSBS_063,2014,533.3913043478261
OSBS_067,2014,510.9782608695652
OSBS_066,2014,693.695652173913
OSBS_068,2014,496.54347826086956
OSBS_070,2014,506.5217391304348
OSBS_073,2014,604.7391304347826
RMNP_043,2014,190.06521739130434
RMNP_042,2014,190.06521739130434
RMNP_041,2014,272.8478260869565
RMNP_048,2014,190.06521739130434
RMNP_049,2014,190.06521739130434
RMNP_046,2014,190.06521739130434
RMNP_047,2014,190.06521739130434
RMNP_045,2014,190.06521739130434
RMNP_044,2014,190.06521739130434
RMNP_013,2014,257.4782608695652
RMNP_003,2014,265.1521739130435
RMNP_009,2014,265.1521739130435
RMNP_011,2014,185.69565217391303
RMNP_019,2014,274.9347826086956
RMNP_015,2014,327.39130434782606
RMNP_002,2014,326.89130434782606
RMNP_020,2014,327.39130434782606
RMNP_016,2014,337.8695652173913
RMNP_017,2014,275.7608695652174
RMNP_005,2014,357.10869565217394
RMNP_001,2014,340.19565217391306
RMNP_014,2014,392.8478260869565
RMNP_008,2014,318.32608695652175
RMNP_012,2014,380.7173913043478
RMNP_018,2014,373.4130434782609
RMNP_006,2014,359.2173913043478
RMNP_004,2014,302.6521739130435
RMNP_010,2014,326.5
RMNP_007,2014,326.5
SCBI_008,2014,475.3695652173913
SCBI_004,2014,443.89130434782606
SCBI_015,2014,457.2608695652174
SCBI_017,2014,470.2608695652174
SCBI_013,2014,458.67391304347825
SCBI_007,2014,456.0217391304348
SCBI_018,2014,459.30434782608694
SCBI_003,2014,464.5869565217391
SCBI_011,2014,458.9347826086956
SCBI_016,2014,444.2173913043478
SCBI_002,2014,454.8695652173913
SCBI_010,2014,444.3695652173913
SCBI_014,2014,466.3695652173913
SCBI_005,2014,438.60869565217394
SCBI_056,2014,441.19565217391306
SCBI_045,2014,453.9782608695652
SCBI_053,2014,441.19565217391306
SCBI_061,2014,441.19565217391306
SCBI_050,2014,441.19565217391306
SCBI_057,2014,441.19565217391306
SCBI_062,2014,454.8478260869565
SCBI_047,2014,454.8478260869565
SCBI_067,2014,454.8478260869565
SCBI_066,2014,454.8478260869565
SCBI_064,2014,453.9782608695652
SCBI_052,2014,453.9782608695652
SCBI_054,2014,453.9782608695652
SCBI_046,2014,454.8695652173913
SCBI_049,2014,454.8478260869565
SCBI_063,2014,454.8478260869565
SCBI_055,2014,441.19565217391306
SCBI_048,2014,454.8478260869565
SCBI_051,2014,441.19565217391306
SCBI_058,2014,453.9782608695652
SCBI_034,2014,361.39130434782606
SCBI_038,2014,450.2173913043478
SCBI_033,2014,361.39130434782606
SCBI_006,2014,443.69565217391306
SCBI_035,2014,450.2173913043478
SCBI_012,2014,479.6304347826087
SCBI_071,2014,444.3695652173913
SCBI_019,2014,454.7608695652174
SCBI_021,2014,443.69565217391306
SCBI_023,2014,457.2608695652174
SCBI_022,2014,448.6304347826087
SERC_062,2014,432.54347826086956
SERC_045,2014,432.54347826086956
SERC_051,2014,432.54347826086956
SERC_050,2014,466.4130434782609
SERC_052,2014,470.9130434782609
SERC_058,2014,480.19565217391306
SERC_043,2014,480.5869565217391
SERC_055,2014,469.82608695652175
SERC_048,2014,480.19565217391306
SERC_060,2014,480.19565217391306
SERC_061,2014,471.2391304347826
SERC_054,2014,471.2391304347826
SERC_059,2014,687.804347826087
SERC_046,2014,451.2608695652174
SERC_053,2014,471.2391304347826
SERC_044,2014,451.2608695652174
SERC_047,2014,466.7173913043478
SERC_049,2014,466.7173913043478
SERC_057,2014,466.7173913043478
SERC_056,2014,466.7173913043478
SERC_007,2014,424.5652173913044
SERC_018,2014,589.6086956521739
SERC_009,2014,497.9130434782609
SERC_008,2014,589.695652173913
SERC_011,2014,670.7826086956521
SERC_003,2014,466.2826086956522
SERC_006,2014,422.7391304347826
SERC_001,2014,424.7826086956522
SERC_017,2014,519.0869565217391
SERC_019,2014,463.30434782608694
SERC_010,2014,615.3260869565217
SERC_014,2014,331.82608695652175
SERC_012,2014,477.4130434782609
SERC_016,2014,466.0652173913044
SERC_022,2014,462.6304347826087
SERC_004,2014,463.30434782608694
SERC_021,2014,480.5869565217391
SERC_013,2014,418.7826086956522
SERC_005,2014,483.9347826086956
SERC_002,2014,487.60869565217394
SERC_067,2014,484.9347826086956
SERC_073,2014,466.4130434782609
SOAP_059,2014,384.0
SOAP_057,2014,384.0
SOAP_051,2014,384.0
SOAP_048,2014,384.0
SOAP_058,2014,374.2391304347826
SOAP_043,2014,373.5217391304348
SOAP_050,2014,373.5217391304348
SOAP_044,2014,388.9347826086956
SOAP_052,2014,388.2391304347826
SOAP_046,2014,388.9347826086956
SOAP_060,2014,388.2391304347826
SOAP_055,2014,373.5217391304348
SOAP_054,2014,312.10869565217394
SOAP_047,2014,312.10869565217394
SOAP_031,2014,326.4347826086956
SOAP_049,2014,326.4347826086956
SOAP_056,2014,326.4347826086956
SOAP_053,2014,312.10869565217394
SOAP_045,2014,373.95652173913044
SOAP_061,2014,384.0
SOAP_002,2014,326.30434782608694
SOAP_010,2014,384.0
SOAP_006,2014,311.7608695652174
SOAP_013,2014,326.30434782608694
SOAP_012,2014,421.6304347826087
SOAP_004,2014,384.0
SOAP_003,2014,361.82608695652175
SOAP_016,2014,388.8695652173913
SOAP_007,2014,381.2826086956522
SOAP_020,2014,312.10869565217394
SOAP_009,2014,343.0217391304348
SOAP_008,2014,421.6304347826087
SOAP_021,2014,451.2826086956522
SOAP_018,2014,407.5869565217391
SOAP_019,2014,407.5869565217391
SOAP_017,2014,408.45652173913044
SOAP_015,2014,362.5
SOAP_001,2014,399.4347826086956
SOAP_011,2014,374.2391304347826
SOAP_022,2014,362.5
SOAP_024,2014,311.7608695652174
STEI_058,2014,448.82608695652175
STEI_051,2014,448.82608695652175
STEI_056,2014,453.95652173913044
STEI_046,2014,453.95652173913044
STEI_061,2014,453.95652173913044
STEI_062,2014,453.95652173913044
STEI_052,2014,453.95652173913044
STEI_055,2014,448.82608695652175
STEI_047,2014,453.95652173913044
STEI_053,2014,453.95652173913044
STEI_048,2014,352.5652173913044
STEI_060,2014,453.95652173913044
STEI_054,2014,352.5652173913044
STEI_049,2014,453.95652173913044
STEI_057,2014,453.95652173913044
STEI_050,2014,352.5652173913044
STEI_059,2014,352.5652173913044
STEI_005,2014,342.4782608695652
STEI_009,2014,360.1521739130435
STEI_012,2014,369.95652173913044
STEI_017,2014,358.8478260869565
STEI_019,2014,368.9130434782609
STEI_003,2014,368.3695652173913
STEI_007,2014,358.6521739130435
STEI_002,2014,357.54347826086956
STEI_011,2014,356.2826086956522
STEI_010,2014,357.04347826086956
STEI_008,2014,362.9782608695652
STEI_015,2014,349.9347826086956
STEI_016,2014,353.4782608695652
STEI_004,2014,350.1521739130435
STEI_013,2014,363.2608695652174
STEI_001,2014,354.6521739130435
STEI_021,2014,338.45652173913044
STEI_006,2014,354.6521739130435
STEI_014,2014,352.95652173913044
STEI_022,2014,361.9130434782609
STEI_023,2014,365.67391304347825
TALL_003,2014,687.804347826087
TALL_005,2014,612.3260869565217
TALL_009,2014,596.5652173913044
TALL_012,2014,973.195652173913
TALL_004,2014,744.8695652173913
TALL_010,2014,720.5652173913044
TALL_007,2014,752.4782608695652
TALL_002,2014,719.8695652173913
TALL_022,2014,725.8695652173913
TALL_015,2014,717.7608695652174
TALL_016,2014,467.60869565217394
TALL_011,2014,733.8260869565217
TALL_018,2014,749.3913043478261
TALL_006,2014,615.3260869565217
TALL_013,2014,627.1304347826087
TALL_001,2014,581.6521739130435
TALL_017,2014,705.5217391304348
TALL_020,2014,744.804347826087
TALL_008,2014,720.9565217391304
TALL_043,2014,639.0869565217391
TALL_049,2014,639.0869565217391
TALL_046,2014,639.0869565217391
TALL_061,2014,626.9782608695652
TALL_052,2014,626.8695652173913
TALL_050,2014,749.5869565217391
TALL_051,2014,626.9782608695652
TALL_057,2014,626.9782608695652
TALL_060,2014,749.5869565217391
TALL_055,2014,626.9782608695652
TALL_058,2014,626.8695652173913
TALL_045,2014,749.5869565217391
TALL_059,2014,626.8695652173913
TALL_054,2014,626.9782608695652
TALL_056,2014,626.8695652173913
TALL_044,2014,749.5869565217391
TALL_047,2014,749.5869565217391
TALL_048,2014,639.0869565217391
TALL_042,2014,639.0869565217391
TALL_053,2014,626.8695652173913
TALL_064,2014,699.7608695652174
TALL_025,2014,612.2391304347826
TEAK_045,2014,356.60869565217394
TEAK_054,2014,356.60869565217394
TEAK_048,2014,356.60869565217394
TEAK_061,2014,356.60869565217394
TEAK_059,2014,356.60869565217394
TEAK_049,2014,356.6521739130435
TEAK_060,2014,356.6521739130435
TEAK_055,2014,356.6521739130435
TEAK_062,2014,357.0652173913044
TEAK_056,2014,391.7608695652174
TEAK_044,2014,391.7608695652174
TEAK_057,2014,340.89130434782606
TEAK_053,2014,391.7608695652174
TEAK_047,2014,391.7608695652174
TEAK_051,2014,340.89130434782606
TEAK_046,2014,383.17391304347825
TEAK_058,2014,356.6521739130435
TEAK_043,2014,357.0652173913044
TEAK_052,2014,383.2391304347826
TEAK_050,2014,394.7826086956522
TEAK_001,2014,391.0
TEAK_002,2014,377.7391304347826
TEAK_003,2014,400.1521739130435
TEAK_004,2014,338.0652173913044
TEAK_006,2014,331.7608695652174
TEAK_025,2014,310.0
TEAK_005,2014,153.3695652173913
TEAK_011,2014,354.2391304347826
TEAK_007,2014,395.6521739130435
TEAK_014,2014,350.9782608695652
TEAK_010,2014,348.0869565217391
TEAK_012,2014,400.1521739130435
TEAK_017,2014,355.7391304347826
TEAK_013,2014,381.9347826086956
TEAK_019,2014,469.80434782608694
TEAK_020,2014,357.95652173913044
TEAK_016,2014,303.4130434782609
TEAK_015,2014,392.30434782608694
TEAK_024,2014,298.2173913043478
TEAK_018,2014,381.17391304347825
TREE_042,2014,362.2173913043478
TREE_053,2014,366.32608695652175
TREE_049,2014,366.32608695652175
TREE_046,2014,366.32608695652175
TREE_055,2014,366.2826086956522
TREE_056,2014,366.32608695652175
TREE_050,2014,486.17391304347825
TREE_054,2014,486.17391304347825
TREE_052,2014,366.32608695652175
TREE_051,2014,366.2826086956522
TREE_057,2014,357.54347826086956
TREE_025,2014,357.54347826086956
TREE_043,2014,357.5869565217391
TREE_044,2014,357.5869565217391
TREE_048,2014,459.04347826086956
TREE_047,2014,365.2173913043478
TREE_041,2014,367.1304347826087
TREE_040,2014,365.2173913043478
TREE_039,2014,357.54347826086956
TREE_045,2014,357.54347826086956
TREE_017,2014,357.5869565217391
TREE_019,2014,361.6304347826087
TREE_010,2014,354.7173913043478
TREE_016,2014,346.45652173913044
TREE_001,2014,344.5652173913044
TREE_014,2014,344.5652173913044
TREE_009,2014,347.45652173913044
TREE_060,2014,353.7608695652174
TREE_012,2014,361.6304347826087
TREE_005,2014,377.19565217391306
TREE_011,2014,352.4130434782609
TREE_018,2014,354.69565217391306
TREE_003,2014,359.60869565217394
TREE_007,2014,352.4130434782609
TREE_008,2014,451.1521739130435
TREE_006,2014,350.30434782608694
TREE_004,2014,451.1521739130435
TREE_002,2014,354.69565217391306
TREE_015,2014,380.54347826086956
TREE_023,2014,380.54347826086956
TREE_062,2014,347.45652173913044
TREE_064,2014,346.5
TREE_022,2014,350.30434782608694
TREE_063,2014,355.82608695652175
UNDE_048,2014,332.04347826086956
UNDE_038,2014,327.6521739130435
UNDE_037,2014,324.45652173913044
UNDE_045,2014,332.04347826086956
UNDE_058,2014,348.82608695652175
UNDE_052,2014,332.04347826086956
UNDE_047,2014,343.0217391304348
UNDE_054,2014,348.82608695652175
UNDE_057,2014,332.04347826086956
UNDE_050,2014,348.82608695652175
UNDE_055,2014,348.82608695652175
UNDE_059,2014,338.17391304347825
UNDE_065,2014,313.04347826086956
UNDE_043,2014,332.04347826086956
UNDE_044,2014,338.17391304347825
UNDE_049,2014,348.82608695652175
UNDE_056,2014,332.04347826086956
UNDE_078,2014,327.6521739130435
UNDE_061,2014,327.6521739130435
UNDE_060,2014,348.82608695652175
UNDE_014,2014,324.67391304347825
UNDE_013,2014,348.82608695652175
UNDE_002,2014,304.32608695652175
UNDE_001,2014,336.0217391304348
UNDE_003,2014,322.5217391304348
UNDE_010,2014,314.4347826086956
UNDE_006,2014,316.54347826086956
UNDE_011,2014,345.1304347826087
UNDE_007,2014,345.8478260869565
UNDE_012,2014,327.95652173913044
UNDE_008,2014,316.54347826086956
UNDE_016,2014,327.7391304347826
UNDE_020,2014,323.7391304347826
UNDE_021,2014,295.8478260869565
UNDE_022,2014,337.10869565217394
UNDE_018,2014,320.5
UNDE_019,2014,335.7608695652174
UNDE_023,2014,318.9782608695652
UNDE_015,2014,319.0217391304348
UNDE_027,2014,328.5
WREF_089,2014,515.8478260869565
WREF_082,2014,593.1304347826087
WREF_077,2014,587.2608695652174
WREF_083,2014,515.8478260869565
WREF_086,2014,507.30434782608694
WREF_081,2014,507.5652173913044
WREF_076,2014,543.3260869565217
WREF_070,2014,587.2608695652174
WREF_074,2014,593.1304347826087
WREF_072,2014,574.0434782608696
WREF_080,2014,604.1521739130435
WREF_073,2014,604.1521739130435
WREF_079,2014,604.1521739130435
WREF_085,2014,592.8695652173913
WREF_084,2014,592.8695652173913
WREF_078,2014,597.5434782608696
WREF_088,2014,593.1304347826087
WREF_087,2014,592.8695652173913
WREF_075,2014,587.2608695652174
WREF_071,2014,593.1304347826087
WREF_012,2014,587.9130434782609
WREF_016,2014,616.2391304347826
WREF_015,2014,620.3478260869565
WREF_013,2014,590.8260869565217
WREF_001,2014,564.6739130434783
WREF_003,2014,606.0652173913044
WREF_018,2014,601.2173913043479
WREF_020,2014,642.9782608695652
WREF_002,2014,617.8478260869565
WREF_019,2014,556.5217391304348
WREF_010,2014,646.6304347826087
WREF_007,2014,623.1521739130435
WREF_008,2014,589.3913043478261
WREF_006,2014,627.6086956521739
WREF_005,2014,543.9347826086956
WREF_014,2014,576.4782608695652
WREF_009,2014,639.3913043478261
WREF_011,2014,607.804347826087
WREF_004,2014,599.304347826087
WREF_017,2014,599.695652173913
DELA_013,2014,497.32608695652175
DELA_003,2014,706.8695652173913
DELA_005,2014,362.9130434782609
DELA_011,2014,419.2391304347826
DELA_004,2014,531.5869565217391
DELA_018,2014,515.0
DELA_014,2014,509.39130434782606
DELA_015,2014,531.5869565217391
DELA_012,2014,509.39130434782606
DELA_010,2014,515.0
DELA_016,2014,526.2608695652174
DELA_001,2014,489.9130434782609
DELA_019,2014,524.2608695652174
DELA_017,2014,526.2608695652174
DELA_009,2014,706.8695652173913
DELA_002,2014,509.39130434782606
DELA_007,2014,515.0
DELA_020,2014,531.5
DELA_006,2014,524.2608695652174
DELA_008,2014,497.32608695652175
DELA_046,2014,531.5
DELA_053,2014,531.5
DELA_051,2014,530.695652173913
DELA_043,2014,530.695652173913
DELA_040,2014,531.5
DELA_052,2014,530.695652173913
DELA_041,2014,530.695652173913
DELA_044,2014,530.695652173913
DELA_039,2014,515.195652173913
DELA_054,2014,531.5
DELA_045,2014,531.5
DELA_042,2014,780.3478260869565
DELA_055,2014,515.195652173913
DELA_037,2014,531.5
DELA_050,2014,531.5
DELA_056,2014,531.5
DELA_047,2014,515.0
DELA_048,2014,515.0
DELA_049,2014,780.3478260869565
DELA_038,2014,515.195652173913
DELA_023,2014,497.32608695652175
DELA_022,2014,497.32608695652175
DELA_021,2014,399.2608695652174
DELA_059,2014,780.3478260869565
LENO_061,2014,662.3913043478261
LENO_065,2014,662.3913043478261
LENO_062,2014,662.3913043478261
LENO_068,2014,626.304347826087
LENO_067,2014,626.304347826087
LENO_064,2014,662.3913043478261
LENO_063,2014,626.304347826087
LENO_066,2014,515.7826086956521
LENO_069,2014,515.7826086956521
LENO_070,2014,515.7826086956521
LENO_003,2014,497.45652173913044
LENO_002,2014,510.2391304347826
LENO_014,2014,519.7608695652174
LENO_011,2014,496.80434782608694
LENO_005,2014,496.67391304347825
LENO_015,2014,643.2608695652174
LENO_010,2014,515.4347826086956
LENO_012,2014,619.1739130434783
LENO_009,2014,513.8260869565217
LENO_018,2014,632.0217391304348
LENO_006,2014,512.5434782608696
LENO_013,2014,528.1304347826087
LENO_007,2014,519.7826086956521
LENO_008,2014,643.2608695652174
LENO_022,2014,522.195652173913
LENO_001,2014,469.6304347826087
LENO_016,2014,512.5434782608696
LENO_021,2014,616.4130434782609
LENO_017,2014,733.7826086956521
LENO_004,2014,484.3695652173913
LENO_019,2014,527.9130434782609
UKFS_032,2014,520.5434782608696
UKFS_057,2014,520.5652173913044
UKFS_051,2014,520.5652173913044
UKFS_047,2014,451.6304347826087
UKFS_055,2014,520.5434782608696
UKFS_058,2014,451.6304347826087
UKFS_060,2014,520.5434782608696
UKFS_056,2014,457.7391304347826
UKFS_054,2014,446.8695652173913
UKFS_050,2014,455.3695652173913
UKFS_046,2014,455.3695652173913
UKFS_045,2014,451.6304347826087
UKFS_043,2014,455.39130434782606
UKFS_052,2014,451.6304347826087
UKFS_059,2014,455.39130434782606
UKFS_048,2014,455.39130434782606
UKFS_049,2014,457.7391304347826
UKFS_031,2014,451.6304347826087
UKFS_044,2014,457.7391304347826
UKFS_053,2014,457.7391304347826
UKFS_007,2014,289.1521739130435
UKFS_005,2014,533.9130434782609
UKFS_004,2014,495.8695652173913
UKFS_009,2014,300.3695652173913
UKFS_006,2014,455.3695652173913
UKFS_012,2014,261.1304347826087
UKFS_002,2014,270.7391304347826
UKFS_010,2014,407.54347826086956
UKFS_003,2014,407.54347826086956
UKFS_001,2014,451.6304347826087
UKFS_011,2014,446.8695652173913
UKFS_008,2014,446.8695652173913
UKFS_017,2014,261.1304347826087
UKFS_019,2014,536.1739130434783
UKFS_016,2014,415.80434782608694
UKFS_018,2014,407.5652173913044
UKFS_014,2014,451.6304347826087
UKFS_015,2014,532.195652173913
UKFS_013,2014,363.0
UKFS_025,2014,391.60869565217394
YELL_002,2014,163.15217391304347
YELL_016,2014,122.52173913043478
YELL_013,2014,140.0
YELL_006,2014,139.7826086956522
YELL_020,2014,254.91304347826087
YELL_008,2014,155.6304347826087
YELL_014,2014,182.80434782608697
YELL_001,2014,124.80434782608695
YELL_011,2014,121.1086956521739
YELL_004,2014,119.17391304347827
YELL_003,2014,143.95652173913044
YELL_010,2014,124.3913043478261
YELL_005,2014,113.34782608695652
YELL_007,2014,154.7391304347826
YELL_018,2014,186.0
YELL_023,2014,169.67391304347825
YELL_012,2014,148.17391304347825
YELL_009,2014,160.32608695652175
YELL_021,2014,268.0217391304348
YELL_022,2014,149.04347826086956
YELL_047,2014,151.47826086956522
YELL_054,2014,151.47826086956522
YELL_058,2014,151.47826086956522
YELL_044,2014,151.47826086956522
YELL_052,2014,151.47826086956522
YELL_055,2014,151.47826086956522
YELL_062,2014,151.47826086956522
YELL_056,2014,158.15217391304347
YELL_048,2014,158.15217391304347
YELL_060,2014,168.7608695652174
YELL_051,2014,151.47826086956522
YELL_053,2014,161.2608695652174
YELL_045,2014,158.15217391304347
YELL_046,2014,151.47826086956522
YELL_061,2014,151.47826086956522
YELL_049,2014,161.2608695652174
YELL_059,2014,151.47826086956522
YELL_043,2014,161.2608695652174
YELL_050,2014,168.7608695652174
YELL_057,2014,168.7608695652174
YELL_015,2014,131.17391304347825
BONA_072,2014,204.56521739130434
BONA_079,2014,204.56521739130434
BONA_070,2014,157.82608695652175
BONA_075,2014,204.56521739130434
BONA_078,2014,204.56521739130434
BONA_076,2014,204.56521739130434
BONA_082,2014,269.5217391304348
BONA_071,2014,204.56521739130434
BONA_087,2014,204.56521739130434
BONA_084,2014,269.4782608695652
BONA_080,2014,157.82608695652175
BONA_086,2014,157.82608695652175
BONA_088,2014,204.56521739130434
BONA_089,2014,269.5217391304348
BONA_085,2014,157.82608695652175
BONA_083,2014,152.2826086956522
BONA_074,2014,152.2826086956522
BONA_081,2014,169.95652173913044
BONA_077,2014,169.95652173913044
BONA_073,2014,169.95652173913044
BONA_014,2014,221.02173913043478
BONA_011,2014,149.32608695652175
BONA_001,2014,208.1304347826087
BONA_018,2014,126.52173913043478
BONA_023,2014,195.8695652173913
BONA_009,2014,193.2173913043478
BONA_002,2014,321.5
BONA_012,2014,274.82608695652175
BONA_008,2014,250.6086956521739
BONA_093,2014,204.56521739130434
BONA_007,2014,283.95652173913044
BONA_005,2014,232.95652173913044
BONA_021,2014,246.1304347826087
BONA_026,2014,171.95652173913044
BONA_022,2014,219.6086956521739
BONA_010,2014,219.6304347826087
BONA_003,2014,134.2391304347826
BONA_004,2014,187.1304347826087
BONA_006,2014,186.30434782608697
BONA_016,2014,127.93478260869566
BONA_013,2014,171.84782608695653
DEJU_050,2014,140.3913043478261
DEJU_051,2014,162.17391304347825
DEJU_049,2014,150.8695652173913
DEJU_057,2014,178.32608695652175
DEJU_047,2014,150.8695652173913
DEJU_052,2014,150.8695652173913
DEJU_045,2014,150.84782608695653
DEJU_056,2014,150.84782608695653
DEJU_061,2014,150.84782608695653
DEJU_064,2014,140.3913043478261
DEJU_054,2014,138.7391304347826
DEJU_060,2014,181.97826086956522
DEJU_046,2014,181.97826086956522
DEJU_055,2014,181.97826086956522
DEJU_063,2014,162.17391304347825
DEJU_059,2014,140.34782608695653
DEJU_048,2014,150.80434782608697
DEJU_062,2014,150.80434782608697
DEJU_058,2014,162.17391304347825
DEJU_053,2014,140.34782608695653
DEJU_010,2014,136.1304347826087
DEJU_004,2014,80.84782608695652
DEJU_003,2014,100.84782608695652
DEJU_023,2014,132.8695652173913
DEJU_008,2014,111.56521739130434
DEJU_019,2014,144.97826086956522
DEJU_005,2014,150.08695652173913
DEJU_001,2014,129.58695652173913
DEJU_007,2014,132.58695652173913
DEJU_015,2014,181.84782608695653
DEJU_017,2014,143.1086956521739
DEJU_014,2014,122.95652173913044
DEJU_006,2014,122.97826086956522
DEJU_021,2014,150.1304347826087
DEJU_002,2014,142.7391304347826
DEJU_024,2014,143.32608695652175
DEJU_016,2014,169.47826086956522
DEJU_009,2014,173.3913043478261
DEJU_018,2014,122.97826086956522
DEJU_020,2014,130.47826086956522
HEAL_072,2014,246.08695652173913
HEAL_063,2014,248.0
HEAL_070,2014,251.82608695652175
HEAL_060,2014,251.8913043478261
HEAL_071,2014,251.8913043478261
HEAL_050,2014,251.8913043478261
HEAL_067,2014,251.82608695652175
HEAL_068,2014,263.5652173913044
HEAL_064,2014,255.82608695652175
HEAL_062,2014,251.8913043478261
HEAL_061,2014,251.82608695652175
HEAL_073,2014,251.82608695652175
HEAL_052,2014,251.82608695652175
HEAL_066,2014,265.0
HEAL_058,2014,251.82608695652175
HEAL_069,2014,265.0
HEAL_048,2014,248.0
HEAL_054,2014,263.5652173913044
HEAL_053,2014,265.0
HEAL_074,2014,265.0
HEAL_056,2014,265.0
HEAL_051,2014,265.0
HEAL_065,2014,265.0
HEAL_057,2014,246.04347826086956
HEAL_046,2014,265.0
HEAL_059,2014,265.0
HEAL_055,2014,265.0
HEAL_047,2014,265.0
HEAL_010,2014,231.8695652173913
HEAL_002,2014,228.04347826086956
HEAL_003,2014,245.1086956521739
HEAL_014,2014,239.97826086956522
HEAL_022,2014,279.39130434782606
HEAL_023,2014,231.3913043478261
HEAL_021,2014,253.1304347826087
HEAL_001,2014,263.3478260869565
HEAL_016,2014,263.5652173913044
HEAL_020,2014,170.65217391304347
HEAL_006,2014,226.06521739130434
HEAL_019,2014,251.8913043478261
HEAL_011,2014,262.1304347826087
HEAL_025,2014,239.34782608695653
HEAL_018,2014,229.2608695652174
HEAL_017,2014,155.1086956521739
HEAL_004,2014,242.2608695652174
HEAL_005,2014,261.7826086956522
HEAL_015,2014,248.1304347826087
HEAL_049,2014,251.82608695652175
HEAL_026,2014,245.3913043478261
HEAL_045,2014,246.08695652173913
HEAL_024,2014,239.58695652173913
ABBY_063,2015,387.6521739130435
ABBY_068,2015,387.6521739130435
ABBY_065,2015,393.4347826086956
ABBY_067,2015,387.6521739130435
ABBY_066,2015,387.6521739130435
ABBY_061,2015,387.6521739130435
ABBY_070,2015,387.6521739130435
ABBY_062,2015,387.5652173913044
ABBY_064,2015,387.6521739130435
ABBY_069,2015,387.5652173913044
ABBY_075,2015,392.0652173913044
ABBY_074,2015,387.5652173913044
ABBY_073,2015,387.5652173913044
ABBY_076,2015,387.6521739130435
ABBY_004,2015,524.0869565217391
ABBY_009,2015,524.0869565217391
ABBY_011,2015,413.1304347826087
ABBY_013,2015,464.17391304347825
ABBY_023,2015,479.8695652173913
ABBY_010,2015,599.5652173913044
ABBY_018,2015,482.5
ABBY_003,2015,527.1304347826087
ABBY_012,2015,590.1521739130435
ABBY_005,2015,590.0434782608696
ABBY_016,2015,502.5217391304348
ABBY_008,2015,539.5869565217391
ABBY_017,2015,604.4565217391304
ABBY_014,2015,435.2608695652174
ABBY_001,2015,527.6521739130435
ABBY_019,2015,412.5869565217391
ABBY_006,2015,556.2391304347826
ABBY_002,2015,440.7173913043478
ABBY_007,2015,489.7608695652174
ABBY_025,2015,545.5
ABBY_015,2015,359.0
ABBY_077,2015,454.4347826086956
BART_012,2015,475.7608695652174
BART_001,2015,464.04347826086956
BART_005,2015,497.19565217391306
BART_044,2015,466.2391304347826
BART_037,2015,466.2391304347826
BART_073,2015,459.1304347826087
BART_074,2015,466.2391304347826
BART_075,2015,461.1304347826087
BART_042,2015,461.1304347826087
BART_072,2015,461.1304347826087
BART_046,2015,466.2391304347826
BART_036,2015,461.1304347826087
BART_051,2015,459.1304347826087
BART_041,2015,460.9130434782609
BART_034,2015,460.9130434782609
BART_039,2015,459.1304347826087
BART_050,2015,461.1304347826087
BART_040,2015,458.9782608695652
BART_071,2015,466.6304347826087
BART_070,2015,460.9130434782609
BART_033,2015,460.9130434782609
BART_047,2015,458.9782608695652
BART_032,2015,466.7608695652174
BART_015,2015,467.89130434782606
BART_016,2015,496.19565217391306
BART_028,2015,478.80434782608694
BART_010,2015,470.8478260869565
BART_013,2015,455.1304347826087
BART_026,2015,454.2608695652174
BART_006,2015,456.0217391304348
BART_023,2015,470.8478260869565
BART_002,2015,448.4347826086956
BART_018,2015,477.8695652173913
BART_003,2015,484.54347826086956
BART_024,2015,470.8478260869565
BART_011,2015,473.9347826086956
BART_025,2015,454.2608695652174
BART_007,2015,473.9347826086956
BART_027,2015,483.5
BART_004,2015,458.17391304347825
BART_019,2015,466.7608695652174
BLAN_042,2015,407.82608695652175
BLAN_056,2015,407.82608695652175
BLAN_034,2015,451.54347826086956
BLAN_043,2015,407.82608695652175
BLAN_046,2015,405.7826086956522
BLAN_045,2015,407.82608695652175
BLAN_059,2015,405.7826086956522
BLAN_039,2015,407.82608695652175
BLAN_033,2015,407.82608695652175
BLAN_051,2015,407.82608695652175
BLAN_054,2015,407.82608695652175
BLAN_031,2015,451.54347826086956
BLAN_049,2015,451.54347826086956
BLAN_060,2015,407.82608695652175
BLAN_035,2015,405.7826086956522
BLAN_038,2015,407.82608695652175
BLAN_040,2015,407.82608695652175
BLAN_037,2015,451.54347826086956
BLAN_044,2015,451.54347826086956
BLAN_050,2015,590.0217391304348
BLAN_052,2015,451.54347826086956
BLAN_048,2015,590.0217391304348
BLAN_055,2015,451.54347826086956
BLAN_057,2015,405.7826086956522
BLAN_032,2015,405.7826086956522
BLAN_036,2015,590.0217391304348
BLAN_047,2015,590.0217391304348
BLAN_063,2015,590.0217391304348
BLAN_005,2015,618.3478260869565
BLAN_017,2015,618.3478260869565
BLAN_011,2015,508.8695652173913
BLAN_068,2015,432.7826086956522
BLAN_016,2015,432.7826086956522
BLAN_001,2015,440.9782608695652
BLAN_008,2015,662.8913043478261
BLAN_003,2015,424.04347826086956
BLAN_018,2015,665.9130434782609
BLAN_004,2015,432.7826086956522
BLAN_014,2015,455.0
BLAN_020,2015,574.0652173913044
BLAN_006,2015,665.9130434782609
BLAN_007,2015,662.8913043478261
BLAN_010,2015,432.7826086956522
BLAN_012,2015,665.9130434782609
BLAN_013,2015,408.0869565217391
BLAN_015,2015,652.2173913043479
BLAN_009,2015,440.9782608695652
BLAN_053,2015,405.7826086956522
BLAN_041,2015,590.0217391304348
BLAN_064,2015,451.54347826086956
BLAN_019,2015,432.7608695652174
GRSM_057,2015,533.8260869565217
GRSM_048,2015,533.8260869565217
GRSM_059,2015,543.0
GRSM_054,2015,538.5217391304348
GRSM_049,2015,538.7391304347826
GRSM_066,2015,533.8260869565217
GRSM_065,2015,541.4565217391304
GRSM_047,2015,543.0
GRSM_063,2015,539.0652173913044
GRSM_053,2015,539.0652173913044
GRSM_062,2015,538.5217391304348
GRSM_060,2015,543.0
GRSM_050,2015,548.6521739130435
GRSM_051,2015,543.0
GRSM_064,2015,543.0
GRSM_002,2015,572.9347826086956
GRSM_025,2015,495.5217391304348
GRSM_016,2015,409.3478260869565
GRSM_017,2015,526.4130434782609
GRSM_004,2015,562.0
GRSM_001,2015,546.6086956521739
GRSM_012,2015,489.7608695652174
GRSM_008,2015,532.7173913043479
GRSM_003,2015,515.9347826086956
GRSM_019,2015,548.3260869565217
GRSM_006,2015,548.3260869565217
GRSM_013,2015,531.9347826086956
GRSM_015,2015,536.9347826086956
GRSM_014,2015,518.6739130434783
GRSM_010,2015,530.7173913043479
GRSM_005,2015,546.3260869565217
GRSM_011,2015,551.9782608695652
GRSM_007,2015,548.4565217391304
GRSM_009,2015,523.0434782608696
GRSM_055,2015,539.0652173913044
GRSM_018,2015,580.5
GRSM_061,2015,543.0
GRSM_056,2015,543.0
GRSM_058,2015,541.4565217391304
GRSM_052,2015,538.5217391304348
HARV_013,2015,492.4347826086956
HARV_022,2015,478.1304347826087
HARV_008,2015,467.7173913043478
HARV_004,2015,475.95652173913044
HARV_024,2015,486.1304347826087
HARV_010,2015,0.0
HARV_006,2015,474.10869565217394
HARV_001,2015,453.8695652173913
HARV_005,2015,419.7608695652174
HARV_027,2015,473.7173913043478
HARV_043,2015,473.8478260869565
HARV_035,2015,473.8478260869565
HARV_037,2015,491.9130434782609
HARV_020,2015,473.0
HARV_023,2015,494.9782608695652
HARV_014,2015,479.5869565217391
HARV_011,2015,452.5217391304348
HARV_025,2015,478.7391304347826
HARV_002,2015,469.7608695652174
HARV_012,2015,475.8478260869565
HARV_026,2015,489.5652173913044
HARV_016,2015,459.5652173913044
HARV_039,2015,477.95652173913044
HARV_021,2015,470.60869565217394
HARV_045,2015,473.0652173913044
HARV_041,2015,491.80434782608694
HARV_038,2015,491.9130434782609
HARV_050,2015,491.9130434782609
HARV_048,2015,473.8478260869565
HARV_036,2015,473.0652173913044
HARV_052,2015,473.8478260869565
HARV_049,2015,477.7826086956522
HARV_047,2015,491.9130434782609
HARV_044,2015,491.9130434782609
HARV_040,2015,473.8478260869565
HARV_046,2015,491.80434782608694
HARV_033,2015,491.9130434782609
HARV_051,2015,477.95652173913044
HARV_034,2015,491.9130434782609
HARV_042,2015,477.95652173913044
HARV_015,2015,491.80434782608694
HARV_017,2015,473.10869565217394
JERC_002,2015,598.4565217391304
JERC_015,2015,612.2391304347826
JERC_007,2015,636.2826086956521
JERC_001,2015,610.804347826087
JERC_010,2015,575.4565217391304
JERC_009,2015,588.1739130434783
JERC_029,2015,607.5434782608696
JERC_021,2015,667.8913043478261
JERC_011,2015,607.5434782608696
JERC_040,2015,557.8260869565217
JERC_035,2015,582.804347826087
JERC_033,2015,612.3478260869565
JERC_019,2015,684.695652173913
JERC_030,2015,525.8478260869565
JERC_034,2015,513.1304347826087
JERC_036,2015,610.1739130434783
JERC_028,2015,301.95652173913044
JERC_044,2015,661.9347826086956
JERC_016,2015,610.1739130434783
JERC_038,2015,654.195652173913
JERC_006,2015,579.4130434782609
JERC_041,2015,733.695652173913
JERC_031,2015,580.0217391304348
JERC_042,2015,575.4565217391304
JERC_008,2015,593.4347826086956
JERC_005,2015,593.4347826086956
JERC_003,2015,610.804347826087
JERC_022,2015,563.5434782608696
JERC_013,2015,604.9347826086956
JERC_066,2015,598.4565217391304
JERC_065,2015,580.0217391304348
JERC_054,2015,443.04347826086956
JERC_051,2015,580.0217391304348
JERC_062,2015,598.5
JERC_047,2015,598.5
JERC_057,2015,580.0652173913044
JERC_060,2015,580.0217391304348
JERC_064,2015,580.0217391304348
JERC_050,2015,598.5
JERC_053,2015,598.4565217391304
JERC_049,2015,598.5
JERC_061,2015,598.5
JERC_058,2015,598.4565217391304
JERC_048,2015,598.4565217391304
JERC_063,2015,598.4565217391304
JERC_052,2015,598.5
JERC_059,2015,598.4565217391304
JERC_056,2015,598.5
JERC_055,2015,598.5
JERC_004,2015,610.7173913043479
JERC_014,2015,599.8695652173913
JERC_012,2015,567.5652173913044
MLBS_076,2015,458.60869565217394
MLBS_061,2015,454.7391304347826
MLBS_064,2015,454.7391304347826
MLBS_075,2015,457.1521739130435
MLBS_065,2015,457.1521739130435
MLBS_062,2015,457.1521739130435
MLBS_069,2015,458.60869565217394
MLBS_063,2015,458.6304347826087
MLBS_073,2015,458.6304347826087
MLBS_074,2015,458.60869565217394
MLBS_066,2015,458.6304347826087
MLBS_067,2015,458.6304347826087
MLBS_071,2015,458.60869565217394
MLBS_072,2015,458.6304347826087
MLBS_070,2015,458.6304347826087
MLBS_068,2015,458.6304347826087
MLBS_009,2015,454.7391304347826
MLBS_010,2015,457.17391304347825
MLBS_005,2015,447.0217391304348
MLBS_003,2015,457.17391304347825
MLBS_019,2015,478.3695652173913
MLBS_016,2015,499.7391304347826
MLBS_015,2015,475.7391304347826
MLBS_014,2015,489.9130434782609
MLBS_001,2015,442.3478260869565
MLBS_017,2015,442.3478260869565
MLBS_011,2015,459.2173913043478
MLBS_012,2015,459.2173913043478
MLBS_002,2015,457.1521739130435
MLBS_004,2015,496.9130434782609
MLBS_018,2015,479.39130434782606
MLBS_008,2015,469.7608695652174
MLBS_007,2015,501.7173913043478
MLBS_006,2015,493.0
MLBS_020,2015,481.8478260869565
MLBS_013,2015,521.5652173913044
ORNL_002,2015,642.9130434782609
ORNL_003,2015,518.1739130434783
ORNL_009,2015,575.3913043478261
ORNL_021,2015,502.1521739130435
ORNL_031,2015,456.2826086956522
ORNL_033,2015,504.1304347826087
ORNL_066,2015,740.2173913043479
ORNL_044,2015,740.2173913043479
ORNL_012,2015,0.0
ORNL_004,2015,478.5217391304348
ORNL_001,2015,414.6521739130435
ORNL_027,2015,494.17391304347825
ORNL_014,2015,509.2826086956522
ORNL_029,2015,507.4130434782609
ORNL_007,2015,511.6304347826087
ORNL_006,2015,504.54347826086956
ORNL_008,2015,516.0217391304348
ORNL_035,2015,536.5434782608696
ORNL_010,2015,531.8260869565217
ORNL_032,2015,501.8695652173913
ORNL_055,2015,536.1304347826087
ORNL_062,2015,536.1304347826087
ORNL_063,2015,526.5217391304348
ORNL_049,2015,526.5217391304348
ORNL_052,2015,536.1304347826087
ORNL_059,2015,517.9565217391304
ORNL_036,2015,528.0652173913044
ORNL_053,2015,517.9565217391304
ORNL_046,2015,517.9565217391304
ORNL_043,2015,538.6086956521739
ORNL_058,2015,538.6086956521739
ORNL_060,2015,538.6086956521739
ORNL_056,2015,536.1304347826087
ORNL_037,2015,536.1304347826087
ORNL_057,2015,528.0652173913044
ORNL_051,2015,536.1304347826087
ORNL_061,2015,517.9565217391304
ORNL_054,2015,528.0652173913044
ORNL_045,2015,528.0652173913044
ORNL_050,2015,528.0652173913044
ORNL_017,2015,512.1739130434783
ORNL_068,2015,484.3478260869565
ORNL_019,2015,515.7391304347826
ORNL_018,2015,407.5217391304348
ORNL_067,2015,508.17391304347825
ORNL_015,2015,518.2391304347826
OSBS_002,2015,597.3260869565217
OSBS_006,2015,507.7826086956522
OSBS_048,2015,554.8695652173913
OSBS_001,2015,686.3913043478261
OSBS_018,2015,485.1521739130435
OSBS_011,2015,606.2826086956521
OSBS_014,2015,574.6086956521739
OSBS_004,2015,537.0217391304348
OSBS_020,2015,482.6521739130435
OSBS_023,2015,606.2826086956521
OSBS_049,2015,558.4130434782609
OSBS_003,2015,562.4782608695652
OSBS_012,2015,561.3478260869565
OSBS_013,2015,537.0217391304348
OSBS_024,2015,606.2826086956521
OSBS_016,2015,593.2826086956521
OSBS_008,2015,508.5217391304348
OSBS_010,2015,660.2826086956521
OSBS_051,2015,489.1521739130435
OSBS_050,2015,527.804347826087
OSBS_007,2015,510.3695652173913
OSBS_005,2015,671.7826086956521
OSBS_017,2015,632.4782608695652
OSBS_043,2015,527.7391304347826
OSBS_022,2015,574.6086956521739
OSBS_039,2015,513.7826086956521
OSBS_036,2015,513.7826086956521
OSBS_029,2015,513.7826086956521
OSBS_040,2015,534.195652173913
OSBS_015,2015,766.1086956521739
OSBS_025,2015,515.5434782608696
OSBS_030,2015,515.5434782608696
OSBS_038,2015,515.5434782608696
OSBS_042,2015,515.5434782608696
OSBS_035,2015,496.0869565217391
OSBS_037,2015,496.0869565217391
OSBS_028,2015,496.0869565217391
OSBS_021,2015,641.8478260869565
OSBS_041,2015,496.0869565217391
OSBS_009,2015,653.0217391304348
OSBS_031,2015,534.195652173913
OSBS_033,2015,513.7826086956521
OSBS_032,2015,513.7826086956521
OSBS_044,2015,513.7826086956521
OSBS_027,2015,513.7826086956521
OSBS_034,2015,534.1739130434783
OSBS_026,2015,513.7826086956521
OSBS_063,2015,535.8913043478261
OSBS_067,2015,504.95652173913044
OSBS_066,2015,766.1086956521739
OSBS_068,2015,517.804347826087
OSBS_070,2015,534.195652173913
OSBS_073,2015,637.804347826087
RMNP_043,2015,210.08695652173913
RMNP_042,2015,210.08695652173913
RMNP_041,2015,364.3695652173913
RMNP_048,2015,210.08695652173913
RMNP_049,2015,210.08695652173913
RMNP_046,2015,210.08695652173913
RMNP_047,2015,210.08695652173913
RMNP_045,2015,210.08695652173913
RMNP_044,2015,210.08695652173913
RMNP_013,2015,286.10869565217394
RMNP_003,2015,289.0652173913044
RMNP_009,2015,289.0652173913044
RMNP_011,2015,190.6304347826087
RMNP_019,2015,290.39130434782606
RMNP_015,2015,347.32608695652175
RMNP_002,2015,346.82608695652175
RMNP_020,2015,347.32608695652175
RMNP_016,2015,347.5869565217391
RMNP_017,2015,296.17391304347825
RMNP_005,2015,359.7826086956522
RMNP_001,2015,383.3695652173913
RMNP_014,2015,406.0217391304348
RMNP_008,2015,359.8478260869565
RMNP_012,2015,406.4347826086956
RMNP_018,2015,378.1521739130435
RMNP_006,2015,382.9347826086956
RMNP_004,2015,324.45652173913044
RMNP_010,2015,338.7826086956522
RMNP_007,2015,338.7826086956522
SCBI_008,2015,481.10869565217394
SCBI_004,2015,461.2173913043478
SCBI_015,2015,476.6521739130435
SCBI_017,2015,474.1304347826087
SCBI_013,2015,465.95652173913044
SCBI_007,2015,468.6521739130435
SCBI_018,2015,466.5652173913044
SCBI_003,2015,486.10869565217394
SCBI_011,2015,485.7173913043478
SCBI_016,2015,446.6304347826087
SCBI_002,2015,474.0217391304348
SCBI_010,2015,478.80434782608694
SCBI_014,2015,474.10869565217394
SCBI_005,2015,484.5
SCBI_056,2015,460.4347826086956
SCBI_045,2015,467.7391304347826
SCBI_053,2015,460.4347826086956
SCBI_061,2015,460.4347826086956
SCBI_050,2015,460.4347826086956
SCBI_057,2015,460.4347826086956
SCBI_062,2015,473.95652173913044
SCBI_047,2015,473.95652173913044
SCBI_067,2015,473.95652173913044
SCBI_066,2015,473.95652173913044
SCBI_064,2015,467.7391304347826
SCBI_052,2015,467.7391304347826
SCBI_054,2015,467.7391304347826
SCBI_046,2015,474.0217391304348
SCBI_049,2015,473.95652173913044
SCBI_063,2015,473.95652173913044
SCBI_055,2015,460.4347826086956
SCBI_048,2015,473.95652173913044
SCBI_051,2015,460.4347826086956
SCBI_058,2015,467.7391304347826
SCBI_034,2015,361.4347826086956
SCBI_038,2015,444.3695652173913
SCBI_033,2015,361.4347826086956
SCBI_006,2015,464.4347826086956
SCBI_035,2015,444.3695652173913
SCBI_012,2015,454.7173913043478
SCBI_071,2015,478.80434782608694
SCBI_019,2015,496.45652173913044
SCBI_021,2015,464.4347826086956
SCBI_023,2015,476.6521739130435
SCBI_022,2015,476.4130434782609
SERC_062,2015,425.0217391304348
SERC_045,2015,425.0217391304348
SERC_051,2015,425.0217391304348
SERC_050,2015,474.1521739130435
SERC_052,2015,476.95652173913044
SERC_058,2015,472.0
SERC_043,2015,472.4782608695652
SERC_055,2015,672.1086956521739
SERC_048,2015,472.0
SERC_060,2015,472.0
SERC_061,2015,477.39130434782606
SERC_054,2015,477.39130434782606
SERC_059,2015,558.0
SERC_046,2015,544.5652173913044
SERC_053,2015,477.39130434782606
SERC_044,2015,544.5652173913044
SERC_047,2015,469.2608695652174
SERC_049,2015,469.2608695652174
SERC_057,2015,469.2608695652174
SERC_056,2015,469.2608695652174
SERC_007,2015,617.9565217391304
SERC_018,2015,548.1304347826087
SERC_009,2015,461.6304347826087
SERC_008,2015,548.1739130434783
SERC_011,2015,714.304347826087
SERC_003,2015,691.804347826087
SERC_006,2015,407.10869565217394
SERC_001,2015,411.82608695652175
SERC_017,2015,597.9130434782609
SERC_019,2015,476.3695652173913
SERC_010,2015,619.2391304347826
SERC_014,2015,397.80434782608694
SERC_012,2015,498.0869565217391
SERC_016,2015,691.7391304347826
SERC_022,2015,479.95652173913044
SERC_004,2015,476.3695652173913
SERC_021,2015,472.4782608695652
SERC_013,2015,418.5652173913044
SERC_005,2015,699.6739130434783
SERC_002,2015,476.60869565217394
SERC_067,2015,485.6521739130435
SERC_073,2015,474.1521739130435
SOAP_059,2015,355.6521739130435
SOAP_057,2015,355.6521739130435
SOAP_051,2015,355.6521739130435
SOAP_048,2015,355.6521739130435
SOAP_058,2015,357.9782608695652
SOAP_043,2015,357.5869565217391
SOAP_050,2015,357.5869565217391
SOAP_044,2015,350.39130434782606
SOAP_052,2015,349.9347826086956
SOAP_046,2015,350.39130434782606
SOAP_060,2015,349.9347826086956
SOAP_055,2015,357.5869565217391
SOAP_054,2015,354.60869565217394
SOAP_047,2015,354.60869565217394
SOAP_031,2015,376.5869565217391
SOAP_049,2015,376.5869565217391
SOAP_056,2015,376.5869565217391
SOAP_053,2015,354.60869565217394
SOAP_045,2015,341.4782608695652
SOAP_061,2015,355.6521739130435
SOAP_002,2015,334.3478260869565
SOAP_010,2015,355.6521739130435
SOAP_006,2015,397.10869565217394
SOAP_013,2015,334.3478260869565
SOAP_012,2015,407.7173913043478
SOAP_004,2015,355.6521739130435
SOAP_003,2015,354.60869565217394
SOAP_016,2015,356.9782608695652
SOAP_007,2015,349.67391304347825
SOAP_020,2015,354.60869565217394
SOAP_009,2015,404.54347826086956
SOAP_008,2015,407.7173913043478
SOAP_021,2015,409.0217391304348
SOAP_018,2015,386.7173913043478
SOAP_019,2015,386.7173913043478
SOAP_017,2015,392.9130434782609
SOAP_015,2015,350.30434782608694
SOAP_001,2015,369.1521739130435
SOAP_011,2015,357.9782608695652
SOAP_022,2015,350.30434782608694
SOAP_024,2015,397.10869565217394
STEI_058,2015,405.39130434782606
STEI_051,2015,405.39130434782606
STEI_056,2015,410.6304347826087
STEI_046,2015,410.6304347826087
STEI_061,2015,410.6304347826087
STEI_062,2015,410.6304347826087
STEI_052,2015,410.6304347826087
STEI_055,2015,405.39130434782606
STEI_047,2015,410.6304347826087
STEI_053,2015,410.6304347826087
STEI_048,2015,403.2608695652174
STEI_060,2015,410.6304347826087
STEI_054,2015,403.2608695652174
STEI_049,2015,410.6304347826087
STEI_057,2015,410.6304347826087
STEI_050,2015,403.2608695652174
STEI_059,2015,403.2608695652174
STEI_005,2015,409.45652173913044
STEI_009,2015,418.39130434782606
STEI_012,2015,423.9347826086956
STEI_017,2015,414.5
STEI_019,2015,406.10869565217394
STEI_003,2015,421.5
STEI_007,2015,419.54347826086956
STEI_002,2015,418.3695652173913
STEI_011,2015,421.7608695652174
STEI_010,2015,401.0217391304348
STEI_008,2015,425.9782608695652
STEI_015,2015,413.6521739130435
STEI_016,2015,417.1304347826087
STEI_004,2015,421.04347826086956
STEI_013,2015,408.2173913043478
STEI_001,2015,399.5217391304348
STEI_021,2015,402.9782608695652
STEI_006,2015,409.89130434782606
STEI_014,2015,418.95652173913044
STEI_022,2015,435.89130434782606
STEI_023,2015,410.3478260869565
TALL_003,2015,645.4347826086956
TALL_005,2015,523.9130434782609
TALL_009,2015,528.9565217391304
TALL_012,2015,969.3913043478261
TALL_004,2015,507.2826086956522
TALL_010,2015,683.5652173913044
TALL_007,2015,718.5
TALL_002,2015,679.7826086956521
TALL_022,2015,700.4782608695652
TALL_015,2015,685.9347826086956
TALL_016,2015,500.04347826086956
TALL_011,2015,705.6521739130435
TALL_018,2015,717.304347826087
TALL_006,2015,590.2608695652174
TALL_013,2015,605.5
TALL_001,2015,564.0869565217391
TALL_017,2015,668.6521739130435
TALL_020,2015,507.4130434782609
TALL_008,2015,681.1304347826087
TALL_043,2015,598.1304347826087
TALL_049,2015,598.1304347826087
TALL_046,2015,598.1304347826087
TALL_061,2015,600.6739130434783
TALL_052,2015,600.7826086956521
TALL_050,2015,710.5217391304348
TALL_051,2015,600.6739130434783
TALL_057,2015,600.6739130434783
TALL_060,2015,710.5217391304348
TALL_055,2015,600.6739130434783
TALL_058,2015,600.7826086956521
TALL_045,2015,710.5217391304348
TALL_059,2015,600.7826086956521
TALL_054,2015,600.6739130434783
TALL_056,2015,600.7826086956521
TALL_044,2015,710.5217391304348
TALL_047,2015,710.5217391304348
TALL_048,2015,598.1304347826087
TALL_042,2015,598.1304347826087
TALL_053,2015,600.7826086956521
TALL_064,2015,681.4782608695652
TALL_025,2015,523.9782608695652
TEAK_045,2015,374.82608695652175
TEAK_054,2015,374.82608695652175
TEAK_048,2015,374.82608695652175
TEAK_061,2015,374.82608695652175
TEAK_059,2015,374.82608695652175
TEAK_049,2015,374.82608695652175
TEAK_060,2015,374.82608695652175
TEAK_055,2015,374.82608695652175
TEAK_062,2015,390.45652173913044
TEAK_056,2015,418.8478260869565
TEAK_044,2015,418.8478260869565
TEAK_057,2015,365.80434782608694
TEAK_053,2015,418.8478260869565
TEAK_047,2015,418.8478260869565
TEAK_051,2015,365.80434782608694
TEAK_046,2015,387.0
TEAK_058,2015,374.82608695652175
TEAK_043,2015,390.45652173913044
TEAK_052,2015,386.8478260869565
TEAK_050,2015,419.0
TEAK_001,2015,394.1521739130435
TEAK_002,2015,379.4347826086956
TEAK_003,2015,399.45652173913044
TEAK_004,2015,358.4347826086956
TEAK_006,2015,353.4130434782609
TEAK_025,2015,296.69565217391306
TEAK_005,2015,167.7826086956522
TEAK_011,2015,369.4782608695652
TEAK_007,2015,423.5
TEAK_014,2015,392.2173913043478
TEAK_010,2015,426.82608695652175
TEAK_012,2015,399.45652173913044
TEAK_017,2015,381.5652173913044
TEAK_013,2015,386.39130434782606
TEAK_019,2015,434.0217391304348
TEAK_020,2015,346.7391304347826
TEAK_016,2015,314.04347826086956
TEAK_015,2015,408.0217391304348
TEAK_024,2015,297.7391304347826
TEAK_018,2015,365.89130434782606
TREE_042,2015,421.45652173913044
TREE_053,2015,421.9347826086956
TREE_049,2015,421.9347826086956
TREE_046,2015,421.9347826086956
TREE_055,2015,421.9347826086956
TREE_056,2015,421.9347826086956
TREE_050,2015,542.6086956521739
TREE_054,2015,542.6086956521739
TREE_052,2015,421.9347826086956
TREE_051,2015,421.9347826086956
TREE_057,2015,403.89130434782606
TREE_025,2015,403.89130434782606
TREE_043,2015,403.9130434782609
TREE_044,2015,403.9130434782609
TREE_048,2015,513.4565217391304
TREE_047,2015,401.2608695652174
TREE_041,2015,415.04347826086956
TREE_040,2015,401.2608695652174
TREE_039,2015,403.89130434782606
TREE_045,2015,403.89130434782606
TREE_017,2015,403.9130434782609
TREE_019,2015,406.32608695652175
TREE_010,2015,391.9130434782609
TREE_016,2015,400.7608695652174
TREE_001,2015,382.17391304347825
TREE_014,2015,382.17391304347825
TREE_009,2015,391.67391304347825
TREE_060,2015,391.95652173913044
TREE_012,2015,406.32608695652175
TREE_005,2015,423.9347826086956
TREE_011,2015,390.10869565217394
TREE_018,2015,391.9130434782609
TREE_003,2015,412.4130434782609
TREE_007,2015,390.10869565217394
TREE_008,2015,519.9130434782609
TREE_006,2015,402.0
TREE_004,2015,519.9130434782609
TREE_002,2015,391.9130434782609
TREE_015,2015,432.80434782608694
TREE_023,2015,432.7826086956522
TREE_062,2015,391.67391304347825
TREE_064,2015,400.7608695652174
TREE_022,2015,402.0
TREE_063,2015,396.6304347826087
UNDE_048,2015,374.8695652173913
UNDE_038,2015,365.95652173913044
UNDE_037,2015,367.1304347826087
UNDE_045,2015,374.8695652173913
UNDE_058,2015,373.3695652173913
UNDE_052,2015,374.8695652173913
UNDE_047,2015,375.30434782608694
UNDE_054,2015,373.3695652173913
UNDE_057,2015,374.8695652173913
UNDE_050,2015,373.3695652173913
UNDE_055,2015,373.3695652173913
UNDE_059,2015,368.0869565217391
UNDE_065,2015,347.4130434782609
UNDE_043,2015,374.8695652173913
UNDE_044,2015,368.0869565217391
UNDE_049,2015,373.3695652173913
UNDE_056,2015,374.8695652173913
UNDE_078,2015,365.95652173913044
UNDE_061,2015,365.95652173913044
UNDE_060,2015,373.3695652173913
UNDE_014,2015,362.32608695652175
UNDE_013,2015,373.3695652173913
UNDE_002,2015,346.3695652173913
UNDE_001,2015,386.7608695652174
UNDE_003,2015,361.39130434782606
UNDE_010,2015,359.1304347826087
UNDE_006,2015,343.7608695652174
UNDE_011,2015,372.6521739130435
UNDE_007,2015,379.2391304347826
UNDE_012,2015,347.3478260869565
UNDE_008,2015,343.7608695652174
UNDE_016,2015,362.8695652173913
UNDE_020,2015,347.4130434782609
UNDE_021,2015,305.7608695652174
UNDE_022,2015,376.7608695652174
UNDE_018,2015,342.2173913043478
UNDE_019,2015,366.4782608695652
UNDE_023,2015,360.60869565217394
UNDE_015,2015,360.60869565217394
UNDE_027,2015,352.7173913043478
WREF_089,2015,511.45652173913044
WREF_082,2015,586.5217391304348
WREF_077,2015,566.3260869565217
WREF_083,2015,511.45652173913044
WREF_086,2015,458.2608695652174
WREF_081,2015,458.3478260869565
WREF_076,2015,523.1521739130435
WREF_070,2015,566.3260869565217
WREF_074,2015,586.5217391304348
WREF_072,2015,567.3260869565217
WREF_080,2015,590.2173913043479
WREF_073,2015,590.2173913043479
WREF_079,2015,590.2173913043479
WREF_085,2015,586.4130434782609
WREF_084,2015,586.4130434782609
WREF_078,2015,544.8260869565217
WREF_088,2015,586.5217391304348
WREF_087,2015,586.4130434782609
WREF_075,2015,566.3260869565217
WREF_071,2015,586.5217391304348
WREF_012,2015,588.2173913043479
WREF_016,2015,635.4565217391304
WREF_015,2015,611.6304347826087
WREF_013,2015,595.1304347826087
WREF_001,2015,555.7391304347826
WREF_003,2015,604.7173913043479
WREF_018,2015,608.9347826086956
WREF_020,2015,626.1086956521739
WREF_002,2015,624.7391304347826
WREF_019,2015,544.1739130434783
WREF_010,2015,629.7391304347826
WREF_007,2015,614.5217391304348
WREF_008,2015,599.4130434782609
WREF_006,2015,575.5
WREF_005,2015,538.4782608695652
WREF_014,2015,555.7391304347826
WREF_009,2015,650.9130434782609
WREF_011,2015,619.8695652173913
WREF_004,2015,625.0652173913044
WREF_017,2015,625.2173913043479
DELA_013,2015,518.3695652173913
DELA_003,2015,726.0217391304348
DELA_005,2015,393.5652173913044
DELA_011,2015,441.5652173913044
DELA_004,2015,512.6304347826087
DELA_018,2015,520.0434782608696
DELA_014,2015,489.2608695652174
DELA_015,2015,512.6304347826087
DELA_012,2015,489.2608695652174
DELA_010,2015,520.0434782608696
DELA_016,2015,516.4782608695652
DELA_001,2015,495.2608695652174
DELA_019,2015,499.4130434782609
DELA_017,2015,516.4782608695652
DELA_009,2015,726.0217391304348
DELA_002,2015,489.2608695652174
DELA_007,2015,520.0434782608696
DELA_020,2015,519.3260869565217
DELA_006,2015,499.4130434782609
DELA_008,2015,518.3260869565217
DELA_046,2015,519.3260869565217
DELA_053,2015,519.3260869565217
DELA_051,2015,521.0869565217391
DELA_043,2015,521.0869565217391
DELA_040,2015,519.3260869565217
DELA_052,2015,521.0869565217391
DELA_041,2015,521.0869565217391
DELA_044,2015,521.0869565217391
DELA_039,2015,495.30434782608694
DELA_054,2015,519.3260869565217
DELA_045,2015,519.3260869565217
DELA_042,2015,752.695652173913
DELA_055,2015,495.30434782608694
DELA_037,2015,519.3260869565217
DELA_050,2015,519.3260869565217
DELA_056,2015,519.3260869565217
DELA_047,2015,520.0434782608696
DELA_048,2015,520.0434782608696
DELA_049,2015,752.695652173913
DELA_038,2015,495.30434782608694
DELA_023,2015,518.3260869565217
DELA_022,2015,518.3695652173913
DELA_021,2015,417.0869565217391
DELA_059,2015,752.695652173913
LENO_061,2015,656.8913043478261
LENO_065,2015,656.8913043478261
LENO_062,2015,656.8913043478261
LENO_068,2015,601.7826086956521
LENO_067,2015,601.7826086956521
LENO_064,2015,656.8913043478261
LENO_063,2015,601.7826086956521
LENO_066,2015,509.4347826086956
LENO_069,2015,509.4347826086956
LENO_070,2015,509.4347826086956
LENO_003,2015,512.7826086956521
LENO_002,2015,504.4782608695652
LENO_014,2015,508.10869565217394
LENO_011,2015,491.0217391304348
LENO_005,2015,484.32608695652175
LENO_015,2015,637.0217391304348
LENO_010,2015,509.8695652173913
LENO_012,2015,618.7391304347826
LENO_009,2015,517.7608695652174
LENO_018,2015,633.6304347826087
LENO_006,2015,520.6086956521739
LENO_013,2015,543.6304347826087
LENO_007,2015,508.10869565217394
LENO_008,2015,637.0217391304348
LENO_022,2015,539.4347826086956
LENO_001,2015,478.39130434782606
LENO_016,2015,520.6086956521739
LENO_021,2015,610.1521739130435
LENO_017,2015,735.804347826087
LENO_004,2015,486.1304347826087
LENO_019,2015,515.6086956521739
UKFS_032,2015,512.6739130434783
UKFS_057,2015,512.6739130434783
UKFS_051,2015,512.6739130434783
UKFS_047,2015,456.10869565217394
UKFS_055,2015,512.6739130434783
UKFS_058,2015,456.10869565217394
UKFS_060,2015,512.6739130434783
UKFS_056,2015,461.1521739130435
UKFS_054,2015,449.80434782608694
UKFS_050,2015,461.0652173913044
UKFS_046,2015,461.0652173913044
UKFS_045,2015,456.1304347826087
UKFS_043,2015,461.10869565217394
UKFS_052,2015,456.1304347826087
UKFS_059,2015,461.10869565217394
UKFS_048,2015,461.10869565217394
UKFS_049,2015,461.1521739130435
UKFS_031,2015,456.10869565217394
UKFS_044,2015,461.1521739130435
UKFS_053,2015,461.1521739130435
UKFS_007,2015,276.9347826086956
UKFS_005,2015,455.7608695652174
UKFS_004,2015,514.2826086956521
UKFS_009,2015,298.8478260869565
UKFS_006,2015,461.0652173913044
UKFS_012,2015,266.95652173913044
UKFS_002,2015,280.95652173913044
UKFS_010,2015,407.0
UKFS_003,2015,407.0
UKFS_001,2015,456.1304347826087
UKFS_011,2015,449.80434782608694
UKFS_008,2015,449.80434782608694
UKFS_017,2015,266.95652173913044
UKFS_019,2015,451.1521739130435
UKFS_016,2015,431.9347826086956
UKFS_018,2015,407.0
UKFS_014,2015,456.1304347826087
UKFS_015,2015,462.9130434782609
UKFS_013,2015,372.8478260869565
UKFS_025,2015,425.5
YELL_002,2015,187.97826086956522
YELL_016,2015,145.30434782608697
YELL_013,2015,167.2391304347826
YELL_006,2015,169.54347826086956
YELL_020,2015,286.54347826086956
YELL_008,2015,189.45652173913044
YELL_014,2015,216.58695652173913
YELL_001,2015,158.52173913043478
YELL_011,2015,141.56521739130434
YELL_004,2015,149.1086956521739
YELL_003,2015,179.3695652173913
YELL_010,2015,140.65217391304347
YELL_005,2015,127.3695652173913
YELL_007,2015,177.2608695652174
YELL_018,2015,206.6086956521739
YELL_023,2015,192.7173913043478
YELL_012,2015,164.15217391304347
YELL_009,2015,189.2173913043478
YELL_021,2015,300.6521739130435
YELL_022,2015,174.0
YELL_047,2015,195.1304347826087
YELL_054,2015,195.1304347826087
YELL_058,2015,195.1304347826087
YELL_044,2015,195.1304347826087
YELL_052,2015,195.1304347826087
YELL_055,2015,195.1304347826087
YELL_062,2015,195.1304347826087
YELL_056,2015,194.45652173913044
YELL_048,2015,194.45652173913044
YELL_060,2015,210.2826086956522
YELL_051,2015,195.1304347826087
YELL_053,2015,196.8695652173913
YELL_045,2015,194.45652173913044
YELL_046,2015,195.1304347826087
YELL_061,2015,195.1304347826087
YELL_049,2015,196.8695652173913
YELL_059,2015,195.1304347826087
YELL_043,2015,196.8695652173913
YELL_050,2015,210.2826086956522
YELL_057,2015,210.2826086956522
YELL_015,2015,145.84782608695653
BONA_072,2015,273.2826086956522
BONA_079,2015,273.2826086956522
BONA_070,2015,202.47826086956522
BONA_075,2015,273.2826086956522
BONA_078,2015,273.2826086956522
BONA_076,2015,273.2826086956522
BONA_082,2015,311.1304347826087
BONA_071,2015,273.2826086956522
BONA_087,2015,273.2826086956522
BONA_084,2015,311.10869565217394
BONA_080,2015,202.47826086956522
BONA_086,2015,202.47826086956522
BONA_088,2015,273.2826086956522
BONA_089,2015,311.1304347826087
BONA_085,2015,202.5
BONA_083,2015,173.82608695652175
BONA_074,2015,173.82608695652175
BONA_081,2015,200.1304347826087
BONA_077,2015,200.1304347826087
BONA_073,2015,200.1304347826087
BONA_014,2015,278.39130434782606
BONA_011,2015,143.17391304347825
BONA_001,2015,254.6304347826087
BONA_018,2015,156.93478260869566
BONA_023,2015,215.1086956521739
BONA_009,2015,206.95652173913044
BONA_002,2015,346.45652173913044
BONA_012,2015,302.7173913043478
BONA_008,2015,277.1521739130435
BONA_093,2015,273.2826086956522
BONA_007,2015,284.82608695652175
BONA_005,2015,323.7391304347826
BONA_021,2015,273.32608695652175
BONA_026,2015,226.80434782608697
BONA_022,2015,227.02173913043478
BONA_010,2015,227.02173913043478
BONA_003,2015,116.76086956521739
BONA_004,2015,199.93478260869566
BONA_006,2015,213.6304347826087
BONA_016,2015,119.15217391304348
BONA_013,2015,223.08695652173913
DEJU_050,2015,146.58695652173913
DEJU_051,2015,149.15217391304347
DEJU_049,2015,153.93478260869566
DEJU_057,2015,187.8695652173913
DEJU_047,2015,153.93478260869566
DEJU_052,2015,153.93478260869566
DEJU_045,2015,153.91304347826087
DEJU_056,2015,153.91304347826087
DEJU_061,2015,153.91304347826087
DEJU_064,2015,146.58695652173913
DEJU_054,2015,146.0
DEJU_060,2015,185.0
DEJU_046,2015,185.0
DEJU_055,2015,185.0
DEJU_063,2015,149.15217391304347
DEJU_059,2015,146.58695652173913
DEJU_048,2015,153.6086956521739
DEJU_062,2015,153.6086956521739
DEJU_058,2015,149.15217391304347
DEJU_053,2015,146.58695652173913
DEJU_010,2015,154.6086956521739
DEJU_004,2015,86.17391304347827
DEJU_003,2015,119.04347826086956
DEJU_023,2015,141.67391304347825
DEJU_008,2015,116.76086956521739
DEJU_019,2015,149.02173913043478
DEJU_005,2015,153.30434782608697
DEJU_001,2015,143.15217391304347
DEJU_007,2015,139.69565217391303
DEJU_015,2015,192.69565217391303
DEJU_017,2015,152.08695652173913
DEJU_014,2015,150.84782608695653
DEJU_006,2015,136.2391304347826
DEJU_021,2015,154.80434782608697
DEJU_002,2015,142.52173913043478
DEJU_024,2015,139.2826086956522
DEJU_016,2015,171.93478260869566
DEJU_009,2015,169.45652173913044
DEJU_018,2015,136.2608695652174
DEJU_020,2015,148.65217391304347
HEAL_072,2015,263.4347826086956
HEAL_063,2015,263.69565217391306
HEAL_070,2015,260.6304347826087
HEAL_060,2015,260.6521739130435
HEAL_071,2015,260.6521739130435
HEAL_050,2015,260.6521739130435
HEAL_067,2015,260.6304347826087
HEAL_068,2015,274.54347826086956
HEAL_064,2015,270.39130434782606
HEAL_062,2015,260.6521739130435
HEAL_061,2015,260.6304347826087
HEAL_073,2015,260.6304347826087
HEAL_052,2015,260.6304347826087
HEAL_066,2015,267.0
HEAL_058,2015,260.6304347826087
HEAL_069,2015,267.0
HEAL_048,2015,263.69565217391306
HEAL_054,2015,274.54347826086956
HEAL_053,2015,267.0
HEAL_074,2015,267.0
HEAL_056,2015,267.0
HEAL_051,2015,267.0
HEAL_065,2015,267.0
HEAL_057,2015,263.4130434782609
HEAL_046,2015,267.0
HEAL_059,2015,267.0
HEAL_055,2015,267.0
HEAL_047,2015,267.0
HEAL_010,2015,258.67391304347825
HEAL_002,2015,253.06521739130434
HEAL_003,2015,272.0
HEAL_014,2015,269.67391304347825
HEAL_022,2015,264.7391304347826
HEAL_023,2015,259.7608695652174
HEAL_021,2015,250.1304347826087
HEAL_001,2015,263.5652173913044
HEAL_016,2015,274.54347826086956
HEAL_020,2015,176.2608695652174
HEAL_006,2015,245.04347826086956
HEAL_019,2015,258.30434782608694
HEAL_011,2015,259.45652173913044
HEAL_025,2015,246.02173913043478
HEAL_018,2015,284.39130434782606
HEAL_017,2015,174.45652173913044
HEAL_004,2015,288.4782608695652
HEAL_005,2015,279.9347826086956
HEAL_015,2015,254.2173913043478
HEAL_049,2015,260.6304347826087
HEAL_026,2015,258.10869565217394
HEAL_045,2015,263.4347826086956
HEAL_024,2015,251.7391304347826
ABBY_063,2016,442.60869565217394
ABBY_068,2016,442.60869565217394
ABBY_065,2016,454.1521739130435
ABBY_067,2016,442.60869565217394
ABBY_066,2016,442.60869565217394
ABBY_061,2016,442.60869565217394
ABBY_070,2016,442.60869565217394
ABBY_062,2016,442.4130434782609
ABBY_064,2016,442.60869565217394
ABBY_069,2016,442.4130434782609
ABBY_075,2016,442.4782608695652
ABBY_074,2016,442.4130434782609
ABBY_073,2016,442.4130434782609
ABBY_076,2016,442.60869565217394
ABBY_004,2016,512.5217391304348
ABBY_009,2016,512.5217391304348
ABBY_011,2016,427.45652173913044
ABBY_013,2016,465.7826086956522
ABBY_023,2016,509.7391304347826
ABBY_010,2016,594.304347826087
ABBY_018,2016,511.0652173913044
ABBY_003,2016,460.3695652173913
ABBY_012,2016,586.9130434782609
ABBY_005,2016,541.6739130434783
ABBY_016,2016,508.82608695652175
ABBY_008,2016,581.6086956521739
ABBY_017,2016,599.0434782608696
ABBY_014,2016,459.54347826086956
ABBY_001,2016,529.5
ABBY_019,2016,454.2826086956522
ABBY_006,2016,550.8478260869565
ABBY_002,2016,454.9782608695652
ABBY_007,2016,480.3695652173913
ABBY_025,2016,554.9565217391304
ABBY_015,2016,350.9347826086956
ABBY_077,2016,470.5652173913044
BART_012,2016,446.4347826086956
BART_001,2016,446.4130434782609
BART_005,2016,481.17391304347825
BART_044,2016,452.5
BART_037,2016,452.5
BART_073,2016,442.82608695652175
BART_074,2016,452.5
BART_075,2016,442.0869565217391
BART_042,2016,442.0869565217391
BART_072,2016,442.0869565217391
BART_046,2016,452.5
BART_036,2016,442.0869565217391
BART_051,2016,442.82608695652175
BART_041,2016,446.0217391304348
BART_034,2016,446.0217391304348
BART_039,2016,442.82608695652175
BART_050,2016,442.0869565217391
BART_040,2016,442.80434782608694
BART_071,2016,451.30434782608694
BART_070,2016,446.0217391304348
BART_033,2016,446.0217391304348
BART_047,2016,442.80434782608694
BART_032,2016,451.4130434782609
BART_015,2016,455.2826086956522
BART_016,2016,479.30434782608694
BART_028,2016,450.8478260869565
BART_010,2016,453.30434782608694
BART_013,2016,407.82608695652175
BART_026,2016,457.17391304347825
BART_006,2016,455.2391304347826
BART_023,2016,453.30434782608694
BART_002,2016,415.8695652173913
BART_018,2016,460.2826086956522
BART_003,2016,459.0869565217391
BART_024,2016,453.30434782608694
BART_011,2016,442.0
BART_025,2016,457.17391304347825
BART_007,2016,442.0
BART_027,2016,445.5869565217391
BART_004,2016,430.7173913043478
BART_019,2016,451.4130434782609
BLAN_042,2016,348.4347826086956
BLAN_056,2016,348.4347826086956
BLAN_034,2016,364.9782608695652
BLAN_043,2016,348.4347826086956
BLAN_046,2016,410.39130434782606
BLAN_045,2016,348.4347826086956
BLAN_059,2016,410.39130434782606
BLAN_039,2016,348.4347826086956
BLAN_033,2016,348.4347826086956
BLAN_051,2016,348.4347826086956
BLAN_054,2016,348.4347826086956
BLAN_031,2016,364.9782608695652
BLAN_049,2016,364.9782608695652
BLAN_060,2016,348.4347826086956
BLAN_035,2016,410.39130434782606
BLAN_038,2016,348.4347826086956
BLAN_040,2016,348.4347826086956
BLAN_037,2016,364.9782608695652
BLAN_044,2016,364.9782608695652
BLAN_050,2016,579.9565217391304
BLAN_052,2016,364.9782608695652
BLAN_048,2016,579.9565217391304
BLAN_055,2016,364.9782608695652
BLAN_057,2016,410.39130434782606
BLAN_032,2016,410.39130434782606
BLAN_036,2016,579.9565217391304
BLAN_047,2016,579.9565217391304
BLAN_063,2016,579.9565217391304
BLAN_005,2016,424.5217391304348
BLAN_017,2016,424.5217391304348
BLAN_011,2016,522.4347826086956
BLAN_068,2016,433.5
BLAN_016,2016,433.5
BLAN_001,2016,412.2826086956522
BLAN_008,2016,668.9130434782609
BLAN_003,2016,403.32608695652175
BLAN_018,2016,632.3478260869565
BLAN_004,2016,433.5
BLAN_014,2016,431.6521739130435
BLAN_020,2016,586.0652173913044
BLAN_006,2016,632.3478260869565
BLAN_007,2016,668.9130434782609
BLAN_010,2016,433.5
BLAN_012,2016,632.3478260869565
BLAN_013,2016,430.5869565217391
BLAN_015,2016,620.2173913043479
BLAN_009,2016,412.2826086956522
BLAN_053,2016,410.39130434782606
BLAN_041,2016,579.9565217391304
BLAN_064,2016,364.9782608695652
BLAN_019,2016,433.5
GRSM_057,2016,539.304347826087
GRSM_048,2016,539.304347826087
GRSM_059,2016,547.3478260869565
GRSM_054,2016,543.2826086956521
GRSM_049,2016,538.9130434782609
GRSM_066,2016,539.304347826087
GRSM_065,2016,537.6304347826087
GRSM_047,2016,547.3478260869565
GRSM_063,2016,539.0217391304348
GRSM_053,2016,539.0217391304348
GRSM_062,2016,543.2826086956521
GRSM_060,2016,547.3478260869565
GRSM_050,2016,545.3695652173913
GRSM_051,2016,547.3478260869565
GRSM_064,2016,547.3478260869565
GRSM_002,2016,559.8695652173913
GRSM_025,2016,534.2608695652174
GRSM_016,2016,440.6304347826087
GRSM_017,2016,535.0434782608696
GRSM_004,2016,565.304347826087
GRSM_001,2016,546.195652173913
GRSM_012,2016,518.8913043478261
GRSM_008,2016,507.30434782608694
GRSM_003,2016,528.1739130434783
GRSM_019,2016,527.5434782608696
GRSM_006,2016,527.5434782608696
GRSM_013,2016,526.2826086956521
GRSM_015,2016,536.6304347826087
GRSM_014,2016,533.7608695652174
GRSM_010,2016,542.5
GRSM_005,2016,534.0652173913044
GRSM_011,2016,570.6739130434783
GRSM_007,2016,550.9347826086956
GRSM_009,2016,518.3695652173913
GRSM_055,2016,539.0217391304348
GRSM_018,2016,584.5652173913044
GRSM_061,2016,547.3478260869565
GRSM_056,2016,547.3478260869565
GRSM_058,2016,537.6304347826087
GRSM_052,2016,543.2826086956521
HARV_013,2016,447.67391304347825
HARV_022,2016,477.95652173913044
HARV_008,2016,454.17391304347825
HARV_004,2016,462.3695652173913
HARV_024,2016,456.7608695652174
HARV_010,2016,0.0
HARV_006,2016,441.4347826086956
HARV_001,2016,417.0869565217391
HARV_005,2016,395.80434782608694
HARV_027,2016,435.95652173913044
HARV_043,2016,469.8478260869565
HARV_035,2016,469.8478260869565
HARV_037,2016,488.2608695652174
HARV_020,2016,466.54347826086956
HARV_023,2016,491.45652173913044
HARV_014,2016,444.8695652173913
HARV_011,2016,447.89130434782606
HARV_025,2016,442.04347826086956
HARV_002,2016,464.5
HARV_012,2016,450.5217391304348
HARV_026,2016,456.7826086956522
HARV_016,2016,459.0869565217391
HARV_039,2016,471.7826086956522
HARV_021,2016,474.0869565217391
HARV_045,2016,473.4347826086956
HARV_041,2016,488.2173913043478
HARV_038,2016,488.2608695652174
HARV_050,2016,488.2608695652174
HARV_048,2016,469.8478260869565
HARV_036,2016,473.4347826086956
HARV_052,2016,469.8478260869565
HARV_049,2016,471.6304347826087
HARV_047,2016,488.2608695652174
HARV_044,2016,488.2608695652174
HARV_040,2016,469.8478260869565
HARV_046,2016,488.2173913043478
HARV_033,2016,488.2608695652174
HARV_051,2016,471.7826086956522
HARV_034,2016,488.2608695652174
HARV_042,2016,471.7826086956522
HARV_015,2016,488.2173913043478
HARV_017,2016,453.8478260869565
JERC_002,2016,578.8913043478261
JERC_015,2016,600.0
JERC_007,2016,619.0652173913044
JERC_001,2016,615.7826086956521
JERC_010,2016,579.0652173913044
JERC_009,2016,580.4130434782609
JERC_029,2016,541.4565217391304
JERC_021,2016,561.7173913043479
JERC_011,2016,541.4565217391304
JERC_040,2016,519.2391304347826
JERC_035,2016,536.0652173913044
JERC_033,2016,600.0217391304348
JERC_019,2016,641.4565217391304
JERC_030,2016,476.1521739130435
JERC_034,2016,595.6521739130435
JERC_036,2016,583.9347826086956
JERC_028,2016,303.80434782608694
JERC_044,2016,668.4130434782609
JERC_016,2016,583.9347826086956
JERC_038,2016,639.7173913043479
JERC_006,2016,503.9782608695652
JERC_041,2016,633.9565217391304
JERC_031,2016,565.6086956521739
JERC_042,2016,579.0652173913044
JERC_008,2016,584.8478260869565
JERC_005,2016,584.8478260869565
JERC_003,2016,615.7826086956521
JERC_022,2016,555.4565217391304
JERC_013,2016,569.1304347826087
JERC_066,2016,578.8913043478261
JERC_065,2016,565.6086956521739
JERC_054,2016,598.5217391304348
JERC_051,2016,565.6086956521739
JERC_062,2016,578.9130434782609
JERC_047,2016,578.9130434782609
JERC_057,2016,565.6739130434783
JERC_060,2016,565.6086956521739
JERC_064,2016,565.6086956521739
JERC_050,2016,578.9130434782609
JERC_053,2016,578.8913043478261
JERC_049,2016,578.9130434782609
JERC_061,2016,578.9130434782609
JERC_058,2016,578.8913043478261
JERC_048,2016,578.8913043478261
JERC_063,2016,578.8913043478261
JERC_052,2016,578.9130434782609
JERC_059,2016,578.8913043478261
JERC_056,2016,578.9130434782609
JERC_055,2016,578.9130434782609
JERC_004,2016,584.1304347826087
JERC_014,2016,559.9565217391304
JERC_012,2016,549.0
MLBS_076,2016,445.5869565217391
MLBS_061,2016,465.7391304347826
MLBS_064,2016,465.7391304347826
MLBS_075,2016,461.10869565217394
MLBS_065,2016,461.10869565217394
MLBS_062,2016,461.19565217391306
MLBS_069,2016,445.5869565217391
MLBS_063,2016,445.60869565217394
MLBS_073,2016,445.60869565217394
MLBS_074,2016,445.5869565217391
MLBS_066,2016,445.60869565217394
MLBS_067,2016,445.60869565217394
MLBS_071,2016,445.5869565217391
MLBS_072,2016,445.60869565217394
MLBS_070,2016,445.60869565217394
MLBS_068,2016,445.60869565217394
MLBS_009,2016,465.7391304347826
MLBS_010,2016,453.7391304347826
MLBS_005,2016,443.2608695652174
MLBS_003,2016,453.7391304347826
MLBS_019,2016,483.9782608695652
MLBS_016,2016,488.60869565217394
MLBS_015,2016,476.7391304347826
MLBS_014,2016,493.39130434782606
MLBS_001,2016,411.10869565217394
MLBS_017,2016,411.10869565217394
MLBS_011,2016,446.54347826086956
MLBS_012,2016,446.54347826086956
MLBS_002,2016,461.10869565217394
MLBS_004,2016,487.60869565217394
MLBS_018,2016,458.2826086956522
MLBS_008,2016,462.5
MLBS_007,2016,503.1521739130435
MLBS_006,2016,482.2826086956522
MLBS_020,2016,492.80434782608694
MLBS_013,2016,515.3695652173913
ORNL_002,2016,540.5434782608696
ORNL_003,2016,494.5217391304348
ORNL_009,2016,553.0
ORNL_021,2016,438.1304347826087
ORNL_031,2016,383.82608695652175
ORNL_033,2016,468.82608695652175
ORNL_066,2016,657.0
ORNL_044,2016,657.0
ORNL_012,2016,0.0
ORNL_004,2016,490.5
ORNL_001,2016,420.4130434782609
ORNL_027,2016,480.69565217391306
ORNL_014,2016,506.3478260869565
ORNL_029,2016,493.39130434782606
ORNL_007,2016,508.10869565217394
ORNL_006,2016,489.2826086956522
ORNL_008,2016,500.30434782608694
ORNL_035,2016,532.6086956521739
ORNL_010,2016,514.5869565217391
ORNL_032,2016,490.4782608695652
ORNL_055,2016,517.5434782608696
ORNL_062,2016,517.5434782608696
ORNL_063,2016,517.0434782608696
ORNL_049,2016,517.0434782608696
ORNL_052,2016,517.5434782608696
ORNL_059,2016,493.89130434782606
ORNL_036,2016,508.8478260869565
ORNL_053,2016,493.89130434782606
ORNL_046,2016,493.89130434782606
ORNL_043,2016,504.0869565217391
ORNL_058,2016,504.0869565217391
ORNL_060,2016,504.0869565217391
ORNL_056,2016,517.5434782608696
ORNL_037,2016,517.5434782608696
ORNL_057,2016,508.8478260869565
ORNL_051,2016,517.5434782608696
ORNL_061,2016,493.89130434782606
ORNL_054,2016,508.8478260869565
ORNL_045,2016,508.8478260869565
ORNL_050,2016,508.8478260869565
ORNL_017,2016,501.8695652173913
ORNL_068,2016,463.4782608695652
ORNL_019,2016,502.8478260869565
ORNL_018,2016,399.95652173913044
ORNL_067,2016,503.7608695652174
ORNL_015,2016,494.5652173913044
OSBS_002,2016,591.5652173913044
OSBS_006,2016,501.0869565217391
OSBS_048,2016,523.5
OSBS_001,2016,676.5652173913044
OSBS_018,2016,486.0652173913044
OSBS_011,2016,556.3478260869565
OSBS_014,2016,552.0652173913044
OSBS_004,2016,524.8695652173913
OSBS_020,2016,474.32608695652175
OSBS_023,2016,556.3478260869565
OSBS_049,2016,528.0434782608696
OSBS_003,2016,581.3913043478261
OSBS_012,2016,567.695652173913
OSBS_013,2016,524.8695652173913
OSBS_024,2016,556.3478260869565
OSBS_016,2016,596.9782608695652
OSBS_008,2016,541.1739130434783
OSBS_010,2016,685.2173913043479
OSBS_051,2016,491.8695652173913
OSBS_050,2016,534.5869565217391
OSBS_007,2016,503.45652173913044
OSBS_005,2016,627.1304347826087
OSBS_017,2016,611.5434782608696
OSBS_043,2016,498.4347826086956
OSBS_022,2016,552.0652173913044
OSBS_039,2016,498.95652173913044
OSBS_036,2016,498.95652173913044
OSBS_029,2016,498.95652173913044
OSBS_040,2016,496.0
OSBS_015,2016,749.7608695652174
OSBS_025,2016,534.0434782608696
OSBS_030,2016,534.0434782608696
OSBS_038,2016,534.0434782608696
OSBS_042,2016,534.0434782608696
OSBS_035,2016,496.54347826086956
OSBS_037,2016,496.54347826086956
OSBS_028,2016,496.54347826086956
OSBS_021,2016,625.9347826086956
OSBS_041,2016,496.54347826086956
OSBS_009,2016,638.0652173913044
OSBS_031,2016,496.0
OSBS_033,2016,498.95652173913044
OSBS_032,2016,498.95652173913044
OSBS_044,2016,498.95652173913044
OSBS_027,2016,498.95652173913044
OSBS_034,2016,495.9782608695652
OSBS_026,2016,498.95652173913044
OSBS_063,2016,497.8478260869565
OSBS_067,2016,502.39130434782606
OSBS_066,2016,749.7608695652174
OSBS_068,2016,498.7826086956522
OSBS_070,2016,496.0
OSBS_073,2016,606.3695652173913
RMNP_043,2016,189.91304347826087
RMNP_042,2016,189.91304347826087
RMNP_041,2016,328.5869565217391
RMNP_048,2016,189.91304347826087
RMNP_049,2016,189.91304347826087
RMNP_046,2016,189.91304347826087
RMNP_047,2016,189.91304347826087
RMNP_045,2016,189.91304347826087
RMNP_044,2016,189.91304347826087
RMNP_013,2016,256.9782608695652
RMNP_003,2016,278.54347826086956
RMNP_009,2016,278.54347826086956
RMNP_011,2016,176.80434782608697
RMNP_019,2016,295.2826086956522
RMNP_015,2016,332.39130434782606
RMNP_002,2016,332.1304347826087
RMNP_020,2016,332.39130434782606
RMNP_016,2016,318.9130434782609
RMNP_017,2016,286.0869565217391
RMNP_005,2016,330.54347826086956
RMNP_001,2016,335.0652173913044
RMNP_014,2016,381.39130434782606
RMNP_008,2016,314.89130434782606
RMNP_012,2016,409.0
RMNP_018,2016,353.9347826086956
RMNP_006,2016,386.67391304347825
RMNP_004,2016,337.0217391304348
RMNP_010,2016,348.4130434782609
RMNP_007,2016,348.4130434782609
SCBI_008,2016,477.5869565217391
SCBI_004,2016,445.69565217391306
SCBI_015,2016,457.17391304347825
SCBI_017,2016,453.5869565217391
SCBI_013,2016,453.6304347826087
SCBI_007,2016,445.60869565217394
SCBI_018,2016,444.9347826086956
SCBI_003,2016,441.5869565217391
SCBI_011,2016,461.54347826086956
SCBI_016,2016,440.2608695652174
SCBI_002,2016,462.2608695652174
SCBI_010,2016,443.4782608695652
SCBI_014,2016,468.5217391304348
SCBI_005,2016,454.60869565217394
SCBI_056,2016,451.4130434782609
SCBI_045,2016,448.39130434782606
SCBI_053,2016,451.4130434782609
SCBI_061,2016,451.4130434782609
SCBI_050,2016,451.4130434782609
SCBI_057,2016,451.4130434782609
SCBI_062,2016,462.0217391304348
SCBI_047,2016,462.0217391304348
SCBI_067,2016,462.0217391304348
SCBI_066,2016,462.0217391304348
SCBI_064,2016,448.39130434782606
SCBI_052,2016,448.39130434782606
SCBI_054,2016,448.39130434782606
SCBI_046,2016,462.2608695652174
SCBI_049,2016,462.0217391304348
SCBI_063,2016,462.0217391304348
SCBI_055,2016,451.4130434782609
SCBI_048,2016,462.0217391304348
SCBI_051,2016,451.4130434782609
SCBI_058,2016,448.39130434782606
SCBI_034,2016,350.2826086956522
SCBI_038,2016,424.7608695652174
SCBI_033,2016,350.2826086956522
SCBI_006,2016,447.0
SCBI_035,2016,424.7608695652174
SCBI_012,2016,561.1739130434783
SCBI_071,2016,443.4782608695652
SCBI_019,2016,472.3478260869565
SCBI_021,2016,447.0
SCBI_023,2016,457.17391304347825
SCBI_022,2016,461.3478260869565
SERC_062,2016,453.2608695652174
SERC_045,2016,453.2608695652174
SERC_051,2016,453.2608695652174
SERC_050,2016,493.0869565217391
SERC_052,2016,491.0
SERC_058,2016,509.0217391304348
SERC_043,2016,509.32608695652175
SERC_055,2016,720.9565217391304
SERC_048,2016,509.0217391304348
SERC_060,2016,509.0217391304348
SERC_061,2016,491.45652173913044
SERC_054,2016,491.45652173913044
SERC_059,2016,562.695652173913
SERC_046,2016,555.7391304347826
SERC_053,2016,491.45652173913044
SERC_044,2016,555.7391304347826
SERC_047,2016,478.2173913043478
SERC_049,2016,478.2173913043478
SERC_057,2016,478.2173913043478
SERC_056,2016,478.2173913043478
SERC_007,2016,602.0434782608696
SERC_018,2016,564.4130434782609
SERC_009,2016,507.2173913043478
SERC_008,2016,564.5
SERC_011,2016,712.3260869565217
SERC_003,2016,513.6739130434783
SERC_006,2016,411.2173913043478
SERC_001,2016,451.1304347826087
SERC_017,2016,617.9782608695652
SERC_019,2016,483.8695652173913
SERC_010,2016,701.9782608695652
SERC_014,2016,397.30434782608694
SERC_012,2016,496.8478260869565
SERC_016,2016,513.5652173913044
SERC_022,2016,460.5
SERC_004,2016,483.8695652173913
SERC_021,2016,509.32608695652175
SERC_013,2016,414.17391304347825
SERC_005,2016,724.2391304347826
SERC_002,2016,503.1304347826087
SERC_067,2016,500.3478260869565
SERC_073,2016,493.0869565217391
SOAP_059,2016,370.45652173913044
SOAP_057,2016,370.45652173913044
SOAP_051,2016,370.45652173913044
SOAP_048,2016,370.45652173913044
SOAP_058,2016,367.6521739130435
SOAP_043,2016,367.19565217391306
SOAP_050,2016,367.19565217391306
SOAP_044,2016,391.39130434782606
SOAP_052,2016,390.8478260869565
SOAP_046,2016,391.39130434782606
SOAP_060,2016,390.8478260869565
SOAP_055,2016,367.19565217391306
SOAP_054,2016,313.5217391304348
SOAP_047,2016,313.5217391304348
SOAP_031,2016,319.3478260869565
SOAP_049,2016,319.3478260869565
SOAP_056,2016,319.3478260869565
SOAP_053,2016,313.5217391304348
SOAP_045,2016,338.0869565217391
SOAP_061,2016,370.45652173913044
SOAP_002,2016,288.10869565217394
SOAP_010,2016,370.45652173913044
SOAP_006,2016,320.5869565217391
SOAP_013,2016,288.10869565217394
SOAP_012,2016,337.9130434782609
SOAP_004,2016,370.45652173913044
SOAP_003,2016,351.7391304347826
SOAP_016,2016,559.8913043478261
SOAP_007,2016,339.67391304347825
SOAP_020,2016,313.5217391304348
SOAP_009,2016,344.2391304347826
SOAP_008,2016,337.9130434782609
SOAP_021,2016,358.0652173913044
SOAP_018,2016,362.19565217391306
SOAP_019,2016,362.19565217391306
SOAP_017,2016,377.9130434782609
SOAP_015,2016,375.19565217391306
SOAP_001,2016,444.95652173913044
SOAP_011,2016,367.6521739130435
SOAP_022,2016,375.19565217391306
SOAP_024,2016,320.5869565217391
STEI_058,2016,533.6304347826087
STEI_051,2016,533.6304347826087
STEI_056,2016,412.0652173913044
STEI_046,2016,412.0652173913044
STEI_061,2016,412.0652173913044
STEI_062,2016,412.0652173913044
STEI_052,2016,412.0652173913044
STEI_055,2016,533.6304347826087
STEI_047,2016,412.0652173913044
STEI_053,2016,412.0652173913044
STEI_048,2016,411.8478260869565
STEI_060,2016,412.0652173913044
STEI_054,2016,411.8478260869565
STEI_049,2016,412.0652173913044
STEI_057,2016,412.0652173913044
STEI_050,2016,411.8478260869565
STEI_059,2016,411.8478260869565
STEI_005,2016,398.39130434782606
STEI_009,2016,401.0652173913044
STEI_012,2016,416.95652173913044
STEI_017,2016,410.1304347826087
STEI_019,2016,419.1304347826087
STEI_003,2016,412.1521739130435
STEI_007,2016,413.4130434782609
STEI_002,2016,399.3695652173913
STEI_011,2016,403.30434782608694
STEI_010,2016,405.3478260869565
STEI_008,2016,407.5217391304348
STEI_015,2016,389.7391304347826
STEI_016,2016,397.5
STEI_004,2016,407.95652173913044
STEI_013,2016,413.0652173913044
STEI_001,2016,396.17391304347825
STEI_021,2016,393.8478260869565
STEI_006,2016,412.8478260869565
STEI_014,2016,415.9130434782609
STEI_022,2016,435.30434782608694
STEI_023,2016,418.7608695652174
TALL_003,2016,932.4782608695652
TALL_005,2016,731.2173913043479
TALL_009,2016,490.2608695652174
TALL_012,2016,994.1739130434783
TALL_004,2016,499.5217391304348
TALL_010,2016,676.6739130434783
TALL_007,2016,719.6086956521739
TALL_002,2016,667.5652173913044
TALL_022,2016,678.8695652173913
TALL_015,2016,671.0652173913044
TALL_016,2016,721.9130434782609
TALL_011,2016,709.5652173913044
TALL_018,2016,724.0
TALL_006,2016,605.6739130434783
TALL_013,2016,569.4565217391304
TALL_001,2016,545.804347826087
TALL_017,2016,648.3260869565217
TALL_020,2016,499.39130434782606
TALL_008,2016,664.195652173913
TALL_043,2016,590.1521739130435
TALL_049,2016,590.1521739130435
TALL_046,2016,590.1521739130435
TALL_061,2016,594.2826086956521
TALL_052,2016,594.1739130434783
TALL_050,2016,700.5
TALL_051,2016,594.2826086956521
TALL_057,2016,594.2826086956521
TALL_060,2016,700.5
TALL_055,2016,594.2826086956521
TALL_058,2016,594.1739130434783
TALL_045,2016,700.5
TALL_059,2016,594.1739130434783
TALL_054,2016,594.2826086956521
TALL_056,2016,594.1739130434783
TALL_044,2016,700.5
TALL_047,2016,700.5
TALL_048,2016,590.1521739130435
TALL_042,2016,590.1521739130435
TALL_053,2016,594.1739130434783
TALL_064,2016,642.2173913043479
TALL_025,2016,731.3695652173913
TEAK_045,2016,323.30434782608694
TEAK_054,2016,323.30434782608694
TEAK_048,2016,323.30434782608694
TEAK_061,2016,323.30434782608694
TEAK_059,2016,323.30434782608694
TEAK_049,2016,323.19565217391306
TEAK_060,2016,323.19565217391306
TEAK_055,2016,323.19565217391306
TEAK_062,2016,317.80434782608694
TEAK_056,2016,346.5652173913044
TEAK_044,2016,346.5652173913044
TEAK_057,2016,305.32608695652175
TEAK_053,2016,346.5652173913044
TEAK_047,2016,346.5652173913044
TEAK_051,2016,305.32608695652175
TEAK_046,2016,320.89130434782606
TEAK_058,2016,323.19565217391306
TEAK_043,2016,317.80434782608694
TEAK_052,2016,320.82608695652175
TEAK_050,2016,346.5
TEAK_001,2016,325.1304347826087
TEAK_002,2016,289.82608695652175
TEAK_003,2016,336.19565217391306
TEAK_004,2016,297.69565217391306
TEAK_006,2016,280.5217391304348
TEAK_025,2016,253.95652173913044
TEAK_005,2016,144.47826086956522
TEAK_011,2016,308.30434782608694
TEAK_007,2016,322.0217391304348
TEAK_014,2016,312.2391304347826
TEAK_010,2016,331.69565217391306
TEAK_012,2016,336.19565217391306
TEAK_017,2016,316.69565217391306
TEAK_013,2016,296.5
TEAK_019,2016,364.3695652173913
TEAK_020,2016,294.39130434782606
TEAK_016,2016,265.89130434782606
TEAK_015,2016,313.0869565217391
TEAK_024,2016,245.7608695652174
TEAK_018,2016,308.80434782608694
TREE_042,2016,392.82608695652175
TREE_053,2016,402.5217391304348
TREE_049,2016,402.5217391304348
TREE_046,2016,402.5217391304348
TREE_055,2016,402.5652173913044
TREE_056,2016,402.5217391304348
TREE_050,2016,549.7608695652174
TREE_054,2016,549.7608695652174
TREE_052,2016,402.5217391304348
TREE_051,2016,402.5652173913044
TREE_057,2016,402.1304347826087
TREE_025,2016,402.1304347826087
TREE_043,2016,402.10869565217394
TREE_044,2016,402.10869565217394
TREE_048,2016,522.3478260869565
TREE_047,2016,399.82608695652175
TREE_041,2016,409.5
TREE_040,2016,399.82608695652175
TREE_039,2016,402.1304347826087
TREE_045,2016,402.1304347826087
TREE_017,2016,402.10869565217394
TREE_019,2016,400.5
TREE_010,2016,396.95652173913044
TREE_016,2016,391.4782608695652
TREE_001,2016,394.7391304347826
TREE_014,2016,394.7391304347826
TREE_009,2016,401.89130434782606
TREE_060,2016,395.2391304347826
TREE_012,2016,400.5
TREE_005,2016,419.9347826086956
TREE_011,2016,374.1304347826087
TREE_018,2016,397.0
TREE_003,2016,401.8478260869565
TREE_007,2016,374.1304347826087
TREE_008,2016,557.2826086956521
TREE_006,2016,416.69565217391306
TREE_004,2016,557.2826086956521
TREE_002,2016,397.0
TREE_015,2016,416.0652173913044
TREE_023,2016,416.1304347826087
TREE_062,2016,401.89130434782606
TREE_064,2016,391.4130434782609
TREE_022,2016,416.69565217391306
TREE_063,2016,408.69565217391306
UNDE_048,2016,357.7173913043478
UNDE_038,2016,338.5217391304348
UNDE_037,2016,313.7391304347826
UNDE_045,2016,357.7173913043478
UNDE_058,2016,333.0652173913044
UNDE_052,2016,357.7173913043478
UNDE_047,2016,348.3478260869565
UNDE_054,2016,333.0652173913044
UNDE_057,2016,357.7173913043478
UNDE_050,2016,333.0652173913044
UNDE_055,2016,333.0652173913044
UNDE_059,2016,344.67391304347825
UNDE_065,2016,321.2608695652174
UNDE_043,2016,357.7173913043478
UNDE_044,2016,344.67391304347825
UNDE_049,2016,333.0652173913044
UNDE_056,2016,357.7173913043478
UNDE_078,2016,338.5217391304348
UNDE_061,2016,338.5217391304348
UNDE_060,2016,333.0652173913044
UNDE_014,2016,345.89130434782606
UNDE_013,2016,333.0652173913044
UNDE_002,2016,369.1521739130435
UNDE_001,2016,365.8478260869565
UNDE_003,2016,338.1521739130435
UNDE_010,2016,321.32608695652175
UNDE_006,2016,319.10869565217394
UNDE_011,2016,356.39130434782606
UNDE_007,2016,349.7826086956522
UNDE_012,2016,321.5869565217391
UNDE_008,2016,319.10869565217394
UNDE_016,2016,339.4347826086956
UNDE_020,2016,315.95652173913044
UNDE_021,2016,288.54347826086956
UNDE_022,2016,336.0652173913044
UNDE_018,2016,315.3478260869565
UNDE_019,2016,370.5217391304348
UNDE_023,2016,357.3478260869565
UNDE_015,2016,357.3695652173913
UNDE_027,2016,352.30434782608694
WREF_089,2016,497.19565217391306
WREF_082,2016,565.195652173913
WREF_077,2016,590.5434782608696
WREF_083,2016,497.19565217391306
WREF_086,2016,481.5652173913044
WREF_081,2016,481.7173913043478
WREF_076,2016,504.4130434782609
WREF_070,2016,590.5434782608696
WREF_074,2016,565.195652173913
WREF_072,2016,564.0869565217391
WREF_080,2016,570.5434782608696
WREF_073,2016,570.5434782608696
WREF_079,2016,570.5434782608696
WREF_085,2016,564.7608695652174
WREF_084,2016,564.7608695652174
WREF_078,2016,572.1739130434783
WREF_088,2016,565.195652173913
WREF_087,2016,564.7608695652174
WREF_075,2016,590.5434782608696
WREF_071,2016,565.195652173913
WREF_012,2016,576.5652173913044
WREF_016,2016,608.7826086956521
WREF_015,2016,583.4347826086956
WREF_013,2016,596.2826086956521
WREF_001,2016,538.3695652173913
WREF_003,2016,581.3913043478261
WREF_018,2016,590.1739130434783
WREF_020,2016,596.5217391304348
WREF_002,2016,604.4782608695652
WREF_019,2016,513.9782608695652
WREF_010,2016,637.6521739130435
WREF_007,2016,616.0434782608696
WREF_008,2016,577.7826086956521
WREF_006,2016,564.5869565217391
WREF_005,2016,521.7826086956521
WREF_014,2016,540.3260869565217
WREF_009,2016,643.7826086956521
WREF_011,2016,602.4565217391304
WREF_004,2016,608.4130434782609
WREF_017,2016,608.7826086956521
DELA_013,2016,473.5652173913044
DELA_003,2016,670.8260869565217
DELA_005,2016,343.3478260869565
DELA_011,2016,450.7608695652174
DELA_004,2016,485.9130434782609
DELA_018,2016,487.3478260869565
DELA_014,2016,469.8695652173913
DELA_015,2016,485.9130434782609
DELA_012,2016,469.8695652173913
DELA_010,2016,487.3478260869565
DELA_016,2016,495.30434782608694
DELA_001,2016,454.69565217391306
DELA_019,2016,485.2391304347826
DELA_017,2016,495.30434782608694
DELA_009,2016,670.8260869565217
DELA_002,2016,469.8695652173913
DELA_007,2016,487.3478260869565
DELA_020,2016,495.8695652173913
DELA_006,2016,485.2391304347826
DELA_008,2016,473.5217391304348
DELA_046,2016,495.8695652173913
DELA_053,2016,495.8695652173913
DELA_051,2016,484.1304347826087
DELA_043,2016,484.1304347826087
DELA_040,2016,495.8695652173913
DELA_052,2016,484.1304347826087
DELA_041,2016,484.1304347826087
DELA_044,2016,484.1304347826087
DELA_039,2016,475.2173913043478
DELA_054,2016,495.8695652173913
DELA_045,2016,495.8695652173913
DELA_042,2016,730.1086956521739
DELA_055,2016,475.2173913043478
DELA_037,2016,495.8695652173913
DELA_050,2016,495.8695652173913
DELA_056,2016,495.8695652173913
DELA_047,2016,487.3478260869565
DELA_048,2016,487.3478260869565
DELA_049,2016,730.1086956521739
DELA_038,2016,475.2173913043478
DELA_023,2016,473.5217391304348
DELA_022,2016,473.5652173913044
DELA_021,2016,374.19565217391306
DELA_059,2016,730.1086956521739
LENO_061,2016,653.7173913043479
LENO_065,2016,653.7173913043479
LENO_062,2016,653.7173913043479
LENO_068,2016,612.5434782608696
LENO_067,2016,612.5434782608696
LENO_064,2016,653.7173913043479
LENO_063,2016,612.5434782608696
LENO_066,2016,526.8913043478261
LENO_069,2016,526.8913043478261
LENO_070,2016,526.8913043478261
LENO_003,2016,503.82608695652175
LENO_002,2016,522.3913043478261
LENO_014,2016,519.4565217391304
LENO_011,2016,485.6521739130435
LENO_005,2016,491.89130434782606
LENO_015,2016,643.0869565217391
LENO_010,2016,506.0652173913044
LENO_012,2016,628.9130434782609
LENO_009,2016,525.695652173913
LENO_018,2016,643.3260869565217
LENO_006,2016,507.95652173913044
LENO_013,2016,515.3260869565217
LENO_007,2016,519.4782608695652
LENO_008,2016,643.0869565217391
LENO_022,2016,545.7826086956521
LENO_001,2016,476.10869565217394
LENO_016,2016,507.95652173913044
LENO_021,2016,649.1304347826087
LENO_017,2016,740.3695652173913
LENO_004,2016,509.2826086956522
LENO_019,2016,511.7826086956522
UKFS_032,2016,508.30434782608694
UKFS_057,2016,508.30434782608694
UKFS_051,2016,508.30434782608694
UKFS_047,2016,450.0217391304348
UKFS_055,2016,508.30434782608694
UKFS_058,2016,450.0217391304348
UKFS_060,2016,508.30434782608694
UKFS_056,2016,459.5869565217391
UKFS_054,2016,450.6521739130435
UKFS_050,2016,468.4782608695652
UKFS_046,2016,468.4782608695652
UKFS_045,2016,449.9782608695652
UKFS_043,2016,468.54347826086956
UKFS_052,2016,449.9782608695652
UKFS_059,2016,468.54347826086956
UKFS_048,2016,468.54347826086956
UKFS_049,2016,459.5869565217391
UKFS_031,2016,450.0217391304348
UKFS_044,2016,459.5869565217391
UKFS_053,2016,459.5869565217391
UKFS_007,2016,299.4130434782609
UKFS_005,2016,462.2826086956522
UKFS_004,2016,498.1521739130435
UKFS_009,2016,298.4782608695652
UKFS_006,2016,468.4782608695652
UKFS_012,2016,282.39130434782606
UKFS_002,2016,279.67391304347825
UKFS_010,2016,414.45652173913044
UKFS_003,2016,414.45652173913044
UKFS_001,2016,449.9782608695652
UKFS_011,2016,450.6521739130435
UKFS_008,2016,450.6521739130435
UKFS_017,2016,282.39130434782606
UKFS_019,2016,538.4347826086956
UKFS_016,2016,425.1521739130435
UKFS_018,2016,414.45652173913044
UKFS_014,2016,449.9782608695652
UKFS_015,2016,466.1304347826087
UKFS_013,2016,412.4130434782609
UKFS_025,2016,413.89130434782606
YELL_002,2016,178.3913043478261
YELL_016,2016,110.80434782608695
YELL_013,2016,129.17391304347825
YELL_006,2016,135.1304347826087
YELL_020,2016,251.3913043478261
YELL_008,2016,141.04347826086956
YELL_014,2016,169.06521739130434
YELL_001,2016,130.65217391304347
YELL_011,2016,111.6086956521739
YELL_004,2016,117.23913043478261
YELL_003,2016,152.8695652173913
YELL_010,2016,124.97826086956522
YELL_005,2016,106.56521739130434
YELL_007,2016,164.6304347826087
YELL_018,2016,164.2608695652174
YELL_023,2016,179.2391304347826
YELL_012,2016,163.02173913043478
YELL_009,2016,160.3913043478261
YELL_021,2016,282.7608695652174
YELL_022,2016,144.04347826086956
YELL_047,2016,159.7826086956522
YELL_054,2016,159.7826086956522
YELL_058,2016,159.7826086956522
YELL_044,2016,159.7826086956522
YELL_052,2016,159.80434782608697
YELL_055,2016,159.80434782608697
YELL_062,2016,159.7826086956522
YELL_056,2016,151.41304347826087
YELL_048,2016,151.41304347826087
YELL_060,2016,160.97826086956522
YELL_051,2016,159.80434782608697
YELL_053,2016,150.8695652173913
YELL_045,2016,151.41304347826087
YELL_046,2016,159.80434782608697
YELL_061,2016,159.80434782608697
YELL_049,2016,150.8695652173913
YELL_059,2016,159.80434782608697
YELL_043,2016,150.8695652173913
YELL_050,2016,160.97826086956522
YELL_057,2016,160.97826086956522
YELL_015,2016,115.56521739130434
BONA_072,2016,288.0869565217391
BONA_079,2016,288.0869565217391
BONA_070,2016,218.6086956521739
BONA_075,2016,288.0869565217391
BONA_078,2016,288.0869565217391
BONA_076,2016,288.0869565217391
BONA_082,2016,331.1304347826087
BONA_071,2016,288.0869565217391
BONA_087,2016,288.0869565217391
BONA_084,2016,331.10869565217394
BONA_080,2016,218.6086956521739
BONA_086,2016,218.6086956521739
BONA_088,2016,288.0869565217391
BONA_089,2016,331.1304347826087
BONA_085,2016,218.6086956521739
BONA_083,2016,203.93478260869566
BONA_074,2016,203.93478260869566
BONA_081,2016,219.3695652173913
BONA_077,2016,219.3695652173913
BONA_073,2016,219.3695652173913
BONA_014,2016,278.7391304347826
BONA_011,2016,183.32608695652175
BONA_001,2016,269.45652173913044
BONA_018,2016,213.65217391304347
BONA_023,2016,247.32608695652175
BONA_009,2016,222.17391304347825
BONA_002,2016,270.3478260869565
BONA_012,2016,257.5217391304348
BONA_008,2016,289.2391304347826
BONA_093,2016,288.0869565217391
BONA_007,2016,289.6304347826087
BONA_005,2016,264.04347826086956
BONA_021,2016,351.3695652173913
BONA_026,2016,241.7608695652174
BONA_022,2016,241.54347826086956
BONA_010,2016,241.56521739130434
BONA_003,2016,194.8695652173913
BONA_004,2016,223.65217391304347
BONA_006,2016,239.97826086956522
BONA_016,2016,213.02173913043478
BONA_013,2016,219.2391304347826
DEJU_050,2016,162.7608695652174
DEJU_051,2016,168.45652173913044
DEJU_049,2016,176.95652173913044
DEJU_057,2016,191.43478260869566
DEJU_047,2016,176.95652173913044
DEJU_052,2016,176.95652173913044
DEJU_045,2016,176.97826086956522
DEJU_056,2016,176.97826086956522
DEJU_061,2016,176.97826086956522
DEJU_064,2016,162.7608695652174
DEJU_054,2016,148.65217391304347
DEJU_060,2016,189.67391304347825
DEJU_046,2016,189.67391304347825
DEJU_055,2016,189.67391304347825
DEJU_063,2016,168.45652173913044
DEJU_059,2016,162.7826086956522
DEJU_048,2016,159.52173913043478
DEJU_062,2016,159.52173913043478
DEJU_058,2016,168.45652173913044
DEJU_053,2016,162.7826086956522
DEJU_010,2016,137.2608695652174
DEJU_004,2016,91.5
DEJU_003,2016,124.91304347826087
DEJU_023,2016,157.08695652173913
DEJU_008,2016,130.8913043478261
DEJU_019,2016,156.08695652173913
DEJU_005,2016,155.56521739130434
DEJU_001,2016,149.67391304347825
DEJU_007,2016,160.43478260869566
DEJU_015,2016,195.7826086956522
DEJU_017,2016,156.0
DEJU_014,2016,140.43478260869566
DEJU_006,2016,136.7391304347826
DEJU_021,2016,171.04347826086956
DEJU_002,2016,157.93478260869566
DEJU_024,2016,152.7826086956522
DEJU_016,2016,191.45652173913044
DEJU_009,2016,198.8695652173913
DEJU_018,2016,136.7391304347826
DEJU_020,2016,170.93478260869566
HEAL_072,2016,290.2391304347826
HEAL_063,2016,278.7391304347826
HEAL_070,2016,295.60869565217394
HEAL_060,2016,295.6304347826087
HEAL_071,2016,295.6304347826087
HEAL_050,2016,295.6304347826087
HEAL_067,2016,295.60869565217394
HEAL_068,2016,299.7608695652174
HEAL_064,2016,296.9347826086956
HEAL_062,2016,295.6304347826087
HEAL_061,2016,295.60869565217394
HEAL_073,2016,295.60869565217394
HEAL_052,2016,295.60869565217394
HEAL_066,2016,297.5652173913044
HEAL_058,2016,295.60869565217394
HEAL_069,2016,297.5652173913044
HEAL_048,2016,278.7391304347826
HEAL_054,2016,299.7608695652174
HEAL_053,2016,297.54347826086956
HEAL_074,2016,297.5652173913044
HEAL_056,2016,297.5652173913044
HEAL_051,2016,297.5652173913044
HEAL_065,2016,297.54347826086956
HEAL_057,2016,290.2391304347826
HEAL_046,2016,297.5652173913044
HEAL_059,2016,297.5652173913044
HEAL_055,2016,297.54347826086956
HEAL_047,2016,297.54347826086956
HEAL_010,2016,271.69565217391306
HEAL_002,2016,272.4130434782609
HEAL_003,2016,285.6304347826087
HEAL_014,2016,284.8695652173913
HEAL_022,2016,314.7826086956522
HEAL_023,2016,285.54347826086956
HEAL_021,2016,277.6521739130435
HEAL_001,2016,303.67391304347825
HEAL_016,2016,299.7608695652174
HEAL_020,2016,199.91304347826087
HEAL_006,2016,233.43478260869566
HEAL_019,2016,288.69565217391306
HEAL_011,2016,275.7173913043478
HEAL_025,2016,241.58695652173913
HEAL_018,2016,276.67391304347825
HEAL_017,2016,178.30434782608697
HEAL_004,2016,254.15217391304347
HEAL_005,2016,296.0652173913044
HEAL_015,2016,275.45652173913044
HEAL_049,2016,295.60869565217394
HEAL_026,2016,292.10869565217394
HEAL_045,2016,290.2391304347826
HEAL_024,2016,281.10869565217394
ABBY_063,2017,479.95652173913044
ABBY_068,2017,479.95652173913044
ABBY_065,2017,474.4782608695652
ABBY_067,2017,479.95652173913044
ABBY_066,2017,479.95652173913044
ABBY_061,2017,479.95652173913044
ABBY_070,2017,479.95652173913044
ABBY_062,2017,479.8478260869565
ABBY_064,2017,479.95652173913044
ABBY_069,2017,479.8478260869565
ABBY_075,2017,471.9347826086956
ABBY_074,2017,479.8478260869565
ABBY_073,2017,479.8478260869565
ABBY_076,2017,479.95652173913044
ABBY_004,2017,445.9782608695652
ABBY_009,2017,445.9782608695652
ABBY_011,2017,465.3695652173913
ABBY_013,2017,467.1304347826087
ABBY_023,2017,513.0434782608696
ABBY_010,2017,526.8260869565217
ABBY_018,2017,500.3478260869565
ABBY_003,2017,492.7608695652174
ABBY_012,2017,574.8260869565217
ABBY_005,2017,541.3478260869565
ABBY_016,2017,516.195652173913
ABBY_008,2017,494.2608695652174
ABBY_017,2017,437.80434782608694
ABBY_014,2017,468.80434782608694
ABBY_001,2017,520.8695652173913
ABBY_019,2017,482.2391304347826
ABBY_006,2017,543.804347826087
ABBY_002,2017,455.0
ABBY_007,2017,409.0652173913044
ABBY_025,2017,521.5869565217391
ABBY_015,2017,379.6304347826087
ABBY_077,2017,495.30434782608694
BART_012,2017,427.8695652173913
BART_001,2017,429.82608695652175
BART_005,2017,464.2826086956522
BART_044,2017,446.9347826086956
BART_037,2017,446.9347826086956
BART_073,2017,450.3478260869565
BART_074,2017,446.9347826086956
BART_075,2017,440.54347826086956
BART_042,2017,440.54347826086956
BART_072,2017,440.54347826086956
BART_046,2017,446.9347826086956
BART_036,2017,440.54347826086956
BART_051,2017,450.3478260869565
BART_041,2017,448.82608695652175
BART_034,2017,448.82608695652175
BART_039,2017,450.3478260869565
BART_050,2017,440.54347826086956
BART_040,2017,450.1521739130435
BART_071,2017,460.4782608695652
BART_070,2017,448.82608695652175
BART_033,2017,448.82608695652175
BART_047,2017,450.1521739130435
BART_032,2017,460.67391304347825
BART_015,2017,443.80434782608694
BART_016,2017,448.0869565217391
BART_028,2017,430.82608695652175
BART_010,2017,439.6521739130435
BART_013,2017,438.4130434782609
BART_026,2017,421.60869565217394
BART_006,2017,441.9130434782609
BART_023,2017,439.6521739130435
BART_002,2017,424.2608695652174
BART_018,2017,448.4130434782609
BART_003,2017,460.7391304347826
BART_024,2017,439.6521739130435
BART_011,2017,437.89130434782606
BART_025,2017,421.60869565217394
BART_007,2017,437.89130434782606
BART_027,2017,452.0217391304348
BART_004,2017,441.4782608695652
BART_019,2017,460.67391304347825
BLAN_042,2017,395.60869565217394
BLAN_056,2017,395.60869565217394
BLAN_034,2017,424.67391304347825
BLAN_043,2017,395.60869565217394
BLAN_046,2017,443.5869565217391
BLAN_045,2017,395.60869565217394
BLAN_059,2017,443.5869565217391
BLAN_039,2017,395.60869565217394
BLAN_033,2017,395.60869565217394
BLAN_051,2017,395.60869565217394
BLAN_054,2017,395.60869565217394
BLAN_031,2017,424.67391304347825
BLAN_049,2017,424.67391304347825
BLAN_060,2017,395.60869565217394
BLAN_035,2017,443.5869565217391
BLAN_038,2017,395.60869565217394
BLAN_040,2017,395.60869565217394
BLAN_037,2017,424.67391304347825
BLAN_044,2017,424.67391304347825
BLAN_050,2017,468.4347826086956
BLAN_052,2017,424.67391304347825
BLAN_048,2017,468.4347826086956
BLAN_055,2017,424.67391304347825
BLAN_057,2017,443.5869565217391
BLAN_032,2017,443.5869565217391
BLAN_036,2017,468.4347826086956
BLAN_047,2017,468.4347826086956
BLAN_063,2017,468.4347826086956
BLAN_005,2017,462.8695652173913
BLAN_017,2017,462.8695652173913
BLAN_011,2017,544.1086956521739
BLAN_068,2017,466.2826086956522
BLAN_016,2017,466.2826086956522
BLAN_001,2017,463.4130434782609
BLAN_008,2017,476.0869565217391
BLAN_003,2017,456.0869565217391
BLAN_018,2017,681.0
BLAN_004,2017,466.2826086956522
BLAN_014,2017,483.5652173913044
BLAN_020,2017,682.2391304347826
BLAN_006,2017,681.0
BLAN_007,2017,476.0869565217391
BLAN_010,2017,466.2826086956522
BLAN_012,2017,681.0
BLAN_013,2017,461.0217391304348
BLAN_015,2017,692.9565217391304
BLAN_009,2017,463.4130434782609
BLAN_053,2017,443.5869565217391
BLAN_041,2017,468.4347826086956
BLAN_064,2017,424.67391304347825
BLAN_019,2017,466.2826086956522
GRSM_057,2017,457.2826086956522
GRSM_048,2017,457.2826086956522
GRSM_059,2017,447.1521739130435
GRSM_054,2017,322.17391304347825
GRSM_049,2017,390.7608695652174
GRSM_066,2017,457.2826086956522
GRSM_065,2017,441.0217391304348
GRSM_047,2017,447.1521739130435
GRSM_063,2017,368.3695652173913
GRSM_053,2017,368.3695652173913
GRSM_062,2017,322.17391304347825
GRSM_060,2017,447.1521739130435
GRSM_050,2017,342.6521739130435
GRSM_051,2017,447.1521739130435
GRSM_064,2017,447.1521739130435
GRSM_002,2017,567.7173913043479
GRSM_025,2017,542.5652173913044
GRSM_016,2017,402.39130434782606
GRSM_017,2017,537.3478260869565
GRSM_004,2017,581.9782608695652
GRSM_001,2017,562.1521739130435
GRSM_012,2017,465.3478260869565
GRSM_008,2017,511.0652173913044
GRSM_003,2017,484.0217391304348
GRSM_019,2017,548.7608695652174
GRSM_006,2017,548.7608695652174
GRSM_013,2017,550.7391304347826
GRSM_015,2017,550.0
GRSM_014,2017,544.3478260869565
GRSM_010,2017,563.9782608695652
GRSM_005,2017,563.8695652173913
GRSM_011,2017,567.5652173913044
GRSM_007,2017,353.9347826086956
GRSM_009,2017,454.2608695652174
GRSM_055,2017,368.3695652173913
GRSM_018,2017,605.9347826086956
GRSM_061,2017,447.1521739130435
GRSM_056,2017,447.1521739130435
GRSM_058,2017,441.0217391304348
GRSM_052,2017,322.17391304347825
HARV_013,2017,429.04347826086956
HARV_022,2017,447.45652173913044
HARV_008,2017,409.82608695652175
HARV_004,2017,442.2173913043478
HARV_024,2017,423.95652173913044
HARV_010,2017,0.0
HARV_006,2017,367.0
HARV_001,2017,413.7391304347826
HARV_005,2017,335.67391304347825
HARV_027,2017,430.67391304347825
HARV_043,2017,475.95652173913044
HARV_035,2017,475.95652173913044
HARV_037,2017,494.0652173913044
HARV_020,2017,414.19565217391306
HARV_023,2017,431.7608695652174
HARV_014,2017,406.9782608695652
HARV_011,2017,433.39130434782606
HARV_025,2017,417.45652173913044
HARV_002,2017,416.8695652173913
HARV_012,2017,430.67391304347825
HARV_026,2017,398.04347826086956
HARV_016,2017,437.17391304347825
HARV_039,2017,468.6304347826087
HARV_021,2017,448.67391304347825
HARV_045,2017,477.80434782608694
HARV_041,2017,494.0
HARV_038,2017,494.0652173913044
HARV_050,2017,494.0652173913044
HARV_048,2017,475.95652173913044
HARV_036,2017,477.80434782608694
HARV_052,2017,475.95652173913044
HARV_049,2017,468.5652173913044
HARV_047,2017,494.0652173913044
HARV_044,2017,494.0652173913044
HARV_040,2017,475.95652173913044
HARV_046,2017,494.0
HARV_033,2017,494.0652173913044
HARV_051,2017,468.6304347826087
HARV_034,2017,494.0652173913044
HARV_042,2017,468.6304347826087
HARV_015,2017,494.0
HARV_017,2017,411.0869565217391
JERC_002,2017,605.5
JERC_015,2017,616.0434782608696
JERC_007,2017,667.6739130434783
JERC_001,2017,627.6521739130435
JERC_010,2017,603.5652173913044
JERC_009,2017,594.5
JERC_029,2017,574.0434782608696
JERC_021,2017,691.6304347826087
JERC_011,2017,574.0434782608696
JERC_040,2017,576.8260869565217
JERC_035,2017,588.8695652173913
JERC_033,2017,616.1521739130435
JERC_019,2017,654.7826086956521
JERC_030,2017,512.8913043478261
JERC_034,2017,616.2608695652174
JERC_036,2017,609.1521739130435
JERC_028,2017,308.8478260869565
JERC_044,2017,637.195652173913
JERC_016,2017,609.1521739130435
JERC_038,2017,626.3913043478261
JERC_006,2017,477.39130434782606
JERC_041,2017,735.4565217391304
JERC_031,2017,589.5869565217391
JERC_042,2017,603.5652173913044
JERC_008,2017,609.8695652173913
JERC_005,2017,609.8695652173913
JERC_003,2017,627.6521739130435
JERC_022,2017,577.304347826087
JERC_013,2017,631.0
JERC_066,2017,605.5
JERC_065,2017,589.5869565217391
JERC_054,2017,629.9565217391304
JERC_051,2017,589.5869565217391
JERC_062,2017,605.5217391304348
JERC_047,2017,605.5217391304348
JERC_057,2017,589.6304347826087
JERC_060,2017,589.5869565217391
JERC_064,2017,589.5869565217391
JERC_050,2017,605.5217391304348
JERC_053,2017,605.5
JERC_049,2017,605.5217391304348
JERC_061,2017,605.5217391304348
JERC_058,2017,605.5
JERC_048,2017,605.5
JERC_063,2017,605.5
JERC_052,2017,605.5217391304348
JERC_059,2017,605.5
JERC_056,2017,605.5217391304348
JERC_055,2017,605.5217391304348
JERC_004,2017,623.7826086956521
JERC_014,2017,545.3695652173913
JERC_012,2017,556.5434782608696
MLBS_076,2017,477.0869565217391
MLBS_061,2017,475.4347826086956
MLBS_064,2017,475.4347826086956
MLBS_075,2017,474.4782608695652
MLBS_065,2017,474.4782608695652
MLBS_062,2017,474.4782608695652
MLBS_069,2017,477.0869565217391
MLBS_063,2017,477.0869565217391
MLBS_073,2017,477.0869565217391
MLBS_074,2017,477.0869565217391
MLBS_066,2017,477.0869565217391
MLBS_067,2017,477.0869565217391
MLBS_071,2017,477.0869565217391
MLBS_072,2017,477.0869565217391
MLBS_070,2017,477.0869565217391
MLBS_068,2017,477.0869565217391
MLBS_009,2017,475.4347826086956
MLBS_010,2017,469.2608695652174
MLBS_005,2017,456.10869565217394
MLBS_003,2017,469.2608695652174
MLBS_019,2017,491.19565217391306
MLBS_016,2017,510.1521739130435
MLBS_015,2017,515.5869565217391
MLBS_014,2017,515.6304347826087
MLBS_001,2017,455.7608695652174
MLBS_017,2017,455.7608695652174
MLBS_011,2017,470.2391304347826
MLBS_012,2017,470.2391304347826
MLBS_002,2017,474.4782608695652
MLBS_004,2017,503.7173913043478
MLBS_018,2017,496.2826086956522
MLBS_008,2017,495.6521739130435
MLBS_007,2017,501.5869565217391
MLBS_006,2017,491.9130434782609
MLBS_020,2017,497.4782608695652
MLBS_013,2017,519.7826086956521
ORNL_002,2017,591.3260869565217
ORNL_003,2017,542.8913043478261
ORNL_009,2017,543.195652173913
ORNL_021,2017,491.10869565217394
ORNL_031,2017,441.9347826086956
ORNL_033,2017,519.4565217391304
ORNL_066,2017,679.5434782608696
ORNL_044,2017,679.5434782608696
ORNL_012,2017,0.0
ORNL_004,2017,539.2826086956521
ORNL_001,2017,426.54347826086956
ORNL_027,2017,520.6521739130435
ORNL_014,2017,543.0217391304348
ORNL_029,2017,539.8913043478261
ORNL_007,2017,567.1304347826087
ORNL_006,2017,523.6739130434783
ORNL_008,2017,548.5652173913044
ORNL_035,2017,584.6739130434783
ORNL_010,2017,552.3913043478261
ORNL_032,2017,525.4347826086956
ORNL_055,2017,561.0217391304348
ORNL_062,2017,561.0217391304348
ORNL_063,2017,565.0869565217391
ORNL_049,2017,565.0869565217391
ORNL_052,2017,561.0217391304348
ORNL_059,2017,546.6086956521739
ORNL_036,2017,548.0
ORNL_053,2017,546.6086956521739
ORNL_046,2017,546.6086956521739
ORNL_043,2017,558.0869565217391
ORNL_058,2017,558.0869565217391
ORNL_060,2017,558.0869565217391
ORNL_056,2017,561.0217391304348
ORNL_037,2017,561.0217391304348
ORNL_057,2017,548.0
ORNL_051,2017,561.0217391304348
ORNL_061,2017,546.6086956521739
ORNL_054,2017,548.0
ORNL_045,2017,548.0
ORNL_050,2017,548.0
ORNL_017,2017,549.6739130434783
ORNL_068,2017,498.04347826086956
ORNL_019,2017,534.3913043478261
ORNL_018,2017,375.9782608695652
ORNL_067,2017,553.5
ORNL_015,2017,542.9347826086956
OSBS_002,2017,575.5869565217391
OSBS_006,2017,534.4782608695652
OSBS_048,2017,528.304347826087
OSBS_001,2017,635.6086956521739
OSBS_018,2017,447.0869565217391
OSBS_011,2017,563.1086956521739
OSBS_014,2017,550.1739130434783
OSBS_004,2017,535.9347826086956
OSBS_020,2017,447.9347826086956
OSBS_023,2017,563.1086956521739
OSBS_049,2017,538.9130434782609
OSBS_003,2017,539.4130434782609
OSBS_012,2017,447.4782608695652
OSBS_013,2017,535.9347826086956
OSBS_024,2017,563.1086956521739
OSBS_016,2017,588.4782608695652
OSBS_008,2017,543.9347826086956
OSBS_010,2017,627.695652173913
OSBS_051,2017,481.89130434782606
OSBS_050,2017,535.2173913043479
OSBS_007,2017,552.195652173913
OSBS_005,2017,604.8913043478261
OSBS_017,2017,627.195652173913
OSBS_043,2017,535.2608695652174
OSBS_022,2017,550.1739130434783
OSBS_039,2017,511.54347826086956
OSBS_036,2017,511.54347826086956
OSBS_029,2017,511.54347826086956
OSBS_040,2017,519.5869565217391
OSBS_015,2017,705.0652173913044
OSBS_025,2017,531.1521739130435
OSBS_030,2017,531.1521739130435
OSBS_038,2017,531.1521739130435
OSBS_042,2017,531.1521739130435
OSBS_035,2017,533.4347826086956
OSBS_037,2017,533.4347826086956
OSBS_028,2017,533.4347826086956
OSBS_021,2017,605.8260869565217
OSBS_041,2017,533.4347826086956
OSBS_009,2017,645.5
OSBS_031,2017,519.5869565217391
OSBS_033,2017,511.54347826086956
OSBS_032,2017,511.54347826086956
OSBS_044,2017,511.54347826086956
OSBS_027,2017,511.54347826086956
OSBS_034,2017,519.5652173913044
OSBS_026,2017,511.54347826086956
OSBS_063,2017,557.5
OSBS_067,2017,514.2608695652174
OSBS_066,2017,705.0652173913044
OSBS_068,2017,522.7826086956521
OSBS_070,2017,519.5869565217391
OSBS_073,2017,565.6304347826087
RMNP_043,2017,176.08695652173913
RMNP_042,2017,176.08695652173913
RMNP_041,2017,331.32608695652175
RMNP_048,2017,176.08695652173913
RMNP_049,2017,176.08695652173913
RMNP_046,2017,176.08695652173913
RMNP_047,2017,176.08695652173913
RMNP_045,2017,176.08695652173913
RMNP_044,2017,176.08695652173913
RMNP_013,2017,272.30434782608694
RMNP_003,2017,307.3478260869565
RMNP_009,2017,307.3478260869565
RMNP_011,2017,181.93478260869566
RMNP_019,2017,303.4347826086956
RMNP_015,2017,348.1521739130435
RMNP_002,2017,347.60869565217394
RMNP_020,2017,348.1521739130435
RMNP_016,2017,330.3478260869565
RMNP_017,2017,303.0
RMNP_005,2017,338.5217391304348
RMNP_001,2017,381.19565217391306
RMNP_014,2017,399.95652173913044
RMNP_008,2017,357.7173913043478
RMNP_012,2017,389.7391304347826
RMNP_018,2017,387.7826086956522
RMNP_006,2017,371.2608695652174
RMNP_004,2017,335.5652173913044
RMNP_010,2017,354.7173913043478
RMNP_007,2017,354.7173913043478
SCBI_008,2017,727.0
SCBI_004,2017,479.7826086956522
SCBI_015,2017,495.0652173913044
SCBI_017,2017,502.3478260869565
SCBI_013,2017,498.39130434782606
SCBI_007,2017,495.5217391304348
SCBI_018,2017,485.9782608695652
SCBI_003,2017,510.2826086956522
SCBI_011,2017,499.4347826086956
SCBI_016,2017,480.30434782608694
SCBI_002,2017,503.2608695652174
SCBI_010,2017,493.5652173913044
SCBI_014,2017,502.5217391304348
SCBI_005,2017,483.0652173913044
SCBI_056,2017,486.9782608695652
SCBI_045,2017,495.7173913043478
SCBI_053,2017,486.9782608695652
SCBI_061,2017,486.9782608695652
SCBI_050,2017,486.9782608695652
SCBI_057,2017,486.9782608695652
SCBI_062,2017,503.2826086956522
SCBI_047,2017,503.2826086956522
SCBI_067,2017,503.2826086956522
SCBI_066,2017,503.2826086956522
SCBI_064,2017,495.7173913043478
SCBI_052,2017,495.7173913043478
SCBI_054,2017,495.7173913043478
SCBI_046,2017,503.2608695652174
SCBI_049,2017,503.2826086956522
SCBI_063,2017,503.2826086956522
SCBI_055,2017,486.9782608695652
SCBI_048,2017,503.2826086956522
SCBI_051,2017,486.9782608695652
SCBI_058,2017,495.7173913043478
SCBI_034,2017,364.4347826086956
SCBI_038,2017,459.0
SCBI_033,2017,364.4347826086956
SCBI_006,2017,493.5652173913044
SCBI_035,2017,459.0
SCBI_012,2017,536.9347826086956
SCBI_071,2017,493.5652173913044
SCBI_019,2017,517.0652173913044
SCBI_021,2017,493.5652173913044
SCBI_023,2017,495.0652173913044
SCBI_022,2017,500.4130434782609
SERC_062,2017,488.95652173913044
SERC_045,2017,488.95652173913044
SERC_051,2017,488.95652173913044
SERC_050,2017,509.4782608695652
SERC_052,2017,523.3260869565217
SERC_058,2017,521.6521739130435
SERC_043,2017,522.0652173913044
SERC_055,2017,515.8695652173913
SERC_048,2017,521.6521739130435
SERC_060,2017,521.6521739130435
SERC_061,2017,523.5652173913044
SERC_054,2017,523.5652173913044
SERC_059,2017,755.5
SERC_046,2017,735.5
SERC_053,2017,523.5652173913044
SERC_044,2017,735.5
SERC_047,2017,511.82608695652175
SERC_049,2017,511.82608695652175
SERC_057,2017,511.82608695652175
SERC_056,2017,511.82608695652175
SERC_007,2017,678.9565217391304
SERC_018,2017,604.2826086956521
SERC_009,2017,523.7173913043479
SERC_008,2017,604.3913043478261
SERC_011,2017,747.4347826086956
SERC_003,2017,527.695652173913
SERC_006,2017,417.45652173913044
SERC_001,2017,477.9782608695652
SERC_017,2017,660.9130434782609
SERC_019,2017,507.45652173913044
SERC_010,2017,659.5652173913044
SERC_014,2017,425.60869565217394
SERC_012,2017,516.2173913043479
SERC_016,2017,527.6086956521739
SERC_022,2017,486.04347826086956
SERC_004,2017,507.45652173913044
SERC_021,2017,522.0652173913044
SERC_013,2017,487.60869565217394
SERC_005,2017,749.7608695652174
SERC_002,2017,528.304347826087
SERC_067,2017,531.195652173913
SERC_073,2017,509.4782608695652
SOAP_059,2017,384.54347826086956
SOAP_057,2017,384.54347826086956
SOAP_051,2017,384.54347826086956
SOAP_048,2017,384.54347826086956
SOAP_058,2017,380.7826086956522
SOAP_043,2017,380.3478260869565
SOAP_050,2017,380.3478260869565
SOAP_044,2017,407.5869565217391
SOAP_052,2017,407.0869565217391
SOAP_046,2017,407.5869565217391
SOAP_060,2017,407.0869565217391
SOAP_055,2017,380.3478260869565
SOAP_054,2017,337.4130434782609
SOAP_047,2017,337.4130434782609
SOAP_031,2017,332.67391304347825
SOAP_049,2017,332.67391304347825
SOAP_056,2017,332.67391304347825
SOAP_053,2017,337.4130434782609
SOAP_045,2017,331.4130434782609
SOAP_061,2017,384.54347826086956
SOAP_002,2017,296.0869565217391
SOAP_010,2017,384.54347826086956
SOAP_006,2017,328.8695652173913
SOAP_013,2017,296.0869565217391
SOAP_012,2017,344.2391304347826
SOAP_004,2017,384.54347826086956
SOAP_003,2017,340.8695652173913
SOAP_016,2017,332.1521739130435
SOAP_007,2017,338.8695652173913
SOAP_020,2017,337.4130434782609
SOAP_009,2017,383.4347826086956
SOAP_008,2017,344.2391304347826
SOAP_021,2017,364.2826086956522
SOAP_018,2017,378.2391304347826
SOAP_019,2017,378.2391304347826
SOAP_017,2017,384.80434782608694
SOAP_015,2017,406.4782608695652
SOAP_001,2017,422.8478260869565
SOAP_011,2017,380.7826086956522
SOAP_022,2017,406.4782608695652
SOAP_024,2017,328.8695652173913
STEI_058,2017,540.7608695652174
STEI_051,2017,540.7608695652174
STEI_056,2017,410.19565217391306
STEI_046,2017,410.19565217391306
STEI_061,2017,410.19565217391306
STEI_062,2017,410.19565217391306
STEI_052,2017,410.19565217391306
STEI_055,2017,540.7608695652174
STEI_047,2017,410.19565217391306
STEI_053,2017,410.19565217391306
STEI_048,2017,420.10869565217394
STEI_060,2017,410.19565217391306
STEI_054,2017,420.10869565217394
STEI_049,2017,410.19565217391306
STEI_057,2017,410.19565217391306
STEI_050,2017,420.10869565217394
STEI_059,2017,420.10869565217394
STEI_005,2017,401.7608695652174
STEI_009,2017,398.17391304347825
STEI_012,2017,417.7391304347826
STEI_017,2017,400.5869565217391
STEI_019,2017,413.5652173913044
STEI_003,2017,410.7391304347826
STEI_007,2017,404.2173913043478
STEI_002,2017,406.19565217391306
STEI_011,2017,395.19565217391306
STEI_010,2017,392.95652173913044
STEI_008,2017,398.19565217391306
STEI_015,2017,402.5217391304348
STEI_016,2017,397.69565217391306
STEI_004,2017,398.7173913043478
STEI_013,2017,413.6521739130435
STEI_001,2017,402.6304347826087
STEI_021,2017,406.1521739130435
STEI_006,2017,385.2826086956522
STEI_014,2017,401.95652173913044
STEI_022,2017,424.69565217391306
STEI_023,2017,437.0
TALL_003,2017,995.7173913043479
TALL_005,2017,811.5434782608696
TALL_009,2017,536.9565217391304
TALL_012,2017,1023.9782608695652
TALL_004,2017,526.0217391304348
TALL_010,2017,710.9565217391304
TALL_007,2017,746.7826086956521
TALL_002,2017,705.7391304347826
TALL_022,2017,715.5869565217391
TALL_015,2017,709.4130434782609
TALL_016,2017,747.0869565217391
TALL_011,2017,729.5869565217391
TALL_018,2017,738.3695652173913
TALL_006,2017,601.3478260869565
TALL_013,2017,610.4782608695652
TALL_001,2017,585.6739130434783
TALL_017,2017,690.9130434782609
TALL_020,2017,526.1521739130435
TALL_008,2017,694.5217391304348
TALL_043,2017,603.6304347826087
TALL_049,2017,603.6304347826087
TALL_046,2017,603.6304347826087
TALL_061,2017,604.804347826087
TALL_052,2017,604.8478260869565
TALL_050,2017,734.4130434782609
TALL_051,2017,604.804347826087
TALL_057,2017,604.804347826087
TALL_060,2017,734.4130434782609
TALL_055,2017,604.804347826087
TALL_058,2017,604.8478260869565
TALL_045,2017,734.4130434782609
TALL_059,2017,604.8478260869565
TALL_054,2017,604.804347826087
TALL_056,2017,604.8478260869565
TALL_044,2017,734.4130434782609
TALL_047,2017,734.4130434782609
TALL_048,2017,603.6304347826087
TALL_042,2017,603.6304347826087
TALL_053,2017,604.8478260869565
TALL_064,2017,690.4130434782609
TALL_025,2017,811.6304347826087
TEAK_045,2017,307.0
TEAK_054,2017,307.0
TEAK_048,2017,307.0
TEAK_061,2017,307.0
TEAK_059,2017,307.0
TEAK_049,2017,307.0217391304348
TEAK_060,2017,307.0217391304348
TEAK_055,2017,307.0217391304348
TEAK_062,2017,312.7608695652174
TEAK_056,2017,346.82608695652175
TEAK_044,2017,346.82608695652175
TEAK_057,2017,307.0869565217391
TEAK_053,2017,346.82608695652175
TEAK_047,2017,346.82608695652175
TEAK_051,2017,307.0869565217391
TEAK_046,2017,320.8695652173913
TEAK_058,2017,307.0217391304348
TEAK_043,2017,312.7608695652174
TEAK_052,2017,320.80434782608694
TEAK_050,2017,338.5869565217391
TEAK_001,2017,310.39130434782606
TEAK_002,2017,301.2826086956522
TEAK_003,2017,350.67391304347825
TEAK_004,2017,301.30434782608694
TEAK_006,2017,275.04347826086956
TEAK_025,2017,269.0869565217391
TEAK_005,2017,150.67391304347825
TEAK_011,2017,297.4782608695652
TEAK_007,2017,350.95652173913044
TEAK_014,2017,339.89130434782606
TEAK_010,2017,342.32608695652175
TEAK_012,2017,350.67391304347825
TEAK_017,2017,303.89130434782606
TEAK_013,2017,307.1521739130435
TEAK_019,2017,379.82608695652175
TEAK_020,2017,309.7608695652174
TEAK_016,2017,260.9782608695652
TEAK_015,2017,309.32608695652175
TEAK_024,2017,229.7826086956522
TEAK_018,2017,301.67391304347825
TREE_042,2017,411.32608695652175
TREE_053,2017,410.5
TREE_049,2017,410.5
TREE_046,2017,410.5
TREE_055,2017,410.4347826086956
TREE_056,2017,410.5
TREE_050,2017,534.6304347826087
TREE_054,2017,534.6304347826087
TREE_052,2017,410.5
TREE_051,2017,410.4347826086956
TREE_057,2017,411.8695652173913
TREE_025,2017,411.8695652173913
TREE_043,2017,411.9130434782609
TREE_044,2017,411.9130434782609
TREE_048,2017,502.4347826086956
TREE_047,2017,412.5869565217391
TREE_041,2017,406.2391304347826
TREE_040,2017,412.5869565217391
TREE_039,2017,411.8695652173913
TREE_045,2017,411.8695652173913
TREE_017,2017,411.9130434782609
TREE_019,2017,412.0
TREE_010,2017,403.32608695652175
TREE_016,2017,406.2826086956522
TREE_001,2017,390.1521739130435
TREE_014,2017,390.1521739130435
TREE_009,2017,409.82608695652175
TREE_060,2017,532.8478260869565
TREE_012,2017,412.0
TREE_005,2017,412.10869565217394
TREE_011,2017,402.5652173913044
TREE_018,2017,403.32608695652175
TREE_003,2017,406.60869565217394
TREE_007,2017,402.5652173913044
TREE_008,2017,416.4130434782609
TREE_006,2017,402.80434782608694
TREE_004,2017,416.4130434782609
TREE_002,2017,403.32608695652175
TREE_015,2017,415.4130434782609
TREE_023,2017,415.45652173913044
TREE_062,2017,409.82608695652175
TREE_064,2017,406.32608695652175
TREE_022,2017,402.80434782608694
TREE_063,2017,400.95652173913044
UNDE_048,2017,380.0217391304348
UNDE_038,2017,381.10869565217394
UNDE_037,2017,355.8695652173913
UNDE_045,2017,380.0217391304348
UNDE_058,2017,385.3478260869565
UNDE_052,2017,380.0217391304348
UNDE_047,2017,379.6521739130435
UNDE_054,2017,385.3478260869565
UNDE_057,2017,380.0217391304348
UNDE_050,2017,385.3478260869565
UNDE_055,2017,385.3478260869565
UNDE_059,2017,367.80434782608694
UNDE_065,2017,367.39130434782606
UNDE_043,2017,380.0217391304348
UNDE_044,2017,367.80434782608694
UNDE_049,2017,385.3478260869565
UNDE_056,2017,380.0217391304348
UNDE_078,2017,381.10869565217394
UNDE_061,2017,381.10869565217394
UNDE_060,2017,385.3478260869565
UNDE_014,2017,361.54347826086956
UNDE_013,2017,385.3478260869565
UNDE_002,2017,345.1304347826087
UNDE_001,2017,382.8478260869565
UNDE_003,2017,367.80434782608694
UNDE_010,2017,375.7608695652174
UNDE_006,2017,345.67391304347825
UNDE_011,2017,393.0869565217391
UNDE_007,2017,381.2608695652174
UNDE_012,2017,348.30434782608694
UNDE_008,2017,345.67391304347825
UNDE_016,2017,364.32608695652175
UNDE_020,2017,334.95652173913044
UNDE_021,2017,314.4782608695652
UNDE_022,2017,382.0217391304348
UNDE_018,2017,362.5217391304348
UNDE_019,2017,374.4130434782609
UNDE_023,2017,367.1304347826087
UNDE_015,2017,367.10869565217394
UNDE_027,2017,367.9782608695652
WREF_089,2017,483.0
WREF_082,2017,546.4130434782609
WREF_077,2017,543.4347826086956
WREF_083,2017,483.0
WREF_086,2017,495.30434782608694
WREF_081,2017,495.45652173913044
WREF_076,2017,485.2173913043478
WREF_070,2017,543.4347826086956
WREF_074,2017,546.4130434782609
WREF_072,2017,541.3260869565217
WREF_080,2017,537.1521739130435
WREF_073,2017,537.1521739130435
WREF_079,2017,537.1521739130435
WREF_085,2017,546.4130434782609
WREF_084,2017,546.4130434782609
WREF_078,2017,546.195652173913
WREF_088,2017,546.4130434782609
WREF_087,2017,546.4130434782609
WREF_075,2017,543.4347826086956
WREF_071,2017,546.4130434782609
WREF_012,2017,550.4565217391304
WREF_016,2017,559.3913043478261
WREF_015,2017,570.6086956521739
WREF_013,2017,565.1304347826087
WREF_001,2017,501.3478260869565
WREF_003,2017,551.4130434782609
WREF_018,2017,553.0869565217391
WREF_020,2017,595.2826086956521
WREF_002,2017,564.0434782608696
WREF_019,2017,492.9782608695652
WREF_010,2017,581.3260869565217
WREF_007,2017,581.4565217391304
WREF_008,2017,533.3695652173913
WREF_006,2017,553.1304347826087
WREF_005,2017,483.7173913043478
WREF_014,2017,503.17391304347825
WREF_009,2017,600.3913043478261
WREF_011,2017,554.7826086956521
WREF_004,2017,564.2391304347826
WREF_017,2017,564.3695652173913
DELA_013,2017,510.5
DELA_003,2017,684.9130434782609
DELA_005,2017,369.6521739130435
DELA_011,2017,397.7608695652174
DELA_004,2017,489.9130434782609
DELA_018,2017,507.69565217391306
DELA_014,2017,453.95652173913044
DELA_015,2017,489.9130434782609
DELA_012,2017,453.95652173913044
DELA_010,2017,507.69565217391306
DELA_016,2017,507.0869565217391
DELA_001,2017,499.5869565217391
DELA_019,2017,511.2391304347826
DELA_017,2017,507.0869565217391
DELA_009,2017,684.9130434782609
DELA_002,2017,453.95652173913044
DELA_007,2017,507.69565217391306
DELA_020,2017,506.67391304347825
DELA_006,2017,511.2391304347826
DELA_008,2017,510.5
DELA_046,2017,506.67391304347825
DELA_053,2017,506.67391304347825
DELA_051,2017,492.5217391304348
DELA_043,2017,492.5217391304348
DELA_040,2017,506.67391304347825
DELA_052,2017,492.5217391304348
DELA_041,2017,492.5217391304348
DELA_044,2017,492.5217391304348
DELA_039,2017,491.6521739130435
DELA_054,2017,506.67391304347825
DELA_045,2017,506.67391304347825
DELA_042,2017,740.6304347826087
DELA_055,2017,491.6521739130435
DELA_037,2017,506.67391304347825
DELA_050,2017,506.67391304347825
DELA_056,2017,506.67391304347825
DELA_047,2017,507.69565217391306
DELA_048,2017,507.69565217391306
DELA_049,2017,740.6304347826087
DELA_038,2017,491.6521739130435
DELA_023,2017,510.5
DELA_022,2017,510.5
DELA_021,2017,407.7391304347826
DELA_059,2017,740.6304347826087
LENO_061,2017,694.1521739130435
LENO_065,2017,694.1521739130435
LENO_062,2017,694.1521739130435
LENO_068,2017,631.0652173913044
LENO_067,2017,631.0652173913044
LENO_064,2017,694.1521739130435
LENO_063,2017,631.0652173913044
LENO_066,2017,478.45652173913044
LENO_069,2017,478.45652173913044
LENO_070,2017,478.45652173913044
LENO_003,2017,537.7826086956521
LENO_002,2017,542.8695652173913
LENO_014,2017,560.0
LENO_011,2017,517.2391304347826
LENO_005,2017,527.4782608695652
LENO_015,2017,679.0217391304348
LENO_010,2017,536.6739130434783
LENO_012,2017,665.9347826086956
LENO_009,2017,510.9782608695652
LENO_018,2017,676.6521739130435
LENO_006,2017,543.4782608695652
LENO_013,2017,546.195652173913
LENO_007,2017,560.0
LENO_008,2017,679.0217391304348
LENO_022,2017,559.0
LENO_001,2017,498.04347826086956
LENO_016,2017,543.4782608695652
LENO_021,2017,676.2173913043479
LENO_017,2017,760.804347826087
LENO_004,2017,514.4782608695652
LENO_019,2017,562.5434782608696
UKFS_032,2017,543.695652173913
UKFS_057,2017,543.695652173913
UKFS_051,2017,543.695652173913
UKFS_047,2017,492.3695652173913
UKFS_055,2017,543.695652173913
UKFS_058,2017,492.3695652173913
UKFS_060,2017,543.695652173913
UKFS_056,2017,499.6521739130435
UKFS_054,2017,467.4130434782609
UKFS_050,2017,479.9347826086956
UKFS_046,2017,479.9347826086956
UKFS_045,2017,492.3695652173913
UKFS_043,2017,479.95652173913044
UKFS_052,2017,492.3695652173913
UKFS_059,2017,479.95652173913044
UKFS_048,2017,479.95652173913044
UKFS_049,2017,499.6521739130435
UKFS_031,2017,492.3695652173913
UKFS_044,2017,499.6521739130435
UKFS_053,2017,499.6521739130435
UKFS_007,2017,311.69565217391306
UKFS_005,2017,482.04347826086956
UKFS_004,2017,534.6739130434783
UKFS_009,2017,303.7173913043478
UKFS_006,2017,479.9347826086956
UKFS_012,2017,277.7826086956522
UKFS_002,2017,305.4782608695652
UKFS_010,2017,448.19565217391306
UKFS_003,2017,448.19565217391306
UKFS_001,2017,492.3695652173913
UKFS_011,2017,467.4130434782609
UKFS_008,2017,467.4130434782609
UKFS_017,2017,277.7826086956522
UKFS_019,2017,476.3695652173913
UKFS_016,2017,483.04347826086956
UKFS_018,2017,448.19565217391306
UKFS_014,2017,492.3695652173913
UKFS_015,2017,483.3478260869565
UKFS_013,2017,392.30434782608694
UKFS_025,2017,467.32608695652175
YELL_002,2017,192.02173913043478
YELL_016,2017,134.30434782608697
YELL_013,2017,153.02173913043478
YELL_006,2017,165.3913043478261
YELL_020,2017,283.10869565217394
YELL_008,2017,171.2608695652174
YELL_014,2017,201.80434782608697
YELL_001,2017,164.45652173913044
YELL_011,2017,130.19565217391303
YELL_004,2017,128.6086956521739
YELL_003,2017,158.0
YELL_010,2017,157.04347826086956
YELL_005,2017,129.65217391304347
YELL_007,2017,185.2608695652174
YELL_018,2017,185.15217391304347
YELL_023,2017,196.69565217391303
YELL_012,2017,173.54347826086956
YELL_009,2017,178.2608695652174
YELL_021,2017,311.2608695652174
YELL_022,2017,154.93478260869566
YELL_047,2017,173.43478260869566
YELL_054,2017,173.43478260869566
YELL_058,2017,173.43478260869566
YELL_044,2017,173.43478260869566
YELL_052,2017,173.47826086956522
YELL_055,2017,173.47826086956522
YELL_062,2017,173.43478260869566
YELL_056,2017,173.34782608695653
YELL_048,2017,173.34782608695653
YELL_060,2017,189.58695652173913
YELL_051,2017,173.47826086956522
YELL_053,2017,182.30434782608697
YELL_045,2017,173.34782608695653
YELL_046,2017,173.47826086956522
YELL_061,2017,173.47826086956522
YELL_049,2017,182.30434782608697
YELL_059,2017,173.47826086956522
YELL_043,2017,182.30434782608697
YELL_050,2017,189.58695652173913
YELL_057,2017,189.58695652173913
YELL_015,2017,144.80434782608697
BONA_072,2017,260.54347826086956
BONA_079,2017,260.4782608695652
BONA_070,2017,202.2391304347826
BONA_075,2017,260.4782608695652
BONA_078,2017,260.4782608695652
BONA_076,2017,260.54347826086956
BONA_082,2017,338.5
BONA_071,2017,260.4782608695652
BONA_087,2017,260.54347826086956
BONA_084,2017,338.4782608695652
BONA_080,2017,202.2391304347826
BONA_086,2017,202.2391304347826
BONA_088,2017,260.4782608695652
BONA_089,2017,338.5
BONA_085,2017,202.2391304347826
BONA_083,2017,190.54347826086956
BONA_074,2017,190.54347826086956
BONA_081,2017,201.58695652173913
BONA_077,2017,201.58695652173913
BONA_073,2017,201.58695652173913
BONA_014,2017,318.67391304347825
BONA_011,2017,161.17391304347825
BONA_001,2017,255.65217391304347
BONA_018,2017,172.02173913043478
BONA_023,2017,261.19565217391306
BONA_009,2017,248.8913043478261
BONA_002,2017,291.0869565217391
BONA_012,2017,237.67391304347825
BONA_008,2017,279.5217391304348
BONA_093,2017,260.4782608695652
BONA_007,2017,292.67391304347825
BONA_005,2017,202.65217391304347
BONA_021,2017,360.9782608695652
BONA_026,2017,216.91304347826087
BONA_022,2017,270.45652173913044
BONA_010,2017,270.45652173913044
BONA_003,2017,145.6304347826087
BONA_004,2017,258.30434782608694
BONA_006,2017,243.54347826086956
BONA_016,2017,156.43478260869566
BONA_013,2017,255.43478260869566
DEJU_050,2017,154.34782608695653
DEJU_051,2017,150.19565217391303
DEJU_049,2017,176.7391304347826
DEJU_057,2017,195.19565217391303
DEJU_047,2017,176.7391304347826
DEJU_052,2017,176.7391304347826
DEJU_045,2017,176.7391304347826
DEJU_056,2017,176.7391304347826
DEJU_061,2017,176.7391304347826
DEJU_064,2017,154.34782608695653
DEJU_054,2017,150.1304347826087
DEJU_060,2017,167.41304347826087
DEJU_046,2017,167.41304347826087
DEJU_055,2017,167.41304347826087
DEJU_063,2017,150.19565217391303
DEJU_059,2017,154.34782608695653
DEJU_048,2017,149.3695652173913
DEJU_062,2017,149.3695652173913
DEJU_058,2017,150.19565217391303
DEJU_053,2017,154.34782608695653
DEJU_010,2017,156.17391304347825
DEJU_004,2017,97.15217391304348
DEJU_003,2017,114.3913043478261
DEJU_023,2017,134.45652173913044
DEJU_008,2017,135.65217391304347
DEJU_019,2017,149.84782608695653
DEJU_005,2017,151.6086956521739
DEJU_001,2017,152.82608695652175
DEJU_007,2017,152.54347826086956
DEJU_015,2017,199.41304347826087
DEJU_017,2017,157.65217391304347
DEJU_014,2017,131.17391304347825
DEJU_006,2017,116.8695652173913
DEJU_021,2017,156.7608695652174
DEJU_002,2017,161.58695652173913
DEJU_024,2017,151.0
DEJU_016,2017,170.30434782608697
DEJU_009,2017,170.6086956521739
DEJU_018,2017,116.84782608695652
DEJU_020,2017,128.34782608695653
HEAL_072,2017,288.2173913043478
HEAL_063,2017,283.8695652173913
HEAL_070,2017,278.39130434782606
HEAL_060,2017,278.4130434782609
HEAL_071,2017,278.4130434782609
HEAL_050,2017,278.4130434782609
HEAL_067,2017,278.39130434782606
HEAL_068,2017,302.0869565217391
HEAL_064,2017,292.0652173913044
HEAL_062,2017,278.4130434782609
HEAL_061,2017,278.39130434782606
HEAL_073,2017,278.39130434782606
HEAL_052,2017,278.39130434782606
HEAL_066,2017,286.8478260869565
HEAL_058,2017,278.39130434782606
HEAL_069,2017,286.8478260869565
HEAL_048,2017,283.8695652173913
HEAL_054,2017,302.10869565217394
HEAL_053,2017,286.8478260869565
HEAL_074,2017,286.8478260869565
HEAL_056,2017,286.8478260869565
HEAL_051,2017,286.8478260869565
HEAL_065,2017,286.8478260869565
HEAL_057,2017,288.2173913043478
HEAL_046,2017,286.8478260869565
HEAL_059,2017,286.8478260869565
HEAL_055,2017,286.8478260869565
HEAL_047,2017,286.8478260869565
HEAL_010,2017,287.19565217391306
HEAL_002,2017,292.7608695652174
HEAL_003,2017,291.67391304347825
HEAL_014,2017,286.7608695652174
HEAL_022,2017,299.60869565217394
HEAL_023,2017,277.5217391304348
HEAL_021,2017,268.39130434782606
HEAL_001,2017,284.5869565217391
HEAL_016,2017,302.0869565217391
HEAL_020,2017,192.82608695652175
HEAL_006,2017,265.7173913043478
HEAL_019,2017,300.0869565217391
HEAL_011,2017,281.3695652173913
HEAL_025,2017,246.47826086956522
HEAL_018,2017,276.3478260869565
HEAL_017,2017,184.1304347826087
HEAL_004,2017,288.7391304347826
HEAL_005,2017,294.5
HEAL_015,2017,264.2173913043478
HEAL_049,2017,278.39130434782606
HEAL_026,2017,273.10869565217394
HEAL_045,2017,288.2173913043478
HEAL_024,2017,270.0217391304348
ABBY_063,2018,482.5217391304348
ABBY_068,2018,482.5217391304348
ABBY_065,2018,482.5217391304348
ABBY_067,2018,482.5217391304348
ABBY_066,2018,482.5217391304348
ABBY_061,2018,482.5217391304348
ABBY_070,2018,482.5217391304348
ABBY_062,2018,482.5
ABBY_064,2018,482.5217391304348
ABBY_069,2018,482.5
ABBY_075,2018,476.1521739130435
ABBY_074,2018,482.5
ABBY_073,2018,482.5
ABBY_076,2018,482.5217391304348
ABBY_004,2018,457.89130434782606
ABBY_009,2018,457.89130434782606
ABBY_011,2018,501.7826086956522
ABBY_013,2018,536.4130434782609
ABBY_023,2018,545.0217391304348
ABBY_010,2018,523.2826086956521
ABBY_018,2018,532.0652173913044
ABBY_003,2018,503.80434782608694
ABBY_012,2018,610.8478260869565
ABBY_005,2018,569.0652173913044
ABBY_016,2018,503.6304347826087
ABBY_008,2018,549.5869565217391
ABBY_017,2018,425.4782608695652
ABBY_014,2018,518.8260869565217
ABBY_001,2018,545.9347826086956
ABBY_019,2018,479.5869565217391
ABBY_006,2018,555.8260869565217
ABBY_002,2018,486.80434782608694
ABBY_007,2018,439.1521739130435
ABBY_025,2018,517.8913043478261
ABBY_015,2018,423.39130434782606
ABBY_077,2018,525.9347826086956
BART_012,2018,414.32608695652175
BART_001,2018,416.6521739130435
BART_005,2018,463.3478260869565
BART_044,2018,440.04347826086956
BART_037,2018,440.04347826086956
BART_073,2018,426.82608695652175
BART_074,2018,440.04347826086956
BART_075,2018,440.5217391304348
BART_042,2018,440.5217391304348
BART_072,2018,440.5217391304348
BART_046,2018,440.04347826086956
BART_036,2018,440.5217391304348
BART_051,2018,426.82608695652175
BART_041,2018,436.4782608695652
BART_034,2018,436.4782608695652
BART_039,2018,426.82608695652175
BART_050,2018,440.5217391304348
BART_040,2018,426.6521739130435
BART_071,2018,447.0
BART_070,2018,436.4782608695652
BART_033,2018,436.4782608695652
BART_047,2018,426.6521739130435
BART_032,2018,447.0869565217391
BART_015,2018,440.4782608695652
BART_016,2018,478.4130434782609
BART_028,2018,431.45652173913044
BART_010,2018,426.4347826086956
BART_013,2018,422.95652173913044
BART_026,2018,442.5
BART_006,2018,444.89130434782606
BART_023,2018,426.4347826086956
BART_002,2018,418.6521739130435
BART_018,2018,448.67391304347825
BART_003,2018,452.2608695652174
BART_024,2018,426.4347826086956
BART_011,2018,430.1521739130435
BART_025,2018,442.5
BART_007,2018,430.1521739130435
BART_027,2018,454.4782608695652
BART_004,2018,427.04347826086956
BART_019,2018,447.0869565217391
BLAN_042,2018,395.80434782608694
BLAN_056,2018,395.80434782608694
BLAN_034,2018,431.19565217391306
BLAN_043,2018,395.80434782608694
BLAN_046,2018,406.6521739130435
BLAN_045,2018,395.80434782608694
BLAN_059,2018,406.6521739130435
BLAN_039,2018,395.80434782608694
BLAN_033,2018,395.80434782608694
BLAN_051,2018,395.80434782608694
BLAN_054,2018,395.80434782608694
BLAN_031,2018,431.19565217391306
BLAN_049,2018,431.19565217391306
BLAN_060,2018,395.80434782608694
BLAN_035,2018,406.6521739130435
BLAN_038,2018,395.80434782608694
BLAN_040,2018,395.80434782608694
BLAN_037,2018,431.19565217391306
BLAN_044,2018,431.19565217391306
BLAN_050,2018,446.2391304347826
BLAN_052,2018,431.19565217391306
BLAN_048,2018,446.2391304347826
BLAN_055,2018,431.19565217391306
BLAN_057,2018,406.6521739130435
BLAN_032,2018,406.6521739130435
BLAN_036,2018,446.2391304347826
BLAN_047,2018,446.2391304347826
BLAN_063,2018,446.2391304347826
BLAN_005,2018,437.5652173913044
BLAN_017,2018,437.5652173913044
BLAN_011,2018,537.9347826086956
BLAN_068,2018,425.7391304347826
BLAN_016,2018,425.7391304347826
BLAN_001,2018,416.60869565217394
BLAN_008,2018,463.5869565217391
BLAN_003,2018,425.2826086956522
BLAN_018,2018,609.9565217391304
BLAN_004,2018,425.7391304347826
BLAN_014,2018,445.10869565217394
BLAN_020,2018,584.5217391304348
BLAN_006,2018,609.9565217391304
BLAN_007,2018,463.5869565217391
BLAN_010,2018,425.7391304347826
BLAN_012,2018,609.9565217391304
BLAN_013,2018,375.30434782608694
BLAN_015,2018,649.0217391304348
BLAN_009,2018,416.60869565217394
BLAN_053,2018,406.6521739130435
BLAN_041,2018,446.2391304347826
BLAN_064,2018,431.19565217391306
BLAN_019,2018,425.7608695652174
GRSM_057,2018,515.5
GRSM_048,2018,515.5
GRSM_059,2018,514.8695652173913
GRSM_054,2018,456.4130434782609
GRSM_049,2018,481.4347826086956
GRSM_066,2018,515.5
GRSM_065,2018,500.7826086956522
GRSM_047,2018,514.8695652173913
GRSM_063,2018,460.5869565217391
GRSM_053,2018,460.5869565217391
GRSM_062,2018,456.4130434782609
GRSM_060,2018,514.8695652173913
GRSM_050,2018,487.2826086956522
GRSM_051,2018,514.8695652173913
GRSM_064,2018,514.8695652173913
GRSM_002,2018,562.7608695652174
GRSM_025,2018,530.8913043478261
GRSM_016,2018,437.17391304347825
GRSM_017,2018,546.7391304347826
GRSM_004,2018,569.3260869565217
GRSM_001,2018,555.3913043478261
GRSM_012,2018,449.45652173913044
GRSM_008,2018,505.04347826086956
GRSM_003,2018,473.7391304347826
GRSM_019,2018,548.8913043478261
GRSM_006,2018,548.8913043478261
GRSM_013,2018,557.5652173913044
GRSM_015,2018,524.5
GRSM_014,2018,540.6521739130435
GRSM_010,2018,555.9347826086956
GRSM_005,2018,539.4565217391304
GRSM_011,2018,547.1086956521739
GRSM_007,2018,449.19565217391306
GRSM_009,2018,448.5869565217391
GRSM_055,2018,460.5869565217391
GRSM_018,2018,557.8695652173913
GRSM_061,2018,514.8695652173913
GRSM_056,2018,514.8695652173913
GRSM_058,2018,500.7826086956522
GRSM_052,2018,456.4130434782609
HARV_013,2018,433.19565217391306
HARV_022,2018,461.10869565217394
HARV_008,2018,451.0217391304348
HARV_004,2018,455.5869565217391
HARV_024,2018,441.80434782608694
HARV_010,2018,0.0
HARV_006,2018,423.6304347826087
HARV_001,2018,424.5217391304348
HARV_005,2018,354.0217391304348
HARV_027,2018,439.2826086956522
HARV_043,2018,480.9130434782609
HARV_035,2018,480.9130434782609
HARV_037,2018,484.4347826086956
HARV_020,2018,450.2391304347826
HARV_023,2018,479.1521739130435
HARV_014,2018,434.0
HARV_011,2018,446.54347826086956
HARV_025,2018,424.7826086956522
HARV_002,2018,465.82608695652175
HARV_012,2018,451.9347826086956
HARV_026,2018,427.4130434782609
HARV_016,2018,443.60869565217394
HARV_039,2018,468.4347826086956
HARV_021,2018,449.4347826086956
HARV_045,2018,459.6521739130435
HARV_041,2018,484.3695652173913
HARV_038,2018,484.4347826086956
HARV_050,2018,484.4347826086956
HARV_048,2018,480.9130434782609
HARV_036,2018,459.6521739130435
HARV_052,2018,480.9130434782609
HARV_049,2018,468.3478260869565
HARV_047,2018,484.4347826086956
HARV_044,2018,484.4347826086956
HARV_040,2018,480.9130434782609
HARV_046,2018,484.3695652173913
HARV_033,2018,484.4347826086956
HARV_051,2018,468.4347826086956
HARV_034,2018,484.4347826086956
HARV_042,2018,468.4347826086956
HARV_015,2018,484.3695652173913
HARV_017,2018,437.0869565217391
JERC_002,2018,580.6739130434783
JERC_015,2018,616.9130434782609
JERC_007,2018,667.195652173913
JERC_001,2018,663.4782608695652
JERC_010,2018,618.4347826086956
JERC_009,2018,584.0652173913044
JERC_029,2018,540.804347826087
JERC_021,2018,634.3913043478261
JERC_011,2018,540.804347826087
JERC_040,2018,595.6739130434783
JERC_035,2018,603.2826086956521
JERC_033,2018,617.0
JERC_019,2018,666.4130434782609
JERC_030,2018,517.6739130434783
JERC_034,2018,501.89130434782606
JERC_036,2018,619.5
JERC_028,2018,334.4782608695652
JERC_044,2018,656.1086956521739
JERC_016,2018,619.5
JERC_038,2018,589.5
JERC_006,2018,520.9130434782609
JERC_041,2018,686.0652173913044
JERC_031,2018,629.195652173913
JERC_042,2018,618.4347826086956
JERC_008,2018,601.7391304347826
JERC_005,2018,601.7391304347826
JERC_003,2018,663.4782608695652
JERC_022,2018,599.0869565217391
JERC_013,2018,609.4565217391304
JERC_066,2018,580.6739130434783
JERC_065,2018,629.195652173913
JERC_054,2018,612.2608695652174
JERC_051,2018,629.195652173913
JERC_062,2018,580.7608695652174
JERC_047,2018,580.7608695652174
JERC_057,2018,629.195652173913
JERC_060,2018,629.195652173913
JERC_064,2018,629.195652173913
JERC_050,2018,580.7608695652174
JERC_053,2018,580.6739130434783
JERC_049,2018,580.7608695652174
JERC_061,2018,580.7608695652174
JERC_058,2018,580.6739130434783
JERC_048,2018,580.6739130434783
JERC_063,2018,580.6739130434783
JERC_052,2018,580.7608695652174
JERC_059,2018,580.6739130434783
JERC_056,2018,580.7608695652174
JERC_055,2018,580.7608695652174
JERC_004,2018,623.8478260869565
JERC_014,2018,624.4130434782609
JERC_012,2018,622.9347826086956
MLBS_076,2018,424.6304347826087
MLBS_061,2018,425.6304347826087
MLBS_064,2018,425.6304347826087
MLBS_075,2018,437.04347826086956
MLBS_065,2018,437.04347826086956
MLBS_062,2018,437.0869565217391
MLBS_069,2018,424.6304347826087
MLBS_063,2018,424.6304347826087
MLBS_073,2018,424.6304347826087
MLBS_074,2018,424.6304347826087
MLBS_066,2018,424.6304347826087
MLBS_067,2018,424.6304347826087
MLBS_071,2018,424.6304347826087
MLBS_072,2018,424.6304347826087
MLBS_070,2018,424.6304347826087
MLBS_068,2018,424.6304347826087
MLBS_009,2018,425.6304347826087
MLBS_010,2018,414.45652173913044
MLBS_005,2018,423.4130434782609
MLBS_003,2018,414.45652173913044
MLBS_019,2018,465.4130434782609
MLBS_016,2018,494.2391304347826
MLBS_015,2018,486.69565217391306
MLBS_014,2018,497.10869565217394
MLBS_001,2018,406.39130434782606
MLBS_017,2018,406.39130434782606
MLBS_011,2018,423.9782608695652
MLBS_012,2018,423.9782608695652
MLBS_002,2018,437.04347826086956
MLBS_004,2018,489.69565217391306
MLBS_018,2018,491.5869565217391
MLBS_008,2018,494.5
MLBS_007,2018,502.10869565217394
MLBS_006,2018,494.5652173913044
MLBS_020,2018,476.4130434782609
MLBS_013,2018,492.60869565217394
ORNL_002,2018,617.1739130434783
ORNL_003,2018,535.804347826087
ORNL_009,2018,562.8478260869565
ORNL_021,2018,483.1521739130435
ORNL_031,2018,449.7391304347826
ORNL_033,2018,504.7173913043478
ORNL_066,2018,729.5
ORNL_044,2018,729.5
ORNL_012,2018,0.0
ORNL_004,2018,482.17391304347825
ORNL_001,2018,388.7391304347826
ORNL_027,2018,521.8913043478261
ORNL_014,2018,513.8913043478261
ORNL_029,2018,518.2173913043479
ORNL_007,2018,528.3260869565217
ORNL_006,2018,513.8913043478261
ORNL_008,2018,522.8260869565217
ORNL_035,2018,538.7391304347826
ORNL_010,2018,548.5
ORNL_032,2018,490.0652173913044
ORNL_055,2018,533.9782608695652
ORNL_062,2018,533.9782608695652
ORNL_063,2018,533.4782608695652
ORNL_049,2018,533.4782608695652
ORNL_052,2018,533.9782608695652
ORNL_059,2018,500.8695652173913
ORNL_036,2018,531.1304347826087
ORNL_053,2018,500.8695652173913
ORNL_046,2018,500.8695652173913
ORNL_043,2018,525.804347826087
ORNL_058,2018,525.804347826087
ORNL_060,2018,525.804347826087
ORNL_056,2018,533.9782608695652
ORNL_037,2018,533.9782608695652
ORNL_057,2018,531.1304347826087
ORNL_051,2018,533.9782608695652
ORNL_061,2018,500.8695652173913
ORNL_054,2018,531.1304347826087
ORNL_045,2018,531.1304347826087
ORNL_050,2018,531.1304347826087
ORNL_017,2018,521.4347826086956
ORNL_068,2018,471.9347826086956
ORNL_019,2018,521.5869565217391
ORNL_018,2018,411.6304347826087
ORNL_067,2018,527.9782608695652
ORNL_015,2018,535.9130434782609
OSBS_002,2018,606.5217391304348
OSBS_006,2018,480.1521739130435
OSBS_048,2018,536.2826086956521
OSBS_001,2018,672.1739130434783
OSBS_018,2018,442.60869565217394
OSBS_011,2018,541.1304347826087
OSBS_014,2018,514.3695652173913
OSBS_004,2018,523.7608695652174
OSBS_020,2018,433.7391304347826
OSBS_023,2018,541.1304347826087
OSBS_049,2018,567.8913043478261
OSBS_003,2018,435.4782608695652
OSBS_012,2018,475.60869565217394
OSBS_013,2018,523.7608695652174
OSBS_024,2018,541.1304347826087
OSBS_016,2018,610.804347826087
OSBS_008,2018,533.1739130434783
OSBS_010,2018,629.2391304347826
OSBS_051,2018,503.19565217391306
OSBS_050,2018,498.9130434782609
OSBS_007,2018,505.2608695652174
OSBS_005,2018,650.3260869565217
OSBS_017,2018,625.2608695652174
OSBS_043,2018,495.19565217391306
OSBS_022,2018,514.3695652173913
OSBS_039,2018,501.4130434782609
OSBS_036,2018,501.4130434782609
OSBS_029,2018,501.4130434782609
OSBS_040,2018,479.0869565217391
OSBS_015,2018,708.4347826086956
OSBS_025,2018,482.7608695652174
OSBS_030,2018,482.7608695652174
OSBS_038,2018,482.7608695652174
OSBS_042,2018,482.7608695652174
OSBS_035,2018,486.89130434782606
OSBS_037,2018,486.89130434782606
OSBS_028,2018,486.89130434782606
OSBS_021,2018,566.2826086956521
OSBS_041,2018,486.89130434782606
OSBS_009,2018,676.8260869565217
OSBS_031,2018,479.0869565217391
OSBS_033,2018,501.4130434782609
OSBS_032,2018,501.4130434782609
OSBS_044,2018,501.4130434782609
OSBS_027,2018,501.4130434782609
OSBS_034,2018,479.0652173913044
OSBS_026,2018,501.4130434782609
OSBS_063,2018,513.1521739130435
OSBS_067,2018,504.7826086956522
OSBS_066,2018,708.4347826086956
OSBS_068,2018,487.5869565217391
OSBS_070,2018,479.0869565217391
OSBS_073,2018,533.2826086956521
RMNP_043,2018,183.69565217391303
RMNP_042,2018,183.69565217391303
RMNP_041,2018,315.17391304347825
RMNP_048,2018,183.69565217391303
RMNP_049,2018,183.69565217391303
RMNP_046,2018,183.69565217391303
RMNP_047,2018,183.69565217391303
RMNP_045,2018,183.69565217391303
RMNP_044,2018,183.69565217391303
RMNP_013,2018,259.1304347826087
RMNP_003,2018,304.2391304347826
RMNP_009,2018,304.2391304347826
RMNP_011,2018,169.2608695652174
RMNP_019,2018,286.67391304347825
RMNP_015,2018,351.19565217391306
RMNP_002,2018,350.80434782608694
RMNP_020,2018,351.19565217391306
RMNP_016,2018,336.30434782608694
RMNP_017,2018,286.30434782608694
RMNP_005,2018,361.7391304347826
RMNP_001,2018,368.7608695652174
RMNP_014,2018,395.8478260869565
RMNP_008,2018,346.2391304347826
RMNP_012,2018,418.10869565217394
RMNP_018,2018,363.7391304347826
RMNP_006,2018,394.30434782608694
RMNP_004,2018,332.0652173913044
RMNP_010,2018,353.9782608695652
RMNP_007,2018,353.9782608695652
SCBI_008,2018,498.54347826086956
SCBI_004,2018,457.2608695652174
SCBI_015,2018,461.17391304347825
SCBI_017,2018,460.4130434782609
SCBI_013,2018,453.67391304347825
SCBI_007,2018,467.95652173913044
SCBI_018,2018,467.32608695652175
SCBI_003,2018,472.9782608695652
SCBI_011,2018,475.0217391304348
SCBI_016,2018,458.6304347826087
SCBI_002,2018,459.19565217391306
SCBI_010,2018,459.9347826086956
SCBI_014,2018,452.8695652173913
SCBI_005,2018,492.30434782608694
SCBI_056,2018,459.4782608695652
SCBI_045,2018,462.6304347826087
SCBI_053,2018,459.4782608695652
SCBI_061,2018,459.4782608695652
SCBI_050,2018,459.4782608695652
SCBI_057,2018,459.4782608695652
SCBI_062,2018,459.19565217391306
SCBI_047,2018,459.19565217391306
SCBI_067,2018,459.19565217391306
SCBI_066,2018,459.19565217391306
SCBI_064,2018,462.6304347826087
SCBI_052,2018,462.6304347826087
SCBI_054,2018,462.6304347826087
SCBI_046,2018,459.19565217391306
SCBI_049,2018,459.19565217391306
SCBI_063,2018,459.19565217391306
SCBI_055,2018,459.4782608695652
SCBI_048,2018,459.19565217391306
SCBI_051,2018,459.4782608695652
SCBI_058,2018,462.6304347826087
SCBI_034,2018,338.69565217391306
SCBI_038,2018,453.7173913043478
SCBI_033,2018,338.69565217391306
SCBI_006,2018,465.5869565217391
SCBI_035,2018,453.7173913043478
SCBI_012,2018,510.17391304347825
SCBI_071,2018,459.9347826086956
SCBI_019,2018,496.0
SCBI_021,2018,465.5869565217391
SCBI_023,2018,461.17391304347825
SCBI_022,2018,475.39130434782606
SERC_062,2018,448.2608695652174
SERC_045,2018,448.2608695652174
SERC_051,2018,448.2608695652174
SERC_050,2018,474.89130434782606
SERC_052,2018,487.04347826086956
SERC_058,2018,487.7391304347826
SERC_043,2018,488.0652173913044
SERC_055,2018,484.9782608695652
SERC_048,2018,487.7391304347826
SERC_060,2018,487.7391304347826
SERC_061,2018,487.3695652173913
SERC_054,2018,487.3695652173913
SERC_059,2018,699.5869565217391
SERC_046,2018,480.54347826086956
SERC_053,2018,487.3695652173913
SERC_044,2018,480.54347826086956
SERC_047,2018,482.4130434782609
SERC_049,2018,482.4130434782609
SERC_057,2018,482.4130434782609
SERC_056,2018,482.4130434782609
SERC_007,2018,640.804347826087
SERC_018,2018,541.1086956521739
SERC_009,2018,493.4130434782609
SERC_008,2018,541.1739130434783
SERC_011,2018,688.3478260869565
SERC_003,2018,471.1304347826087
SERC_006,2018,397.4782608695652
SERC_001,2018,432.82608695652175
SERC_017,2018,553.2608695652174
SERC_019,2018,472.69565217391306
SERC_010,2018,573.804347826087
SERC_014,2018,365.39130434782606
SERC_012,2018,482.67391304347825
SERC_016,2018,471.0652173913044
SERC_022,2018,453.19565217391306
SERC_004,2018,472.69565217391306
SERC_021,2018,488.0652173913044
SERC_013,2018,453.10869565217394
SERC_005,2018,506.32608695652175
SERC_002,2018,494.4782608695652
SERC_067,2018,496.2608695652174
SERC_073,2018,474.89130434782606
SOAP_059,2018,391.60869565217394
SOAP_057,2018,391.60869565217394
SOAP_051,2018,391.60869565217394
SOAP_048,2018,391.60869565217394
SOAP_058,2018,378.5869565217391
SOAP_043,2018,378.1521739130435
SOAP_050,2018,378.1521739130435
SOAP_044,2018,360.6521739130435
SOAP_052,2018,360.19565217391306
SOAP_046,2018,360.6521739130435
SOAP_060,2018,360.19565217391306
SOAP_055,2018,378.1521739130435
SOAP_054,2018,345.19565217391306
SOAP_047,2018,345.19565217391306
SOAP_031,2018,339.2391304347826
SOAP_049,2018,339.2391304347826
SOAP_056,2018,339.2391304347826
SOAP_053,2018,345.19565217391306
SOAP_045,2018,332.0217391304348
SOAP_061,2018,391.60869565217394
SOAP_002,2018,288.1304347826087
SOAP_010,2018,391.60869565217394
SOAP_006,2018,322.5869565217391
SOAP_013,2018,288.1304347826087
SOAP_012,2018,312.17391304347825
SOAP_004,2018,391.60869565217394
SOAP_003,2018,344.6304347826087
SOAP_016,2018,341.6304347826087
SOAP_007,2018,341.2391304347826
SOAP_020,2018,345.19565217391306
SOAP_009,2018,387.2826086956522
SOAP_008,2018,312.17391304347825
SOAP_021,2018,343.0
SOAP_018,2018,377.3695652173913
SOAP_019,2018,377.3695652173913
SOAP_017,2018,389.1304347826087
SOAP_015,2018,405.0217391304348
SOAP_001,2018,449.3695652173913
SOAP_011,2018,378.5869565217391
SOAP_022,2018,405.0217391304348
SOAP_024,2018,322.5869565217391
STEI_058,2018,515.3695652173913
STEI_051,2018,515.3695652173913
STEI_056,2018,391.9130434782609
STEI_046,2018,391.9130434782609
STEI_061,2018,391.9130434782609
STEI_062,2018,391.9130434782609
STEI_052,2018,391.9130434782609
STEI_055,2018,515.3695652173913
STEI_047,2018,391.9130434782609
STEI_053,2018,391.9130434782609
STEI_048,2018,385.30434782608694
STEI_060,2018,391.9130434782609
STEI_054,2018,385.30434782608694
STEI_049,2018,391.9130434782609
STEI_057,2018,391.9130434782609
STEI_050,2018,385.30434782608694
STEI_059,2018,385.30434782608694
STEI_005,2018,392.4782608695652
STEI_009,2018,394.6304347826087
STEI_012,2018,400.4347826086956
STEI_017,2018,407.3478260869565
STEI_019,2018,391.39130434782606
STEI_003,2018,402.8478260869565
STEI_007,2018,401.5217391304348
STEI_002,2018,403.5217391304348
STEI_011,2018,404.5
STEI_010,2018,405.10869565217394
STEI_008,2018,398.60869565217394
STEI_015,2018,384.1304347826087
STEI_016,2018,390.1304347826087
STEI_004,2018,399.3478260869565
STEI_013,2018,411.4782608695652
STEI_001,2018,392.4347826086956
STEI_021,2018,363.4782608695652
STEI_006,2018,396.2826086956522
STEI_014,2018,391.4782608695652
STEI_022,2018,408.60869565217394
STEI_023,2018,390.9782608695652
TALL_003,2018,1001.8695652173913
TALL_005,2018,832.5
TALL_009,2018,572.7608695652174
TALL_012,2018,1010.8478260869565
TALL_004,2018,553.1086956521739
TALL_010,2018,709.5869565217391
TALL_007,2018,748.2173913043479
TALL_002,2018,712.9130434782609
TALL_022,2018,731.8478260869565
TALL_015,2018,726.6086956521739
TALL_016,2018,547.7826086956521
TALL_011,2018,734.3478260869565
TALL_018,2018,758.3695652173913
TALL_006,2018,603.9565217391304
TALL_013,2018,607.1521739130435
TALL_001,2018,573.4782608695652
TALL_017,2018,706.8695652173913
TALL_020,2018,553.4347826086956
TALL_008,2018,707.5217391304348
TALL_043,2018,601.5
TALL_049,2018,601.5
TALL_046,2018,601.5
TALL_061,2018,594.5
TALL_052,2018,594.7608695652174
TALL_050,2018,730.3913043478261
TALL_051,2018,594.5
TALL_057,2018,594.5
TALL_060,2018,730.3913043478261
TALL_055,2018,594.5
TALL_058,2018,594.7608695652174
TALL_045,2018,730.3913043478261
TALL_059,2018,594.7608695652174
TALL_054,2018,594.5
TALL_056,2018,594.7608695652174
TALL_044,2018,730.3913043478261
TALL_047,2018,730.3913043478261
TALL_048,2018,601.5
TALL_042,2018,601.5
TALL_053,2018,594.7608695652174
TALL_064,2018,704.4782608695652
TALL_025,2018,832.7608695652174
TEAK_045,2018,313.1304347826087
TEAK_054,2018,313.1304347826087
TEAK_048,2018,313.1304347826087
TEAK_061,2018,313.1304347826087
TEAK_059,2018,313.1304347826087
TEAK_049,2018,313.1521739130435
TEAK_060,2018,313.1521739130435
TEAK_055,2018,313.1521739130435
TEAK_062,2018,318.80434782608694
TEAK_056,2018,368.9782608695652
TEAK_044,2018,368.9782608695652
TEAK_057,2018,368.7391304347826
TEAK_053,2018,368.9782608695652
TEAK_047,2018,368.9782608695652
TEAK_051,2018,368.7391304347826
TEAK_046,2018,352.4130434782609
TEAK_058,2018,313.1521739130435
TEAK_043,2018,318.80434782608694
TEAK_052,2018,352.39130434782606
TEAK_050,2018,365.67391304347825
TEAK_001,2018,427.69565217391306
TEAK_002,2018,309.4782608695652
TEAK_003,2018,369.9347826086956
TEAK_004,2018,318.5869565217391
TEAK_006,2018,289.0652173913044
TEAK_025,2018,284.60869565217394
TEAK_005,2018,157.58695652173913
TEAK_011,2018,374.2826086956522
TEAK_007,2018,351.4130434782609
TEAK_014,2018,333.2826086956522
TEAK_010,2018,364.3478260869565
TEAK_012,2018,369.9347826086956
TEAK_017,2018,340.5
TEAK_013,2018,298.7391304347826
TEAK_019,2018,442.45652173913044
TEAK_020,2018,310.2391304347826
TEAK_016,2018,281.4130434782609
TEAK_015,2018,323.30434782608694
TEAK_024,2018,266.7173913043478
TEAK_018,2018,323.4782608695652
TREE_042,2018,379.9347826086956
TREE_053,2018,381.0652173913044
TREE_049,2018,381.0652173913044
TREE_046,2018,381.0652173913044
TREE_055,2018,381.0652173913044
TREE_056,2018,381.0652173913044
TREE_050,2018,495.0652173913044
TREE_054,2018,495.0652173913044
TREE_052,2018,381.0652173913044
TREE_051,2018,381.0652173913044
TREE_057,2018,381.7173913043478
TREE_025,2018,381.7173913043478
TREE_043,2018,381.69565217391306
TREE_044,2018,381.69565217391306
TREE_048,2018,495.1304347826087
TREE_047,2018,375.60869565217394
TREE_041,2018,383.10869565217394
TREE_040,2018,375.60869565217394
TREE_039,2018,381.7173913043478
TREE_045,2018,381.7173913043478
TREE_017,2018,381.69565217391306
TREE_019,2018,371.69565217391306
TREE_010,2018,361.10869565217394
TREE_016,2018,354.2173913043478
TREE_001,2018,357.67391304347825
TREE_014,2018,357.67391304347825
TREE_009,2018,366.7608695652174
TREE_060,2018,472.39130434782606
TREE_012,2018,371.69565217391306
TREE_005,2018,372.7173913043478
TREE_011,2018,345.1304347826087
TREE_018,2018,361.17391304347825
TREE_003,2018,371.7826086956522
TREE_007,2018,345.1304347826087
TREE_008,2018,476.54347826086956
TREE_006,2018,370.60869565217394
TREE_004,2018,476.54347826086956
TREE_002,2018,361.17391304347825
TREE_015,2018,394.1521739130435
TREE_023,2018,394.1304347826087
TREE_062,2018,366.7608695652174
TREE_064,2018,354.1521739130435
TREE_022,2018,370.60869565217394
TREE_063,2018,366.4347826086956
UNDE_048,2018,381.69565217391306
UNDE_038,2018,385.6304347826087
UNDE_037,2018,362.6304347826087
UNDE_045,2018,381.69565217391306
UNDE_058,2018,392.4782608695652
UNDE_052,2018,381.69565217391306
UNDE_047,2018,379.8695652173913
UNDE_054,2018,392.4782608695652
UNDE_057,2018,381.69565217391306
UNDE_050,2018,392.4782608695652
UNDE_055,2018,392.4782608695652
UNDE_059,2018,379.89130434782606
UNDE_065,2018,358.5869565217391
UNDE_043,2018,381.69565217391306
UNDE_044,2018,379.89130434782606
UNDE_049,2018,392.4782608695652
UNDE_056,2018,381.69565217391306
UNDE_078,2018,385.6304347826087
UNDE_061,2018,385.6304347826087
UNDE_060,2018,392.4782608695652
UNDE_014,2018,359.89130434782606
UNDE_013,2018,392.4782608695652
UNDE_002,2018,465.4347826086956
UNDE_001,2018,386.5217391304348
UNDE_003,2018,362.1521739130435
UNDE_010,2018,360.0869565217391
UNDE_006,2018,353.5869565217391
UNDE_011,2018,392.04347826086956
UNDE_007,2018,373.95652173913044
UNDE_012,2018,358.2608695652174
UNDE_008,2018,353.5869565217391
UNDE_016,2018,357.10869565217394
UNDE_020,2018,368.7608695652174
UNDE_021,2018,342.04347826086956
UNDE_022,2018,372.10869565217394
UNDE_018,2018,357.7173913043478
UNDE_019,2018,370.1304347826087
UNDE_023,2018,362.82608695652175
UNDE_015,2018,362.80434782608694
UNDE_027,2018,370.2391304347826
WREF_089,2018,439.2173913043478
WREF_082,2018,594.1739130434783
WREF_077,2018,594.804347826087
WREF_083,2018,439.2173913043478
WREF_086,2018,501.7608695652174
WREF_081,2018,501.95652173913044
WREF_076,2018,515.4130434782609
WREF_070,2018,594.804347826087
WREF_074,2018,594.1739130434783
WREF_072,2018,557.8695652173913
WREF_080,2018,578.4782608695652
WREF_073,2018,578.4782608695652
WREF_079,2018,578.4782608695652
WREF_085,2018,594.0434782608696
WREF_084,2018,594.0434782608696
WREF_078,2018,577.1086956521739
WREF_088,2018,594.1739130434783
WREF_087,2018,594.0434782608696
WREF_075,2018,594.804347826087
WREF_071,2018,594.1739130434783
WREF_012,2018,576.4782608695652
WREF_016,2018,608.695652173913
WREF_015,2018,613.5217391304348
WREF_013,2018,593.8913043478261
WREF_001,2018,510.69565217391306
WREF_003,2018,608.804347826087
WREF_018,2018,595.6086956521739
WREF_020,2018,624.0217391304348
WREF_002,2018,577.1739130434783
WREF_019,2018,516.304347826087
WREF_010,2018,610.7173913043479
WREF_007,2018,601.6521739130435
WREF_008,2018,573.804347826087
WREF_006,2018,587.7826086956521
WREF_005,2018,522.5
WREF_014,2018,532.7173913043479
WREF_009,2018,614.695652173913
WREF_011,2018,596.7608695652174
WREF_004,2018,595.3913043478261
WREF_017,2018,595.5
DELA_013,2018,524.9782608695652
DELA_003,2018,772.8913043478261
DELA_005,2018,356.30434782608694
DELA_011,2018,403.8695652173913
DELA_004,2018,517.304347826087
DELA_018,2018,524.6304347826087
DELA_014,2018,491.54347826086956
DELA_015,2018,517.304347826087
DELA_012,2018,491.54347826086956
DELA_010,2018,524.6304347826087
DELA_016,2018,538.1086956521739
DELA_001,2018,516.6304347826087
DELA_019,2018,512.8260869565217
DELA_017,2018,538.1086956521739
DELA_009,2018,772.8913043478261
DELA_002,2018,491.54347826086956
DELA_007,2018,524.6304347826087
DELA_020,2018,521.7826086956521
DELA_006,2018,512.8260869565217
DELA_008,2018,524.9565217391304
DELA_046,2018,521.7826086956521
DELA_053,2018,521.7826086956521
DELA_051,2018,513.5434782608696
DELA_043,2018,513.5434782608696
DELA_040,2018,521.7826086956521
DELA_052,2018,513.5434782608696
DELA_041,2018,513.5434782608696
DELA_044,2018,513.5434782608696
DELA_039,2018,497.9347826086956
DELA_054,2018,521.7826086956521
DELA_045,2018,521.7826086956521
DELA_042,2018,517.3478260869565
DELA_055,2018,497.9347826086956
DELA_037,2018,521.7826086956521
DELA_050,2018,521.7826086956521
DELA_056,2018,521.7826086956521
DELA_047,2018,524.6304347826087
DELA_048,2018,524.6304347826087
DELA_049,2018,517.3478260869565
DELA_038,2018,497.9347826086956
DELA_023,2018,524.9565217391304
DELA_022,2018,524.9782608695652
DELA_021,2018,398.0652173913044
DELA_059,2018,517.3478260869565
LENO_061,2018,693.5217391304348
LENO_065,2018,693.5217391304348
LENO_062,2018,693.5217391304348
LENO_068,2018,646.0
LENO_067,2018,646.0
LENO_064,2018,693.5217391304348
LENO_063,2018,646.0
LENO_066,2018,735.5869565217391
LENO_069,2018,735.5869565217391
LENO_070,2018,735.5869565217391
LENO_003,2018,523.804347826087
LENO_002,2018,531.1739130434783
LENO_014,2018,557.804347826087
LENO_011,2018,514.4347826086956
LENO_005,2018,509.39130434782606
LENO_015,2018,684.2608695652174
LENO_010,2018,514.6304347826087
LENO_012,2018,660.8478260869565
LENO_009,2018,534.5217391304348
LENO_018,2018,680.5652173913044
LENO_006,2018,524.0869565217391
LENO_013,2018,540.9130434782609
LENO_007,2018,557.8478260869565
LENO_008,2018,684.2608695652174
LENO_022,2018,561.3695652173913
LENO_001,2018,467.9347826086956
LENO_016,2018,524.0869565217391
LENO_021,2018,689.9565217391304
LENO_017,2018,744.1521739130435
LENO_004,2018,498.45652173913044
LENO_019,2018,546.8478260869565
UKFS_032,2018,479.6521739130435
UKFS_057,2018,479.67391304347825
UKFS_051,2018,479.67391304347825
UKFS_047,2018,427.8478260869565
UKFS_055,2018,479.6521739130435
UKFS_058,2018,427.8478260869565
UKFS_060,2018,479.6521739130435
UKFS_056,2018,424.95652173913044
UKFS_054,2018,423.8695652173913
UKFS_050,2018,431.2391304347826
UKFS_046,2018,431.2391304347826
UKFS_045,2018,427.80434782608694
UKFS_043,2018,431.2173913043478
UKFS_052,2018,427.80434782608694
UKFS_059,2018,431.2173913043478
UKFS_048,2018,431.2173913043478
UKFS_049,2018,424.95652173913044
UKFS_031,2018,427.8478260869565
UKFS_044,2018,424.95652173913044
UKFS_053,2018,424.95652173913044
UKFS_007,2018,269.1521739130435
UKFS_005,2018,423.17391304347825
UKFS_004,2018,487.7391304347826
UKFS_009,2018,269.0217391304348
UKFS_006,2018,431.2391304347826
UKFS_012,2018,253.19565217391303
UKFS_002,2018,258.3695652173913
UKFS_010,2018,372.89130434782606
UKFS_003,2018,372.89130434782606
UKFS_001,2018,427.80434782608694
UKFS_011,2018,423.8695652173913
UKFS_008,2018,423.8695652173913
UKFS_017,2018,253.19565217391303
UKFS_019,2018,504.4130434782609
UKFS_016,2018,379.5652173913044
UKFS_018,2018,372.8695652173913
UKFS_014,2018,427.80434782608694
UKFS_015,2018,410.69565217391306
UKFS_013,2018,354.32608695652175
UKFS_025,2018,371.7173913043478
YELL_002,2018,192.67391304347825
YELL_016,2018,149.1304347826087
YELL_013,2018,168.7826086956522
YELL_006,2018,157.15217391304347
YELL_020,2018,267.82608695652175
YELL_008,2018,161.80434782608697
YELL_014,2018,208.58695652173913
YELL_001,2018,165.2608695652174
YELL_011,2018,142.56521739130434
YELL_004,2018,138.0
YELL_003,2018,159.08695652173913
YELL_010,2018,153.2608695652174
YELL_005,2018,129.41304347826087
YELL_007,2018,192.69565217391303
YELL_018,2018,188.69565217391303
YELL_023,2018,169.2826086956522
YELL_012,2018,160.80434782608697
YELL_009,2018,154.7826086956522
YELL_021,2018,286.5217391304348
YELL_022,2018,154.8913043478261
YELL_047,2018,176.1086956521739
YELL_054,2018,176.1086956521739
YELL_058,2018,176.1086956521739
YELL_044,2018,176.1086956521739
YELL_052,2018,176.19565217391303
YELL_055,2018,176.19565217391303
YELL_062,2018,176.1086956521739
YELL_056,2018,172.2173913043478
YELL_048,2018,172.2173913043478
YELL_060,2018,194.0
YELL_051,2018,176.19565217391303
YELL_053,2018,163.08695652173913
YELL_045,2018,172.2173913043478
YELL_046,2018,176.19565217391303
YELL_061,2018,176.19565217391303
YELL_049,2018,163.08695652173913
YELL_059,2018,176.19565217391303
YELL_043,2018,163.08695652173913
YELL_050,2018,194.0
YELL_057,2018,194.0
YELL_015,2018,144.45652173913044
BONA_072,2018,243.7826086956522
BONA_079,2018,243.7826086956522
BONA_070,2018,188.47826086956522
BONA_075,2018,243.7826086956522
BONA_078,2018,243.7826086956522
BONA_076,2018,243.7826086956522
BONA_082,2018,296.6521739130435
BONA_071,2018,243.7826086956522
BONA_087,2018,243.7826086956522
BONA_084,2018,296.6521739130435
BONA_080,2018,188.47826086956522
BONA_086,2018,188.47826086956522
BONA_088,2018,243.7826086956522
BONA_089,2018,296.6521739130435
BONA_085,2018,188.47826086956522
BONA_083,2018,169.17391304347825
BONA_074,2018,169.17391304347825
BONA_081,2018,185.41304347826087
BONA_077,2018,185.41304347826087
BONA_073,2018,185.41304347826087
BONA_014,2018,272.5
BONA_011,2018,168.1086956521739
BONA_001,2018,247.6304347826087
BONA_018,2018,174.47826086956522
BONA_023,2018,228.7173913043478
BONA_009,2018,220.65217391304347
BONA_002,2018,225.8695652173913
BONA_012,2018,309.2826086956522
BONA_008,2018,342.9347826086956
BONA_093,2018,243.7826086956522
BONA_007,2018,293.04347826086956
BONA_005,2018,318.5869565217391
BONA_021,2018,307.2826086956522
BONA_026,2018,230.2608695652174
BONA_022,2018,246.7826086956522
BONA_010,2018,246.80434782608697
BONA_003,2018,146.8913043478261
BONA_004,2018,213.2391304347826
BONA_006,2018,211.08695652173913
BONA_016,2018,158.2608695652174
BONA_013,2018,212.97826086956522
DEJU_050,2018,171.3913043478261
DEJU_051,2018,188.02173913043478
DEJU_049,2018,163.84782608695653
DEJU_057,2018,197.1304347826087
DEJU_047,2018,163.84782608695653
DEJU_052,2018,163.84782608695653
DEJU_045,2018,163.82608695652175
DEJU_056,2018,163.82608695652175
DEJU_061,2018,163.82608695652175
DEJU_064,2018,171.3913043478261
DEJU_054,2018,162.2826086956522
DEJU_060,2018,206.8695652173913
DEJU_046,2018,206.8695652173913
DEJU_055,2018,206.8695652173913
DEJU_063,2018,188.02173913043478
DEJU_059,2018,171.41304347826087
DEJU_048,2018,184.06521739130434
DEJU_062,2018,184.06521739130434
DEJU_058,2018,188.02173913043478
DEJU_053,2018,171.41304347826087
DEJU_010,2018,171.2608695652174
DEJU_004,2018,114.34782608695652
DEJU_003,2018,136.47826086956522
DEJU_023,2018,139.19565217391303
DEJU_008,2018,165.6304347826087
DEJU_019,2018,164.2391304347826
DEJU_005,2018,167.67391304347825
DEJU_001,2018,165.41304347826087
DEJU_007,2018,155.1086956521739
DEJU_015,2018,207.04347826086956
DEJU_017,2018,160.3913043478261
DEJU_014,2018,154.56521739130434
DEJU_006,2018,140.67391304347825
DEJU_021,2018,173.2391304347826
DEJU_002,2018,169.8695652173913
DEJU_024,2018,170.95652173913044
DEJU_016,2018,187.0
DEJU_009,2018,193.84782608695653
DEJU_018,2018,140.67391304347825
DEJU_020,2018,170.2173913043478
HEAL_072,2018,284.3478260869565
HEAL_063,2018,282.4347826086956
HEAL_070,2018,289.6521739130435
HEAL_060,2018,289.67391304347825
HEAL_071,2018,289.67391304347825
HEAL_050,2018,289.67391304347825
HEAL_067,2018,289.6521739130435
HEAL_068,2018,307.9782608695652
HEAL_064,2018,316.5217391304348
HEAL_062,2018,289.67391304347825
HEAL_061,2018,289.6521739130435
HEAL_073,2018,289.6521739130435
HEAL_052,2018,289.6521739130435
HEAL_066,2018,298.2391304347826
HEAL_058,2018,289.6521739130435
HEAL_069,2018,298.2391304347826
HEAL_048,2018,282.4347826086956
HEAL_054,2018,307.9347826086956
HEAL_053,2018,298.2391304347826
HEAL_074,2018,298.2391304347826
HEAL_056,2018,298.2391304347826
HEAL_051,2018,298.2391304347826
HEAL_065,2018,298.2391304347826
HEAL_057,2018,284.30434782608694
HEAL_046,2018,298.2391304347826
HEAL_059,2018,298.2391304347826
HEAL_055,2018,298.2391304347826
HEAL_047,2018,298.2391304347826
HEAL_010,2018,272.5217391304348
HEAL_002,2018,260.60869565217394
HEAL_003,2018,292.7173913043478
HEAL_014,2018,285.60869565217394
HEAL_022,2018,313.1521739130435
HEAL_023,2018,277.2608695652174
HEAL_021,2018,280.4130434782609
HEAL_001,2018,296.5652173913044
HEAL_016,2018,307.9782608695652
HEAL_020,2018,191.45652173913044
HEAL_006,2018,264.1521739130435
HEAL_019,2018,284.89130434782606
HEAL_011,2018,282.30434782608694
HEAL_025,2018,249.02173913043478
HEAL_018,2018,279.5
HEAL_017,2018,188.15217391304347
HEAL_004,2018,296.54347826086956
HEAL_005,2018,302.95652173913044
HEAL_015,2018,279.89130434782606
HEAL_049,2018,289.6521739130435
HEAL_026,2018,293.39130434782606
HEAL_045,2018,284.3478260869565
HEAL_024,2018,272.2826086956522
ABBY_063,2019,514.5217391304348
ABBY_068,2019,514.5217391304348
ABBY_065,2019,506.82608695652175
ABBY_067,2019,514.5217391304348
ABBY_066,2019,514.5217391304348
ABBY_061,2019,514.5217391304348
ABBY_070,2019,514.5217391304348
ABBY_062,2019,514.4130434782609
ABBY_064,2019,514.5217391304348
ABBY_069,2019,514.4130434782609
ABBY_075,2019,535.1304347826087
ABBY_074,2019,514.4130434782609
ABBY_073,2019,514.4130434782609
ABBY_076,2019,514.5217391304348
ABBY_004,2019,471.95652173913044
ABBY_009,2019,471.95652173913044
ABBY_011,2019,535.695652173913
ABBY_013,2019,534.1086956521739
ABBY_023,2019,537.4130434782609
ABBY_010,2019,576.304347826087
ABBY_018,2019,547.0434782608696
ABBY_003,2019,502.4347826086956
ABBY_012,2019,621.0434782608696
ABBY_005,2019,583.3260869565217
ABBY_016,2019,531.6521739130435
ABBY_008,2019,513.9565217391304
ABBY_017,2019,444.4782608695652
ABBY_014,2019,557.9565217391304
ABBY_001,2019,552.1521739130435
ABBY_019,2019,501.4347826086956
ABBY_006,2019,568.5652173913044
ABBY_002,2019,498.32608695652175
ABBY_007,2019,471.6521739130435
ABBY_025,2019,507.89130434782606
ABBY_015,2019,401.9782608695652
ABBY_077,2019,582.0217391304348
BART_012,2019,404.5652173913044
BART_001,2019,424.8695652173913
BART_005,2019,449.9130434782609
BART_044,2019,417.1304347826087
BART_037,2019,417.1304347826087
BART_073,2019,403.6304347826087
BART_074,2019,417.1304347826087
BART_075,2019,400.8695652173913
BART_042,2019,400.8695652173913
BART_072,2019,400.8695652173913
BART_046,2019,417.1304347826087
BART_036,2019,400.8695652173913
BART_051,2019,403.6304347826087
BART_041,2019,433.4130434782609
BART_034,2019,433.4130434782609
BART_039,2019,403.6304347826087
BART_050,2019,400.8695652173913
BART_040,2019,403.5652173913044
BART_071,2019,424.3695652173913
BART_070,2019,433.4130434782609
BART_033,2019,433.4130434782609
BART_047,2019,403.5652173913044
BART_032,2019,424.4347826086956
BART_015,2019,431.6521739130435
BART_016,2019,440.4782608695652
BART_028,2019,425.54347826086956
BART_010,2019,428.10869565217394
BART_013,2019,416.67391304347825
BART_026,2019,414.4130434782609
BART_006,2019,409.32608695652175
BART_023,2019,428.10869565217394
BART_002,2019,407.8695652173913
BART_018,2019,431.69565217391306
BART_003,2019,437.8695652173913
BART_024,2019,428.10869565217394
BART_011,2019,426.54347826086956
BART_025,2019,414.4130434782609
BART_007,2019,426.54347826086956
BART_027,2019,437.17391304347825
BART_004,2019,406.54347826086956
BART_019,2019,424.4347826086956
BLAN_042,2019,362.19565217391306
BLAN_056,2019,362.19565217391306
BLAN_034,2019,377.6304347826087
BLAN_043,2019,362.19565217391306
BLAN_046,2019,417.9782608695652
BLAN_045,2019,362.19565217391306
BLAN_059,2019,417.9782608695652
BLAN_039,2019,362.19565217391306
BLAN_033,2019,362.19565217391306
BLAN_051,2019,362.19565217391306
BLAN_054,2019,362.19565217391306
BLAN_031,2019,377.6304347826087
BLAN_049,2019,377.6304347826087
BLAN_060,2019,362.19565217391306
BLAN_035,2019,417.9782608695652
BLAN_038,2019,362.19565217391306
BLAN_040,2019,362.19565217391306
BLAN_037,2019,377.6304347826087
BLAN_044,2019,377.6304347826087
BLAN_050,2019,459.5652173913044
BLAN_052,2019,377.6304347826087
BLAN_048,2019,459.5652173913044
BLAN_055,2019,377.6304347826087
BLAN_057,2019,417.9782608695652
BLAN_032,2019,417.9782608695652
BLAN_036,2019,459.5652173913044
BLAN_047,2019,459.5652173913044
BLAN_063,2019,459.5652173913044
BLAN_005,2019,429.5652173913044
BLAN_017,2019,429.5652173913044
BLAN_011,2019,550.7391304347826
BLAN_068,2019,438.69565217391306
BLAN_016,2019,438.69565217391306
BLAN_001,2019,452.0217391304348
BLAN_008,2019,436.17391304347825
BLAN_003,2019,418.0217391304348
BLAN_018,2019,632.0869565217391
BLAN_004,2019,438.69565217391306
BLAN_014,2019,441.0217391304348
BLAN_020,2019,413.4782608695652
BLAN_006,2019,632.0869565217391
BLAN_007,2019,436.17391304347825
BLAN_010,2019,438.69565217391306
BLAN_012,2019,632.0869565217391
BLAN_013,2019,407.0217391304348
BLAN_015,2019,677.0869565217391
BLAN_009,2019,452.0217391304348
BLAN_053,2019,417.9782608695652
BLAN_041,2019,459.5652173913044
BLAN_064,2019,377.6304347826087
BLAN_019,2019,438.67391304347825
GRSM_057,2019,488.7826086956522
GRSM_048,2019,488.7826086956522
GRSM_059,2019,497.10869565217394
GRSM_054,2019,484.5217391304348
GRSM_049,2019,498.32608695652175
GRSM_066,2019,488.7826086956522
GRSM_065,2019,489.5652173913044
GRSM_047,2019,497.10869565217394
GRSM_063,2019,489.7826086956522
GRSM_053,2019,489.7826086956522
GRSM_062,2019,484.5217391304348
GRSM_060,2019,497.10869565217394
GRSM_050,2019,483.17391304347825
GRSM_051,2019,497.10869565217394
GRSM_064,2019,497.10869565217394
GRSM_002,2019,577.3478260869565
GRSM_025,2019,541.0869565217391
GRSM_016,2019,450.6304347826087
GRSM_017,2019,519.304347826087
GRSM_004,2019,562.1739130434783
GRSM_001,2019,539.2391304347826
GRSM_012,2019,482.80434782608694
GRSM_008,2019,495.95652173913044
GRSM_003,2019,507.8695652173913
GRSM_019,2019,543.2826086956521
GRSM_006,2019,543.2826086956521
GRSM_013,2019,531.3478260869565
GRSM_015,2019,544.304347826087
GRSM_014,2019,530.1739130434783
GRSM_010,2019,539.195652173913
GRSM_005,2019,525.9347826086956
GRSM_011,2019,533.7826086956521
GRSM_007,2019,480.69565217391306
GRSM_009,2019,490.3695652173913
GRSM_055,2019,489.7826086956522
GRSM_018,2019,586.8695652173913
GRSM_061,2019,497.10869565217394
GRSM_056,2019,497.10869565217394
GRSM_058,2019,489.5652173913044
GRSM_052,2019,484.5217391304348
HARV_013,2019,453.3695652173913
HARV_022,2019,464.54347826086956
HARV_008,2019,448.9347826086956
HARV_004,2019,468.0217391304348
HARV_024,2019,455.10869565217394
HARV_010,2019,0.0
HARV_006,2019,444.95652173913044
HARV_001,2019,438.30434782608694
HARV_005,2019,398.2173913043478
HARV_027,2019,460.8695652173913
HARV_043,2019,462.89130434782606
HARV_035,2019,462.89130434782606
HARV_037,2019,467.8695652173913
HARV_020,2019,453.2608695652174
HARV_023,2019,452.3478260869565
HARV_014,2019,446.4782608695652
HARV_011,2019,439.6304347826087
HARV_025,2019,435.7173913043478
HARV_002,2019,468.89130434782606
HARV_012,2019,461.6521739130435
HARV_026,2019,444.4782608695652
HARV_016,2019,447.04347826086956
HARV_039,2019,454.8695652173913
HARV_021,2019,463.6521739130435
HARV_045,2019,458.82608695652175
HARV_041,2019,467.7826086956522
HARV_038,2019,467.8695652173913
HARV_050,2019,467.8695652173913
HARV_048,2019,462.89130434782606
HARV_036,2019,458.82608695652175
HARV_052,2019,462.89130434782606
HARV_049,2019,454.7391304347826
HARV_047,2019,467.8695652173913
HARV_044,2019,467.8695652173913
HARV_040,2019,462.89130434782606
HARV_046,2019,467.7826086956522
HARV_033,2019,467.8695652173913
HARV_051,2019,454.8695652173913
HARV_034,2019,467.8695652173913
HARV_042,2019,454.8695652173913
HARV_015,2019,467.7826086956522
HARV_017,2019,453.9782608695652
JERC_002,2019,588.6521739130435
JERC_015,2019,608.0
JERC_007,2019,643.2391304347826
JERC_001,2019,645.5
JERC_010,2019,579.5217391304348
JERC_009,2019,555.8913043478261
JERC_029,2019,561.5
JERC_021,2019,589.8478260869565
JERC_011,2019,561.5
JERC_040,2019,568.3478260869565
JERC_035,2019,558.4565217391304
JERC_033,2019,608.0869565217391
JERC_019,2019,600.5652173913044
JERC_030,2019,482.7173913043478
JERC_034,2019,497.9347826086956
JERC_036,2019,595.2608695652174
JERC_028,2019,307.0652173913044
JERC_044,2019,644.5869565217391
JERC_016,2019,595.2608695652174
JERC_038,2019,581.3260869565217
JERC_006,2019,488.0
JERC_041,2019,610.195652173913
JERC_031,2019,573.7391304347826
JERC_042,2019,579.5217391304348
JERC_008,2019,547.695652173913
JERC_005,2019,547.695652173913
JERC_003,2019,645.5
JERC_022,2019,563.695652173913
JERC_013,2019,583.0217391304348
JERC_066,2019,588.6521739130435
JERC_065,2019,573.7391304347826
JERC_054,2019,629.304347826087
JERC_051,2019,573.7391304347826
JERC_062,2019,588.695652173913
JERC_047,2019,588.695652173913
JERC_057,2019,573.804347826087
JERC_060,2019,573.7391304347826
JERC_064,2019,573.7391304347826
JERC_050,2019,588.695652173913
JERC_053,2019,588.6521739130435
JERC_049,2019,588.695652173913
JERC_061,2019,588.695652173913
JERC_058,2019,588.6521739130435
JERC_048,2019,588.6521739130435
JERC_063,2019,588.6521739130435
JERC_052,2019,588.695652173913
JERC_059,2019,588.6521739130435
JERC_056,2019,588.695652173913
JERC_055,2019,588.695652173913
JERC_004,2019,613.0869565217391
JERC_014,2019,547.5652173913044
JERC_012,2019,499.3478260869565
MLBS_076,2019,443.39130434782606
MLBS_061,2019,452.5
MLBS_064,2019,452.5
MLBS_075,2019,443.4347826086956
MLBS_065,2019,443.4347826086956
MLBS_062,2019,443.4782608695652
MLBS_069,2019,443.39130434782606
MLBS_063,2019,443.4130434782609
MLBS_073,2019,443.4130434782609
MLBS_074,2019,443.39130434782606
MLBS_066,2019,443.4130434782609
MLBS_067,2019,443.4130434782609
MLBS_071,2019,443.39130434782606
MLBS_072,2019,443.4130434782609
MLBS_070,2019,443.4130434782609
MLBS_068,2019,443.4130434782609
MLBS_009,2019,452.5
MLBS_010,2019,445.0652173913044
MLBS_005,2019,432.2608695652174
MLBS_003,2019,445.0652173913044
MLBS_019,2019,475.0
MLBS_016,2019,509.82608695652175
MLBS_015,2019,501.9782608695652
MLBS_014,2019,504.9130434782609
MLBS_001,2019,444.7173913043478
MLBS_017,2019,444.7173913043478
MLBS_011,2019,476.80434782608694
MLBS_012,2019,476.80434782608694
MLBS_002,2019,443.4347826086956
MLBS_004,2019,496.0869565217391
MLBS_018,2019,487.82608695652175
MLBS_008,2019,494.0217391304348
MLBS_007,2019,500.45652173913044
MLBS_006,2019,501.0217391304348
MLBS_020,2019,512.4347826086956
MLBS_013,2019,523.8913043478261
ORNL_002,2019,526.6086956521739
ORNL_003,2019,511.9782608695652
ORNL_009,2019,499.7391304347826
ORNL_021,2019,461.4130434782609
ORNL_031,2019,406.9782608695652
ORNL_033,2019,501.0652173913044
ORNL_066,2019,687.2391304347826
ORNL_044,2019,687.2391304347826
ORNL_012,2019,0.0
ORNL_004,2019,492.4782608695652
ORNL_001,2019,424.60869565217394
ORNL_027,2019,505.8478260869565
ORNL_014,2019,506.69565217391306
ORNL_029,2019,521.2608695652174
ORNL_007,2019,522.2608695652174
ORNL_006,2019,510.2826086956522
ORNL_008,2019,530.8913043478261
ORNL_035,2019,538.1304347826087
ORNL_010,2019,513.9782608695652
ORNL_032,2019,506.1521739130435
ORNL_055,2019,531.195652173913
ORNL_062,2019,531.195652173913
ORNL_063,2019,534.804347826087
ORNL_049,2019,534.804347826087
ORNL_052,2019,531.195652173913
ORNL_059,2019,526.6521739130435
ORNL_036,2019,531.0869565217391
ORNL_053,2019,526.6521739130435
ORNL_046,2019,526.6521739130435
ORNL_043,2019,536.0869565217391
ORNL_058,2019,536.0869565217391
ORNL_060,2019,536.0869565217391
ORNL_056,2019,531.195652173913
ORNL_037,2019,531.195652173913
ORNL_057,2019,531.0869565217391
ORNL_051,2019,531.195652173913
ORNL_061,2019,526.6521739130435
ORNL_054,2019,531.0869565217391
ORNL_045,2019,531.0869565217391
ORNL_050,2019,531.0869565217391
ORNL_017,2019,508.67391304347825
ORNL_068,2019,460.2826086956522
ORNL_019,2019,534.1086956521739
ORNL_018,2019,480.0
ORNL_067,2019,527.2608695652174
ORNL_015,2019,512.0652173913044
OSBS_002,2019,548.7391304347826
OSBS_006,2019,490.3478260869565
OSBS_048,2019,521.1739130434783
OSBS_001,2019,716.8478260869565
OSBS_018,2019,436.3695652173913
OSBS_011,2019,553.1521739130435
OSBS_014,2019,558.2391304347826
OSBS_004,2019,534.9347826086956
OSBS_020,2019,451.7391304347826
OSBS_023,2019,553.1521739130435
OSBS_049,2019,570.7173913043479
OSBS_003,2019,456.2391304347826
OSBS_012,2019,488.45652173913044
OSBS_013,2019,534.9347826086956
OSBS_024,2019,553.1521739130435
OSBS_016,2019,604.3260869565217
OSBS_008,2019,546.4782608695652
OSBS_010,2019,447.1521739130435
OSBS_051,2019,505.2608695652174
OSBS_050,2019,515.195652173913
OSBS_007,2019,545.3260869565217
OSBS_005,2019,644.0652173913044
OSBS_017,2019,684.7391304347826
OSBS_043,2019,464.17391304347825
OSBS_022,2019,558.2391304347826
OSBS_039,2019,455.80434782608694
OSBS_036,2019,455.80434782608694
OSBS_029,2019,455.80434782608694
OSBS_040,2019,480.54347826086956
OSBS_015,2019,746.4130434782609
OSBS_025,2019,503.5652173913044
OSBS_030,2019,503.5652173913044
OSBS_038,2019,503.5652173913044
OSBS_042,2019,503.5652173913044
OSBS_035,2019,495.9347826086956
OSBS_037,2019,495.9347826086956
OSBS_028,2019,495.9347826086956
OSBS_021,2019,541.3478260869565
OSBS_041,2019,495.9347826086956
OSBS_009,2019,693.7826086956521
OSBS_031,2019,480.54347826086956
OSBS_033,2019,455.80434782608694
OSBS_032,2019,455.80434782608694
OSBS_044,2019,455.80434782608694
OSBS_027,2019,455.80434782608694
OSBS_034,2019,480.5
OSBS_026,2019,455.80434782608694
OSBS_063,2019,558.6739130434783
OSBS_067,2019,522.7608695652174
OSBS_066,2019,746.4130434782609
OSBS_068,2019,493.54347826086956
OSBS_070,2019,480.54347826086956
OSBS_073,2019,595.195652173913
RMNP_043,2019,204.7173913043478
RMNP_042,2019,204.7173913043478
RMNP_041,2019,274.32608695652175
RMNP_048,2019,204.7173913043478
RMNP_049,2019,204.7173913043478
RMNP_046,2019,204.7173913043478
RMNP_047,2019,204.7173913043478
RMNP_045,2019,204.7173913043478
RMNP_044,2019,204.7173913043478
RMNP_013,2019,263.0869565217391
RMNP_003,2019,289.9130434782609
RMNP_009,2019,289.9130434782609
RMNP_011,2019,181.15217391304347
RMNP_019,2019,279.5
RMNP_015,2019,332.4130434782609
RMNP_002,2019,332.17391304347825
RMNP_020,2019,332.4130434782609
RMNP_016,2019,289.82608695652175
RMNP_017,2019,294.32608695652175
RMNP_005,2019,354.5
RMNP_001,2019,354.5
RMNP_014,2019,423.7391304347826
RMNP_008,2019,324.5217391304348
RMNP_012,2019,389.54347826086956
RMNP_018,2019,357.5869565217391
RMNP_006,2019,366.45652173913044
RMNP_004,2019,320.2608695652174
RMNP_010,2019,357.04347826086956
RMNP_007,2019,357.04347826086956
SCBI_008,2019,461.4130434782609
SCBI_004,2019,455.89130434782606
SCBI_015,2019,468.4347826086956
SCBI_017,2019,474.95652173913044
SCBI_013,2019,473.7826086956522
SCBI_007,2019,475.32608695652175
SCBI_018,2019,478.8695652173913
SCBI_003,2019,487.32608695652175
SCBI_011,2019,489.4130434782609
SCBI_016,2019,451.69565217391306
SCBI_002,2019,470.1304347826087
SCBI_010,2019,469.4347826086956
SCBI_014,2019,485.3695652173913
SCBI_005,2019,479.1304347826087
SCBI_056,2019,459.7826086956522
SCBI_045,2019,463.1304347826087
SCBI_053,2019,459.7826086956522
SCBI_061,2019,459.7826086956522
SCBI_050,2019,459.7826086956522
SCBI_057,2019,459.7826086956522
SCBI_062,2019,469.8695652173913
SCBI_047,2019,469.8695652173913
SCBI_067,2019,469.8695652173913
SCBI_066,2019,469.8695652173913
SCBI_064,2019,463.1304347826087
SCBI_052,2019,463.1304347826087
SCBI_054,2019,463.1304347826087
SCBI_046,2019,470.1304347826087
SCBI_049,2019,469.8695652173913
SCBI_063,2019,469.8695652173913
SCBI_055,2019,459.7826086956522
SCBI_048,2019,469.8695652173913
SCBI_051,2019,459.7826086956522
SCBI_058,2019,463.1304347826087
SCBI_034,2019,348.5869565217391
SCBI_038,2019,441.0652173913044
SCBI_033,2019,348.5869565217391
SCBI_006,2019,461.60869565217394
SCBI_035,2019,441.0652173913044
SCBI_012,2019,553.695652173913
SCBI_071,2019,469.4347826086956
SCBI_019,2019,481.9130434782609
SCBI_021,2019,461.60869565217394
SCBI_023,2019,468.4347826086956
SCBI_022,2019,481.7173913043478
SERC_062,2019,465.04347826086956
SERC_045,2019,465.04347826086956
SERC_051,2019,465.04347826086956
SERC_050,2019,482.30434782608694
SERC_052,2019,499.80434782608694
SERC_058,2019,495.3478260869565
SERC_043,2019,496.0217391304348
SERC_055,2019,479.89130434782606
SERC_048,2019,495.3478260869565
SERC_060,2019,495.3478260869565
SERC_061,2019,500.6521739130435
SERC_054,2019,500.6521739130435
SERC_059,2019,481.4782608695652
SERC_046,2019,491.69565217391306
SERC_053,2019,500.6521739130435
SERC_044,2019,491.69565217391306
SERC_047,2019,491.82608695652175
SERC_049,2019,491.82608695652175
SERC_057,2019,491.82608695652175
SERC_056,2019,491.82608695652175
SERC_007,2019,629.0869565217391
SERC_018,2019,584.3695652173913
SERC_009,2019,495.8695652173913
SERC_008,2019,584.3913043478261
SERC_011,2019,490.1521739130435
SERC_003,2019,480.80434782608694
SERC_006,2019,427.6521739130435
SERC_001,2019,442.10869565217394
SERC_017,2019,608.1521739130435
SERC_019,2019,475.9130434782609
SERC_010,2019,685.7826086956521
SERC_014,2019,389.6304347826087
SERC_012,2019,491.9347826086956
SERC_016,2019,480.7173913043478
SERC_022,2019,464.54347826086956
SERC_004,2019,475.9130434782609
SERC_021,2019,496.0217391304348
SERC_013,2019,458.30434782608694
SERC_005,2019,493.19565217391306
SERC_002,2019,503.82608695652175
SERC_067,2019,487.4782608695652
SERC_073,2019,482.30434782608694
SOAP_059,2019,459.04347826086956
SOAP_057,2019,459.04347826086956
SOAP_051,2019,459.04347826086956
SOAP_048,2019,459.04347826086956
SOAP_058,2019,446.82608695652175
SOAP_043,2019,446.3478260869565
SOAP_050,2019,446.3478260869565
SOAP_044,2019,396.45652173913044
SOAP_052,2019,396.0
SOAP_046,2019,396.45652173913044
SOAP_060,2019,396.0
SOAP_055,2019,446.3478260869565
SOAP_054,2019,390.0
SOAP_047,2019,390.0
SOAP_031,2019,415.1521739130435
SOAP_049,2019,415.1521739130435
SOAP_056,2019,415.1521739130435
SOAP_053,2019,390.0
SOAP_045,2019,381.7391304347826
SOAP_061,2019,459.04347826086956
SOAP_002,2019,314.8695652173913
SOAP_010,2019,459.04347826086956
SOAP_006,2019,346.2391304347826
SOAP_013,2019,314.8695652173913
SOAP_012,2019,322.9347826086956
SOAP_004,2019,459.04347826086956
SOAP_003,2019,419.54347826086956
SOAP_016,2019,389.2608695652174
SOAP_007,2019,407.54347826086956
SOAP_020,2019,390.0
SOAP_009,2019,430.2608695652174
SOAP_008,2019,322.9347826086956
SOAP_021,2019,380.5
SOAP_018,2019,459.6521739130435
SOAP_019,2019,459.6521739130435
SOAP_017,2019,467.5869565217391
SOAP_015,2019,455.5217391304348
SOAP_001,2019,506.82608695652175
SOAP_011,2019,446.82608695652175
SOAP_022,2019,455.5217391304348
SOAP_024,2019,346.2391304347826
STEI_058,2019,384.5217391304348
STEI_051,2019,384.5217391304348
STEI_056,2019,385.67391304347825
STEI_046,2019,385.67391304347825
STEI_061,2019,385.67391304347825
STEI_062,2019,385.67391304347825
STEI_052,2019,385.67391304347825
STEI_055,2019,384.5217391304348
STEI_047,2019,385.67391304347825
STEI_053,2019,385.67391304347825
STEI_048,2019,387.2173913043478
STEI_060,2019,385.67391304347825
STEI_054,2019,387.2173913043478
STEI_049,2019,385.67391304347825
STEI_057,2019,385.67391304347825
STEI_050,2019,387.2173913043478
STEI_059,2019,387.2173913043478
STEI_005,2019,397.32608695652175
STEI_009,2019,388.30434782608694
STEI_012,2019,397.0
STEI_017,2019,394.2391304347826
STEI_019,2019,400.3695652173913
STEI_003,2019,408.82608695652175
STEI_007,2019,383.45652173913044
STEI_002,2019,385.17391304347825
STEI_011,2019,400.1304347826087
STEI_010,2019,381.69565217391306
STEI_008,2019,376.04347826086956
STEI_015,2019,390.7391304347826
STEI_016,2019,370.2826086956522
STEI_004,2019,400.5217391304348
STEI_013,2019,381.04347826086956
STEI_001,2019,374.9130434782609
STEI_021,2019,383.7173913043478
STEI_006,2019,388.4347826086956
STEI_014,2019,384.3478260869565
STEI_022,2019,396.1304347826087
STEI_023,2019,412.45652173913044
TALL_003,2019,976.7173913043479
TALL_005,2019,824.4782608695652
TALL_009,2019,534.3695652173913
TALL_012,2019,1014.0869565217391
TALL_004,2019,513.4347826086956
TALL_010,2019,687.2826086956521
TALL_007,2019,726.5
TALL_002,2019,690.7173913043479
TALL_022,2019,709.5
TALL_015,2019,700.9565217391304
TALL_016,2019,764.3695652173913
TALL_011,2019,726.6739130434783
TALL_018,2019,733.5217391304348
TALL_006,2019,588.8913043478261
TALL_013,2019,585.804347826087
TALL_001,2019,557.5869565217391
TALL_017,2019,684.4130434782609
TALL_020,2019,513.3260869565217
TALL_008,2019,689.7608695652174
TALL_043,2019,595.9782608695652
TALL_049,2019,595.9782608695652
TALL_046,2019,595.9782608695652
TALL_061,2019,585.8478260869565
TALL_052,2019,585.7608695652174
TALL_050,2019,721.6739130434783
TALL_051,2019,585.8478260869565
TALL_057,2019,585.8478260869565
TALL_060,2019,721.6739130434783
TALL_055,2019,585.8478260869565
TALL_058,2019,585.7608695652174
TALL_045,2019,721.6739130434783
TALL_059,2019,585.7608695652174
TALL_054,2019,585.8478260869565
TALL_056,2019,585.7608695652174
TALL_044,2019,721.6739130434783
TALL_047,2019,721.6739130434783
TALL_048,2019,595.9782608695652
TALL_042,2019,595.9782608695652
TALL_053,2019,585.7608695652174
TALL_064,2019,670.7173913043479
TALL_025,2019,824.4782608695652
TEAK_045,2019,285.80434782608694
TEAK_054,2019,285.80434782608694
TEAK_048,2019,285.80434782608694
TEAK_061,2019,285.80434782608694
TEAK_059,2019,285.80434782608694
TEAK_049,2019,285.7173913043478
TEAK_060,2019,285.7173913043478
TEAK_055,2019,285.7173913043478
TEAK_062,2019,290.7173913043478
TEAK_056,2019,342.0652173913044
TEAK_044,2019,342.0652173913044
TEAK_057,2019,342.10869565217394
TEAK_053,2019,342.0652173913044
TEAK_047,2019,342.0652173913044
TEAK_051,2019,342.10869565217394
TEAK_046,2019,315.39130434782606
TEAK_058,2019,285.7173913043478
TEAK_043,2019,290.7173913043478
TEAK_052,2019,315.3478260869565
TEAK_050,2019,342.8478260869565
TEAK_001,2019,381.1304347826087
TEAK_002,2019,279.04347826086956
TEAK_003,2019,328.5217391304348
TEAK_004,2019,282.2608695652174
TEAK_006,2019,248.0
TEAK_025,2019,250.8695652173913
TEAK_005,2019,138.0
TEAK_011,2019,350.2391304347826
TEAK_007,2019,328.4782608695652
TEAK_014,2019,319.0217391304348
TEAK_010,2019,344.80434782608694
TEAK_012,2019,328.5217391304348
TEAK_017,2019,304.39130434782606
TEAK_013,2019,266.17391304347825
TEAK_019,2019,392.89130434782606
TEAK_020,2019,275.3478260869565
TEAK_016,2019,249.95652173913044
TEAK_015,2019,294.4782608695652
TEAK_024,2019,231.8695652173913
TEAK_018,2019,286.2391304347826
TREE_042,2019,393.89130434782606
TREE_053,2019,395.4347826086956
TREE_049,2019,395.4347826086956
TREE_046,2019,395.4347826086956
TREE_055,2019,395.45652173913044
TREE_056,2019,395.4347826086956
TREE_050,2019,527.195652173913
TREE_054,2019,527.195652173913
TREE_052,2019,395.4347826086956
TREE_051,2019,395.45652173913044
TREE_057,2019,379.0217391304348
TREE_025,2019,379.0217391304348
TREE_043,2019,379.0217391304348
TREE_044,2019,379.0217391304348
TREE_048,2019,502.2391304347826
TREE_047,2019,381.30434782608694
TREE_041,2019,390.1304347826087
TREE_040,2019,381.30434782608694
TREE_039,2019,379.0217391304348
TREE_045,2019,379.0217391304348
TREE_017,2019,379.0217391304348
TREE_019,2019,381.5
TREE_010,2019,382.04347826086956
TREE_016,2019,381.67391304347825
TREE_001,2019,370.2173913043478
TREE_014,2019,370.2173913043478
TREE_009,2019,380.5869565217391
TREE_060,2019,516.9565217391304
TREE_012,2019,381.5
TREE_005,2019,384.7173913043478
TREE_011,2019,363.2173913043478
TREE_018,2019,382.0652173913044
TREE_003,2019,380.95652173913044
TREE_007,2019,363.2173913043478
TREE_008,2019,497.9130434782609
TREE_006,2019,378.3478260869565
TREE_004,2019,497.9130434782609
TREE_002,2019,382.0652173913044
TREE_015,2019,396.0869565217391
TREE_023,2019,396.10869565217394
TREE_062,2019,380.5869565217391
TREE_064,2019,381.6521739130435
TREE_022,2019,378.3478260869565
TREE_063,2019,370.5217391304348
UNDE_048,2019,361.39130434782606
UNDE_038,2019,359.5217391304348
UNDE_037,2019,351.82608695652175
UNDE_045,2019,361.39130434782606
UNDE_058,2019,360.60869565217394
UNDE_052,2019,361.39130434782606
UNDE_047,2019,362.60869565217394
UNDE_054,2019,360.60869565217394
UNDE_057,2019,361.39130434782606
UNDE_050,2019,360.60869565217394
UNDE_055,2019,360.60869565217394
UNDE_059,2019,351.7608695652174
UNDE_065,2019,341.0869565217391
UNDE_043,2019,361.39130434782606
UNDE_044,2019,351.7608695652174
UNDE_049,2019,360.60869565217394
UNDE_056,2019,361.39130434782606
UNDE_078,2019,359.5217391304348
UNDE_061,2019,359.5217391304348
UNDE_060,2019,360.60869565217394
UNDE_014,2019,348.5869565217391
UNDE_013,2019,360.60869565217394
UNDE_002,2019,325.60869565217394
UNDE_001,2019,355.2391304347826
UNDE_003,2019,348.10869565217394
UNDE_010,2019,355.7391304347826
UNDE_006,2019,336.32608695652175
UNDE_011,2019,354.7391304347826
UNDE_007,2019,383.32608695652175
UNDE_012,2019,330.19565217391306
UNDE_008,2019,336.32608695652175
UNDE_016,2019,341.6521739130435
UNDE_020,2019,302.2173913043478
UNDE_021,2019,313.82608695652175
UNDE_022,2019,359.60869565217394
UNDE_018,2019,330.67391304347825
UNDE_019,2019,368.0
UNDE_023,2019,353.0
UNDE_015,2019,353.04347826086956
UNDE_027,2019,350.32608695652175
WREF_089,2019,498.9782608695652
WREF_082,2019,609.6304347826087
WREF_077,2019,607.4782608695652
WREF_083,2019,498.9782608695652
WREF_086,2019,496.04347826086956
WREF_081,2019,496.39130434782606
WREF_076,2019,514.3695652173913
WREF_070,2019,607.4782608695652
WREF_074,2019,609.6304347826087
WREF_072,2019,575.4347826086956
WREF_080,2019,588.3260869565217
WREF_073,2019,588.3260869565217
WREF_079,2019,588.3260869565217
WREF_085,2019,609.1304347826087
WREF_084,2019,609.1304347826087
WREF_078,2019,603.5869565217391
WREF_088,2019,609.6304347826087
WREF_087,2019,609.1304347826087
WREF_075,2019,607.4782608695652
WREF_071,2019,609.6304347826087
WREF_012,2019,584.3260869565217
WREF_016,2019,625.304347826087
WREF_015,2019,587.0869565217391
WREF_013,2019,596.6739130434783
WREF_001,2019,514.2608695652174
WREF_003,2019,603.195652173913
WREF_018,2019,573.4130434782609
WREF_020,2019,634.0869565217391
WREF_002,2019,603.6739130434783
WREF_019,2019,533.2173913043479
WREF_010,2019,646.3478260869565
WREF_007,2019,614.2173913043479
WREF_008,2019,578.5217391304348
WREF_006,2019,596.3260869565217
WREF_005,2019,513.195652173913
WREF_014,2019,533.5217391304348
WREF_009,2019,638.2608695652174
WREF_011,2019,614.4130434782609
WREF_004,2019,585.5217391304348
WREF_017,2019,586.0
DELA_013,2019,478.39130434782606
DELA_003,2019,633.2391304347826
DELA_005,2019,341.1304347826087
DELA_011,2019,398.45652173913044
DELA_004,2019,500.5652173913044
DELA_018,2019,494.9130434782609
DELA_014,2019,479.5
DELA_015,2019,500.5652173913044
DELA_012,2019,479.5
DELA_010,2019,494.9130434782609
DELA_016,2019,528.5217391304348
DELA_001,2019,498.82608695652175
DELA_019,2019,501.0652173913044
DELA_017,2019,528.5217391304348
DELA_009,2019,633.2391304347826
DELA_002,2019,479.5
DELA_007,2019,494.9130434782609
DELA_020,2019,499.39130434782606
DELA_006,2019,501.0652173913044
DELA_008,2019,478.2826086956522
DELA_046,2019,499.39130434782606
DELA_053,2019,499.39130434782606
DELA_051,2019,487.54347826086956
DELA_043,2019,487.54347826086956
DELA_040,2019,499.39130434782606
DELA_052,2019,487.54347826086956
DELA_041,2019,487.54347826086956
DELA_044,2019,487.54347826086956
DELA_039,2019,453.3478260869565
DELA_054,2019,499.39130434782606
DELA_045,2019,499.39130434782606
DELA_042,2019,495.2826086956522
DELA_055,2019,453.3478260869565
DELA_037,2019,499.39130434782606
DELA_050,2019,499.39130434782606
DELA_056,2019,499.39130434782606
DELA_047,2019,494.9130434782609
DELA_048,2019,494.9130434782609
DELA_049,2019,495.2826086956522
DELA_038,2019,453.3478260869565
DELA_023,2019,478.2826086956522
DELA_022,2019,478.39130434782606
DELA_021,2019,391.9782608695652
DELA_059,2019,495.2826086956522
LENO_061,2019,650.7608695652174
LENO_065,2019,650.7608695652174
LENO_062,2019,650.7608695652174
LENO_068,2019,591.4130434782609
LENO_067,2019,591.4130434782609
LENO_064,2019,650.7608695652174
LENO_063,2019,591.4130434782609
LENO_066,2019,622.4130434782609
LENO_069,2019,622.4130434782609
LENO_070,2019,622.4130434782609
LENO_003,2019,463.7608695652174
LENO_002,2019,476.1304347826087
LENO_014,2019,491.80434782608694
LENO_011,2019,455.8695652173913
LENO_005,2019,459.4347826086956
LENO_015,2019,620.7173913043479
LENO_010,2019,465.0217391304348
LENO_012,2019,586.2391304347826
LENO_009,2019,504.0869565217391
LENO_018,2019,606.9565217391304
LENO_006,2019,472.67391304347825
LENO_013,2019,495.9347826086956
LENO_007,2019,491.80434782608694
LENO_008,2019,620.7173913043479
LENO_022,2019,506.80434782608694
LENO_001,2019,426.60869565217394
LENO_016,2019,472.67391304347825
LENO_021,2019,553.4130434782609
LENO_017,2019,621.5217391304348
LENO_004,2019,452.8695652173913
LENO_019,2019,496.5217391304348
UKFS_032,2019,452.0869565217391
UKFS_057,2019,452.10869565217394
UKFS_051,2019,452.10869565217394
UKFS_047,2019,470.30434782608694
UKFS_055,2019,452.0869565217391
UKFS_058,2019,470.30434782608694
UKFS_060,2019,452.0869565217391
UKFS_056,2019,480.7608695652174
UKFS_054,2019,472.0
UKFS_050,2019,478.7173913043478
UKFS_046,2019,478.7173913043478
UKFS_045,2019,470.30434782608694
UKFS_043,2019,478.7173913043478
UKFS_052,2019,470.30434782608694
UKFS_059,2019,478.7173913043478
UKFS_048,2019,478.7173913043478
UKFS_049,2019,480.7608695652174
UKFS_031,2019,470.30434782608694
UKFS_044,2019,480.7608695652174
UKFS_053,2019,480.7608695652174
UKFS_007,2019,280.6304347826087
UKFS_005,2019,472.89130434782606
UKFS_004,2019,504.7391304347826
UKFS_009,2019,283.5652173913044
UKFS_006,2019,478.7173913043478
UKFS_012,2019,269.7391304347826
UKFS_002,2019,294.89130434782606
UKFS_010,2019,400.54347826086956
UKFS_003,2019,400.54347826086956
UKFS_001,2019,470.30434782608694
UKFS_011,2019,472.0
UKFS_008,2019,472.0
UKFS_017,2019,269.7391304347826
UKFS_019,2019,459.2173913043478
UKFS_016,2019,397.9782608695652
UKFS_018,2019,400.54347826086956
UKFS_014,2019,470.30434782608694
UKFS_015,2019,473.7826086956522
UKFS_013,2019,382.19565217391306
UKFS_025,2019,433.19565217391306
YELL_002,2019,166.3695652173913
YELL_016,2019,132.41304347826087
YELL_013,2019,145.04347826086956
YELL_006,2019,144.91304347826087
YELL_020,2019,246.04347826086956
YELL_008,2019,168.82608695652175
YELL_014,2019,202.06521739130434
YELL_001,2019,148.3913043478261
YELL_011,2019,137.08695652173913
YELL_004,2019,132.2173913043478
YELL_003,2019,149.93478260869566
YELL_010,2019,148.47826086956522
YELL_005,2019,118.82608695652173
YELL_007,2019,164.3913043478261
YELL_018,2019,173.5
YELL_023,2019,170.54347826086956
YELL_012,2019,146.7826086956522
YELL_009,2019,149.45652173913044
YELL_021,2019,302.89130434782606
YELL_022,2019,148.17391304347825
YELL_047,2019,162.5
YELL_054,2019,162.5
YELL_058,2019,162.5
YELL_044,2019,162.5
YELL_052,2019,162.54347826086956
YELL_055,2019,162.54347826086956
YELL_062,2019,162.5
YELL_056,2019,158.6304347826087
YELL_048,2019,158.6304347826087
YELL_060,2019,188.54347826086956
YELL_051,2019,162.54347826086956
YELL_053,2019,164.97826086956522
YELL_045,2019,158.6304347826087
YELL_046,2019,162.54347826086956
YELL_061,2019,162.54347826086956
YELL_049,2019,164.97826086956522
YELL_059,2019,162.54347826086956
YELL_043,2019,164.97826086956522
YELL_050,2019,188.54347826086956
YELL_057,2019,188.54347826086956
YELL_015,2019,150.2173913043478
BONA_072,2019,285.5217391304348
BONA_079,2019,285.5217391304348
BONA_070,2019,234.8695652173913
BONA_075,2019,285.5217391304348
BONA_078,2019,285.5217391304348
BONA_076,2019,285.5217391304348
BONA_082,2019,306.2391304347826
BONA_071,2019,285.5217391304348
BONA_087,2019,285.5217391304348
BONA_084,2019,306.2608695652174
BONA_080,2019,234.8695652173913
BONA_086,2019,234.8695652173913
BONA_088,2019,285.5217391304348
BONA_089,2019,306.2391304347826
BONA_085,2019,234.8695652173913
BONA_083,2019,200.7826086956522
BONA_074,2019,200.7826086956522
BONA_081,2019,222.54347826086956
BONA_077,2019,222.54347826086956
BONA_073,2019,222.54347826086956
BONA_014,2019,320.39130434782606
BONA_011,2019,196.3913043478261
BONA_001,2019,270.1304347826087
BONA_018,2019,211.43478260869566
BONA_023,2019,312.5652173913044
BONA_009,2019,298.4130434782609
BONA_002,2019,388.95652173913044
BONA_012,2019,219.1304347826087
BONA_008,2019,370.9130434782609
BONA_093,2019,285.5217391304348
BONA_007,2019,339.5
BONA_005,2019,362.8695652173913
BONA_021,2019,382.54347826086956
BONA_026,2019,272.45652173913044
BONA_022,2019,292.60869565217394
BONA_010,2019,292.6521739130435
BONA_003,2019,162.67391304347825
BONA_004,2019,265.45652173913044
BONA_006,2019,271.6304347826087
BONA_016,2019,161.69565217391303
BONA_013,2019,274.32608695652175
DEJU_050,2019,176.97826086956522
DEJU_051,2019,175.65217391304347
DEJU_049,2019,193.93478260869566
DEJU_057,2019,193.34782608695653
DEJU_047,2019,193.93478260869566
DEJU_052,2019,193.93478260869566
DEJU_045,2019,193.95652173913044
DEJU_056,2019,193.95652173913044
DEJU_061,2019,193.95652173913044
DEJU_064,2019,176.97826086956522
DEJU_054,2019,157.5
DEJU_060,2019,181.15217391304347
DEJU_046,2019,181.15217391304347
DEJU_055,2019,181.15217391304347
DEJU_063,2019,175.65217391304347
DEJU_059,2019,176.97826086956522
DEJU_048,2019,178.41304347826087
DEJU_062,2019,178.41304347826087
DEJU_058,2019,175.65217391304347
DEJU_053,2019,176.97826086956522
DEJU_010,2019,174.2173913043478
DEJU_004,2019,127.52173913043478
DEJU_003,2019,123.43478260869566
DEJU_023,2019,156.3913043478261
DEJU_008,2019,161.67391304347825
DEJU_019,2019,159.69565217391303
DEJU_005,2019,175.2391304347826
DEJU_001,2019,161.84782608695653
DEJU_007,2019,179.95652173913044
DEJU_015,2019,207.0
DEJU_017,2019,161.7826086956522
DEJU_014,2019,149.8695652173913
DEJU_006,2019,143.93478260869566
DEJU_021,2019,180.3695652173913
DEJU_002,2019,178.84782608695653
DEJU_024,2019,165.04347826086956
DEJU_016,2019,185.08695652173913
DEJU_009,2019,190.6086956521739
DEJU_018,2019,143.91304347826087
DEJU_020,2019,168.67391304347825
HEAL_072,2019,292.39130434782606
HEAL_063,2019,306.45652173913044
HEAL_070,2019,287.7173913043478
HEAL_060,2019,287.7173913043478
HEAL_071,2019,287.7173913043478
HEAL_050,2019,287.7173913043478
HEAL_067,2019,287.7173913043478
HEAL_068,2019,297.0217391304348
HEAL_064,2019,333.5652173913044
HEAL_062,2019,287.7173913043478
HEAL_061,2019,287.7173913043478
HEAL_073,2019,287.7173913043478
HEAL_052,2019,287.7173913043478
HEAL_066,2019,289.9347826086956
HEAL_058,2019,287.7173913043478
HEAL_069,2019,289.9347826086956
HEAL_048,2019,306.45652173913044
HEAL_054,2019,297.0217391304348
HEAL_053,2019,289.89130434782606
HEAL_074,2019,289.9347826086956
HEAL_056,2019,289.9347826086956
HEAL_051,2019,289.9347826086956
HEAL_065,2019,289.89130434782606
HEAL_057,2019,292.3695652173913
HEAL_046,2019,289.9347826086956
HEAL_059,2019,289.9347826086956
HEAL_055,2019,289.89130434782606
HEAL_047,2019,289.89130434782606
HEAL_010,2019,298.1304347826087
HEAL_002,2019,275.7608695652174
HEAL_003,2019,290.7608695652174
HEAL_014,2019,313.4782608695652
HEAL_022,2019,323.19565217391306
HEAL_023,2019,319.7826086956522
HEAL_021,2019,303.60869565217394
HEAL_001,2019,321.2173913043478
HEAL_016,2019,297.0217391304348
HEAL_020,2019,215.3913043478261
HEAL_006,2019,304.80434782608694
HEAL_019,2019,317.95652173913044
HEAL_011,2019,313.04347826086956
HEAL_025,2019,276.69565217391306
HEAL_018,2019,288.5869565217391
HEAL_017,2019,221.45652173913044
HEAL_004,2019,321.0869565217391
HEAL_005,2019,338.0869565217391
HEAL_015,2019,314.30434782608694
HEAL_049,2019,287.7173913043478
HEAL_026,2019,307.7608695652174
HEAL_045,2019,292.39130434782606
HEAL_024,2019,315.39130434782606
ABBY_063,2020,516.0434782608696
ABBY_068,2020,516.0434782608696
ABBY_065,2020,524.695652173913
ABBY_067,2020,516.0434782608696
ABBY_066,2020,516.0434782608696
ABBY_061,2020,516.0434782608696
ABBY_070,2020,516.0434782608696
ABBY_062,2020,515.804347826087
ABBY_064,2020,516.0434782608696
ABBY_069,2020,515.804347826087
ABBY_075,2020,517.0434782608696
ABBY_074,2020,515.804347826087
ABBY_073,2020,515.804347826087
ABBY_076,2020,516.0434782608696
ABBY_004,2020,514.3695652173913
ABBY_009,2020,514.3695652173913
ABBY_011,2020,529.0869565217391
ABBY_013,2020,583.2826086956521
ABBY_023,2020,571.7173913043479
ABBY_010,2020,580.3478260869565
ABBY_018,2020,591.4565217391304
ABBY_003,2020,577.5434782608696
ABBY_012,2020,638.695652173913
ABBY_005,2020,600.4347826086956
ABBY_016,2020,540.8913043478261
ABBY_008,2020,558.9347826086956
ABBY_017,2020,503.9782608695652
ABBY_014,2020,579.4782608695652
ABBY_001,2020,546.8695652173913
ABBY_019,2020,548.7608695652174
ABBY_006,2020,584.3260869565217
ABBY_002,2020,536.804347826087
ABBY_007,2020,522.3695652173913
ABBY_025,2020,510.8478260869565
ABBY_015,2020,424.30434782608694
ABBY_077,2020,588.195652173913
BART_012,2020,424.2173913043478
BART_001,2020,447.0652173913044
BART_005,2020,473.67391304347825
BART_044,2020,459.3478260869565
BART_037,2020,459.3478260869565
BART_073,2020,413.0
BART_074,2020,459.3478260869565
BART_075,2020,421.30434782608694
BART_042,2020,421.30434782608694
BART_072,2020,421.30434782608694
BART_046,2020,459.3478260869565
BART_036,2020,421.30434782608694
BART_051,2020,413.0
BART_041,2020,432.7391304347826
BART_034,2020,432.7391304347826
BART_039,2020,413.0
BART_050,2020,421.30434782608694
BART_040,2020,412.89130434782606
BART_071,2020,440.19565217391306
BART_070,2020,432.7391304347826
BART_033,2020,432.7391304347826
BART_047,2020,412.89130434782606
BART_032,2020,440.3478260869565
BART_015,2020,447.3695652173913
BART_016,2020,464.7391304347826
BART_028,2020,440.54347826086956
BART_010,2020,449.7608695652174
BART_013,2020,425.0652173913044
BART_026,2020,425.95652173913044
BART_006,2020,418.5869565217391
BART_023,2020,449.7608695652174
BART_002,2020,436.7826086956522
BART_018,2020,441.7826086956522
BART_003,2020,455.9782608695652
BART_024,2020,449.7608695652174
BART_011,2020,448.6521739130435
BART_025,2020,425.95652173913044
BART_007,2020,448.6521739130435
BART_027,2020,453.5869565217391
BART_004,2020,430.9782608695652
BART_019,2020,440.3478260869565
BLAN_042,2020,448.7608695652174
BLAN_056,2020,448.7608695652174
BLAN_034,2020,457.5652173913044
BLAN_043,2020,448.7608695652174
BLAN_046,2020,489.9347826086956
BLAN_045,2020,448.7608695652174
BLAN_059,2020,489.9347826086956
BLAN_039,2020,448.7608695652174
BLAN_033,2020,448.7608695652174
BLAN_051,2020,448.7608695652174
BLAN_054,2020,448.7608695652174
BLAN_031,2020,457.5652173913044
BLAN_049,2020,457.5652173913044
BLAN_060,2020,448.7608695652174
BLAN_035,2020,489.9347826086956
BLAN_038,2020,448.7608695652174
BLAN_040,2020,448.7608695652174
BLAN_037,2020,457.5652173913044
BLAN_044,2020,457.5652173913044
BLAN_050,2020,511.5652173913044
BLAN_052,2020,457.5652173913044
BLAN_048,2020,511.5652173913044
BLAN_055,2020,457.5652173913044
BLAN_057,2020,489.9347826086956
BLAN_032,2020,489.9347826086956
BLAN_036,2020,511.5652173913044
BLAN_047,2020,511.5652173913044
BLAN_063,2020,511.5652173913044
BLAN_005,2020,447.2173913043478
BLAN_017,2020,447.2173913043478
BLAN_011,2020,569.695652173913
BLAN_068,2020,433.2391304347826
BLAN_016,2020,433.2391304347826
BLAN_001,2020,432.9782608695652
BLAN_008,2020,456.69565217391306
BLAN_003,2020,433.9130434782609
BLAN_018,2020,638.5
BLAN_004,2020,433.2391304347826
BLAN_014,2020,434.5
BLAN_020,2020,438.2391304347826
BLAN_006,2020,638.5
BLAN_007,2020,456.69565217391306
BLAN_010,2020,433.2391304347826
BLAN_012,2020,638.5
BLAN_013,2020,417.4347826086956
BLAN_015,2020,660.3695652173913
BLAN_009,2020,432.9782608695652
BLAN_053,2020,489.9347826086956
BLAN_041,2020,511.5652173913044
BLAN_064,2020,457.5652173913044
BLAN_019,2020,433.2391304347826
GRSM_057,2020,508.8695652173913
GRSM_048,2020,508.8695652173913
GRSM_059,2020,515.6739130434783
GRSM_054,2020,501.89130434782606
GRSM_049,2020,497.82608695652175
GRSM_066,2020,508.8695652173913
GRSM_065,2020,518.2391304347826
GRSM_047,2020,515.6739130434783
GRSM_063,2020,499.9782608695652
GRSM_053,2020,499.9782608695652
GRSM_062,2020,501.89130434782606
GRSM_060,2020,515.6739130434783
GRSM_050,2020,504.60869565217394
GRSM_051,2020,515.6739130434783
GRSM_064,2020,515.6739130434783
GRSM_002,2020,540.1521739130435
GRSM_025,2020,547.5
GRSM_016,2020,423.32608695652175
GRSM_017,2020,523.8695652173913
GRSM_004,2020,545.195652173913
GRSM_001,2020,547.2826086956521
GRSM_012,2020,445.0869565217391
GRSM_008,2020,482.19565217391306
GRSM_003,2020,484.10869565217394
GRSM_019,2020,524.4565217391304
GRSM_006,2020,524.4565217391304
GRSM_013,2020,541.2608695652174
GRSM_015,2020,533.7391304347826
GRSM_014,2020,529.195652173913
GRSM_010,2020,533.1086956521739
GRSM_005,2020,521.6304347826087
GRSM_011,2020,542.6086956521739
GRSM_007,2020,521.9347826086956
GRSM_009,2020,457.9347826086956
GRSM_055,2020,499.9782608695652
GRSM_018,2020,563.695652173913
GRSM_061,2020,515.6739130434783
GRSM_056,2020,515.6739130434783
GRSM_058,2020,518.2391304347826
GRSM_052,2020,501.89130434782606
HARV_013,2020,476.6304347826087
HARV_022,2020,462.0217391304348
HARV_008,2020,458.1304347826087
HARV_004,2020,468.6521739130435
HARV_024,2020,470.67391304347825
HARV_010,2020,0.0
HARV_006,2020,445.5652173913044
HARV_001,2020,450.6304347826087
HARV_005,2020,413.19565217391306
HARV_027,2020,465.5217391304348
HARV_043,2020,465.3695652173913
HARV_035,2020,465.3695652173913
HARV_037,2020,480.0869565217391
HARV_020,2020,451.9782608695652
HARV_023,2020,507.9782608695652
HARV_014,2020,457.7608695652174
HARV_011,2020,447.60869565217394
HARV_025,2020,458.2391304347826
HARV_002,2020,471.9782608695652
HARV_012,2020,470.1521739130435
HARV_026,2020,468.5
HARV_016,2020,448.4130434782609
HARV_039,2020,464.39130434782606
HARV_021,2020,465.8695652173913
HARV_045,2020,444.89130434782606
HARV_041,2020,479.9782608695652
HARV_038,2020,480.0869565217391
HARV_050,2020,480.0869565217391
HARV_048,2020,465.3695652173913
HARV_036,2020,444.89130434782606
HARV_052,2020,465.3695652173913
HARV_049,2020,464.2608695652174
HARV_047,2020,480.0869565217391
HARV_044,2020,480.0869565217391
HARV_040,2020,465.3695652173913
HARV_046,2020,479.9782608695652
HARV_033,2020,480.0869565217391
HARV_051,2020,464.39130434782606
HARV_034,2020,480.0869565217391
HARV_042,2020,464.39130434782606
HARV_015,2020,479.9782608695652
HARV_017,2020,464.3695652173913
JERC_002,2020,657.2608695652174
JERC_015,2020,666.695652173913
JERC_007,2020,662.9565217391304
JERC_001,2020,673.1304347826087
JERC_010,2020,661.8913043478261
JERC_009,2020,587.3913043478261
JERC_029,2020,627.4782608695652
JERC_021,2020,625.5869565217391
JERC_011,2020,627.4782608695652
JERC_040,2020,650.8913043478261
JERC_035,2020,630.9565217391304
JERC_033,2020,666.7391304347826
JERC_019,2020,727.2826086956521
JERC_030,2020,507.80434782608694
JERC_034,2020,527.4565217391304
JERC_036,2020,646.304347826087
JERC_028,2020,325.10869565217394
JERC_044,2020,670.8478260869565
JERC_016,2020,646.304347826087
JERC_038,2020,662.2391304347826
JERC_006,2020,523.9347826086956
JERC_041,2020,726.5
JERC_031,2020,625.2826086956521
JERC_042,2020,661.8913043478261
JERC_008,2020,619.4782608695652
JERC_005,2020,619.4782608695652
JERC_003,2020,673.1304347826087
JERC_022,2020,572.2173913043479
JERC_013,2020,649.1739130434783
JERC_066,2020,657.2608695652174
JERC_065,2020,625.2826086956521
JERC_054,2020,682.8478260869565
JERC_051,2020,625.2826086956521
JERC_062,2020,657.3913043478261
JERC_047,2020,657.3913043478261
JERC_057,2020,625.3478260869565
JERC_060,2020,625.2826086956521
JERC_064,2020,625.2826086956521
JERC_050,2020,657.3913043478261
JERC_053,2020,657.2608695652174
JERC_049,2020,657.3913043478261
JERC_061,2020,657.3913043478261
JERC_058,2020,657.2608695652174
JERC_048,2020,657.2608695652174
JERC_063,2020,657.2608695652174
JERC_052,2020,657.3913043478261
JERC_059,2020,657.2608695652174
JERC_056,2020,657.3913043478261
JERC_055,2020,657.3913043478261
JERC_004,2020,667.9782608695652
JERC_014,2020,628.695652173913
JERC_012,2020,526.6304347826087
MLBS_076,2020,460.5869565217391
MLBS_061,2020,458.1304347826087
MLBS_064,2020,458.1304347826087
MLBS_075,2020,449.30434782608694
MLBS_065,2020,449.30434782608694
MLBS_062,2020,449.2608695652174
MLBS_069,2020,460.5869565217391
MLBS_063,2020,460.6521739130435
MLBS_073,2020,460.6521739130435
MLBS_074,2020,460.5869565217391
MLBS_066,2020,460.6521739130435
MLBS_067,2020,460.6521739130435
MLBS_071,2020,460.5869565217391
MLBS_072,2020,460.6521739130435
MLBS_070,2020,460.6521739130435
MLBS_068,2020,460.6521739130435
MLBS_009,2020,458.1304347826087
MLBS_010,2020,431.5
MLBS_005,2020,414.39130434782606
MLBS_003,2020,431.5
MLBS_019,2020,476.30434782608694
MLBS_016,2020,499.2826086956522
MLBS_015,2020,472.2173913043478
MLBS_014,2020,502.4782608695652
MLBS_001,2020,408.5217391304348
MLBS_017,2020,408.5217391304348
MLBS_011,2020,433.10869565217394
MLBS_012,2020,433.10869565217394
MLBS_002,2020,449.30434782608694
MLBS_004,2020,470.7826086956522
MLBS_018,2020,457.17391304347825
MLBS_008,2020,442.9782608695652
MLBS_007,2020,486.69565217391306
MLBS_006,2020,500.80434782608694
MLBS_020,2020,502.82608695652175
MLBS_013,2020,491.2391304347826
ORNL_002,2020,615.8478260869565
ORNL_003,2020,536.8913043478261
ORNL_009,2020,577.695652173913
ORNL_021,2020,489.7173913043478
ORNL_031,2020,463.17391304347825
ORNL_033,2020,508.9130434782609
ORNL_066,2020,709.304347826087
ORNL_044,2020,709.304347826087
ORNL_012,2020,0.0
ORNL_004,2020,533.5652173913044
ORNL_001,2020,440.0652173913044
ORNL_027,2020,508.0652173913044
ORNL_014,2020,522.6304347826087
ORNL_029,2020,526.695652173913
ORNL_007,2020,542.2826086956521
ORNL_006,2020,537.2173913043479
ORNL_008,2020,541.4130434782609
ORNL_035,2020,533.8478260869565
ORNL_010,2020,542.2173913043479
ORNL_032,2020,516.804347826087
ORNL_055,2020,546.8695652173913
ORNL_062,2020,546.8695652173913
ORNL_063,2020,540.7173913043479
ORNL_049,2020,540.7173913043479
ORNL_052,2020,546.8695652173913
ORNL_059,2020,502.95652173913044
ORNL_036,2020,537.7173913043479
ORNL_053,2020,502.95652173913044
ORNL_046,2020,502.95652173913044
ORNL_043,2020,545.0869565217391
ORNL_058,2020,545.0869565217391
ORNL_060,2020,545.0869565217391
ORNL_056,2020,546.8695652173913
ORNL_037,2020,546.8695652173913
ORNL_057,2020,537.7173913043479
ORNL_051,2020,546.8695652173913
ORNL_061,2020,502.95652173913044
ORNL_054,2020,537.7173913043479
ORNL_045,2020,537.7173913043479
ORNL_050,2020,537.7173913043479
ORNL_017,2020,530.6086956521739
ORNL_068,2020,503.9782608695652
ORNL_019,2020,541.0652173913044
ORNL_018,2020,487.7391304347826
ORNL_067,2020,548.7826086956521
ORNL_015,2020,536.9782608695652
OSBS_002,2020,589.7826086956521
OSBS_006,2020,496.45652173913044
OSBS_048,2020,538.0434782608696
OSBS_001,2020,683.0434782608696
OSBS_018,2020,448.1304347826087
OSBS_011,2020,505.89130434782606
OSBS_014,2020,583.4130434782609
OSBS_004,2020,547.8913043478261
OSBS_020,2020,482.9347826086956
OSBS_023,2020,505.89130434782606
OSBS_049,2020,560.1304347826087
OSBS_003,2020,454.39130434782606
OSBS_012,2020,441.04347826086956
OSBS_013,2020,547.8913043478261
OSBS_024,2020,505.89130434782606
OSBS_016,2020,595.8695652173913
OSBS_008,2020,522.7173913043479
OSBS_010,2020,635.6304347826087
OSBS_051,2020,487.4130434782609
OSBS_050,2020,499.9347826086956
OSBS_007,2020,534.0434782608696
OSBS_005,2020,671.3478260869565
OSBS_017,2020,643.195652173913
OSBS_043,2020,503.7826086956522
OSBS_022,2020,583.4130434782609
OSBS_039,2020,480.8478260869565
OSBS_036,2020,480.8478260869565
OSBS_029,2020,480.8478260869565
OSBS_040,2020,494.9130434782609
OSBS_015,2020,704.5217391304348
OSBS_025,2020,506.7173913043478
OSBS_030,2020,506.7173913043478
OSBS_038,2020,506.7173913043478
OSBS_042,2020,506.7173913043478
OSBS_035,2020,462.3695652173913
OSBS_037,2020,462.3695652173913
OSBS_028,2020,462.3695652173913
OSBS_021,2020,576.4130434782609
OSBS_041,2020,462.3695652173913
OSBS_009,2020,693.6521739130435
OSBS_031,2020,494.9130434782609
OSBS_033,2020,480.8478260869565
OSBS_032,2020,480.8478260869565
OSBS_044,2020,480.8478260869565
OSBS_027,2020,480.8478260869565
OSBS_034,2020,494.82608695652175
OSBS_026,2020,480.8478260869565
OSBS_063,2020,526.5652173913044
OSBS_067,2020,522.5652173913044
OSBS_066,2020,704.5217391304348
OSBS_068,2020,509.9347826086956
OSBS_070,2020,494.9130434782609
OSBS_073,2020,637.0217391304348
RMNP_043,2020,193.52173913043478
RMNP_042,2020,193.52173913043478
RMNP_041,2020,308.5
RMNP_048,2020,193.52173913043478
RMNP_049,2020,193.52173913043478
RMNP_046,2020,193.52173913043478
RMNP_047,2020,193.52173913043478
RMNP_045,2020,193.52173913043478
RMNP_044,2020,193.52173913043478
RMNP_013,2020,269.54347826086956
RMNP_003,2020,304.04347826086956
RMNP_009,2020,304.04347826086956
RMNP_011,2020,178.95652173913044
RMNP_019,2020,295.3695652173913
RMNP_015,2020,342.69565217391306
RMNP_002,2020,342.3478260869565
RMNP_020,2020,342.69565217391306
RMNP_016,2020,302.95652173913044
RMNP_017,2020,304.9782608695652
RMNP_005,2020,374.30434782608694
RMNP_001,2020,363.3695652173913
RMNP_014,2020,405.4782608695652
RMNP_008,2020,327.5869565217391
RMNP_012,2020,415.82608695652175
RMNP_018,2020,382.3695652173913
RMNP_006,2020,379.9130434782609
RMNP_004,2020,314.7173913043478
RMNP_010,2020,357.4782608695652
RMNP_007,2020,357.4782608695652
SCBI_008,2020,509.0869565217391
SCBI_004,2020,479.5217391304348
SCBI_015,2020,483.5652173913044
SCBI_017,2020,477.89130434782606
SCBI_013,2020,487.60869565217394
SCBI_007,2020,454.04347826086956
SCBI_018,2020,465.9130434782609
SCBI_003,2020,456.67391304347825
SCBI_011,2020,480.9782608695652
SCBI_016,2020,466.5869565217391
SCBI_002,2020,469.95652173913044
SCBI_010,2020,430.45652173913044
SCBI_014,2020,479.5652173913044
SCBI_005,2020,469.80434782608694
SCBI_056,2020,462.7826086956522
SCBI_045,2020,468.69565217391306
SCBI_053,2020,462.7826086956522
SCBI_061,2020,462.7826086956522
SCBI_050,2020,462.7826086956522
SCBI_057,2020,462.7826086956522
SCBI_062,2020,469.82608695652175
SCBI_047,2020,469.82608695652175
SCBI_067,2020,469.82608695652175
SCBI_066,2020,469.82608695652175
SCBI_064,2020,468.69565217391306
SCBI_052,2020,468.69565217391306
SCBI_054,2020,468.69565217391306
SCBI_046,2020,469.95652173913044
SCBI_049,2020,469.82608695652175
SCBI_063,2020,469.82608695652175
SCBI_055,2020,462.7826086956522
SCBI_048,2020,469.82608695652175
SCBI_051,2020,462.7826086956522
SCBI_058,2020,468.69565217391306
SCBI_034,2020,375.32608695652175
SCBI_038,2020,453.10869565217394
SCBI_033,2020,375.32608695652175
SCBI_006,2020,462.89130434782606
SCBI_035,2020,453.10869565217394
SCBI_012,2020,588.7391304347826
SCBI_071,2020,430.45652173913044
SCBI_019,2020,502.89130434782606
SCBI_021,2020,462.89130434782606
SCBI_023,2020,483.5652173913044
SCBI_022,2020,448.17391304347825
SERC_062,2020,450.7173913043478
SERC_045,2020,450.7173913043478
SERC_051,2020,450.7173913043478
SERC_050,2020,498.9347826086956
SERC_052,2020,497.8695652173913
SERC_058,2020,502.8478260869565
SERC_043,2020,503.1304347826087
SERC_055,2020,500.4347826086956
SERC_048,2020,502.8478260869565
SERC_060,2020,502.8478260869565
SERC_061,2020,498.0652173913044
SERC_054,2020,498.0652173913044
SERC_059,2020,495.7608695652174
SERC_046,2020,490.60869565217394
SERC_053,2020,498.0652173913044
SERC_044,2020,490.60869565217394
SERC_047,2020,497.1304347826087
SERC_049,2020,497.1304347826087
SERC_057,2020,497.1304347826087
SERC_056,2020,497.1304347826087
SERC_007,2020,663.8913043478261
SERC_018,2020,576.7173913043479
SERC_009,2020,511.80434782608694
SERC_008,2020,576.8913043478261
SERC_011,2020,496.17391304347825
SERC_003,2020,492.5869565217391
SERC_006,2020,415.0869565217391
SERC_001,2020,464.95652173913044
SERC_017,2020,537.1086956521739
SERC_019,2020,488.7608695652174
SERC_010,2020,676.3695652173913
SERC_014,2020,402.6304347826087
SERC_012,2020,508.9347826086956
SERC_016,2020,492.45652173913044
SERC_022,2020,458.1521739130435
SERC_004,2020,488.7608695652174
SERC_021,2020,503.1304347826087
SERC_013,2020,489.5869565217391
SERC_005,2020,517.0869565217391
SERC_002,2020,515.5434782608696
SERC_067,2020,502.1521739130435
SERC_073,2020,498.9347826086956
SOAP_059,2020,409.54347826086956
SOAP_057,2020,409.54347826086956
SOAP_051,2020,409.54347826086956
SOAP_048,2020,409.54347826086956
SOAP_058,2020,411.5869565217391
SOAP_043,2020,410.82608695652175
SOAP_050,2020,410.82608695652175
SOAP_044,2020,349.4782608695652
SOAP_052,2020,349.0
SOAP_046,2020,349.4782608695652
SOAP_060,2020,349.0
SOAP_055,2020,410.82608695652175
SOAP_054,2020,371.45652173913044
SOAP_047,2020,371.45652173913044
SOAP_031,2020,372.3478260869565
SOAP_049,2020,372.3478260869565
SOAP_056,2020,372.3478260869565
SOAP_053,2020,371.45652173913044
SOAP_045,2020,352.0217391304348
SOAP_061,2020,409.54347826086956
SOAP_002,2020,264.5869565217391
SOAP_010,2020,409.54347826086956
SOAP_006,2020,310.4347826086956
SOAP_013,2020,264.5869565217391
SOAP_012,2020,305.0869565217391
SOAP_004,2020,409.54347826086956
SOAP_003,2020,358.3695652173913
SOAP_016,2020,344.5869565217391
SOAP_007,2020,351.2826086956522
SOAP_020,2020,371.45652173913044
SOAP_009,2020,451.3478260869565
SOAP_008,2020,305.0869565217391
SOAP_021,2020,357.9130434782609
SOAP_018,2020,358.39130434782606
SOAP_019,2020,358.39130434782606
SOAP_017,2020,364.4347826086956
SOAP_015,2020,433.2391304347826
SOAP_001,2020,455.1304347826087
SOAP_011,2020,411.5869565217391
SOAP_022,2020,433.2391304347826
SOAP_024,2020,310.4347826086956
STEI_058,2020,393.30434782608694
STEI_051,2020,393.30434782608694
STEI_056,2020,399.9782608695652
STEI_046,2020,399.9782608695652
STEI_061,2020,399.9782608695652
STEI_062,2020,399.9782608695652
STEI_052,2020,399.9782608695652
STEI_055,2020,393.30434782608694
STEI_047,2020,399.9782608695652
STEI_053,2020,399.9782608695652
STEI_048,2020,395.4782608695652
STEI_060,2020,399.9782608695652
STEI_054,2020,395.4782608695652
STEI_049,2020,399.9782608695652
STEI_057,2020,399.9782608695652
STEI_050,2020,395.4782608695652
STEI_059,2020,395.4782608695652
STEI_005,2020,391.7391304347826
STEI_009,2020,390.9130434782609
STEI_012,2020,395.8695652173913
STEI_017,2020,398.60869565217394
STEI_019,2020,407.3695652173913
STEI_003,2020,398.4782608695652
STEI_007,2020,392.6521739130435
STEI_002,2020,389.4347826086956
STEI_011,2020,380.32608695652175
STEI_010,2020,390.0217391304348
STEI_008,2020,382.54347826086956
STEI_015,2020,385.17391304347825
STEI_016,2020,385.9347826086956
STEI_004,2020,386.1304347826087
STEI_013,2020,390.2608695652174
STEI_001,2020,374.9782608695652
STEI_021,2020,397.2826086956522
STEI_006,2020,373.7173913043478
STEI_014,2020,380.7826086956522
STEI_022,2020,411.4347826086956
STEI_023,2020,410.10869565217394
TALL_003,2020,1080.608695652174
TALL_005,2020,883.8695652173913
TALL_009,2020,613.4565217391304
TALL_012,2020,1078.891304347826
TALL_004,2020,599.7173913043479
TALL_010,2020,761.8260869565217
TALL_007,2020,786.0869565217391
TALL_002,2020,755.5
TALL_022,2020,744.5217391304348
TALL_015,2020,767.7173913043479
TALL_016,2020,572.8913043478261
TALL_011,2020,769.2391304347826
TALL_018,2020,796.1739130434783
TALL_006,2020,689.8695652173913
TALL_013,2020,707.4565217391304
TALL_001,2020,616.0869565217391
TALL_017,2020,768.7173913043479
TALL_020,2020,599.5217391304348
TALL_008,2020,758.7608695652174
TALL_043,2020,666.8260869565217
TALL_049,2020,666.8260869565217
TALL_046,2020,666.8260869565217
TALL_061,2020,673.8913043478261
TALL_052,2020,673.6739130434783
TALL_050,2020,753.1521739130435
TALL_051,2020,673.8913043478261
TALL_057,2020,673.8913043478261
TALL_060,2020,753.1521739130435
TALL_055,2020,673.8913043478261
TALL_058,2020,673.6739130434783
TALL_045,2020,753.1521739130435
TALL_059,2020,673.6739130434783
TALL_054,2020,673.8913043478261
TALL_056,2020,673.6739130434783
TALL_044,2020,753.1521739130435
TALL_047,2020,753.1521739130435
TALL_048,2020,666.8260869565217
TALL_042,2020,666.8260869565217
TALL_053,2020,673.6739130434783
TALL_064,2020,754.5652173913044
TALL_025,2020,883.7826086956521
TEAK_045,2020,327.1521739130435
TEAK_054,2020,327.1521739130435
TEAK_048,2020,327.1521739130435
TEAK_061,2020,327.1521739130435
TEAK_059,2020,327.1521739130435
TEAK_049,2020,327.0
TEAK_060,2020,327.0
TEAK_055,2020,327.0
TEAK_062,2020,326.10869565217394
TEAK_056,2020,365.69565217391306
TEAK_044,2020,365.69565217391306
TEAK_057,2020,373.5869565217391
TEAK_053,2020,365.69565217391306
TEAK_047,2020,365.69565217391306
TEAK_051,2020,373.5869565217391
TEAK_046,2020,345.0217391304348
TEAK_058,2020,327.0
TEAK_043,2020,326.10869565217394
TEAK_052,2020,345.0217391304348
TEAK_050,2020,366.5652173913044
TEAK_001,2020,417.95652173913044
TEAK_002,2020,329.60869565217394
TEAK_003,2020,365.4782608695652
TEAK_004,2020,317.8478260869565
TEAK_006,2020,284.0
TEAK_025,2020,280.5217391304348
TEAK_005,2020,141.43478260869566
TEAK_011,2020,389.3478260869565
TEAK_007,2020,372.95652173913044
TEAK_014,2020,374.0217391304348
TEAK_010,2020,383.4782608695652
TEAK_012,2020,365.4782608695652
TEAK_017,2020,339.6521739130435
TEAK_013,2020,304.4347826086956
TEAK_019,2020,418.39130434782606
TEAK_020,2020,334.0869565217391
TEAK_016,2020,305.69565217391306
TEAK_015,2020,354.10869565217394
TEAK_024,2020,261.1521739130435
TEAK_018,2020,337.4130434782609
TREE_042,2020,407.9347826086956
TREE_053,2020,392.4130434782609
TREE_049,2020,392.4130434782609
TREE_046,2020,392.4130434782609
TREE_055,2020,392.39130434782606
TREE_056,2020,392.4130434782609
TREE_050,2020,508.7391304347826
TREE_054,2020,508.7391304347826
TREE_052,2020,392.4130434782609
TREE_051,2020,392.39130434782606
TREE_057,2020,393.4347826086956
TREE_025,2020,393.4347826086956
TREE_043,2020,393.5
TREE_044,2020,393.5
TREE_048,2020,536.7608695652174
TREE_047,2020,383.39130434782606
TREE_041,2020,396.2608695652174
TREE_040,2020,383.39130434782606
TREE_039,2020,393.4347826086956
TREE_045,2020,393.4347826086956
TREE_017,2020,393.5
TREE_019,2020,382.45652173913044
TREE_010,2020,382.5652173913044
TREE_016,2020,384.6304347826087
TREE_001,2020,379.32608695652175
TREE_014,2020,379.32608695652175
TREE_009,2020,394.4130434782609
TREE_060,2020,540.6739130434783
TREE_012,2020,382.45652173913044
TREE_005,2020,412.1521739130435
TREE_011,2020,369.9347826086956
TREE_018,2020,382.54347826086956
TREE_003,2020,380.95652173913044
TREE_007,2020,369.9347826086956
TREE_008,2020,539.0
TREE_006,2020,398.60869565217394
TREE_004,2020,539.0
TREE_002,2020,382.54347826086956
TREE_015,2020,411.4347826086956
TREE_023,2020,411.4347826086956
TREE_062,2020,394.4130434782609
TREE_064,2020,384.6521739130435
TREE_022,2020,398.60869565217394
TREE_063,2020,403.7608695652174
UNDE_048,2020,380.60869565217394
UNDE_038,2020,386.3478260869565
UNDE_037,2020,354.9782608695652
UNDE_045,2020,380.60869565217394
UNDE_058,2020,367.0217391304348
UNDE_052,2020,380.60869565217394
UNDE_047,2020,368.4130434782609
UNDE_054,2020,367.0217391304348
UNDE_057,2020,380.60869565217394
UNDE_050,2020,367.0217391304348
UNDE_055,2020,367.0217391304348
UNDE_059,2020,375.8695652173913
UNDE_065,2020,363.2826086956522
UNDE_043,2020,380.60869565217394
UNDE_044,2020,375.8695652173913
UNDE_049,2020,367.0217391304348
UNDE_056,2020,380.60869565217394
UNDE_078,2020,386.3478260869565
UNDE_061,2020,386.3478260869565
UNDE_060,2020,367.0217391304348
UNDE_014,2020,356.80434782608694
UNDE_013,2020,367.0217391304348
UNDE_002,2020,351.95652173913044
UNDE_001,2020,378.19565217391306
UNDE_003,2020,369.6521739130435
UNDE_010,2020,361.3478260869565
UNDE_006,2020,356.1521739130435
UNDE_011,2020,381.7826086956522
UNDE_007,2020,373.32608695652175
UNDE_012,2020,351.7608695652174
UNDE_008,2020,356.1521739130435
UNDE_016,2020,365.89130434782606
UNDE_020,2020,330.3695652173913
UNDE_021,2020,324.1304347826087
UNDE_022,2020,373.4347826086956
UNDE_018,2020,364.69565217391306
UNDE_019,2020,384.8478260869565
UNDE_023,2020,380.0652173913044
UNDE_015,2020,380.0652173913044
UNDE_027,2020,359.5652173913044
WREF_089,2020,504.8695652173913
WREF_082,2020,599.195652173913
WREF_077,2020,613.304347826087
WREF_083,2020,504.8695652173913
WREF_086,2020,486.3695652173913
WREF_081,2020,486.6304347826087
WREF_076,2020,534.4130434782609
WREF_070,2020,613.304347826087
WREF_074,2020,599.195652173913
WREF_072,2020,584.8695652173913
WREF_080,2020,591.8913043478261
WREF_073,2020,591.8913043478261
WREF_079,2020,591.8913043478261
WREF_085,2020,598.9565217391304
WREF_084,2020,598.9565217391304
WREF_078,2020,606.5869565217391
WREF_088,2020,599.195652173913
WREF_087,2020,598.9565217391304
WREF_075,2020,613.304347826087
WREF_071,2020,599.195652173913
WREF_012,2020,613.5652173913044
WREF_016,2020,632.0652173913044
WREF_015,2020,606.4782608695652
WREF_013,2020,603.5869565217391
WREF_001,2020,540.695652173913
WREF_003,2020,590.8695652173913
WREF_018,2020,598.4782608695652
WREF_020,2020,647.0652173913044
WREF_002,2020,643.304347826087
WREF_019,2020,545.7391304347826
WREF_010,2020,638.6739130434783
WREF_007,2020,609.0
WREF_008,2020,584.3260869565217
WREF_006,2020,626.5652173913044
WREF_005,2020,507.1304347826087
WREF_014,2020,543.5652173913044
WREF_009,2020,642.695652173913
WREF_011,2020,622.3695652173913
WREF_004,2020,615.5869565217391
WREF_017,2020,615.8695652173913
DELA_013,2020,575.5
DELA_003,2020,530.1739130434783
DELA_005,2020,392.2391304347826
DELA_011,2020,418.7608695652174
DELA_004,2020,566.804347826087
DELA_018,2020,590.4782608695652
DELA_014,2020,546.5217391304348
DELA_015,2020,566.804347826087
DELA_012,2020,546.5217391304348
DELA_010,2020,590.4782608695652
DELA_016,2020,591.5
DELA_001,2020,551.7608695652174
DELA_019,2020,577.8478260869565
DELA_017,2020,591.5
DELA_009,2020,530.1739130434783
DELA_002,2020,546.5217391304348
DELA_007,2020,590.4782608695652
DELA_020,2020,582.2608695652174
DELA_006,2020,577.8478260869565
DELA_008,2020,575.5217391304348
DELA_046,2020,582.2608695652174
DELA_053,2020,582.2608695652174
DELA_051,2020,545.8478260869565
DELA_043,2020,545.8478260869565
DELA_040,2020,582.2608695652174
DELA_052,2020,545.8478260869565
DELA_041,2020,545.8478260869565
DELA_044,2020,545.8478260869565
DELA_039,2020,542.695652173913
DELA_054,2020,582.2608695652174
DELA_045,2020,582.2608695652174
DELA_042,2020,554.6739130434783
DELA_055,2020,542.695652173913
DELA_037,2020,582.2608695652174
DELA_050,2020,582.2608695652174
DELA_056,2020,582.2608695652174
DELA_047,2020,590.4782608695652
DELA_048,2020,590.4782608695652
DELA_049,2020,554.6739130434783
DELA_038,2020,542.695652173913
DELA_023,2020,575.5217391304348
DELA_022,2020,575.5
DELA_021,2020,453.39130434782606
DELA_059,2020,554.6739130434783
LENO_061,2020,699.6086956521739
LENO_065,2020,699.6086956521739
LENO_062,2020,699.6086956521739
LENO_068,2020,657.0217391304348
LENO_067,2020,657.0217391304348
LENO_064,2020,699.6086956521739
LENO_063,2020,657.0217391304348
LENO_066,2020,816.2391304347826
LENO_069,2020,816.2391304347826
LENO_070,2020,816.2391304347826
LENO_003,2020,532.3260869565217
LENO_002,2020,528.8913043478261
LENO_014,2020,549.8478260869565
LENO_011,2020,513.804347826087
LENO_005,2020,520.2608695652174
LENO_015,2020,674.4565217391304
LENO_010,2020,532.6086956521739
LENO_012,2020,636.304347826087
LENO_009,2020,546.2608695652174
LENO_018,2020,673.0217391304348
LENO_006,2020,549.7173913043479
LENO_013,2020,559.2608695652174
LENO_007,2020,549.9130434782609
LENO_008,2020,674.4565217391304
LENO_022,2020,571.3913043478261
LENO_001,2020,482.2826086956522
LENO_016,2020,549.7173913043479
LENO_021,2020,685.1739130434783
LENO_017,2020,712.695652173913
LENO_004,2020,521.3260869565217
LENO_019,2020,568.2826086956521
UKFS_032,2020,429.2608695652174
UKFS_057,2020,429.2608695652174
UKFS_051,2020,429.2608695652174
UKFS_047,2020,451.4347826086956
UKFS_055,2020,429.2608695652174
UKFS_058,2020,451.4347826086956
UKFS_060,2020,429.2608695652174
UKFS_056,2020,454.67391304347825
UKFS_054,2020,444.80434782608694
UKFS_050,2020,439.0
UKFS_046,2020,439.0
UKFS_045,2020,451.4347826086956
UKFS_043,2020,439.0217391304348
UKFS_052,2020,451.4347826086956
UKFS_059,2020,439.0217391304348
UKFS_048,2020,439.0217391304348
UKFS_049,2020,454.67391304347825
UKFS_031,2020,451.4347826086956
UKFS_044,2020,454.67391304347825
UKFS_053,2020,454.67391304347825
UKFS_007,2020,316.67391304347825
UKFS_005,2020,445.2608695652174
UKFS_004,2020,479.5652173913044
UKFS_009,2020,311.39130434782606
UKFS_006,2020,439.0
UKFS_012,2020,293.2608695652174
UKFS_002,2020,301.8695652173913
UKFS_010,2020,347.95652173913044
UKFS_003,2020,347.95652173913044
UKFS_001,2020,451.4347826086956
UKFS_011,2020,444.80434782608694
UKFS_008,2020,444.80434782608694
UKFS_017,2020,293.2608695652174
UKFS_019,2020,520.695652173913
UKFS_016,2020,431.2608695652174
UKFS_018,2020,347.95652173913044
UKFS_014,2020,451.4347826086956
UKFS_015,2020,443.2391304347826
UKFS_013,2020,366.8478260869565
UKFS_025,2020,447.95652173913044
YELL_002,2020,162.1086956521739
YELL_016,2020,125.97826086956522
YELL_013,2020,151.15217391304347
YELL_006,2020,158.15217391304347
YELL_020,2020,245.2391304347826
YELL_008,2020,169.91304347826087
YELL_014,2020,205.15217391304347
YELL_001,2020,147.8913043478261
YELL_011,2020,133.1086956521739
YELL_004,2020,128.2826086956522
YELL_003,2020,150.3913043478261
YELL_010,2020,145.43478260869566
YELL_005,2020,123.97826086956522
YELL_007,2020,167.04347826086956
YELL_018,2020,173.2391304347826
YELL_023,2020,170.15217391304347
YELL_012,2020,139.6304347826087
YELL_009,2020,160.1304347826087
YELL_021,2020,310.4782608695652
YELL_022,2020,132.58695652173913
YELL_047,2020,135.56521739130434
YELL_054,2020,135.56521739130434
YELL_058,2020,135.56521739130434
YELL_044,2020,135.56521739130434
YELL_052,2020,135.6304347826087
YELL_055,2020,135.6304347826087
YELL_062,2020,135.56521739130434
YELL_056,2020,152.8913043478261
YELL_048,2020,152.8913043478261
YELL_060,2020,181.67391304347825
YELL_051,2020,135.6304347826087
YELL_053,2020,166.15217391304347
YELL_045,2020,152.8913043478261
YELL_046,2020,135.6304347826087
YELL_061,2020,135.6304347826087
YELL_049,2020,166.15217391304347
YELL_059,2020,135.6304347826087
YELL_043,2020,166.15217391304347
YELL_050,2020,181.67391304347825
YELL_057,2020,181.67391304347825
YELL_015,2020,144.80434782608697
BONA_072,2020,219.56521739130434
BONA_079,2020,219.56521739130434
BONA_070,2020,207.2826086956522
BONA_075,2020,219.56521739130434
BONA_078,2020,219.56521739130434
BONA_076,2020,219.56521739130434
BONA_082,2020,317.0
BONA_071,2020,219.56521739130434
BONA_087,2020,219.56521739130434
BONA_084,2020,317.0
BONA_080,2020,207.2826086956522
BONA_086,2020,207.2826086956522
BONA_088,2020,219.56521739130434
BONA_089,2020,317.0
BONA_085,2020,207.2826086956522
BONA_083,2020,172.17391304347825
BONA_074,2020,172.17391304347825
BONA_081,2020,198.1304347826087
BONA_077,2020,198.1304347826087
BONA_073,2020,198.1304347826087
BONA_014,2020,284.2608695652174
BONA_011,2020,156.97826086956522
BONA_001,2020,246.80434782608697
BONA_018,2020,175.69565217391303
BONA_023,2020,288.1304347826087
BONA_009,2020,281.0
BONA_002,2020,345.9782608695652
BONA_012,2020,283.89130434782606
BONA_008,2020,361.95652173913044
BONA_093,2020,219.56521739130434
BONA_007,2020,316.95652173913044
BONA_005,2020,277.1521739130435
BONA_021,2020,377.7391304347826
BONA_026,2020,226.2826086956522
BONA_022,2020,313.39130434782606
BONA_010,2020,313.39130434782606
BONA_003,2020,134.19565217391303
BONA_004,2020,201.58695652173913
BONA_006,2020,228.7173913043478
BONA_016,2020,143.91304347826087
BONA_013,2020,204.8913043478261
DEJU_050,2020,168.80434782608697
DEJU_051,2020,156.08695652173913
DEJU_049,2020,155.34782608695653
DEJU_057,2020,191.06521739130434
DEJU_047,2020,155.34782608695653
DEJU_052,2020,155.34782608695653
DEJU_045,2020,155.30434782608697
DEJU_056,2020,155.30434782608697
DEJU_061,2020,155.30434782608697
DEJU_064,2020,168.80434782608697
DEJU_054,2020,146.17391304347825
DEJU_060,2020,179.7391304347826
DEJU_046,2020,179.7391304347826
DEJU_055,2020,179.7391304347826
DEJU_063,2020,156.08695652173913
DEJU_059,2020,168.80434782608697
DEJU_048,2020,148.08695652173913
DEJU_062,2020,148.08695652173913
DEJU_058,2020,156.08695652173913
DEJU_053,2020,168.80434782608697
DEJU_010,2020,160.67391304347825
DEJU_004,2020,111.91304347826087
DEJU_003,2020,139.69565217391303
DEJU_023,2020,157.15217391304347
DEJU_008,2020,168.91304347826087
DEJU_019,2020,154.04347826086956
DEJU_005,2020,161.84782608695653
DEJU_001,2020,158.3695652173913
DEJU_007,2020,187.43478260869566
DEJU_015,2020,193.8913043478261
DEJU_017,2020,146.32608695652175
DEJU_014,2020,159.2608695652174
DEJU_006,2020,144.17391304347825
DEJU_021,2020,173.6304347826087
DEJU_002,2020,174.7391304347826
DEJU_024,2020,149.15217391304347
DEJU_016,2020,170.7608695652174
DEJU_009,2020,175.30434782608697
DEJU_018,2020,144.17391304347825
DEJU_020,2020,148.3695652173913
HEAL_072,2020,261.7608695652174
HEAL_063,2020,268.7608695652174
HEAL_070,2020,278.9347826086956
HEAL_060,2020,278.9347826086956
HEAL_071,2020,278.9347826086956
HEAL_050,2020,278.9347826086956
HEAL_067,2020,278.9347826086956
HEAL_068,2020,304.17391304347825
HEAL_064,2020,302.2608695652174
HEAL_062,2020,278.9347826086956
HEAL_061,2020,278.9347826086956
HEAL_073,2020,278.9347826086956
HEAL_052,2020,278.9347826086956
HEAL_066,2020,298.67391304347825
HEAL_058,2020,278.9347826086956
HEAL_069,2020,298.67391304347825
HEAL_048,2020,268.7608695652174
HEAL_054,2020,304.17391304347825
HEAL_053,2020,298.67391304347825
HEAL_074,2020,298.67391304347825
HEAL_056,2020,298.67391304347825
HEAL_051,2020,298.67391304347825
HEAL_065,2020,298.67391304347825
HEAL_057,2020,261.7608695652174
HEAL_046,2020,298.67391304347825
HEAL_059,2020,298.67391304347825
HEAL_055,2020,298.67391304347825
HEAL_047,2020,298.67391304347825
HEAL_010,2020,281.60869565217394
HEAL_002,2020,263.04347826086956
HEAL_003,2020,302.17391304347825
HEAL_014,2020,293.60869565217394
HEAL_022,2020,289.69565217391306
HEAL_023,2020,286.39130434782606
HEAL_021,2020,280.10869565217394
HEAL_001,2020,280.3695652173913
HEAL_016,2020,304.17391304347825
HEAL_020,2020,213.3913043478261
HEAL_006,2020,252.65217391304347
HEAL_019,2020,298.7391304347826
HEAL_011,2020,280.4782608695652
HEAL_025,2020,270.60869565217394
HEAL_018,2020,279.7173913043478
HEAL_017,2020,183.54347826086956
HEAL_004,2020,302.82608695652175
HEAL_005,2020,304.19565217391306
HEAL_015,2020,280.0652173913044
HEAL_049,2020,278.9347826086956
HEAL_026,2020,264.32608695652175
HEAL_045,2020,261.7608695652174
HEAL_024,2020,278.60869565217394
ABBY_063,2021,539.0652173913044
ABBY_068,2021,539.0652173913044
ABBY_065,2021,538.5217391304348
ABBY_067,2021,539.0652173913044
ABBY_066,2021,539.0652173913044
ABBY_061,2021,539.0652173913044
ABBY_070,2021,539.0652173913044
ABBY_062,2021,538.8260869565217
ABBY_064,2021,539.0652173913044
ABBY_069,2021,538.8260869565217
ABBY_075,2021,526.6304347826087
ABBY_074,2021,538.8260869565217
ABBY_073,2021,538.8260869565217
ABBY_076,2021,539.0652173913044
ABBY_004,2021,511.5652173913044
ABBY_009,2021,511.5652173913044
ABBY_011,2021,553.9130434782609
ABBY_013,2021,599.4130434782609
ABBY_023,2021,598.6304347826087
ABBY_010,2021,578.8695652173913
ABBY_018,2021,597.8695652173913
ABBY_003,2021,587.8260869565217
ABBY_012,2021,631.6739130434783
ABBY_005,2021,588.6739130434783
ABBY_016,2021,574.195652173913
ABBY_008,2021,594.6086956521739
ABBY_017,2021,536.804347826087
ABBY_014,2021,619.195652173913
ABBY_001,2021,584.9347826086956
ABBY_019,2021,551.9782608695652
ABBY_006,2021,578.2391304347826
ABBY_002,2021,570.3478260869565
ABBY_007,2021,522.1521739130435
ABBY_025,2021,484.04347826086956
ABBY_015,2021,436.9130434782609
ABBY_077,2021,542.804347826087
BART_012,2021,439.2608695652174
BART_001,2021,451.2826086956522
BART_005,2021,482.67391304347825
BART_044,2021,455.2826086956522
BART_037,2021,455.2826086956522
BART_073,2021,415.9347826086956
BART_074,2021,455.2826086956522
BART_075,2021,442.6304347826087
BART_042,2021,442.6304347826087
BART_072,2021,442.6304347826087
BART_046,2021,455.2826086956522
BART_036,2021,442.6304347826087
BART_051,2021,415.9347826086956
BART_041,2021,436.4782608695652
BART_034,2021,436.4782608695652
BART_039,2021,415.9347826086956
BART_050,2021,442.6304347826087
BART_040,2021,415.9130434782609
BART_071,2021,441.32608695652175
BART_070,2021,436.4782608695652
BART_033,2021,436.4782608695652
BART_047,2021,415.9130434782609
BART_032,2021,441.4347826086956
BART_015,2021,430.69565217391306
BART_016,2021,463.5652173913044
BART_028,2021,442.7391304347826
BART_010,2021,438.6521739130435
BART_013,2021,426.69565217391306
BART_026,2021,454.17391304347825
BART_006,2021,453.95652173913044
BART_023,2021,438.6521739130435
BART_002,2021,411.9782608695652
BART_018,2021,462.32608695652175
BART_003,2021,467.39130434782606
BART_024,2021,438.6521739130435
BART_011,2021,441.8478260869565
BART_025,2021,454.17391304347825
BART_007,2021,441.8478260869565
BART_027,2021,471.1521739130435
BART_004,2021,440.54347826086956
BART_019,2021,441.4347826086956
BLAN_042,2021,403.8478260869565
BLAN_056,2021,403.8478260869565
BLAN_034,2021,412.0869565217391
BLAN_043,2021,403.8478260869565
BLAN_046,2021,474.04347826086956
BLAN_045,2021,403.8478260869565
BLAN_059,2021,474.04347826086956
BLAN_039,2021,403.8478260869565
BLAN_033,2021,403.8478260869565
BLAN_051,2021,403.8478260869565
BLAN_054,2021,403.8478260869565
BLAN_031,2021,412.0869565217391
BLAN_049,2021,412.0869565217391
BLAN_060,2021,403.8478260869565
BLAN_035,2021,474.04347826086956
BLAN_038,2021,403.8478260869565
BLAN_040,2021,403.8478260869565
BLAN_037,2021,412.0869565217391
BLAN_044,2021,412.0869565217391
BLAN_050,2021,451.4347826086956
BLAN_052,2021,412.0869565217391
BLAN_048,2021,451.4347826086956
BLAN_055,2021,412.0869565217391
BLAN_057,2021,474.04347826086956
BLAN_032,2021,474.04347826086956
BLAN_036,2021,451.4347826086956
BLAN_047,2021,451.4347826086956
BLAN_063,2021,451.4347826086956
BLAN_005,2021,464.8478260869565
BLAN_017,2021,464.8478260869565
BLAN_011,2021,718.804347826087
BLAN_068,2021,450.0217391304348
BLAN_016,2021,450.0217391304348
BLAN_001,2021,453.5652173913044
BLAN_008,2021,470.32608695652175
BLAN_003,2021,438.67391304347825
BLAN_018,2021,684.0869565217391
BLAN_004,2021,450.0217391304348
BLAN_014,2021,454.04347826086956
BLAN_020,2021,599.7173913043479
BLAN_006,2021,684.0869565217391
BLAN_007,2021,470.32608695652175
BLAN_010,2021,450.0217391304348
BLAN_012,2021,684.0869565217391
BLAN_013,2021,429.80434782608694
BLAN_015,2021,689.6086956521739
BLAN_009,2021,453.5652173913044
BLAN_053,2021,474.04347826086956
BLAN_041,2021,451.4347826086956
BLAN_064,2021,412.0869565217391
BLAN_019,2021,450.0217391304348
GRSM_057,2021,559.8478260869565
GRSM_048,2021,559.8478260869565
GRSM_059,2021,554.0217391304348
GRSM_054,2021,550.1086956521739
GRSM_049,2021,553.5434782608696
GRSM_066,2021,559.8478260869565
GRSM_065,2021,563.0217391304348
GRSM_047,2021,554.0217391304348
GRSM_063,2021,551.5434782608696
GRSM_053,2021,551.5434782608696
GRSM_062,2021,550.1086956521739
GRSM_060,2021,554.0217391304348
GRSM_050,2021,551.3695652173913
GRSM_051,2021,554.0217391304348
GRSM_064,2021,554.0217391304348
GRSM_002,2021,572.2608695652174
GRSM_025,2021,533.8913043478261
GRSM_016,2021,408.0869565217391
GRSM_017,2021,538.0434782608696
GRSM_004,2021,594.8478260869565
GRSM_001,2021,557.7173913043479
GRSM_012,2021,495.4347826086956
GRSM_008,2021,528.4565217391304
GRSM_003,2021,509.0217391304348
GRSM_019,2021,552.6521739130435
GRSM_006,2021,552.6521739130435
GRSM_013,2021,559.2608695652174
GRSM_015,2021,552.8913043478261
GRSM_014,2021,558.1521739130435
GRSM_010,2021,554.6086956521739
GRSM_005,2021,560.8695652173913
GRSM_011,2021,564.2608695652174
GRSM_007,2021,551.8260869565217
GRSM_009,2021,496.2608695652174
GRSM_055,2021,551.5434782608696
GRSM_018,2021,587.0217391304348
GRSM_061,2021,554.0217391304348
GRSM_056,2021,554.0217391304348
GRSM_058,2021,563.0217391304348
GRSM_052,2021,550.1086956521739
HARV_013,2021,469.10869565217394
HARV_022,2021,467.4130434782609
HARV_008,2021,468.17391304347825
HARV_004,2021,457.1304347826087
HARV_024,2021,447.9782608695652
HARV_010,2021,0.0
HARV_006,2021,472.39130434782606
HARV_001,2021,458.3695652173913
HARV_005,2021,377.3695652173913
HARV_027,2021,472.67391304347825
HARV_043,2021,482.3695652173913
HARV_035,2021,482.3695652173913
HARV_037,2021,481.19565217391306
HARV_020,2021,462.4130434782609
HARV_023,2021,505.69565217391306
HARV_014,2021,443.5
HARV_011,2021,450.7608695652174
HARV_025,2021,456.5652173913044
HARV_002,2021,477.9782608695652
HARV_012,2021,486.4347826086956
HARV_026,2021,459.7826086956522
HARV_016,2021,457.54347826086956
HARV_039,2021,472.6304347826087
HARV_021,2021,455.5
HARV_045,2021,464.6521739130435
HARV_041,2021,481.1304347826087
HARV_038,2021,481.19565217391306
HARV_050,2021,481.19565217391306
HARV_048,2021,482.3695652173913
HARV_036,2021,464.6521739130435
HARV_052,2021,482.3695652173913
HARV_049,2021,472.6304347826087
HARV_047,2021,481.19565217391306
HARV_044,2021,481.19565217391306
HARV_040,2021,482.3695652173913
HARV_046,2021,481.1304347826087
HARV_033,2021,481.19565217391306
HARV_051,2021,472.6304347826087
HARV_034,2021,481.19565217391306
HARV_042,2021,472.6304347826087
HARV_015,2021,481.1304347826087
HARV_017,2021,464.32608695652175
JERC_002,2021,678.9347826086956
JERC_015,2021,676.9130434782609
JERC_007,2021,704.6304347826087
JERC_001,2021,692.9782608695652
JERC_010,2021,621.2608695652174
JERC_009,2021,671.0869565217391
JERC_029,2021,650.5217391304348
JERC_021,2021,686.3695652173913
JERC_011,2021,650.5217391304348
JERC_040,2021,625.8478260869565
JERC_035,2021,600.5434782608696
JERC_033,2021,676.9565217391304
JERC_019,2021,765.6521739130435
JERC_030,2021,587.6304347826087
JERC_034,2021,624.8695652173913
JERC_036,2021,725.2391304347826
JERC_028,2021,418.9130434782609
JERC_044,2021,676.2173913043479
JERC_016,2021,725.2391304347826
JERC_038,2021,678.8695652173913
JERC_006,2021,542.7173913043479
JERC_041,2021,806.8695652173913
JERC_031,2021,656.8478260869565
JERC_042,2021,621.2608695652174
JERC_008,2021,653.0217391304348
JERC_005,2021,653.0217391304348
JERC_003,2021,692.9782608695652
JERC_022,2021,640.0434782608696
JERC_013,2021,672.7826086956521
JERC_066,2021,678.9347826086956
JERC_065,2021,656.8478260869565
JERC_054,2021,681.2826086956521
JERC_051,2021,656.8478260869565
JERC_062,2021,678.9347826086956
JERC_047,2021,678.9347826086956
JERC_057,2021,656.8913043478261
JERC_060,2021,656.8478260869565
JERC_064,2021,656.8478260869565
JERC_050,2021,678.9347826086956
JERC_053,2021,678.9347826086956
JERC_049,2021,678.9347826086956
JERC_061,2021,678.9347826086956
JERC_058,2021,678.9347826086956
JERC_048,2021,678.9347826086956
JERC_063,2021,678.9347826086956
JERC_052,2021,678.9347826086956
JERC_059,2021,678.9347826086956
JERC_056,2021,678.9347826086956
JERC_055,2021,678.9347826086956
JERC_004,2021,681.6304347826087
JERC_014,2021,645.804347826087
JERC_012,2021,540.5
MLBS_076,2021,462.54347826086956
MLBS_061,2021,450.6521739130435
MLBS_064,2021,450.6521739130435
MLBS_075,2021,468.5217391304348
MLBS_065,2021,468.5217391304348
MLBS_062,2021,468.6521739130435
MLBS_069,2021,462.54347826086956
MLBS_063,2021,462.5869565217391
MLBS_073,2021,462.5869565217391
MLBS_074,2021,462.54347826086956
MLBS_066,2021,462.5869565217391
MLBS_067,2021,462.5869565217391
MLBS_071,2021,462.54347826086956
MLBS_072,2021,462.5869565217391
MLBS_070,2021,462.5869565217391
MLBS_068,2021,462.5869565217391
MLBS_009,2021,450.6521739130435
MLBS_010,2021,467.3478260869565
MLBS_005,2021,450.80434782608694
MLBS_003,2021,467.3478260869565
MLBS_019,2021,505.7608695652174
MLBS_016,2021,523.7826086956521
MLBS_015,2021,500.9782608695652
MLBS_014,2021,506.89130434782606
MLBS_001,2021,428.3478260869565
MLBS_017,2021,428.3478260869565
MLBS_011,2021,456.9347826086956
MLBS_012,2021,456.9347826086956
MLBS_002,2021,468.5217391304348
MLBS_004,2021,512.8695652173913
MLBS_018,2021,484.3478260869565
MLBS_008,2021,493.4347826086956
MLBS_007,2021,515.2826086956521
MLBS_006,2021,499.0217391304348
MLBS_020,2021,517.5
MLBS_013,2021,516.2608695652174
ORNL_002,2021,585.5652173913044
ORNL_003,2021,513.5869565217391
ORNL_009,2021,573.7826086956521
ORNL_021,2021,492.60869565217394
ORNL_031,2021,414.6304347826087
ORNL_033,2021,510.7173913043478
ORNL_066,2021,751.5434782608696
ORNL_044,2021,751.5434782608696
ORNL_012,2021,0.0
ORNL_004,2021,491.8695652173913
ORNL_001,2021,422.5
ORNL_027,2021,489.9130434782609
ORNL_014,2021,522.0869565217391
ORNL_029,2021,520.4130434782609
ORNL_007,2021,514.695652173913
ORNL_006,2021,499.17391304347825
ORNL_008,2021,522.2391304347826
ORNL_035,2021,530.3913043478261
ORNL_010,2021,528.0869565217391
ORNL_032,2021,492.5652173913044
ORNL_055,2021,535.2391304347826
ORNL_062,2021,535.2391304347826
ORNL_063,2021,546.9130434782609
ORNL_049,2021,546.9130434782609
ORNL_052,2021,535.2391304347826
ORNL_059,2021,513.0869565217391
ORNL_036,2021,530.695652173913
ORNL_053,2021,513.0869565217391
ORNL_046,2021,513.0869565217391
ORNL_043,2021,534.5217391304348
ORNL_058,2021,534.5217391304348
ORNL_060,2021,534.5217391304348
ORNL_056,2021,535.2391304347826
ORNL_037,2021,535.2391304347826
ORNL_057,2021,530.695652173913
ORNL_051,2021,535.2391304347826
ORNL_061,2021,513.0869565217391
ORNL_054,2021,530.695652173913
ORNL_045,2021,530.695652173913
ORNL_050,2021,530.695652173913
ORNL_017,2021,520.1739130434783
ORNL_068,2021,472.7391304347826
ORNL_019,2021,538.1521739130435
ORNL_018,2021,422.7608695652174
ORNL_067,2021,533.0869565217391
ORNL_015,2021,513.6739130434783
OSBS_002,2021,584.0
OSBS_006,2021,484.5652173913044
OSBS_048,2021,564.304347826087
OSBS_001,2021,668.9565217391304
OSBS_018,2021,466.5869565217391
OSBS_011,2021,546.2391304347826
OSBS_014,2021,525.4782608695652
OSBS_004,2021,538.5
OSBS_020,2021,482.4782608695652
OSBS_023,2021,546.2391304347826
OSBS_049,2021,526.804347826087
OSBS_003,2021,436.8478260869565
OSBS_012,2021,486.0652173913044
OSBS_013,2021,538.5
OSBS_024,2021,546.2391304347826
OSBS_016,2021,620.3260869565217
OSBS_008,2021,549.4782608695652
OSBS_010,2021,632.7826086956521
OSBS_051,2021,502.1304347826087
OSBS_050,2021,521.1521739130435
OSBS_007,2021,498.32608695652175
OSBS_005,2021,638.2391304347826
OSBS_017,2021,620.3260869565217
OSBS_043,2021,498.7608695652174
OSBS_022,2021,525.4782608695652
OSBS_039,2021,484.3695652173913
OSBS_036,2021,484.3695652173913
OSBS_029,2021,484.3695652173913
OSBS_040,2021,516.1304347826087
OSBS_015,2021,696.7608695652174
OSBS_025,2021,514.9565217391304
OSBS_030,2021,514.9565217391304
OSBS_038,2021,514.9565217391304
OSBS_042,2021,514.9565217391304
OSBS_035,2021,495.5652173913044
OSBS_037,2021,495.5652173913044
OSBS_028,2021,495.5652173913044
OSBS_021,2021,570.9347826086956
OSBS_041,2021,495.5652173913044
OSBS_009,2021,638.2391304347826
OSBS_031,2021,516.1304347826087
OSBS_033,2021,484.3695652173913
OSBS_032,2021,484.3695652173913
OSBS_044,2021,484.3695652173913
OSBS_027,2021,484.3695652173913
OSBS_034,2021,516.1304347826087
OSBS_026,2021,484.3695652173913
OSBS_063,2021,504.2173913043478
OSBS_067,2021,500.2391304347826
OSBS_066,2021,696.7608695652174
OSBS_068,2021,492.69565217391306
OSBS_070,2021,516.1304347826087
OSBS_073,2021,618.2826086956521
RMNP_043,2021,208.3695652173913
RMNP_042,2021,208.3695652173913
RMNP_041,2021,294.82608695652175
RMNP_048,2021,208.3695652173913
RMNP_049,2021,208.3695652173913
RMNP_046,2021,208.3695652173913
RMNP_047,2021,208.3695652173913
RMNP_045,2021,208.3695652173913
RMNP_044,2021,208.3695652173913
RMNP_013,2021,272.7173913043478
RMNP_003,2021,301.7608695652174
RMNP_009,2021,301.7608695652174
RMNP_011,2021,186.8913043478261
RMNP_019,2021,294.39130434782606
RMNP_015,2021,352.80434782608694
RMNP_002,2021,352.30434782608694
RMNP_020,2021,352.80434782608694
RMNP_016,2021,320.0
RMNP_017,2021,286.7826086956522
RMNP_005,2021,340.6521739130435
RMNP_001,2021,378.8478260869565
RMNP_014,2021,395.69565217391306
RMNP_008,2021,338.32608695652175
RMNP_012,2021,393.7173913043478
RMNP_018,2021,365.5652173913044
RMNP_006,2021,373.5
RMNP_004,2021,342.69565217391306
RMNP_010,2021,369.4782608695652
RMNP_007,2021,369.4782608695652
SCBI_008,2021,512.6304347826087
SCBI_004,2021,467.0217391304348
SCBI_015,2021,490.39130434782606
SCBI_017,2021,484.2173913043478
SCBI_013,2021,479.4347826086956
SCBI_007,2021,490.2826086956522
SCBI_018,2021,474.2826086956522
SCBI_003,2021,493.8695652173913
SCBI_011,2021,502.7826086956522
SCBI_016,2021,468.4782608695652
SCBI_002,2021,481.0217391304348
SCBI_010,2021,476.1521739130435
SCBI_014,2021,487.5652173913044
SCBI_005,2021,498.0652173913044
SCBI_056,2021,474.7826086956522
SCBI_045,2021,475.8695652173913
SCBI_053,2021,474.7826086956522
SCBI_061,2021,474.7826086956522
SCBI_050,2021,474.7826086956522
SCBI_057,2021,474.7826086956522
SCBI_062,2021,480.7173913043478
SCBI_047,2021,480.7173913043478
SCBI_067,2021,480.7173913043478
SCBI_066,2021,480.7173913043478
SCBI_064,2021,475.8695652173913
SCBI_052,2021,475.8695652173913
SCBI_054,2021,475.8695652173913
SCBI_046,2021,481.0217391304348
SCBI_049,2021,480.7173913043478
SCBI_063,2021,480.7173913043478
SCBI_055,2021,474.7826086956522
SCBI_048,2021,480.7173913043478
SCBI_051,2021,474.7826086956522
SCBI_058,2021,475.8695652173913
SCBI_034,2021,365.6304347826087
SCBI_038,2021,461.9782608695652
SCBI_033,2021,365.6304347826087
SCBI_006,2021,475.5217391304348
SCBI_035,2021,461.9782608695652
SCBI_012,2021,572.2391304347826
SCBI_071,2021,476.1521739130435
SCBI_019,2021,506.2173913043478
SCBI_021,2021,475.5217391304348
SCBI_023,2021,490.39130434782606
SCBI_022,2021,485.7826086956522
SERC_062,2021,475.6304347826087
SERC_045,2021,475.6304347826087
SERC_051,2021,475.6304347826087
SERC_050,2021,514.0434782608696
SERC_052,2021,529.0
SERC_058,2021,533.695652173913
SERC_043,2021,534.0869565217391
SERC_055,2021,529.5
SERC_048,2021,533.695652173913
SERC_060,2021,533.695652173913
SERC_061,2021,529.3695652173913
SERC_054,2021,529.3695652173913
SERC_059,2021,524.8913043478261
SERC_046,2021,520.6086956521739
SERC_053,2021,529.3695652173913
SERC_044,2021,520.6086956521739
SERC_047,2021,526.5652173913044
SERC_049,2021,526.5652173913044
SERC_057,2021,526.5652173913044
SERC_056,2021,526.5652173913044
SERC_007,2021,706.4782608695652
SERC_018,2021,640.2608695652174
SERC_009,2021,542.0652173913044
SERC_008,2021,640.3913043478261
SERC_011,2021,533.6521739130435
SERC_003,2021,521.6521739130435
SERC_006,2021,446.6304347826087
SERC_001,2021,471.1521739130435
SERC_017,2021,610.6739130434783
SERC_019,2021,506.39130434782606
SERC_010,2021,665.4782608695652
SERC_014,2021,416.32608695652175
SERC_012,2021,529.5652173913044
SERC_016,2021,521.4782608695652
SERC_022,2021,485.67391304347825
SERC_004,2021,506.39130434782606
SERC_021,2021,534.0869565217391
SERC_013,2021,485.0869565217391
SERC_005,2021,544.0217391304348
SERC_002,2021,529.3913043478261
SERC_067,2021,531.6739130434783
SERC_073,2021,514.0434782608696
SOAP_059,2021,346.2173913043478
SOAP_057,2021,346.2173913043478
SOAP_051,2021,346.2173913043478
SOAP_048,2021,346.2173913043478
SOAP_058,2021,353.4130434782609
SOAP_043,2021,352.82608695652175
SOAP_050,2021,352.82608695652175
SOAP_044,2021,236.52173913043478
SOAP_052,2021,236.19565217391303
SOAP_046,2021,236.52173913043478
SOAP_060,2021,236.19565217391303
SOAP_055,2021,352.82608695652175
SOAP_054,2021,330.1521739130435
SOAP_047,2021,330.1521739130435
SOAP_031,2021,334.3478260869565
SOAP_049,2021,334.3478260869565
SOAP_056,2021,334.3478260869565
SOAP_053,2021,330.1521739130435
SOAP_045,2021,284.7826086956522
SOAP_061,2021,346.2173913043478
SOAP_002,2021,196.97826086956522
SOAP_010,2021,346.2173913043478
SOAP_006,2021,188.19565217391303
SOAP_013,2021,196.97826086956522
SOAP_012,2021,247.6304347826087
SOAP_004,2021,346.2173913043478
SOAP_003,2021,334.6521739130435
SOAP_016,2021,298.9347826086956
SOAP_007,2021,312.6521739130435
SOAP_020,2021,330.1521739130435
SOAP_009,2021,371.0217391304348
SOAP_008,2021,247.6304347826087
SOAP_021,2021,300.89130434782606
SOAP_018,2021,358.82608695652175
SOAP_019,2021,358.82608695652175
SOAP_017,2021,361.0652173913044
SOAP_015,2021,397.60869565217394
SOAP_001,2021,441.67391304347825
SOAP_011,2021,353.4130434782609
SOAP_022,2021,397.60869565217394
SOAP_024,2021,188.19565217391303
STEI_058,2021,414.0217391304348
STEI_051,2021,414.0217391304348
STEI_056,2021,403.9347826086956
STEI_046,2021,403.9347826086956
STEI_061,2021,403.9347826086956
STEI_062,2021,403.9347826086956
STEI_052,2021,403.9347826086956
STEI_055,2021,414.0217391304348
STEI_047,2021,403.9347826086956
STEI_053,2021,403.9347826086956
STEI_048,2021,421.60869565217394
STEI_060,2021,403.9347826086956
STEI_054,2021,421.60869565217394
STEI_049,2021,403.9347826086956
STEI_057,2021,403.9347826086956
STEI_050,2021,421.60869565217394
STEI_059,2021,421.60869565217394
STEI_005,2021,423.0652173913044
STEI_009,2021,423.5869565217391
STEI_012,2021,429.9782608695652
STEI_017,2021,424.10869565217394
STEI_019,2021,424.4782608695652
STEI_003,2021,427.82608695652175
STEI_007,2021,437.7173913043478
STEI_002,2021,429.5217391304348
STEI_011,2021,418.0652173913044
STEI_010,2021,405.0
STEI_008,2021,407.67391304347825
STEI_015,2021,408.17391304347825
STEI_016,2021,420.45652173913044
STEI_004,2021,417.9782608695652
STEI_013,2021,420.7826086956522
STEI_001,2021,407.60869565217394
STEI_021,2021,416.7826086956522
STEI_006,2021,405.0869565217391
STEI_014,2021,410.5652173913044
STEI_022,2021,426.89130434782606
STEI_023,2021,425.3478260869565
TALL_003,2021,1050.9565217391305
TALL_005,2021,617.4565217391304
TALL_009,2021,611.2826086956521
TALL_012,2021,728.2173913043479
TALL_004,2021,537.1086956521739
TALL_010,2021,721.5869565217391
TALL_007,2021,777.7173913043479
TALL_002,2021,711.1304347826087
TALL_022,2021,742.2173913043479
TALL_015,2021,729.4782608695652
TALL_016,2021,559.0652173913044
TALL_011,2021,757.1086956521739
TALL_018,2021,772.2608695652174
TALL_006,2021,630.5217391304348
TALL_013,2021,628.4347826086956
TALL_001,2021,596.695652173913
TALL_017,2021,755.1086956521739
TALL_020,2021,536.8695652173913
TALL_008,2021,1020.4130434782609
TALL_043,2021,632.304347826087
TALL_049,2021,632.304347826087
TALL_046,2021,632.304347826087
TALL_061,2021,622.6304347826087
TALL_052,2021,622.4347826086956
TALL_050,2021,757.695652173913
TALL_051,2021,622.6304347826087
TALL_057,2021,622.6304347826087
TALL_060,2021,757.695652173913
TALL_055,2021,622.6304347826087
TALL_058,2021,622.4347826086956
TALL_045,2021,757.695652173913
TALL_059,2021,622.4347826086956
TALL_054,2021,622.6304347826087
TALL_056,2021,622.4347826086956
TALL_044,2021,757.695652173913
TALL_047,2021,757.695652173913
TALL_048,2021,632.304347826087
TALL_042,2021,632.304347826087
TALL_053,2021,622.4347826086956
TALL_064,2021,728.9347826086956
TALL_025,2021,617.2826086956521
TEAK_045,2021,322.2173913043478
TEAK_054,2021,322.2173913043478
TEAK_048,2021,322.2173913043478
TEAK_061,2021,322.2173913043478
TEAK_059,2021,322.2173913043478
TEAK_049,2021,322.2391304347826
TEAK_060,2021,322.2391304347826
TEAK_055,2021,322.2391304347826
TEAK_062,2021,326.95652173913044
TEAK_056,2021,366.1304347826087
TEAK_044,2021,366.1304347826087
TEAK_057,2021,365.5869565217391
TEAK_053,2021,366.1304347826087
TEAK_047,2021,366.1304347826087
TEAK_051,2021,365.5869565217391
TEAK_046,2021,341.45652173913044
TEAK_058,2021,322.2391304347826
TEAK_043,2021,326.95652173913044
TEAK_052,2021,341.4347826086956
TEAK_050,2021,365.5217391304348
TEAK_001,2021,398.2826086956522
TEAK_002,2021,299.2826086956522
TEAK_003,2021,360.2173913043478
TEAK_004,2021,312.7826086956522
TEAK_006,2021,290.19565217391306
TEAK_025,2021,290.80434782608694
TEAK_005,2021,148.80434782608697
TEAK_011,2021,358.32608695652175
TEAK_007,2021,340.8478260869565
TEAK_014,2021,343.9130434782609
TEAK_010,2021,359.9782608695652
TEAK_012,2021,360.2173913043478
TEAK_017,2021,326.69565217391306
TEAK_013,2021,303.60869565217394
TEAK_019,2021,427.0869565217391
TEAK_020,2021,326.32608695652175
TEAK_016,2021,299.4782608695652
TEAK_015,2021,325.5869565217391
TEAK_024,2021,255.02173913043478
TEAK_018,2021,310.1304347826087
TREE_042,2021,419.5217391304348
TREE_053,2021,427.0869565217391
TREE_049,2021,427.0869565217391
TREE_046,2021,427.0869565217391
TREE_055,2021,427.04347826086956
TREE_056,2021,427.0869565217391
TREE_050,2021,551.6739130434783
TREE_054,2021,551.6739130434783
TREE_052,2021,427.0869565217391
TREE_051,2021,427.04347826086956
TREE_057,2021,406.39130434782606
TREE_025,2021,406.39130434782606
TREE_043,2021,406.4347826086956
TREE_044,2021,406.4347826086956
TREE_048,2021,535.1739130434783
TREE_047,2021,397.89130434782606
TREE_041,2021,412.17391304347825
TREE_040,2021,397.89130434782606
TREE_039,2021,406.39130434782606
TREE_045,2021,406.39130434782606
TREE_017,2021,406.4347826086956
TREE_019,2021,412.19565217391306
TREE_010,2021,396.69565217391306
TREE_016,2021,396.7608695652174
TREE_001,2021,395.54347826086956
TREE_014,2021,395.54347826086956
TREE_009,2021,414.8478260869565
TREE_060,2021,404.32608695652175
TREE_012,2021,412.19565217391306
TREE_005,2021,435.67391304347825
TREE_011,2021,384.9130434782609
TREE_018,2021,396.67391304347825
TREE_003,2021,410.4130434782609
TREE_007,2021,384.9130434782609
TREE_008,2021,550.7826086956521
TREE_006,2021,412.60869565217394
TREE_004,2021,550.7826086956521
TREE_002,2021,396.67391304347825
TREE_015,2021,425.0
TREE_023,2021,425.0
TREE_062,2021,414.8478260869565
TREE_064,2021,396.7391304347826
TREE_022,2021,412.60869565217394
TREE_063,2021,424.7173913043478
UNDE_048,2021,410.1304347826087
UNDE_038,2021,405.4782608695652
UNDE_037,2021,387.2391304347826
UNDE_045,2021,410.1304347826087
UNDE_058,2021,395.2826086956522
UNDE_052,2021,410.1304347826087
UNDE_047,2021,394.6304347826087
UNDE_054,2021,395.2826086956522
UNDE_057,2021,410.1304347826087
UNDE_050,2021,395.2826086956522
UNDE_055,2021,395.2826086956522
UNDE_059,2021,395.8695652173913
UNDE_065,2021,385.4782608695652
UNDE_043,2021,410.1304347826087
UNDE_044,2021,395.8695652173913
UNDE_049,2021,395.2826086956522
UNDE_056,2021,410.1304347826087
UNDE_078,2021,405.4782608695652
UNDE_061,2021,405.4782608695652
UNDE_060,2021,395.2826086956522
UNDE_014,2021,366.9130434782609
UNDE_013,2021,395.2826086956522
UNDE_002,2021,383.69565217391306
UNDE_001,2021,396.3695652173913
UNDE_003,2021,364.3478260869565
UNDE_010,2021,389.0869565217391
UNDE_006,2021,364.7391304347826
UNDE_011,2021,414.3478260869565
UNDE_007,2021,395.69565217391306
UNDE_012,2021,390.04347826086956
UNDE_008,2021,364.7391304347826
UNDE_016,2021,375.9782608695652
UNDE_020,2021,345.6521739130435
UNDE_021,2021,358.2826086956522
UNDE_022,2021,384.30434782608694
UNDE_018,2021,373.5
UNDE_019,2021,387.6521739130435
UNDE_023,2021,384.8695652173913
UNDE_015,2021,384.8695652173913
UNDE_027,2021,390.3478260869565
WREF_089,2021,482.7173913043478
WREF_082,2021,632.7391304347826
WREF_077,2021,643.7608695652174
WREF_083,2021,482.7173913043478
WREF_086,2021,460.39130434782606
WREF_081,2021,460.5217391304348
WREF_076,2021,483.60869565217394
WREF_070,2021,643.7608695652174
WREF_074,2021,632.7391304347826
WREF_072,2021,556.7173913043479
WREF_080,2021,624.0
WREF_073,2021,624.0
WREF_079,2021,624.0
WREF_085,2021,632.5217391304348
WREF_084,2021,632.5217391304348
WREF_078,2021,598.4130434782609
WREF_088,2021,632.7391304347826
WREF_087,2021,632.5217391304348
WREF_075,2021,643.7608695652174
WREF_071,2021,632.7391304347826
WREF_012,2021,561.0652173913044
WREF_016,2021,628.1739130434783
WREF_015,2021,624.6521739130435
WREF_013,2021,594.5869565217391
WREF_001,2021,539.6304347826087
WREF_003,2021,607.6304347826087
WREF_018,2021,586.9130434782609
WREF_020,2021,641.8260869565217
WREF_002,2021,635.6739130434783
WREF_019,2021,519.5434782608696
WREF_010,2021,648.5652173913044
WREF_007,2021,635.195652173913
WREF_008,2021,594.1304347826087
WREF_006,2021,574.4565217391304
WREF_005,2021,537.5869565217391
WREF_014,2021,538.2826086956521
WREF_009,2021,647.6739130434783
WREF_011,2021,599.2826086956521
WREF_004,2021,613.2608695652174
WREF_017,2021,613.4130434782609
DELA_013,2021,536.7608695652174
DELA_003,2021,505.5869565217391
DELA_005,2021,374.19565217391306
DELA_011,2021,414.1521739130435
DELA_004,2021,549.304347826087
DELA_018,2021,559.3913043478261
DELA_014,2021,525.8913043478261
DELA_015,2021,549.304347826087
DELA_012,2021,525.8913043478261
DELA_010,2021,559.3913043478261
DELA_016,2021,572.804347826087
DELA_001,2021,531.0
DELA_019,2021,558.9565217391304
DELA_017,2021,572.804347826087
DELA_009,2021,505.5869565217391
DELA_002,2021,525.8913043478261
DELA_007,2021,559.3913043478261
DELA_020,2021,553.7608695652174
DELA_006,2021,558.9565217391304
DELA_008,2021,536.7608695652174
DELA_046,2021,553.7608695652174
DELA_053,2021,553.7608695652174
DELA_051,2021,534.5217391304348
DELA_043,2021,534.5217391304348
DELA_040,2021,553.7608695652174
DELA_052,2021,534.5217391304348
DELA_041,2021,534.5217391304348
DELA_044,2021,534.5217391304348
DELA_039,2021,533.9347826086956
DELA_054,2021,553.7608695652174
DELA_045,2021,553.7608695652174
DELA_042,2021,542.1086956521739
DELA_055,2021,533.9347826086956
DELA_037,2021,553.7608695652174
DELA_050,2021,553.7608695652174
DELA_056,2021,553.7608695652174
DELA_047,2021,559.3913043478261
DELA_048,2021,559.3913043478261
DELA_049,2021,542.1086956521739
DELA_038,2021,533.9347826086956
DELA_023,2021,536.7608695652174
DELA_022,2021,536.7608695652174
DELA_021,2021,410.9347826086956
DELA_059,2021,542.1086956521739
LENO_061,2021,724.7391304347826
LENO_065,2021,724.7391304347826
LENO_062,2021,724.7391304347826
LENO_068,2021,644.4347826086956
LENO_067,2021,644.4347826086956
LENO_064,2021,724.7391304347826
LENO_063,2021,644.4347826086956
LENO_066,2021,799.0869565217391
LENO_069,2021,799.0869565217391
LENO_070,2021,799.0869565217391
LENO_003,2021,529.4565217391304
LENO_002,2021,531.1086956521739
LENO_014,2021,554.6086956521739
LENO_011,2021,506.69565217391306
LENO_005,2021,512.0869565217391
LENO_015,2021,686.9565217391304
LENO_010,2021,508.9130434782609
LENO_012,2021,663.4782608695652
LENO_009,2021,528.0434782608696
LENO_018,2021,684.5217391304348
LENO_006,2021,522.5869565217391
LENO_013,2021,532.9130434782609
LENO_007,2021,554.6086956521739
LENO_008,2021,686.9565217391304
LENO_022,2021,558.2391304347826
LENO_001,2021,479.0869565217391
LENO_016,2021,522.5869565217391
LENO_021,2021,639.6304347826087
LENO_017,2021,717.0869565217391
LENO_004,2021,493.7608695652174
LENO_019,2021,558.8913043478261
UKFS_032,2021,424.04347826086956
UKFS_057,2021,424.04347826086956
UKFS_051,2021,424.04347826086956
UKFS_047,2021,453.45652173913044
UKFS_055,2021,424.04347826086956
UKFS_058,2021,453.45652173913044
UKFS_060,2021,424.04347826086956
UKFS_056,2021,459.19565217391306
UKFS_054,2021,463.6304347826087
UKFS_050,2021,467.19565217391306
UKFS_046,2021,467.19565217391306
UKFS_045,2021,453.45652173913044
UKFS_043,2021,467.19565217391306
UKFS_052,2021,453.45652173913044
UKFS_059,2021,467.19565217391306
UKFS_048,2021,467.19565217391306
UKFS_049,2021,459.19565217391306
UKFS_031,2021,453.45652173913044
UKFS_044,2021,459.19565217391306
UKFS_053,2021,459.19565217391306
UKFS_007,2021,298.45652173913044
UKFS_005,2021,464.6521739130435
UKFS_004,2021,480.7826086956522
UKFS_009,2021,282.9782608695652
UKFS_006,2021,467.19565217391306
UKFS_012,2021,248.30434782608697
UKFS_002,2021,289.69565217391306
UKFS_010,2021,323.6521739130435
UKFS_003,2021,323.6521739130435
UKFS_001,2021,453.45652173913044
UKFS_011,2021,463.6304347826087
UKFS_008,2021,463.6304347826087
UKFS_017,2021,248.30434782608697
UKFS_019,2021,441.5652173913044
UKFS_016,2021,384.67391304347825
UKFS_018,2021,323.6521739130435
UKFS_014,2021,453.45652173913044
UKFS_015,2021,470.89130434782606
UKFS_013,2021,367.45652173913044
UKFS_025,2021,387.04347826086956
YELL_002,2021,142.91304347826087
YELL_016,2021,116.1086956521739
YELL_013,2021,141.1304347826087
YELL_006,2021,132.82608695652175
YELL_020,2021,232.15217391304347
YELL_008,2021,137.41304347826087
YELL_014,2021,167.2391304347826
YELL_001,2021,129.52173913043478
YELL_011,2021,115.3913043478261
YELL_004,2021,113.91304347826087
YELL_003,2021,132.08695652173913
YELL_010,2021,118.08695652173913
YELL_005,2021,109.34782608695652
YELL_007,2021,151.6086956521739
YELL_018,2021,160.41304347826087
YELL_023,2021,146.67391304347825
YELL_012,2021,128.1086956521739
YELL_009,2021,149.2173913043478
YELL_021,2021,296.5869565217391
YELL_022,2021,122.26086956521739
YELL_047,2021,142.91304347826087
YELL_054,2021,142.91304347826087
YELL_058,2021,142.91304347826087
YELL_044,2021,142.91304347826087
YELL_052,2021,142.93478260869566
YELL_055,2021,142.93478260869566
YELL_062,2021,142.91304347826087
YELL_056,2021,142.30434782608697
YELL_048,2021,142.30434782608697
YELL_060,2021,143.80434782608697
YELL_051,2021,142.93478260869566
YELL_053,2021,135.3695652173913
YELL_045,2021,142.30434782608697
YELL_046,2021,142.93478260869566
YELL_061,2021,142.93478260869566
YELL_049,2021,135.3695652173913
YELL_059,2021,142.93478260869566
YELL_043,2021,135.3695652173913
YELL_050,2021,143.80434782608697
YELL_057,2021,143.80434782608697
YELL_015,2021,117.08695652173913
BONA_072,2021,239.0
BONA_079,2021,239.0
BONA_070,2021,222.93478260869566
BONA_075,2021,239.0
BONA_078,2021,239.0
BONA_076,2021,239.0
BONA_082,2021,297.54347826086956
BONA_071,2021,239.0
BONA_087,2021,239.0
BONA_084,2021,297.5217391304348
BONA_080,2021,222.93478260869566
BONA_086,2021,222.93478260869566
BONA_088,2021,239.0
BONA_089,2021,297.54347826086956
BONA_085,2021,222.95652173913044
BONA_083,2021,185.93478260869566
BONA_074,2021,185.93478260869566
BONA_081,2021,213.1086956521739
BONA_077,2021,213.1086956521739
BONA_073,2021,213.1086956521739
BONA_014,2021,285.9130434782609
BONA_011,2021,157.32608695652175
BONA_001,2021,297.2391304347826
BONA_018,2021,154.80434782608697
BONA_023,2021,269.4347826086956
BONA_009,2021,249.56521739130434
BONA_002,2021,342.7608695652174
BONA_012,2021,343.4130434782609
BONA_008,2021,364.69565217391306
BONA_093,2021,239.0
BONA_007,2021,291.7173913043478
BONA_005,2021,308.60869565217394
BONA_021,2021,347.10869565217394
BONA_026,2021,220.2173913043478
BONA_022,2021,273.04347826086956
BONA_010,2021,273.04347826086956
BONA_003,2021,124.1086956521739
BONA_004,2021,181.0
BONA_006,2021,214.3913043478261
BONA_016,2021,126.08695652173913
BONA_013,2021,208.52173913043478
DEJU_050,2021,156.67391304347825
DEJU_051,2021,168.45652173913044
DEJU_049,2021,163.02173913043478
DEJU_057,2021,198.5
DEJU_047,2021,163.02173913043478
DEJU_052,2021,163.02173913043478
DEJU_045,2021,163.0
DEJU_056,2021,163.0
DEJU_061,2021,163.0
DEJU_064,2021,156.67391304347825
DEJU_054,2021,159.54347826086956
DEJU_060,2021,191.47826086956522
DEJU_046,2021,191.47826086956522
DEJU_055,2021,191.47826086956522
DEJU_063,2021,168.45652173913044
DEJU_059,2021,156.67391304347825
DEJU_048,2021,155.52173913043478
DEJU_062,2021,155.52173913043478
DEJU_058,2021,168.45652173913044
DEJU_053,2021,156.67391304347825
DEJU_010,2021,184.34782608695653
DEJU_004,2021,107.65217391304348
DEJU_003,2021,146.32608695652175
DEJU_023,2021,164.54347826086956
DEJU_008,2021,174.2391304347826
DEJU_019,2021,150.95652173913044
DEJU_005,2021,173.30434782608697
DEJU_001,2021,175.32608695652175
DEJU_007,2021,175.95652173913044
DEJU_015,2021,210.6086956521739
DEJU_017,2021,155.08695652173913
DEJU_014,2021,153.7173913043478
DEJU_006,2021,150.93478260869566
DEJU_021,2021,164.7173913043478
DEJU_002,2021,170.3913043478261
DEJU_024,2021,149.47826086956522
DEJU_016,2021,188.2173913043478
DEJU_009,2021,198.04347826086956
DEJU_018,2021,150.93478260869566
DEJU_020,2021,170.54347826086956
HEAL_072,2021,298.5
HEAL_063,2021,291.82608695652175
HEAL_070,2021,281.9782608695652
HEAL_060,2021,282.0
HEAL_071,2021,282.0
HEAL_050,2021,282.0
HEAL_067,2021,281.9782608695652
HEAL_068,2021,298.1521739130435
HEAL_064,2021,278.7173913043478
HEAL_062,2021,282.0
HEAL_061,2021,281.9782608695652
HEAL_073,2021,281.9782608695652
HEAL_052,2021,281.9782608695652
HEAL_066,2021,300.0
HEAL_058,2021,281.9782608695652
HEAL_069,2021,300.0
HEAL_048,2021,291.82608695652175
HEAL_054,2021,298.10869565217394
HEAL_053,2021,300.0
HEAL_074,2021,300.0
HEAL_056,2021,300.0
HEAL_051,2021,300.0
HEAL_065,2021,300.0
HEAL_057,2021,298.5
HEAL_046,2021,300.0
HEAL_059,2021,300.0
HEAL_055,2021,300.0
HEAL_047,2021,300.0
HEAL_010,2021,277.89130434782606
HEAL_002,2021,273.60869565217394
HEAL_003,2021,282.39130434782606
HEAL_014,2021,295.9130434782609
HEAL_022,2021,315.39130434782606
HEAL_023,2021,287.2391304347826
HEAL_021,2021,298.2173913043478
HEAL_001,2021,311.5869565217391
HEAL_016,2021,298.1521739130435
HEAL_020,2021,188.82608695652175
HEAL_006,2021,274.8695652173913
HEAL_019,2021,303.80434782608694
HEAL_011,2021,277.8478260869565
HEAL_025,2021,257.5
HEAL_018,2021,255.06521739130434
HEAL_017,2021,191.2391304347826
HEAL_004,2021,319.5652173913044
HEAL_005,2021,311.54347826086956
HEAL_015,2021,302.2608695652174
HEAL_049,2021,281.9782608695652
HEAL_026,2021,297.3478260869565
HEAL_045,2021,298.5
HEAL_024,2021,270.4130434782609
ABBY_063,2022,590.6521739130435
ABBY_068,2022,590.6521739130435
ABBY_065,2022,553.8695652173913
ABBY_067,2022,590.6521739130435
ABBY_066,2022,590.6521739130435
ABBY_061,2022,590.6521739130435
ABBY_070,2022,590.6521739130435
ABBY_062,2022,590.4782608695652
ABBY_064,2022,590.6521739130435
ABBY_069,2022,590.4782608695652
ABBY_075,2022,545.6521739130435
ABBY_074,2022,590.4782608695652
ABBY_073,2022,590.4782608695652
ABBY_076,2022,590.6521739130435
ABBY_004,2022,553.2608695652174
ABBY_009,2022,553.2608695652174
ABBY_011,2022,612.9782608695652
ABBY_013,2022,590.0652173913044
ABBY_023,2022,579.1304347826087
ABBY_010,2022,586.1086956521739
ABBY_018,2022,610.8695652173913
ABBY_003,2022,565.0434782608696
ABBY_012,2022,623.2826086956521
ABBY_005,2022,568.1086956521739
ABBY_016,2022,558.7826086956521
ABBY_008,2022,600.9130434782609
ABBY_017,2022,540.4347826086956
ABBY_014,2022,581.4782608695652
ABBY_001,2022,584.9565217391304
ABBY_019,2022,556.2173913043479
ABBY_006,2022,596.7391304347826
ABBY_002,2022,562.8695652173913
ABBY_007,2022,563.695652173913
ABBY_025,2022,521.7391304347826
ABBY_015,2022,438.39130434782606
ABBY_077,2022,587.6304347826087
BART_012,2022,439.1521739130435
BART_001,2022,438.1521739130435
BART_005,2022,497.69565217391306
BART_044,2022,458.0217391304348
BART_037,2022,458.0217391304348
BART_073,2022,449.4782608695652
BART_074,2022,458.0217391304348
BART_075,2022,455.8695652173913
BART_042,2022,455.8695652173913
BART_072,2022,455.8695652173913
BART_046,2022,458.0217391304348
BART_036,2022,455.8695652173913
BART_051,2022,449.4782608695652
BART_041,2022,453.6304347826087
BART_034,2022,453.6304347826087
BART_039,2022,449.4782608695652
BART_050,2022,455.8695652173913
BART_040,2022,449.39130434782606
BART_071,2022,446.1304347826087
BART_070,2022,453.6304347826087
BART_033,2022,453.6304347826087
BART_047,2022,449.39130434782606
BART_032,2022,446.17391304347825
BART_015,2022,457.5869565217391
BART_016,2022,483.7173913043478
BART_028,2022,456.17391304347825
BART_010,2022,452.4782608695652
BART_013,2022,456.30434782608694
BART_026,2022,438.6304347826087
BART_006,2022,463.8478260869565
BART_023,2022,452.4782608695652
BART_002,2022,441.4347826086956
BART_018,2022,469.04347826086956
BART_003,2022,465.2608695652174
BART_024,2022,452.4782608695652
BART_011,2022,443.8695652173913
BART_025,2022,438.6304347826087
BART_007,2022,443.8695652173913
BART_027,2022,458.19565217391306
BART_004,2022,444.2391304347826
BART_019,2022,446.17391304347825
BLAN_042,2022,423.0217391304348
BLAN_056,2022,423.0217391304348
BLAN_034,2022,436.7608695652174
BLAN_043,2022,423.0217391304348
BLAN_046,2022,463.0
BLAN_045,2022,423.0217391304348
BLAN_059,2022,463.0
BLAN_039,2022,423.0217391304348
BLAN_033,2022,423.0217391304348
BLAN_051,2022,423.0217391304348
BLAN_054,2022,423.0217391304348
BLAN_031,2022,436.7608695652174
BLAN_049,2022,436.7608695652174
BLAN_060,2022,423.0217391304348
BLAN_035,2022,463.0
BLAN_038,2022,423.0217391304348
BLAN_040,2022,423.0217391304348
BLAN_037,2022,436.7608695652174
BLAN_044,2022,436.7608695652174
BLAN_050,2022,488.95652173913044
BLAN_052,2022,436.7608695652174
BLAN_048,2022,488.95652173913044
BLAN_055,2022,436.7608695652174
BLAN_057,2022,463.0
BLAN_032,2022,463.0
BLAN_036,2022,488.95652173913044
BLAN_047,2022,488.95652173913044
BLAN_063,2022,488.95652173913044
BLAN_005,2022,425.04347826086956
BLAN_017,2022,425.04347826086956
BLAN_011,2022,698.9565217391304
BLAN_068,2022,416.60869565217394
BLAN_016,2022,416.60869565217394
BLAN_001,2022,420.2608695652174
BLAN_008,2022,437.3478260869565
BLAN_003,2022,421.0652173913044
BLAN_018,2022,639.0652173913044
BLAN_004,2022,416.60869565217394
BLAN_014,2022,445.5869565217391
BLAN_020,2022,594.0869565217391
BLAN_006,2022,639.0652173913044
BLAN_007,2022,437.3478260869565
BLAN_010,2022,416.60869565217394
BLAN_012,2022,639.0652173913044
BLAN_013,2022,410.5217391304348
BLAN_015,2022,638.8260869565217
BLAN_009,2022,420.2608695652174
BLAN_053,2022,463.0
BLAN_041,2022,488.95652173913044
BLAN_064,2022,436.7608695652174
BLAN_019,2022,416.6304347826087
GRSM_057,2022,543.5
GRSM_048,2022,543.5
GRSM_059,2022,543.5652173913044
GRSM_054,2022,538.2608695652174
GRSM_049,2022,537.7826086956521
GRSM_066,2022,543.5
GRSM_065,2022,540.4565217391304
GRSM_047,2022,543.5652173913044
GRSM_063,2022,558.2391304347826
GRSM_053,2022,558.2391304347826
GRSM_062,2022,538.2608695652174
GRSM_060,2022,543.5652173913044
GRSM_050,2022,538.5434782608696
GRSM_051,2022,543.5652173913044
GRSM_064,2022,543.5652173913044
GRSM_002,2022,577.8695652173913
GRSM_025,2022,534.1521739130435
GRSM_016,2022,388.7391304347826
GRSM_017,2022,536.4130434782609
GRSM_004,2022,572.0434782608696
GRSM_001,2022,552.3260869565217
GRSM_012,2022,503.10869565217394
GRSM_008,2022,509.3478260869565
GRSM_003,2022,503.7391304347826
GRSM_019,2022,534.9565217391304
GRSM_006,2022,534.9565217391304
GRSM_013,2022,529.6739130434783
GRSM_015,2022,553.5434782608696
GRSM_014,2022,538.9782608695652
GRSM_010,2022,542.8478260869565
GRSM_005,2022,547.7608695652174
GRSM_011,2022,574.2173913043479
GRSM_007,2022,536.5652173913044
GRSM_009,2022,510.6304347826087
GRSM_055,2022,558.2391304347826
GRSM_018,2022,611.5434782608696
GRSM_061,2022,543.5652173913044
GRSM_056,2022,543.5652173913044
GRSM_058,2022,540.4565217391304
GRSM_052,2022,538.2608695652174
HARV_013,2022,484.80434782608694
HARV_022,2022,464.0652173913044
HARV_008,2022,453.7391304347826
HARV_004,2022,473.39130434782606
HARV_024,2022,482.04347826086956
HARV_010,2022,0.0
HARV_006,2022,458.3695652173913
HARV_001,2022,439.3478260869565
HARV_005,2022,395.69565217391306
HARV_027,2022,466.1304347826087
HARV_043,2022,473.60869565217394
HARV_035,2022,473.60869565217394
HARV_037,2022,465.67391304347825
HARV_020,2022,451.8695652173913
HARV_023,2022,464.95652173913044
HARV_014,2022,453.30434782608694
HARV_011,2022,458.54347826086956
HARV_025,2022,452.7391304347826
HARV_002,2022,479.5652173913044
HARV_012,2022,479.3695652173913
HARV_026,2022,466.9130434782609
HARV_016,2022,451.0869565217391
HARV_039,2022,471.6521739130435
HARV_021,2022,458.5869565217391
HARV_045,2022,465.4130434782609
HARV_041,2022,465.45652173913044
HARV_038,2022,465.67391304347825
HARV_050,2022,465.67391304347825
HARV_048,2022,473.60869565217394
HARV_036,2022,465.4130434782609
HARV_052,2022,473.60869565217394
HARV_049,2022,471.54347826086956
HARV_047,2022,465.67391304347825
HARV_044,2022,465.67391304347825
HARV_040,2022,473.60869565217394
HARV_046,2022,465.45652173913044
HARV_033,2022,465.67391304347825
HARV_051,2022,471.6521739130435
HARV_034,2022,465.67391304347825
HARV_042,2022,471.6521739130435
HARV_015,2022,465.45652173913044
HARV_017,2022,477.6304347826087
JERC_002,2022,603.5869565217391
JERC_015,2022,609.1739130434783
JERC_007,2022,656.7826086956521
JERC_001,2022,601.9130434782609
JERC_010,2022,609.9347826086956
JERC_009,2022,638.2826086956521
JERC_029,2022,616.2826086956521
JERC_021,2022,600.2826086956521
JERC_011,2022,616.2826086956521
JERC_040,2022,611.5217391304348
JERC_035,2022,595.5434782608696
JERC_033,2022,609.2826086956521
JERC_019,2022,760.6086956521739
JERC_030,2022,560.1304347826087
JERC_034,2022,615.9565217391304
JERC_036,2022,624.0869565217391
JERC_028,2022,333.1304347826087
JERC_044,2022,612.4347826086956
JERC_016,2022,624.0869565217391
JERC_038,2022,654.4347826086956
JERC_006,2022,524.5217391304348
JERC_041,2022,727.1521739130435
JERC_031,2022,625.4347826086956
JERC_042,2022,609.9347826086956
JERC_008,2022,630.7391304347826
JERC_005,2022,630.7391304347826
JERC_003,2022,601.9130434782609
JERC_022,2022,611.8478260869565
JERC_013,2022,632.6521739130435
JERC_066,2022,603.5869565217391
JERC_065,2022,625.4347826086956
JERC_054,2022,604.804347826087
JERC_051,2022,625.4347826086956
JERC_062,2022,603.6739130434783
JERC_047,2022,603.6739130434783
JERC_057,2022,625.4565217391304
JERC_060,2022,625.4347826086956
JERC_064,2022,625.4347826086956
JERC_050,2022,603.6739130434783
JERC_053,2022,603.5869565217391
JERC_049,2022,603.6739130434783
JERC_061,2022,603.6739130434783
JERC_058,2022,603.5869565217391
JERC_048,2022,603.5869565217391
JERC_063,2022,603.5869565217391
JERC_052,2022,603.6739130434783
JERC_059,2022,603.5869565217391
JERC_056,2022,603.6739130434783
JERC_055,2022,603.6739130434783
JERC_004,2022,622.3478260869565
JERC_014,2022,608.6521739130435
JERC_012,2022,504.1304347826087
MLBS_076,2022,459.5
MLBS_061,2022,459.32608695652175
MLBS_064,2022,459.32608695652175
MLBS_075,2022,462.9347826086956
MLBS_065,2022,462.9347826086956
MLBS_062,2022,462.95652173913044
MLBS_069,2022,459.5
MLBS_063,2022,459.45652173913044
MLBS_073,2022,459.45652173913044
MLBS_074,2022,459.5
MLBS_066,2022,459.45652173913044
MLBS_067,2022,459.45652173913044
MLBS_071,2022,459.5
MLBS_072,2022,459.45652173913044
MLBS_070,2022,459.45652173913044
MLBS_068,2022,459.45652173913044
MLBS_009,2022,459.32608695652175
MLBS_010,2022,459.17391304347825
MLBS_005,2022,448.17391304347825
MLBS_003,2022,459.17391304347825
MLBS_019,2022,469.6304347826087
MLBS_016,2022,486.7391304347826
MLBS_015,2022,476.8478260869565
MLBS_014,2022,448.1521739130435
MLBS_001,2022,453.5869565217391
MLBS_017,2022,453.5869565217391
MLBS_011,2022,469.3695652173913
MLBS_012,2022,469.3695652173913
MLBS_002,2022,462.9347826086956
MLBS_004,2022,506.17391304347825
MLBS_018,2022,483.7608695652174
MLBS_008,2022,498.6521739130435
MLBS_007,2022,483.6304347826087
MLBS_006,2022,491.19565217391306
MLBS_020,2022,491.89130434782606
MLBS_013,2022,506.7173913043478
ORNL_002,2022,647.695652173913
ORNL_003,2022,510.82608695652175
ORNL_009,2022,619.6739130434783
ORNL_021,2022,487.2826086956522
ORNL_031,2022,420.7826086956522
ORNL_033,2022,482.30434782608694
ORNL_066,2022,708.4347826086956
ORNL_044,2022,708.4347826086956
ORNL_012,2022,0.0
ORNL_004,2022,490.39130434782606
ORNL_001,2022,438.7391304347826
ORNL_027,2022,486.0652173913044
ORNL_014,2022,503.82608695652175
ORNL_029,2022,504.45652173913044
ORNL_007,2022,515.8695652173913
ORNL_006,2022,492.39130434782606
ORNL_008,2022,525.0869565217391
ORNL_035,2022,529.1521739130435
ORNL_010,2022,546.1304347826087
ORNL_032,2022,500.5217391304348
ORNL_055,2022,514.804347826087
ORNL_062,2022,514.804347826087
ORNL_063,2022,528.2608695652174
ORNL_049,2022,528.2608695652174
ORNL_052,2022,514.804347826087
ORNL_059,2022,515.5652173913044
ORNL_036,2022,528.5217391304348
ORNL_053,2022,515.5652173913044
ORNL_046,2022,515.5652173913044
ORNL_043,2022,514.804347826087
ORNL_058,2022,514.804347826087
ORNL_060,2022,514.804347826087
ORNL_056,2022,514.804347826087
ORNL_037,2022,514.804347826087
ORNL_057,2022,528.5217391304348
ORNL_051,2022,514.804347826087
ORNL_061,2022,515.5652173913044
ORNL_054,2022,528.5217391304348
ORNL_045,2022,528.5217391304348
ORNL_050,2022,528.5217391304348
ORNL_017,2022,516.6086956521739
ORNL_068,2022,464.7826086956522
ORNL_019,2022,521.9347826086956
ORNL_018,2022,390.7608695652174
ORNL_067,2022,520.1086956521739
ORNL_015,2022,510.9347826086956
OSBS_002,2022,576.1521739130435
OSBS_006,2022,503.2826086956522
OSBS_048,2022,544.9782608695652
OSBS_001,2022,694.0
OSBS_018,2022,459.5869565217391
OSBS_011,2022,554.6521739130435
OSBS_014,2022,577.6304347826087
OSBS_004,2022,513.6521739130435
OSBS_020,2022,496.6304347826087
OSBS_023,2022,554.6521739130435
OSBS_049,2022,552.8478260869565
OSBS_003,2022,502.5217391304348
OSBS_012,2022,523.9782608695652
OSBS_013,2022,513.6521739130435
OSBS_024,2022,554.6521739130435
OSBS_016,2022,617.7173913043479
OSBS_008,2022,523.0217391304348
OSBS_010,2022,670.195652173913
OSBS_051,2022,517.4347826086956
OSBS_050,2022,506.8695652173913
OSBS_007,2022,547.4565217391304
OSBS_005,2022,682.5652173913044
OSBS_017,2022,668.5869565217391
OSBS_043,2022,494.7391304347826
OSBS_022,2022,577.6304347826087
OSBS_039,2022,492.3695652173913
OSBS_036,2022,492.3695652173913
OSBS_029,2022,492.3695652173913
OSBS_040,2022,503.69565217391306
OSBS_015,2022,762.804347826087
OSBS_025,2022,476.39130434782606
OSBS_030,2022,476.39130434782606
OSBS_038,2022,476.39130434782606
OSBS_042,2022,476.39130434782606
OSBS_035,2022,471.9782608695652
OSBS_037,2022,471.9782608695652
OSBS_028,2022,471.9782608695652
OSBS_021,2022,602.3913043478261
OSBS_041,2022,471.9782608695652
OSBS_009,2022,731.4782608695652
OSBS_031,2022,503.69565217391306
OSBS_033,2022,492.3695652173913
OSBS_032,2022,492.3695652173913
OSBS_044,2022,492.3695652173913
OSBS_027,2022,492.3695652173913
OSBS_034,2022,503.67391304347825
OSBS_026,2022,492.3695652173913
OSBS_063,2022,556.5217391304348
OSBS_067,2022,531.2391304347826
OSBS_066,2022,762.804347826087
OSBS_068,2022,506.9782608695652
OSBS_070,2022,503.69565217391306
OSBS_073,2022,654.6086956521739
RMNP_043,2022,181.08695652173913
RMNP_042,2022,181.08695652173913
RMNP_041,2022,290.5652173913044
RMNP_048,2022,181.08695652173913
RMNP_049,2022,181.08695652173913
RMNP_046,2022,181.08695652173913
RMNP_047,2022,181.08695652173913
RMNP_045,2022,181.08695652173913
RMNP_044,2022,181.08695652173913
RMNP_013,2022,265.0652173913044
RMNP_003,2022,276.0869565217391
RMNP_009,2022,276.0869565217391
RMNP_011,2022,177.47826086956522
RMNP_019,2022,289.5217391304348
RMNP_015,2022,314.6521739130435
RMNP_002,2022,314.2391304347826
RMNP_020,2022,314.6521739130435
RMNP_016,2022,311.0869565217391
RMNP_017,2022,272.2608695652174
RMNP_005,2022,332.2173913043478
RMNP_001,2022,335.45652173913044
RMNP_014,2022,386.9782608695652
RMNP_008,2022,325.32608695652175
RMNP_012,2022,376.7173913043478
RMNP_018,2022,353.3478260869565
RMNP_006,2022,359.32608695652175
RMNP_004,2022,287.6521739130435
RMNP_010,2022,323.7608695652174
RMNP_007,2022,323.7608695652174
SCBI_008,2022,510.5869565217391
SCBI_004,2022,469.7608695652174
SCBI_015,2022,481.7391304347826
SCBI_017,2022,482.9782608695652
SCBI_013,2022,512.3260869565217
SCBI_007,2022,480.5869565217391
SCBI_018,2022,490.2173913043478
SCBI_003,2022,484.0
SCBI_011,2022,487.5
SCBI_016,2022,461.95652173913044
SCBI_002,2022,480.9347826086956
SCBI_010,2022,479.9347826086956
SCBI_014,2022,494.30434782608694
SCBI_005,2022,477.0652173913044
SCBI_056,2022,462.5869565217391
SCBI_045,2022,479.17391304347825
SCBI_053,2022,462.5869565217391
SCBI_061,2022,462.5869565217391
SCBI_050,2022,462.5869565217391
SCBI_057,2022,462.5869565217391
SCBI_062,2022,480.5
SCBI_047,2022,480.5
SCBI_067,2022,480.5
SCBI_066,2022,480.5
SCBI_064,2022,479.17391304347825
SCBI_052,2022,479.17391304347825
SCBI_054,2022,479.17391304347825
SCBI_046,2022,480.9347826086956
SCBI_049,2022,480.5
SCBI_063,2022,480.5
SCBI_055,2022,462.5869565217391
SCBI_048,2022,480.5
SCBI_051,2022,462.5869565217391
SCBI_058,2022,479.17391304347825
SCBI_034,2022,344.89130434782606
SCBI_038,2022,468.5217391304348
SCBI_033,2022,344.89130434782606
SCBI_006,2022,479.2173913043478
SCBI_035,2022,468.5217391304348
SCBI_012,2022,604.2391304347826
SCBI_071,2022,479.9347826086956
SCBI_019,2022,482.2608695652174
SCBI_021,2022,479.2173913043478
SCBI_023,2022,481.7391304347826
SCBI_022,2022,477.6304347826087
SERC_062,2022,438.4347826086956
SERC_045,2022,438.4347826086956
SERC_051,2022,438.4347826086956
SERC_050,2022,497.0652173913044
SERC_052,2022,493.1521739130435
SERC_058,2022,511.1521739130435
SERC_043,2022,511.2608695652174
SERC_055,2022,499.6304347826087
SERC_048,2022,511.1521739130435
SERC_060,2022,511.1521739130435
SERC_061,2022,493.3695652173913
SERC_054,2022,493.3695652173913
SERC_059,2022,498.5
SERC_046,2022,483.9130434782609
SERC_053,2022,493.3695652173913
SERC_044,2022,483.9130434782609
SERC_047,2022,480.0869565217391
SERC_049,2022,480.0869565217391
SERC_057,2022,480.0869565217391
SERC_056,2022,480.0869565217391
SERC_007,2022,631.695652173913
SERC_018,2022,538.9347826086956
SERC_009,2022,501.19565217391306
SERC_008,2022,539.0434782608696
SERC_011,2022,505.8695652173913
SERC_003,2022,501.6304347826087
SERC_006,2022,379.7173913043478
SERC_001,2022,463.0
SERC_017,2022,571.2391304347826
SERC_019,2022,485.0
SERC_010,2022,654.9130434782609
SERC_014,2022,421.0217391304348
SERC_012,2022,511.04347826086956
SERC_016,2022,501.5
SERC_022,2022,465.2391304347826
SERC_004,2022,485.0
SERC_021,2022,511.2608695652174
SERC_013,2022,466.54347826086956
SERC_005,2022,502.6521739130435
SERC_002,2022,503.39130434782606
SERC_067,2022,506.7173913043478
SERC_073,2022,497.0652173913044
SOAP_059,2022,365.7391304347826
SOAP_057,2022,365.7391304347826
SOAP_051,2022,365.7391304347826
SOAP_048,2022,365.7391304347826
SOAP_058,2022,371.17391304347825
SOAP_043,2022,370.67391304347825
SOAP_050,2022,370.67391304347825
SOAP_044,2022,280.39130434782606
SOAP_052,2022,280.10869565217394
SOAP_046,2022,280.39130434782606
SOAP_060,2022,280.10869565217394
SOAP_055,2022,370.67391304347825
SOAP_054,2022,312.4130434782609
SOAP_047,2022,312.4130434782609
SOAP_031,2022,345.5
SOAP_049,2022,345.5
SOAP_056,2022,345.5
SOAP_053,2022,312.4130434782609
SOAP_045,2022,250.1086956521739
SOAP_061,2022,365.7391304347826
SOAP_002,2022,240.47826086956522
SOAP_010,2022,365.7391304347826
SOAP_006,2022,256.5652173913044
SOAP_013,2022,240.47826086956522
SOAP_012,2022,292.30434782608694
SOAP_004,2022,365.7391304347826
SOAP_003,2022,353.1521739130435
SOAP_016,2022,280.2826086956522
SOAP_007,2022,321.7826086956522
SOAP_020,2022,312.4130434782609
SOAP_009,2022,370.69565217391306
SOAP_008,2022,292.30434782608694
SOAP_021,2022,318.3695652173913
SOAP_018,2022,378.5869565217391
SOAP_019,2022,378.5869565217391
SOAP_017,2022,385.7826086956522
SOAP_015,2022,389.0869565217391
SOAP_001,2022,444.69565217391306
SOAP_011,2022,371.17391304347825
SOAP_022,2022,389.0869565217391
SOAP_024,2022,256.5652173913044
STEI_058,2022,387.3478260869565
STEI_051,2022,387.3478260869565
STEI_056,2022,393.6521739130435
STEI_046,2022,393.6521739130435
STEI_061,2022,393.6521739130435
STEI_062,2022,393.6521739130435
STEI_052,2022,393.6521739130435
STEI_055,2022,387.3478260869565
STEI_047,2022,393.6521739130435
STEI_053,2022,393.6521739130435
STEI_048,2022,409.3478260869565
STEI_060,2022,393.6521739130435
STEI_054,2022,409.3478260869565
STEI_049,2022,393.6521739130435
STEI_057,2022,393.6521739130435
STEI_050,2022,409.3478260869565
STEI_059,2022,409.3478260869565
STEI_005,2022,405.3478260869565
STEI_009,2022,423.32608695652175
STEI_012,2022,417.0
STEI_017,2022,416.0
STEI_019,2022,416.5217391304348
STEI_003,2022,420.1304347826087
STEI_007,2022,414.89130434782606
STEI_002,2022,410.39130434782606
STEI_011,2022,404.2173913043478
STEI_010,2022,394.95652173913044
STEI_008,2022,396.82608695652175
STEI_015,2022,394.5217391304348
STEI_016,2022,402.45652173913044
STEI_004,2022,402.67391304347825
STEI_013,2022,411.1521739130435
STEI_001,2022,393.6304347826087
STEI_021,2022,403.9347826086956
STEI_006,2022,407.67391304347825
STEI_014,2022,406.5
STEI_022,2022,419.7608695652174
STEI_023,2022,413.5869565217391
TALL_003,2022,1018.3478260869565
TALL_005,2022,571.5
TALL_009,2022,530.9565217391304
TALL_012,2022,695.695652173913
TALL_004,2022,540.5434782608696
TALL_010,2022,699.695652173913
TALL_007,2022,744.8913043478261
TALL_002,2022,1028.6739130434783
TALL_022,2022,687.9565217391304
TALL_015,2022,1036.6739130434783
TALL_016,2022,737.1739130434783
TALL_011,2022,728.6739130434783
TALL_018,2022,759.9782608695652
TALL_006,2022,570.2608695652174
TALL_013,2022,578.7826086956521
TALL_001,2022,546.3478260869565
TALL_017,2022,691.6304347826087
TALL_020,2022,540.2826086956521
TALL_008,2022,1027.6739130434783
TALL_043,2022,605.9565217391304
TALL_049,2022,605.9565217391304
TALL_046,2022,605.9565217391304
TALL_061,2022,837.7608695652174
TALL_052,2022,837.4782608695652
TALL_050,2022,716.1304347826087
TALL_051,2022,837.7608695652174
TALL_057,2022,837.7608695652174
TALL_060,2022,716.1304347826087
TALL_055,2022,837.7608695652174
TALL_058,2022,837.4782608695652
TALL_045,2022,716.1304347826087
TALL_059,2022,837.4782608695652
TALL_054,2022,837.7608695652174
TALL_056,2022,837.4782608695652
TALL_044,2022,716.1304347826087
TALL_047,2022,716.1304347826087
TALL_048,2022,605.9565217391304
TALL_042,2022,605.9565217391304
TALL_053,2022,837.4782608695652
TALL_064,2022,1058.5434782608695
TALL_025,2022,571.2173913043479
TEAK_045,2022,299.5869565217391
TEAK_054,2022,299.5869565217391
TEAK_048,2022,299.5869565217391
TEAK_061,2022,299.5869565217391
TEAK_059,2022,299.5869565217391
TEAK_049,2022,299.5652173913044
TEAK_060,2022,299.5652173913044
TEAK_055,2022,299.5652173913044
TEAK_062,2022,307.0869565217391
TEAK_056,2022,355.9347826086956
TEAK_044,2022,355.9347826086956
TEAK_057,2022,348.0
TEAK_053,2022,355.9347826086956
TEAK_047,2022,355.9347826086956
TEAK_051,2022,348.0
TEAK_046,2022,318.5217391304348
TEAK_058,2022,299.5652173913044
TEAK_043,2022,307.0869565217391
TEAK_052,2022,318.45652173913044
TEAK_050,2022,354.8695652173913
TEAK_001,2022,373.60869565217394
TEAK_002,2022,297.2391304347826
TEAK_003,2022,343.69565217391306
TEAK_004,2022,317.0
TEAK_006,2022,274.2173913043478
TEAK_025,2022,287.7391304347826
TEAK_005,2022,153.67391304347825
TEAK_011,2022,359.8478260869565
TEAK_007,2022,338.1304347826087
TEAK_014,2022,341.4130434782609
TEAK_010,2022,357.82608695652175
TEAK_012,2022,343.69565217391306
TEAK_017,2022,337.69565217391306
TEAK_013,2022,284.10869565217394
TEAK_019,2022,405.0
TEAK_020,2022,312.8695652173913
TEAK_016,2022,282.8695652173913
TEAK_015,2022,330.8695652173913
TEAK_024,2022,265.5869565217391
TEAK_018,2022,308.5869565217391
TREE_042,2022,418.7608695652174
TREE_053,2022,388.4782608695652
TREE_049,2022,388.4782608695652
TREE_046,2022,388.4782608695652
TREE_055,2022,388.4782608695652
TREE_056,2022,388.4782608695652
TREE_050,2022,520.4565217391304
TREE_054,2022,520.4565217391304
TREE_052,2022,388.4782608695652
TREE_051,2022,388.4782608695652
TREE_057,2022,403.45652173913044
TREE_025,2022,403.45652173913044
TREE_043,2022,403.4782608695652
TREE_044,2022,403.4782608695652
TREE_048,2022,519.9130434782609
TREE_047,2022,403.19565217391306
TREE_041,2022,389.2608695652174
TREE_040,2022,403.19565217391306
TREE_039,2022,403.45652173913044
TREE_045,2022,403.45652173913044
TREE_017,2022,403.4782608695652
TREE_019,2022,396.5217391304348
TREE_010,2022,381.3695652173913
TREE_016,2022,395.0217391304348
TREE_001,2022,392.45652173913044
TREE_014,2022,392.45652173913044
TREE_009,2022,390.8478260869565
TREE_060,2022,367.8478260869565
TREE_012,2022,396.5217391304348
TREE_005,2022,404.0217391304348
TREE_011,2022,378.8695652173913
TREE_018,2022,381.3695652173913
TREE_003,2022,397.0869565217391
TREE_007,2022,378.8695652173913
TREE_008,2022,506.17391304347825
TREE_006,2022,399.5652173913044
TREE_004,2022,506.17391304347825
TREE_002,2022,381.3695652173913
TREE_015,2022,417.89130434782606
TREE_023,2022,417.8478260869565
TREE_062,2022,390.8478260869565
TREE_064,2022,395.0217391304348
TREE_022,2022,399.5652173913044
TREE_063,2022,389.82608695652175
UNDE_048,2022,387.69565217391306
UNDE_038,2022,377.4782608695652
UNDE_037,2022,350.30434782608694
UNDE_045,2022,387.69565217391306
UNDE_058,2022,386.4347826086956
UNDE_052,2022,387.69565217391306
UNDE_047,2022,384.2173913043478
UNDE_054,2022,386.4347826086956
UNDE_057,2022,387.69565217391306
UNDE_050,2022,386.4347826086956
UNDE_055,2022,386.4347826086956
UNDE_059,2022,377.0652173913044
UNDE_065,2022,372.0652173913044
UNDE_043,2022,387.69565217391306
UNDE_044,2022,377.0652173913044
UNDE_049,2022,386.4347826086956
UNDE_056,2022,387.69565217391306
UNDE_078,2022,377.4782608695652
UNDE_061,2022,377.4782608695652
UNDE_060,2022,386.4347826086956
UNDE_014,2022,380.3478260869565
UNDE_013,2022,386.4347826086956
UNDE_002,2022,358.0652173913044
UNDE_001,2022,384.2391304347826
UNDE_003,2022,384.0217391304348
UNDE_010,2022,365.4130434782609
UNDE_006,2022,378.67391304347825
UNDE_011,2022,392.60869565217394
UNDE_007,2022,400.2826086956522
UNDE_012,2022,391.0
UNDE_008,2022,378.67391304347825
UNDE_016,2022,378.32608695652175
UNDE_020,2022,361.2826086956522
UNDE_021,2022,335.7173913043478
UNDE_022,2022,377.5652173913044
UNDE_018,2022,359.0652173913044
UNDE_019,2022,390.5869565217391
UNDE_023,2022,382.9347826086956
UNDE_015,2022,382.95652173913044
UNDE_027,2022,356.04347826086956
WREF_089,2022,463.7391304347826
WREF_082,2022,571.6521739130435
WREF_077,2022,577.9565217391304
WREF_083,2022,463.7391304347826
WREF_086,2022,473.82608695652175
WREF_081,2022,473.89130434782606
WREF_076,2022,479.6304347826087
WREF_070,2022,577.9565217391304
WREF_074,2022,571.6521739130435
WREF_072,2022,547.3913043478261
WREF_080,2022,576.8913043478261
WREF_073,2022,576.8913043478261
WREF_079,2022,576.8913043478261
WREF_085,2022,571.6086956521739
WREF_084,2022,571.6086956521739
WREF_078,2022,557.5
WREF_088,2022,571.6521739130435
WREF_087,2022,571.6086956521739
WREF_075,2022,577.9565217391304
WREF_071,2022,571.6521739130435
WREF_012,2022,572.6086956521739
WREF_016,2022,612.4565217391304
WREF_015,2022,622.4782608695652
WREF_013,2022,578.3260869565217
WREF_001,2022,542.0
WREF_003,2022,582.9130434782609
WREF_018,2022,543.0869565217391
WREF_020,2022,604.3478260869565
WREF_002,2022,591.8260869565217
WREF_019,2022,516.7173913043479
WREF_010,2022,609.1086956521739
WREF_007,2022,623.5
WREF_008,2022,553.7608695652174
WREF_006,2022,541.3913043478261
WREF_005,2022,515.5
WREF_014,2022,532.2826086956521
WREF_009,2022,626.7608695652174
WREF_011,2022,571.9130434782609
WREF_004,2022,585.0217391304348
WREF_017,2022,585.1739130434783
DELA_013,2022,490.5
DELA_003,2022,443.0217391304348
DELA_005,2022,318.89130434782606
DELA_011,2022,425.2173913043478
DELA_004,2022,508.0217391304348
DELA_018,2022,471.82608695652175
DELA_014,2022,483.7608695652174
DELA_015,2022,508.0217391304348
DELA_012,2022,483.7608695652174
DELA_010,2022,471.82608695652175
DELA_016,2022,540.195652173913
DELA_001,2022,477.19565217391306
DELA_019,2022,487.7826086956522
DELA_017,2022,540.195652173913
DELA_009,2022,443.0217391304348
DELA_002,2022,483.7608695652174
DELA_007,2022,471.82608695652175
DELA_020,2022,488.04347826086956
DELA_006,2022,487.7826086956522
DELA_008,2022,490.45652173913044
DELA_046,2022,488.04347826086956
DELA_053,2022,488.04347826086956
DELA_051,2022,495.2391304347826
DELA_043,2022,495.2391304347826
DELA_040,2022,488.04347826086956
DELA_052,2022,495.2391304347826
DELA_041,2022,495.2391304347826
DELA_044,2022,495.2391304347826
DELA_039,2022,487.19565217391306
DELA_054,2022,488.04347826086956
DELA_045,2022,488.04347826086956
DELA_042,2022,482.2391304347826
DELA_055,2022,487.19565217391306
DELA_037,2022,488.04347826086956
DELA_050,2022,488.04347826086956
DELA_056,2022,488.04347826086956
DELA_047,2022,471.82608695652175
DELA_048,2022,471.82608695652175
DELA_049,2022,482.2391304347826
DELA_038,2022,487.19565217391306
DELA_023,2022,490.45652173913044
DELA_022,2022,490.5
DELA_021,2022,365.5652173913044
DELA_059,2022,482.2391304347826
LENO_061,2022,680.1304347826087
LENO_065,2022,680.1304347826087
LENO_062,2022,680.1304347826087
LENO_068,2022,641.4130434782609
LENO_067,2022,641.4130434782609
LENO_064,2022,680.1304347826087
LENO_063,2022,641.4130434782609
LENO_066,2022,762.9130434782609
LENO_069,2022,762.9130434782609
LENO_070,2022,762.9130434782609
LENO_003,2022,470.3478260869565
LENO_002,2022,499.2173913043478
LENO_014,2022,503.9782608695652
LENO_011,2022,483.89130434782606
LENO_005,2022,497.30434782608694
LENO_015,2022,661.8695652173913
LENO_010,2022,484.45652173913044
LENO_012,2022,646.3260869565217
LENO_009,2022,490.89130434782606
LENO_018,2022,655.2826086956521
LENO_006,2022,513.2173913043479
LENO_013,2022,511.6304347826087
LENO_007,2022,503.95652173913044
LENO_008,2022,661.8695652173913
LENO_022,2022,524.1521739130435
LENO_001,2022,463.3695652173913
LENO_016,2022,513.2173913043479
LENO_021,2022,430.0
LENO_017,2022,687.8260869565217
LENO_004,2022,453.30434782608694
LENO_019,2022,519.0434782608696
UKFS_032,2022,458.7826086956522
UKFS_057,2022,458.7826086956522
UKFS_051,2022,458.7826086956522
UKFS_047,2022,417.3695652173913
UKFS_055,2022,458.7826086956522
UKFS_058,2022,417.3695652173913
UKFS_060,2022,458.7826086956522
UKFS_056,2022,408.0217391304348
UKFS_054,2022,403.04347826086956
UKFS_050,2022,427.67391304347825
UKFS_046,2022,427.67391304347825
UKFS_045,2022,417.3478260869565
UKFS_043,2022,427.69565217391306
UKFS_052,2022,417.3478260869565
UKFS_059,2022,427.69565217391306
UKFS_048,2022,427.69565217391306
UKFS_049,2022,408.0217391304348
UKFS_031,2022,417.3695652173913
UKFS_044,2022,408.0217391304348
UKFS_053,2022,408.0217391304348
UKFS_007,2022,273.5869565217391
UKFS_005,2022,412.19565217391306
UKFS_004,2022,453.5217391304348
UKFS_009,2022,260.30434782608694
UKFS_006,2022,427.67391304347825
UKFS_012,2022,254.7826086956522
UKFS_002,2022,251.7173913043478
UKFS_010,2022,385.4782608695652
UKFS_003,2022,385.4782608695652
UKFS_001,2022,417.3478260869565
UKFS_011,2022,403.04347826086956
UKFS_008,2022,403.04347826086956
UKFS_017,2022,254.7826086956522
UKFS_019,2022,465.6521739130435
UKFS_016,2022,346.4782608695652
UKFS_018,2022,385.4782608695652
UKFS_014,2022,417.3478260869565
UKFS_015,2022,418.45652173913044
UKFS_013,2022,344.4347826086956
UKFS_025,2022,383.9347826086956
YELL_002,2022,169.52173913043478
YELL_016,2022,142.30434782608697
YELL_013,2022,159.2608695652174
YELL_006,2022,147.82608695652175
YELL_020,2022,239.8913043478261
YELL_008,2022,155.2391304347826
YELL_014,2022,185.32608695652175
YELL_001,2022,165.93478260869566
YELL_011,2022,139.91304347826087
YELL_004,2022,141.3695652173913
YELL_003,2022,158.82608695652175
YELL_010,2022,153.84782608695653
YELL_005,2022,125.06521739130434
YELL_007,2022,179.65217391304347
YELL_018,2022,202.43478260869566
YELL_023,2022,175.6086956521739
YELL_012,2022,140.7391304347826
YELL_009,2022,179.30434782608697
YELL_021,2022,321.89130434782606
YELL_022,2022,143.06521739130434
YELL_047,2022,153.54347826086956
YELL_054,2022,153.54347826086956
YELL_058,2022,153.54347826086956
YELL_044,2022,153.54347826086956
YELL_052,2022,153.56521739130434
YELL_055,2022,153.56521739130434
YELL_062,2022,153.54347826086956
YELL_056,2022,171.6304347826087
YELL_048,2022,171.6304347826087
YELL_060,2022,186.45652173913044
YELL_051,2022,153.56521739130434
YELL_053,2022,176.65217391304347
YELL_045,2022,171.6304347826087
YELL_046,2022,153.56521739130434
YELL_061,2022,153.56521739130434
YELL_049,2022,176.65217391304347
YELL_059,2022,153.56521739130434
YELL_043,2022,176.65217391304347
YELL_050,2022,186.45652173913044
YELL_057,2022,186.45652173913044
YELL_015,2022,148.6304347826087
BONA_072,2022,253.84782608695653
BONA_079,2022,253.82608695652175
BONA_070,2022,194.7608695652174
BONA_075,2022,253.82608695652175
BONA_078,2022,253.82608695652175
BONA_076,2022,253.84782608695653
BONA_082,2022,299.9782608695652
BONA_071,2022,253.82608695652175
BONA_087,2022,253.84782608695653
BONA_084,2022,299.95652173913044
BONA_080,2022,194.7608695652174
BONA_086,2022,194.7608695652174
BONA_088,2022,253.82608695652175
BONA_089,2022,299.9782608695652
BONA_085,2022,194.7608695652174
BONA_083,2022,195.17391304347825
BONA_074,2022,195.17391304347825
BONA_081,2022,200.34782608695653
BONA_077,2022,200.34782608695653
BONA_073,2022,200.34782608695653
BONA_014,2022,290.67391304347825
BONA_011,2022,152.0
BONA_001,2022,316.45652173913044
BONA_018,2022,167.97826086956522
BONA_023,2022,290.17391304347825
BONA_009,2022,279.19565217391306
BONA_002,2022,369.9347826086956
BONA_012,2022,271.60869565217394
BONA_008,2022,360.9782608695652
BONA_093,2022,253.82608695652175
BONA_007,2022,311.9782608695652
BONA_005,2022,302.0217391304348
BONA_021,2022,359.0869565217391
BONA_026,2022,240.02173913043478
BONA_022,2022,299.80434782608694
BONA_010,2022,299.8478260869565
BONA_003,2022,170.02173913043478
BONA_004,2022,197.7391304347826
BONA_006,2022,267.17391304347825
BONA_016,2022,167.84782608695653
BONA_013,2022,257.2826086956522
DEJU_050,2022,151.34782608695653
DEJU_051,2022,153.43478260869566
DEJU_049,2022,165.2391304347826
DEJU_057,2022,199.67391304347825
DEJU_047,2022,165.2391304347826
DEJU_052,2022,165.2391304347826
DEJU_045,2022,165.2391304347826
DEJU_056,2022,165.2391304347826
DEJU_061,2022,165.2391304347826
DEJU_064,2022,151.34782608695653
DEJU_054,2022,136.2391304347826
DEJU_060,2022,189.80434782608697
DEJU_046,2022,189.80434782608697
DEJU_055,2022,189.80434782608697
DEJU_063,2022,153.43478260869566
DEJU_059,2022,151.3695652173913
DEJU_048,2022,149.54347826086956
DEJU_062,2022,149.54347826086956
DEJU_058,2022,153.43478260869566
DEJU_053,2022,151.3695652173913
DEJU_010,2022,156.3695652173913
DEJU_004,2022,118.32608695652173
DEJU_003,2022,134.97826086956522
DEJU_023,2022,167.45652173913044
DEJU_008,2022,147.56521739130434
DEJU_019,2022,138.34782608695653
DEJU_005,2022,161.7173913043478
DEJU_001,2022,156.97826086956522
DEJU_007,2022,169.19565217391303
DEJU_015,2022,218.43478260869566
DEJU_017,2022,157.7173913043478
DEJU_014,2022,252.58695652173913
DEJU_006,2022,145.3913043478261
DEJU_021,2022,160.80434782608697
DEJU_002,2022,161.6086956521739
DEJU_024,2022,148.84782608695653
DEJU_016,2022,184.06521739130434
DEJU_009,2022,187.80434782608697
DEJU_018,2022,145.41304347826087
DEJU_020,2022,169.56521739130434
HEAL_072,2022,285.3478260869565
HEAL_063,2022,278.4782608695652
HEAL_070,2022,306.19565217391306
HEAL_060,2022,306.2173913043478
HEAL_071,2022,306.2173913043478
HEAL_050,2022,306.2173913043478
HEAL_067,2022,306.19565217391306
HEAL_068,2022,212.1304347826087
HEAL_064,2022,296.5217391304348
HEAL_062,2022,306.2173913043478
HEAL_061,2022,306.19565217391306
HEAL_073,2022,306.19565217391306
HEAL_052,2022,306.19565217391306
HEAL_066,2022,282.45652173913044
HEAL_058,2022,306.19565217391306
HEAL_069,2022,282.45652173913044
HEAL_048,2022,278.4782608695652
HEAL_054,2022,212.1304347826087
HEAL_053,2022,282.4347826086956
HEAL_074,2022,282.45652173913044
HEAL_056,2022,282.45652173913044
HEAL_051,2022,282.45652173913044
HEAL_065,2022,282.4347826086956
HEAL_057,2022,285.3478260869565
HEAL_046,2022,282.45652173913044
HEAL_059,2022,282.45652173913044
HEAL_055,2022,282.4347826086956
HEAL_047,2022,282.4347826086956
HEAL_010,2022,285.7826086956522
HEAL_002,2022,279.9347826086956
HEAL_003,2022,287.32608695652175
HEAL_014,2022,268.39130434782606
HEAL_022,2022,308.3695652173913
HEAL_023,2022,291.5
HEAL_021,2022,277.7173913043478
HEAL_001,2022,268.3695652173913
HEAL_016,2022,212.1304347826087
HEAL_020,2022,195.84782608695653
HEAL_006,2022,185.56521739130434
HEAL_019,2022,300.69565217391306
HEAL_011,2022,294.7391304347826
HEAL_025,2022,250.7173913043478
HEAL_018,2022,259.95652173913044
HEAL_017,2022,185.80434782608697
HEAL_004,2022,304.17391304347825
HEAL_005,2022,295.5217391304348
HEAL_015,2022,292.54347826086956
HEAL_049,2022,306.19565217391306
HEAL_026,2022,288.5
HEAL_045,2022,285.3478260869565
HEAL_024,2022,282.0652173913044
ABBY_063,2023,590.804347826087
ABBY_068,2023,590.804347826087
ABBY_065,2023,565.804347826087
ABBY_067,2023,590.804347826087
ABBY_066,2023,590.804347826087
ABBY_061,2023,590.804347826087
ABBY_070,2023,590.804347826087
ABBY_062,2023,590.7391304347826
ABBY_064,2023,590.804347826087
ABBY_069,2023,590.7391304347826
ABBY_075,2023,569.0869565217391
ABBY_074,2023,590.7391304347826
ABBY_073,2023,590.7391304347826
ABBY_076,2023,590.804347826087
ABBY_004,2023,547.8695652173913
ABBY_009,2023,547.8695652173913
ABBY_011,2023,597.0434782608696
ABBY_013,2023,593.4782608695652
ABBY_023,2023,607.4565217391304
ABBY_010,2023,589.4347826086956
ABBY_018,2023,617.9565217391304
ABBY_003,2023,591.1304347826087
ABBY_012,2023,628.9130434782609
ABBY_005,2023,594.9565217391304
ABBY_016,2023,580.4565217391304
ABBY_008,2023,602.3695652173913
ABBY_017,2023,569.4565217391304
ABBY_014,2023,588.7826086956521
ABBY_001,2023,600.0217391304348
ABBY_019,2023,584.3478260869565
ABBY_006,2023,616.0
ABBY_002,2023,556.2608695652174
ABBY_007,2023,561.5217391304348
ABBY_025,2023,516.6521739130435
ABBY_015,2023,452.8695652173913
ABBY_077,2023,578.8260869565217
BART_012,2023,443.5217391304348
BART_001,2023,438.8695652173913
BART_005,2023,468.4130434782609
BART_044,2023,435.4347826086956
BART_037,2023,435.4347826086956
BART_073,2023,432.04347826086956
BART_074,2023,435.4347826086956
BART_075,2023,435.8695652173913
BART_042,2023,435.8695652173913
BART_072,2023,435.8695652173913
BART_046,2023,435.4347826086956
BART_036,2023,435.8695652173913
BART_051,2023,432.04347826086956
BART_041,2023,437.95652173913044
BART_034,2023,437.95652173913044
BART_039,2023,432.04347826086956
BART_050,2023,435.8695652173913
BART_040,2023,431.95652173913044
BART_071,2023,441.1521739130435
BART_070,2023,437.95652173913044
BART_033,2023,437.95652173913044
BART_047,2023,431.95652173913044
BART_032,2023,441.30434782608694
BART_015,2023,447.45652173913044
BART_016,2023,459.1521739130435
BART_028,2023,463.80434782608694
BART_010,2023,441.17391304347825
BART_013,2023,426.10869565217394
BART_026,2023,444.4130434782609
BART_006,2023,468.8478260869565
BART_023,2023,441.17391304347825
BART_002,2023,429.1521739130435
BART_018,2023,447.7608695652174
BART_003,2023,463.67391304347825
BART_024,2023,441.17391304347825
BART_011,2023,450.32608695652175
BART_025,2023,444.4130434782609
BART_007,2023,450.32608695652175
BART_027,2023,456.5869565217391
BART_004,2023,449.19565217391306
BART_019,2023,441.30434782608694
BLAN_042,2023,371.80434782608694
BLAN_056,2023,371.80434782608694
BLAN_034,2023,274.3695652173913
BLAN_043,2023,371.80434782608694
BLAN_046,2023,432.30434782608694
BLAN_045,2023,371.80434782608694
BLAN_059,2023,432.30434782608694
BLAN_039,2023,371.80434782608694
BLAN_033,2023,371.80434782608694
BLAN_051,2023,371.80434782608694
BLAN_054,2023,371.80434782608694
BLAN_031,2023,274.3695652173913
BLAN_049,2023,274.3695652173913
BLAN_060,2023,371.80434782608694
BLAN_035,2023,432.30434782608694
BLAN_038,2023,371.80434782608694
BLAN_040,2023,371.80434782608694
BLAN_037,2023,274.3695652173913
BLAN_044,2023,274.3695652173913
BLAN_050,2023,480.4130434782609
BLAN_052,2023,274.3695652173913
BLAN_048,2023,480.4130434782609
BLAN_055,2023,274.3695652173913
BLAN_057,2023,432.30434782608694
BLAN_032,2023,432.30434782608694
BLAN_036,2023,480.4130434782609
BLAN_047,2023,480.4130434782609
BLAN_063,2023,480.4130434782609
BLAN_005,2023,405.80434782608694
BLAN_017,2023,405.80434782608694
BLAN_011,2023,534.0
BLAN_068,2023,412.0652173913044
BLAN_016,2023,412.0652173913044
BLAN_001,2023,426.7826086956522
BLAN_008,2023,453.6304347826087
BLAN_003,2023,426.4347826086956
BLAN_018,2023,645.1739130434783
BLAN_004,2023,412.0652173913044
BLAN_014,2023,440.69565217391306
BLAN_020,2023,539.7608695652174
BLAN_006,2023,645.1739130434783
BLAN_007,2023,453.6304347826087
BLAN_010,2023,412.0652173913044
BLAN_012,2023,645.1739130434783
BLAN_013,2023,401.0869565217391
BLAN_015,2023,663.6086956521739
BLAN_009,2023,426.7826086956522
BLAN_053,2023,432.30434782608694
BLAN_041,2023,480.4130434782609
BLAN_064,2023,274.3695652173913
BLAN_019,2023,412.04347826086956
GRSM_057,2023,580.1304347826087
GRSM_048,2023,580.1304347826087
GRSM_059,2023,582.0434782608696
GRSM_054,2023,578.0869565217391
GRSM_049,2023,574.7608695652174
GRSM_066,2023,580.1304347826087
GRSM_065,2023,582.5217391304348
GRSM_047,2023,582.0434782608696
GRSM_063,2023,576.695652173913
GRSM_053,2023,576.695652173913
GRSM_062,2023,578.0869565217391
GRSM_060,2023,582.0434782608696
GRSM_050,2023,584.3478260869565
GRSM_051,2023,582.0434782608696
GRSM_064,2023,582.0434782608696
GRSM_002,2023,596.0
GRSM_025,2023,547.2608695652174
GRSM_016,2023,407.4130434782609
GRSM_017,2023,575.3695652173913
GRSM_004,2023,595.1086956521739
GRSM_001,2023,590.7391304347826
GRSM_012,2023,523.5869565217391
GRSM_008,2023,541.0434782608696
GRSM_003,2023,544.1739130434783
GRSM_019,2023,566.6739130434783
GRSM_006,2023,566.6739130434783
GRSM_013,2023,562.7391304347826
GRSM_015,2023,581.6739130434783
GRSM_014,2023,586.2173913043479
GRSM_010,2023,573.9782608695652
GRSM_005,2023,567.1739130434783
GRSM_011,2023,576.2391304347826
GRSM_007,2023,578.1739130434783
GRSM_009,2023,537.695652173913
GRSM_055,2023,576.695652173913
GRSM_018,2023,606.8260869565217
GRSM_061,2023,582.0434782608696
GRSM_056,2023,582.0434782608696
GRSM_058,2023,582.5217391304348
GRSM_052,2023,578.0869565217391
HARV_013,2023,487.9130434782609
HARV_022,2023,460.1304347826087
HARV_008,2023,474.7173913043478
HARV_004,2023,483.3478260869565
HARV_024,2023,477.8695652173913
HARV_010,2023,0.0
HARV_006,2023,472.1304347826087
HARV_001,2023,433.6304347826087
HARV_005,2023,386.6521739130435
HARV_027,2023,482.9130434782609
HARV_043,2023,495.10869565217394
HARV_035,2023,495.10869565217394
HARV_037,2023,478.5
HARV_020,2023,474.9782608695652
HARV_023,2023,431.4782608695652
HARV_014,2023,492.0
HARV_011,2023,462.45652173913044
HARV_025,2023,497.45652173913044
HARV_002,2023,498.30434782608694
HARV_012,2023,500.7173913043478
HARV_026,2023,463.0652173913044
HARV_016,2023,467.67391304347825
HARV_039,2023,486.8478260869565
HARV_021,2023,464.5652173913044
HARV_045,2023,469.0217391304348
HARV_041,2023,478.4782608695652
HARV_038,2023,478.5
HARV_050,2023,478.5
HARV_048,2023,495.10869565217394
HARV_036,2023,469.0217391304348
HARV_052,2023,495.10869565217394
HARV_049,2023,486.8695652173913
HARV_047,2023,478.5
HARV_044,2023,478.5
HARV_040,2023,495.10869565217394
HARV_046,2023,478.4782608695652
HARV_033,2023,478.5
HARV_051,2023,486.8478260869565
HARV_034,2023,478.5
HARV_042,2023,486.8478260869565
HARV_015,2023,478.4782608695652
HARV_017,2023,486.19565217391306
JERC_002,2023,623.804347826087
JERC_015,2023,655.695652173913
JERC_007,2023,659.9782608695652
JERC_001,2023,624.9130434782609
JERC_010,2023,604.1086956521739
JERC_009,2023,626.2608695652174
JERC_029,2023,639.7173913043479
JERC_021,2023,660.6739130434783
JERC_011,2023,639.7173913043479
JERC_040,2023,576.804347826087
JERC_035,2023,597.7391304347826
JERC_033,2023,655.7173913043479
JERC_019,2023,723.2608695652174
JERC_030,2023,539.9782608695652
JERC_034,2023,612.1739130434783
JERC_036,2023,658.8913043478261
JERC_028,2023,382.39130434782606
JERC_044,2023,650.7173913043479
JERC_016,2023,658.8913043478261
JERC_038,2023,634.7608695652174
JERC_006,2023,518.2608695652174
JERC_041,2023,742.7826086956521
JERC_031,2023,614.1086956521739
JERC_042,2023,604.1086956521739
JERC_008,2023,614.0652173913044
JERC_005,2023,614.0652173913044
JERC_003,2023,624.9130434782609
JERC_022,2023,594.4347826086956
JERC_013,2023,644.6521739130435
JERC_066,2023,623.804347826087
JERC_065,2023,614.1086956521739
JERC_054,2023,616.7391304347826
JERC_051,2023,614.1086956521739
JERC_062,2023,623.9782608695652
JERC_047,2023,623.9782608695652
JERC_057,2023,614.2173913043479
JERC_060,2023,614.1086956521739
JERC_064,2023,614.1086956521739
JERC_050,2023,623.9782608695652
JERC_053,2023,623.804347826087
JERC_049,2023,623.9782608695652
JERC_061,2023,623.9782608695652
JERC_058,2023,623.804347826087
JERC_048,2023,623.804347826087
JERC_063,2023,623.804347826087
JERC_052,2023,623.9782608695652
JERC_059,2023,623.804347826087
JERC_056,2023,623.9782608695652
JERC_055,2023,623.9782608695652
JERC_004,2023,646.3913043478261
JERC_014,2023,597.7173913043479
JERC_012,2023,520.4347826086956
MLBS_076,2023,466.69565217391306
MLBS_061,2023,484.7173913043478
MLBS_064,2023,484.7173913043478
MLBS_075,2023,471.3478260869565
MLBS_065,2023,471.3478260869565
MLBS_062,2023,471.39130434782606
MLBS_069,2023,466.69565217391306
MLBS_063,2023,466.7391304347826
MLBS_073,2023,466.7391304347826
MLBS_074,2023,466.69565217391306
MLBS_066,2023,466.7391304347826
MLBS_067,2023,466.7391304347826
MLBS_071,2023,466.69565217391306
MLBS_072,2023,466.7391304347826
MLBS_070,2023,466.7391304347826
MLBS_068,2023,466.7391304347826
MLBS_009,2023,484.7173913043478
MLBS_010,2023,478.1304347826087
MLBS_005,2023,477.0869565217391
MLBS_003,2023,478.1304347826087
MLBS_019,2023,497.7391304347826
MLBS_016,2023,520.2826086956521
MLBS_015,2023,511.7608695652174
MLBS_014,2023,518.0869565217391
MLBS_001,2023,465.7608695652174
MLBS_017,2023,465.7608695652174
MLBS_011,2023,490.89130434782606
MLBS_012,2023,490.89130434782606
MLBS_002,2023,471.3478260869565
MLBS_004,2023,526.3913043478261
MLBS_018,2023,500.7826086956522
MLBS_008,2023,475.7826086956522
MLBS_007,2023,528.0434782608696
MLBS_006,2023,516.5434782608696
MLBS_020,2023,516.804347826087
MLBS_013,2023,521.3695652173913
ORNL_002,2023,601.195652173913
ORNL_003,2023,545.2826086956521
ORNL_009,2023,509.5217391304348
ORNL_021,2023,496.2391304347826
ORNL_031,2023,440.39130434782606
ORNL_033,2023,516.6521739130435
ORNL_066,2023,742.5
ORNL_044,2023,742.5
ORNL_012,2023,0.0
ORNL_004,2023,531.3695652173913
ORNL_001,2023,472.45652173913044
ORNL_027,2023,505.5652173913044
ORNL_014,2023,524.5434782608696
ORNL_029,2023,529.304347826087
ORNL_007,2023,552.8913043478261
ORNL_006,2023,536.3913043478261
ORNL_008,2023,554.304347826087
ORNL_035,2023,556.9347826086956
ORNL_010,2023,554.6304347826087
ORNL_032,2023,528.9565217391304
ORNL_055,2023,552.3260869565217
ORNL_062,2023,552.3260869565217
ORNL_063,2023,547.4130434782609
ORNL_049,2023,547.4130434782609
ORNL_052,2023,552.3260869565217
ORNL_059,2023,527.2826086956521
ORNL_036,2023,546.2173913043479
ORNL_053,2023,527.2826086956521
ORNL_046,2023,527.2826086956521
ORNL_043,2023,558.4782608695652
ORNL_058,2023,558.4782608695652
ORNL_060,2023,558.4782608695652
ORNL_056,2023,552.3260869565217
ORNL_037,2023,552.3260869565217
ORNL_057,2023,546.2173913043479
ORNL_051,2023,552.3260869565217
ORNL_061,2023,527.2826086956521
ORNL_054,2023,546.2173913043479
ORNL_045,2023,546.2173913043479
ORNL_050,2023,546.2173913043479
ORNL_017,2023,525.4347826086956
ORNL_068,2023,489.54347826086956
ORNL_019,2023,544.9347826086956
ORNL_018,2023,411.4130434782609
ORNL_067,2023,532.4347826086956
ORNL_015,2023,545.3260869565217
OSBS_002,2023,576.4130434782609
OSBS_006,2023,484.3478260869565
OSBS_048,2023,540.3695652173913
OSBS_001,2023,698.1521739130435
OSBS_018,2023,492.5
OSBS_011,2023,577.8260869565217
OSBS_014,2023,520.5434782608696
OSBS_004,2023,526.304347826087
OSBS_020,2023,491.10869565217394
OSBS_023,2023,577.8260869565217
OSBS_049,2023,538.8695652173913
OSBS_003,2023,513.2391304347826
OSBS_012,2023,547.2826086956521
OSBS_013,2023,526.304347826087
OSBS_024,2023,577.8260869565217
OSBS_016,2023,583.7391304347826
OSBS_008,2023,529.9347826086956
OSBS_010,2023,640.7608695652174
OSBS_051,2023,502.5869565217391
OSBS_050,2023,508.89130434782606
OSBS_007,2023,489.3695652173913
OSBS_005,2023,644.9130434782609
OSBS_017,2023,654.7826086956521
OSBS_043,2023,499.5217391304348
OSBS_022,2023,520.5434782608696
OSBS_039,2023,491.69565217391306
OSBS_036,2023,491.69565217391306
OSBS_029,2023,491.69565217391306
OSBS_040,2023,505.2608695652174
OSBS_015,2023,724.1521739130435
OSBS_025,2023,492.5869565217391
OSBS_030,2023,492.5869565217391
OSBS_038,2023,492.5869565217391
OSBS_042,2023,492.5869565217391
OSBS_035,2023,487.3478260869565
OSBS_037,2023,487.3478260869565
OSBS_028,2023,487.3478260869565
OSBS_021,2023,554.3695652173913
OSBS_041,2023,487.3478260869565
OSBS_009,2023,663.8913043478261
OSBS_031,2023,505.2608695652174
OSBS_033,2023,491.69565217391306
OSBS_032,2023,491.69565217391306
OSBS_044,2023,491.69565217391306
OSBS_027,2023,491.69565217391306
OSBS_034,2023,505.2608695652174
OSBS_026,2023,491.69565217391306
OSBS_063,2023,521.2391304347826
OSBS_067,2023,502.2173913043478
OSBS_066,2023,724.1521739130435
OSBS_068,2023,492.4130434782609
OSBS_070,2023,505.2608695652174
OSBS_073,2023,627.8695652173913
RMNP_043,2023,190.93478260869566
RMNP_042,2023,190.93478260869566
RMNP_041,2023,303.10869565217394
RMNP_048,2023,190.93478260869566
RMNP_049,2023,190.93478260869566
RMNP_046,2023,190.93478260869566
RMNP_047,2023,190.93478260869566
RMNP_045,2023,190.93478260869566
RMNP_044,2023,190.93478260869566
RMNP_013,2023,290.5217391304348
RMNP_003,2023,285.04347826086956
RMNP_009,2023,285.04347826086956
RMNP_011,2023,187.1086956521739
RMNP_019,2023,295.4782608695652
RMNP_015,2023,330.2608695652174
RMNP_002,2023,329.8695652173913
RMNP_020,2023,330.2608695652174
RMNP_016,2023,330.7826086956522
RMNP_017,2023,262.7826086956522
RMNP_005,2023,372.69565217391306
RMNP_001,2023,337.10869565217394
RMNP_014,2023,370.7826086956522
RMNP_008,2023,330.2608695652174
RMNP_012,2023,381.39130434782606
RMNP_018,2023,377.17391304347825
RMNP_006,2023,359.8695652173913
RMNP_004,2023,325.30434782608694
RMNP_010,2023,352.4347826086956
RMNP_007,2023,352.4347826086956
SCBI_008,2023,567.0869565217391
SCBI_004,2023,466.2173913043478
SCBI_015,2023,474.4130434782609
SCBI_017,2023,465.7826086956522
SCBI_013,2023,475.10869565217394
SCBI_007,2023,468.0
SCBI_018,2023,467.0869565217391
SCBI_003,2023,470.7608695652174
SCBI_011,2023,480.9782608695652
SCBI_016,2023,459.69565217391306
SCBI_002,2023,470.1521739130435
SCBI_010,2023,461.4130434782609
SCBI_014,2023,472.89130434782606
SCBI_005,2023,488.1521739130435
SCBI_056,2023,468.7826086956522
SCBI_045,2023,469.60869565217394
SCBI_053,2023,468.7826086956522
SCBI_061,2023,468.7826086956522
SCBI_050,2023,468.7826086956522
SCBI_057,2023,468.7826086956522
SCBI_062,2023,470.04347826086956
SCBI_047,2023,470.04347826086956
SCBI_067,2023,470.04347826086956
SCBI_066,2023,470.04347826086956
SCBI_064,2023,469.60869565217394
SCBI_052,2023,469.60869565217394
SCBI_054,2023,469.60869565217394
SCBI_046,2023,470.1521739130435
SCBI_049,2023,470.04347826086956
SCBI_063,2023,470.04347826086956
SCBI_055,2023,468.7826086956522
SCBI_048,2023,470.04347826086956
SCBI_051,2023,468.7826086956522
SCBI_058,2023,469.60869565217394
SCBI_034,2023,330.7173913043478
SCBI_038,2023,448.89130434782606
SCBI_033,2023,330.7173913043478
SCBI_006,2023,462.45652173913044
SCBI_035,2023,448.89130434782606
SCBI_012,2023,468.80434782608694
SCBI_071,2023,461.4130434782609
SCBI_019,2023,495.69565217391306
SCBI_021,2023,462.45652173913044
SCBI_023,2023,474.4130434782609
SCBI_022,2023,472.8695652173913
SERC_062,2023,499.19565217391306
SERC_045,2023,499.19565217391306
SERC_051,2023,499.19565217391306
SERC_050,2023,533.0652173913044
SERC_052,2023,518.5
SERC_058,2023,541.2391304347826
SERC_043,2023,541.695652173913
SERC_055,2023,534.5869565217391
SERC_048,2023,541.2391304347826
SERC_060,2023,541.2391304347826
SERC_061,2023,518.8913043478261
SERC_054,2023,518.8913043478261
SERC_059,2023,522.2608695652174
SERC_046,2023,519.4347826086956
SERC_053,2023,518.8913043478261
SERC_044,2023,519.4347826086956
SERC_047,2023,525.1304347826087
SERC_049,2023,525.1304347826087
SERC_057,2023,525.1304347826087
SERC_056,2023,525.1304347826087
SERC_007,2023,675.1739130434783
SERC_018,2023,582.2173913043479
SERC_009,2023,541.304347826087
SERC_008,2023,582.3260869565217
SERC_011,2023,536.0652173913044
SERC_003,2023,540.2826086956521
SERC_006,2023,466.0
SERC_001,2023,486.04347826086956
SERC_017,2023,621.2826086956521
SERC_019,2023,525.4565217391304
SERC_010,2023,692.7391304347826
SERC_014,2023,432.60869565217394
SERC_012,2023,543.2608695652174
SERC_016,2023,540.195652173913
SERC_022,2023,503.69565217391306
SERC_004,2023,525.4565217391304
SERC_021,2023,541.695652173913
SERC_013,2023,487.9130434782609
SERC_005,2023,543.9782608695652
SERC_002,2023,546.0869565217391
SERC_067,2023,548.6304347826087
SERC_073,2023,533.0652173913044
SOAP_059,2023,386.60869565217394
SOAP_057,2023,386.60869565217394
SOAP_051,2023,386.60869565217394
SOAP_048,2023,386.60869565217394
SOAP_058,2023,409.32608695652175
SOAP_043,2023,408.9782608695652
SOAP_050,2023,408.9782608695652
SOAP_044,2023,324.5869565217391
SOAP_052,2023,324.3478260869565
SOAP_046,2023,324.5869565217391
SOAP_060,2023,324.3478260869565
SOAP_055,2023,408.9782608695652
SOAP_054,2023,349.7826086956522
SOAP_047,2023,349.7826086956522
SOAP_031,2023,395.1521739130435
SOAP_049,2023,395.1521739130435
SOAP_056,2023,395.1521739130435
SOAP_053,2023,349.7826086956522
SOAP_045,2023,322.30434782608694
SOAP_061,2023,386.60869565217394
SOAP_002,2023,254.47826086956522
SOAP_010,2023,386.60869565217394
SOAP_006,2023,273.0652173913044
SOAP_013,2023,254.47826086956522
SOAP_012,2023,307.04347826086956
SOAP_004,2023,386.60869565217394
SOAP_003,2023,405.2826086956522
SOAP_016,2023,297.1521739130435
SOAP_007,2023,339.80434782608694
SOAP_020,2023,349.7826086956522
SOAP_009,2023,396.8695652173913
SOAP_008,2023,307.04347826086956
SOAP_021,2023,326.0
SOAP_018,2023,417.8478260869565
SOAP_019,2023,417.8478260869565
SOAP_017,2023,437.69565217391306
SOAP_015,2023,447.19565217391306
SOAP_001,2023,501.45652173913044
SOAP_011,2023,409.32608695652175
SOAP_022,2023,447.19565217391306
SOAP_024,2023,273.0652173913044
STEI_058,2023,379.2826086956522
STEI_051,2023,379.2826086956522
STEI_056,2023,397.5869565217391
STEI_046,2023,397.5869565217391
STEI_061,2023,397.5869565217391
STEI_062,2023,397.5869565217391
STEI_052,2023,397.5869565217391
STEI_055,2023,379.2826086956522
STEI_047,2023,397.5869565217391
STEI_053,2023,397.5869565217391
STEI_048,2023,391.9130434782609
STEI_060,2023,397.5869565217391
STEI_054,2023,391.9130434782609
STEI_049,2023,397.5869565217391
STEI_057,2023,397.5869565217391
STEI_050,2023,391.9130434782609
STEI_059,2023,391.9130434782609
STEI_005,2023,391.9782608695652
STEI_009,2023,402.17391304347825
STEI_012,2023,396.0652173913044
STEI_017,2023,388.1304347826087
STEI_019,2023,394.60869565217394
STEI_003,2023,393.95652173913044
STEI_007,2023,395.5217391304348
STEI_002,2023,393.8478260869565
STEI_011,2023,390.7826086956522
STEI_010,2023,385.0217391304348
STEI_008,2023,394.2173913043478
STEI_015,2023,389.0217391304348
STEI_016,2023,392.0869565217391
STEI_004,2023,393.17391304347825
STEI_013,2023,398.6521739130435
STEI_001,2023,389.69565217391306
STEI_021,2023,377.7826086956522
STEI_006,2023,387.5
STEI_014,2023,381.3695652173913
STEI_022,2023,408.82608695652175
STEI_023,2023,396.2826086956522
TALL_003,2023,1059.8260869565217
TALL_005,2023,584.195652173913
TALL_009,2023,870.804347826087
TALL_012,2023,706.5217391304348
TALL_004,2023,518.5652173913044
TALL_010,2023,1062.8695652173913
TALL_007,2023,725.2391304347826
TALL_002,2023,1052.7826086956522
TALL_022,2023,716.6086956521739
TALL_015,2023,1065.108695652174
TALL_016,2023,759.2173913043479
TALL_011,2023,753.2173913043479
TALL_018,2023,761.7391304347826
TALL_006,2023,555.304347826087
TALL_013,2023,587.2173913043479
TALL_001,2023,556.804347826087
TALL_017,2023,722.2826086956521
TALL_020,2023,518.7173913043479
TALL_008,2023,1055.9130434782608
TALL_043,2023,851.8913043478261
TALL_049,2023,851.8913043478261
TALL_046,2023,851.8913043478261
TALL_061,2023,834.9565217391304
TALL_052,2023,835.0869565217391
TALL_050,2023,756.9130434782609
TALL_051,2023,834.9565217391304
TALL_057,2023,834.9565217391304
TALL_060,2023,756.9130434782609
TALL_055,2023,834.9565217391304
TALL_058,2023,835.0869565217391
TALL_045,2023,756.9130434782609
TALL_059,2023,835.0869565217391
TALL_054,2023,834.9565217391304
TALL_056,2023,835.0869565217391
TALL_044,2023,756.9130434782609
TALL_047,2023,756.9130434782609
TALL_048,2023,851.8913043478261
TALL_042,2023,851.8913043478261
TALL_053,2023,835.0869565217391
TALL_064,2023,1033.4130434782608
TALL_025,2023,584.304347826087
TEAK_045,2023,295.17391304347825
TEAK_054,2023,295.17391304347825
TEAK_048,2023,295.17391304347825
TEAK_061,2023,295.17391304347825
TEAK_059,2023,295.17391304347825
TEAK_049,2023,295.17391304347825
TEAK_060,2023,295.17391304347825
TEAK_055,2023,295.17391304347825
TEAK_062,2023,291.10869565217394
TEAK_056,2023,324.0652173913044
TEAK_044,2023,324.0652173913044
TEAK_057,2023,318.6304347826087
TEAK_053,2023,324.0652173913044
TEAK_047,2023,324.0652173913044
TEAK_051,2023,318.6304347826087
TEAK_046,2023,320.0869565217391
TEAK_058,2023,295.17391304347825
TEAK_043,2023,291.10869565217394
TEAK_052,2023,320.0217391304348
TEAK_050,2023,318.2608695652174
TEAK_001,2023,380.10869565217394
TEAK_002,2023,280.4782608695652
TEAK_003,2023,330.60869565217394
TEAK_004,2023,285.7826086956522
TEAK_006,2023,249.7173913043478
TEAK_025,2023,248.47826086956522
TEAK_005,2023,138.04347826086956
TEAK_011,2023,345.9130434782609
TEAK_007,2023,317.19565217391306
TEAK_014,2023,364.19565217391306
TEAK_010,2023,369.8695652173913
TEAK_012,2023,330.60869565217394
TEAK_017,2023,281.8478260869565
TEAK_013,2023,258.2391304347826
TEAK_019,2023,406.6304347826087
TEAK_020,2023,282.5217391304348
TEAK_016,2023,246.95652173913044
TEAK_015,2023,291.8695652173913
TEAK_024,2023,214.19565217391303
TEAK_018,2023,269.19565217391306
TREE_042,2023,423.2391304347826
TREE_053,2023,409.6304347826087
TREE_049,2023,409.6304347826087
TREE_046,2023,409.6304347826087
TREE_055,2023,409.5652173913044
TREE_056,2023,409.6304347826087
TREE_050,2023,553.6521739130435
TREE_054,2023,553.6521739130435
TREE_052,2023,409.6304347826087
TREE_051,2023,409.5652173913044
TREE_057,2023,401.8695652173913
TREE_025,2023,401.8695652173913
TREE_043,2023,401.9347826086956
TREE_044,2023,401.9347826086956
TREE_048,2023,535.804347826087
TREE_047,2023,389.9782608695652
TREE_041,2023,388.2608695652174
TREE_040,2023,389.9782608695652
TREE_039,2023,401.8695652173913
TREE_045,2023,401.8695652173913
TREE_017,2023,401.9347826086956
TREE_019,2023,388.95652173913044
TREE_010,2023,384.9130434782609
TREE_016,2023,395.0652173913044
TREE_001,2023,363.4782608695652
TREE_014,2023,363.4782608695652
TREE_009,2023,380.17391304347825
TREE_060,2023,385.5217391304348
TREE_012,2023,388.95652173913044
TREE_005,2023,394.19565217391306
TREE_011,2023,370.9347826086956
TREE_018,2023,384.89130434782606
TREE_003,2023,388.17391304347825
TREE_007,2023,370.9347826086956
TREE_008,2023,518.4130434782609
TREE_006,2023,389.67391304347825
TREE_004,2023,518.4130434782609
TREE_002,2023,384.89130434782606
TREE_015,2023,412.3478260869565
TREE_023,2023,412.3695652173913
TREE_062,2023,380.17391304347825
TREE_064,2023,395.0652173913044
TREE_022,2023,389.67391304347825
TREE_063,2023,387.0869565217391
UNDE_048,2023,386.2391304347826
UNDE_038,2023,387.9782608695652
UNDE_037,2023,363.19565217391306
UNDE_045,2023,386.2391304347826
UNDE_058,2023,387.45652173913044
UNDE_052,2023,386.2391304347826
UNDE_047,2023,392.8695652173913
UNDE_054,2023,387.45652173913044
UNDE_057,2023,386.2391304347826
UNDE_050,2023,387.45652173913044
UNDE_055,2023,387.45652173913044
UNDE_059,2023,392.6521739130435
UNDE_065,2023,396.7608695652174
UNDE_043,2023,386.2391304347826
UNDE_044,2023,392.6521739130435
UNDE_049,2023,387.45652173913044
UNDE_056,2023,386.2391304347826
UNDE_078,2023,387.9782608695652
UNDE_061,2023,387.9782608695652
UNDE_060,2023,387.45652173913044
UNDE_014,2023,383.1521739130435
UNDE_013,2023,387.45652173913044
UNDE_002,2023,373.39130434782606
UNDE_001,2023,389.0
UNDE_003,2023,381.30434782608694
UNDE_010,2023,388.5217391304348
UNDE_006,2023,368.3478260869565
UNDE_011,2023,393.0217391304348
UNDE_007,2023,385.8478260869565
UNDE_012,2023,377.4782608695652
UNDE_008,2023,368.3478260869565
UNDE_016,2023,377.8478260869565
UNDE_020,2023,366.39130434782606
UNDE_021,2023,338.7173913043478
UNDE_022,2023,389.69565217391306
UNDE_018,2023,374.5217391304348
UNDE_019,2023,379.69565217391306
UNDE_023,2023,401.0
UNDE_015,2023,401.0
UNDE_027,2023,372.45652173913044
WREF_089,2023,437.4130434782609
WREF_082,2023,614.4347826086956
WREF_077,2023,599.4347826086956
WREF_083,2023,437.4130434782609
WREF_086,2023,415.19565217391306
WREF_081,2023,415.1304347826087
WREF_076,2023,451.80434782608694
WREF_070,2023,599.4347826086956
WREF_074,2023,614.4347826086956
WREF_072,2023,550.0434782608696
WREF_080,2023,612.1086956521739
WREF_073,2023,612.1086956521739
WREF_079,2023,612.1086956521739
WREF_085,2023,614.2826086956521
WREF_084,2023,614.2826086956521
WREF_078,2023,582.304347826087
WREF_088,2023,614.4347826086956
WREF_087,2023,614.2826086956521
WREF_075,2023,599.4347826086956
WREF_071,2023,614.4347826086956
WREF_012,2023,560.5217391304348
WREF_016,2023,623.304347826087
WREF_015,2023,610.3260869565217
WREF_013,2023,594.5217391304348
WREF_001,2023,529.8913043478261
WREF_003,2023,585.6521739130435
WREF_018,2023,523.2826086956521
WREF_020,2023,635.9782608695652
WREF_002,2023,613.2391304347826
WREF_019,2023,481.19565217391306
WREF_010,2023,612.4347826086956
WREF_007,2023,599.8695652173913
WREF_008,2023,550.0652173913044
WREF_006,2023,550.4782608695652
WREF_005,2023,511.39130434782606
WREF_014,2023,514.804347826087
WREF_009,2023,627.9130434782609
WREF_011,2023,565.7826086956521
WREF_004,2023,590.7173913043479
WREF_017,2023,590.8478260869565
DELA_013,2023,513.5
DELA_003,2023,485.69565217391306
DELA_005,2023,333.19565217391306
DELA_011,2023,400.2608695652174
DELA_004,2023,503.9782608695652
DELA_018,2023,502.19565217391306
DELA_014,2023,466.8695652173913
DELA_015,2023,503.9782608695652
DELA_012,2023,466.8695652173913
DELA_010,2023,502.19565217391306
DELA_016,2023,539.4130434782609
DELA_001,2023,471.7826086956522
DELA_019,2023,493.39130434782606
DELA_017,2023,539.4130434782609
DELA_009,2023,485.69565217391306
DELA_002,2023,466.8695652173913
DELA_007,2023,502.19565217391306
DELA_020,2023,516.0
DELA_006,2023,493.39130434782606
DELA_008,2023,513.4565217391304
DELA_046,2023,516.0
DELA_053,2023,516.0
DELA_051,2023,511.5
DELA_043,2023,511.5
DELA_040,2023,516.0
DELA_052,2023,511.5
DELA_041,2023,511.5
DELA_044,2023,511.5
DELA_039,2023,464.80434782608694
DELA_054,2023,516.0
DELA_045,2023,516.0
DELA_042,2023,489.4130434782609
DELA_055,2023,464.80434782608694
DELA_037,2023,516.0
DELA_050,2023,516.0
DELA_056,2023,516.0
DELA_047,2023,502.19565217391306
DELA_048,2023,502.19565217391306
DELA_049,2023,489.4130434782609
DELA_038,2023,464.80434782608694
DELA_023,2023,513.4565217391304
DELA_022,2023,513.5
DELA_021,2023,374.0652173913044
DELA_059,2023,489.4130434782609
LENO_061,2023,925.5434782608696
LENO_065,2023,925.5434782608696
LENO_062,2023,925.5434782608696
LENO_068,2023,577.5652173913044
LENO_067,2023,577.5652173913044
LENO_064,2023,925.5434782608696
LENO_063,2023,577.5652173913044
LENO_066,2023,691.0652173913044
LENO_069,2023,691.0652173913044
LENO_070,2023,691.0652173913044
LENO_003,2023,472.0652173913044
LENO_002,2023,462.2391304347826
LENO_014,2023,466.2608695652174
LENO_011,2023,440.67391304347825
LENO_005,2023,439.0
LENO_015,2023,618.8260869565217
LENO_010,2023,476.2173913043478
LENO_012,2023,614.3260869565217
LENO_009,2023,437.7826086956522
LENO_018,2023,617.4565217391304
LENO_006,2023,462.17391304347825
LENO_013,2023,468.9130434782609
LENO_007,2023,466.2608695652174
LENO_008,2023,618.8260869565217
LENO_022,2023,488.82608695652175
LENO_001,2023,407.7608695652174
LENO_016,2023,462.17391304347825
LENO_021,2023,387.39130434782606
LENO_017,2023,670.804347826087
LENO_004,2023,431.5652173913044
LENO_019,2023,483.60869565217394
UKFS_032,2023,413.4130434782609
UKFS_057,2023,413.4347826086956
UKFS_051,2023,413.4347826086956
UKFS_047,2023,436.0217391304348
UKFS_055,2023,413.4130434782609
UKFS_058,2023,436.0217391304348
UKFS_060,2023,413.4130434782609
UKFS_056,2023,449.8478260869565
UKFS_054,2023,442.30434782608694
UKFS_050,2023,448.7826086956522
UKFS_046,2023,448.7826086956522
UKFS_045,2023,436.0217391304348
UKFS_043,2023,448.7826086956522
UKFS_052,2023,436.0217391304348
UKFS_059,2023,448.7826086956522
UKFS_048,2023,448.7826086956522
UKFS_049,2023,449.8478260869565
UKFS_031,2023,436.0217391304348
UKFS_044,2023,449.8478260869565
UKFS_053,2023,449.8478260869565
UKFS_007,2023,287.7391304347826
UKFS_005,2023,449.7826086956522
UKFS_004,2023,495.2826086956522
UKFS_009,2023,283.7391304347826
UKFS_006,2023,448.7826086956522
UKFS_012,2023,269.17391304347825
UKFS_002,2023,289.0869565217391
UKFS_010,2023,407.39130434782606
UKFS_003,2023,407.39130434782606
UKFS_001,2023,436.0217391304348
UKFS_011,2023,442.30434782608694
UKFS_008,2023,442.30434782608694
UKFS_017,2023,269.17391304347825
UKFS_019,2023,516.7391304347826
UKFS_016,2023,394.17391304347825
UKFS_018,2023,407.39130434782606
UKFS_014,2023,436.0217391304348
UKFS_015,2023,449.54347826086956
UKFS_013,2023,404.1304347826087
UKFS_025,2023,402.10869565217394
YELL_002,2023,162.93478260869566
YELL_016,2023,132.1086956521739
YELL_013,2023,161.17391304347825
YELL_006,2023,153.84782608695653
YELL_020,2023,259.32608695652175
YELL_008,2023,149.95652173913044
YELL_014,2023,187.7391304347826
YELL_001,2023,152.80434782608697
YELL_011,2023,135.69565217391303
YELL_004,2023,135.2608695652174
YELL_003,2023,150.02173913043478
YELL_010,2023,138.7608695652174
YELL_005,2023,121.91304347826087
YELL_007,2023,187.95652173913044
YELL_018,2023,197.30434782608697
YELL_023,2023,190.3913043478261
YELL_012,2023,132.95652173913044
YELL_009,2023,161.7391304347826
YELL_021,2023,279.60869565217394
YELL_022,2023,129.7826086956522
YELL_047,2023,154.2608695652174
YELL_054,2023,154.2608695652174
YELL_058,2023,154.2608695652174
YELL_044,2023,154.2608695652174
YELL_052,2023,154.34782608695653
YELL_055,2023,154.34782608695653
YELL_062,2023,154.2608695652174
YELL_056,2023,159.32608695652175
YELL_048,2023,159.32608695652175
YELL_060,2023,179.1304347826087
YELL_051,2023,154.34782608695653
YELL_053,2023,160.67391304347825
YELL_045,2023,159.32608695652175
YELL_046,2023,154.34782608695653
YELL_061,2023,154.34782608695653
YELL_049,2023,160.67391304347825
YELL_059,2023,154.34782608695653
YELL_043,2023,160.67391304347825
YELL_050,2023,179.1304347826087
YELL_057,2023,179.1304347826087
YELL_015,2023,157.58695652173913
BONA_072,2023,263.4130434782609
BONA_079,2023,263.4130434782609
BONA_070,2023,203.45652173913044
BONA_075,2023,263.4130434782609
BONA_078,2023,263.4130434782609
BONA_076,2023,263.4130434782609
BONA_082,2023,303.95652173913044
BONA_071,2023,263.4130434782609
BONA_087,2023,263.4130434782609
BONA_084,2023,303.9347826086956
BONA_080,2023,203.45652173913044
BONA_086,2023,203.45652173913044
BONA_088,2023,263.4130434782609
BONA_089,2023,303.95652173913044
BONA_085,2023,203.45652173913044
BONA_083,2023,189.2391304347826
BONA_074,2023,189.2391304347826
BONA_081,2023,209.30434782608697
BONA_077,2023,209.30434782608697
BONA_073,2023,209.30434782608697
BONA_014,2023,260.6304347826087
BONA_011,2023,159.3695652173913
BONA_001,2023,321.7608695652174
BONA_018,2023,162.30434782608697
BONA_023,2023,289.32608695652175
BONA_009,2023,271.54347826086956
BONA_002,2023,329.2173913043478
BONA_012,2023,276.0
BONA_008,2023,334.30434782608694
BONA_093,2023,263.4130434782609
BONA_007,2023,273.3695652173913
BONA_005,2023,307.7608695652174
BONA_021,2023,344.9347826086956
BONA_026,2023,256.5869565217391
BONA_022,2023,263.69565217391306
BONA_010,2023,263.69565217391306
BONA_003,2023,166.2173913043478
BONA_004,2023,213.95652173913044
BONA_006,2023,197.1304347826087
BONA_016,2023,141.30434782608697
BONA_013,2023,212.54347826086956
DEJU_050,2023,142.69565217391303
DEJU_051,2023,144.7391304347826
DEJU_049,2023,152.65217391304347
DEJU_057,2023,205.45652173913044
DEJU_047,2023,152.65217391304347
DEJU_052,2023,152.65217391304347
DEJU_045,2023,152.65217391304347
DEJU_056,2023,152.65217391304347
DEJU_061,2023,152.65217391304347
DEJU_064,2023,142.69565217391303
DEJU_054,2023,134.0
DEJU_060,2023,195.7608695652174
DEJU_046,2023,195.7608695652174
DEJU_055,2023,195.7608695652174
DEJU_063,2023,144.7391304347826
DEJU_059,2023,142.69565217391303
DEJU_048,2023,129.45652173913044
DEJU_062,2023,129.45652173913044
DEJU_058,2023,144.7391304347826
DEJU_053,2023,142.69565217391303
DEJU_010,2023,143.7826086956522
DEJU_004,2023,98.8695652173913
DEJU_003,2023,115.15217391304348
DEJU_023,2023,148.1304347826087
DEJU_008,2023,136.32608695652175
DEJU_019,2023,144.65217391304347
DEJU_005,2023,150.08695652173913
DEJU_001,2023,137.80434782608697
DEJU_007,2023,167.84782608695653
DEJU_015,2023,207.95652173913044
DEJU_017,2023,138.19565217391303
DEJU_014,2023,137.43478260869566
DEJU_006,2023,127.80434782608695
DEJU_021,2023,152.04347826086956
DEJU_002,2023,171.7173913043478
DEJU_024,2023,137.7608695652174
DEJU_016,2023,167.3695652173913
DEJU_009,2023,156.65217391304347
DEJU_018,2023,127.80434782608695
DEJU_020,2023,127.52173913043478
HEAL_072,2023,309.89130434782606
HEAL_063,2023,314.60869565217394
HEAL_070,2023,318.7826086956522
HEAL_060,2023,318.7826086956522
HEAL_071,2023,318.7826086956522
HEAL_050,2023,318.7826086956522
HEAL_067,2023,318.7826086956522
HEAL_068,2023,220.7608695652174
HEAL_064,2023,323.45652173913044
HEAL_062,2023,318.7826086956522
HEAL_061,2023,318.7826086956522
HEAL_073,2023,318.7826086956522
HEAL_052,2023,318.7826086956522
HEAL_066,2023,235.3913043478261
HEAL_058,2023,318.7826086956522
HEAL_069,2023,235.3913043478261
HEAL_048,2023,314.60869565217394
HEAL_054,2023,220.7608695652174
HEAL_053,2023,235.34782608695653
HEAL_074,2023,235.3913043478261
HEAL_056,2023,235.3913043478261
HEAL_051,2023,235.3913043478261
HEAL_065,2023,235.34782608695653
HEAL_057,2023,309.8478260869565
HEAL_046,2023,235.3913043478261
HEAL_059,2023,235.3913043478261
HEAL_055,2023,235.34782608695653
HEAL_047,2023,235.34782608695653
HEAL_010,2023,308.67391304347825
HEAL_002,2023,303.89130434782606
HEAL_003,2023,324.7826086956522
HEAL_014,2023,316.0869565217391
HEAL_022,2023,317.6304347826087
HEAL_023,2023,318.0652173913044
HEAL_021,2023,297.7173913043478
HEAL_001,2023,312.7608695652174
HEAL_016,2023,220.7608695652174
HEAL_020,2023,220.47826086956522
HEAL_006,2023,221.69565217391303
HEAL_019,2023,319.2826086956522
HEAL_011,2023,307.0
HEAL_025,2023,254.80434782608697
HEAL_018,2023,320.54347826086956
HEAL_017,2023,197.95652173913044
HEAL_004,2023,336.10869565217394
HEAL_005,2023,326.2173913043478
HEAL_015,2023,303.2608695652174
HEAL_049,2023,318.7826086956522
HEAL_026,2023,288.3478260869565
HEAL_045,2023,309.89130434782606
HEAL_024,2023,314.0217391304348
ABBY_063,2024,595.6086956521739
ABBY_068,2024,595.6086956521739
ABBY_065,2024,578.8260869565217
ABBY_067,2024,595.6086956521739
ABBY_066,2024,595.6086956521739
ABBY_061,2024,595.6086956521739
ABBY_070,2024,595.6086956521739
ABBY_062,2024,595.304347826087
ABBY_064,2024,595.6086956521739
ABBY_069,2024,595.304347826087
ABBY_075,2024,567.0217391304348
ABBY_074,2024,595.304347826087
ABBY_073,2024,595.304347826087
ABBY_076,2024,595.6086956521739
ABBY_004,2024,591.695652173913
ABBY_009,2024,591.695652173913
ABBY_011,2024,632.804347826087
ABBY_013,2024,676.2173913043479
ABBY_023,2024,606.5652173913044
ABBY_010,2024,655.9565217391304
ABBY_018,2024,632.6521739130435
ABBY_003,2024,597.0217391304348
ABBY_012,2024,622.0869565217391
ABBY_005,2024,600.4782608695652
ABBY_016,2024,615.8260869565217
ABBY_008,2024,643.6739130434783
ABBY_017,2024,601.2173913043479
ABBY_014,2024,533.195652173913
ABBY_001,2024,611.195652173913
ABBY_019,2024,613.6304347826087
ABBY_006,2024,654.8260869565217
ABBY_002,2024,634.5652173913044
ABBY_007,2024,593.7391304347826
ABBY_025,2024,538.0217391304348
ABBY_015,2024,533.4347826086956
ABBY_077,2024,570.6304347826087
BART_012,2024,440.45652173913044
BART_001,2024,441.4782608695652
BART_005,2024,498.6521739130435
BART_044,2024,455.3695652173913
BART_037,2024,455.3695652173913
BART_073,2024,438.8695652173913
BART_074,2024,455.3695652173913
BART_075,2024,445.67391304347825
BART_042,2024,445.67391304347825
BART_072,2024,445.67391304347825
BART_046,2024,455.3695652173913
BART_036,2024,445.67391304347825
BART_051,2024,438.8695652173913
BART_041,2024,442.82608695652175
BART_034,2024,442.82608695652175
BART_039,2024,438.8695652173913
BART_050,2024,445.67391304347825
BART_040,2024,438.69565217391306
BART_071,2024,456.5217391304348
BART_070,2024,442.82608695652175
BART_033,2024,442.82608695652175
BART_047,2024,438.69565217391306
BART_032,2024,456.60869565217394
BART_015,2024,461.0
BART_016,2024,473.17391304347825
BART_028,2024,448.0869565217391
BART_010,2024,464.10869565217394
BART_013,2024,435.54347826086956
BART_026,2024,463.7826086956522
BART_006,2024,456.9347826086956
BART_023,2024,464.10869565217394
BART_002,2024,449.69565217391306
BART_018,2024,446.4130434782609
BART_003,2024,483.9130434782609
BART_024,2024,464.10869565217394
BART_011,2024,450.5652173913044
BART_025,2024,463.7826086956522
BART_007,2024,450.5652173913044
BART_027,2024,477.4782608695652
BART_004,2024,444.0
BART_019,2024,456.60869565217394
BLAN_042,2024,378.95652173913044
BLAN_056,2024,378.95652173913044
BLAN_034,2024,401.60869565217394
BLAN_043,2024,378.95652173913044
BLAN_046,2024,398.8478260869565
BLAN_045,2024,378.95652173913044
BLAN_059,2024,398.8478260869565
BLAN_039,2024,378.95652173913044
BLAN_033,2024,378.95652173913044
BLAN_051,2024,378.95652173913044
BLAN_054,2024,378.95652173913044
BLAN_031,2024,401.60869565217394
BLAN_049,2024,401.60869565217394
BLAN_060,2024,378.95652173913044
BLAN_035,2024,398.8478260869565
BLAN_038,2024,378.95652173913044
BLAN_040,2024,378.95652173913044
BLAN_037,2024,401.60869565217394
BLAN_044,2024,401.60869565217394
BLAN_050,2024,547.3478260869565
BLAN_052,2024,401.60869565217394
BLAN_048,2024,547.3478260869565
BLAN_055,2024,401.60869565217394
BLAN_057,2024,398.8478260869565
BLAN_032,2024,398.8478260869565
BLAN_036,2024,547.3478260869565
BLAN_047,2024,547.3478260869565
BLAN_063,2024,547.3478260869565
BLAN_005,2024,399.7173913043478
BLAN_017,2024,399.7173913043478
BLAN_011,2024,545.9130434782609
BLAN_068,2024,430.7608695652174
BLAN_016,2024,430.7608695652174
BLAN_001,2024,428.30434782608694
BLAN_008,2024,433.10869565217394
BLAN_003,2024,436.8478260869565
BLAN_018,2024,600.804347826087
BLAN_004,2024,430.7608695652174
BLAN_014,2024,449.95652173913044
BLAN_020,2024,551.1304347826087
BLAN_006,2024,600.804347826087
BLAN_007,2024,433.10869565217394
BLAN_010,2024,430.7608695652174
BLAN_012,2024,600.804347826087
BLAN_013,2024,425.69565217391306
BLAN_015,2024,651.9130434782609
BLAN_009,2024,428.30434782608694
BLAN_053,2024,398.8478260869565
BLAN_041,2024,547.3478260869565
BLAN_064,2024,401.60869565217394
BLAN_019,2024,430.7826086956522
GRSM_057,2024,552.2173913043479
GRSM_048,2024,552.2173913043479
GRSM_059,2024,553.5
GRSM_054,2024,560.6521739130435
GRSM_049,2024,554.4782608695652
GRSM_066,2024,552.2173913043479
GRSM_065,2024,555.7391304347826
GRSM_047,2024,553.5
GRSM_063,2024,547.7608695652174
GRSM_053,2024,547.7608695652174
GRSM_062,2024,560.6521739130435
GRSM_060,2024,553.5
GRSM_050,2024,564.3913043478261
GRSM_051,2024,553.5
GRSM_064,2024,553.5
GRSM_002,2024,583.8695652173913
GRSM_025,2024,479.3478260869565
GRSM_016,2024,449.7391304347826
GRSM_017,2024,544.2391304347826
GRSM_004,2024,591.9130434782609
GRSM_001,2024,568.1739130434783
GRSM_012,2024,523.6739130434783
GRSM_008,2024,550.6521739130435
GRSM_003,2024,550.4782608695652
GRSM_019,2024,546.2391304347826
GRSM_006,2024,546.2391304347826
GRSM_013,2024,561.0434782608696
GRSM_015,2024,559.804347826087
GRSM_014,2024,555.7826086956521
GRSM_010,2024,565.7826086956521
GRSM_005,2024,556.195652173913
GRSM_011,2024,570.3478260869565
GRSM_007,2024,564.2391304347826
GRSM_009,2024,535.9782608695652
GRSM_055,2024,547.7608695652174
GRSM_018,2024,576.2826086956521
GRSM_061,2024,553.5
GRSM_056,2024,553.5
GRSM_058,2024,555.7391304347826
GRSM_052,2024,560.6521739130435
HARV_013,2024,497.0217391304348
HARV_022,2024,476.7608695652174
HARV_008,2024,486.39130434782606
HARV_004,2024,490.19565217391306
HARV_024,2024,481.80434782608694
HARV_010,2024,0.0
HARV_006,2024,465.5652173913044
HARV_001,2024,445.8695652173913
HARV_005,2024,447.7608695652174
HARV_027,2024,499.69565217391306
HARV_043,2024,504.4782608695652
HARV_035,2024,504.4782608695652
HARV_037,2024,493.8478260869565
HARV_020,2024,462.4130434782609
HARV_023,2024,466.2826086956522
HARV_014,2024,495.6521739130435
HARV_011,2024,466.4347826086956
HARV_025,2024,502.1521739130435
HARV_002,2024,507.9130434782609
HARV_012,2024,490.7826086956522
HARV_026,2024,487.5869565217391
HARV_016,2024,481.5652173913044
HARV_039,2024,491.9347826086956
HARV_021,2024,459.8478260869565
HARV_045,2024,492.5
HARV_041,2024,493.7608695652174
HARV_038,2024,493.8478260869565
HARV_050,2024,493.8478260869565
HARV_048,2024,504.4782608695652
HARV_036,2024,492.5
HARV_052,2024,504.4782608695652
HARV_049,2024,491.82608695652175
HARV_047,2024,493.8478260869565
HARV_044,2024,493.8478260869565
HARV_040,2024,504.4782608695652
HARV_046,2024,493.7608695652174
HARV_033,2024,493.8478260869565
HARV_051,2024,491.9347826086956
HARV_034,2024,493.8478260869565
HARV_042,2024,491.9347826086956
HARV_015,2024,493.7608695652174
HARV_017,2024,497.4347826086956
JERC_002,2024,645.9565217391304
JERC_015,2024,674.0869565217391
JERC_007,2024,662.2826086956521
JERC_001,2024,648.8695652173913
JERC_010,2024,629.695652173913
JERC_009,2024,633.9565217391304
JERC_029,2024,633.9130434782609
JERC_021,2024,667.9130434782609
JERC_011,2024,633.9130434782609
JERC_040,2024,610.5217391304348
JERC_035,2024,605.4782608695652
JERC_033,2024,674.1304347826087
JERC_019,2024,699.5652173913044
JERC_030,2024,543.2826086956521
JERC_034,2024,637.3695652173913
JERC_036,2024,651.2826086956521
JERC_028,2024,358.04347826086956
JERC_044,2024,651.5652173913044
JERC_016,2024,651.2826086956521
JERC_038,2024,639.7391304347826
JERC_006,2024,529.0
JERC_041,2024,725.804347826087
JERC_031,2024,651.7608695652174
JERC_042,2024,629.695652173913
JERC_008,2024,644.1086956521739
JERC_005,2024,644.1086956521739
JERC_003,2024,648.8695652173913
JERC_022,2024,624.8913043478261
JERC_013,2024,638.3913043478261
JERC_066,2024,645.9565217391304
JERC_065,2024,651.7608695652174
JERC_054,2024,660.7173913043479
JERC_051,2024,651.7608695652174
JERC_062,2024,646.0
JERC_047,2024,646.0
JERC_057,2024,651.8478260869565
JERC_060,2024,651.7608695652174
JERC_064,2024,651.7608695652174
JERC_050,2024,646.0
JERC_053,2024,645.9565217391304
JERC_049,2024,646.0
JERC_061,2024,646.0
JERC_058,2024,645.9565217391304
JERC_048,2024,645.9565217391304
JERC_063,2024,645.9565217391304
JERC_052,2024,646.0
JERC_059,2024,645.9565217391304
JERC_056,2024,646.0
JERC_055,2024,646.0
JERC_004,2024,664.8478260869565
JERC_014,2024,623.9565217391304
JERC_012,2024,537.1086956521739
MLBS_076,2024,448.0
MLBS_061,2024,462.5869565217391
MLBS_064,2024,462.5869565217391
MLBS_075,2024,460.4130434782609
MLBS_065,2024,460.4130434782609
MLBS_062,2024,460.45652173913044
MLBS_069,2024,448.0
MLBS_063,2024,448.0217391304348
MLBS_073,2024,448.0217391304348
MLBS_074,2024,448.0
MLBS_066,2024,448.0217391304348
MLBS_067,2024,448.0217391304348
MLBS_071,2024,448.0
MLBS_072,2024,448.0217391304348
MLBS_070,2024,448.0217391304348
MLBS_068,2024,448.0217391304348
MLBS_009,2024,462.5869565217391
MLBS_010,2024,459.5
MLBS_005,2024,464.0869565217391
MLBS_003,2024,459.5
MLBS_019,2024,495.0
MLBS_016,2024,496.39130434782606
MLBS_015,2024,498.0869565217391
MLBS_014,2024,487.60869565217394
MLBS_001,2024,448.4782608695652
MLBS_017,2024,448.4782608695652
MLBS_011,2024,432.4782608695652
MLBS_012,2024,432.4782608695652
MLBS_002,2024,460.4130434782609
MLBS_004,2024,495.8478260869565
MLBS_018,2024,480.10869565217394
MLBS_008,2024,500.9130434782609
MLBS_007,2024,495.1304347826087
MLBS_006,2024,509.6521739130435
MLBS_020,2024,489.5217391304348
MLBS_013,2024,506.5869565217391
ORNL_002,2024,551.6739130434783
ORNL_003,2024,530.7391304347826
ORNL_009,2024,437.5652173913044
ORNL_021,2024,478.0
ORNL_031,2024,445.45652173913044
ORNL_033,2024,524.9347826086956
ORNL_066,2024,698.7391304347826
ORNL_044,2024,698.7391304347826
ORNL_012,2024,0.0
ORNL_004,2024,496.39130434782606
ORNL_001,2024,433.4130434782609
ORNL_027,2024,537.4782608695652
ORNL_014,2024,518.3913043478261
ORNL_029,2024,534.4347826086956
ORNL_007,2024,541.5
ORNL_006,2024,525.0
ORNL_008,2024,545.1086956521739
ORNL_035,2024,560.9347826086956
ORNL_010,2024,549.9565217391304
ORNL_032,2024,508.7391304347826
ORNL_055,2024,553.3260869565217
ORNL_062,2024,553.3260869565217
ORNL_063,2024,551.6521739130435
ORNL_049,2024,551.6521739130435
ORNL_052,2024,553.3260869565217
ORNL_059,2024,510.2608695652174
ORNL_036,2024,546.6304347826087
ORNL_053,2024,510.2608695652174
ORNL_046,2024,510.2608695652174
ORNL_043,2024,555.7826086956521
ORNL_058,2024,555.7826086956521
ORNL_060,2024,555.7826086956521
ORNL_056,2024,553.3260869565217
ORNL_037,2024,553.3260869565217
ORNL_057,2024,546.6304347826087
ORNL_051,2024,553.3260869565217
ORNL_061,2024,510.2608695652174
ORNL_054,2024,546.6304347826087
ORNL_045,2024,546.6304347826087
ORNL_050,2024,546.6304347826087
ORNL_017,2024,519.3260869565217
ORNL_068,2024,446.7173913043478
ORNL_019,2024,544.1521739130435
ORNL_018,2024,408.2173913043478
ORNL_067,2024,527.5
ORNL_015,2024,530.7826086956521
OSBS_002,2024,577.0434782608696
OSBS_006,2024,454.10869565217394
OSBS_048,2024,535.1086956521739
OSBS_001,2024,693.695652173913
OSBS_018,2024,464.5652173913044
OSBS_011,2024,593.8260869565217
OSBS_014,2024,561.1521739130435
OSBS_004,2024,533.9565217391304
OSBS_020,2024,529.2173913043479
OSBS_023,2024,593.8260869565217
OSBS_049,2024,552.2608695652174
OSBS_003,2024,516.2826086956521
OSBS_012,2024,513.2826086956521
OSBS_013,2024,533.9565217391304
OSBS_024,2024,593.8260869565217
OSBS_016,2024,621.2608695652174
OSBS_008,2024,517.6739130434783
OSBS_010,2024,689.7173913043479
OSBS_051,2024,506.6521739130435
OSBS_050,2024,498.9130434782609
OSBS_007,2024,505.9130434782609
OSBS_005,2024,672.5652173913044
OSBS_017,2024,654.7826086956521
OSBS_043,2024,466.5652173913044
OSBS_022,2024,561.1521739130435
OSBS_039,2024,463.0217391304348
OSBS_036,2024,463.0217391304348
OSBS_029,2024,463.0217391304348
OSBS_040,2024,474.8695652173913
OSBS_015,2024,764.9347826086956
OSBS_025,2024,466.7391304347826
OSBS_030,2024,466.7391304347826
OSBS_038,2024,466.7391304347826
OSBS_042,2024,466.7391304347826
OSBS_035,2024,464.5
OSBS_037,2024,464.5
OSBS_028,2024,464.5
OSBS_021,2024,580.2826086956521
OSBS_041,2024,464.5
OSBS_009,2024,686.7826086956521
OSBS_031,2024,474.8695652173913
OSBS_033,2024,463.0217391304348
OSBS_032,2024,463.0217391304348
OSBS_044,2024,463.0217391304348
OSBS_027,2024,463.0217391304348
OSBS_034,2024,474.82608695652175
OSBS_026,2024,463.0217391304348
OSBS_063,2024,509.39130434782606
OSBS_067,2024,485.3478260869565
OSBS_066,2024,764.9347826086956
OSBS_068,2024,469.7608695652174
OSBS_070,2024,474.8695652173913
OSBS_073,2024,591.7173913043479
RMNP_043,2024,203.1086956521739
RMNP_042,2024,203.1086956521739
RMNP_041,2024,294.0
RMNP_048,2024,203.1086956521739
RMNP_049,2024,203.1086956521739
RMNP_046,2024,203.1086956521739
RMNP_047,2024,203.1086956521739
RMNP_045,2024,203.1086956521739
RMNP_044,2024,203.1086956521739
RMNP_013,2024,259.7173913043478
RMNP_003,2024,272.0
RMNP_009,2024,272.0
RMNP_011,2024,177.45652173913044
RMNP_019,2024,271.80434782608694
RMNP_015,2024,327.9782608695652
RMNP_002,2024,327.5869565217391
RMNP_020,2024,327.9782608695652
RMNP_016,2024,306.4782608695652
RMNP_017,2024,246.2608695652174
RMNP_005,2024,371.0
RMNP_001,2024,317.2391304347826
RMNP_014,2024,351.0
RMNP_008,2024,293.17391304347825
RMNP_012,2024,381.7608695652174
RMNP_018,2024,322.5
RMNP_006,2024,354.19565217391306
RMNP_004,2024,277.2826086956522
RMNP_010,2024,314.30434782608694
RMNP_007,2024,314.30434782608694
SCBI_008,2024,698.4130434782609
SCBI_004,2024,465.3478260869565
SCBI_015,2024,488.7608695652174
SCBI_017,2024,482.2391304347826
SCBI_013,2024,475.7826086956522
SCBI_007,2024,490.10869565217394
SCBI_018,2024,488.82608695652175
SCBI_003,2024,479.39130434782606
SCBI_011,2024,483.7173913043478
SCBI_016,2024,448.5
SCBI_002,2024,481.10869565217394
SCBI_010,2024,470.0652173913044
SCBI_014,2024,484.7173913043478
SCBI_005,2024,510.7173913043478
SCBI_056,2024,467.10869565217394
SCBI_045,2024,464.2173913043478
SCBI_053,2024,467.10869565217394
SCBI_061,2024,467.10869565217394
SCBI_050,2024,467.10869565217394
SCBI_057,2024,467.10869565217394
SCBI_062,2024,481.17391304347825
SCBI_047,2024,481.17391304347825
SCBI_067,2024,481.17391304347825
SCBI_066,2024,481.17391304347825
SCBI_064,2024,464.2173913043478
SCBI_052,2024,464.2173913043478
SCBI_054,2024,464.2173913043478
SCBI_046,2024,481.10869565217394
SCBI_049,2024,481.17391304347825
SCBI_063,2024,481.17391304347825
SCBI_055,2024,467.10869565217394
SCBI_048,2024,481.17391304347825
SCBI_051,2024,467.10869565217394
SCBI_058,2024,464.2173913043478
SCBI_034,2024,327.19565217391306
SCBI_038,2024,445.2173913043478
SCBI_033,2024,327.19565217391306
SCBI_006,2024,453.54347826086956
SCBI_035,2024,445.2173913043478
SCBI_012,2024,474.69565217391306
SCBI_071,2024,470.0652173913044
SCBI_019,2024,504.3695652173913
SCBI_021,2024,453.54347826086956
SCBI_023,2024,488.7608695652174
SCBI_022,2024,474.0
SERC_062,2024,423.3478260869565
SERC_045,2024,423.3478260869565
SERC_051,2024,423.3478260869565
SERC_050,2024,496.4130434782609
SERC_052,2024,511.2608695652174
SERC_058,2024,514.9347826086956
SERC_043,2024,515.3913043478261
SERC_055,2024,700.8913043478261
SERC_048,2024,514.9347826086956
SERC_060,2024,514.9347826086956
SERC_061,2024,511.5652173913044
SERC_054,2024,511.5652173913044
SERC_059,2024,489.04347826086956
SERC_046,2024,488.2608695652174
SERC_053,2024,511.5652173913044
SERC_044,2024,488.2608695652174
SERC_047,2024,488.10869565217394
SERC_049,2024,488.10869565217394
SERC_057,2024,488.10869565217394
SERC_056,2024,488.10869565217394
SERC_007,2024,648.9565217391304
SERC_018,2024,516.7173913043479
SERC_009,2024,512.1521739130435
SERC_008,2024,516.8695652173913
SERC_011,2024,507.04347826086956
SERC_003,2024,523.1521739130435
SERC_006,2024,419.1304347826087
SERC_001,2024,454.69565217391306
SERC_017,2024,648.1739130434783
SERC_019,2024,482.2391304347826
SERC_010,2024,648.4347826086956
SERC_014,2024,353.2608695652174
SERC_012,2024,512.4782608695652
SERC_016,2024,523.1086956521739
SERC_022,2024,485.1304347826087
SERC_004,2024,482.2391304347826
SERC_021,2024,515.3913043478261
SERC_013,2024,468.54347826086956
SERC_005,2024,514.5652173913044
SERC_002,2024,528.8260869565217
SERC_067,2024,506.54347826086956
SERC_073,2024,496.4130434782609
SOAP_059,2024,408.89130434782606
SOAP_057,2024,408.89130434782606
SOAP_051,2024,408.89130434782606
SOAP_048,2024,408.89130434782606
SOAP_058,2024,417.6521739130435
SOAP_043,2024,417.2826086956522
SOAP_050,2024,417.2826086956522
SOAP_044,2024,314.0869565217391
SOAP_052,2024,313.9130434782609
SOAP_046,2024,314.0869565217391
SOAP_060,2024,313.9130434782609
SOAP_055,2024,417.2826086956522
SOAP_054,2024,358.8478260869565
SOAP_047,2024,358.8478260869565
SOAP_031,2024,391.89130434782606
SOAP_049,2024,391.89130434782606
SOAP_056,2024,391.89130434782606
SOAP_053,2024,358.8478260869565
SOAP_045,2024,322.2826086956522
SOAP_061,2024,408.89130434782606
SOAP_002,2024,275.5
SOAP_010,2024,408.89130434782606
SOAP_006,2024,282.80434782608694
SOAP_013,2024,275.5
SOAP_012,2024,301.1304347826087
SOAP_004,2024,408.89130434782606
SOAP_003,2024,407.8695652173913
SOAP_016,2024,316.7391304347826
SOAP_007,2024,372.4347826086956
SOAP_020,2024,358.8478260869565
SOAP_009,2024,402.3695652173913
SOAP_008,2024,301.1304347826087
SOAP_021,2024,335.7391304347826
SOAP_018,2024,429.3695652173913
SOAP_019,2024,429.3695652173913
SOAP_017,2024,437.69565217391306
SOAP_015,2024,425.2826086956522
SOAP_001,2024,473.5217391304348
SOAP_011,2024,417.6521739130435
SOAP_022,2024,425.2826086956522
SOAP_024,2024,282.80434782608694
STEI_058,2024,425.0
STEI_051,2024,425.0
STEI_056,2024,438.30434782608694
STEI_046,2024,438.30434782608694
STEI_061,2024,438.30434782608694
STEI_062,2024,438.30434782608694
STEI_052,2024,438.30434782608694
STEI_055,2024,425.0
STEI_047,2024,438.30434782608694
STEI_053,2024,438.30434782608694
STEI_048,2024,443.3695652173913
STEI_060,2024,438.30434782608694
STEI_054,2024,443.3695652173913
STEI_049,2024,438.30434782608694
STEI_057,2024,438.30434782608694
STEI_050,2024,443.3695652173913
STEI_059,2024,443.3695652173913
STEI_005,2024,429.9347826086956
STEI_009,2024,428.4347826086956
STEI_012,2024,449.5217391304348
STEI_017,2024,433.9782608695652
STEI_019,2024,434.5217391304348
STEI_003,2024,447.5217391304348
STEI_007,2024,441.2826086956522
STEI_002,2024,445.4130434782609
STEI_011,2024,424.1521739130435
STEI_010,2024,434.32608695652175
STEI_008,2024,422.04347826086956
STEI_015,2024,427.60869565217394
STEI_016,2024,435.0217391304348
STEI_004,2024,431.95652173913044
STEI_013,2024,436.1521739130435
STEI_001,2024,418.9782608695652
STEI_021,2024,419.6521739130435
STEI_006,2024,433.95652173913044
STEI_014,2024,421.5869565217391
STEI_022,2024,446.4782608695652
STEI_023,2024,420.0
TALL_003,2024,1050.7608695652175
TALL_005,2024,862.5434782608696
TALL_009,2024,877.8913043478261
TALL_012,2024,731.1304347826087
TALL_004,2024,549.8478260869565
TALL_010,2024,744.3913043478261
TALL_007,2024,754.195652173913
TALL_002,2024,1086.5869565217392
TALL_022,2024,735.6304347826087
TALL_015,2024,1106.0652173913043
TALL_016,2024,797.7173913043479
TALL_011,2024,776.304347826087
TALL_018,2024,793.9782608695652
TALL_006,2024,601.9782608695652
TALL_013,2024,602.0652173913044
TALL_001,2024,585.3260869565217
TALL_017,2024,741.2391304347826
TALL_020,2024,549.5869565217391
TALL_008,2024,1083.6304347826087
TALL_043,2024,604.4130434782609
TALL_049,2024,604.4130434782609
TALL_046,2024,604.4130434782609
TALL_061,2024,844.2391304347826
TALL_052,2024,844.0652173913044
TALL_050,2024,782.7608695652174
TALL_051,2024,844.2391304347826
TALL_057,2024,844.2391304347826
TALL_060,2024,782.7608695652174
TALL_055,2024,844.2391304347826
TALL_058,2024,844.0652173913044
TALL_045,2024,782.7608695652174
TALL_059,2024,844.0652173913044
TALL_054,2024,844.2391304347826
TALL_056,2024,844.0652173913044
TALL_044,2024,782.7608695652174
TALL_047,2024,782.7608695652174
TALL_048,2024,604.4130434782609
TALL_042,2024,604.4130434782609
TALL_053,2024,844.0652173913044
TALL_064,2024,1074.6304347826087
TALL_025,2024,862.2173913043479
TEAK_045,2024,290.4347826086956
TEAK_054,2024,290.4347826086956
TEAK_048,2024,290.4347826086956
TEAK_061,2024,290.4347826086956
TEAK_059,2024,290.4347826086956
TEAK_049,2024,290.3478260869565
TEAK_060,2024,290.3478260869565
TEAK_055,2024,290.3478260869565
TEAK_062,2024,288.2173913043478
TEAK_056,2024,322.6304347826087
TEAK_044,2024,322.6304347826087
TEAK_057,2024,320.32608695652175
TEAK_053,2024,322.6304347826087
TEAK_047,2024,322.6304347826087
TEAK_051,2024,320.32608695652175
TEAK_046,2024,301.8478260869565
TEAK_058,2024,290.3478260869565
TEAK_043,2024,288.2173913043478
TEAK_052,2024,301.7173913043478
TEAK_050,2024,324.0652173913044
TEAK_001,2024,412.0869565217391
TEAK_002,2024,262.1521739130435
TEAK_003,2024,331.7173913043478
TEAK_004,2024,292.2173913043478
TEAK_006,2024,252.8913043478261
TEAK_025,2024,264.39130434782606
TEAK_005,2024,163.52173913043478
TEAK_011,2024,342.95652173913044
TEAK_007,2024,326.0217391304348
TEAK_014,2024,328.67391304347825
TEAK_010,2024,349.5869565217391
TEAK_012,2024,331.7173913043478
TEAK_017,2024,315.0217391304348
TEAK_013,2024,266.69565217391306
TEAK_019,2024,428.54347826086956
TEAK_020,2024,297.8695652173913
TEAK_016,2024,265.7391304347826
TEAK_015,2024,315.8695652173913
TEAK_024,2024,248.56521739130434
TEAK_018,2024,288.67391304347825
TREE_042,2024,429.10869565217394
TREE_053,2024,425.60869565217394
TREE_049,2024,425.60869565217394
TREE_046,2024,425.60869565217394
TREE_055,2024,425.54347826086956
TREE_056,2024,425.60869565217394
TREE_050,2024,572.9130434782609
TREE_054,2024,572.9130434782609
TREE_052,2024,425.60869565217394
TREE_051,2024,425.54347826086956
TREE_057,2024,421.80434782608694
TREE_025,2024,421.80434782608694
TREE_043,2024,421.80434782608694
TREE_044,2024,421.80434782608694
TREE_048,2024,516.2173913043479
TREE_047,2024,419.5652173913044
TREE_041,2024,435.1521739130435
TREE_040,2024,419.5652173913044
TREE_039,2024,421.80434782608694
TREE_045,2024,421.80434782608694
TREE_017,2024,421.80434782608694
TREE_019,2024,414.10869565217394
TREE_010,2024,419.5869565217391
TREE_016,2024,399.4347826086956
TREE_001,2024,392.7826086956522
TREE_014,2024,392.7826086956522
TREE_009,2024,413.2826086956522
TREE_060,2024,410.54347826086956
TREE_012,2024,414.10869565217394
TREE_005,2024,417.0
TREE_011,2024,398.7173913043478
TREE_018,2024,419.5652173913044
TREE_003,2024,433.39130434782606
TREE_007,2024,398.7173913043478
TREE_008,2024,541.5652173913044
TREE_006,2024,414.54347826086956
TREE_004,2024,541.5652173913044
TREE_002,2024,419.5652173913044
TREE_015,2024,434.7826086956522
TREE_023,2024,434.8478260869565
TREE_062,2024,413.2826086956522
TREE_064,2024,399.4347826086956
TREE_022,2024,414.54347826086956
TREE_063,2024,406.5869565217391
UNDE_048,2024,417.4347826086956
UNDE_038,2024,401.19565217391306
UNDE_037,2024,399.2608695652174
UNDE_045,2024,417.4347826086956
UNDE_058,2024,412.9130434782609
UNDE_052,2024,417.4347826086956
UNDE_047,2024,404.45652173913044
UNDE_054,2024,412.9130434782609
UNDE_057,2024,417.4347826086956
UNDE_050,2024,412.9130434782609
UNDE_055,2024,412.9130434782609
UNDE_059,2024,390.45652173913044
UNDE_065,2024,386.2173913043478
UNDE_043,2024,417.4347826086956
UNDE_044,2024,390.45652173913044
UNDE_049,2024,412.9130434782609
UNDE_056,2024,417.4347826086956
UNDE_078,2024,401.19565217391306
UNDE_061,2024,401.19565217391306
UNDE_060,2024,412.9130434782609
UNDE_014,2024,405.6521739130435
UNDE_013,2024,412.9130434782609
UNDE_002,2024,382.0
UNDE_001,2024,413.0652173913044
UNDE_003,2024,397.3695652173913
UNDE_010,2024,389.5
UNDE_006,2024,389.0652173913044
UNDE_011,2024,427.17391304347825
UNDE_007,2024,416.7826086956522
UNDE_012,2024,385.4130434782609
UNDE_008,2024,389.0652173913044
UNDE_016,2024,372.5652173913044
UNDE_020,2024,354.4782608695652
UNDE_021,2024,375.19565217391306
UNDE_022,2024,394.9347826086956
UNDE_018,2024,398.9782608695652
UNDE_019,2024,410.3478260869565
UNDE_023,2024,417.6521739130435
UNDE_015,2024,417.6521739130435
UNDE_027,2024,425.0652173913044
WREF_089,2024,435.32608695652175
WREF_082,2024,617.804347826087
WREF_077,2024,626.3260869565217
WREF_083,2024,435.32608695652175
WREF_086,2024,437.45652173913044
WREF_081,2024,437.5869565217391
WREF_076,2024,452.2826086956522
WREF_070,2024,626.3260869565217
WREF_074,2024,617.804347826087
WREF_072,2024,572.9347826086956
WREF_080,2024,646.0652173913044
WREF_073,2024,646.0652173913044
WREF_079,2024,646.0652173913044
WREF_085,2024,617.5217391304348
WREF_084,2024,617.5217391304348
WREF_078,2024,636.5869565217391
WREF_088,2024,617.804347826087
WREF_087,2024,617.5217391304348
WREF_075,2024,626.3260869565217
WREF_071,2024,617.804347826087
WREF_012,2024,612.0434782608696
WREF_016,2024,633.6086956521739
WREF_015,2024,622.0
WREF_013,2024,608.2391304347826
WREF_001,2024,550.9130434782609
WREF_003,2024,590.5434782608696
WREF_018,2024,586.3260869565217
WREF_020,2024,643.8260869565217
WREF_002,2024,633.1521739130435
WREF_019,2024,500.60869565217394
WREF_010,2024,628.9782608695652
WREF_007,2024,632.5434782608696
WREF_008,2024,595.7391304347826
WREF_006,2024,540.7391304347826
WREF_005,2024,527.1086956521739
WREF_014,2024,569.195652173913
WREF_009,2024,674.2826086956521
WREF_011,2024,589.8913043478261
WREF_004,2024,602.5217391304348
WREF_017,2024,602.9130434782609
DELA_013,2024,507.19565217391306
DELA_003,2024,479.7826086956522
DELA_005,2024,372.3695652173913
DELA_011,2024,465.0652173913044
DELA_004,2024,526.7391304347826
DELA_018,2024,519.695652173913
DELA_014,2024,483.4782608695652
DELA_015,2024,526.7391304347826
DELA_012,2024,483.4782608695652
DELA_010,2024,519.695652173913
DELA_016,2024,541.9130434782609
DELA_001,2024,510.67391304347825
DELA_019,2024,517.0869565217391
DELA_017,2024,541.9130434782609
DELA_009,2024,479.7826086956522
DELA_002,2024,483.4782608695652
DELA_007,2024,519.695652173913
DELA_020,2024,536.0869565217391
DELA_006,2024,517.0869565217391
DELA_008,2024,507.17391304347825
DELA_046,2024,536.0869565217391
DELA_053,2024,536.0869565217391
DELA_051,2024,531.3260869565217
DELA_043,2024,531.3260869565217
DELA_040,2024,536.0869565217391
DELA_052,2024,531.3260869565217
DELA_041,2024,531.3260869565217
DELA_044,2024,531.3260869565217
DELA_039,2024,501.89130434782606
DELA_054,2024,536.0869565217391
DELA_045,2024,536.0869565217391
DELA_042,2024,506.5217391304348
DELA_055,2024,501.89130434782606
DELA_037,2024,536.0869565217391
DELA_050,2024,536.0869565217391
DELA_056,2024,536.0869565217391
DELA_047,2024,519.695652173913
DELA_048,2024,519.695652173913
DELA_049,2024,506.5217391304348
DELA_038,2024,501.89130434782606
DELA_023,2024,507.17391304347825
DELA_022,2024,507.19565217391306
DELA_021,2024,412.30434782608694
DELA_059,2024,506.5217391304348
LENO_061,2024,956.7608695652174
LENO_065,2024,956.7608695652174
LENO_062,2024,956.7608695652174
LENO_068,2024,626.1739130434783
LENO_067,2024,626.1739130434783
LENO_064,2024,956.7608695652174
LENO_063,2024,626.1739130434783
LENO_066,2024,753.6086956521739
LENO_069,2024,753.6086956521739
LENO_070,2024,753.6086956521739
LENO_003,2024,519.1086956521739
LENO_002,2024,495.1521739130435
LENO_014,2024,499.82608695652175
LENO_011,2024,484.10869565217394
LENO_005,2024,495.0
LENO_015,2024,670.8260869565217
LENO_010,2024,510.95652173913044
LENO_012,2024,658.0
LENO_009,2024,486.3478260869565
LENO_018,2024,669.2173913043479
LENO_006,2024,518.5434782608696
LENO_013,2024,528.0217391304348
LENO_007,2024,499.8695652173913
LENO_008,2024,670.8260869565217
LENO_022,2024,548.0652173913044
LENO_001,2024,480.7608695652174
LENO_016,2024,518.5434782608696
LENO_021,2024,413.2608695652174
LENO_017,2024,709.1304347826087
LENO_004,2024,508.0217391304348
LENO_019,2024,526.2173913043479
UKFS_032,2024,498.7826086956522
UKFS_057,2024,498.80434782608694
UKFS_051,2024,498.80434782608694
UKFS_047,2024,455.5
UKFS_055,2024,498.7826086956522
UKFS_058,2024,455.5
UKFS_060,2024,498.7826086956522
UKFS_056,2024,445.8478260869565
UKFS_054,2024,449.39130434782606
UKFS_050,2024,458.5217391304348
UKFS_046,2024,458.5217391304348
UKFS_045,2024,455.39130434782606
UKFS_043,2024,458.5
UKFS_052,2024,455.39130434782606
UKFS_059,2024,458.5
UKFS_048,2024,458.5
UKFS_049,2024,445.8478260869565
UKFS_031,2024,455.5
UKFS_044,2024,445.8478260869565
UKFS_053,2024,445.8478260869565
UKFS_007,2024,291.95652173913044
UKFS_005,2024,449.17391304347825
UKFS_004,2024,500.82608695652175
UKFS_009,2024,278.0652173913044
UKFS_006,2024,458.5217391304348
UKFS_012,2024,266.7608695652174
UKFS_002,2024,289.7826086956522
UKFS_010,2024,366.60869565217394
UKFS_003,2024,366.60869565217394
UKFS_001,2024,455.39130434782606
UKFS_011,2024,449.39130434782606
UKFS_008,2024,449.39130434782606
UKFS_017,2024,266.7608695652174
UKFS_019,2024,436.32608695652175
UKFS_016,2024,386.9347826086956
UKFS_018,2024,366.60869565217394
UKFS_014,2024,455.39130434782606
UKFS_015,2024,452.17391304347825
UKFS_013,2024,379.7391304347826
UKFS_025,2024,415.8478260869565
YELL_002,2024,162.04347826086956
YELL_016,2024,123.84782608695652
YELL_013,2024,135.8695652173913
YELL_006,2024,147.80434782608697
YELL_020,2024,239.93478260869566
YELL_008,2024,142.34782608695653
YELL_014,2024,164.41304347826087
YELL_001,2024,132.7826086956522
YELL_011,2024,131.30434782608697
YELL_004,2024,123.56521739130434
YELL_003,2024,144.82608695652175
YELL_010,2024,125.19565217391305
YELL_005,2024,119.41304347826087
YELL_007,2024,162.82608695652175
YELL_018,2024,176.8913043478261
YELL_023,2024,176.8695652173913
YELL_012,2024,133.2173913043478
YELL_009,2024,155.93478260869566
YELL_021,2024,263.7391304347826
YELL_022,2024,146.58695652173913
YELL_047,2024,150.56521739130434
YELL_054,2024,150.56521739130434
YELL_058,2024,150.56521739130434
YELL_044,2024,150.56521739130434
YELL_052,2024,150.58695652173913
YELL_055,2024,150.58695652173913
YELL_062,2024,150.56521739130434
YELL_056,2024,155.02173913043478
YELL_048,2024,155.02173913043478
YELL_060,2024,161.17391304347825
YELL_051,2024,150.58695652173913
YELL_053,2024,161.69565217391303
YELL_045,2024,155.02173913043478
YELL_046,2024,150.58695652173913
YELL_061,2024,150.58695652173913
YELL_049,2024,161.69565217391303
YELL_059,2024,150.58695652173913
YELL_043,2024,161.69565217391303
YELL_050,2024,161.17391304347825
YELL_057,2024,161.17391304347825
YELL_015,2024,128.8913043478261
BONA_072,2024,289.17391304347825
BONA_079,2024,289.17391304347825
BONA_070,2024,212.17391304347825
BONA_075,2024,289.17391304347825
BONA_078,2024,289.17391304347825
BONA_076,2024,289.17391304347825
BONA_082,2024,299.39130434782606
BONA_071,2024,289.17391304347825
BONA_087,2024,289.17391304347825
BONA_084,2024,299.32608695652175
BONA_080,2024,212.17391304347825
BONA_086,2024,212.17391304347825
BONA_088,2024,289.17391304347825
BONA_089,2024,299.39130434782606
BONA_085,2024,212.15217391304347
BONA_083,2024,187.6086956521739
BONA_074,2024,187.6086956521739
BONA_081,2024,209.82608695652175
BONA_077,2024,209.82608695652175
BONA_073,2024,209.82608695652175
BONA_014,2024,282.0652173913044
BONA_011,2024,145.3695652173913
BONA_001,2024,362.2391304347826
BONA_018,2024,174.32608695652175
BONA_023,2024,321.67391304347825
BONA_009,2024,293.04347826086956
BONA_002,2024,354.9782608695652
BONA_012,2024,338.6521739130435
BONA_008,2024,343.45652173913044
BONA_093,2024,289.17391304347825
BONA_007,2024,292.0652173913044
BONA_005,2024,308.2391304347826
BONA_021,2024,362.2173913043478
BONA_026,2024,246.82608695652175
BONA_022,2024,304.1521739130435
BONA_010,2024,304.1304347826087
BONA_003,2024,140.91304347826087
BONA_004,2024,210.82608695652175
BONA_006,2024,247.1304347826087
BONA_016,2024,159.02173913043478
BONA_013,2024,240.2826086956522
DEJU_050,2024,137.3913043478261
DEJU_051,2024,139.08695652173913
DEJU_049,2024,175.45652173913044
DEJU_057,2024,210.5
DEJU_047,2024,175.45652173913044
DEJU_052,2024,175.45652173913044
DEJU_045,2024,175.43478260869566
DEJU_056,2024,175.43478260869566
DEJU_061,2024,175.43478260869566
DEJU_064,2024,137.3913043478261
DEJU_054,2024,149.56521739130434
DEJU_060,2024,193.02173913043478
DEJU_046,2024,193.02173913043478
DEJU_055,2024,193.02173913043478
DEJU_063,2024,139.08695652173913
DEJU_059,2024,137.3913043478261
DEJU_048,2024,148.30434782608697
DEJU_062,2024,148.30434782608697
DEJU_058,2024,139.08695652173913
DEJU_053,2024,137.3913043478261
DEJU_010,2024,159.56521739130434
DEJU_004,2024,101.26086956521739
DEJU_003,2024,138.19565217391303
DEJU_023,2024,161.04347826086956
DEJU_008,2024,147.06521739130434
DEJU_019,2024,151.32608695652175
DEJU_005,2024,155.2608695652174
DEJU_001,2024,145.65217391304347
DEJU_007,2024,188.58695652173913
DEJU_015,2024,231.45652173913044
DEJU_017,2024,144.8695652173913
DEJU_014,2024,131.17391304347825
DEJU_006,2024,139.1304347826087
DEJU_021,2024,166.08695652173913
DEJU_002,2024,192.19565217391303
DEJU_024,2024,140.0
DEJU_016,2024,193.69565217391303
DEJU_009,2024,199.56521739130434
DEJU_018,2024,139.1304347826087
DEJU_020,2024,134.54347826086956
HEAL_072,2024,294.60869565217394
HEAL_063,2024,291.32608695652175
HEAL_070,2024,281.9782608695652
HEAL_060,2024,282.0
HEAL_071,2024,282.0
HEAL_050,2024,282.0
HEAL_067,2024,281.9782608695652
HEAL_068,2024,227.6086956521739
HEAL_064,2024,308.5869565217391
HEAL_062,2024,282.0
HEAL_061,2024,281.9782608695652
HEAL_073,2024,281.9782608695652
HEAL_052,2024,281.9782608695652
HEAL_066,2024,226.41304347826087
HEAL_058,2024,281.9782608695652
HEAL_069,2024,226.41304347826087
HEAL_048,2024,291.32608695652175
HEAL_054,2024,227.56521739130434
HEAL_053,2024,226.41304347826087
HEAL_074,2024,226.41304347826087
HEAL_056,2024,226.41304347826087
HEAL_051,2024,226.41304347826087
HEAL_065,2024,226.41304347826087
HEAL_057,2024,294.5869565217391
HEAL_046,2024,226.41304347826087
HEAL_059,2024,226.41304347826087
HEAL_055,2024,226.41304347826087
HEAL_047,2024,226.41304347826087
HEAL_010,2024,308.82608695652175
HEAL_002,2024,271.89130434782606
HEAL_003,2024,307.5
HEAL_014,2024,295.10869565217394
HEAL_022,2024,281.9782608695652
HEAL_023,2024,292.0
HEAL_021,2024,281.0
HEAL_001,2024,274.0217391304348
HEAL_016,2024,227.6086956521739
HEAL_020,2024,199.8913043478261
HEAL_006,2024,285.9347826086956
HEAL_019,2024,299.9130434782609
HEAL_011,2024,283.8478260869565
HEAL_025,2024,256.17391304347825
HEAL_018,2024,275.8695652173913
HEAL_017,2024,193.84782608695653
HEAL_004,2024,314.69565217391306
HEAL_005,2024,310.0
HEAL_015,2024,291.0217391304348
HEAL_049,2024,281.9782608695652
HEAL_026,2024,302.3478260869565
HEAL_045,2024,294.60869565217394
HEAL_024,2024,264.6304347826087
