siteID,plotID,year,grain_m,n_cells,source,NDVI_mean,NDVI_sd,EVI_mean,EVI_sd,ARVI_mean,ARVI_sd,SAVI_mean,SAVI_sd
ABBY,ABBY_001,2022,10,8,NEON_DP3.30026.002_bidirectional,0.8944421410560608,0.0132180647924542,0.3995061814785003,0.0634488984942436,0.9049034118652344,0.0197526458650827,0.3848389685153961,0.0526183247566223
ABBY,ABBY_001,2023,10,8,NEON_DP3.30026.002_bidirectional,0.9067946672439576,0.0182677134871482,0.425839215517044,0.0693044662475586,0.9155839085578918,0.0291276909410953,0.4081292152404785,0.0578533932566642
ABBY,ABBY_001,2025,10,8,NEON_DP3.30026.002_bidirectional,0.8931010365486145,0.0115907220169901,0.3216613829135895,0.0899222642183303,0.9000789523124695,0.0209447834640741,0.3178228139877319,0.0768866837024688
ABBY,ABBY_002,2022,10,16,NEON_DP3.30026.002_bidirectional,0.8629447221755981,0.0594365447759628,0.6398012638092041,0.0718185305595398,0.8461487889289856,0.0691011026501655,0.5745728015899658,0.0589807443320751
ABBY,ABBY_002,2023,10,16,NEON_DP3.30026.002_bidirectional,0.8364542126655579,0.0730806142091751,0.6002308130264282,0.0695099979639053,0.8102903962135315,0.0867680087685585,0.5452793836593628,0.0581546872854232
ABBY,ABBY_002,2025,10,16,NEON_DP3.30026.002_bidirectional,0.8519734144210815,0.0527626015245914,0.5871822834014893,0.0573974289000034,0.8333089351654053,0.064800314605236,0.5372700095176697,0.0482856258749961
ABBY,ABBY_003,2022,10,16,NEON_DP3.30026.002_bidirectional,0.9096795320510864,0.0098842019215226,0.6598212718963623,0.053194023668766,0.900335431098938,0.0146638210862874,0.5964663028717041,0.040057435631752
ABBY,ABBY_003,2023,10,16,NEON_DP3.30026.002_bidirectional,0.8947643041610718,0.0244836751371622,0.6509300470352173,0.0597257763147354,0.8765663504600525,0.0340723916888237,0.590221643447876,0.0462384149432182
ABBY,ABBY_003,2025,10,16,NEON_DP3.30026.002_bidirectional,0.9064387083053588,0.0235802922397851,0.575899600982666,0.0592226758599281,0.8972951173782349,0.0289832334965467,0.5330008268356323,0.0485205426812171
ABBY,ABBY_004,2022,10,16,NEON_DP3.30026.002_bidirectional,0.9089215993881226,0.019249215722084,0.7318309545516968,0.0665221139788627,0.8962318301200867,0.0281726643443107,0.6485454440116882,0.050160713493824
ABBY,ABBY_004,2023,10,16,NEON_DP3.30026.002_bidirectional,0.8897400498390198,0.0319334529340267,0.6965627074241638,0.0600365623831748,0.8736125230789185,0.0428997874259948,0.6220421195030212,0.045643001794815
ABBY,ABBY_004,2025,10,16,NEON_DP3.30026.002_bidirectional,0.8970093131065369,0.0226571597158908,0.6538179516792297,0.0429719649255275,0.8881692290306091,0.0335956662893295,0.5915665626525879,0.0326609574258327
ABBY,ABBY_005,2022,10,16,NEON_DP3.30026.002_bidirectional,0.9074483513832092,0.0092263100668787,0.7776495218276978,0.0384545996785163,0.8851792216300964,0.0135471066460013,0.686622679233551,0.027017718181014
ABBY,ABBY_005,2023,10,16,NEON_DP3.30026.002_bidirectional,0.9014132618904114,0.0088274860754609,0.7408239245414734,0.0354208871722221,0.8724898099899292,0.0135324709117412,0.6652566194534302,0.0260924007743597
ABBY,ABBY_005,2025,10,16,NEON_DP3.30026.002_bidirectional,0.9154807329177856,0.0071279816329479,0.6626178026199341,0.0469854995608329,0.9004296660423279,0.0121682938188314,0.6054511070251465,0.0358732305467128
ABBY,ABBY_006,2022,10,16,NEON_DP3.30026.002_bidirectional,0.9197928309440612,0.0127704162150621,0.4589803814888,0.0939865186810493,0.9420145750045776,0.0292954985052347,0.434994488954544,0.0771448761224746
ABBY,ABBY_006,2023,10,16,NEON_DP3.30026.002_bidirectional,0.9014619588851928,0.0116389766335487,0.497491717338562,0.083740547299385,0.9221222400665284,0.0241310410201549,0.462379902601242,0.0661893784999847
ABBY,ABBY_006,2025,10,16,NEON_DP3.30026.002_bidirectional,0.8961395025253296,0.0073662512004375,0.5016542077064514,0.0774051025509834,0.9204424619674684,0.020877743139863,0.4641657173633575,0.0629207491874694
ABBY,ABBY_007,2022,10,16,NEON_DP3.30026.002_bidirectional,0.7719963192939758,0.0499360933899879,0.5794426202774048,0.063475415110588,0.6945376396179199,0.0657396614551544,0.5417960286140442,0.0512755289673805
ABBY,ABBY_007,2023,10,16,NEON_DP3.30026.002_bidirectional,0.7638893723487854,0.0445038042962551,0.5619702339172363,0.0477438233792781,0.6900758147239685,0.0575479678809642,0.5249228477478027,0.0394419953227043
ABBY,ABBY_007,2025,10,16,NEON_DP3.30026.002_bidirectional,0.7701759338378906,0.0335474647581577,0.5787527561187744,0.0582771711051464,0.6819813251495361,0.0442066118121147,0.5445864796638489,0.0466004163026809
ABBY,ABBY_008,2022,10,16,NEON_DP3.30026.002_bidirectional,0.897129237651825,0.031797919422388,0.4923877716064453,0.1613898575305938,0.9071633219718932,0.0538282692432403,0.4559963047504425,0.1213682517409324
ABBY,ABBY_008,2023,10,16,NEON_DP3.30026.002_bidirectional,0.905521810054779,0.0258471556007862,0.5508121252059937,0.1586754322052002,0.9086875319480896,0.0404821820557117,0.5029439926147461,0.1178261190652847
ABBY,ABBY_008,2025,10,16,NEON_DP3.30026.002_bidirectional,0.9161447286605836,0.0366345755755901,0.3612009286880493,0.1316591799259185,0.9286391139030457,0.0658770948648452,0.3517482280731201,0.1151037216186523
ABBY,ABBY_009,2022,10,16,NEON_DP3.30026.002_bidirectional,0.9155555963516236,0.0221769232302904,0.7515048384666443,0.1247041523456573,0.9115365147590636,0.0300305020064115,0.6573097705841064,0.0924926698207855
ABBY,ABBY_009,2023,10,16,NEON_DP3.30026.002_bidirectional,0.8979001045227051,0.023451006039977,0.7171125411987305,0.0903129279613494,0.8882032632827759,0.0309519059956073,0.6349101662635803,0.0678075551986694
ABBY,ABBY_009,2025,10,16,NEON_DP3.30026.002_bidirectional,0.8969351053237915,0.0249348413199186,0.6238963007926941,0.0790742933750152,0.8928699493408203,0.0327376089990139,0.5685362219810486,0.0619830451905727
ABBY,ABBY_010,2022,10,16,NEON_DP3.30026.002_bidirectional,0.8876091837882996,0.0119761852547526,0.4964653551578522,0.0597023852169513,0.8879069685935974,0.0216817297041416,0.4645331501960754,0.0486250966787338
ABBY,ABBY_010,2023,10,16,NEON_DP3.30026.002_bidirectional,0.8898881077766418,0.0090445820242166,0.5412501692771912,0.0476193726062774,0.8798601627349854,0.0151742380112409,0.5042016506195068,0.0380637645721435
ABBY,ABBY_010,2025,10,16,NEON_DP3.30026.002_bidirectional,0.8855918645858765,0.0066817072220146,0.4657017886638641,0.0610644966363906,0.8809279799461365,0.0133659578859806,0.4442943334579468,0.0509448498487472
ABBY,ABBY_011,2022,10,16,NEON_DP3.30026.002_bidirectional,0.8931300044059753,0.038262341171503,0.7347922921180725,0.166229709982872,0.8751171231269836,0.0664262920618057,0.647443950176239,0.1291247010231018
ABBY,ABBY_011,2023,10,16,NEON_DP3.30026.002_bidirectional,0.8855227828025818,0.04074652120471,0.669177234172821,0.1626727879047393,0.8625370264053345,0.0712000802159309,0.6022566556930542,0.1300727128982544
ABBY,ABBY_011,2025,10,16,NEON_DP3.30026.002_bidirectional,0.910108208656311,0.0133153330534696,0.6592063903808594,0.0671977326273918,0.8898420333862305,0.017879519611597,0.6020511388778687,0.0498518906533718
ABBY,ABBY_012,2022,10,16,NEON_DP3.30026.002_bidirectional,0.8858155012130737,0.0661848410964012,0.7355080246925354,0.0895666405558586,0.859074592590332,0.0771723836660385,0.6546535491943359,0.071781650185585
ABBY,ABBY_012,2023,10,16,NEON_DP3.30026.002_bidirectional,0.8769901394844055,0.0687191411852836,0.7156923413276672,0.0821410790085792,0.8430582284927368,0.0812715590000152,0.6436526775360107,0.0680878236889839
ABBY,ABBY_012,2025,10,16,NEON_DP3.30026.002_bidirectional,0.880652129650116,0.0437017902731895,0.6117364764213562,0.0694469362497329,0.8514285683631897,0.0522886663675308,0.5672057271003723,0.0573274306952953
ABBY,ABBY_013,2022,10,16,NEON_DP3.30026.002_bidirectional,0.8897656202316284,0.0305873956531286,0.715333104133606,0.0423382185399532,0.8623392581939697,0.0399924106895923,0.6420666575431824,0.0326423160731792
ABBY,ABBY_013,2023,10,16,NEON_DP3.30026.002_bidirectional,0.8737878203392029,0.0353896580636501,0.6772473454475403,0.0443511456251144,0.8345994353294373,0.0467962697148323,0.6177941560745239,0.0351911559700965
ABBY,ABBY_013,2025,10,16,NEON_DP3.30026.002_bidirectional,0.8908523321151733,0.0236996002495288,0.6092564463615417,0.0437955372035503,0.8665905594825745,0.0343335010111331,0.5636351108551025,0.0344097986817359
ABBY,ABBY_014,2022,10,16,NEON_DP3.30026.002_bidirectional,0.9128457903862,0.0147433904930949,0.5062723159790039,0.0824810788035392,0.9288002848625184,0.0268420465290546,0.4715632200241089,0.0636988431215286
ABBY,ABBY_014,2023,10,16,NEON_DP3.30026.002_bidirectional,0.9046615958213806,0.0153666893020272,0.5223157405853271,0.0864245519042015,0.9143157601356506,0.0233491081744432,0.4824113547801971,0.0651929378509521
ABBY,ABBY_014,2025,10,16,NEON_DP3.30026.002_bidirectional,0.8429933190345764,0.0190510116517543,0.412812203168869,0.0982916206121444,0.8383930325508118,0.0393464602530002,0.3960009813308716,0.0827014744281768
ABBY,ABBY_015,2022,10,16,NEON_DP3.30026.002_bidirectional,0.8633161783218384,0.0497550554573535,0.6292323470115662,0.0623496137559413,0.8448165059089661,0.0601936765015125,0.5690619349479675,0.0513810962438583
ABBY,ABBY_015,2023,10,16,NEON_DP3.30026.002_bidirectional,0.8396985530853271,0.0527098253369331,0.6168402433395386,0.0634950920939445,0.8160133957862854,0.0654257610440254,0.5562196373939514,0.0529912784695625
ABBY,ABBY_015,2025,10,16,NEON_DP3.30026.002_bidirectional,0.8786541223526001,0.0307450015097856,0.6357882618904114,0.0449118837714195,0.8725686073303223,0.0384029634296894,0.5705569982528687,0.0361844524741172
ABBY,ABBY_016,2022,10,16,NEON_DP3.30026.002_bidirectional,0.9035822749137878,0.0137155754491686,0.5028156638145447,0.0667045786976814,0.9052636623382568,0.0241813641041517,0.4713765978813171,0.054389864206314
ABBY,ABBY_016,2023,10,16,NEON_DP3.30026.002_bidirectional,0.9003779292106628,0.0116270305588841,0.5429731011390686,0.0687863752245903,0.8986949920654297,0.0195888206362724,0.5027961134910583,0.0535181872546672
ABBY,ABBY_016,2025,10,16,NEON_DP3.30026.002_bidirectional,0.8972349166870117,0.0093046519905328,0.4325907230377197,0.0966701284050941,0.8978787064552307,0.0185739919543266,0.415969043970108,0.0773140788078308
ABBY,ABBY_017,2022,10,4,NEON_DP3.30026.002_bidirectional,0.9118548035621644,0.0036051359493285,0.6368420124053955,0.0539511479437351,0.9114870429039,0.0053839818574488,0.5778325796127319,0.0408878810703754
ABBY,ABBY_017,2023,10,4,NEON_DP3.30026.002_bidirectional,0.9112871885299684,0.0052165207453072,0.6376360654830933,0.0524271391332149,0.9056646227836608,0.008585893549025,0.5811975002288818,0.0397920310497283
ABBY,ABBY_017,2025,10,4,NEON_DP3.30026.002_bidirectional,0.9078816175460817,0.006945960689336,0.5609412789344788,0.0790003538131713,0.9134543538093568,0.0170935355126857,0.5157763361930847,0.0629680529236793
ABBY,ABBY_018,2022,10,16,NEON_DP3.30026.002_bidirectional,0.8457018733024597,0.0837225690484047,0.6524274945259094,0.0973076298832893,0.8140313029289246,0.099680371582508,0.5879471898078918,0.0814298018813133
ABBY,ABBY_018,2023,10,16,NEON_DP3.30026.002_bidirectional,0.8455588817596436,0.0769652873277664,0.6293688416481018,0.0767737701535224,0.8090729713439941,0.0929606258869171,0.5750566124916077,0.0659864246845245
ABBY,ABBY_018,2025,10,16,NEON_DP3.30026.002_bidirectional,0.8866252303123474,0.026657085865736,0.5850866436958313,0.0488589033484458,0.8635717034339905,0.035965833812952,0.545113742351532,0.0400836057960987
ABBY,ABBY_019,2022,10,16,NEON_DP3.30026.002_bidirectional,0.9257494807243348,0.0226137302815914,0.701958954334259,0.0913691669702529,0.9253129959106444,0.0331348627805709,0.6203113198280334,0.0669698119163513
ABBY,ABBY_019,2023,10,16,NEON_DP3.30026.002_bidirectional,0.9069414138793944,0.022579712793231,0.5787408351898193,0.1546835452318191,0.9073348641395568,0.0368703082203865,0.527248740196228,0.122618943452835
ABBY,ABBY_019,2025,10,16,NEON_DP3.30026.002_bidirectional,0.898309051990509,0.0189948994666337,0.4755107760429382,0.0730800852179527,0.8969666957855225,0.0342352166771888,0.4526697993278503,0.0606228113174438
ABBY,ABBY_023,2022,10,16,NEON_DP3.30026.002_bidirectional,0.9109690189361572,0.0102086989209055,0.651611328125,0.1089911460876464,0.9076619744300842,0.0225613489747047,0.5866358876228333,0.0864621177315712
ABBY,ABBY_023,2023,10,16,NEON_DP3.30026.002_bidirectional,0.9066141247749328,0.0070522059686481,0.6683042645454407,0.0708956345915794,0.8924121260643005,0.0127298226580023,0.6054348945617676,0.0550816282629966
ABBY,ABBY_023,2025,10,16,NEON_DP3.30026.002_bidirectional,0.9099925756454468,0.0099461320787668,0.5627197027206421,0.0591865517199039,0.9050277471542358,0.0172234401106834,0.5239399671554565,0.0459071509540081
ABBY,ABBY_025,2022,10,16,NEON_DP3.30026.002_bidirectional,0.9317671060562134,0.0295257419347763,0.5130159854888916,0.1795924454927444,0.946683704853058,0.0531927458941936,0.4749850630760193,0.1413337290287017
ABBY,ABBY_025,2023,10,16,NEON_DP3.30026.002_bidirectional,0.9154816269874572,0.0218358654528856,0.5557208061218262,0.1433247923851013,0.9161268472671508,0.0388869307935237,0.5091263055801392,0.1137351244688034
ABBY,ABBY_025,2025,10,16,NEON_DP3.30026.002_bidirectional,0.8899031281471252,0.0197502616792917,0.4678448140621185,0.114160843193531,0.8937134146690369,0.0415876694023609,0.4448091983795166,0.0937170088291168
ABBY,ABBY_061,2022,10,12,NEON_DP3.30026.002_bidirectional,0.9281373023986816,0.0043475478887557,0.6547612547874451,0.0306348074227571,0.9266654849052428,0.0072923013940453,0.5934141278266907,0.0226466096937656
ABBY,ABBY_061,2023,10,12,NEON_DP3.30026.002_bidirectional,0.9244101047515868,0.0045612286776304,0.6348066926002502,0.0299913547933101,0.9204140305519104,0.0066340845078229,0.5788143277168274,0.02256416156888
ABBY,ABBY_061,2025,10,12,NEON_DP3.30026.002_bidirectional,0.9092419147491456,0.0039183809421956,0.5407992005348206,0.044989813119173,0.906111776828766,0.0085592195391654,0.5075339674949646,0.0367540791630744
ABBY,ABBY_062,2022,10,12,NEON_DP3.30026.002_bidirectional,0.9380356669425964,0.0098335575312376,0.5963696837425232,0.1166106015443801,0.9408714771270752,0.0195409599691629,0.5487982630729675,0.0920600295066833
ABBY,ABBY_062,2023,10,12,NEON_DP3.30026.002_bidirectional,0.9309799671173096,0.0118526071310043,0.6251623630523682,0.1141786724328994,0.934864580631256,0.0229186192154884,0.5679275393486023,0.091951847076416
ABBY,ABBY_062,2025,10,12,NEON_DP3.30026.002_bidirectional,0.917466938495636,0.0042435904033482,0.5587446093559265,0.0635701045393943,0.9199116230010986,0.0078788651153445,0.5171927809715271,0.0489066801965236
ABBY,ABBY_063,2022,10,16,NEON_DP3.30026.002_bidirectional,0.9162805080413818,0.0190252065658569,0.6647005081176758,0.1097180992364883,0.9017094969749452,0.0313702374696731,0.600947380065918,0.0850788578391075
ABBY,ABBY_063,2023,10,16,NEON_DP3.30026.002_bidirectional,0.8707594275474548,0.04870131239295,0.6135585904121399,0.0646654516458511,0.838425874710083,0.0772230625152587,0.5655435919761658,0.0516558848321437
ABBY,ABBY_063,2025,10,16,NEON_DP3.30026.002_bidirectional,0.9212605357170104,0.0104393362998962,0.5810632705688477,0.1182295382022857,0.9202969670295716,0.0217301845550537,0.5341362953186035,0.090098850429058
ABBY,ABBY_064,2022,10,16,NEON_DP3.30026.002_bidirectional,0.9291821122169496,0.0161858331412076,0.6469284296035767,0.0867157280445098,0.9237197637557985,0.0258727166801691,0.5870314836502075,0.0680172070860862
ABBY,ABBY_064,2023,10,16,NEON_DP3.30026.002_bidirectional,0.923499882221222,0.0145759936422109,0.5983104109764099,0.1237071231007576,0.9223159551620485,0.028847461566329,0.5495944023132324,0.0988886803388595
ABBY,ABBY_064,2025,10,16,NEON_DP3.30026.002_bidirectional,0.9102063179016112,0.0148119032382965,0.5284706950187683,0.0862550809979438,0.9062442183494568,0.0242332741618156,0.4956615269184112,0.0699542164802551
ABBY,ABBY_065,2022,10,16,NEON_DP3.30026.002_bidirectional,0.918468415737152,0.0347208231687545,0.5274946689605713,0.1556747555732727,0.9201449751853944,0.0602088831365108,0.4925163984298706,0.1253102272748947
ABBY,ABBY_065,2023,10,16,NEON_DP3.30026.002_bidirectional,0.9108530879020692,0.0350311808288097,0.5361470580101013,0.1333595961332321,0.9004393219947815,0.0549194328486919,0.5027937889099121,0.1083443239331245
ABBY,ABBY_065,2025,10,16,NEON_DP3.30026.002_bidirectional,0.8990307450294495,0.0313150398433208,0.4838528931140899,0.0348479636013507,0.884194552898407,0.0460328720510005,0.466534286737442,0.0287851579487323
ABBY,ABBY_066,2022,10,12,NEON_DP3.30026.002_bidirectional,0.8804729580879211,0.0256630275398492,0.5873205065727234,0.0506319850683212,0.8549590706825256,0.0365277230739593,0.5453733205795288,0.0383064560592174
ABBY,ABBY_066,2023,10,12,NEON_DP3.30026.002_bidirectional,0.8647827506065369,0.0260992962867021,0.5859730243682861,0.0523246265947818,0.8314428925514221,0.0388685874640941,0.5451012253761292,0.0406613908708095
ABBY,ABBY_066,2025,10,12,NEON_DP3.30026.002_bidirectional,0.878803551197052,0.0240359939634799,0.4957901537418365,0.0659760907292366,0.8569319248199463,0.0390154048800468,0.472591370344162,0.0549321323633194
ABBY,ABBY_067,2022,10,12,NEON_DP3.30026.002_bidirectional,0.936643123626709,0.0256024785339832,0.5258901715278625,0.1692212224006652,0.9515560269355774,0.0514064542949199,0.4892125129699707,0.1378731876611709
ABBY,ABBY_067,2023,10,12,NEON_DP3.30026.002_bidirectional,0.9346434473991394,0.0219826456159353,0.5151310563087463,0.1583927273750305,0.9417526721954346,0.0414404608309268,0.480382889509201,0.1317625343799591
ABBY,ABBY_067,2025,10,12,NEON_DP3.30026.002_bidirectional,0.9077057242393494,0.0139401834458112,0.5502046346664429,0.0444437302649021,0.8986963629722595,0.0173910446465015,0.5186652541160583,0.0352669991552829
ABBY,ABBY_068,2022,10,16,NEON_DP3.30026.002_bidirectional,0.9130144715309144,0.0256327781826257,0.5824751853942871,0.1238522231578826,0.9054054021835328,0.0365913808345794,0.5388836860656738,0.0958127528429031
ABBY,ABBY_068,2023,10,16,NEON_DP3.30026.002_bidirectional,0.9085808992385864,0.022883852943778,0.6093156933784485,0.0980440080165863,0.8996670842170715,0.033044122159481,0.5604019165039062,0.0784718915820121
ABBY,ABBY_068,2025,10,16,NEON_DP3.30026.002_bidirectional,0.9008938074111938,0.0206467937678098,0.4767444431781769,0.066534623503685,0.8953549861907959,0.0307744592428207,0.4575097858905792,0.055104199796915
ABBY,ABBY_069,2022,10,16,NEON_DP3.30026.002_bidirectional,0.9259728789329528,0.0071024443022906,0.6283113360404968,0.0563476458191871,0.9182064533233644,0.0136990807950496,0.5765466690063477,0.0441235192120075
ABBY,ABBY_069,2023,10,16,NEON_DP3.30026.002_bidirectional,0.9196012616157532,0.0085084661841392,0.6261972188949585,0.0499838255345821,0.9116693139076232,0.0162821505218744,0.5743288993835449,0.0385274998843669
ABBY,ABBY_069,2025,10,16,NEON_DP3.30026.002_bidirectional,0.8968923091888428,0.0100302370265126,0.5058876276016235,0.0428371094167232,0.8859783411026001,0.0183570738881826,0.481467068195343,0.0344895087182521
ABBY,ABBY_070,2022,10,16,NEON_DP3.30026.002_bidirectional,0.9295861124992372,0.0062400535680353,0.6187772154808044,0.0568010285496711,0.932348906993866,0.0111879780888557,0.5667300224304199,0.0423463508486747
ABBY,ABBY_070,2023,10,16,NEON_DP3.30026.002_bidirectional,0.9253482222557068,0.0084980987012386,0.6088924407958984,0.0526831783354282,0.9261178374290466,0.0132562210783362,0.5580341219902039,0.0398370698094368
ABBY,ABBY_070,2025,10,16,NEON_DP3.30026.002_bidirectional,0.9107112288475036,0.0048655462451279,0.5324764847755432,0.050278440117836,0.9115663766860962,0.0081500243395566,0.4998476505279541,0.0411298274993896
ABBY,ABBY_073,2022,10,16,NEON_DP3.30026.002_bidirectional,0.9324559569358826,0.02134913764894,0.6080329418182373,0.1358391791582107,0.9293131828308104,0.0338679477572441,0.5585686564445496,0.1056566312909126
ABBY,ABBY_073,2023,10,16,NEON_DP3.30026.002_bidirectional,0.928903877735138,0.0170645788311958,0.5722264647483826,0.1053684502840042,0.9298403859138488,0.0269234254956245,0.530615508556366,0.0850314795970916
ABBY,ABBY_073,2025,10,16,NEON_DP3.30026.002_bidirectional,0.911840558052063,0.0189520586282014,0.5407195687294006,0.0886143594980239,0.9133262038230896,0.0312308296561241,0.5044481754302979,0.0704464167356491
ABBY,ABBY_074,2022,10,16,NEON_DP3.30026.002_bidirectional,0.9258649349212646,0.0128211490809917,0.6379885673522949,0.0513652972877025,0.9178031086921692,0.0184094738215208,0.5851638317108154,0.0386781059205532
ABBY,ABBY_074,2023,10,16,NEON_DP3.30026.002_bidirectional,0.9234291911125184,0.0098376013338565,0.6302201151847839,0.0513903833925724,0.9187000393867492,0.0157729852944612,0.5774973630905151,0.0406585745513439
ABBY,ABBY_074,2025,10,16,NEON_DP3.30026.002_bidirectional,0.9138471484184264,0.0099031487479805,0.5276789665222168,0.0605439692735672,0.9169742465019226,0.0175826791673898,0.495242565870285,0.0495852194726467
ABBY,ABBY_075,2022,10,16,NEON_DP3.30026.002_bidirectional,0.9181763529777528,0.0108708627521991,0.5804964900016785,0.0766853764653205,0.905837893486023,0.0174748264253139,0.5428406596183777,0.0611777491867542
ABBY,ABBY_075,2023,10,16,NEON_DP3.30026.002_bidirectional,0.9220743775367736,0.0122318137437105,0.5886918306350708,0.0811234191060066,0.9157678484916688,0.0194433573633432,0.5467157959938049,0.0660149008035659
ABBY,ABBY_075,2025,10,16,NEON_DP3.30026.002_bidirectional,0.907036066055298,0.0122735705226659,0.5751928687095642,0.1067308112978935,0.9061995148658752,0.0251631811261177,0.5296390056610107,0.0820892676711082
ABBY,ABBY_076,2022,10,16,NEON_DP3.30026.002_bidirectional,0.9207255840301514,0.0071003413759171,0.6723452210426331,0.0454489812254905,0.9084367752075196,0.0118006933480501,0.6101651191711426,0.0343473739922046
ABBY,ABBY_076,2023,10,16,NEON_DP3.30026.002_bidirectional,0.9141647219657898,0.0078450785949826,0.6690084934234619,0.0354898422956466,0.9037740230560304,0.0137050487101078,0.6056278944015503,0.0270813629031181
ABBY,ABBY_076,2025,10,16,NEON_DP3.30026.002_bidirectional,0.9124130606651306,0.0118936793878674,0.5174520015716553,0.0437339469790458,0.90865159034729,0.0181473735719919,0.4879205226898193,0.0359939485788345
ABBY,ABBY_077,2022,10,16,NEON_DP3.30026.002_bidirectional,0.9295390248298644,0.0060186851769685,0.7236925363540649,0.0368253849446773,0.9214329123497008,0.0100841205567121,0.6501175761222839,0.0265666414052248
ABBY,ABBY_077,2023,10,16,NEON_DP3.30026.002_bidirectional,0.9230875968933104,0.0048893028870224,0.7145295143127441,0.0300251301378011,0.9120847582817078,0.0071821012534201,0.6437302827835083,0.0230883788317441
ABBY,ABBY_077,2025,10,16,NEON_DP3.30026.002_bidirectional,0.9284057021141052,0.011351260356605,0.5658974051475525,0.1325276345014572,0.9341768622398376,0.0215848255902528,0.5227846503257751,0.1070790514349937
BART,BART_001,2022,10,16,NEON_DP3.30026.002_bidirectional,0.876636266708374,0.0256543401628732,0.5697965025901794,0.0721835494041442,0.8608048558235168,0.0485394299030303,0.5291010141372681,0.0587669424712657
BART,BART_001,2024,10,16,NEON_DP3.30026.002_bidirectional,0.8873701691627502,0.0285001080483198,0.5403780937194824,0.0727404281497001,0.8910416960716248,0.0561056099832057,0.5031343698501587,0.0589370392262935
BART,BART_001,2025,10,16,NEON_DP3.30026.002_bidirectional,0.8912463784217834,0.0203812681138515,0.555778443813324,0.0686347782611846,0.902027666568756,0.0406694449484348,0.5120996832847595,0.0547798871994018
BART,BART_002,2022,10,16,NEON_DP3.30026.002_bidirectional,0.9018594026565552,0.0062804836779832,0.8020613789558411,0.0423560105264186,0.8780800700187683,0.0101539883762598,0.7021180391311646,0.0293013807386159
BART,BART_002,2024,10,16,NEON_DP3.30026.002_bidirectional,0.8967506885528564,0.0199418067932128,0.6788754463195801,0.0858315899968147,0.88029545545578,0.0363695695996284,0.6125150918960571,0.0638846904039383
BART,BART_002,2025,10,16,NEON_DP3.30026.002_bidirectional,0.9119916558265686,0.0066288411617279,0.7272761464118958,0.0577576458454132,0.9045291543006896,0.0124460412189364,0.6453878879547119,0.0411820709705352
BART,BART_003,2022,10,16,NEON_DP3.30026.002_bidirectional,0.910173237323761,0.0139052774757146,0.7105782628059387,0.0398675911128521,0.904387354850769,0.0159670263528823,0.6335239410400391,0.0305077396333217
BART,BART_003,2024,10,16,NEON_DP3.30026.002_bidirectional,0.9075807929039,0.0134505610913038,0.662568986415863,0.0370876230299472,0.9108607769012452,0.0165210384875535,0.5955634713172913,0.0282118208706378
BART,BART_003,2025,10,16,NEON_DP3.30026.002_bidirectional,0.9031348824501038,0.0143330711871385,0.6415184736251831,0.0345816388726234,0.9072224497795104,0.0152799971401691,0.578916072845459,0.0272195618599653
BART,BART_004,2022,10,16,NEON_DP3.30026.002_bidirectional,0.8883735537528992,0.0119769899174571,0.6234066486358643,0.0840493217110633,0.8757913708686829,0.0125150326639413,0.5675920844078064,0.066891111433506
BART,BART_004,2024,10,16,NEON_DP3.30026.002_bidirectional,0.8916131258010864,0.0124854817986488,0.6160510182380676,0.090518333017826,0.9082139134407043,0.0172316897660493,0.5520362257957458,0.0720631256699562
BART,BART_004,2025,10,16,NEON_DP3.30026.002_bidirectional,0.8979330658912659,0.0102456295862793,0.6391382217407227,0.0639852136373519,0.9041765332221984,0.0154153713956475,0.5736708641052246,0.050243716686964
BART,BART_005,2022,10,16,NEON_DP3.30026.002_bidirectional,0.9303812384605408,0.0092254038900136,0.2668975293636322,0.0333281531929969,0.886608362197876,0.0153454523533582,0.2883424460887909,0.0323873199522495
BART,BART_005,2024,10,16,NEON_DP3.30026.002_bidirectional,0.8877955079078674,0.0140249067917466,0.5092774033546448,0.1007001847028732,0.9010395407676696,0.0262618474662303,0.4753465056419372,0.0813766419887542
BART,BART_005,2025,10,16,NEON_DP3.30026.002_bidirectional,0.8988210558891296,0.0130084659904241,0.5385537147521973,0.0879266113042831,0.910427987575531,0.0249997451901435,0.4998925626277923,0.0699163675308227
BART,BART_006,2022,10,16,NEON_DP3.30026.002_bidirectional,0.9093313217163086,0.0072973715141415,0.7425084114074707,0.0723083466291427,0.8905777931213379,0.0111031932756304,0.6610718965530396,0.0503999851644039
BART,BART_006,2024,10,16,NEON_DP3.30026.002_bidirectional,0.9210830926895142,0.0077073597349226,0.706109881401062,0.0801681131124496,0.9158779978752136,0.0143847167491912,0.6321012377738953,0.0573306120932102
BART,BART_006,2025,10,16,NEON_DP3.30026.002_bidirectional,0.9038190245628356,0.0097538763657212,0.6898490786552429,0.0859876200556755,0.9107136726379396,0.0196659136563539,0.6089215278625488,0.0626526921987533
BART,BART_007,2022,10,16,NEON_DP3.30026.002_bidirectional,0.8535057902336121,0.0187394805252552,0.5197086930274963,0.0684580951929092,0.8239248991012573,0.0283477641642093,0.4925292134284973,0.0545508041977882
BART,BART_007,2024,10,16,NEON_DP3.30026.002_bidirectional,0.8830072283744812,0.0182284899055957,0.5321469306945801,0.0768316090106964,0.8901828527450562,0.0295457784086465,0.4940856099128723,0.0591058768332004
BART,BART_007,2025,10,16,NEON_DP3.30026.002_bidirectional,0.8807724118232727,0.019425680860877,0.5471556186676025,0.0737180039286613,0.8912819623947144,0.0286115575581789,0.5035720467567444,0.0565626285970211
BART,BART_010,2022,10,16,NEON_DP3.30026.002_bidirectional,0.9171823263168336,0.0036863251589238,0.7935692071914673,0.0402278825640678,0.9029294848442078,0.0068914261646568,0.6973679065704346,0.0280080754309892
BART,BART_010,2024,10,16,NEON_DP3.30026.002_bidirectional,0.9231734275817872,0.0061123529449105,0.7338941097259521,0.0567441843450069,0.9246947765350342,0.0130963250994682,0.6494535803794861,0.0407518148422241
BART,BART_010,2025,10,16,NEON_DP3.30026.002_bidirectional,0.9239232540130616,0.0055374875664711,0.7362496852874756,0.0534329712390899,0.9235824942588806,0.0111639164388179,0.6531950831413269,0.0374904684722423
BART,BART_011,2022,10,8,NEON_DP3.30026.002_bidirectional,0.8742300868034363,0.008797412738204,0.4929547011852264,0.094357319176197,0.8682255744934082,0.0159926954656839,0.4655594229698181,0.075960487127304
BART,BART_011,2024,10,8,NEON_DP3.30026.002_bidirectional,0.8993209600448608,0.0089958002790808,0.5175378918647766,0.1149570196866989,0.923885464668274,0.0363233014941215,0.4798882305622101,0.0916240960359573
BART,BART_011,2025,10,8,NEON_DP3.30026.002_bidirectional,0.8990561962127686,0.0091396374627947,0.5465248823165894,0.0992312580347061,0.924154818058014,0.0302502997219562,0.5008733868598938,0.077216625213623
BART,BART_012,2022,10,16,NEON_DP3.30026.002_bidirectional,0.9114217758178712,0.0050427857786417,0.6456344127655029,0.0396283157169818,0.9009573459625244,0.0074848588556051,0.5920134782791138,0.029678601771593
BART,BART_012,2024,10,16,NEON_DP3.30026.002_bidirectional,0.9183807969093324,0.0060105109587311,0.6693286299705505,0.0680921971797943,0.9078935384750366,0.0122340274974703,0.6087538599967957,0.0516043007373809
BART,BART_012,2025,10,16,NEON_DP3.30026.002_bidirectional,0.9109477996826172,0.0075365528464317,0.6944361329078674,0.0696585997939109,0.9026418328285216,0.0117644388228654,0.6237165927886963,0.0501194633543491
BART,BART_013,2022,10,16,NEON_DP3.30026.002_bidirectional,0.9114797711372375,0.0116616515442729,0.5884496569633484,0.1580574214458465,0.8929121494293213,0.0118149630725383,0.5445088744163513,0.1147739887237548
BART,BART_013,2024,10,16,NEON_DP3.30026.002_bidirectional,0.8986775279045105,0.011804049834609,0.6166207790374756,0.06985954195261,0.8817822933197021,0.0225498341023921,0.5705360770225525,0.0535561107099056
BART,BART_013,2025,10,16,NEON_DP3.30026.002_bidirectional,0.8939642906188965,0.0109585588797926,0.6392790675163269,0.0542726777493953,0.8830475807189941,0.0176300462335348,0.5821701884269714,0.040285624563694
BART,BART_015,2022,10,16,NEON_DP3.30026.002_bidirectional,0.8847150802612305,0.0108828041702508,0.6967809200286865,0.062115654349327,0.8596559762954712,0.0146176517009735,0.6265513896942139,0.0456500016152858
BART,BART_015,2024,10,16,NEON_DP3.30026.002_bidirectional,0.8934943079948425,0.0129553582519292,0.6266132593154907,0.0784761905670166,0.889315664768219,0.0216986499726772,0.5686818957328796,0.0593675039708614
BART,BART_015,2025,10,16,NEON_DP3.30026.002_bidirectional,0.8978155851364136,0.0097831413149833,0.665386974811554,0.0623848438262939,0.8911721110343933,0.0149296494200825,0.5985524654388428,0.0463971756398677
BART,BART_016,2022,10,16,NEON_DP3.30026.002_bidirectional,0.8762181997299194,0.014863321557641,0.5530514121055603,0.0789589434862136,0.8571169972419739,0.0236071143299341,0.517564058303833,0.0640100017189979
BART,BART_016,2024,10,16,NEON_DP3.30026.002_bidirectional,0.8817516565322876,0.0176219884306192,0.5503196120262146,0.0900398045778274,0.8871193528175354,0.027319798246026,0.507975697517395,0.072062611579895
BART,BART_016,2025,10,16,NEON_DP3.30026.002_bidirectional,0.8915760517120361,0.018938960507512,0.5729173421859741,0.0858969911932945,0.8995815515518188,0.027259923517704,0.5249918103218079,0.0675176009535789
BART,BART_018,2022,10,16,NEON_DP3.30026.002_bidirectional,0.9012974500656128,0.0336993969976902,0.1982586681842804,0.0330464206635952,0.9007241725921632,0.023075483739376,0.2163387686014175,0.0345599539577961
BART,BART_018,2024,10,16,NEON_DP3.30026.002_bidirectional,0.8938336968421936,0.008914534933865,0.5605215430259705,0.0584654174745082,0.8894850611686707,0.014215893112123,0.5213890671730042,0.0461871363222599
BART,BART_018,2025,10,16,NEON_DP3.30026.002_bidirectional,0.8990298509597778,0.0101417042315006,0.605168342590332,0.0618073269724845,0.8986737132072449,0.0163828078657388,0.5536234974861145,0.048507310450077
BART,BART_019,2022,10,16,NEON_DP3.30026.002_bidirectional,0.8678286671638489,0.0231091454625129,0.4862608909606933,0.122925117611885,0.8311895728111267,0.0228436533361673,0.4655305445194244,0.0992733538150787
BART,BART_019,2024,10,16,NEON_DP3.30026.002_bidirectional,0.8729725480079651,0.0128523921594023,0.5282188653945923,0.073521614074707,0.8724664449691772,0.0243570953607559,0.491672545671463,0.05853958055377
BART,BART_019,2025,10,16,NEON_DP3.30026.002_bidirectional,0.8812923431396484,0.0131699340417981,0.5463640689849854,0.0607876703143119,0.879233181476593,0.0188126396387815,0.5074607729911804,0.0483011938631534
BART,BART_023,2022,10,16,NEON_DP3.30026.002_bidirectional,0.8630171418190002,0.0196269210427999,0.5729103684425354,0.0806116834282875,0.8489134311676025,0.0244020521640777,0.5246374011039734,0.0629323944449424
BART,BART_023,2024,10,16,NEON_DP3.30026.002_bidirectional,0.881829559803009,0.0154170291498303,0.5555278658866882,0.0734685733914375,0.886699378490448,0.0225332714617252,0.510692298412323,0.0589685440063476
BART,BART_023,2025,10,16,NEON_DP3.30026.002_bidirectional,0.8830083012580872,0.0170668251812458,0.5645487904548645,0.0833399295806884,0.8959124088287354,0.0253870729357004,0.5127308964729309,0.0643970817327499
BART,BART_024,2022,10,16,NEON_DP3.30026.002_bidirectional,0.8250002264976501,0.0163862239569425,0.4786876142024994,0.0616109184920787,0.800853431224823,0.0213401746004819,0.4519164264202118,0.0500894635915756
BART,BART_024,2024,10,16,NEON_DP3.30026.002_bidirectional,0.8604229688644409,0.0117305489256978,0.4709237515926361,0.0737220719456672,0.8809605836868286,0.0280466061085462,0.4403495490550995,0.0604854747653007
BART,BART_024,2025,10,16,NEON_DP3.30026.002_bidirectional,0.8649762868881226,0.0139011275023221,0.481984943151474,0.0690335929393768,0.8910040259361267,0.0260459780693054,0.4467638432979584,0.0548547022044658
BART,BART_025,2022,10,16,NEON_DP3.30026.002_bidirectional,0.8502105474472046,0.0226273480802774,0.4611867368221283,0.0467630587518215,0.8169140815734863,0.0304486937820911,0.4461724460124969,0.0386447757482528
BART,BART_025,2024,10,16,NEON_DP3.30026.002_bidirectional,0.887043833732605,0.0135505497455596,0.4783048629760742,0.033529657870531,0.8836925625801086,0.020404078066349,0.4574772715568542,0.028085708618164
BART,BART_025,2025,10,16,NEON_DP3.30026.002_bidirectional,0.8546042442321777,0.0170473251491785,0.4757364094257355,0.0799435153603553,0.8688716888427734,0.0268971379846334,0.4441568851470947,0.0643204748630523
BART,BART_026,2022,10,16,NEON_DP3.30026.002_bidirectional,0.8454703092575073,0.0168450344353914,0.4877330958843231,0.078811801970005,0.8021877408027649,0.0233632698655128,0.4670872688293457,0.0642782822251319
BART,BART_026,2024,10,16,NEON_DP3.30026.002_bidirectional,0.8732175827026367,0.0123928105458617,0.4601428806781769,0.0827987194061279,0.8928731083869934,0.0268054641783237,0.433232843875885,0.0680386796593666
BART,BART_026,2025,10,16,NEON_DP3.30026.002_bidirectional,0.8564187288284302,0.0132907750084996,0.4651329517364502,0.0551879703998565,0.8690463900566101,0.0233138613402843,0.4369121789932251,0.0445099733769893
BART,BART_027,2022,10,16,NEON_DP3.30026.002_bidirectional,0.8517245054244995,0.0134788332507014,0.5481995344161987,0.0607519000768661,0.8315188884735107,0.0181098468601703,0.5081844925880432,0.0463128946721553
BART,BART_027,2024,10,16,NEON_DP3.30026.002_bidirectional,0.8799204230308533,0.0078107151202857,0.5441117882728577,0.0622843280434608,0.887391984462738,0.0146449981257319,0.5013902187347412,0.0471603348851203
BART,BART_027,2025,10,16,NEON_DP3.30026.002_bidirectional,0.8750515580177307,0.0120407920330762,0.5457766056060791,0.0569982379674911,0.8848109245300293,0.0193857755511999,0.5008740425109863,0.0439037457108497
BART,BART_028,2022,10,16,NEON_DP3.30026.002_bidirectional,0.8571522235870361,0.0149397794157266,0.5635896921157837,0.1036958843469619,0.8608695864677429,0.0203449726104736,0.5109496116638184,0.0830356404185295
BART,BART_028,2024,10,16,NEON_DP3.30026.002_bidirectional,0.8809201121330261,0.0110708652064204,0.5611822009086609,0.1168713495135307,0.9273613691329956,0.0475444644689559,0.5016133785247803,0.0928271561861038
BART,BART_028,2025,10,16,NEON_DP3.30026.002_bidirectional,0.8721933364868164,0.0127157662063837,0.539916455745697,0.1068479865789413,0.9285677075386048,0.0563546605408191,0.4830288887023926,0.0840988233685493
BART,BART_032,2022,10,16,NEON_DP3.30026.002_bidirectional,0.8792185187339783,0.0131157012656331,0.6259191632270813,0.0766348764300346,0.8497743010520935,0.0196656472980976,0.577674388885498,0.058919508010149
BART,BART_032,2024,10,16,NEON_DP3.30026.002_bidirectional,0.8734341859817505,0.0135556291788816,0.5802217125892639,0.0845115855336189,0.8577956557273865,0.0288285817950963,0.5373426675796509,0.0673905611038208
BART,BART_032,2025,10,16,NEON_DP3.30026.002_bidirectional,0.8901461958885193,0.0122671332210302,0.6162207722663879,0.0629125535488128,0.8824414014816284,0.0269577130675315,0.563018262386322,0.0494609251618385
BART,BART_033,2022,10,16,NEON_DP3.30026.002_bidirectional,0.942733883857727,0.0061256419867277,0.3226213753223419,0.0160262994468212,0.9028515219688416,0.0087836198508739,0.3435493409633636,0.0152322808280587
BART,BART_033,2024,10,16,NEON_DP3.30026.002_bidirectional,0.895135223865509,0.0107266968116164,0.6703927516937256,0.0458044745028018,0.8760903477668762,0.019372384995222,0.6096323728561401,0.03465111926198
BART,BART_033,2025,10,16,NEON_DP3.30026.002_bidirectional,0.898470938205719,0.0084478622302412,0.6837223768234253,0.0399696230888366,0.885787844657898,0.0143188433721661,0.6163660883903503,0.0294425711035728
BART,BART_034,2022,10,16,NEON_DP3.30026.002_bidirectional,0.8851714730262756,0.009098757058382,0.5670610666275024,0.1248923018574714,0.8646185398101807,0.0178847499191761,0.5293928980827332,0.1003090217709541
BART,BART_034,2024,10,16,NEON_DP3.30026.002_bidirectional,0.8899945020675659,0.0095364516600966,0.5710840821266174,0.1081347465515136,0.8873474597930908,0.0239686742424964,0.5273607969284058,0.0868707448244094
BART,BART_034,2025,10,16,NEON_DP3.30026.002_bidirectional,0.8974195122718811,0.0137509731575846,0.5927911400794983,0.0853388756513595,0.893409013748169,0.0239200126379728,0.5455623865127563,0.0678316280245781
BART,BART_036,2022,10,16,NEON_DP3.30026.002_bidirectional,0.8750225305557251,0.0089263916015625,0.6138880252838135,0.0774748399853706,0.8437170386314392,0.0137191992253065,0.5683144330978394,0.0625279322266578
BART,BART_036,2024,10,16,NEON_DP3.30026.002_bidirectional,0.8823390007019043,0.0082566300407052,0.5945935845375061,0.0980297699570655,0.8744076490402222,0.024263022467494,0.5453032851219177,0.0792659372091293
BART,BART_036,2025,10,16,NEON_DP3.30026.002_bidirectional,0.8949955701828003,0.0072622187435626,0.606400191783905,0.0726864114403724,0.8887477517127991,0.0174437258392572,0.5561746954917908,0.0582023188471794
BART,BART_037,2022,10,16,NEON_DP3.30026.002_bidirectional,0.9305250644683838,0.0131611451506614,0.3172053098678589,0.0183972064405679,0.8835042715072632,0.0208194348961114,0.3382643163204193,0.0177863035351037
BART,BART_037,2024,10,16,NEON_DP3.30026.002_bidirectional,0.8793790936470032,0.0214796923100948,0.6669654846191406,0.0569849349558353,0.8532906770706177,0.0394460745155811,0.6064845323562622,0.0445354916155338
BART,BART_037,2025,10,16,NEON_DP3.30026.002_bidirectional,0.8869907855987549,0.018240887671709,0.6842437386512756,0.0432659052312374,0.8684513568878174,0.0310471709817647,0.6160992383956909,0.0328371971845626
BART,BART_039,2022,10,16,NEON_DP3.30026.002_bidirectional,0.8929849863052368,0.0134468860924243,0.6486401557922363,0.0627598986029625,0.872652530670166,0.0157581847161054,0.5922931432723999,0.0488630458712577
BART,BART_039,2024,10,16,NEON_DP3.30026.002_bidirectional,0.9059633016586304,0.0091279232874512,0.6518878936767578,0.0654934495687484,0.905273973941803,0.0146710276603698,0.5888674855232239,0.0499736629426479
BART,BART_039,2025,10,16,NEON_DP3.30026.002_bidirectional,0.9067466855049132,0.0080821216106414,0.6431142687797546,0.0611834190785884,0.9077988862991332,0.0151388011872768,0.582436740398407,0.0474954210221767
BART,BART_040,2022,10,16,NEON_DP3.30026.002_bidirectional,0.8924765586853027,0.008423713967204,0.6679964661598206,0.0388605557382106,0.8716763854026794,0.0127049991860985,0.6071606278419495,0.0292000863701105
BART,BART_040,2024,10,16,NEON_DP3.30026.002_bidirectional,0.9001504182815552,0.0077498154714703,0.6770378947257996,0.0326662920415401,0.8920724391937256,0.0132018672302365,0.6092169284820557,0.0241978578269481
BART,BART_040,2025,10,16,NEON_DP3.30026.002_bidirectional,0.8990391492843628,0.0094235064461827,0.6812589168548584,0.0397321172058582,0.894542932510376,0.0132964337244629,0.6098199486732483,0.0302432142198085
BART,BART_041,2022,10,16,NEON_DP3.30026.002_bidirectional,0.8915500640869141,0.0109640480950474,0.6191918849945068,0.0542019754648208,0.8668023943901062,0.0165326222777366,0.5742359161376953,0.0420523434877395
BART,BART_041,2024,10,16,NEON_DP3.30026.002_bidirectional,0.8947081565856934,0.0091364588588476,0.5902611017227173,0.069709837436676,0.8889679908752441,0.018785074353218,0.5448877215385437,0.0545642599463462
BART,BART_041,2025,10,16,NEON_DP3.30026.002_bidirectional,0.899895429611206,0.0105253383517265,0.6016023755073547,0.0557211637496948,0.895738959312439,0.0166949406266212,0.5538347959518433,0.0429020598530769
BART,BART_042,2022,10,16,NEON_DP3.30026.002_bidirectional,0.9055777192115784,0.0083843618631362,0.6652495861053467,0.0425026379525661,0.8850443363189697,0.0122224716469645,0.6094039678573608,0.0321593433618545
BART,BART_042,2024,10,16,NEON_DP3.30026.002_bidirectional,0.8991105556488037,0.0119835212826728,0.6431183815002441,0.0502096526324749,0.8932002782821655,0.0183445792645216,0.5844336748123169,0.0384932644665241
BART,BART_042,2025,10,16,NEON_DP3.30026.002_bidirectional,0.9084429740905762,0.0099424133077263,0.6569156646728516,0.0322618372738361,0.90565425157547,0.0141367856413126,0.5950853824615479,0.0242230631411075
BART,BART_044,2022,10,16,NEON_DP3.30026.002_bidirectional,0.9312387704849244,0.0101419687271118,0.2907922863960266,0.0264056380838155,0.8861190676689148,0.0145929856225848,0.3121821880340576,0.0256864726543426
BART,BART_044,2024,10,16,NEON_DP3.30026.002_bidirectional,0.8796679973602295,0.0151177765801548,0.5999862551689148,0.0603744722902774,0.8666770458221436,0.0266195964068174,0.5512828230857849,0.0476346537470817
BART,BART_044,2025,10,16,NEON_DP3.30026.002_bidirectional,0.8833399415016174,0.0149440597742795,0.6174881458282471,0.0567633099853992,0.8743110299110413,0.0238190256059169,0.5626475214958191,0.0433995425701141
BART,BART_046,2022,10,16,NEON_DP3.30026.002_bidirectional,0.943581998348236,0.0100132739171385,0.3187123537063598,0.0197484865784645,0.915880799293518,0.0103267328813672,0.3378476202487945,0.0185380894690752
BART,BART_046,2024,10,16,NEON_DP3.30026.002_bidirectional,0.8974102735519409,0.0106696123257279,0.6786133050918579,0.0443841032683849,0.8856838941574097,0.0185120273381471,0.6118279099464417,0.0323558486998081
BART,BART_046,2025,10,16,NEON_DP3.30026.002_bidirectional,0.9041882753372192,0.0111881140619516,0.6719081997871399,0.0368155054748058,0.8961154818534851,0.0171780306845903,0.6073219776153564,0.0267053544521331
BART,BART_047,2022,10,16,NEON_DP3.30026.002_bidirectional,0.887000322341919,0.0171888619661331,0.6547379493713379,0.0645713731646537,0.8644082546234131,0.0226753521710634,0.5970661640167236,0.0487740561366081
BART,BART_047,2024,10,16,NEON_DP3.30026.002_bidirectional,0.899182140827179,0.0131690446287393,0.6501361131668091,0.0568356551229953,0.8920456767082214,0.019109746441245,0.5902383327484131,0.0423656441271305
BART,BART_047,2025,10,16,NEON_DP3.30026.002_bidirectional,0.8974315524101257,0.0128235835582017,0.6501896381378174,0.0548375062644481,0.8909856081008911,0.0192844420671463,0.5891585350036621,0.0411834828555583
BART,BART_050,2022,10,16,NEON_DP3.30026.002_bidirectional,0.8895568251609802,0.0075712115503847,0.5981006622314453,0.0504745729267597,0.867108941078186,0.0099193193018436,0.5559250116348267,0.0394933111965656
BART,BART_050,2024,10,16,NEON_DP3.30026.002_bidirectional,0.8956491947174072,0.0096630631014704,0.5792713761329651,0.0660319924354553,0.8968542218208313,0.0132343852892518,0.5339651107788086,0.0522695817053318
BART,BART_050,2025,10,16,NEON_DP3.30026.002_bidirectional,0.9040789008140564,0.0048667471855878,0.5945074558258057,0.0580769293010234,0.9060006141662598,0.0105691431090235,0.5461446642875671,0.0457047894597053
BART,BART_051,2022,10,16,NEON_DP3.30026.002_bidirectional,0.8761594891548157,0.0112662008032202,0.5728155374526978,0.0867003127932548,0.8517397046089172,0.0150696309283375,0.5338680148124695,0.0684931650757789
BART,BART_051,2024,10,16,NEON_DP3.30026.002_bidirectional,0.8932641744613647,0.0097099989652633,0.5982704162597656,0.0893638581037521,0.8934487104415894,0.0179290007799863,0.5465179085731506,0.0682626217603683
BART,BART_051,2025,10,16,NEON_DP3.30026.002_bidirectional,0.8895695805549622,0.0120004527270793,0.5877717733383179,0.075046882033348,0.8865824341773987,0.0183902345597744,0.5391726493835449,0.0577737800776958
BART,BART_070,2022,10,16,NEON_DP3.30026.002_bidirectional,0.9195396304130554,0.0200162976980209,0.3563684821128845,0.2015721648931503,0.8730626106262207,0.0136688612401485,0.3544415235519409,0.1597072333097458
BART,BART_070,2024,10,16,NEON_DP3.30026.002_bidirectional,0.8812894225120544,0.0137482564896345,0.54483962059021,0.0620063506066799,0.8720479011535645,0.027288518846035,0.5099657773971558,0.0503850765526294
BART,BART_070,2025,10,16,NEON_DP3.30026.002_bidirectional,0.8880782723426819,0.0113666364923119,0.580299973487854,0.0619480945169925,0.8834871053695679,0.0167982336133718,0.5353461503982544,0.048238169401884
BART,BART_071,2022,10,16,NEON_DP3.30026.002_bidirectional,0.8763646483421326,0.0130777945742011,0.588082492351532,0.0826679021120071,0.854568362236023,0.0203366950154304,0.5455307364463806,0.0629874765872955
BART,BART_071,2024,10,16,NEON_DP3.30026.002_bidirectional,0.891006588935852,0.0193849448114633,0.5980639457702637,0.0852273628115654,0.8905351161956787,0.0320036821067333,0.5468418002128601,0.0629620999097824
BART,BART_071,2025,10,16,NEON_DP3.30026.002_bidirectional,0.8901174068450928,0.0215583052486181,0.5790016651153564,0.0827637836337089,0.8925262689590454,0.0319548435509204,0.531838059425354,0.0612410753965377
BART,BART_072,2022,10,16,NEON_DP3.30026.002_bidirectional,0.8890082836151123,0.0174676999449729,0.5975890755653381,0.0992163717746734,0.8629988431930542,0.022725461050868,0.5544295310974121,0.0793423280119896
BART,BART_072,2024,10,16,NEON_DP3.30026.002_bidirectional,0.8921211957931519,0.009956045076251,0.6126114726066589,0.0612416677176952,0.888960063457489,0.0182054061442613,0.5588737726211548,0.0493923127651214
BART,BART_072,2025,10,16,NEON_DP3.30026.002_bidirectional,0.8997989296913147,0.010848231613636,0.6084234714508057,0.0465255044400692,0.8951656222343445,0.0190043579787015,0.5589388012886047,0.0375024564564228
BART,BART_073,2022,10,16,NEON_DP3.30026.002_bidirectional,0.8806911706924438,0.0099594499915838,0.6312683820724487,0.0437027141451835,0.8532254695892334,0.0142516065388917,0.5809750556945801,0.0334079675376415
BART,BART_073,2024,10,16,NEON_DP3.30026.002_bidirectional,0.8952949047088623,0.0087216086685657,0.6508358120918274,0.0446173958480358,0.8875264525413513,0.0124209122732281,0.5894175171852112,0.0338943712413311
BART,BART_073,2025,10,16,NEON_DP3.30026.002_bidirectional,0.8946601748466492,0.0084605375304818,0.6253853440284729,0.0440533906221389,0.8878885507583618,0.0138545837253332,0.5706695318222046,0.0334242396056652
BART,BART_074,2022,10,16,NEON_DP3.30026.002_bidirectional,0.933694303035736,0.0076671047136187,0.3215084373950958,0.0203121602535247,0.889538049697876,0.0124423746019601,0.3421266376972198,0.0190236568450927
BART,BART_074,2024,10,16,NEON_DP3.30026.002_bidirectional,0.8870033025741577,0.0114504657685756,0.6512555480003357,0.0647944286465644,0.8672937154769897,0.0214721951633691,0.5929447412490845,0.0499936901032924
BART,BART_074,2025,10,16,NEON_DP3.30026.002_bidirectional,0.8825594782829285,0.0107534332200884,0.642974853515625,0.0450019836425781,0.8642364740371704,0.0192086342722177,0.5857837200164795,0.0347209833562374
BART,BART_075,2022,10,12,NEON_DP3.30026.002_bidirectional,0.8868359923362732,0.008205977268517,0.588823139667511,0.0641528815031051,0.8624322414398193,0.0123181724920868,0.5500152707099915,0.050514880567789
BART,BART_075,2024,10,12,NEON_DP3.30026.002_bidirectional,0.883617103099823,0.0095641501247882,0.5498908162117004,0.0712264701724052,0.8840155601501465,0.0133560998365283,0.5101948380470276,0.056854773312807
BART,BART_075,2025,10,12,NEON_DP3.30026.002_bidirectional,0.8909247517585754,0.0094247367233037,0.5697025656700134,0.06099658831954,0.8898675441741943,0.0108407512307167,0.5268276333808899,0.0484522432088851
BLAN,BLAN_036,2022,10,16,NEON_DP3.30026.002_bidirectional,0.9061334133148192,0.0094905840232968,0.677067756652832,0.0691268295049667,0.8889842629432678,0.0127665502950549,0.615017831325531,0.0522255785763263
BLAN,BLAN_036,2025,10,16,NEON_DP3.30026.002_bidirectional,0.929282248020172,0.0058962861075997,0.6877923011779785,0.0817589685320854,0.9057915210723876,0.00714279897511,0.6323784589767456,0.0635335370898246
BLAN,BLAN_037,2022,10,16,NEON_DP3.30026.002_bidirectional,0.8122427463531494,0.008899375796318,0.6150455474853516,0.0181537251919507,0.7623451948165894,0.0135015379637479,0.5633642673492432,0.0128341577947139
BLAN,BLAN_037,2025,10,16,NEON_DP3.30026.002_bidirectional,0.7494153380393982,0.006572825834155,0.5309539437294006,0.011889268644154,0.6511120200157166,0.0094210188835859,0.5113831162452698,0.0093129789456725
BLAN,BLAN_038,2022,10,16,NEON_DP3.30026.002_bidirectional,0.7841575145721436,0.0247616115957498,0.5601321458816528,0.039285123348236,0.7181684970855713,0.041235189884901,0.5242605209350586,0.0263977590948343
BLAN,BLAN_038,2025,10,16,NEON_DP3.30026.002_bidirectional,0.6320392489433289,0.1579823940992355,0.4374828338623047,0.1168306916952133,0.500609278678894,0.2097955346107483,0.4296516180038452,0.0988009050488472
BLAN,BLAN_039,2022,10,16,NEON_DP3.30026.002_bidirectional,0.7832657098770142,0.0129301007837057,0.5988729000091553,0.0247081238776445,0.7223016023635864,0.0192202907055616,0.5494254231452942,0.0177849680185318
BLAN,BLAN_039,2025,10,16,NEON_DP3.30026.002_bidirectional,0.7484673261642456,0.0112399533390998,0.5106630325317383,0.0195395816117525,0.6533733010292053,0.0162384361028671,0.4934118092060089,0.0151433078572154
BLAN,BLAN_040,2022,10,16,NEON_DP3.30026.002_bidirectional,0.8239092826843262,0.0200718007981777,0.5727322697639465,0.0285817105323076,0.773148775100708,0.0289111528545618,0.53704434633255,0.0229925196617841
BLAN,BLAN_040,2025,10,16,NEON_DP3.30026.002_bidirectional,0.3703046441078186,0.0179936494678258,0.2452314049005508,0.0132681773975491,0.1570888608694076,0.0232031140476465,0.2657365202903747,0.0122686242684721
BLAN,BLAN_041,2022,10,16,NEON_DP3.30026.002_bidirectional,0.90590500831604,0.0047318926081061,0.8012822866439819,0.0456191338598728,0.8849622011184692,0.0060800588689744,0.7013137340545654,0.0323788486421108
BLAN,BLAN_041,2025,10,16,NEON_DP3.30026.002_bidirectional,0.91261488199234,0.0065551749430596,0.7892860770225525,0.0438974387943744,0.8837378621101379,0.009698549285531,0.7018031477928162,0.0313332639634609
BLAN,BLAN_042,2022,10,16,NEON_DP3.30026.002_bidirectional,0.758820116519928,0.0154513716697692,0.544953465461731,0.0274687334895133,0.6867662072181702,0.0227662865072488,0.509937584400177,0.0202709306031465
BLAN,BLAN_042,2025,10,16,NEON_DP3.30026.002_bidirectional,0.7646212577819824,0.0195609219372272,0.5360593795776367,0.0360081605613231,0.674820065498352,0.0286577157676219,0.5138682723045349,0.0273552127182483
BLAN,BLAN_043,2022,10,16,NEON_DP3.30026.002_bidirectional,0.7126971483230591,0.0473641864955425,0.4626495540142059,0.0319176204502582,0.615600049495697,0.0649905055761337,0.4493618905544281,0.0268589705228805
BLAN,BLAN_043,2025,10,16,NEON_DP3.30026.002_bidirectional,0.4165824353694916,0.0101674692705273,0.2769590616226196,0.011053298600018,0.2135692834854126,0.0119599346071481,0.2950264811515808,0.0105498069897294
BLAN,BLAN_044,2022,10,16,NEON_DP3.30026.002_bidirectional,0.9127413034439088,0.0060574510134756,0.8314995169639587,0.0365635566413402,0.8914045691490173,0.0075810514390468,0.7249717712402344,0.0253927744925022
BLAN,BLAN_044,2025,10,16,NEON_DP3.30026.002_bidirectional,0.912068486213684,0.0062796538695693,0.8234759569168091,0.0438766740262508,0.8852276802062988,0.0080253044143319,0.7233536839485168,0.0302214380353689
BLAN,BLAN_045,2022,10,16,NEON_DP3.30026.002_bidirectional,0.7819446325302124,0.0165284592658281,0.5790179371833801,0.028034757822752,0.7199933528900146,0.024800943210721,0.5354851484298706,0.0204156171530485
BLAN,BLAN_045,2025,10,16,NEON_DP3.30026.002_bidirectional,0.7442107796669006,0.0096630891785025,0.5075247287750244,0.0174410995095968,0.6455391645431519,0.0140039697289466,0.4920335412025451,0.0137177594006061
BLAN,BLAN_046,2022,10,16,NEON_DP3.30026.002_bidirectional,0.7896332740783691,0.0296613313257694,0.596240758895874,0.0561472065746784,0.7328974604606628,0.0412304475903511,0.5466547608375549,0.0408893637359142
BLAN,BLAN_046,2025,10,16,NEON_DP3.30026.002_bidirectional,0.7962788939476013,0.029014304280281,0.5794717073440552,0.0593499727547168,0.7215511202812195,0.0403667837381362,0.5460308194160461,0.0445140823721885
BLAN,BLAN_047,2022,10,16,NEON_DP3.30026.002_bidirectional,0.9023325443267822,0.0126372054219245,0.7002323865890503,0.0511720329523086,0.8829168081283569,0.0183256026357412,0.6315542459487915,0.0379536747932434
BLAN,BLAN_047,2025,10,16,NEON_DP3.30026.002_bidirectional,0.9219075441360474,0.0220060553401708,0.7140769362449646,0.0769465416669845,0.8968212008476257,0.0299206841737031,0.6499553918838501,0.0594155564904212
BLAN,BLAN_048,2022,10,8,NEON_DP3.30026.002_bidirectional,0.9250110387802124,0.0097066424787044,0.6102933287620544,0.129811555147171,0.9275916814804076,0.0217463802546262,0.558714747428894,0.0988530442118644
BLAN,BLAN_048,2025,10,8,NEON_DP3.30026.002_bidirectional,0.906938374042511,0.0045870617032051,0.5354251265525818,0.1364356130361557,0.888886034488678,0.0123390322551131,0.5054871439933777,0.1091162115335464
BLAN,BLAN_049,2022,10,16,NEON_DP3.30026.002_bidirectional,0.7997114658355713,0.0521370247006416,0.565072774887085,0.0443631112575531,0.7342889308929443,0.0744287222623825,0.5324704647064209,0.0347402095794677
BLAN,BLAN_049,2025,10,16,NEON_DP3.30026.002_bidirectional,0.4837386906147003,0.1603702306747436,0.3396505713462829,0.1313027888536453,0.304876446723938,0.2118836492300033,0.3458032011985779,0.1098906770348548
BLAN,BLAN_050,2022,10,16,NEON_DP3.30026.002_bidirectional,0.9186761379241944,0.0071690748445689,0.8007488250732422,0.0432943180203437,0.9024669528007508,0.0109487948939204,0.7030675411224365,0.030488708987832
BLAN,BLAN_050,2025,10,16,NEON_DP3.30026.002_bidirectional,0.915091633796692,0.0054447329603135,0.7672529816627502,0.0571833923459053,0.8919839859008789,0.0074602756649255,0.6835430860519409,0.0398281179368495
BLAN,BLAN_051,2022,10,16,NEON_DP3.30026.002_bidirectional,0.7133929133415222,0.0309552773833274,0.4560173749923706,0.0281159207224845,0.6161072850227356,0.0421021990478038,0.4442220330238342,0.0234736874699592
BLAN,BLAN_051,2025,10,16,NEON_DP3.30026.002_bidirectional,0.3962079584598541,0.0119176376610994,0.2494869530200958,0.0099732745438814,0.1897528022527694,0.0147952986881136,0.2686295509338379,0.0093103507533669
BLAN,BLAN_052,2022,10,16,NEON_DP3.30026.002_bidirectional,0.9185335040092468,0.0040563740767538,0.7876129746437073,0.0432660542428493,0.9006972908973694,0.0055040987208485,0.6959309577941895,0.0298118591308593
BLAN,BLAN_052,2025,10,16,NEON_DP3.30026.002_bidirectional,0.9198031425476074,0.0038767976220697,0.7891250848770142,0.036631029099226,0.896528422832489,0.0060796248726546,0.700439989566803,0.0252993814647197
BLAN,BLAN_053,2022,10,16,NEON_DP3.30026.002_bidirectional,0.8969339728355408,0.0144403893500566,0.7726758718490601,0.0824426338076591,0.8767907023429871,0.0177414454519748,0.6774404644966125,0.0586184374988079
BLAN,BLAN_053,2025,10,16,NEON_DP3.30026.002_bidirectional,0.9050998091697692,0.0154036981984972,0.7673226594924927,0.0963975265622139,0.8767623901367188,0.0198023729026317,0.6820000410079956,0.0692161843180656
BLAN,BLAN_054,2022,10,16,NEON_DP3.30026.002_bidirectional,0.7994152307510376,0.0124987494200468,0.6077682971954346,0.0164755266159772,0.7468059062957764,0.0184115674346685,0.5558832883834839,0.0120128905400633
BLAN,BLAN_054,2025,10,16,NEON_DP3.30026.002_bidirectional,0.7581970691680908,0.0111356042325496,0.5330723524093628,0.0210886429995298,0.6674851179122925,0.0164296496659517,0.5107261538505554,0.0159101337194442
BLAN,BLAN_055,2022,10,16,NEON_DP3.30026.002_bidirectional,0.8763620257377625,0.0147588634863495,0.6613385081291199,0.0455019660294055,0.8425036668777466,0.0164088066667318,0.6059131622314453,0.0356137454509735
BLAN,BLAN_055,2025,10,16,NEON_DP3.30026.002_bidirectional,0.872779369354248,0.0138770788908004,0.6853030323982239,0.0665596649050712,0.8260464072227478,0.0176403261721134,0.6280749440193176,0.051575593650341
BLAN,BLAN_056,2022,10,16,NEON_DP3.30026.002_bidirectional,0.8166546821594238,0.0362923331558704,0.5986021757125854,0.0554043427109718,0.7699615955352783,0.0483805835247039,0.5507875680923462,0.0425748117268085
BLAN,BLAN_056,2025,10,16,NEON_DP3.30026.002_bidirectional,0.8019776344299316,0.0541169680655002,0.6011520624160767,0.1092104241251945,0.729040265083313,0.0762206837534904,0.5615149736404419,0.080475628376007
BLAN,BLAN_057,2022,10,16,NEON_DP3.30026.002_bidirectional,0.902509868144989,0.0042602657340466,0.8042862415313721,0.0495049059391021,0.8830897212028503,0.0048691960982978,0.7014633417129517,0.0348371118307113
BLAN,BLAN_057,2025,10,16,NEON_DP3.30026.002_bidirectional,0.91078120470047,0.0042335577309131,0.7909111380577087,0.0402891561388969,0.8845271468162537,0.0060826521366834,0.7012748122215271,0.0287515446543693
BLAN,BLAN_059,2022,10,16,NEON_DP3.30026.002_bidirectional,0.8157761096954346,0.0218212101608514,0.6680616736412048,0.0366613008081913,0.7688656449317932,0.0329093523323535,0.5987895727157593,0.0253779701888561
BLAN,BLAN_059,2025,10,16,NEON_DP3.30026.002_bidirectional,0.8155942559242249,0.0383459478616714,0.6263706684112549,0.0539567060768604,0.7511472702026367,0.0550248622894287,0.5802176594734192,0.0404124110937118
BLAN,BLAN_060,2022,10,16,NEON_DP3.30026.002_bidirectional,0.7649082541465759,0.0296942554414272,0.4928340017795563,0.0294836331158876,0.6894669532775879,0.0442845672369003,0.474139928817749,0.0227131303399801
BLAN,BLAN_060,2025,10,16,NEON_DP3.30026.002_bidirectional,0.4357351660728454,0.0231905449181795,0.288061112165451,0.0192224439233541,0.2351403981447219,0.0271209143102169,0.3061461448669433,0.0185370873659849
BLAN,BLAN_063,2022,10,8,NEON_DP3.30026.002_bidirectional,0.9226239919662476,0.0138230677694082,0.7203973531723022,0.0373467803001403,0.9153741598129272,0.0211086440831422,0.641903281211853,0.0274157021194696
BLAN,BLAN_063,2025,10,8,NEON_DP3.30026.002_bidirectional,0.920740008354187,0.0073102465830743,0.6609969735145569,0.0414601825177669,0.8999846577644348,0.0093630170449614,0.6070615649223328,0.0324605703353881
BLAN,BLAN_064,2022,10,16,NEON_DP3.30026.002_bidirectional,0.7688550353050232,0.0191715564578771,0.5548548698425293,0.0308009758591651,0.7005477547645569,0.028876295313239,0.517855703830719,0.022397356107831
BLAN,BLAN_064,2025,10,16,NEON_DP3.30026.002_bidirectional,0.7467800974845886,0.0155680617317557,0.5222188234329224,0.0285243075340986,0.6503000855445862,0.0223028156906366,0.5026609301567078,0.0219991374760866
BONA,BONA_001,2023,10,9,NEON_DP3.30026.002_bidirectional,0.6572033166885376,0.042348314076662,0.6605923175811768,0.1007371768355369,0.7595700025558472,0.0302677322179079,0.4575713574886322,0.0626840144395828
BONA,BONA_001,2024,10,12,NEON_DP3.30026.002_bidirectional,0.8565149307250977,0.0245555136352777,0.4493585526943207,0.0754966959357261,0.851478099822998,0.0349695198237896,0.4296417534351349,0.0646748393774032
BONA,BONA_001,2025,10,12,NEON_DP3.30026.002_bidirectional,0.867817223072052,0.0275114141404628,0.4421542882919311,0.0795547813177108,0.8704598546028137,0.0421651825308799,0.4221689999103546,0.0683756098151207
BONA,BONA_002,2023,10,16,NEON_DP3.30026.002_bidirectional,0.8376750946044922,0.0192588698118925,0.5305793285369873,0.0907205194234848,0.8940863013267517,0.0171419940888881,0.4705309867858886,0.0724123418331146
BONA,BONA_002,2024,10,16,NEON_DP3.30026.002_bidirectional,0.8812951445579529,0.0154720861464738,0.5100081562995911,0.0985617414116859,0.8879197239875793,0.0218512956053018,0.4750131964683532,0.0795802921056747
BONA,BONA_002,2025,10,16,NEON_DP3.30026.002_bidirectional,0.8967694640159607,0.0108215613290667,0.5354941487312317,0.1066379472613334,0.9128263592720032,0.0182264558970928,0.4913963973522186,0.0830838829278945
BONA,BONA_003,2023,10,16,NEON_DP3.30026.002_bidirectional,0.5151239037513733,0.0220229420810937,0.3772905766963959,0.0242773108184337,0.641730010509491,0.0145918820053339,0.2772528231143951,0.0200616791844367
BONA,BONA_003,2024,10,16,NEON_DP3.30026.002_bidirectional,0.7320818901062012,0.0167514979839324,0.2734734416007995,0.0402052141726017,0.7238463759422302,0.0292917862534523,0.2750343382358551,0.0376841351389884
BONA,BONA_003,2025,10,16,NEON_DP3.30026.002_bidirectional,0.7562258839607239,0.0193348359316587,0.3402459025382995,0.039913285523653,0.7414034008979797,0.0340058542788028,0.3330460488796234,0.0358000844717025
BONA,BONA_004,2023,10,16,NEON_DP3.30026.002_bidirectional,0.6569811701774597,0.0185666382312774,0.3450248837471008,0.0305461063981056,0.7411150336265564,0.0239164382219314,0.302244633436203,0.0243508908897638
BONA,BONA_004,2024,10,16,NEON_DP3.30026.002_bidirectional,0.7542398571968079,0.0271902065724134,0.3081793189048767,0.0317758172750473,0.7324202656745911,0.0381305404007434,0.3068656325340271,0.028119808062911
BONA,BONA_004,2025,10,16,NEON_DP3.30026.002_bidirectional,0.8000697493553162,0.0222736112773418,0.2856308817863464,0.0323231853544712,0.8121004104614258,0.0331374444067478,0.285436749458313,0.0283628329634666
BONA,BONA_005,2024,10,16,NEON_DP3.30026.002_bidirectional,0.8532541394233704,0.0125858075916767,0.4850589334964752,0.0595741458237171,0.8433129787445068,0.0189015436917543,0.458523690700531,0.0470824651420116
BONA,BONA_005,2025,10,16,NEON_DP3.30026.002_bidirectional,0.8607468605041504,0.0156161775812506,0.4801374673843384,0.0517885722219944,0.8551926612854004,0.0232913773506879,0.4541281759738922,0.0413176678121089
BONA,BONA_006,2023,10,15,NEON_DP3.30026.002_bidirectional,0.6790316700935364,0.0311887506395578,0.5000602602958679,0.0556686110794544,0.7024405598640442,0.041386641561985,0.4174627065658569,0.0418102853000164
BONA,BONA_006,2024,10,16,NEON_DP3.30026.002_bidirectional,0.7268031239509583,0.0332353040575981,0.4057903289794922,0.0574485585093498,0.6824120283126831,0.0468948818743228,0.3863280117511749,0.0469695925712585
BONA,BONA_006,2025,10,16,NEON_DP3.30026.002_bidirectional,0.7692992687225342,0.035820085555315,0.3782902061939239,0.0602392517030239,0.7514524459838867,0.0576187819242477,0.3630760610103607,0.0492625273764133
BONA,BONA_007,2024,10,16,NEON_DP3.30026.002_bidirectional,0.8914645910263062,0.0036697168834507,0.546953558921814,0.0265340637415647,0.8880964517593384,0.0049219219945371,0.512162983417511,0.0213152356445789
BONA,BONA_007,2025,10,16,NEON_DP3.30026.002_bidirectional,0.8750583529472351,0.0105678178369998,0.5269339084625244,0.0482714436948299,0.8711614012718201,0.0130943469703197,0.4920632839202881,0.0392129607498645
BONA,BONA_008,2024,10,16,NEON_DP3.30026.002_bidirectional,0.8639392852783203,0.0208895038813352,0.4791299104690552,0.0888277292251586,0.8617873191833496,0.0266004707664251,0.4526034891605377,0.0733860954642295
BONA,BONA_008,2025,10,16,NEON_DP3.30026.002_bidirectional,0.8802173733711243,0.0230609979480505,0.4687116146087646,0.0898314341902732,0.8897300958633423,0.0352956131100654,0.4433748722076416,0.0761637091636657
BONA,BONA_009,2023,10,16,NEON_DP3.30026.002_bidirectional,0.8336935043334961,0.0249188840389251,0.6338066458702087,0.0581788271665573,0.8686506152153015,0.0246087368577718,0.5416252017021179,0.0449831783771514
BONA,BONA_009,2024,10,16,NEON_DP3.30026.002_bidirectional,0.8928537964820862,0.0193505473434925,0.6128253936767578,0.0537544675171375,0.8879972100257874,0.0263300724327564,0.559321403503418,0.041068460792303
BONA,BONA_009,2025,10,16,NEON_DP3.30026.002_bidirectional,0.8903794884681702,0.0146073587238788,0.6289763450622559,0.0428076051175594,0.8866392970085144,0.0203334838151931,0.5696696639060974,0.0315564982593059
BONA,BONA_010,2024,10,16,NEON_DP3.30026.002_bidirectional,0.7885087728500366,0.0225292388349771,0.5142133831977844,0.0396722741425037,0.7400093078613281,0.0256574787199497,0.4836740493774414,0.0340989492833614
BONA,BONA_010,2025,10,16,NEON_DP3.30026.002_bidirectional,0.8187705278396606,0.0154508482664823,0.5047953128814697,0.0342970639467239,0.7845556139945984,0.0188527200371027,0.4775158762931824,0.0291388817131519
BONA,BONA_011,2023,10,16,NEON_DP3.30026.002_bidirectional,0.651423454284668,0.0174512956291437,0.399335652589798,0.0282553154975175,0.7210708856582642,0.0160346552729606,0.3371909856796264,0.0217411890625953
BONA,BONA_011,2024,10,16,NEON_DP3.30026.002_bidirectional,0.7655287981033325,0.0160001125186681,0.357047289609909,0.0260003600269556,0.7418465614318848,0.0230437759310007,0.3493453562259674,0.0226776544004678
BONA,BONA_011,2025,10,16,NEON_DP3.30026.002_bidirectional,0.8157617449760437,0.0143110556527972,0.3377663195133209,0.0314263664186,0.8258833289146423,0.0265628080815076,0.3316818475723266,0.0274445265531539
BONA,BONA_012,2023,10,16,NEON_DP3.30026.002_bidirectional,0.8982948660850525,0.0180774312466382,0.4749335646629333,0.062958113849163,0.9071727991104126,0.0300973709672689,0.4536750316619873,0.051913347095251
BONA,BONA_012,2024,10,16,NEON_DP3.30026.002_bidirectional,0.8691078424453735,0.0196342952549457,0.4712854921817779,0.0591293983161449,0.8615110516548157,0.0270101204514503,0.4499047696590423,0.0486161261796951
BONA,BONA_012,2025,10,16,NEON_DP3.30026.002_bidirectional,0.8650291562080383,0.0184932965785264,0.4339097738265991,0.0514885373413562,0.8591415286064148,0.027365893125534,0.4187393188476562,0.043322529643774
BONA,BONA_013,2024,10,16,NEON_DP3.30026.002_bidirectional,0.818880021572113,0.0411576889455318,0.4361568093299866,0.107909932732582,0.799344539642334,0.0479120351374149,0.4143758714199066,0.0914045199751854
BONA,BONA_013,2025,10,16,NEON_DP3.30026.002_bidirectional,0.8311336040496826,0.0438599735498428,0.4044413268566131,0.1062289997935295,0.8203111290931702,0.0551533326506614,0.389000803232193,0.091186448931694
BONA,BONA_014,2024,10,16,NEON_DP3.30026.002_bidirectional,0.8522908091545105,0.0214812532067298,0.4526549279689789,0.0533809177577495,0.8422299027442932,0.0287241172045469,0.4332551658153534,0.0430362150073051
BONA,BONA_014,2025,10,16,NEON_DP3.30026.002_bidirectional,0.8550903797149658,0.0215419847518205,0.4341256022453308,0.0712955072522163,0.8553439974784851,0.031314805150032,0.4142961502075195,0.0583856590092182
BONA,BONA_016,2023,10,16,NEON_DP3.30026.002_bidirectional,0.5847393274307251,0.0247679613530635,0.4550637602806091,0.037161149084568,0.6523473262786865,0.0207031555473804,0.3492692410945892,0.0276492293924093
BONA,BONA_016,2024,10,16,NEON_DP3.30026.002_bidirectional,0.7665314078330994,0.0208303481340408,0.4101793766021728,0.0468713603913784,0.7303252816200256,0.024335702881217,0.3951458930969238,0.0400197692215442
BONA,BONA_016,2025,10,16,NEON_DP3.30026.002_bidirectional,0.7990610003471375,0.0166017860174179,0.4068378806114197,0.0531361289322376,0.7868227362632751,0.0225144065916538,0.3904724717140198,0.0449278876185417
BONA,BONA_018,2023,10,16,NEON_DP3.30026.002_bidirectional,0.7300083637237549,0.0206544958055019,0.5079892873764038,0.0581793598830699,0.7920424938201904,0.0121605712920427,0.4240622520446777,0.0425746962428092
BONA,BONA_018,2024,10,16,NEON_DP3.30026.002_bidirectional,0.8187391757965088,0.0143910869956016,0.4429023265838623,0.0747363343834877,0.8177545666694641,0.0175748746842145,0.417257696390152,0.0626185834407806
BONA,BONA_018,2025,10,16,NEON_DP3.30026.002_bidirectional,0.85968416929245,0.0118790604174137,0.4394399225711822,0.0720971822738647,0.888644814491272,0.0348323546350002,0.411636084318161,0.0607864297926425
BONA,BONA_021,2024,10,16,NEON_DP3.30026.002_bidirectional,0.8832412362098694,0.0191259197890758,0.6069942712783813,0.0862088277935981,0.8841917514801025,0.0234401319175958,0.5506452322006226,0.0690022483468055
BONA,BONA_021,2025,10,16,NEON_DP3.30026.002_bidirectional,0.9104663133621216,0.0135288862511515,0.6512677669525146,0.0755507722496986,0.9150826334953308,0.0115042803809046,0.587150514125824,0.0587901622056961
BONA,BONA_022,2023,10,4,NEON_DP3.30026.002_bidirectional,0.7425714135169983,0.005487632472068,0.6304634809494019,0.0264649540185928,0.7298662066459656,0.0053188316524028,0.5289937257766724,0.0189865343272686
BONA,BONA_022,2024,10,16,NEON_DP3.30026.002_bidirectional,0.7830990552902222,0.011373340152204,0.5517498850822449,0.0195723287761211,0.7177858352661133,0.0146240461617708,0.5180225372314453,0.0158956795930862
BONA,BONA_022,2025,10,16,NEON_DP3.30026.002_bidirectional,0.7925235033035278,0.0132396109402179,0.5254307985305786,0.018241249024868,0.7354398965835571,0.016932874917984,0.4968994855880737,0.0153176477178931
BONA,BONA_023,2023,10,16,NEON_DP3.30026.002_bidirectional,0.809354305267334,0.0171674694865942,0.5987069606781006,0.0521179661154747,0.8505272269248962,0.0143842622637748,0.5086349248886108,0.0385051965713501
BONA,BONA_023,2024,10,16,NEON_DP3.30026.002_bidirectional,0.8665303587913513,0.0132694924250245,0.5186119079589844,0.0505510941147804,0.8574432134628296,0.0155212571844458,0.4866183400154114,0.0404350869357585
BONA,BONA_023,2025,10,16,NEON_DP3.30026.002_bidirectional,0.8633813858032227,0.0094801234081387,0.5207628607749939,0.0405361615121364,0.8549931645393372,0.011799301020801,0.4874871373176574,0.0320119187235832
BONA,BONA_026,2024,10,8,NEON_DP3.30026.002_bidirectional,0.8297628164291382,0.0337833575904369,0.4089145958423614,0.0856308415532112,0.8147788643836975,0.0470462292432785,0.3959690928459167,0.0734950229525566
BONA,BONA_026,2025,10,8,NEON_DP3.30026.002_bidirectional,0.8378065824508667,0.0282984133809804,0.4169205129146576,0.078593835234642,0.8269516229629517,0.0482868924736976,0.4002587795257568,0.0662381201982498
BONA,BONA_070,2023,10,16,NEON_DP3.30026.002_bidirectional,0.8066813945770264,0.013926163315773,0.4004790186882019,0.0219855178147554,0.763093113899231,0.0182246956974267,0.3967348337173462,0.0193372052162885
BONA,BONA_070,2024,10,16,NEON_DP3.30026.002_bidirectional,0.7517571449279785,0.0157271455973386,0.3650583922863006,0.0234545674175024,0.706648588180542,0.0198304466903209,0.3597250580787658,0.0209425557404756
BONA,BONA_070,2025,10,16,NEON_DP3.30026.002_bidirectional,0.7717152833938599,0.0147366616874933,0.3500043451786041,0.024938266724348,0.7418625950813293,0.0208662133663892,0.3461696207523346,0.0226203054189682
BONA,BONA_071,2023,10,16,NEON_DP3.30026.002_bidirectional,0.8174523115158081,0.0115260332822799,0.3243655562400818,0.0273090843111276,0.8122784495353699,0.031677708029747,0.3260961174964905,0.0252963993698358
BONA,BONA_071,2024,10,16,NEON_DP3.30026.002_bidirectional,0.7719475030899048,0.0175274219363927,0.3005732297897339,0.0269087068736553,0.7630100846290588,0.0291086137294769,0.3010344803333282,0.0243165232241153
BONA,BONA_071,2025,10,16,NEON_DP3.30026.002_bidirectional,0.7906010746955872,0.0184448361396789,0.2876491844654083,0.0301577933132648,0.794101357460022,0.0314371399581432,0.2894981801509857,0.026957182213664
BONA,BONA_072,2023,10,16,NEON_DP3.30026.002_bidirectional,0.8536984324455261,0.0109090460464358,0.6013727784156799,0.0594524070620536,0.8962526321411133,0.0080714505165815,0.5220061540603638,0.0433458089828491
BONA,BONA_072,2024,10,16,NEON_DP3.30026.002_bidirectional,0.879491925239563,0.010103715583682,0.532299816608429,0.0545243583619594,0.8735184669494629,0.0108817527070641,0.4989173412322998,0.0435390323400497
BONA,BONA_072,2025,10,16,NEON_DP3.30026.002_bidirectional,0.872897744178772,0.0105876931920647,0.5293823480606079,0.0556450970470905,0.8651198744773865,0.0131513327360153,0.4951542913913727,0.0434326492249965
BONA,BONA_073,2023,10,8,NEON_DP3.30026.002_bidirectional,0.7525296807289124,0.0181161537766456,0.4417772591114044,0.0210480261594057,0.739374577999115,0.02661750651896,0.4099686443805694,0.017319556325674
BONA,BONA_073,2024,10,8,NEON_DP3.30026.002_bidirectional,0.7364631295204163,0.021835496649146,0.3943472802639007,0.0245260931551456,0.677321195602417,0.0318710952997207,0.3850484192371368,0.0209757573902606
BONA,BONA_073,2025,10,8,NEON_DP3.30026.002_bidirectional,0.7817033529281616,0.0199296455830335,0.4153579473495483,0.0249607563018798,0.7441038489341736,0.0282945781946182,0.4023913741111755,0.020897626876831
BONA,BONA_074,2023,10,16,NEON_DP3.30026.002_bidirectional,0.7848469614982605,0.0290633905678987,0.4278696477413177,0.0348448641598224,0.7472832202911377,0.0454610735177993,0.4126295447349548,0.0276359058916568
BONA,BONA_074,2024,10,16,NEON_DP3.30026.002_bidirectional,0.759981095790863,0.0286254752427339,0.4025328457355499,0.0352947860956192,0.717142641544342,0.0415297262370586,0.3900536000728607,0.028791157528758
BONA,BONA_074,2025,10,16,NEON_DP3.30026.002_bidirectional,0.7822976112365723,0.0313303135335445,0.3920516669750213,0.0340070724487304,0.7509703636169434,0.0466565787792205,0.3817538917064667,0.0281416941434144
BONA,BONA_075,2023,10,16,NEON_DP3.30026.002_bidirectional,0.8877719640731812,0.0122679518535733,0.4972046911716461,0.0686079785227775,0.9190876483917236,0.0237287692725658,0.4612103104591369,0.0548385418951511
BONA,BONA_075,2024,10,16,NEON_DP3.30026.002_bidirectional,0.8863376379013062,0.0103753143921494,0.4834858775138855,0.0626680329442024,0.8908493518829346,0.0152014084160327,0.4574314653873443,0.0511825941503047
BONA,BONA_075,2025,10,16,NEON_DP3.30026.002_bidirectional,0.8935274481773376,0.0107909245416522,0.4906437397003174,0.0699147954583168,0.902334988117218,0.0199118256568908,0.4625648260116577,0.0569388195872306
BONA,BONA_076,2023,10,16,NEON_DP3.30026.002_bidirectional,0.7767024040222168,0.0203046649694442,0.3525033295154571,0.0446432344615459,0.8138886094093323,0.0255715753883123,0.3354996740818023,0.0376227870583534
BONA,BONA_076,2024,10,16,NEON_DP3.30026.002_bidirectional,0.773210883140564,0.0215991716831922,0.3146596550941467,0.0426518879830837,0.7695704102516174,0.0262305233627557,0.3114863038063049,0.0380261614918708
BONA,BONA_076,2025,10,16,NEON_DP3.30026.002_bidirectional,0.7930324673652649,0.0167000610381364,0.3036949038505554,0.0451373718678951,0.8049490451812744,0.0286234971135854,0.3012516796588897,0.0399756096303463
BONA,BONA_077,2023,10,16,NEON_DP3.30026.002_bidirectional,0.7872766852378845,0.0215712431818246,0.3984180092811584,0.0224483013153076,0.7802614569664001,0.0358196310698986,0.382026344537735,0.0185533482581377
BONA,BONA_077,2024,10,16,NEON_DP3.30026.002_bidirectional,0.7714596390724182,0.0213086530566215,0.3680544197559356,0.0206898767501115,0.7479005455970764,0.0333180278539657,0.35962775349617,0.017908040434122
BONA,BONA_077,2025,10,16,NEON_DP3.30026.002_bidirectional,0.8019895553588867,0.0215087104588747,0.3710091412067413,0.0201721973717212,0.7902931571006775,0.0319708473980426,0.3634121716022491,0.0177212245762348
BONA,BONA_078,2023,10,8,NEON_DP3.30026.002_bidirectional,0.8942487239837646,0.0186750702559947,0.4775754809379577,0.0825044214725494,0.9205341935157776,0.0272868163883686,0.4489836990833282,0.0687848031520843
BONA,BONA_078,2024,10,8,NEON_DP3.30026.002_bidirectional,0.8713988065719604,0.0208749193698167,0.4518675804138183,0.0821016356348991,0.877001941204071,0.0266585871577262,0.4301009178161621,0.0692634955048561
BONA,BONA_078,2025,10,8,NEON_DP3.30026.002_bidirectional,0.876326322555542,0.0167794935405254,0.4414360523223877,0.0802099928259849,0.8880683779716492,0.0217350143939256,0.4197469055652618,0.0676468610763549
BONA,BONA_079,2023,10,16,NEON_DP3.30026.002_bidirectional,0.8507325649261475,0.02175784856081,0.5735520720481873,0.0724848806858062,0.9031211137771606,0.0361585989594459,0.5015538930892944,0.056842140853405
BONA,BONA_079,2024,10,16,NEON_DP3.30026.002_bidirectional,0.8771433234214783,0.0245437938719987,0.50538569688797,0.0725231319665908,0.8851476907730103,0.0347364246845245,0.4723128080368042,0.0596833899617195
BONA,BONA_079,2025,10,16,NEON_DP3.30026.002_bidirectional,0.8869119882583618,0.0234237778931856,0.5258737802505493,0.0820237249135971,0.899253249168396,0.0333470776677131,0.486856073141098,0.0659720748662948
BONA,BONA_080,2023,10,12,NEON_DP3.30026.002_bidirectional,0.8294674754142761,0.0243998114019632,0.380125492811203,0.0217047501355409,0.8035268783569336,0.028915474191308,0.37822225689888,0.0188156198710203
BONA,BONA_080,2024,10,12,NEON_DP3.30026.002_bidirectional,0.7863891124725342,0.022869274020195,0.3640109300613403,0.0214622039347887,0.763329029083252,0.0316578298807144,0.3580829799175262,0.0193084850907325
BONA,BONA_080,2025,10,12,NEON_DP3.30026.002_bidirectional,0.8018770813941956,0.0258542150259017,0.3511741459369659,0.0322622396051883,0.7922332882881165,0.0392134487628936,0.3461159467697143,0.0284293517470359
BONA,BONA_081,2023,10,16,NEON_DP3.30026.002_bidirectional,0.7636795043945312,0.0143903624266386,0.4515133798122406,0.049823623150587,0.7567604184150696,0.0208550840616226,0.4172639548778534,0.0414795726537704
BONA,BONA_081,2024,10,16,NEON_DP3.30026.002_bidirectional,0.7709684371948242,0.0155190825462341,0.4200698435306549,0.0523584932088851,0.730408251285553,0.0204558502882719,0.405566930770874,0.0457923375070095
BONA,BONA_081,2025,10,16,NEON_DP3.30026.002_bidirectional,0.7895930409431458,0.0145875271409749,0.4173482656478882,0.0545129068195819,0.7598203420639038,0.0211990475654602,0.4028270542621612,0.0467872321605682
BONA,BONA_082,2023,10,6,NEON_DP3.30026.002_bidirectional,0.8651661276817322,0.0132652027532458,0.5070279240608215,0.0372782386839389,0.8676033020019531,0.0171083826571702,0.4724545478820801,0.0307402834296226
BONA,BONA_082,2024,10,6,NEON_DP3.30026.002_bidirectional,0.845936119556427,0.0150439972057938,0.4872479736804962,0.0270118694752454,0.833268940448761,0.0207450818270444,0.4594283998012543,0.0228343103080987
BONA,BONA_082,2025,10,6,NEON_DP3.30026.002_bidirectional,0.8642451167106628,0.0141815422102808,0.4965271949768066,0.0313825160264968,0.8631784319877625,0.0196119509637355,0.4644867479801178,0.026791539043188
BONA,BONA_083,2023,10,16,NEON_DP3.30026.002_bidirectional,0.7982010841369629,0.0252139437943696,0.4696084260940552,0.0351520590484142,0.776909351348877,0.0454250574111938,0.4420982599258423,0.0285051763057708
BONA,BONA_083,2024,10,16,NEON_DP3.30026.002_bidirectional,0.781239926815033,0.0310974270105361,0.4283537864685058,0.0394141972064971,0.7448506355285645,0.0487431585788726,0.4120600819587707,0.0323525927960872
BONA,BONA_083,2025,10,16,NEON_DP3.30026.002_bidirectional,0.8154918551445007,0.0338944122195243,0.4455860257148742,0.0560528561472892,0.7970620393753052,0.0540912635624408,0.4249458014965057,0.0451038070023059
BONA,BONA_084,2023,10,16,NEON_DP3.30026.002_bidirectional,0.8276267647743225,0.0504993461072444,0.4439314603805542,0.0331505350768566,0.8182935118675232,0.0662252232432365,0.4210314154624939,0.0274123698472976
BONA,BONA_084,2024,10,16,NEON_DP3.30026.002_bidirectional,0.7923989295959473,0.0421518646180629,0.4108043611049652,0.0283356253057718,0.7741427421569824,0.0591719411313533,0.3928969800472259,0.0245221387594938
BONA,BONA_084,2025,10,16,NEON_DP3.30026.002_bidirectional,0.8160057663917542,0.0388089567422866,0.4254424571990967,0.0378359109163284,0.8122782111167908,0.0546700060367584,0.4022416472434997,0.0312884524464607
BONA,BONA_085,2023,10,16,NEON_DP3.30026.002_bidirectional,0.792576014995575,0.0306104999035596,0.3736978769302368,0.0443394929170608,0.7696952819824219,0.0355301462113857,0.3673248887062073,0.0395852923393249
BONA,BONA_085,2024,10,16,NEON_DP3.30026.002_bidirectional,0.7459967732429504,0.0265946500003337,0.3388808071613312,0.0458087287843227,0.7163761854171753,0.029390936717391,0.3338672816753387,0.041278887540102
BONA,BONA_085,2025,10,16,NEON_DP3.30026.002_bidirectional,0.7641621828079224,0.0259544476866722,0.3267821073532104,0.04869831725955,0.7503917813301086,0.0348638817667961,0.3226200044155121,0.0432761572301387
BONA,BONA_086,2023,10,12,NEON_DP3.30026.002_bidirectional,0.8421574234962463,0.0272309333086013,0.4452225267887115,0.0734788402915,0.8197823166847229,0.0345094203948974,0.431660920381546,0.0616243407130241
BONA,BONA_086,2024,10,12,NEON_DP3.30026.002_bidirectional,0.8015822768211365,0.0311246439814567,0.4211552143096924,0.0650260522961616,0.7788484692573547,0.0372605882585048,0.4057804048061371,0.0551832988858222
BONA,BONA_086,2025,10,12,NEON_DP3.30026.002_bidirectional,0.8151752352714539,0.0325238667428493,0.4172382354736328,0.0724844485521316,0.8059251308441162,0.0396963134407997,0.4006003439426422,0.0606349855661392
BONA,BONA_087,2023,10,16,NEON_DP3.30026.002_bidirectional,0.8017123937606812,0.0312596336007118,0.4976679980754852,0.0718589276075363,0.8587777018547058,0.035969641059637,0.4372943341732025,0.0542642176151275
BONA,BONA_087,2024,10,16,NEON_DP3.30026.002_bidirectional,0.8377608060836792,0.0317882485687732,0.4386978149414062,0.0606961660087108,0.8319435119628906,0.0376991629600524,0.419315755367279,0.051036350429058
BONA,BONA_087,2025,10,16,NEON_DP3.30026.002_bidirectional,0.853686511516571,0.0261734668165445,0.4492528438568115,0.0660218968987464,0.8556993007659912,0.0308617185801267,0.426678329706192,0.0549978613853454
BONA,BONA_088,2023,10,16,NEON_DP3.30026.002_bidirectional,0.8459064960479736,0.0247917119413614,0.465702474117279,0.0462939701974391,0.846733808517456,0.0308424532413482,0.4399711489677429,0.0385931804776191
BONA,BONA_088,2024,10,16,NEON_DP3.30026.002_bidirectional,0.8362575769424438,0.0233785342425107,0.4407584071159363,0.0375642552971839,0.8200103640556335,0.0283497422933578,0.4240917861461639,0.0324678793549537
BONA,BONA_088,2025,10,16,NEON_DP3.30026.002_bidirectional,0.8472397327423096,0.0170112121850252,0.4487188756465912,0.0523738376796245,0.8399953842163086,0.0171946343034505,0.4281469583511352,0.0445377975702285
BONA,BONA_089,2023,10,16,NEON_DP3.30026.002_bidirectional,0.8579546809196472,0.0336659662425518,0.451628178358078,0.0543058179318904,0.8620706796646118,0.050041202455759,0.4292337894439697,0.0442091859877109
BONA,BONA_089,2024,10,16,NEON_DP3.30026.002_bidirectional,0.8220577239990234,0.0310366787016391,0.4025918245315552,0.0499696359038353,0.8181415796279907,0.0456142388284206,0.387039452791214,0.0421440936625003
BONA,BONA_089,2025,10,16,NEON_DP3.30026.002_bidirectional,0.8371741771697998,0.0301623847335577,0.394051045179367,0.0540903657674789,0.848046064376831,0.046108454465866,0.3781741261482239,0.0456142574548721
BONA,BONA_093,2023,10,16,NEON_DP3.30026.002_bidirectional,0.808953046798706,0.0294349864125251,0.4038468599319458,0.072688490152359,0.8591797351837158,0.0144085297361016,0.3764507174491882,0.0627807602286338
BONA,BONA_093,2024,10,16,NEON_DP3.30026.002_bidirectional,0.8059237599372864,0.0245687812566757,0.3418983519077301,0.0664807930588722,0.810752809047699,0.0190584398806095,0.3357164263725281,0.0581305623054504
BONA,BONA_093,2025,10,16,NEON_DP3.30026.002_bidirectional,0.8226630091667175,0.0200123526155948,0.3236651122570038,0.070716418325901,0.8461760878562927,0.019362973049283,0.318004310131073,0.0609188973903656
DEJU,DEJU_001,2023,10,16,NEON_DP3.30026.002_bidirectional,0.7033381462097168,0.0473016090691089,0.41654172539711,0.046385008841753,0.6440247893333435,0.0580597855150699,0.3961947560310364,0.0403553768992424
DEJU,DEJU_001,2024,10,16,NEON_DP3.30026.002_bidirectional,0.702224850654602,0.0493886321783065,0.4235095381736755,0.0500722825527191,0.6518754959106445,0.0601560361683368,0.3977629542350769,0.0428212247788906
DEJU,DEJU_001,2025,10,16,NEON_DP3.30026.002_bidirectional,0.7058065533638,0.0450452156364917,0.4116332828998565,0.0395340882241725,0.682360827922821,0.0549408048391342,0.3816326856613159,0.0342880710959434
DEJU,DEJU_002,2023,10,16,NEON_DP3.30026.002_bidirectional,0.7154290676116943,0.0253457631915807,0.3954658210277557,0.0167174339294433,0.6762915253639221,0.0380069911479949,0.3762969374656677,0.0142896398901939
DEJU,DEJU_002,2024,10,16,NEON_DP3.30026.002_bidirectional,0.7062886953353882,0.0243565533310174,0.3959941565990448,0.0173994172364473,0.6618384122848511,0.0358460992574691,0.3765994012355804,0.0148599334061145
DEJU,DEJU_003,2023,10,16,NEON_DP3.30026.002_bidirectional,0.8396441340446472,0.02414864115417,0.5298036336898804,0.0252698026597499,0.8168420791625977,0.0333411246538162,0.4949836134910583,0.0206828322261571
DEJU,DEJU_003,2024,10,16,NEON_DP3.30026.002_bidirectional,0.8317109942436218,0.021703828126192,0.5226834416389465,0.0219260305166244,0.8250772356987,0.0318659245967865,0.4813786149024963,0.0173270851373672
DEJU,DEJU_003,2025,10,16,NEON_DP3.30026.002_bidirectional,0.8275026082992554,0.0212352536618709,0.4902964830398559,0.0202290788292884,0.8430491089820862,0.0308303721249103,0.4502276182174682,0.015992134809494
DEJU,DEJU_004,2023,10,16,NEON_DP3.30026.002_bidirectional,0.8063039779663086,0.0228880811482667,0.5079019069671631,0.0305577125400304,0.7688542008399963,0.0314719565212726,0.4784843623638153,0.0246944651007652
DEJU,DEJU_004,2024,10,16,NEON_DP3.30026.002_bidirectional,0.781379759311676,0.0174143388867378,0.4832215905189514,0.0163089986890554,0.7524644136428833,0.0233621504157781,0.4513037800788879,0.014599704183638
DEJU,DEJU_004,2025,10,16,NEON_DP3.30026.002_bidirectional,0.7921667098999023,0.0169626027345657,0.4765171408653259,0.0236488953232765,0.7776539325714111,0.0239057168364524,0.4436464607715606,0.0191558692604303
DEJU,DEJU_005,2023,10,16,NEON_DP3.30026.002_bidirectional,0.6779205799102783,0.0283893123269081,0.3880679309368133,0.042780552059412,0.6076470017433167,0.0328324735164642,0.3735661804676056,0.0377856902778148
DEJU,DEJU_005,2024,10,16,NEON_DP3.30026.002_bidirectional,0.6802427172660828,0.02518823556602,0.4067416489124298,0.0452030748128891,0.6320202350616455,0.0310654919594526,0.3801126480102539,0.037553284317255
DEJU,DEJU_005,2025,10,16,NEON_DP3.30026.002_bidirectional,0.6945504546165466,0.0282144248485565,0.3917515575885772,0.0466724820435047,0.6761055588722229,0.0366134867072105,0.3638026416301727,0.0392131060361862
DEJU,DEJU_006,2023,10,16,NEON_DP3.30026.002_bidirectional,0.7013275027275085,0.0377116054296493,0.3317326605319977,0.054647259414196,0.6491841077804565,0.0454454123973846,0.3258706927299499,0.0485415309667587
DEJU,DEJU_006,2024,10,16,NEON_DP3.30026.002_bidirectional,0.6900863647460938,0.0399697609245777,0.344677060842514,0.0612114034593105,0.6570991277694702,0.0479747019708156,0.330371618270874,0.0530603267252445
DEJU,DEJU_006,2025,10,16,NEON_DP3.30026.002_bidirectional,0.7005361914634705,0.0384439788758754,0.3269084393978119,0.0574814267456531,0.6964086294174194,0.0485381260514259,0.3121252655982971,0.0491937883198261
DEJU,DEJU_007,2023,10,16,NEON_DP3.30026.002_bidirectional,0.6865596771240234,0.0466209128499031,0.3811245858669281,0.0272931400686502,0.6502224206924438,0.0592071525752544,0.3596106171607971,0.0250923484563827
DEJU,DEJU_007,2024,10,16,NEON_DP3.30026.002_bidirectional,0.7139893770217896,0.0406867191195488,0.4017364680767059,0.0304336044937372,0.6731371879577637,0.051999095827341,0.3807140290737152,0.0266245398670434
DEJU,DEJU_007,2025,10,16,NEON_DP3.30026.002_bidirectional,0.731475293636322,0.035441368818283,0.3972684442996979,0.0250014495104551,0.7273969054222107,0.0455906279385089,0.370084673166275,0.0214172806590795
DEJU,DEJU_008,2023,10,16,NEON_DP3.30026.002_bidirectional,0.7034388184547424,0.0391663014888763,0.4297873377799988,0.0297700520604848,0.6404041647911072,0.0519758723676204,0.4077513217926025,0.0258703343570232
DEJU,DEJU_008,2024,10,16,NEON_DP3.30026.002_bidirectional,0.6951146125793457,0.0493394136428833,0.428423523902893,0.0388742052018642,0.6433870196342468,0.0659388974308967,0.4006654322147369,0.0327608063817024
DEJU,DEJU_008,2025,10,16,NEON_DP3.30026.002_bidirectional,0.7267563939094543,0.0484124645590782,0.4380860328674316,0.036090213805437,0.7031677961349487,0.0591630563139915,0.404762327671051,0.0322390608489513
DEJU,DEJU_009,2023,10,16,NEON_DP3.30026.002_bidirectional,0.7434114813804626,0.0238886624574661,0.3259459733963012,0.0357088632881641,0.6979363560676575,0.0292389187961816,0.3256058096885681,0.0320914834737777
DEJU,DEJU_009,2024,10,16,NEON_DP3.30026.002_bidirectional,0.7477532625198364,0.0239112060517072,0.3329639136791229,0.0425970330834388,0.7186976075172424,0.0296838618814945,0.3279266953468323,0.0373096950352191
DEJU,DEJU_009,2025,10,16,NEON_DP3.30026.002_bidirectional,0.7621062994003296,0.023243274539709,0.3380585610866546,0.0447084903717041,0.780081033706665,0.0217564720660448,0.325281947851181,0.0389810986816883
DEJU,DEJU_010,2023,10,16,NEON_DP3.30026.002_bidirectional,0.8362257480621338,0.0254679843783378,0.5041584372520447,0.0343709252774715,0.8134366869926453,0.0334122255444526,0.4761699438095093,0.0283597465604543
DEJU,DEJU_010,2024,10,16,NEON_DP3.30026.002_bidirectional,0.8224023580551147,0.0219937730580568,0.4934045672416687,0.0249523390084505,0.8170101046562195,0.0294640343636274,0.4587921798229217,0.0201224107295274
DEJU,DEJU_010,2025,10,16,NEON_DP3.30026.002_bidirectional,0.8231261968612671,0.017328193411231,0.476408451795578,0.0181068982928991,0.838403582572937,0.0231967438012361,0.4400981068611145,0.0151314977556467
DEJU,DEJU_014,2023,10,16,NEON_DP3.30026.002_bidirectional,0.7980145812034607,0.0192421693354845,0.3310078978538513,0.0780351385474205,0.797183096408844,0.0418802611529827,0.3255155980587005,0.0694000497460365
DEJU,DEJU_014,2024,10,16,NEON_DP3.30026.002_bidirectional,0.7755073308944702,0.0143090123310685,0.3374688327312469,0.0794474929571151,0.7947636842727661,0.0432438366115093,0.3253278136253357,0.068984754383564
DEJU,DEJU_014,2025,10,16,NEON_DP3.30026.002_bidirectional,0.7941082119941711,0.0135566908866167,0.3223499059677124,0.0809890329837799,0.8530243039131165,0.0391266159713268,0.3101209998130798,0.0705366730690002
DEJU,DEJU_015,2023,10,16,NEON_DP3.30026.002_bidirectional,0.8265988826751709,0.014317269437015,0.5103241801261902,0.0274265501648187,0.7947354316711426,0.0189370401203632,0.4816684126853943,0.0223025269806385
DEJU,DEJU_015,2024,10,16,NEON_DP3.30026.002_bidirectional,0.8212746381759644,0.015297096222639,0.513695240020752,0.0316882319748401,0.7952454686164856,0.0190738420933485,0.4807156324386596,0.0256924945861101
DEJU,DEJU_015,2025,10,16,NEON_DP3.30026.002_bidirectional,0.837745726108551,0.0153082758188247,0.5298729538917542,0.0332849621772766,0.8376531004905701,0.0174488462507724,0.4863447546958923,0.0269365925341844
DEJU,DEJU_016,2023,10,16,NEON_DP3.30026.002_bidirectional,0.7472786903381348,0.0166191589087247,0.3274879455566406,0.027868079021573,0.7034414410591125,0.0203668382018804,0.3269675374031067,0.0248363930732011
DEJU,DEJU_016,2024,10,16,NEON_DP3.30026.002_bidirectional,0.7391307950019836,0.0125760678201913,0.3452346324920654,0.0272189043462276,0.7049853801727295,0.0136155821382999,0.3382134437561035,0.0237824004143476
DEJU,DEJU_016,2025,10,16,NEON_DP3.30026.002_bidirectional,0.7628300189971924,0.0129639282822608,0.3327758312225342,0.0308445580303668,0.781898021697998,0.0131700187921524,0.3208824396133423,0.0267330352216959
DEJU,DEJU_017,2023,10,16,NEON_DP3.30026.002_bidirectional,0.6282991170883179,0.0231922436505556,0.3004106879234314,0.020504193380475,0.584600031375885,0.0299310497939586,0.2900334894657135,0.0155476257205009
DEJU,DEJU_017,2024,10,16,NEON_DP3.30026.002_bidirectional,0.6047102212905884,0.0261474810540676,0.2911426126956939,0.0182445831596851,0.5380924940109253,0.0300980769097805,0.2836338877677917,0.013973644003272
DEJU,DEJU_017,2025,10,16,NEON_DP3.30026.002_bidirectional,0.6084592938423157,0.021676218137145,0.3041953444480896,0.0222313404083251,0.5783569812774658,0.0274229757487773,0.2870662212371826,0.016752079129219
DEJU,DEJU_018,2023,10,16,NEON_DP3.30026.002_bidirectional,0.706638514995575,0.0268318876624107,0.3166667222976684,0.0214071813970804,0.6522470116615295,0.0316397249698638,0.3154724538326263,0.0197391938418149
DEJU,DEJU_018,2024,10,16,NEON_DP3.30026.002_bidirectional,0.7256633639335632,0.0287576504051685,0.3338177800178528,0.021693430840969,0.6911826133728027,0.0339547954499721,0.3272088766098022,0.0198882315307855
DEJU,DEJU_018,2025,10,16,NEON_DP3.30026.002_bidirectional,0.7386675477027893,0.0271860267966985,0.3354327976703644,0.0230131614953279,0.7448297739028931,0.0319367088377475,0.3221791684627533,0.0206745266914367
DEJU,DEJU_019,2023,10,16,NEON_DP3.30026.002_bidirectional,0.6800351142883301,0.0166001748293638,0.3057764768600464,0.0283159371465444,0.6245167255401611,0.0226787701249122,0.3033590316772461,0.0253970231860876
DEJU,DEJU_019,2024,10,16,NEON_DP3.30026.002_bidirectional,0.6852138042449951,0.0162958279252052,0.3045283854007721,0.0328923910856246,0.6583125591278076,0.0266628377139568,0.2967253923416137,0.0287076290696859
DEJU,DEJU_019,2025,10,16,NEON_DP3.30026.002_bidirectional,0.6949235796928406,0.0136205907911062,0.2959783673286438,0.034986563026905,0.7043805122375488,0.0266188587993383,0.2856639921665191,0.0303609482944011
DEJU,DEJU_020,2023,10,16,NEON_DP3.30026.002_bidirectional,0.7049726247787476,0.0143650006502866,0.2561111748218536,0.0338502265512943,0.6696352958679199,0.0160274468362331,0.2602338492870331,0.0309804640710353
DEJU,DEJU_020,2024,10,16,NEON_DP3.30026.002_bidirectional,0.6905696988105774,0.0123279709368944,0.2624638974666595,0.0321330092847347,0.6476837992668152,0.0148424636572599,0.2654736936092376,0.029000174254179
DEJU,DEJU_020,2025,10,16,NEON_DP3.30026.002_bidirectional,0.7047427296638489,0.0144940270110964,0.2469301521778106,0.0338443405926227,0.7153052687644958,0.0177368149161338,0.2467382848262787,0.0302617773413658
DEJU,DEJU_021,2023,10,16,NEON_DP3.30026.002_bidirectional,0.6988704204559326,0.0165073219686746,0.2659412026405334,0.022533131763339,0.652133584022522,0.0225022230297327,0.2700770795345306,0.0201335046440362
DEJU,DEJU_021,2024,10,16,NEON_DP3.30026.002_bidirectional,0.6960549354553223,0.0183737911283969,0.2646915018558502,0.022952290251851,0.6554796695709229,0.0236229579895734,0.2676464319229126,0.0205029863864183
DEJU,DEJU_021,2025,10,16,NEON_DP3.30026.002_bidirectional,0.6982467174530029,0.0177886020392179,0.2573873698711395,0.0241528023034334,0.7041010856628418,0.0243273247033357,0.2551349997520447,0.0212177820503711
DEJU,DEJU_023,2023,10,16,NEON_DP3.30026.002_bidirectional,0.7768920063972473,0.0269728861749172,0.3786460757255554,0.0394708402454853,0.7595534920692444,0.0423840545117855,0.3659564256668091,0.0331228710711002
DEJU,DEJU_023,2024,10,16,NEON_DP3.30026.002_bidirectional,0.7604525089263916,0.0278522353619337,0.3632792234420776,0.0400503426790237,0.7444034218788147,0.0429947488009929,0.3506217896938324,0.0331078469753265
DEJU,DEJU_023,2025,10,16,NEON_DP3.30026.002_bidirectional,0.7487894296646118,0.023410752415657,0.3454842865467071,0.0380655638873577,0.7596663236618042,0.0386481061577796,0.3305039405822754,0.0312032978981733
DEJU,DEJU_024,2023,10,12,NEON_DP3.30026.002_bidirectional,0.6752285957336426,0.0202803425490856,0.3061380088329315,0.0143247544765472,0.6171407103538513,0.0236729830503463,0.3037044107913971,0.0121099418029189
DEJU,DEJU_024,2024,10,12,NEON_DP3.30026.002_bidirectional,0.6675254702568054,0.0227478854358196,0.3113737404346466,0.0124733839184045,0.6018721461296082,0.0269119702279567,0.3084436953067779,0.0096919713541865
DEJU,DEJU_024,2025,10,12,NEON_DP3.30026.002_bidirectional,0.6771333813667297,0.0208305064588785,0.3195911645889282,0.0141036370769143,0.6468456387519836,0.0254104956984519,0.3089103698730469,0.0110936174169182
DEJU,DEJU_045,2023,10,16,NEON_DP3.30026.002_bidirectional,0.6573489308357239,0.0383556224405765,0.3898445069789886,0.0374239049851894,0.5829282999038696,0.040550623089075,0.3726434111595154,0.0352428294718265
DEJU,DEJU_045,2024,10,16,NEON_DP3.30026.002_bidirectional,0.6540070176124573,0.0382428802549839,0.3889273107051849,0.0401460975408554,0.5894899964332581,0.040391732007265,0.3676460981369018,0.0368505232036113
DEJU,DEJU_045,2025,10,16,NEON_DP3.30026.002_bidirectional,0.6714725494384766,0.0395882502198219,0.3935220539569855,0.0389285907149314,0.6419228315353394,0.0412502065300941,0.3637186288833618,0.0353882908821105
DEJU,DEJU_046,2023,10,8,NEON_DP3.30026.002_bidirectional,0.6590453386306763,0.0220906306058168,0.3028492033481598,0.0424524322152137,0.5988034009933472,0.0327298566699028,0.2990871667861938,0.0370543450117111
DEJU,DEJU_046,2024,10,8,NEON_DP3.30026.002_bidirectional,0.6653821468353271,0.0261094085872173,0.3014544248580932,0.043976753950119,0.6258623600006104,0.0351132787764072,0.293745756149292,0.0374503545463085
DEJU,DEJU_046,2025,10,8,NEON_DP3.30026.002_bidirectional,0.6701198220252991,0.0211185961961746,0.2940841615200043,0.0402912721037864,0.678881824016571,0.0358285941183567,0.2813525795936584,0.0341779887676239
DEJU,DEJU_047,2023,10,16,NEON_DP3.30026.002_bidirectional,0.7286325097084045,0.0384651236236095,0.2715002298355102,0.052415445446968,0.7041759490966797,0.0506374984979629,0.2734442949295044,0.0477205328643322
DEJU,DEJU_047,2024,10,16,NEON_DP3.30026.002_bidirectional,0.7294058203697205,0.0376371592283248,0.2799446582794189,0.0541078150272369,0.7041683793067932,0.0499145947396755,0.2803367078304291,0.047976516187191
DEJU,DEJU_047,2025,10,16,NEON_DP3.30026.002_bidirectional,0.7325615286827087,0.0347808562219142,0.2717190682888031,0.0570682398974895,0.7587619423866272,0.0445545278489589,0.2675870656967163,0.0509791113436222
DEJU,DEJU_048,2023,10,16,NEON_DP3.30026.002_bidirectional,0.7087525129318237,0.0144433677196502,0.2410934716463089,0.0325843170285224,0.6822994947433472,0.020544858649373,0.2459032237529754,0.0292157419025897
DEJU,DEJU_048,2024,10,16,NEON_DP3.30026.002_bidirectional,0.7146883606910706,0.0168823152780532,0.248012438416481,0.0318323820829391,0.7069799304008484,0.0235307738184928,0.2498336732387542,0.0280255824327468
DEJU,DEJU_048,2025,10,16,NEON_DP3.30026.002_bidirectional,0.7005254626274109,0.0155180823057889,0.2225053012371063,0.031632162630558,0.757901132106781,0.032806172966957,0.2213386595249176,0.0276573281735181
DEJU,DEJU_049,2023,10,16,NEON_DP3.30026.002_bidirectional,0.798705518245697,0.0316214300692081,0.431854635477066,0.0395281426608562,0.7685986757278442,0.0418724715709686,0.4147974252700805,0.0342376679182052
DEJU,DEJU_049,2024,10,16,NEON_DP3.30026.002_bidirectional,0.8035200238227844,0.0283177029341459,0.4453019499778747,0.0435196012258529,0.780117392539978,0.0376447178423404,0.4236071109771728,0.0370828658342361
DEJU,DEJU_049,2025,10,16,NEON_DP3.30026.002_bidirectional,0.7984276413917542,0.0276997182518243,0.4272098839282989,0.0431325286626815,0.8016468286514282,0.0340876132249832,0.4024895131587982,0.0368043854832649
DEJU,DEJU_050,2023,10,16,NEON_DP3.30026.002_bidirectional,0.650058388710022,0.0425417870283126,0.3255722224712372,0.0632247030735015,0.5872802138328552,0.0578439012169837,0.3145802617073059,0.0481463968753814
DEJU,DEJU_050,2024,10,16,NEON_DP3.30026.002_bidirectional,0.64516681432724,0.0512031912803649,0.3187372088432312,0.0587186962366104,0.5918343663215637,0.0678849890828132,0.3057954907417297,0.0436445474624633
DEJU,DEJU_050,2025,10,16,NEON_DP3.30026.002_bidirectional,0.6482376456260681,0.0448369719088077,0.3136047720909118,0.0638137459754943,0.6366286873817444,0.067113347351551,0.2934426963329315,0.0461378134787082
DEJU,DEJU_051,2023,10,16,NEON_DP3.30026.002_bidirectional,0.674898087978363,0.026198636740446,0.265655368566513,0.0278926212340593,0.626636266708374,0.0351094081997871,0.2672752737998962,0.0241333842277526
DEJU,DEJU_051,2024,10,16,NEON_DP3.30026.002_bidirectional,0.6757327914237976,0.0271733086556196,0.2662877738475799,0.0278644785284996,0.6357461810112,0.0350595749914646,0.2662269175052643,0.0238040871918201
DEJU,DEJU_051,2025,10,16,NEON_DP3.30026.002_bidirectional,0.670678436756134,0.0259853936731815,0.2508725523948669,0.0308328028768301,0.6812698245048523,0.0374127924442291,0.2464364916086197,0.025866936892271
DEJU,DEJU_052,2023,10,16,NEON_DP3.30026.002_bidirectional,0.6871616840362549,0.0284729376435279,0.4013556540012359,0.0348275005817413,0.6248427033424377,0.0359678640961647,0.3820559978485107,0.028952645137906
DEJU,DEJU_052,2024,10,16,NEON_DP3.30026.002_bidirectional,0.6770409941673279,0.0310063287615776,0.3910483121871948,0.0331513099372386,0.6204237341880798,0.0382388085126876,0.3703781366348266,0.0276958495378494
DEJU,DEJU_052,2025,10,16,NEON_DP3.30026.002_bidirectional,0.6927034854888916,0.0304511226713657,0.3914177119731903,0.035527192056179,0.6713129281997681,0.0389475487172603,0.3634225726127624,0.0287733562290668
DEJU,DEJU_053,2023,10,16,NEON_DP3.30026.002_bidirectional,0.697642982006073,0.0155692193657159,0.2552286386489868,0.033758956938982,0.6603749394416809,0.0202125199139118,0.2589216530323028,0.030514720827341
DEJU,DEJU_053,2024,10,16,NEON_DP3.30026.002_bidirectional,0.6967548727989197,0.0162419266998767,0.2528889775276184,0.0303563773632049,0.6545203924179077,0.0212824400514364,0.2574847638607025,0.0271933507174253
DEJU,DEJU_053,2025,10,16,NEON_DP3.30026.002_bidirectional,0.696358859539032,0.0132020404562354,0.2528292834758758,0.028622830286622,0.6936149597167969,0.0196053944528102,0.2525292634963989,0.0253630839288234
DEJU,DEJU_054,2023,10,16,NEON_DP3.30026.002_bidirectional,0.7162097096443176,0.0965845733880996,0.3188784718513489,0.0667021423578262,0.678360641002655,0.1386187076568603,0.3142448663711548,0.0585313662886619
DEJU,DEJU_054,2024,10,16,NEON_DP3.30026.002_bidirectional,0.6920576691627502,0.1145106852054596,0.3081715404987335,0.06130151450634,0.6571698188781738,0.1561994701623916,0.301638126373291,0.0538216494023799
DEJU,DEJU_054,2025,10,16,NEON_DP3.30026.002_bidirectional,0.7057353854179382,0.0927815586328506,0.3059931993484497,0.0582894161343574,0.7072426080703735,0.1384600698947906,0.2958267033100128,0.050641480833292
DEJU,DEJU_055,2023,10,16,NEON_DP3.30026.002_bidirectional,0.6817936897277832,0.0297392290085554,0.2713718116283417,0.0305513218045234,0.6395145058631897,0.0362256504595279,0.2718259394168854,0.0277664344757795
DEJU,DEJU_055,2024,10,16,NEON_DP3.30026.002_bidirectional,0.6880274415016174,0.0288538932800292,0.2732291221618652,0.0313198119401931,0.6604607701301575,0.0364412739872932,0.2710675597190857,0.0280618853867054
DEJU,DEJU_055,2025,10,16,NEON_DP3.30026.002_bidirectional,0.6761966943740845,0.0278905816376209,0.258924126625061,0.0299240574240684,0.6979652047157288,0.0354442335665226,0.2527491748332977,0.0265760086476802
DEJU,DEJU_056,2023,10,16,NEON_DP3.30026.002_bidirectional,0.5844172239303589,0.0460103191435337,0.3064448833465576,0.0337111875414848,0.5217837691307068,0.0609008111059665,0.2920657694339752,0.0267623215913772
DEJU,DEJU_056,2024,10,16,NEON_DP3.30026.002_bidirectional,0.5794855356216431,0.047363132238388,0.2961067259311676,0.035361785441637,0.5326242446899414,0.0613760575652122,0.2792946994304657,0.0277651082724332
DEJU,DEJU_056,2025,10,16,NEON_DP3.30026.002_bidirectional,0.5922630429267883,0.0439004488289356,0.2976718842983246,0.0396599546074867,0.578927755355835,0.0613381788134574,0.2757350206375122,0.0299184452742338
DEJU,DEJU_057,2023,10,16,NEON_DP3.30026.002_bidirectional,0.8428004384040833,0.0179682485759258,0.533396303653717,0.0389198996126651,0.8194732666015625,0.0246854368597269,0.4992448985576629,0.0319492518901824
DEJU,DEJU_057,2024,10,16,NEON_DP3.30026.002_bidirectional,0.847075343132019,0.0220223721116781,0.5557811856269836,0.0443884022533893,0.8306518793106079,0.0315588898956775,0.5132409334182739,0.0351258181035518
DEJU,DEJU_057,2025,10,16,NEON_DP3.30026.002_bidirectional,0.8525972962379456,0.0227577108889818,0.5555912256240845,0.0440232567489147,0.8569902181625366,0.0316688120365142,0.506279706954956,0.0350941978394985
DEJU,DEJU_058,2023,10,16,NEON_DP3.30026.002_bidirectional,0.6968503594398499,0.0209660362452268,0.246898666024208,0.0302642788738012,0.6631053686141968,0.0224207546561956,0.2510443925857544,0.0281749609857797
DEJU,DEJU_058,2024,10,16,NEON_DP3.30026.002_bidirectional,0.6967269778251648,0.0204073805361986,0.2510999143123626,0.0300649534910917,0.6705414652824402,0.0235061142593622,0.2533586919307709,0.0277558583766222
DEJU,DEJU_058,2025,10,16,NEON_DP3.30026.002_bidirectional,0.6912426948547363,0.0217667464166879,0.237920269370079,0.0285320952534675,0.7235790491104126,0.0219215843826532,0.2355464398860931,0.026115970686078
DEJU,DEJU_059,2023,10,16,NEON_DP3.30026.002_bidirectional,0.620431661605835,0.0406304262578487,0.313310444355011,0.0365196466445922,0.5539065599441528,0.0541107915341854,0.3035144209861755,0.0297596175223588
DEJU,DEJU_059,2024,10,16,NEON_DP3.30026.002_bidirectional,0.6108109951019287,0.0368166044354438,0.3100251257419586,0.0353741534054279,0.5562505125999451,0.0460287444293499,0.296234667301178,0.0282968264073133
DEJU,DEJU_059,2025,10,16,NEON_DP3.30026.002_bidirectional,0.6217182278633118,0.0328995548188686,0.3071333467960357,0.0414263270795345,0.6099863648414612,0.0427773222327232,0.2864055335521698,0.0316524654626846
DEJU,DEJU_060,2023,10,16,NEON_DP3.30026.002_bidirectional,0.6952667236328125,0.0219314806163311,0.2426284700632095,0.0174437072128057,0.6593450903892517,0.0303930751979351,0.247696191072464,0.0155213484540581
DEJU,DEJU_060,2024,10,16,NEON_DP3.30026.002_bidirectional,0.6974081993103027,0.0214949399232864,0.2458959817886352,0.0164251569658517,0.6731482744216919,0.0295590963214635,0.2489644587039947,0.0144749758765101
DEJU,DEJU_060,2025,10,16,NEON_DP3.30026.002_bidirectional,0.6864111423492432,0.0197856873273849,0.2278972417116165,0.0156108383089303,0.7148803472518921,0.0329952426254749,0.2273100167512893,0.0135954543948173
DEJU,DEJU_061,2023,10,16,NEON_DP3.30026.002_bidirectional,0.67799973487854,0.0440602824091911,0.3286954462528229,0.0406628437340259,0.6258077621459961,0.0562072247266769,0.3202739357948303,0.0350831001996994
DEJU,DEJU_061,2024,10,16,NEON_DP3.30026.002_bidirectional,0.6792935132980347,0.0464635826647281,0.3264874517917633,0.0413159057497978,0.6439294815063477,0.0563427284359931,0.3143965601921081,0.035148985683918
DEJU,DEJU_061,2025,10,16,NEON_DP3.30026.002_bidirectional,0.6897328495979309,0.0386899523437023,0.3224696815013885,0.0412407517433166,0.6906172633171082,0.0487226396799087,0.3061799705028534,0.0345115959644317
DEJU,DEJU_062,2023,10,16,NEON_DP3.30026.002_bidirectional,0.6925581097602844,0.0200412664562463,0.2415588796138763,0.0288075637072324,0.66217041015625,0.0304569527506828,0.2454830259084701,0.0261521376669406
DEJU,DEJU_062,2024,10,16,NEON_DP3.30026.002_bidirectional,0.6965228319168091,0.0206918492913246,0.2478644698858261,0.0282560419291257,0.6826834082603455,0.0316435657441616,0.2487253546714782,0.0249557979404926
DEJU,DEJU_062,2025,10,16,NEON_DP3.30026.002_bidirectional,0.6831662058830261,0.0208468791097402,0.2369439601898193,0.0334828235208988,0.725350558757782,0.0449087396264076,0.2328751981258392,0.0293019246309995
DEJU,DEJU_063,2023,10,16,NEON_DP3.30026.002_bidirectional,0.6631805300712585,0.0279783457517623,0.2506933212280273,0.0225509535521268,0.6177420616149902,0.0386209115386009,0.2528795897960663,0.0187740959227085
DEJU,DEJU_063,2024,10,16,NEON_DP3.30026.002_bidirectional,0.6651223301887512,0.0314853489398956,0.2501291334629059,0.0210941433906555,0.6297677755355835,0.0403869412839412,0.2507087886333465,0.0172872208058834
DEJU,DEJU_063,2025,10,16,NEON_DP3.30026.002_bidirectional,0.6551777720451355,0.0266390889883041,0.2356958091259002,0.0257166195660829,0.6685028076171875,0.0385595746338367,0.2319259941577911,0.0204586405307054
DEJU,DEJU_064,2023,10,16,NEON_DP3.30026.002_bidirectional,0.6653996706008911,0.0225541424006223,0.3166974782943725,0.025808960199356,0.6060909628868103,0.0309015549719333,0.3109813034534454,0.0215094238519668
DEJU,DEJU_064,2024,10,16,NEON_DP3.30026.002_bidirectional,0.665917158126831,0.0237953644245862,0.3189279437065124,0.0279081836342811,0.6184707880020142,0.0318635664880275,0.3096824586391449,0.0230079162865877
DEJU,DEJU_064,2025,10,16,NEON_DP3.30026.002_bidirectional,0.6695353984832764,0.0257422067224979,0.3086695671081543,0.0300750657916069,0.6666386723518372,0.0373584330081939,0.2940858006477356,0.0244649015367031
DELA,DELA_001,2023,10,16,NEON_DP3.30026.002_bidirectional,0.923880100250244,0.0090020522475242,0.631044864654541,0.0503572188317775,0.8985973000526428,0.0138525543734431,0.5909414291381836,0.0379665046930313
DELA,DELA_001,2024,10,16,NEON_DP3.30026.002_bidirectional,0.9122216701507568,0.0091881714761257,0.6539287567138672,0.0578382834792137,0.886044442653656,0.0142392171546816,0.6046326160430908,0.0439680889248847
DELA,DELA_002,2023,10,16,NEON_DP3.30026.002_bidirectional,0.8948725461959839,0.0180323962122201,0.548283576965332,0.0747075825929641,0.8632766604423523,0.0229859426617622,0.5215541124343872,0.0605948977172374
DELA,DELA_002,2024,10,16,NEON_DP3.30026.002_bidirectional,0.9062325358390808,0.0136772999539971,0.5982163548469543,0.0969157814979553,0.8820265531539917,0.0198541041463613,0.5577930212020874,0.0751381516456604
DELA,DELA_003,2023,10,16,NEON_DP3.30026.002_bidirectional,0.9238993525505066,0.0119015509262681,0.6137962341308594,0.1110078915953636,0.9029293060302734,0.0149896647781133,0.5735097527503967,0.088294617831707
DELA,DELA_003,2024,10,16,NEON_DP3.30026.002_bidirectional,0.9070951342582704,0.0121508399024605,0.6181276440620422,0.1097760275006294,0.8827931880950928,0.0140754422172904,0.5741297602653503,0.0860787704586982
DELA,DELA_004,2023,10,16,NEON_DP3.30026.002_bidirectional,0.9101535081863404,0.0273131281137466,0.5560718774795532,0.0885767191648483,0.8842655420303345,0.0367069654166698,0.5280604958534241,0.071178950369358
DELA,DELA_004,2024,10,16,NEON_DP3.30026.002_bidirectional,0.9041703939437866,0.02141541428864,0.5832623839378357,0.0876101180911064,0.880521297454834,0.0285255629569292,0.5470139980316162,0.0695638954639434
DELA,DELA_005,2023,10,16,NEON_DP3.30026.002_bidirectional,0.926071286201477,0.0062861810438334,0.6363134384155273,0.0895919203758239,0.9037292003631592,0.0108478972688317,0.5914931297302246,0.0671647936105728
DELA,DELA_005,2024,10,16,NEON_DP3.30026.002_bidirectional,0.9092557430267334,0.0054648872464895,0.655878484249115,0.0758255869150161,0.8821555376052856,0.0089115360751748,0.605056881904602,0.056389395147562
DELA,DELA_006,2023,10,16,NEON_DP3.30026.002_bidirectional,0.9329090118408204,0.0095064537599682,0.6542450189590454,0.1001369208097457,0.9123101234436036,0.0124723659828305,0.6046366095542908,0.0759813487529754
DELA,DELA_006,2024,10,16,NEON_DP3.30026.002_bidirectional,0.9246872663497924,0.0074687004089355,0.6562266945838928,0.0964356362819671,0.9100534915924072,0.008549204096198,0.6004694700241089,0.0731873214244842
DELA,DELA_007,2023,10,16,NEON_DP3.30026.002_bidirectional,0.9204952120780944,0.0279687158763408,0.6483249068260193,0.1424071937799453,0.9060767889022828,0.0228946954011917,0.5950832962989807,0.1125201061367988
DELA,DELA_007,2024,10,16,NEON_DP3.30026.002_bidirectional,0.9146468043327332,0.0180662050843238,0.6586488485336304,0.1316993981599807,0.9032819867134094,0.0201497543603181,0.5984364151954651,0.1031898707151413
DELA,DELA_008,2023,10,16,NEON_DP3.30026.002_bidirectional,0.9079766869544984,0.02490671351552,0.5317294597625732,0.0998579263687133,0.8860344886779785,0.0334847718477249,0.5036358833312988,0.0792453438043594
DELA,DELA_008,2024,10,16,NEON_DP3.30026.002_bidirectional,0.9064654111862184,0.0100473379716277,0.5962395071983337,0.0822545811533927,0.8859997391700745,0.0140079790726304,0.5525042414665222,0.0654632896184921
DELA,DELA_009,2023,10,16,NEON_DP3.30026.002_bidirectional,0.9276590943336488,0.0108799068257212,0.6652506589889526,0.0561716333031654,0.9048453569412231,0.0165517516434192,0.6151937246322632,0.0411490015685558
DELA,DELA_009,2024,10,16,NEON_DP3.30026.002_bidirectional,0.9285616874694824,0.0069243046455085,0.7138581871986389,0.067990057170391,0.9126332998275756,0.0111240297555923,0.6446282267570496,0.0485378094017505
DELA,DELA_010,2023,10,16,NEON_DP3.30026.002_bidirectional,0.9120733141899108,0.0389354452490806,0.5387288928031921,0.1480440646409988,0.9014379382133484,0.030201993882656,0.5069681406021118,0.1232584714889526
DELA,DELA_010,2024,10,16,NEON_DP3.30026.002_bidirectional,0.906070590019226,0.0232528280466794,0.5280435681343079,0.1382521986961364,0.9021785259246826,0.0140394968912005,0.4961247146129608,0.1160580739378929
DELA,DELA_011,2023,10,16,NEON_DP3.30026.002_bidirectional,0.93925678730011,0.0142714977264404,0.7268222570419312,0.0422305352985858,0.92482590675354,0.0216957461088895,0.6575701236724854,0.0301934387534856
DELA,DELA_011,2024,10,16,NEON_DP3.30026.002_bidirectional,0.9304688572883606,0.0115790842100977,0.7612050175666809,0.0568274594843387,0.9170465469360352,0.0188361853361129,0.6764023900032043,0.0403624139726161
DELA,DELA_012,2023,10,16,NEON_DP3.30026.002_bidirectional,0.8691756129264832,0.0615392960608005,0.5221390724182129,0.1005390137434005,0.8380895256996155,0.0705006271600723,0.4968104958534241,0.0852157473564148
DELA,DELA_012,2024,10,16,NEON_DP3.30026.002_bidirectional,0.9064171314239502,0.0169918872416019,0.6161646842956543,0.0743042230606079,0.8892966508865356,0.0217843018472194,0.568847119808197,0.0568119995296001
DELA,DELA_013,2023,10,16,NEON_DP3.30026.002_bidirectional,0.9350184202194214,0.008551113307476,0.6212809681892395,0.0973399057984352,0.9181541204452516,0.0129606565460562,0.5799276828765869,0.0753532499074935
DELA,DELA_013,2024,10,16,NEON_DP3.30026.002_bidirectional,0.9282238483428956,0.0087040299549698,0.6447381377220154,0.1097756996750831,0.9153024554252625,0.0142453731968998,0.5922449231147766,0.083517238497734
DELA,DELA_014,2023,10,16,NEON_DP3.30026.002_bidirectional,0.8645289540290833,0.0083594555035233,0.405220627784729,0.0366131514310836,0.8249486088752747,0.0124592361971735,0.4048614799976349,0.0318303331732749
DELA,DELA_014,2024,10,16,NEON_DP3.30026.002_bidirectional,0.8666360974311829,0.0133946128189563,0.436707854270935,0.0434960946440696,0.8376092910766602,0.0192584954202175,0.427879273891449,0.0366501100361347
DELA,DELA_015,2023,10,16,NEON_DP3.30026.002_bidirectional,0.9191396236419678,0.0115409614518284,0.6715099811553955,0.0838410407304763,0.895871639251709,0.0161895118653774,0.6152350306510925,0.0621546544134616
DELA,DELA_015,2024,10,16,NEON_DP3.30026.002_bidirectional,0.912661910057068,0.0134537238627672,0.6965975761413574,0.0867853462696075,0.8936470746994019,0.0177017096430063,0.6289017200469971,0.0632169172167778
DELA,DELA_016,2023,10,16,NEON_DP3.30026.002_bidirectional,0.8506258130073547,0.0188827309757471,0.4068602919578552,0.0340599492192268,0.7996811866760254,0.0289662424474954,0.4073450267314911,0.0294221807271242
DELA,DELA_016,2024,10,16,NEON_DP3.30026.002_bidirectional,0.8471905589103699,0.0145012969151139,0.4287002384662628,0.0396597310900688,0.8040928244590759,0.022291537374258,0.4242238998413086,0.0331599451601505
DELA,DELA_017,2023,10,16,NEON_DP3.30026.002_bidirectional,0.9347319602966307,0.015512921847403,0.6940085291862488,0.1227250099182128,0.9193233847618104,0.024190155789256,0.628577470779419,0.0911899432539939
DELA,DELA_017,2024,10,16,NEON_DP3.30026.002_bidirectional,0.918883204460144,0.0067578293383121,0.6606273651123047,0.117318220436573,0.9013497233390808,0.0114361448213458,0.6015995144844055,0.0896680951118469
DELA,DELA_018,2023,10,16,NEON_DP3.30026.002_bidirectional,0.9318836331367492,0.0128894364461302,0.5989635586738586,0.1079380884766578,0.9146863222122192,0.0165052749216556,0.5599985122680664,0.0859425291419029
DELA,DELA_018,2024,10,16,NEON_DP3.30026.002_bidirectional,0.9197214245796204,0.0114468168467283,0.6041800379753113,0.097085915505886,0.901078462600708,0.0133444191887974,0.5615171790122986,0.0767854079604148
DELA,DELA_019,2023,10,16,NEON_DP3.30026.002_bidirectional,0.8585036993026733,0.0757858082652092,0.4824391007423401,0.1388193368911743,0.8442477583885193,0.0754883885383606,0.4589071869850158,0.1157885864377021
DELA,DELA_019,2024,10,16,NEON_DP3.30026.002_bidirectional,0.8642368912696838,0.0860389769077301,0.4606004953384399,0.1462167203426361,0.8769011497497559,0.0910404697060585,0.435203492641449,0.1229953244328498
DELA,DELA_020,2023,10,16,NEON_DP3.30026.002_bidirectional,0.9360268115997314,0.006921743042767,0.6558232307434082,0.06788831949234,0.9181069135665894,0.0109355701133608,0.6086989045143127,0.0504793301224708
DELA,DELA_020,2024,10,16,NEON_DP3.30026.002_bidirectional,0.9268081188201904,0.0056676776148378,0.65115886926651,0.0807801708579063,0.9139520525932312,0.0085630314424633,0.5994449257850647,0.0596540756523609
DELA,DELA_021,2023,10,16,NEON_DP3.30026.002_bidirectional,0.9058724641799928,0.0206650160253047,0.6166183948516846,0.0659924745559692,0.8739826083183289,0.0293615628033876,0.5779458284378052,0.0522200092673301
DELA,DELA_021,2024,10,16,NEON_DP3.30026.002_bidirectional,0.9086092710494996,0.0123901041224598,0.6736204624176025,0.0755371525883674,0.8840781450271606,0.0181503295898437,0.6147049069404602,0.0576503984630107
DELA,DELA_022,2023,10,16,NEON_DP3.30026.002_bidirectional,0.9362407922744752,0.0089591555297374,0.6420812010765076,0.0796281099319458,0.9193362593650818,0.013448067009449,0.5953465700149536,0.0606665760278701
DELA,DELA_022,2024,10,16,NEON_DP3.30026.002_bidirectional,0.9304164052009584,0.0068491091951727,0.667172372341156,0.0805922001600265,0.9176539778709412,0.010684204287827,0.6084314584732056,0.0595779381692409
DELA,DELA_023,2023,10,16,NEON_DP3.30026.002_bidirectional,0.9297583103179932,0.0130863115191459,0.6021108031272888,0.1375103741884231,0.9099909663200378,0.0192611590027809,0.5602834224700928,0.1040221229195594
DELA,DELA_023,2024,10,16,NEON_DP3.30026.002_bidirectional,0.9242343306541444,0.0099562210962176,0.6181595921516418,0.135990098118782,0.910723090171814,0.0147568983957171,0.5682227611541748,0.1009606346487999
DELA,DELA_037,2023,10,16,NEON_DP3.30026.002_bidirectional,0.891200065612793,0.0415823273360729,0.5486387014389038,0.1008874103426933,0.8615300059318542,0.0520210415124893,0.520329475402832,0.0848267525434494
DELA,DELA_037,2024,10,16,NEON_DP3.30026.002_bidirectional,0.9078152775764464,0.0264702755957841,0.5820826888084412,0.1017594635486602,0.8916367888450623,0.0339574255049228,0.5430461764335632,0.0832076892256736
DELA,DELA_038,2023,10,16,NEON_DP3.30026.002_bidirectional,0.9383730292320251,0.0067494846880435,0.6264429092407227,0.1004502698779106,0.9232085347175598,0.0103033492341637,0.5789400935173035,0.0773850753903389
DELA,DELA_038,2024,10,16,NEON_DP3.30026.002_bidirectional,0.9230613112449646,0.0041583529673516,0.6322370767593384,0.1003798097372055,0.903060019016266,0.0063395528122782,0.5818632245063782,0.0775778442621231
DELA,DELA_039,2023,10,16,NEON_DP3.30026.002_bidirectional,0.9374580979347228,0.0082694552838802,0.6313216090202332,0.0810366943478584,0.9224472045898438,0.0117465360090136,0.5865989327430725,0.0625160038471221
DELA,DELA_039,2024,10,16,NEON_DP3.30026.002_bidirectional,0.9213836789131165,0.0051905871368944,0.6284816265106201,0.0907373577356338,0.9045198559761048,0.0093309935182333,0.5804499387741089,0.0692572519183158
DELA,DELA_040,2023,10,16,NEON_DP3.30026.002_bidirectional,0.9303852319717408,0.009829775430262,0.6844002604484558,0.0718207582831382,0.9105716347694396,0.015000264160335,0.6270302534103394,0.0526827052235603
DELA,DELA_040,2024,10,16,NEON_DP3.30026.002_bidirectional,0.913040280342102,0.0150214424356818,0.6807736158370972,0.0895323306322097,0.8928734064102173,0.0211973767727613,0.618574857711792,0.0669282600283622
DELA,DELA_041,2023,10,16,NEON_DP3.30026.002_bidirectional,0.9195083379745485,0.0178659781813621,0.5923721194267273,0.0957625657320022,0.8958957195281982,0.0246653798967599,0.5538668632507324,0.0729176178574562
DELA,DELA_041,2024,10,16,NEON_DP3.30026.002_bidirectional,0.9107378721237184,0.0147957885637879,0.6243458986282349,0.0930080935359001,0.8863863348960876,0.0197744239121675,0.5774838924407959,0.070103146135807
DELA,DELA_042,2023,10,16,NEON_DP3.30026.002_bidirectional,0.9428658485412598,0.0081867901608347,0.669645369052887,0.0873531848192215,0.9309665560722352,0.0123907485976815,0.6138144135475159,0.0671975910663604
DELA,DELA_042,2024,10,16,NEON_DP3.30026.002_bidirectional,0.9276068210601808,0.0057167671620845,0.6465318202972412,0.0955981165170669,0.9144557118415833,0.0090950652956962,0.5926976203918457,0.0742353051900863
DELA,DELA_043,2023,10,16,NEON_DP3.30026.002_bidirectional,0.939738392829895,0.0089383507147431,0.6486514806747437,0.103265643119812,0.9241563081741332,0.0128377601504325,0.5970548391342163,0.0795678123831749
DELA,DELA_043,2024,10,16,NEON_DP3.30026.002_bidirectional,0.922004461288452,0.0089695928618311,0.6401139497756958,0.1078903004527092,0.9015706777572632,0.0108865974470973,0.5881269574165344,0.0837128311395645
DELA,DELA_044,2023,10,16,NEON_DP3.30026.002_bidirectional,0.9355566501617432,0.0097125070169568,0.6256948709487915,0.0733881890773773,0.9220336079597472,0.0144273778423666,0.5794761180877686,0.0570879504084587
DELA,DELA_044,2024,10,16,NEON_DP3.30026.002_bidirectional,0.9190412759780884,0.0044883480295538,0.6235488653182983,0.0867078602313995,0.9028883576393129,0.0075102592818439,0.5742422342300415,0.0676720887422561
DELA,DELA_045,2023,10,16,NEON_DP3.30026.002_bidirectional,0.916562795639038,0.0450093820691108,0.6540786623954773,0.1253919601440429,0.8963645100593567,0.0561335235834121,0.5993321537971497,0.0980147421360015
DELA,DELA_045,2024,10,16,NEON_DP3.30026.002_bidirectional,0.9206402897834778,0.0132246166467666,0.6296245455741882,0.1188118383288383,0.9109400510787964,0.0143635580316185,0.576732337474823,0.0935763567686081
DELA,DELA_046,2023,10,16,NEON_DP3.30026.002_bidirectional,0.9264310598373412,0.01124685164541,0.6000885367393494,0.0922561064362526,0.9063196778297424,0.0183695238083601,0.5622199773788452,0.0734852626919746
DELA,DELA_046,2024,10,16,NEON_DP3.30026.002_bidirectional,0.9117369651794434,0.0080542117357254,0.6033469438552856,0.0943922325968742,0.8902294039726257,0.0135109182447195,0.5616732835769653,0.0744750425219535
DELA,DELA_047,2023,10,16,NEON_DP3.30026.002_bidirectional,0.8959088921546936,0.0368917100131511,0.5226713418960571,0.0957305803894996,0.8710987567901611,0.0441964417695999,0.4987853765487671,0.0817543417215347
DELA,DELA_047,2024,10,16,NEON_DP3.30026.002_bidirectional,0.8948659300804138,0.0234374087303876,0.5372045040130615,0.0988123044371604,0.8780725002288818,0.0261576846241951,0.5055894255638123,0.0827434360980987
DELA,DELA_048,2023,10,16,NEON_DP3.30026.002_bidirectional,0.928392767906189,0.0146421287208795,0.6626901030540466,0.0910563915967941,0.9070940613746644,0.0225930120795965,0.6100381016731262,0.066045232117176
DELA,DELA_048,2024,10,16,NEON_DP3.30026.002_bidirectional,0.9145633578300476,0.0094607900828123,0.6373311281204224,0.1166606321930885,0.8908671140670776,0.0169296935200691,0.5867235064506531,0.0885131582617759
DELA,DELA_049,2023,10,16,NEON_DP3.30026.002_bidirectional,0.7361624836921692,0.1621069908142089,0.3737246096134186,0.1671741753816604,0.7278786301612854,0.1454026252031326,0.3597367405891418,0.1467534303665161
DELA,DELA_049,2024,10,16,NEON_DP3.30026.002_bidirectional,0.757534384727478,0.1422998905181884,0.3800918459892273,0.1670612394809723,0.7662009000778198,0.1347945183515548,0.3614417910575866,0.1436385959386825
DELA,DELA_050,2023,10,16,NEON_DP3.30026.002_bidirectional,0.9381687045097352,0.0064905481413006,0.6329872608184814,0.0704384669661521,0.9226855039596558,0.0100359739735722,0.5867780447006226,0.0530983358621597
DELA,DELA_050,2024,10,16,NEON_DP3.30026.002_bidirectional,0.9120932817459106,0.0108823720365762,0.5439278483390808,0.1211056932806968,0.8967944383621216,0.0139471692964434,0.511323094367981,0.0970841273665428
DELA,DELA_051,2023,10,16,NEON_DP3.30026.002_bidirectional,0.91941100358963,0.0190207939594984,0.6411421298980713,0.0818103104829788,0.8975169658660889,0.0223121866583824,0.5941283106803894,0.0657378137111663
DELA,DELA_051,2024,10,16,NEON_DP3.30026.002_bidirectional,0.9034215211868286,0.0142005989328026,0.6293269991874695,0.0893083959817886,0.8800779581069946,0.014006488956511,0.5812574625015259,0.0709617212414741
DELA,DELA_052,2023,10,16,NEON_DP3.30026.002_bidirectional,0.9441229104995728,0.0101474300026893,0.6096647381782532,0.1039979681372642,0.9297754168510436,0.015568328090012,0.5663862228393555,0.0812633708119392
DELA,DELA_052,2024,10,16,NEON_DP3.30026.002_bidirectional,0.9252545833587646,0.0081254700198769,0.6160736083984375,0.0962023064494133,0.909373104572296,0.0132428603246808,0.5685179233551025,0.0744795054197311
DELA,DELA_053,2023,10,16,NEON_DP3.30026.002_bidirectional,0.9409040808677672,0.0063246884383261,0.5901333093643188,0.1344690918922424,0.9274766445159912,0.0112535506486892,0.5520897507667542,0.1051792129874229
DELA,DELA_053,2024,10,16,NEON_DP3.30026.002_bidirectional,0.9287468791007996,0.0042375260964035,0.5720458626747131,0.1454471796751022,0.9214988946914672,0.0105944136157631,0.5321058034896851,0.1151233091950416
DELA,DELA_054,2023,10,16,NEON_DP3.30026.002_bidirectional,0.8904632329940796,0.0434287749230861,0.5746477842330933,0.0913531184196472,0.8581341505050659,0.0517945997416973,0.5422602295875549,0.0745049566030502
DELA,DELA_054,2024,10,16,NEON_DP3.30026.002_bidirectional,0.9047083258628844,0.0271240081638097,0.5949589014053345,0.1126686334609985,0.8879562020301819,0.0314795039594173,0.5518677830696106,0.0867381617426872
DELA,DELA_055,2023,10,16,NEON_DP3.30026.002_bidirectional,0.9194279909133912,0.0257745776325464,0.6468058824539185,0.1058012545108795,0.8972645998001099,0.032518234103918,0.594771683216095,0.0791033059358596
DELA,DELA_055,2024,10,16,NEON_DP3.30026.002_bidirectional,0.9125553965568542,0.0124856447800993,0.6060279607772827,0.141021266579628,0.8904711604118347,0.0186528991907835,0.5611957311630249,0.1112248972058296
DELA,DELA_056,2023,10,16,NEON_DP3.30026.002_bidirectional,0.9170660376548768,0.0199359562247991,0.6376173496246338,0.0941853374242782,0.8954415321350098,0.021461522206664,0.5907864570617676,0.0787585824728012
DELA,DELA_056,2024,10,16,NEON_DP3.30026.002_bidirectional,0.9084802865982056,0.0204154849052429,0.6222590208053589,0.1007936596870422,0.8988359570503235,0.0172826685011386,0.5722628831863403,0.083112321794033
DELA,DELA_059,2023,10,16,NEON_DP3.30026.002_bidirectional,0.932543396949768,0.0105618685483932,0.6702630519866943,0.1005489006638526,0.9117582440376282,0.0158292055130004,0.6162585020065308,0.0759208127856254
DELA,DELA_059,2024,10,16,NEON_DP3.30026.002_bidirectional,0.927894115447998,0.0078390659764409,0.6645638346672058,0.1165364682674408,0.9148498773574828,0.0128583535552024,0.604987621307373,0.0875470638275146
GRSM,GRSM_001,2016,10,16,NEON_DP3.30026.002_bidirectional,0.8976269960403442,0.0178038142621517,0.693031370639801,0.1168114319443702,0.9271935820579528,0.0268028769642114,0.6012536287307739,0.0890071168541908
GRSM,GRSM_001,2022,10,16,NEON_DP3.30026.002_bidirectional,0.9136409759521484,0.0082522071897983,0.7196063995361328,0.0611671023070812,0.913303017616272,0.0100443055853247,0.638037919998169,0.0444759503006935
GRSM,GRSM_002,2016,10,16,NEON_DP3.30026.002_bidirectional,0.908183217048645,0.0214329082518816,0.7091944217681885,0.0732152312994003,0.9102014899253844,0.0310073066502809,0.6275172829627991,0.0526044555008411
GRSM,GRSM_002,2022,10,16,NEON_DP3.30026.002_bidirectional,0.8826762437820435,0.017549505457282,0.5642451047897339,0.047998160123825,0.8817583322525024,0.0268165431916713,0.5228464007377625,0.0382489189505577
GRSM,GRSM_003,2016,10,16,NEON_DP3.30026.002_bidirectional,0.915157675743103,0.0048186965286731,0.7693576216697693,0.0507515706121921,0.9258390069007874,0.0072207385674119,0.6646629571914673,0.0352935791015625
GRSM,GRSM_003,2022,10,16,NEON_DP3.30026.002_bidirectional,0.8845140337944031,0.0144855063408613,0.6299254894256592,0.1140419095754623,0.9289309978485109,0.0293383356183767,0.5493524670600891,0.0826820880174636
GRSM,GRSM_004,2016,10,16,NEON_DP3.30026.002_bidirectional,0.913688063621521,0.0084036057814955,0.6732866764068604,0.0973129644989967,0.9330325722694396,0.0257411785423755,0.5972678661346436,0.0742563977837562
GRSM,GRSM_005,2016,10,8,NEON_DP3.30026.002_bidirectional,0.9199567437171936,0.0101184407249093,0.7638504505157471,0.0206332951784133,0.937769055366516,0.0153431659564375,0.6586353778839111,0.0147182298824191
GRSM,GRSM_005,2022,10,8,NEON_DP3.30026.002_bidirectional,0.8939589262008667,0.0120011260733008,0.6240233778953552,0.0957885384559631,0.9016338586807252,0.020504605025053,0.562038779258728,0.0683177411556243
GRSM,GRSM_006,2016,10,16,NEON_DP3.30026.002_bidirectional,0.8960793614387512,0.0120100146159529,0.6544618606567383,0.0458292737603187,0.8783108592033386,0.0146096805110573,0.5972927808761597,0.0342940129339695
GRSM,GRSM_006,2022,10,16,NEON_DP3.30026.002_bidirectional,0.8857018351554871,0.0113178417086601,0.5425129532814026,0.0537721142172813,0.880635142326355,0.0190299283713102,0.5082042217254639,0.042552463710308
GRSM,GRSM_007,2016,10,16,NEON_DP3.30026.002_bidirectional,0.902430534362793,0.00673931511119,0.7296565771102905,0.102752573788166,0.9226916432380676,0.0133870337158441,0.628411591053009,0.0714587122201919
GRSM,GRSM_007,2022,10,16,NEON_DP3.30026.002_bidirectional,0.8971455693244934,0.0136461108922958,0.7869186401367188,0.0679792612791061,0.8961455225944519,0.017151840031147,0.6755452752113342,0.047350600361824
GRSM,GRSM_008,2016,10,16,NEON_DP3.30026.002_bidirectional,0.8878082633018494,0.0106958141550421,0.7235054969787598,0.0537773557007312,0.8898533582687378,0.0155230797827243,0.6304612159729004,0.0356757529079914
GRSM,GRSM_008,2022,10,16,NEON_DP3.30026.002_bidirectional,0.8818681836128235,0.0106566725298762,0.7495414614677429,0.037969022989273,0.8808570504188538,0.0141389742493629,0.6466053128242493,0.0249537825584411
GRSM,GRSM_009,2016,10,16,NEON_DP3.30026.002_bidirectional,0.911781370639801,0.0078149028122425,0.7955912351608276,0.0471232160925865,0.9299189448356628,0.0105096837505698,0.6750611066818237,0.0314489938318729
GRSM,GRSM_009,2022,10,16,NEON_DP3.30026.002_bidirectional,0.8842029571533203,0.020015412941575,0.6955238580703735,0.0744370743632316,0.8860749006271362,0.0219766534864902,0.6110177040100098,0.0562609434127807
GRSM,GRSM_010,2016,10,16,NEON_DP3.30026.002_bidirectional,0.8886414170265198,0.0112267695367336,0.6774221658706665,0.0841737985610961,0.9007793664932252,0.0323843844234943,0.5964539647102356,0.0634085983037948
GRSM,GRSM_010,2022,10,16,NEON_DP3.30026.002_bidirectional,0.8743357062339783,0.0090149454772472,0.7157415151596069,0.0688662230968475,0.868319571018219,0.0150574967265129,0.6245399713516235,0.0477474518120288
GRSM,GRSM_011,2016,10,16,NEON_DP3.30026.002_bidirectional,0.9240453839302064,0.0106530524790287,0.7759291529655457,0.0930811017751693,0.9380905628204346,0.0211247503757476,0.6691871285438538,0.0649884939193725
GRSM,GRSM_011,2022,10,16,NEON_DP3.30026.002_bidirectional,0.896122395992279,0.0113234370946884,0.6607922315597534,0.0993861258029937,0.9189587831497192,0.0356522053480148,0.5827209949493408,0.0779049545526504
GRSM,GRSM_012,2016,10,16,NEON_DP3.30026.002_bidirectional,0.910746693611145,0.0116065209731459,0.7737112045288086,0.0538959503173828,0.9192695021629332,0.0159222800284624,0.667104959487915,0.0363018326461315
GRSM,GRSM_012,2022,10,7,NEON_DP3.30026.002_bidirectional,0.9017966985702516,0.0228820461779832,0.6982436776161194,0.0642528235912323,0.9077511429786682,0.029593514278531,0.616943895816803,0.0474121049046516
GRSM,GRSM_013,2016,10,16,NEON_DP3.30026.002_bidirectional,0.913892149925232,0.0084357177838683,0.72728031873703,0.0622510313987731,0.9113329648971558,0.0100572891533374,0.6425877809524536,0.0463111624121665
GRSM,GRSM_013,2022,10,16,NEON_DP3.30026.002_bidirectional,0.8508390784263611,0.0279967281967401,0.510138213634491,0.0764000117778778,0.8491172194480896,0.0423887893557548,0.4750403165817261,0.0617925822734832
GRSM,GRSM_014,2016,10,16,NEON_DP3.30026.002_bidirectional,0.8940858244895935,0.0066715632565319,0.6632052063941956,0.0666292756795883,0.8952130675315857,0.0157854203134775,0.5933843851089478,0.0485591515898704
GRSM,GRSM_014,2022,10,16,NEON_DP3.30026.002_bidirectional,0.8824046850204468,0.0102466400712728,0.7592456340789795,0.0540409497916698,0.8792223930358887,0.0133476490154862,0.6537666916847229,0.0364228002727031
GRSM,GRSM_015,2016,10,16,NEON_DP3.30026.002_bidirectional,0.9079151153564452,0.0079144416376948,0.7041075229644775,0.0857339426875114,0.9196276664733888,0.0224184207618236,0.6193022727966309,0.0634530335664749
GRSM,GRSM_015,2022,10,16,NEON_DP3.30026.002_bidirectional,0.861423909664154,0.0151368323713541,0.4866147339344024,0.0944078043103218,0.8828079700469971,0.0453245118260383,0.4542286396026611,0.0788262784481048
GRSM,GRSM_016,2016,10,16,NEON_DP3.30026.002_bidirectional,0.8305656313896179,0.0481013432145118,0.477623850107193,0.0792886465787887,0.7825998067855835,0.0651555433869361,0.4589907228946686,0.0664761960506439
GRSM,GRSM_017,2016,10,16,NEON_DP3.30026.002_bidirectional,0.9020026922225952,0.0094341859221458,0.6288116574287415,0.0577840730547905,0.9235308170318604,0.0161153674125671,0.5634032487869263,0.0438528172671794
GRSM,GRSM_017,2022,10,16,NEON_DP3.30026.002_bidirectional,0.8826237320899963,0.0102985501289367,0.6682541966438293,0.0484258346259593,0.8772760629653931,0.0142735382542014,0.5966144800186157,0.0343566723167896
GRSM,GRSM_018,2016,10,16,NEON_DP3.30026.002_bidirectional,0.9276386499404908,0.0063241040334105,0.7551279067993164,0.0502051264047622,0.944427251815796,0.0094846570864319,0.6572641134262085,0.0357109308242797
GRSM,GRSM_018,2022,10,16,NEON_DP3.30026.002_bidirectional,0.9041519165039062,0.0063371527940034,0.7077955603599548,0.0826756283640861,0.916487455368042,0.0160638783127069,0.6205017566680908,0.0599451288580894
GRSM,GRSM_019,2016,10,16,NEON_DP3.30026.002_bidirectional,0.9136744737625122,0.0129786320030689,0.7531698942184448,0.0463555790483951,0.904811143875122,0.0167425740510225,0.665915310382843,0.0333026945590972
GRSM,GRSM_019,2022,10,16,NEON_DP3.30026.002_bidirectional,0.8722844123840332,0.0155935836955904,0.5588916540145874,0.0490286760032177,0.8483990430831909,0.0237053539603948,0.5250791907310486,0.0393926873803138
GRSM,GRSM_025,2016,10,16,NEON_DP3.30026.002_bidirectional,0.8254070281982422,0.0385418124496936,0.4782218337059021,0.0902170166373252,0.7759613394737244,0.0521279536187648,0.4588505625724792,0.0751523450016975
GRSM,GRSM_047,2016,10,16,NEON_DP3.30026.002_bidirectional,0.8884545564651489,0.0105335116386413,0.6635901927947998,0.0494492352008819,0.8956511616706848,0.0150728244334459,0.5889449119567871,0.0365739800035953
GRSM,GRSM_047,2022,10,16,NEON_DP3.30026.002_bidirectional,0.8433635830879211,0.030691472813487,0.630755603313446,0.0558190643787384,0.8267228603363037,0.0427677631378173,0.564915120601654,0.0425129123032093
GRSM,GRSM_048,2016,10,12,NEON_DP3.30026.002_bidirectional,0.8882822394371033,0.018366739153862,0.6987980008125305,0.0816939622163772,0.9021349549293518,0.0217895526438951,0.6079160571098328,0.057759404182434
GRSM,GRSM_048,2022,10,12,NEON_DP3.30026.002_bidirectional,0.8945589661598206,0.013744200579822,0.749657928943634,0.0649770870804786,0.8941691517829895,0.0179372429847717,0.6505699753761292,0.0457023717463016
GRSM,GRSM_049,2016,10,16,NEON_DP3.30026.002_bidirectional,0.9197266697883606,0.0047192615456879,0.7610263824462891,0.0316881984472274,0.943593204021454,0.0081334868445992,0.6539371609687805,0.0226539578288793
GRSM,GRSM_049,2022,10,16,NEON_DP3.30026.002_bidirectional,0.9034932851791382,0.0098715759813785,0.7245518565177917,0.0369349904358387,0.9109614491462708,0.011225645430386,0.6339089870452881,0.0271731261163949
GRSM,GRSM_050,2016,10,16,NEON_DP3.30026.002_bidirectional,0.8737057447433472,0.014357790350914,0.7186053991317749,0.0533150471746921,0.8823001384735107,0.0218744594603776,0.6184056997299194,0.035662330687046
GRSM,GRSM_050,2022,10,16,NEON_DP3.30026.002_bidirectional,0.8808773756027222,0.0080823367461562,0.7772504091262817,0.0555142313241958,0.8808858394622803,0.0144994426518678,0.6620190739631653,0.0383347384631633
GRSM,GRSM_051,2016,10,16,NEON_DP3.30026.002_bidirectional,0.8674970269203186,0.0392796918749809,0.6497706770896912,0.1040465682744979,0.8713052868843079,0.0422105900943279,0.5748515129089355,0.0787864401936531
GRSM,GRSM_051,2022,10,16,NEON_DP3.30026.002_bidirectional,0.8539863228797913,0.0390444695949554,0.6799049377441406,0.0671390444040298,0.8378642201423645,0.0540173314511776,0.6006393432617188,0.0495033077895641
GRSM,GRSM_052,2016,10,16,NEON_DP3.30026.002_bidirectional,0.9106876850128174,0.012230790220201,0.7507519721984863,0.0566616281867027,0.9307690262794496,0.0164558161050081,0.6460881233215332,0.0386961698532104
GRSM,GRSM_052,2022,10,16,NEON_DP3.30026.002_bidirectional,0.892646074295044,0.0136404056102037,0.7345764636993408,0.0623486936092376,0.89304518699646,0.0176659245043993,0.6397737264633179,0.0437823422253131
GRSM,GRSM_053,2016,10,16,NEON_DP3.30026.002_bidirectional,0.8642835021018982,0.0080550396814942,0.6350663900375366,0.0472039580345153,0.8674300909042358,0.0115755852311849,0.5648282170295715,0.0329500064253807
GRSM,GRSM_053,2022,10,16,NEON_DP3.30026.002_bidirectional,0.878484845161438,0.007143847644329,0.7263275384902954,0.0360165052115917,0.8749303817749023,0.0095603764057159,0.6323868036270142,0.0248546749353408
GRSM,GRSM_054,2016,10,16,NEON_DP3.30026.002_bidirectional,0.8759521245956421,0.0169545523822307,0.6438435316085815,0.0505500137805938,0.8871142268180847,0.0196394324302673,0.5705413818359375,0.0383823364973068
GRSM,GRSM_054,2022,10,16,NEON_DP3.30026.002_bidirectional,0.8737934231758118,0.0149060636758804,0.6794803738594055,0.0496595576405525,0.8688738942146301,0.0218580309301614,0.6006131172180176,0.0358218513429164
GRSM,GRSM_055,2016,10,16,NEON_DP3.30026.002_bidirectional,0.8717758655548096,0.0159948617219924,0.6508214473724365,0.0713468119502067,0.8822866082191467,0.0213730949908494,0.5731202960014343,0.0496578589081764
GRSM,GRSM_055,2022,10,16,NEON_DP3.30026.002_bidirectional,0.8843856453895569,0.0153603004291653,0.7221473455429077,0.0713301673531532,0.8790515661239624,0.0205796174705028,0.6317766308784485,0.0513383857905864
GRSM,GRSM_056,2016,10,16,NEON_DP3.30026.002_bidirectional,0.903714120388031,0.022032581269741,0.6471279859542847,0.0959923565387725,0.9274678826332092,0.0315683931112289,0.5743199586868286,0.071194015443325
GRSM,GRSM_056,2022,10,16,NEON_DP3.30026.002_bidirectional,0.8901250958442688,0.0152585953474044,0.7395285367965698,0.061577096581459,0.8998226523399353,0.0179423242807388,0.636533796787262,0.044627021998167
GRSM,GRSM_057,2016,10,16,NEON_DP3.30026.002_bidirectional,0.863804042339325,0.010407774709165,0.6535394787788391,0.0439650453627109,0.8720952868461609,0.0166577789932489,0.5741161108016968,0.0308293402194976
GRSM,GRSM_057,2022,10,16,NEON_DP3.30026.002_bidirectional,0.8627045750617981,0.018990933895111,0.7121144533157349,0.0411132052540779,0.8518494367599487,0.0270694680511951,0.6215967535972595,0.0287668015807867
GRSM,GRSM_058,2016,10,16,NEON_DP3.30026.002_bidirectional,0.8859338164329529,0.0128363873809576,0.5957980155944824,0.054429218173027,0.9022244215011596,0.014235938899219,0.5388460159301758,0.0403373762965202
GRSM,GRSM_058,2022,10,16,NEON_DP3.30026.002_bidirectional,0.8883572220802307,0.0099686365574598,0.743046760559082,0.0431428849697113,0.8928123712539673,0.0154841961339116,0.6415680646896362,0.0305904801934957
GRSM,GRSM_059,2016,10,16,NEON_DP3.30026.002_bidirectional,0.8946991562843323,0.0139043163508176,0.6780480742454529,0.0490529164671897,0.911137044429779,0.0186528153717517,0.595831036567688,0.0364429578185081
GRSM,GRSM_059,2022,10,16,NEON_DP3.30026.002_bidirectional,0.8769990801811218,0.0159135088324546,0.6740687489509583,0.0421779528260231,0.8742427825927734,0.0215223245322704,0.5973336100578308,0.0306340306997299
GRSM,GRSM_060,2016,10,12,NEON_DP3.30026.002_bidirectional,0.900048553943634,0.0084297442808747,0.7625980973243713,0.0417984835803508,0.9169227480888368,0.01167175732553,0.651149570941925,0.0295655131340026
GRSM,GRSM_060,2022,10,12,NEON_DP3.30026.002_bidirectional,0.8903508186340332,0.0098279900848865,0.7459272742271423,0.0433334484696388,0.8960598111152649,0.0111012812703847,0.6430999636650085,0.030828908085823
GRSM,GRSM_061,2016,10,12,NEON_DP3.30026.002_bidirectional,0.9010801911354064,0.0170566532760858,0.7196791172027588,0.0848597884178161,0.9223676323890686,0.0289959199726581,0.6220958828926086,0.0639283210039138
GRSM,GRSM_061,2022,10,12,NEON_DP3.30026.002_bidirectional,0.900301456451416,0.0104300491511821,0.7388753294944763,0.0786331221461296,0.9054617881774902,0.0166615545749664,0.6424651741981506,0.0562173351645469
GRSM,GRSM_062,2016,10,16,NEON_DP3.30026.002_bidirectional,0.876433789730072,0.0168652087450027,0.7054405212402344,0.0550162345170974,0.8763799667358398,0.022145802155137,0.6162771582603455,0.0401048809289932
GRSM,GRSM_062,2022,10,16,NEON_DP3.30026.002_bidirectional,0.8376567363739014,0.0250133853405714,0.679370105266571,0.0716391205787658,0.806679904460907,0.0331684648990631,0.6032791137695312,0.053356721997261
GRSM,GRSM_063,2016,10,16,NEON_DP3.30026.002_bidirectional,0.8683716654777527,0.0134642543271183,0.6476708650588989,0.0607816465198993,0.873678982257843,0.0161832012236118,0.5730913281440735,0.0430664867162704
GRSM,GRSM_063,2022,10,16,NEON_DP3.30026.002_bidirectional,0.8783053159713745,0.0096705965697765,0.7196548581123352,0.0448565855622291,0.872949481010437,0.0109352404251694,0.6291846036911011,0.0321780703961849
GRSM,GRSM_064,2016,10,16,NEON_DP3.30026.002_bidirectional,0.8806785941123962,0.0122339474037289,0.6650198698043823,0.0417919531464576,0.8894966840744019,0.0183988884091377,0.5869821310043335,0.0291564278304576
GRSM,GRSM_064,2022,10,16,NEON_DP3.30026.002_bidirectional,0.8928245306015015,0.0085400119423866,0.7132943868637085,0.0307350270450115,0.8918436765670776,0.0122110787779092,0.6276066303253174,0.0222004819661378
GRSM,GRSM_065,2016,10,16,NEON_DP3.30026.002_bidirectional,0.8874944448471069,0.0197688546031713,0.6989313364028931,0.0616999007761478,0.9008530378341676,0.0245687086135149,0.6085962653160095,0.0447377003729343
GRSM,GRSM_065,2022,10,16,NEON_DP3.30026.002_bidirectional,0.8977503180503845,0.0102685457095503,0.7518345713615417,0.0451977737247943,0.894445538520813,0.0140925301238894,0.6557530760765076,0.0315440073609352
GRSM,GRSM_066,2016,10,16,NEON_DP3.30026.002_bidirectional,0.8753744959831238,0.0170110799372196,0.6401453018188477,0.0691430196166038,0.8806968331336975,0.0210200659930706,0.5702972412109375,0.0498659126460552
GRSM,GRSM_066,2022,10,16,NEON_DP3.30026.002_bidirectional,0.8889074921607971,0.0100862588733434,0.7196458578109741,0.0394429229199886,0.8863173723220825,0.015322308987379,0.6314364075660706,0.0290836058557033
HARV,HARV_001,2022,10,16,NEON_DP3.30026.002_bidirectional,0.9068396091461182,0.009967996738851,0.676771879196167,0.0824534371495246,0.8881503343582153,0.015635484829545,0.6152504086494446,0.0613889284431934
HARV,HARV_001,2024,10,16,NEON_DP3.30026.002_bidirectional,0.9095425605773926,0.0133768394589424,0.6120592951774597,0.0731458440423011,0.8943513035774231,0.0200584027916193,0.5670420527458191,0.0560285151004791
HARV,HARV_001,2025,10,16,NEON_DP3.30026.002_bidirectional,0.91092050075531,0.0179905910044908,0.5935468673706055,0.1095824092626571,0.8921849131584167,0.0293201170861721,0.5528770685195923,0.0840815901756286
HARV,HARV_002,2022,10,16,NEON_DP3.30026.002_bidirectional,0.8728981614112854,0.0245800465345382,0.6268893480300903,0.051161665469408,0.8403448462486267,0.030224323272705,0.5785648226737976,0.0408676527440547
HARV,HARV_002,2024,10,16,NEON_DP3.30026.002_bidirectional,0.8828219771385193,0.0212040264159441,0.5793789029121399,0.0543147549033165,0.8542481064796448,0.0254307407885789,0.5429914593696594,0.0425452925264835
HARV,HARV_002,2025,10,16,NEON_DP3.30026.002_bidirectional,0.8846777081489563,0.0182627011090517,0.5969127416610718,0.062149167060852,0.8595700860023499,0.0216932334005832,0.5541945695877075,0.0486963056027889
HARV,HARV_004,2022,10,16,NEON_DP3.30026.002_bidirectional,0.8889657855033875,0.0197474379092454,0.612546443939209,0.0703862830996513,0.8678131699562073,0.0248536821454763,0.5647692084312439,0.0527172498404979
HARV,HARV_004,2024,10,16,NEON_DP3.30026.002_bidirectional,0.8900325298309326,0.0211219582706689,0.5601297616958618,0.0682310834527015,0.8763619661331177,0.0248395930975675,0.5213783383369446,0.0530133619904518
HARV,HARV_004,2025,10,16,NEON_DP3.30026.002_bidirectional,0.9111477136611938,0.0191251318901777,0.5866095423698425,0.0665841177105903,0.9004912972450256,0.022557808086276,0.5436156988143921,0.0506669804453849
HARV,HARV_005,2022,10,16,NEON_DP3.30026.002_bidirectional,0.8869574069976807,0.0189226102083921,0.6167729496955872,0.0360457524657249,0.8670873641967773,0.024307370185852,0.5675356984138489,0.028507700189948
HARV,HARV_005,2024,10,16,NEON_DP3.30026.002_bidirectional,0.8966575264930725,0.012860182672739,0.5395039916038513,0.0446844436228275,0.8732433915138245,0.0193748511373996,0.5130497217178345,0.035246942192316
HARV,HARV_005,2025,10,16,NEON_DP3.30026.002_bidirectional,0.9010113477706908,0.0130049660801887,0.5578718781471252,0.060289517045021,0.8858796954154968,0.0217050071805715,0.5226209163665771,0.0459654256701469
HARV,HARV_006,2022,10,8,NEON_DP3.30026.002_bidirectional,0.8914371728897095,0.0152012389153242,0.6666330099105835,0.0616087689995765,0.870213508605957,0.0206689685583114,0.6024139523506165,0.0473650768399238
HARV,HARV_006,2024,10,8,NEON_DP3.30026.002_bidirectional,0.8926495313644409,0.0116207115352153,0.5935384035110474,0.0569515451788902,0.8701092004776001,0.0173294525593519,0.550528883934021,0.0449937395751476
HARV,HARV_006,2025,10,8,NEON_DP3.30026.002_bidirectional,0.9029558897018432,0.0113864839076995,0.6409133672714233,0.0597308166325092,0.8820808529853821,0.0176565703004598,0.586642861366272,0.0446421727538108
HARV,HARV_008,2022,10,16,NEON_DP3.30026.002_bidirectional,0.9096708297729492,0.0135790789499878,0.7067470550537109,0.0681249722838401,0.8955867290496826,0.0165317133069038,0.63480144739151,0.0506952479481697
HARV,HARV_008,2024,10,16,NEON_DP3.30026.002_bidirectional,0.898980438709259,0.0124637028202414,0.6112844347953796,0.0551601015031337,0.8833431005477905,0.0167216900736093,0.565359354019165,0.0431344993412494
HARV,HARV_008,2025,10,16,NEON_DP3.30026.002_bidirectional,0.91399884223938,0.0110242636874318,0.6634007096290588,0.0765502378344535,0.8984609246253967,0.0161322578787803,0.6050886511802673,0.0575184412300586
HARV,HARV_010,2022,10,16,NEON_DP3.30026.002_bidirectional,0.8870543241500854,0.0287373177707195,0.6737349629402161,0.0981870740652084,0.8683086633682251,0.0336453467607498,0.6066350936889648,0.0743477270007133
HARV,HARV_010,2024,10,16,NEON_DP3.30026.002_bidirectional,0.9017373919487,0.0202365461736917,0.6109021306037903,0.1011765822768211,0.8869165182113647,0.0246934667229652,0.5619466304779053,0.0779404789209365
HARV,HARV_010,2025,10,16,NEON_DP3.30026.002_bidirectional,0.9029957056045532,0.0162192806601524,0.6373409628868103,0.0990628823637962,0.8864059448242188,0.0209672302007675,0.5824082493782043,0.0743147432804107
HARV,HARV_011,2022,10,16,NEON_DP3.30026.002_bidirectional,0.9105547666549684,0.0079079000279307,0.6875982284545898,0.0519982986152172,0.892627477645874,0.0108817797154188,0.6237190961837769,0.0370477810502052
HARV,HARV_011,2024,10,16,NEON_DP3.30026.002_bidirectional,0.9016472101211548,0.0144902784377336,0.5959842801094055,0.0706434473395347,0.8876876831054688,0.0179902743548154,0.5520004034042358,0.0547092482447624
HARV,HARV_011,2025,10,16,NEON_DP3.30026.002_bidirectional,0.9115430116653442,0.0162380076944828,0.6169552206993103,0.0733259841799736,0.8975889682769775,0.019494142383337,0.5689561367034912,0.0560267791152
HARV,HARV_012,2022,10,16,NEON_DP3.30026.002_bidirectional,0.8746535778045654,0.023152407258749,0.6360464096069336,0.0623404756188392,0.8407180309295654,0.0338037870824337,0.5861349701881409,0.0486405864357948
HARV,HARV_012,2024,10,16,NEON_DP3.30026.002_bidirectional,0.8868333101272583,0.0163942240178585,0.5927910208702087,0.0878554731607437,0.862632155418396,0.0215476527810096,0.5509881377220154,0.0687297657132148
HARV,HARV_012,2025,10,16,NEON_DP3.30026.002_bidirectional,0.8980241417884827,0.0157554410398006,0.5964118242263794,0.073387898504734,0.8723949193954468,0.025459261611104,0.557025671005249,0.0560038276016712
HARV,HARV_013,2022,10,12,NEON_DP3.30026.002_bidirectional,0.8440312743186951,0.0213690791279077,0.5131086707115173,0.0553326308727264,0.8218567371368408,0.027533134445548,0.4810477495193481,0.0440530255436897
HARV,HARV_013,2024,10,12,NEON_DP3.30026.002_bidirectional,0.8654758930206299,0.0147961406037211,0.5048074722290039,0.0554471425712108,0.8509197235107422,0.0164764374494552,0.4748579263687134,0.0440622046589851
HARV,HARV_013,2025,10,12,NEON_DP3.30026.002_bidirectional,0.8692740797996521,0.0161584671586751,0.5357824563980103,0.0511435568332672,0.8551306128501892,0.0202945824712514,0.4993452727794647,0.0398110188543796
HARV,HARV_014,2022,10,16,NEON_DP3.30026.002_bidirectional,0.882452666759491,0.0237306468188762,0.5709980130195618,0.0875112265348434,0.8660107851028442,0.0293785668909549,0.5288384556770325,0.068934328854084
HARV,HARV_014,2024,10,16,NEON_DP3.30026.002_bidirectional,0.8824170231819153,0.0192804485559463,0.5148512721061707,0.0862781554460525,0.8635886907577515,0.0244368035346269,0.4875070452690124,0.071188099682331
HARV,HARV_014,2025,10,16,NEON_DP3.30026.002_bidirectional,0.9169660806655884,0.014983301050961,0.5234523415565491,0.1069415360689163,0.9099242091178894,0.0205671899020671,0.4920967221260071,0.0866594091057777
HARV,HARV_015,2022,10,16,NEON_DP3.30026.002_bidirectional,0.9089275598526,0.0056223832070827,0.6849507689476013,0.0353953465819358,0.8837623000144958,0.006809358485043,0.6271870732307434,0.0263801924884319
HARV,HARV_015,2024,10,16,NEON_DP3.30026.002_bidirectional,0.90926194190979,0.0070519056171178,0.6261915564537048,0.0360756628215312,0.89626145362854,0.0075585530139505,0.5789023637771606,0.028493320569396
HARV,HARV_015,2025,10,16,NEON_DP3.30026.002_bidirectional,0.9043750762939452,0.0062393923290073,0.6349642276763916,0.0357974469661712,0.8901097774505615,0.0078911734744906,0.5840315222740173,0.0272739548236131
HARV,HARV_016,2022,10,16,NEON_DP3.30026.002_bidirectional,0.8997055292129517,0.0107669243589043,0.6538994908332825,0.0643385425209999,0.877413809299469,0.0146526861935853,0.5992351770401001,0.0479212515056133
HARV,HARV_016,2024,10,16,NEON_DP3.30026.002_bidirectional,0.8930131196975708,0.0149551955983042,0.5640344619750977,0.0577130801975727,0.8732184171676636,0.0227309800684452,0.5288988351821899,0.0449446029961109
HARV,HARV_016,2025,10,16,NEON_DP3.30026.002_bidirectional,0.9032312631607056,0.0136299123987555,0.5847100615501404,0.0717404782772064,0.8872926235198975,0.0178062804043293,0.5439875721931458,0.055574357509613
HARV,HARV_017,2022,10,16,NEON_DP3.30026.002_bidirectional,0.8956643342971802,0.0136050200089812,0.6574716567993164,0.0649590939283371,0.8733295202255249,0.0161996483802795,0.6002386808395386,0.049925472587347
HARV,HARV_017,2024,10,16,NEON_DP3.30026.002_bidirectional,0.8949047327041626,0.0119178658351302,0.5996462106704712,0.0669890567660331,0.8748194575309753,0.0166910216212272,0.5564839243888855,0.052706129848957
HARV,HARV_017,2025,10,16,NEON_DP3.30026.002_bidirectional,0.9069157242774964,0.0103024952113628,0.6051211953163147,0.0939422100782394,0.888737142086029,0.0174818374216556,0.5598717331886292,0.0728388726711273
HARV,HARV_020,2022,10,8,NEON_DP3.30026.002_bidirectional,0.8676878809928894,0.0214901976287364,0.599936842918396,0.0500806830823421,0.8347849249839783,0.0274348873645067,0.5577473044395447,0.0403876304626464
HARV,HARV_020,2024,10,8,NEON_DP3.30026.002_bidirectional,0.8326718807220459,0.0458904206752777,0.5038820505142212,0.0796854197978973,0.8015899062156677,0.0487443134188652,0.4761105179786682,0.0693254619836807
HARV,HARV_020,2025,10,8,NEON_DP3.30026.002_bidirectional,0.8404679298400879,0.0370678231120109,0.5270353555679321,0.0810105577111244,0.8109298944473267,0.0371195524930954,0.4940833151340484,0.0691077634692192
HARV,HARV_021,2022,10,16,NEON_DP3.30026.002_bidirectional,0.8463591933250427,0.0282145906239748,0.5079436302185059,0.0740330591797828,0.8150649070739746,0.0344772078096866,0.4798499047756195,0.0615665204823017
HARV,HARV_021,2024,10,16,NEON_DP3.30026.002_bidirectional,0.8542738556861877,0.0277025830000638,0.4640301167964935,0.0740064606070518,0.8381905555725098,0.0333077609539032,0.440717875957489,0.062328603118658
HARV,HARV_021,2025,10,16,NEON_DP3.30026.002_bidirectional,0.8654776215553284,0.0228609275072813,0.489831805229187,0.072389505803585,0.8489573001861572,0.030663626268506,0.4632696807384491,0.0596562474966049
HARV,HARV_022,2022,10,16,NEON_DP3.30026.002_bidirectional,0.8769986629486084,0.0233629662543535,0.4820556044578552,0.1006531938910484,0.8595244288444519,0.0287857130169868,0.4588089287281036,0.0824611037969589
HARV,HARV_022,2024,10,16,NEON_DP3.30026.002_bidirectional,0.8505621552467346,0.0272211004048585,0.4874402284622192,0.077216699719429,0.8380904793739319,0.033062107861042,0.4598801434040069,0.0627986490726471
HARV,HARV_022,2025,10,16,NEON_DP3.30026.002_bidirectional,0.8545600771903992,0.0212957300245761,0.5139434933662415,0.0719587877392768,0.8456100821495056,0.0282323453575372,0.4793218672275543,0.0577688664197921
HARV,HARV_023,2022,10,16,NEON_DP3.30026.002_bidirectional,0.8474952578544617,0.024419592693448,0.4938980638980865,0.0750255286693573,0.833065390586853,0.0330273732542991,0.4624055624008178,0.0589181892573833
HARV,HARV_023,2024,10,16,NEON_DP3.30026.002_bidirectional,0.8514537811279297,0.0297803096473217,0.4531048238277435,0.0889854133129119,0.8353973031044006,0.0386874452233314,0.4311837553977966,0.0720226392149925
HARV,HARV_023,2025,10,16,NEON_DP3.30026.002_bidirectional,0.8592368364334106,0.0316764898598194,0.4636546373367309,0.087781973183155,0.8399760723114014,0.0403490401804447,0.4402788281440735,0.0709312930703163
HARV,HARV_024,2022,10,16,NEON_DP3.30026.002_bidirectional,0.8935586214065552,0.0110276993364095,0.6532700657844543,0.0707001835107803,0.8658010363578796,0.0147274890914559,0.6001155376434326,0.0527752488851547
HARV,HARV_024,2024,10,16,NEON_DP3.30026.002_bidirectional,0.8859431147575378,0.0118895787745714,0.5619535446166992,0.0572717152535915,0.8551656603813171,0.018078027293086,0.5323723554611206,0.0456883274018764
HARV,HARV_024,2025,10,16,NEON_DP3.30026.002_bidirectional,0.90390282869339,0.0099963499233126,0.610461950302124,0.058982528746128,0.8849394917488098,0.0139491539448499,0.5675623416900635,0.0464996024966239
HARV,HARV_025,2022,10,16,NEON_DP3.30026.002_bidirectional,0.8799662590026855,0.0267998408526182,0.6206940412521362,0.0657108947634697,0.8559378385543823,0.0349641591310501,0.5696800947189331,0.0521833449602127
HARV,HARV_025,2024,10,16,NEON_DP3.30026.002_bidirectional,0.8738612532615662,0.0267457850277423,0.5222238898277283,0.0642839148640632,0.8401924967765808,0.0387271121144294,0.4975232779979706,0.0530715174973011
HARV,HARV_025,2025,10,16,NEON_DP3.30026.002_bidirectional,0.8758418560028076,0.0290850959718227,0.5041946172714233,0.1080147102475166,0.8579532504081726,0.0362679287791252,0.4747662246227264,0.0851285681128501
HARV,HARV_026,2022,10,16,NEON_DP3.30026.002_bidirectional,0.8639094233512878,0.0153886470943689,0.5436360836029053,0.0610065646469593,0.8444216847419739,0.0188107397407293,0.506852388381958,0.0483897551894187
HARV,HARV_026,2024,10,16,NEON_DP3.30026.002_bidirectional,0.8695075511932373,0.0184995681047439,0.4985488653182983,0.0656652599573135,0.8559608459472656,0.0259556975215673,0.4708294868469238,0.0530017204582691
HARV,HARV_026,2025,10,16,NEON_DP3.30026.002_bidirectional,0.8844013214111328,0.0158027950674295,0.5179834365844727,0.0747704729437828,0.8752586245536804,0.0229719541966915,0.4852719306945801,0.0598008967936039
HARV,HARV_027,2022,10,16,NEON_DP3.30026.002_bidirectional,0.8699278235435486,0.0194325223565101,0.5812557339668274,0.0717111527919769,0.846463143825531,0.0251645967364311,0.53896564245224,0.0555512942373752
HARV,HARV_027,2024,10,16,NEON_DP3.30026.002_bidirectional,0.8415368795394897,0.0270107109099626,0.4864026308059692,0.0819536596536636,0.8120591640472412,0.0368487238883972,0.4626109898090362,0.0658483356237411
HARV,HARV_027,2025,10,16,NEON_DP3.30026.002_bidirectional,0.8494875431060791,0.0318934954702854,0.5225950479507446,0.0723901987075805,0.8280736207962036,0.0432602167129516,0.4880125522613525,0.0559087470173835
HARV,HARV_033,2022,10,16,NEON_DP3.30026.002_bidirectional,0.903679132461548,0.0136674894019961,0.6993246674537659,0.0674670711159706,0.8845238089561462,0.0160340517759323,0.631127119064331,0.0509628318250179
HARV,HARV_033,2024,10,16,NEON_DP3.30026.002_bidirectional,0.8996158838272095,0.0120407296344637,0.6060032844543457,0.0558673813939094,0.8884562849998474,0.0128224901854991,0.5604417324066162,0.0447000488638877
HARV,HARV_033,2025,10,16,NEON_DP3.30026.002_bidirectional,0.9006518125534058,0.0112945865839719,0.626702606678009,0.0541600473225116,0.8894374966621399,0.0113494982942938,0.575016975402832,0.0432361625134944
HARV,HARV_034,2022,10,16,NEON_DP3.30026.002_bidirectional,0.8011453747749329,0.0536044426262378,0.4677884578704834,0.0566164813935756,0.7601800560951233,0.0672055482864379,0.4466942250728607,0.0487421080470085
HARV,HARV_034,2024,10,16,NEON_DP3.30026.002_bidirectional,0.8240225315093994,0.0408577658236026,0.4937858879566192,0.0495068803429603,0.795364260673523,0.0505868159234523,0.4665390849113464,0.0413308031857013
HARV,HARV_034,2025,10,16,NEON_DP3.30026.002_bidirectional,0.8081679940223694,0.041754949837923,0.4850454926490783,0.0422294251620769,0.7832193374633789,0.0547087267041206,0.4549387395381927,0.0353649407625198
HARV,HARV_035,2022,10,16,NEON_DP3.30026.002_bidirectional,0.8651803731918335,0.0296321026980876,0.5678971409797668,0.0699886456131935,0.8381093740463257,0.0365663915872573,0.5290388464927673,0.0559801235795021
HARV,HARV_035,2024,10,16,NEON_DP3.30026.002_bidirectional,0.8767390251159668,0.0183885842561721,0.5559102892875671,0.0526945665478706,0.8551130294799805,0.0237375665456056,0.5216012001037598,0.0424394980072975
HARV,HARV_035,2025,10,16,NEON_DP3.30026.002_bidirectional,0.8853586316108704,0.0122730890288949,0.5931218266487122,0.0632008463144302,0.8735659122467041,0.0141862612217664,0.5456295013427734,0.0489230640232563
HARV,HARV_036,2022,10,16,NEON_DP3.30026.002_bidirectional,0.9048851728439332,0.004217084031552,0.6839814782142639,0.046460211277008,0.8789629936218262,0.006097347009927,0.6254064440727234,0.034085176885128
HARV,HARV_036,2024,10,16,NEON_DP3.30026.002_bidirectional,0.9087281823158264,0.0054853772744536,0.6328339576721191,0.0541306771337986,0.8974089026451111,0.0077211768366396,0.582221508026123,0.0404090881347656
HARV,HARV_036,2025,10,16,NEON_DP3.30026.002_bidirectional,0.9024611115455629,0.0106129115447402,0.6492185592651367,0.0798418149352073,0.893548846244812,0.0158018190413713,0.5892158150672913,0.0575239770114421
HARV,HARV_037,2022,10,16,NEON_DP3.30026.002_bidirectional,0.8780563473701477,0.0272293873131275,0.5221107006072998,0.0879083424806594,0.8502107858657837,0.036553468555212,0.4947491586208343,0.0699037984013557
HARV,HARV_037,2024,10,16,NEON_DP3.30026.002_bidirectional,0.8673509955406189,0.0195759087800979,0.4819261133670807,0.0679654628038406,0.8475884795188904,0.0236354488879442,0.4612875878810882,0.0556318014860153
HARV,HARV_037,2025,10,16,NEON_DP3.30026.002_bidirectional,0.8608046770095825,0.0245028641074895,0.4797233343124389,0.075741596519947,0.8416737914085388,0.0313855856657028,0.457410603761673,0.0612385161221027
HARV,HARV_038,2022,10,16,NEON_DP3.30026.002_bidirectional,0.8846336603164673,0.051633920520544,0.630387544631958,0.0782663375139236,0.8651869893074036,0.0625002384185791,0.5774387121200562,0.0641221776604652
HARV,HARV_038,2024,10,16,NEON_DP3.30026.002_bidirectional,0.8734176754951477,0.0400986224412918,0.5546124577522278,0.0578608848154544,0.8563600778579712,0.0477979183197021,0.5188702344894409,0.0490077473223209
HARV,HARV_038,2025,10,16,NEON_DP3.30026.002_bidirectional,0.8731477856636047,0.0418011583387851,0.5922166705131531,0.0685120820999145,0.8617769479751587,0.0505209900438785,0.5428377389907837,0.0553016066551208
HARV,HARV_039,2022,10,16,NEON_DP3.30026.002_bidirectional,0.8868880271911621,0.0463108643889427,0.6569569110870361,0.0962966382503509,0.8685847520828247,0.0554318167269229,0.5946077108383179,0.0786494612693786
HARV,HARV_039,2024,10,16,NEON_DP3.30026.002_bidirectional,0.8882611989974976,0.0341600440442562,0.5841943621635437,0.0765468031167984,0.8747245669364929,0.0412086807191371,0.541685163974762,0.0633488371968269
HARV,HARV_039,2025,10,16,NEON_DP3.30026.002_bidirectional,0.8889703750610352,0.0377283841371536,0.6232970356941223,0.1054578423500061,0.8834696412086487,0.0418805591762065,0.5647212266921997,0.0860627293586731
HARV,HARV_040,2022,10,16,NEON_DP3.30026.002_bidirectional,0.8923210501670837,0.0137125365436077,0.6416162848472595,0.0553805939853191,0.8638083934783936,0.0206592623144388,0.5926320552825928,0.0401212684810161
HARV,HARV_040,2024,10,16,NEON_DP3.30026.002_bidirectional,0.8840710520744324,0.0195501837879419,0.5922564268112183,0.0637624338269233,0.8594520092010498,0.0310260951519012,0.5521228909492493,0.0466573573648929
HARV,HARV_040,2025,10,16,NEON_DP3.30026.002_bidirectional,0.8842446804046631,0.0146399345248937,0.5856538414955139,0.0525976829230785,0.859677255153656,0.0219105668365955,0.547541618347168,0.0382436364889144
HARV,HARV_041,2022,10,16,NEON_DP3.30026.002_bidirectional,0.8814595341682434,0.01787038333714,0.5712888240814209,0.0721887201070785,0.8531968593597412,0.0230716578662395,0.5344405770301819,0.0583566352725029
HARV,HARV_041,2024,10,16,NEON_DP3.30026.002_bidirectional,0.8748607039451599,0.0195740759372711,0.5193437337875366,0.0805756300687789,0.8626342415809631,0.0232990160584449,0.4880853295326233,0.0658232420682907
HARV,HARV_041,2025,10,16,NEON_DP3.30026.002_bidirectional,0.8785044550895691,0.0153218768537044,0.5362457036972046,0.0723254382610321,0.8701765537261963,0.0228389278054237,0.4999545216560364,0.0591098070144653
HARV,HARV_042,2022,10,16,NEON_DP3.30026.002_bidirectional,0.8992711901664734,0.0129268374294042,0.6824755668640137,0.0791652426123619,0.8836306929588318,0.0146227031946182,0.6156591176986694,0.0590045936405658
HARV,HARV_042,2024,10,16,NEON_DP3.30026.002_bidirectional,0.8931800723075867,0.0165661927312612,0.6039549708366394,0.066573329269886,0.8840509653091431,0.0184687189757823,0.5558404922485352,0.0523114502429962
HARV,HARV_042,2025,10,16,NEON_DP3.30026.002_bidirectional,0.8996527194976807,0.0134660908952355,0.6367279887199402,0.0782056301832199,0.8956834077835083,0.0144373653456568,0.5773292779922485,0.0598579719662666
HARV,HARV_043,2022,10,16,NEON_DP3.30026.002_bidirectional,0.8672803640365601,0.0196032356470823,0.5460460186004639,0.0709595829248428,0.8412435054779053,0.0234275870025157,0.511760950088501,0.0576948560774326
HARV,HARV_043,2024,10,16,NEON_DP3.30026.002_bidirectional,0.8748230934143066,0.0131158204749226,0.5001077651977539,0.0548484846949577,0.8604902029037476,0.0154719213023781,0.4753320813179016,0.0455087944865226
HARV,HARV_043,2025,10,16,NEON_DP3.30026.002_bidirectional,0.8826645612716675,0.008215757086873,0.5288164019584656,0.0536855906248092,0.8716012239456177,0.0104664852842688,0.4967227578163147,0.0439191423356533
HARV,HARV_044,2022,10,16,NEON_DP3.30026.002_bidirectional,0.902310848236084,0.0130711505189538,0.6532496809959412,0.0665186047554016,0.8864916563034058,0.0172949228435754,0.5950316786766052,0.0500152111053466
HARV,HARV_044,2024,10,16,NEON_DP3.30026.002_bidirectional,0.8913865685462952,0.0160881970077753,0.5842736959457397,0.0643656775355339,0.8783431053161621,0.0239108242094516,0.541888952255249,0.0497321672737598
HARV,HARV_044,2025,10,16,NEON_DP3.30026.002_bidirectional,0.8961792588233948,0.0174330305308103,0.6014949679374695,0.0760119408369064,0.890451192855835,0.0235052499920129,0.5511066913604736,0.0580857321619987
HARV,HARV_045,2022,10,16,NEON_DP3.30026.002_bidirectional,0.9071205854415894,0.0076832524500787,0.6787153482437134,0.0305864419788122,0.8849394917488098,0.0097011579200625,0.6204875707626343,0.0231770277023315
HARV,HARV_045,2024,10,16,NEON_DP3.30026.002_bidirectional,0.9126247763633728,0.0043351631611585,0.6288760304450989,0.040522925555706,0.9032074213027954,0.0054865926504135,0.5796447396278381,0.032033160328865
HARV,HARV_045,2025,10,16,NEON_DP3.30026.002_bidirectional,0.9076234102249146,0.0070704892277717,0.6331072449684143,0.0400861203670501,0.8970875144004822,0.0098594445735216,0.5816333293914795,0.0309856981039047
HARV,HARV_046,2022,10,16,NEON_DP3.30026.002_bidirectional,0.834761381149292,0.0353616848587989,0.4244675040245056,0.0944658666849136,0.7942031621932983,0.0439835451543331,0.4145338535308838,0.080599620938301
HARV,HARV_046,2024,10,16,NEON_DP3.30026.002_bidirectional,0.8302261233329773,0.0301989056169986,0.3999875783920288,0.0783014819025993,0.8040286898612976,0.035343375056982,0.3918920159339905,0.067478135228157
HARV,HARV_046,2025,10,16,NEON_DP3.30026.002_bidirectional,0.8356705904006958,0.0304863210767507,0.4194214642047882,0.0856102779507637,0.8177762627601624,0.0344960577785968,0.4057627618312835,0.072187028825283
HARV,HARV_047,2022,10,16,NEON_DP3.30026.002_bidirectional,0.917953610420227,0.003238353645429,0.7304019927978516,0.0423529408872127,0.902398407459259,0.0033269820269197,0.6546748280525208,0.0304674543440341
HARV,HARV_047,2024,10,16,NEON_DP3.30026.002_bidirectional,0.9160629510879515,0.0031785182654857,0.6759082078933716,0.0424875356256961,0.9101333022117616,0.0039645466022193,0.6113893389701843,0.0315614491701126
HARV,HARV_047,2025,10,16,NEON_DP3.30026.002_bidirectional,0.911872923374176,0.0046632490120828,0.6565486192703247,0.0502359382808208,0.9034491181373596,0.0067808562889695,0.5971170663833618,0.0369694121181964
HARV,HARV_048,2022,10,16,NEON_DP3.30026.002_bidirectional,0.8773120045661926,0.0307250246405601,0.5696672201156616,0.0879168733954429,0.8527657985687256,0.0387358963489532,0.53272944688797,0.0701452791690826
HARV,HARV_048,2024,10,16,NEON_DP3.30026.002_bidirectional,0.881286084651947,0.0235096737742424,0.5477953553199768,0.0642286166548729,0.8613061904907227,0.0306303258985281,0.5164424777030945,0.0512963868677616
HARV,HARV_048,2025,10,16,NEON_DP3.30026.002_bidirectional,0.8881611227989197,0.0153996804729104,0.5844289064407349,0.0582556761801242,0.8759554028511047,0.0183969773352146,0.5413332581520081,0.0458172336220741
HARV,HARV_049,2022,10,16,NEON_DP3.30026.002_bidirectional,0.9019275903701782,0.0166676323860883,0.6051881909370422,0.117897480726242,0.8832957148551941,0.0210632998496294,0.5577831864356995,0.0911117047071456
HARV,HARV_049,2024,10,16,NEON_DP3.30026.002_bidirectional,0.8905830383300781,0.0198204815387725,0.5343809127807617,0.1020910516381263,0.8801257610321045,0.0219576731324195,0.5019837617874146,0.0839893072843551
HARV,HARV_049,2025,10,16,NEON_DP3.30026.002_bidirectional,0.8879093527793884,0.017104085534811,0.5334914326667786,0.1125850304961204,0.8782051205635071,0.0208285506814718,0.4991951584815979,0.0917252823710441
HARV,HARV_050,2022,10,16,NEON_DP3.30026.002_bidirectional,0.9039981961250304,0.0250034816563129,0.6704105734825134,0.0773754939436912,0.8879574537277222,0.0301672238856554,0.6071950197219849,0.0594044998288154
HARV,HARV_050,2024,10,16,NEON_DP3.30026.002_bidirectional,0.8943448662757874,0.0178399179130792,0.5961333513259888,0.0539069212973117,0.884395182132721,0.0214515645056962,0.5501522421836853,0.0427852272987365
HARV,HARV_050,2025,10,16,NEON_DP3.30026.002_bidirectional,0.8934078812599182,0.0172012895345687,0.604019284248352,0.0513055771589279,0.8831366300582886,0.0225380472838878,0.5554669499397278,0.0411127433180809
HARV,HARV_051,2022,10,16,NEON_DP3.30026.002_bidirectional,0.9179469347000122,0.0033822571858763,0.7199525237083435,0.0396372377872467,0.9044989347457886,0.0055843712761998,0.6460336446762085,0.0279604122042655
HARV,HARV_051,2024,10,16,NEON_DP3.30026.002_bidirectional,0.901828408241272,0.0070264125242829,0.631688117980957,0.0448030829429626,0.8905270099639893,0.0110265919938683,0.5793971419334412,0.0329143553972244
HARV,HARV_051,2025,10,16,NEON_DP3.30026.002_bidirectional,0.8915179967880249,0.027408255264163,0.6279813647270203,0.0649501159787178,0.8779941201210022,0.0378801077604293,0.5735841989517212,0.0501453503966331
HARV,HARV_052,2022,10,16,NEON_DP3.30026.002_bidirectional,0.8998863101005554,0.0073043536394834,0.6006155014038086,0.0554056130349636,0.88121098279953,0.0088837668299674,0.5580867528915405,0.0427045859396457
HARV,HARV_052,2024,10,16,NEON_DP3.30026.002_bidirectional,0.8947670459747314,0.0079337637871503,0.539721667766571,0.0462588816881179,0.8823111653327942,0.0116749927401542,0.5091349482536316,0.036869466304779
HARV,HARV_052,2025,10,16,NEON_DP3.30026.002_bidirectional,0.8916532397270203,0.0096915531903505,0.534131646156311,0.0517673827707767,0.8816314339637756,0.0136341657489538,0.5029633045196533,0.0417222529649734
HEAL,HEAL_001,2023,10,16,NEON_DP3.30026.002_bidirectional,0.8275914788246155,0.0282298121601343,0.5916024446487427,0.0291946399956941,0.7789095640182495,0.042106743901968,0.5504316091537476,0.0219363719224929
HEAL,HEAL_001,2024,10,16,NEON_DP3.30026.002_bidirectional,0.8141810297966003,0.0258535556495189,0.5892006158828735,0.0279198233038187,0.7555682063102722,0.0370955914258956,0.5502113103866577,0.0216000881046056
HEAL,HEAL_001,2025,10,16,NEON_DP3.30026.002_bidirectional,0.8185572624206543,0.0244441106915473,0.611509382724762,0.0356866382062435,0.7673120498657227,0.0343161635100841,0.5633214712142944,0.0272214077413082
HEAL,HEAL_002,2023,10,16,NEON_DP3.30026.002_bidirectional,0.716841459274292,0.0260889753699302,0.5202066898345947,0.0250961203128099,0.6320568919181824,0.0300845075398683,0.4876619577407837,0.0227033663541078
HEAL,HEAL_002,2024,10,16,NEON_DP3.30026.002_bidirectional,0.6928773522377014,0.0323868133127689,0.5197024941444397,0.0315238237380981,0.5966886281967163,0.0384130850434303,0.4872593283653259,0.028011379763484
HEAL,HEAL_002,2025,10,16,NEON_DP3.30026.002_bidirectional,0.7095838189125061,0.0361862890422344,0.2619775235652923,0.0188781227916479,0.6391509175300598,0.0403803251683712,0.2723241746425628,0.0192981045693159
HEAL,HEAL_003,2023,10,16,NEON_DP3.30026.002_bidirectional,0.7712686061859131,0.0120861940085887,0.5854241847991943,0.0111573599278926,0.6932318210601807,0.0159940402954816,0.5464551448822021,0.00924514234066
HEAL,HEAL_003,2024,10,16,NEON_DP3.30026.002_bidirectional,0.7577334046363831,0.0163844935595989,0.5622499585151672,0.0150101892650127,0.6753846406936646,0.0216617230325937,0.5282129645347595,0.012503613717854
HEAL,HEAL_003,2025,10,16,NEON_DP3.30026.002_bidirectional,0.8052761554718018,0.0126260006800293,0.226316824555397,0.0033766019623726,0.7115472555160522,0.0145410485565662,0.2483254671096801,0.0037572921719402
HEAL,HEAL_004,2023,10,16,NEON_DP3.30026.002_bidirectional,0.8699447512626648,0.0331526510417461,0.328772485256195,0.0456255078315734,0.8640460968017578,0.0494479350745677,0.3358349800109863,0.0418376140296459
HEAL,HEAL_004,2024,10,16,NEON_DP3.30026.002_bidirectional,0.8463844656944275,0.0360910184681415,0.6202733516693115,0.0396648310124874,0.814990222454071,0.0555714517831802,0.566767156124115,0.0286896377801895
HEAL,HEAL_004,2025,10,16,NEON_DP3.30026.002_bidirectional,0.879970371723175,0.0309922043234109,0.3594535291194916,0.0159914642572402,0.8455067873001099,0.0461907386779785,0.3698055744171142,0.0147276166826486
HEAL,HEAL_005,2023,10,16,NEON_DP3.30026.002_bidirectional,0.811461865901947,0.0171144548803567,0.5684729814529419,0.0190163031220436,0.7579197883605957,0.0259062554687261,0.5317800045013428,0.0146731631830334
HEAL,HEAL_005,2024,10,16,NEON_DP3.30026.002_bidirectional,0.8552060127258301,0.0183676984161138,0.1631788909435272,0.0048820008523762,0.7910383939743042,0.0250364262610673,0.183037593960762,0.0051314737647771
HEAL,HEAL_005,2025,10,16,NEON_DP3.30026.002_bidirectional,0.8587307333946228,0.0145888514816761,0.2356963902711868,0.0069418726488947,0.7998361587524414,0.0204113274812698,0.2565566599369049,0.0068505462259054
HEAL,HEAL_006,2023,10,16,NEON_DP3.30026.002_bidirectional,0.7368787527084351,0.0172630231827497,0.1671777963638305,0.0041569615714251,0.7631434202194214,0.0203629098832607,0.1774334758520126,0.0044694091193377
HEAL,HEAL_006,2024,10,16,NEON_DP3.30026.002_bidirectional,0.7288693785667419,0.019059183076024,0.5077819228172302,0.0178670976310968,0.6418412327766418,0.0246710013598203,0.4827277958393097,0.0152306538075208
HEAL,HEAL_006,2025,10,16,NEON_DP3.30026.002_bidirectional,0.7796959280967712,0.0175688676536083,0.2457324713468551,0.0063302884809672,0.7191717624664307,0.0212567411363124,0.2615446746349334,0.0067091491073369
HEAL,HEAL_010,2023,10,16,NEON_DP3.30026.002_bidirectional,0.8283761739730835,0.0098578678444027,0.6637310981750488,0.0304071810096502,0.7805601358413696,0.0139397392049431,0.6003609895706177,0.0221570245921611
HEAL,HEAL_010,2024,10,16,NEON_DP3.30026.002_bidirectional,0.8180883526802063,0.0102686583995819,0.551506519317627,0.0269902404397726,0.7772583961486816,0.0138529855757951,0.5145724415779114,0.0210105292499065
HEAL,HEAL_010,2025,10,16,NEON_DP3.30026.002_bidirectional,0.8369446992874146,0.0115460604429245,0.2553816139698028,0.0111797098070383,0.7938596606254578,0.0149875404313206,0.272302508354187,0.0108904065564274
HEAL,HEAL_011,2023,10,8,NEON_DP3.30026.002_bidirectional,0.7870175838470459,0.0102488473057746,0.3003617227077484,0.0062176408246159,0.7736577987670898,0.0094930734485387,0.3042799830436706,0.0062523945234715
HEAL,HEAL_011,2024,10,8,NEON_DP3.30026.002_bidirectional,0.7735515236854553,0.0098760416731238,0.5559026598930359,0.0115068769082427,0.7138649821281433,0.0106075890362262,0.5156630277633667,0.0108617255464196
HEAL,HEAL_011,2025,10,8,NEON_DP3.30026.002_bidirectional,0.8461604714393616,0.0097400099039077,0.1851155012845993,0.0029768492095172,0.7806726098060608,0.0092465430498123,0.2056430280208587,0.0032087846193462
HEAL,HEAL_014,2023,10,16,NEON_DP3.30026.002_bidirectional,0.8458229899406433,0.011373714543879,0.6417674422264099,0.0214905440807342,0.8016570806503296,0.0171123333275318,0.5889507532119751,0.015983760356903
HEAL,HEAL_014,2024,10,16,NEON_DP3.30026.002_bidirectional,0.8392007946968079,0.0126904724165797,0.5552628636360168,0.0197003614157438,0.815504789352417,0.0204716566950082,0.5151038765907288,0.0159233212471008
HEAL,HEAL_014,2025,10,16,NEON_DP3.30026.002_bidirectional,0.8723756670951843,0.010688985697925,0.2337404936552047,0.0083797629922628,0.8538433313369751,0.0153967440128326,0.2511520683765411,0.008306604810059
HEAL,HEAL_015,2023,10,16,NEON_DP3.30026.002_bidirectional,0.8018977642059326,0.0074902004562318,0.5129827857017517,0.0238784309476614,0.7539786696434021,0.0106681520119309,0.4852174818515777,0.0193633958697319
HEAL,HEAL_015,2024,10,16,NEON_DP3.30026.002_bidirectional,0.7896668910980225,0.0080653186887502,0.5148242712020874,0.0239947382360696,0.7321383953094482,0.0113311577588319,0.4879721999168396,0.0192216392606496
HEAL,HEAL_015,2025,10,16,NEON_DP3.30026.002_bidirectional,0.791269063949585,0.0093558281660079,0.5333378314971924,0.0234992690384387,0.7382007241249084,0.0125040477141737,0.4999514818191528,0.0187326800078153
HEAL,HEAL_016,2023,10,16,NEON_DP3.30026.002_bidirectional,0.8410245180130005,0.0111102815717458,0.5484825372695923,0.0547211021184921,0.815463662147522,0.0160228330641984,0.5104100108146667,0.0436122603714466
HEAL,HEAL_016,2024,10,16,NEON_DP3.30026.002_bidirectional,0.8608118295669556,0.016718441620469,0.5955069661140442,0.0483446083962917,0.8425266742706299,0.0232369732111692,0.5460848808288574,0.0376055724918842
HEAL,HEAL_016,2025,10,16,NEON_DP3.30026.002_bidirectional,0.8513957262039185,0.0230655837804079,0.584813117980957,0.0535689443349838,0.8352202773094177,0.0340974554419517,0.5344862341880798,0.0408398211002349
HEAL,HEAL_017,2023,10,16,NEON_DP3.30026.002_bidirectional,0.8301480412483215,0.0160945206880569,0.6428841948509216,0.0305359046906232,0.7902196645736694,0.0287512466311454,0.5822008848190308,0.0227272137999534
HEAL,HEAL_017,2024,10,16,NEON_DP3.30026.002_bidirectional,0.8249132633209229,0.0127640292048454,0.5745511054992676,0.0358241274952888,0.7932853102684021,0.0204331669956445,0.5287928581237793,0.0281648207455873
HEAL,HEAL_017,2025,10,16,NEON_DP3.30026.002_bidirectional,0.8486772775650024,0.0161781832575798,0.3404038548469543,0.0191696286201477,0.8199899792671204,0.0220381747931242,0.348345547914505,0.0175878331065177
HEAL,HEAL_018,2023,10,16,NEON_DP3.30026.002_bidirectional,0.8409477472305298,0.0113221826031804,0.6199050545692444,0.0269661322236061,0.8021450042724609,0.018841803073883,0.5691112279891968,0.0212634373456239
HEAL,HEAL_018,2024,10,16,NEON_DP3.30026.002_bidirectional,0.8535898923873901,0.0128736849874258,0.6180374622344971,0.025028359144926,0.8201599717140198,0.0217732712626457,0.5688031911849976,0.0198062658309936
HEAL,HEAL_018,2025,10,16,NEON_DP3.30026.002_bidirectional,0.8522627353668213,0.0186196397989988,0.3144523203372955,0.0297212377190589,0.8174090385437012,0.0238603241741657,0.3262626826763153,0.0266346931457519
HEAL,HEAL_019,2023,10,16,NEON_DP3.30026.002_bidirectional,0.8282357454299927,0.0119323777034878,0.4001925885677337,0.0221139229834079,0.7883280515670776,0.01653603464365,0.3992176949977875,0.0191848371177911
HEAL,HEAL_019,2024,10,16,NEON_DP3.30026.002_bidirectional,0.8152667880058289,0.0127684148028492,0.5960305333137512,0.0181202534586191,0.7631308436393738,0.0182010307908058,0.5520975589752197,0.0138768050819635
HEAL,HEAL_019,2025,10,16,NEON_DP3.30026.002_bidirectional,0.8742276430130005,0.0102531481534242,0.178742378950119,0.0049992287531495,0.8158670663833618,0.0140265766531229,0.1995059251785278,0.0052823945879936
HEAL,HEAL_020,2023,10,16,NEON_DP3.30026.002_bidirectional,0.8555676341056824,0.0231085699051618,0.1852208971977234,0.0107664605602622,0.922523558139801,0.0386635437607765,0.1975472569465637,0.010776525363326
HEAL,HEAL_020,2024,10,16,NEON_DP3.30026.002_bidirectional,0.8295588493347168,0.0252122301608324,0.5642605423927307,0.0423748753964901,0.7953343391418457,0.0411524176597595,0.5236490368843079,0.0335103869438171
HEAL,HEAL_020,2025,10,16,NEON_DP3.30026.002_bidirectional,0.8590449094772339,0.0272315684705972,0.2628197371959686,0.0236103273928165,0.8136557936668396,0.0386156886816024,0.2810228765010834,0.0230533778667449
HEAL,HEAL_021,2023,10,16,NEON_DP3.30026.002_bidirectional,0.8237191438674927,0.0110382121056318,0.6319445371627808,0.0416258350014686,0.7537755966186523,0.0161204617470502,0.590483546257019,0.0312507785856723
HEAL,HEAL_021,2024,10,16,NEON_DP3.30026.002_bidirectional,0.791925847530365,0.0129814697429537,0.5420538783073425,0.0126386294141411,0.7370407581329346,0.0191525220870971,0.5079889297485352,0.0099872415885329
HEAL,HEAL_021,2025,10,16,NEON_DP3.30026.002_bidirectional,0.811205267906189,0.0100515717640519,0.5686488747596741,0.0403386503458023,0.7465633749961853,0.0146309770643711,0.5372762680053711,0.0311313681304454
HEAL,HEAL_022,2023,10,16,NEON_DP3.30026.002_bidirectional,0.8141647577285767,0.0105454064905643,0.5869154930114746,0.020832048729062,0.7599092721939087,0.016754986718297,0.5463454723358154,0.0170546825975179
HEAL,HEAL_022,2024,10,16,NEON_DP3.30026.002_bidirectional,0.8073031902313232,0.0124397743493318,0.5817868709564209,0.021695477887988,0.7459276914596558,0.0191894713789224,0.5445305109024048,0.0175029542297124
HEAL,HEAL_022,2025,10,16,NEON_DP3.30026.002_bidirectional,0.9038288593292236,0.0131320273503661,0.2212689816951751,0.0078045055270195,0.8184665441513062,0.0233565345406532,0.2469030171632766,0.0082078678533434
HEAL,HEAL_023,2023,10,16,NEON_DP3.30026.002_bidirectional,0.8639091849327087,0.0091689014807343,0.5394688248634338,0.2048005610704422,0.8632485866546631,0.0479855351150035,0.4942385852336883,0.1705950200557708
HEAL,HEAL_023,2024,10,16,NEON_DP3.30026.002_bidirectional,0.8532965183258057,0.0112811252474784,0.5709770917892456,0.0272091049700975,0.821541965007782,0.0115700159221887,0.5340770483016968,0.0236941240727901
HEAL,HEAL_023,2025,10,16,NEON_DP3.30026.002_bidirectional,0.9029194712638856,0.0130454003810882,0.2258506119251251,0.0091946292668581,0.8683872222900391,0.0130701307207345,0.2465503215789795,0.0086683696135878
HEAL,HEAL_024,2023,10,16,NEON_DP3.30026.002_bidirectional,0.76554936170578,0.018386110663414,0.3311489522457123,0.0279200281947851,0.7197660803794861,0.0303982589393854,0.3341398239135742,0.0255487821996212
HEAL,HEAL_024,2024,10,16,NEON_DP3.30026.002_bidirectional,0.7548738121986389,0.0204058531671762,0.5026959180831909,0.0253267232328653,0.6733051538467407,0.0299215745180845,0.4822223484516144,0.020328402519226
HEAL,HEAL_024,2025,10,16,NEON_DP3.30026.002_bidirectional,0.8262013792991638,0.0210360940545797,0.2316260039806366,0.0127991419285535,0.7638918161392212,0.0307909380644559,0.2510789632797241,0.0127817187458276
HEAL,HEAL_025,2023,10,16,NEON_DP3.30026.002_bidirectional,0.8134112358093262,0.0121428566053509,0.4219242036342621,0.0779263749718666,0.79433673620224,0.0216642022132873,0.4051201045513153,0.0673524439334869
HEAL,HEAL_025,2024,10,16,NEON_DP3.30026.002_bidirectional,0.7869629263877869,0.0118619920685887,0.3654574751853943,0.0616223067045211,0.7841745615005493,0.0312230680137872,0.354400634765625,0.0551548935472965
HEAL,HEAL_025,2025,10,16,NEON_DP3.30026.002_bidirectional,0.8556658625602722,0.01083330437541,0.1666182428598404,0.0169419310986995,0.8217973709106445,0.0101341977715492,0.184343084692955,0.0178933776915073
HEAL,HEAL_026,2023,10,16,NEON_DP3.30026.002_bidirectional,0.8137192726135254,0.0094919614493846,0.4015993177890777,0.0660240277647972,0.8048054575920105,0.0145392538979649,0.3878970146179199,0.0566083714365959
HEAL,HEAL_026,2024,10,16,NEON_DP3.30026.002_bidirectional,0.8094521164894104,0.0112925181165337,0.4362792372703552,0.0655750706791877,0.7850720882415771,0.0135658532381057,0.4181850850582123,0.0549314953386783
HEAL,HEAL_026,2025,10,16,NEON_DP3.30026.002_bidirectional,0.8065982460975647,0.0112022710964083,0.4148382842540741,0.0619118399918079,0.793615996837616,0.0143829267472028,0.3979126513004303,0.0520554035902023
HEAL,HEAL_045,2023,10,8,NEON_DP3.30026.002_bidirectional,0.7367919087409973,0.0085696745663881,0.5454344749450684,0.009784085676074,0.652032196521759,0.0113749559968709,0.5114474892616272,0.0074687022715806
HEAL,HEAL_045,2024,10,8,NEON_DP3.30026.002_bidirectional,0.7149845361709595,0.0104717835783958,0.5245206356048584,0.0084025170654058,0.6247340440750122,0.0126689225435256,0.4933540523052215,0.0070950160734355
HEAL,HEAL_045,2025,10,8,NEON_DP3.30026.002_bidirectional,0.8104355335235596,0.0094045968726277,0.1597688347101211,0.0022839000448584,0.6756265759468079,0.0106943817809224,0.182583138346672,0.0025200396776199
HEAL,HEAL_046,2023,10,16,NEON_DP3.30026.002_bidirectional,0.8131194114685059,0.0137430867180228,0.5796354413032532,0.0111919157207012,0.7679868936538696,0.0175901502370834,0.5360419750213623,0.0104593830183148
HEAL,HEAL_046,2024,10,16,NEON_DP3.30026.002_bidirectional,0.8099650144577026,0.015395282767713,0.5824617147445679,0.0145953698083758,0.7640585899353027,0.0202899370342493,0.5376408696174622,0.0125704472884535
HEAL,HEAL_046,2025,10,16,NEON_DP3.30026.002_bidirectional,0.9052505493164062,0.0187385119497776,0.1596169173717498,0.0047891843132674,0.8261175155639648,0.0301979705691337,0.1813588589429855,0.0051189893856644
HEAL,HEAL_047,2023,10,16,NEON_DP3.30026.002_bidirectional,0.8080739974975586,0.0195582080632448,0.5556572079658508,0.0334103964269161,0.7612215876579285,0.0268636438995599,0.518189549446106,0.0280627571046352
HEAL,HEAL_047,2024,10,16,NEON_DP3.30026.002_bidirectional,0.805431067943573,0.020957663655281,0.5546630620956421,0.0318708047270774,0.75863116979599,0.0285890195518732,0.5167733430862427,0.0267938990145921
HEAL,HEAL_047,2025,10,16,NEON_DP3.30026.002_bidirectional,0.9083674550056458,0.0244276821613311,0.1418916285037994,0.0101589877158403,0.8295003771781921,0.0410485230386257,0.1622060984373092,0.0110616730526089
HEAL,HEAL_048,2023,10,16,NEON_DP3.30026.002_bidirectional,0.740991473197937,0.0181674268096685,0.5454405546188354,0.0252323728054761,0.6583688855171204,0.0251912698149681,0.511269211769104,0.0202589239925146
HEAL,HEAL_048,2024,10,16,NEON_DP3.30026.002_bidirectional,0.7389246821403503,0.0206562578678131,0.5365402102470398,0.0265280734747648,0.6532618999481201,0.0277745854109525,0.5058222413063049,0.021538957953453
HEAL,HEAL_048,2025,10,16,NEON_DP3.30026.002_bidirectional,0.7144700884819031,0.016458161175251,0.5409056544303894,0.0225325040519237,0.6259024143218994,0.0212805569171905,0.5044161677360535,0.0193901900202035
HEAL,HEAL_049,2023,10,16,NEON_DP3.30026.002_bidirectional,0.7595390677452087,0.0156999602913856,0.5646395683288574,0.0197973828762769,0.6810991168022156,0.0204511750489473,0.528212308883667,0.0162156652659177
HEAL,HEAL_049,2024,10,16,NEON_DP3.30026.002_bidirectional,0.7460021376609802,0.0182476043701171,0.5438619256019592,0.0210891105234622,0.6602156758308411,0.0238551758229732,0.5134100914001465,0.0174814965575933
HEAL,HEAL_049,2025,10,16,NEON_DP3.30026.002_bidirectional,0.6902576088905334,0.0159754026681184,0.519824743270874,0.0116869769990444,0.5931699872016907,0.0192799512296915,0.4873421490192413,0.0109365349635481
HEAL,HEAL_050,2023,10,16,NEON_DP3.30026.002_bidirectional,0.7700960040092468,0.0174238365143537,0.5696508288383484,0.0219250489026308,0.6928017139434814,0.0231430362910032,0.5341139435768127,0.0176366548985242
HEAL,HEAL_050,2024,10,16,NEON_DP3.30026.002_bidirectional,0.7653716802597046,0.0182828400284051,0.5672481656074524,0.0226705260574817,0.682861328125,0.0241091512143611,0.5340341925621033,0.0183253120630979
HEAL,HEAL_050,2025,10,16,NEON_DP3.30026.002_bidirectional,0.7382720112800598,0.0170032624155282,0.542347252368927,0.0205153115093708,0.6538699269294739,0.0211045648902654,0.5094436407089233,0.0174053329974412
HEAL,HEAL_051,2023,10,16,NEON_DP3.30026.002_bidirectional,0.8075005412101746,0.0190531332045793,0.5256592035293579,0.0303617976605892,0.7677890658378601,0.0232239142060279,0.4928671419620514,0.0254410430788993
HEAL,HEAL_051,2024,10,16,NEON_DP3.30026.002_bidirectional,0.8088462352752686,0.0213920958340168,0.5277272462844849,0.0327328741550445,0.7681705355644226,0.026681799441576,0.4950834512710571,0.0272707529366016
HEAL,HEAL_051,2025,10,16,NEON_DP3.30026.002_bidirectional,0.9067703485488892,0.0161284618079662,0.1464980691671371,0.0075470921583473,0.8258084654808044,0.027050333097577,0.167263925075531,0.0081677455455064
HEAL,HEAL_052,2023,10,16,NEON_DP3.30026.002_bidirectional,0.7703489661216736,0.0094655342400074,0.5705350637435913,0.0116707244887948,0.6933795809745789,0.0128833511844277,0.5346927046775818,0.0094168419018387
HEAL,HEAL_052,2024,10,16,NEON_DP3.30026.002_bidirectional,0.7629091739654541,0.0117639862000942,0.5494438409805298,0.012168169952929,0.6792293190956116,0.0161623451858758,0.5208428502082825,0.0098741557449102
HEAL,HEAL_052,2025,10,16,NEON_DP3.30026.002_bidirectional,0.9006461501121521,0.0678619593381881,0.202783465385437,0.1239848509430885,0.8368043899536133,0.077848806977272,0.2141323834657669,0.1081797927618026
HEAL,HEAL_053,2023,10,16,NEON_DP3.30026.002_bidirectional,0.7868072390556335,0.0154089564457535,0.5850333571434021,0.0099938446655869,0.7217272520065308,0.0228625573217868,0.5432949662208557,0.0076055079698562
HEAL,HEAL_053,2024,10,16,NEON_DP3.30026.002_bidirectional,0.774929940700531,0.018260246142745,0.5747118592262268,0.0135462367907166,0.7047245502471924,0.0266615897417068,0.535385251045227,0.0105622541159391
HEAL,HEAL_053,2025,10,16,NEON_DP3.30026.002_bidirectional,0.8751052021980286,0.0164512638002634,0.1637637466192245,0.0019532996229827,0.770806074142456,0.0281199142336845,0.1865381151437759,0.0021519584115594
HEAL,HEAL_054,2023,10,8,NEON_DP3.30026.002_bidirectional,0.809219241142273,0.0203864574432373,0.6065216064453125,0.014167278073728,0.7516714930534363,0.0313730724155902,0.5610501766204834,0.0103697841987013
HEAL,HEAL_054,2024,10,8,NEON_DP3.30026.002_bidirectional,0.8115171790122986,0.021733071655035,0.6117125153541565,0.0148785039782524,0.7525997757911682,0.0337059460580349,0.566252589225769,0.0107559943571686
HEAL,HEAL_054,2025,10,8,NEON_DP3.30026.002_bidirectional,0.7904893159866333,0.0206906590610742,0.5991578698158264,0.0130565194413065,0.7321221828460693,0.0320276655256748,0.5506405830383301,0.0095915459096431
HEAL,HEAL_055,2023,10,16,NEON_DP3.30026.002_bidirectional,0.7552770972251892,0.0264844391494989,0.5533986687660217,0.0279642958194017,0.6738781929016113,0.0385776199400424,0.5200967788696289,0.022274138405919
HEAL,HEAL_055,2024,10,16,NEON_DP3.30026.002_bidirectional,0.7240914106369019,0.0430190972983837,0.5296513438224792,0.0542352795600891,0.6315857768058777,0.0568428263068199,0.5000548362731934,0.0447015240788459
HEAL,HEAL_055,2025,10,16,NEON_DP3.30026.002_bidirectional,0.8109928965568542,0.0373006835579872,0.1799418330192566,0.0126100508496165,0.7040166854858398,0.0491041652858257,0.2019335925579071,0.0134987151250243
HEAL,HEAL_056,2023,10,16,NEON_DP3.30026.002_bidirectional,0.7798511385917664,0.0127329099923372,0.5754507184028625,0.0153058189898729,0.7058424949645996,0.0186309181153774,0.5392053723335266,0.0118899308145046
HEAL,HEAL_056,2024,10,16,NEON_DP3.30026.002_bidirectional,0.771689772605896,0.013900245539844,0.5671874284744263,0.0149666098877787,0.6951795816421509,0.0194781012833118,0.5322508811950684,0.011488159187138
HEAL,HEAL_056,2025,10,16,NEON_DP3.30026.002_bidirectional,0.8807928562164307,0.0139304278418421,0.1646946370601654,0.0039900401607155,0.7763805389404297,0.0249154139310121,0.1876862049102783,0.0043593901209533
HEAL,HEAL_057,2023,10,8,NEON_DP3.30026.002_bidirectional,0.8336309194564819,0.0101696420460939,0.5499549508094788,0.0208637025207281,0.8008705973625183,0.0138921849429607,0.5141539573669434,0.0172649435698986
HEAL,HEAL_057,2024,10,8,NEON_DP3.30026.002_bidirectional,0.8399016857147217,0.0116934003308415,0.5680953860282898,0.0200053099542856,0.8132710456848145,0.0167517457157373,0.526126503944397,0.0159469787031412
HEAL,HEAL_057,2025,10,8,NEON_DP3.30026.002_bidirectional,0.924698531627655,0.0256766565144062,0.1551749557256698,0.0107572115957736,0.861954927444458,0.0390309505164623,0.1761806607246399,0.0115359211340546
HEAL,HEAL_058,2023,10,16,NEON_DP3.30026.002_bidirectional,0.7811214923858643,0.0134780872613191,0.5895572900772095,0.0135322194546461,0.706098735332489,0.0188797619193792,0.5505640506744385,0.0106226522475481
HEAL,HEAL_058,2024,10,16,NEON_DP3.30026.002_bidirectional,0.78266841173172,0.0162130687385797,0.5788724422454834,0.0162153057754039,0.7048556804656982,0.0222906861454248,0.5447902679443359,0.0130068631842732
HEAL,HEAL_058,2025,10,16,NEON_DP3.30026.002_bidirectional,0.927431583404541,0.0095328157767653,0.1443214416503906,0.0029177265241742,0.8603412508964539,0.0177339445799589,0.1647527515888214,0.003133118385449
HEAL,HEAL_059,2023,10,16,NEON_DP3.30026.002_bidirectional,0.8156989812850952,0.0130763668566942,0.5787420272827148,0.0177108291536569,0.7762212753295898,0.0173511896282434,0.5333261489868164,0.0147262662649154
HEAL,HEAL_059,2024,10,16,NEON_DP3.30026.002_bidirectional,0.8123151659965515,0.0144423730671405,0.5759598612785339,0.0169665217399597,0.7712388634681702,0.0192224234342575,0.5313700437545776,0.0142403729259967
HEAL,HEAL_059,2025,10,16,NEON_DP3.30026.002_bidirectional,0.9192773699760436,0.0142353633418679,0.1493508964776992,0.0051067527383565,0.8542834520339966,0.0221569575369358,0.1699660569429397,0.0055358777754008
HEAL,HEAL_060,2023,10,16,NEON_DP3.30026.002_bidirectional,0.7730069160461426,0.0179731082171201,0.5831621289253235,0.0223522838205099,0.6992421746253967,0.0241718105971813,0.5428063273429871,0.0180407483130693
HEAL,HEAL_060,2024,10,16,NEON_DP3.30026.002_bidirectional,0.7663316130638123,0.0229430198669433,0.5761399269104004,0.0257637668401002,0.688049852848053,0.0306585170328617,0.5384770631790161,0.0211941618472337
HEAL,HEAL_060,2025,10,16,NEON_DP3.30026.002_bidirectional,0.7226854562759399,0.0234737880527973,0.5225037336349487,0.0201758071780204,0.6392656564712524,0.0279264319688081,0.4903066456317901,0.0187846571207046
HEAL,HEAL_061,2023,10,16,NEON_DP3.30026.002_bidirectional,0.8311190605163574,0.0077413921244442,0.5547361373901367,0.0186714269220829,0.7935240864753723,0.0105297723785042,0.5190314650535583,0.0153774283826351
HEAL,HEAL_061,2024,10,16,NEON_DP3.30026.002_bidirectional,0.837826669216156,0.0080346539616584,0.5549760460853577,0.0179130807518959,0.7998179197311401,0.0116373188793659,0.521081268787384,0.014653006568551
HEAL,HEAL_061,2025,10,16,NEON_DP3.30026.002_bidirectional,0.9949989914894104,0.0032015619799494,0.114769272506237,0.0050394022837281,0.9902172088623048,0.006208955310285,0.1316749900579452,0.0055472166277468
HEAL,HEAL_062,2023,10,16,NEON_DP3.30026.002_bidirectional,0.7891165018081665,0.0113606229424476,0.5901579856872559,0.0124026909470558,0.7213054299354553,0.0160252787172794,0.549072265625,0.0094792954623699
HEAL,HEAL_062,2024,10,16,NEON_DP3.30026.002_bidirectional,0.7892628908157349,0.0140265692025423,0.591105043888092,0.0175978578627109,0.7179093956947327,0.0198542270809412,0.5518455505371094,0.0133902933448553
HEAL,HEAL_062,2025,10,16,NEON_DP3.30026.002_bidirectional,0.7419965863227844,0.0137625969946384,0.539478063583374,0.0134166833013296,0.659614622592926,0.0186980925500392,0.5072361826896667,0.0111916037276387
HEAL,HEAL_063,2023,10,16,NEON_DP3.30026.002_bidirectional,0.7964802980422974,0.0250660963356494,0.5853354334831238,0.0181367117911577,0.7353651523590088,0.0388031303882598,0.5438334941864014,0.0128390341997146
HEAL,HEAL_063,2024,10,16,NEON_DP3.30026.002_bidirectional,0.7992541193962097,0.0307694654911756,0.578646719455719,0.0236736666411161,0.7378072142601013,0.046687226742506,0.5399248600006104,0.016722148284316
HEAL,HEAL_063,2025,10,16,NEON_DP3.30026.002_bidirectional,0.9486173987388612,0.0261382460594177,0.1461449414491653,0.0090769166126847,0.9017987251281738,0.0493329614400863,0.1662890911102295,0.0096640605479478
HEAL,HEAL_064,2023,10,16,NEON_DP3.30026.002_bidirectional,0.8051333427429199,0.0233186203986406,0.5818848609924316,0.0265410784631967,0.7465552091598511,0.0345450825989246,0.5423715114593506,0.0205672290176153
HEAL,HEAL_064,2024,10,16,NEON_DP3.30026.002_bidirectional,0.8094280958175659,0.0283767618238925,0.5900365710258484,0.0309080258011817,0.750778079032898,0.0419137254357337,0.5495376586914062,0.0238289702683687
HEAL,HEAL_064,2025,10,16,NEON_DP3.30026.002_bidirectional,0.778945803642273,0.0339642837643623,0.5751938819885254,0.0278080981224775,0.7151772975921631,0.0496450923383235,0.5332362651824951,0.0223268195986747
HEAL,HEAL_065,2023,10,16,NEON_DP3.30026.002_bidirectional,0.7643166184425354,0.0336878150701522,0.5730904936790466,0.0191596392542123,0.6919673085212708,0.0488746836781501,0.5324709415435791,0.0150230973958969
HEAL,HEAL_065,2024,10,16,NEON_DP3.30026.002_bidirectional,0.752535343170166,0.0423094145953655,0.5668461918830872,0.0329793393611907,0.6784926056861877,0.0606171786785125,0.5255392789840698,0.0254640839993953
HEAL,HEAL_065,2025,10,16,NEON_DP3.30026.002_bidirectional,0.8385869860649109,0.0323211215436458,0.1686001121997833,0.0107629848644137,0.728729784488678,0.0477466136217117,0.1910362988710403,0.0107371564954519
HEAL,HEAL_066,2023,10,16,NEON_DP3.30026.002_bidirectional,0.8134200572967529,0.010549291037023,0.5256914496421814,0.0185583569109439,0.7757754325866699,0.0130542442202568,0.4931879937648773,0.015208744443953
HEAL,HEAL_066,2024,10,16,NEON_DP3.30026.002_bidirectional,0.8166953325271606,0.0131512423977255,0.5280382037162781,0.020623805001378,0.7797768115997314,0.0156301464885473,0.4953759610652923,0.0166268367320299
HEAL,HEAL_066,2025,10,16,NEON_DP3.30026.002_bidirectional,0.9471354484558104,0.0296930652111768,0.1220226809382438,0.0072319624014198,0.9011043310165404,0.0546900704503059,0.1400629132986068,0.0081896837800741
HEAL,HEAL_067,2023,10,16,NEON_DP3.30026.002_bidirectional,0.7747101783752441,0.0133841019123792,0.5793793797492981,0.016851857304573,0.7015768885612488,0.0195213127881288,0.5401901006698608,0.0127307940274477
HEAL,HEAL_067,2024,10,16,NEON_DP3.30026.002_bidirectional,0.7720903754234314,0.0150231979787349,0.57331782579422,0.020158028230071,0.6939404010772705,0.0211410596966743,0.5379229784011841,0.0156308021396398
HEAL,HEAL_067,2025,10,16,NEON_DP3.30026.002_bidirectional,0.7366521954536438,0.0140517735853791,0.5375456809997559,0.0151298213750123,0.6555135250091553,0.0191428177058696,0.503736674785614,0.0125357015058398
HEAL,HEAL_068,2023,10,16,NEON_DP3.30026.002_bidirectional,0.8172720670700073,0.022385312244296,0.5792386531829834,0.0183116681873798,0.7658362984657288,0.0360758043825626,0.5402733683586121,0.0147418044507503
HEAL,HEAL_068,2024,10,16,NEON_DP3.30026.002_bidirectional,0.8232855796813965,0.0264417249709367,0.5907382369041443,0.0186941847205162,0.7709207534790039,0.0424829237163066,0.550841748714447,0.0142202554270625
HEAL,HEAL_068,2025,10,16,NEON_DP3.30026.002_bidirectional,0.8015666007995605,0.0274422019720077,0.5770620107650757,0.0151834655553102,0.7482451796531677,0.0430517010390758,0.5354028344154358,0.0118938954547047
HEAL,HEAL_069,2023,10,16,NEON_DP3.30026.002_bidirectional,0.7840484380722046,0.0244987085461616,0.5627676844596863,0.0192420203238725,0.7163070440292358,0.0339757315814495,0.5276450514793396,0.0160250160843133
HEAL,HEAL_069,2024,10,16,NEON_DP3.30026.002_bidirectional,0.7766559720039368,0.0280685927718877,0.5560082197189331,0.0203151479363441,0.7078616619110107,0.0397154651582241,0.5212909579277039,0.0166145954281091
HEAL,HEAL_069,2025,10,16,NEON_DP3.30026.002_bidirectional,0.8913517594337463,0.0291759371757507,0.1537687331438064,0.0061809066683053,0.7984304428100586,0.0476525500416755,0.1754834651947021,0.006897366605699
HEAL,HEAL_070,2023,10,16,NEON_DP3.30026.002_bidirectional,0.7574370503425598,0.0253140479326248,0.5439655780792236,0.0252893585711717,0.6860403418540955,0.0327135697007179,0.5086022019386292,0.0213824454694986
HEAL,HEAL_070,2024,10,16,NEON_DP3.30026.002_bidirectional,0.7518355250358582,0.0275333672761917,0.5368115305900574,0.0259558279067277,0.6761960983276367,0.0355415381491184,0.5041879415512085,0.0222261268645524
HEAL,HEAL_070,2025,10,16,NEON_DP3.30026.002_bidirectional,0.7011687159538269,0.0278467554599046,0.5193484425544739,0.0237683523446321,0.6161406636238098,0.0337934121489524,0.4832493662834167,0.021452073007822
HEAL,HEAL_071,2023,10,16,NEON_DP3.30026.002_bidirectional,0.7786169648170471,0.0130763174965977,0.5823270678520203,0.0126668075099587,0.7040009498596191,0.0179088693112134,0.5442771911621094,0.0102461315691471
HEAL,HEAL_071,2024,10,16,NEON_DP3.30026.002_bidirectional,0.7745901942253113,0.0182213746011257,0.5844904184341431,0.019064363092184,0.6950188875198364,0.0249565374106168,0.5476118326187134,0.0151161588728427
HEAL,HEAL_071,2025,10,16,NEON_DP3.30026.002_bidirectional,0.744688868522644,0.0182064715772867,0.5474070310592651,0.0168193206191062,0.6624148488044739,0.023973835632205,0.5136939287185669,0.0140311187133193
HEAL,HEAL_072,2023,10,16,NEON_DP3.30026.002_bidirectional,0.808401346206665,0.0270464904606342,0.5535359382629395,0.023168770596385,0.7593570947647095,0.0383198037743568,0.5174880027770996,0.0188422314822673
HEAL,HEAL_072,2024,10,16,NEON_DP3.30026.002_bidirectional,0.8310713768005371,0.037080492824316,0.5923207998275757,0.0382646061480045,0.7980374693870544,0.0533930547535419,0.543571412563324,0.029296550899744
HEAL,HEAL_072,2025,10,16,NEON_DP3.30026.002_bidirectional,0.9267509579658508,0.0310945753008127,0.1616194248199463,0.0095198303461074,0.864089846611023,0.0545670613646507,0.1831080615520477,0.0103577096015214
HEAL,HEAL_073,2023,10,16,NEON_DP3.30026.002_bidirectional,0.8193811178207397,0.0178893525153398,0.5817062258720398,0.0185765586793422,0.7688305974006653,0.0300651174038648,0.5421189665794373,0.0154525050893425
HEAL,HEAL_073,2024,10,16,NEON_DP3.30026.002_bidirectional,0.8207984566688538,0.0221583619713783,0.575828492641449,0.0148813780397176,0.7684167623519897,0.0370011590421199,0.5392389297485352,0.0123053761199116
HEAL,HEAL_073,2025,10,16,NEON_DP3.30026.002_bidirectional,0.9761354923248292,0.017296690493822,0.1325875520706176,0.0055876672267913,0.9535213112831116,0.03352677449584,0.1513415724039077,0.0061919377185404
HEAL,HEAL_074,2023,10,16,NEON_DP3.30026.002_bidirectional,0.8317071199417114,0.0082787321880459,0.551203191280365,0.0206463914364576,0.7984749674797058,0.0116310231387615,0.5147387385368347,0.0158102754503488
HEAL,HEAL_074,2024,10,16,NEON_DP3.30026.002_bidirectional,0.8338133692741394,0.0096646724268794,0.5521076917648315,0.0214806646108627,0.8010366559028625,0.0137364706024527,0.5157461762428284,0.0162008162587881
HEAL,HEAL_074,2025,10,16,NEON_DP3.30026.002_bidirectional,0.9342371225357056,0.0093433652073144,0.141610637307167,0.0041342079639434,0.8749052882194519,0.0162194892764091,0.1616235375404358,0.0044734771363437
JERC,JERC_001,2023,10,16,NEON_DP3.30026.002_bidirectional,0.5813312530517578,0.1581382006406784,0.3028570115566253,0.1561366617679596,0.4802702963352203,0.1873940378427505,0.296358197927475,0.1402017623186111
JERC,JERC_001,2024,10,16,NEON_DP3.30026.002_bidirectional,0.8139222860336304,0.059357326477766,0.5769928097724915,0.1102074235677719,0.7431212663650513,0.0824122801423072,0.5433255434036255,0.0871597677469253
JERC,JERC_002,2023,10,16,NEON_DP3.30026.002_bidirectional,0.8016383051872253,0.0165133569389581,0.4667878150939941,0.0393899381160736,0.7357528805732727,0.0252662450075149,0.4542580246925354,0.0332963578402996
JERC,JERC_002,2024,10,16,NEON_DP3.30026.002_bidirectional,0.7969186305999756,0.0439177677035331,0.2835983633995056,0.1247109994292259,0.6793108582496643,0.0414179749786853,0.2939146757125854,0.1101884245872497
JERC,JERC_003,2023,10,16,NEON_DP3.30026.002_bidirectional,0.8633665442466736,0.1129812374711036,0.594850480556488,0.1498347371816635,0.8306090831756592,0.1375514864921569,0.5514758825302124,0.1291122883558273
JERC,JERC_003,2024,10,16,NEON_DP3.30026.002_bidirectional,0.9059180021286012,0.0504251234233379,0.5465970635414124,0.088422417640686,0.8431281447410583,0.0733460709452629,0.5380585193634033,0.0712832361459732
JERC,JERC_004,2023,10,16,NEON_DP3.30026.002_bidirectional,0.4037960469722748,0.2367794513702392,0.2552596032619476,0.1395966857671737,0.2293161004781723,0.2812644839286804,0.2617432773113251,0.1333250701427459
JERC,JERC_004,2024,10,16,NEON_DP3.30026.002_bidirectional,0.5341816544532776,0.1316658109426498,0.371718555688858,0.0657985657453537,0.3563821613788605,0.1606357991695404,0.3829545676708221,0.0589098744094371
JERC,JERC_005,2023,10,16,NEON_DP3.30026.002_bidirectional,0.7349187135696411,0.0498095080256462,0.3499471247196197,0.0480990670621395,0.6555265188217163,0.0664920061826706,0.3529524207115173,0.0431038662791252
JERC,JERC_005,2024,10,16,NEON_DP3.30026.002_bidirectional,0.7922045588493347,0.0372811965644359,0.4202016592025757,0.0745984390377998,0.7143514156341553,0.0479178763926029,0.4154659807682037,0.0633815005421638
JERC,JERC_006,2023,10,16,NEON_DP3.30026.002_bidirectional,0.8036624789237976,0.0280521847307682,0.4375112354755401,0.0496759265661239,0.7305001020431519,0.0393638908863067,0.4346952736377716,0.0419261157512664
JERC,JERC_006,2024,10,16,NEON_DP3.30026.002_bidirectional,0.7800648808479309,0.0352968648076057,0.5681209564208984,0.0566335283219814,0.6902015805244446,0.0468385107815265,0.5404113531112671,0.0452070273458957
JERC,JERC_007,2023,10,16,NEON_DP3.30026.002_bidirectional,0.8079425096511841,0.0481134243309497,0.4940013885498047,0.0691257193684578,0.7415858507156372,0.0667969807982444,0.4776557087898254,0.0565642416477203
JERC,JERC_007,2024,10,16,NEON_DP3.30026.002_bidirectional,0.7538459897041321,0.0784678012132644,0.4663478434085846,0.1015567481517791,0.6693774461746216,0.1033195257186889,0.4508553743362427,0.0859697982668876
JERC,JERC_008,2023,10,16,NEON_DP3.30026.002_bidirectional,0.7663672566413879,0.0595401264727115,0.3855194449424743,0.0768498331308364,0.6904497742652893,0.0793601274490356,0.3853242397308349,0.0660362988710403
JERC,JERC_008,2024,10,16,NEON_DP3.30026.002_bidirectional,0.8144747614860535,0.059394359588623,0.4812749624252319,0.061176735907793,0.7489537596702576,0.0777393281459808,0.4687857329845428,0.0519821010529994
JERC,JERC_009,2023,10,8,NEON_DP3.30026.002_bidirectional,0.8161267638206482,0.0233239587396383,0.5643826127052307,0.0866476148366928,0.7503491044044495,0.029635053128004,0.5330784916877747,0.0696788653731346
JERC,JERC_009,2024,10,8,NEON_DP3.30026.002_bidirectional,0.7629622220993042,0.0279584396630525,0.5270294547080994,0.0485981442034244,0.6773500442504883,0.0384535863995552,0.5031874179840088,0.0398839525878429
JERC,JERC_010,2023,10,16,NEON_DP3.30026.002_bidirectional,0.7351000905036926,0.0596869885921478,0.4143011569976806,0.0779829770326614,0.6476116180419922,0.0798439383506774,0.4076182842254638,0.0668090656399726
JERC,JERC_010,2024,10,16,NEON_DP3.30026.002_bidirectional,0.8353745341300964,0.0282449312508106,0.1782361268997192,0.0138798430562019,0.7341180443763733,0.0370611883699893,0.199977308511734,0.0147125832736492
JERC,JERC_011,2023,10,16,NEON_DP3.30026.002_bidirectional,0.7056245803833008,0.0371316820383071,0.3733042478561401,0.0537857711315155,0.6213299632072449,0.0484429635107517,0.369218647480011,0.0483029671013355
JERC,JERC_011,2024,10,16,NEON_DP3.30026.002_bidirectional,0.7988016605377197,0.0259190145879983,0.5462309122085571,0.073294423520565,0.7205745577812195,0.0362583808600902,0.5210489630699158,0.0592248179018497
JERC,JERC_012,2023,10,16,NEON_DP3.30026.002_bidirectional,0.1316836923360824,0.0189497172832489,0.1233410090208053,0.013373402878642,-0.0632420033216476,0.0197840239852666,0.1235657781362533,0.0132242208346724
JERC,JERC_012,2024,10,16,NEON_DP3.30026.002_bidirectional,0.4123106300830841,0.0477176159620285,0.3356713354587555,0.0314507596194744,0.2299616336822509,0.0545258335769176,0.3348938822746277,0.0294859781861305
JERC,JERC_013,2023,10,16,NEON_DP3.30026.002_bidirectional,0.6724340915679932,0.0494210086762905,0.3356553614139557,0.0562982521951198,0.5700914859771729,0.0642742365598678,0.3378525674343109,0.050578873604536
JERC,JERC_013,2024,10,16,NEON_DP3.30026.002_bidirectional,0.7766708135604858,0.0380159430205822,0.4866741597652435,0.0503658019006252,0.6932194828987122,0.0541568547487258,0.4722992479801178,0.0408939905464649
JERC,JERC_014,2023,10,16,NEON_DP3.30026.002_bidirectional,0.6569516658782959,0.065223641693592,0.4312914311885834,0.0458835251629352,0.5284029245376587,0.0886689126491546,0.4284812211990356,0.038969486951828
JERC,JERC_014,2024,10,16,NEON_DP3.30026.002_bidirectional,0.4886354207992553,0.2122714817523956,0.1258021146059036,0.0437529273331165,0.3309860527515411,0.2507042288780212,0.1406460404396057,0.0481159202754497
JERC,JERC_015,2023,10,16,NEON_DP3.30026.002_bidirectional,0.727988064289093,0.0388766713440418,0.363865464925766,0.0329355038702487,0.6371280550956726,0.0522553175687789,0.3670524656772613,0.030012521892786
JERC,JERC_015,2024,10,16,NEON_DP3.30026.002_bidirectional,0.8469281792640686,0.0265260655432939,0.2338009029626846,0.0213259700685739,0.735489547252655,0.0409077368676662,0.2592262327671051,0.0214353036135435
JERC,JERC_016,2023,10,16,NEON_DP3.30026.002_bidirectional,0.905365824699402,0.0191269256174564,0.6252058744430542,0.0573215261101722,0.8796799182891846,0.0272454395890235,0.5804235935211182,0.0443374402821064
JERC,JERC_016,2024,10,16,NEON_DP3.30026.002_bidirectional,0.9071323871612548,0.0149607481434941,0.6662686467170715,0.0533303171396255,0.8745867013931274,0.0205331500619649,0.6144319176673889,0.0400403328239917
JERC,JERC_019,2023,10,16,NEON_DP3.30026.002_bidirectional,0.8711687326431274,0.0223971437662839,0.615843653678894,0.0956275686621666,0.8306227922439575,0.0310415755957365,0.5707170963287354,0.0753313824534416
JERC,JERC_019,2024,10,16,NEON_DP3.30026.002_bidirectional,0.8416892290115356,0.044402003288269,0.2832971811294555,0.0625837072730064,0.7911349534988403,0.0603481642901897,0.2979516983032226,0.0593891106545925
JERC,JERC_021,2023,10,16,NEON_DP3.30026.002_bidirectional,0.717515766620636,0.0229973923414945,0.3596851527690887,0.0491602793335914,0.6299155950546265,0.0313654169440269,0.359156847000122,0.0434115454554557
JERC,JERC_021,2024,10,16,NEON_DP3.30026.002_bidirectional,0.8151158690452576,0.0169167574495077,0.5497500896453857,0.0549272485077381,0.7479262351989746,0.0228112582117319,0.5221058130264282,0.0434454903006553
JERC,JERC_022,2023,10,16,NEON_DP3.30026.002_bidirectional,0.6407589316368103,0.1041511595249176,0.3380268216133117,0.0851817429065704,0.523084819316864,0.1340203583240509,0.3401139974594116,0.0757321566343307
JERC,JERC_022,2024,10,16,NEON_DP3.30026.002_bidirectional,0.7528390288352966,0.0770911425352096,0.5293320417404175,0.0919747278094291,0.667615532875061,0.1023231968283653,0.5016539096832275,0.0747214928269386
JERC,JERC_028,2023,10,16,NEON_DP3.30026.002_bidirectional,0.909933626651764,0.0116080231964588,0.655511200428009,0.0442958399653434,0.8908692598342896,0.0163969676941633,0.6023958325386047,0.0322209931910038
JERC,JERC_028,2024,10,16,NEON_DP3.30026.002_bidirectional,0.8921211957931519,0.0139766633510589,0.7208676934242249,0.0468950755894184,0.8600142598152161,0.0191642306745052,0.6503337025642395,0.0338289216160774
JERC,JERC_029,2023,10,16,NEON_DP3.30026.002_bidirectional,0.7397860884666443,0.1130194365978241,0.4857107400894165,0.1244404539465904,0.6575711369514465,0.1420673280954361,0.4632756412029266,0.1050183624029159
JERC,JERC_029,2024,10,16,NEON_DP3.30026.002_bidirectional,0.8340050578117371,0.1014558970928192,0.260160356760025,0.0610179379582405,0.7281885147094727,0.1246593445539474,0.2841111123561859,0.062042698264122
JERC,JERC_030,2023,10,16,NEON_DP3.30026.002_bidirectional,0.7525500059127808,0.1818301677703857,0.4525517225265503,0.1945824921131134,0.6966508626937866,0.2138400226831436,0.4301693439483642,0.1722106337547302
JERC,JERC_030,2024,10,16,NEON_DP3.30026.002_bidirectional,0.8490855097770691,0.0688708275556564,0.6028093099594116,0.109240636229515,0.7916635274887085,0.0967930480837822,0.5655645728111267,0.085592471063137
JERC,JERC_031,2023,10,16,NEON_DP3.30026.002_bidirectional,0.7730084657669067,0.0702521353960037,0.4553944766521454,0.0561165027320385,0.6960142850875854,0.095340222120285,0.4445264339447021,0.0463541112840175
JERC,JERC_031,2024,10,16,NEON_DP3.30026.002_bidirectional,0.732644259929657,0.0649033337831497,0.4094177782535553,0.0671693012118339,0.629990816116333,0.0864737182855606,0.4089609682559967,0.0551597848534584
JERC,JERC_033,2023,10,16,NEON_DP3.30026.002_bidirectional,0.7533354163169861,0.0611424706876277,0.4086511433124542,0.0647480189800262,0.6743218302726746,0.0797859579324722,0.4039829075336456,0.0565117336809635
JERC,JERC_033,2024,10,16,NEON_DP3.30026.002_bidirectional,0.7767318487167358,0.0472897253930568,0.5447933673858643,0.0738871470093727,0.6857075691223145,0.0669904202222824,0.5209386348724365,0.0581208616495132
JERC,JERC_034,2023,10,12,NEON_DP3.30026.002_bidirectional,0.6730350852012634,0.1379890739917755,0.3715690672397613,0.137437105178833,0.5976185202598572,0.1531515270471573,0.3606489896774292,0.1274339854717254
JERC,JERC_034,2024,10,12,NEON_DP3.30026.002_bidirectional,0.785949170589447,0.0532847046852111,0.4416352212429046,0.0870496407151222,0.7092429995536804,0.0691041275858879,0.4345498383045196,0.0757192373275756
JERC,JERC_035,2023,10,16,NEON_DP3.30026.002_bidirectional,0.7960287928581238,0.0658449605107307,0.4840579330921173,0.0751325190067291,0.7249054908752441,0.0878058150410652,0.4709591567516327,0.0640127882361412
JERC,JERC_035,2024,10,16,NEON_DP3.30026.002_bidirectional,0.7152395248413086,0.0793793052434921,0.4461316764354706,0.1076957434415817,0.6015899181365967,0.1010475605726242,0.4408067166805267,0.0912156999111175
JERC,JERC_036,2023,10,16,NEON_DP3.30026.002_bidirectional,0.8472299575805664,0.067980982363224,0.5906397104263306,0.0810921415686607,0.7966322898864746,0.0950665697455406,0.5545070767402649,0.0647448301315307
JERC,JERC_036,2024,10,16,NEON_DP3.30026.002_bidirectional,0.8496724367141724,0.0739363208413124,0.6628220677375793,0.0956244021654129,0.7976438999176025,0.0999297350645065,0.6081427931785583,0.075711578130722
JERC,JERC_038,2023,10,16,NEON_DP3.30026.002_bidirectional,0.8271409273147583,0.0726364180445671,0.4945512115955353,0.1095810309052467,0.7859590649604797,0.0869971886277198,0.4702599346637726,0.0944442674517631
JERC,JERC_038,2024,10,16,NEON_DP3.30026.002_bidirectional,0.8587763905525208,0.0282866191118955,0.5721952319145203,0.0731177330017089,0.8080663084983826,0.0401413701474666,0.5407891869544983,0.0572332255542278
JERC,JERC_040,2023,10,16,NEON_DP3.30026.002_bidirectional,0.6647485494613647,0.1109786406159401,0.3576826453208923,0.1201824396848678,0.5580087900161743,0.1448130309581756,0.3550857305526733,0.1036160215735435
JERC,JERC_040,2024,10,16,NEON_DP3.30026.002_bidirectional,0.7616173624992371,0.0699723809957504,0.506235659122467,0.1072528064250946,0.6758956909179688,0.0970041751861572,0.4837062358856201,0.084936685860157
JERC,JERC_041,2023,10,8,NEON_DP3.30026.002_bidirectional,0.913598895072937,0.0110075371339917,0.7475250363349915,0.057869117707014,0.886998176574707,0.0150085408240556,0.6711738109588623,0.0432149618864059
JERC,JERC_041,2024,10,8,NEON_DP3.30026.002_bidirectional,0.9106043577194214,0.0088803218677639,0.8030354380607605,0.0450392924249172,0.8748825788497925,0.0121388165280222,0.714869499206543,0.0329170860350132
JERC,JERC_042,2023,10,16,NEON_DP3.30026.002_bidirectional,0.7666707038879395,0.063161700963974,0.4583469033241272,0.0833382308483123,0.6887696385383606,0.0850846916437149,0.4446742832660675,0.0702965930104255
JERC,JERC_042,2024,10,16,NEON_DP3.30026.002_bidirectional,0.8190625309944153,0.0361409708857536,0.3710110187530517,0.0970459878444671,0.7642480134963989,0.0479003265500068,0.3732563555240631,0.0850905701518058
JERC,JERC_044,2023,10,16,NEON_DP3.30026.002_bidirectional,0.8323500752449036,0.0411482751369476,0.5713955760002136,0.109316848218441,0.7739399075508118,0.0573621951043605,0.537715494632721,0.0887290239334106
JERC,JERC_044,2024,10,16,NEON_DP3.30026.002_bidirectional,0.7532616257667542,0.0799545049667358,0.4937385320663452,0.1428142786026001,0.6614922881126404,0.1051782742142677,0.4729178547859192,0.118268646299839
JERC,JERC_047,2023,10,16,NEON_DP3.30026.002_bidirectional,0.8351847529411316,0.0676621049642562,0.5334941744804382,0.0814580544829368,0.7825828194618225,0.0968901738524437,0.5088919997215271,0.0651147961616516
JERC,JERC_047,2024,10,16,NEON_DP3.30026.002_bidirectional,0.8157315254211426,0.0988416224718093,0.2220324128866195,0.0585760474205017,0.7183977365493774,0.1306204199790954,0.2424481660127639,0.059674683958292
JERC,JERC_048,2023,10,16,NEON_DP3.30026.002_bidirectional,0.7246533632278442,0.0790799260139465,0.4245799779891968,0.0863186419010162,0.6388905644416809,0.0988503694534301,0.4141699969768524,0.074010357260704
JERC,JERC_048,2024,10,16,NEON_DP3.30026.002_bidirectional,0.8062887191772461,0.0609830245375633,0.1731350123882293,0.0220466330647468,0.6830766201019287,0.0736812576651573,0.1957071870565414,0.0236246157437562
JERC,JERC_049,2023,10,16,NEON_DP3.30026.002_bidirectional,0.7359654307365417,0.0527046471834182,0.3914192914962768,0.0685025602579116,0.6522757411003113,0.0706120058894157,0.3878436386585235,0.0599659867584705
JERC,JERC_049,2024,10,16,NEON_DP3.30026.002_bidirectional,0.8481159210205078,0.0292264893651008,0.1942969262599945,0.0198646560311317,0.7301520705223083,0.0463250391185283,0.2189578264951706,0.0207296665757894
JERC,JERC_050,2023,10,16,NEON_DP3.30026.002_bidirectional,0.8667219877243042,0.0466032512485981,0.5870664119720459,0.0913686528801918,0.8272374272346497,0.0647679045796394,0.5491756796836853,0.0716994479298591
JERC,JERC_050,2024,10,16,NEON_DP3.30026.002_bidirectional,0.8370451331138611,0.0797554329037666,0.4635126292705536,0.1215868964791297,0.7546907663345337,0.1099175736308097,0.4592470228672027,0.1051028594374656
JERC,JERC_051,2023,10,16,NEON_DP3.30026.002_bidirectional,0.8172818422317505,0.0305338092148304,0.4958069324493408,0.0664834156632423,0.7560724020004272,0.0431850850582122,0.4779837727546692,0.0544293671846389
JERC,JERC_051,2024,10,16,NEON_DP3.30026.002_bidirectional,0.8369438052177429,0.0228304676711559,0.1892177462577819,0.0261566080152988,0.7181380391120911,0.0366836078464984,0.2128458619117736,0.0270580407232046
JERC,JERC_052,2023,10,16,NEON_DP3.30026.002_bidirectional,0.7279337644577026,0.0602494664490222,0.4359959661960602,0.0710467174649238,0.6355026960372925,0.0816088542342186,0.4268229901790619,0.059413593262434
JERC,JERC_052,2024,10,16,NEON_DP3.30026.002_bidirectional,0.8652803897857666,0.0254572872072458,0.2047922015190124,0.0274750534445047,0.7524254322052002,0.0414626374840736,0.2300352305173874,0.0278211496770381
JERC,JERC_053,2023,10,16,NEON_DP3.30026.002_bidirectional,0.7419341802597046,0.0395806953310966,0.3982664942741394,0.0770481750369072,0.6606857180595398,0.052072562277317,0.3926210701465606,0.0669324696063995
JERC,JERC_053,2024,10,16,NEON_DP3.30026.002_bidirectional,0.8873210549354553,0.0209598820656538,0.2115201503038406,0.0193552020937204,0.7890881299972534,0.0366612821817398,0.2367740273475647,0.0197254475206136
JERC,JERC_054,2023,10,16,NEON_DP3.30026.002_bidirectional,0.9030874967575072,0.0255776476114988,0.6454585194587708,0.0647062435746193,0.8784448504447937,0.0355561077594757,0.5960142612457275,0.0499737523496151
JERC,JERC_054,2024,10,16,NEON_DP3.30026.002_bidirectional,0.9106647968292236,0.0324020832777023,0.4762262105941772,0.0475049465894699,0.8652381300926208,0.0432922355830669,0.4757442474365234,0.0416355468332767
JERC,JERC_055,2023,10,16,NEON_DP3.30026.002_bidirectional,0.723656177520752,0.0511012077331543,0.4291937947273254,0.0789605602622032,0.6327406167984009,0.0635997503995895,0.4201197028160095,0.0686195939779281
JERC,JERC_055,2024,10,16,NEON_DP3.30026.002_bidirectional,0.8182806372642517,0.0339804962277412,0.2969808280467987,0.0710354521870613,0.7467063069343567,0.0478316731750965,0.3119643032550812,0.0653294697403907
JERC,JERC_056,2023,10,16,NEON_DP3.30026.002_bidirectional,0.7690674662590027,0.0583413131535053,0.4815119504928589,0.0767868980765342,0.6911740303039551,0.0775973424315452,0.4652265310287475,0.0641771703958511
JERC,JERC_056,2024,10,16,NEON_DP3.30026.002_bidirectional,0.8479856252670288,0.0354182459414005,0.7000425457954407,0.0734795331954956,0.7841577529907227,0.0492250695824623,0.6415945887565613,0.0555000491440296
JERC,JERC_057,2023,10,16,NEON_DP3.30026.002_bidirectional,0.8817198276519775,0.0257859341800212,0.6084977984428406,0.0494965054094791,0.8459149599075317,0.0372804254293441,0.5698896646499634,0.0380735173821449
JERC,JERC_057,2024,10,16,NEON_DP3.30026.002_bidirectional,0.8857513666152954,0.0193704832345247,0.6903404593467712,0.0531813502311706,0.8475487232208252,0.0273561887443065,0.6308992505073547,0.0394229255616664
JERC,JERC_058,2023,10,16,NEON_DP3.30026.002_bidirectional,0.7258548736572266,0.0341341271996498,0.4278131127357483,0.0480021499097347,0.6343123316764832,0.0462783351540565,0.4194456040859222,0.0420668348670005
JERC,JERC_058,2024,10,16,NEON_DP3.30026.002_bidirectional,0.8927278518676758,0.0235290173441171,0.2249839901924133,0.0185540299862623,0.8010115623474121,0.0400059334933757,0.25042325258255,0.0188506301492452
JERC,JERC_059,2023,10,16,NEON_DP3.30026.002_bidirectional,0.8129642605781555,0.0223483927547931,0.4924769997596741,0.0671047195792198,0.7509096264839172,0.0319026559591293,0.475054532289505,0.0546969771385192
JERC,JERC_059,2024,10,16,NEON_DP3.30026.002_bidirectional,0.8422702550888062,0.0127481864765286,0.1782260835170745,0.0111657613888382,0.7227562665939331,0.0191677752882242,0.2018785178661346,0.011677504517138
JERC,JERC_060,2023,10,16,NEON_DP3.30026.002_bidirectional,0.7436271905899048,0.0394953116774559,0.4279759228229522,0.0563158094882965,0.6483579874038696,0.0573240667581558,0.4239498674869537,0.0472124814987182
JERC,JERC_060,2024,10,16,NEON_DP3.30026.002_bidirectional,0.7522919178009033,0.0417485274374485,0.1808726638555526,0.0258423909544944,0.6448482871055603,0.0564579330384731,0.2004808783531189,0.0268864147365093
JERC,JERC_061,2023,10,16,NEON_DP3.30026.002_bidirectional,0.6968106031417847,0.0349804870784282,0.3674137592315674,0.0301156900823116,0.5967680811882019,0.0491191446781158,0.3683583736419678,0.0280904322862625
JERC,JERC_061,2024,10,16,NEON_DP3.30026.002_bidirectional,0.7990484237670898,0.0231390614062547,0.561739444732666,0.0550548769533634,0.7130269408226013,0.033037856221199,0.5381106734275818,0.0438891872763633
JERC,JERC_062,2023,10,16,NEON_DP3.30026.002_bidirectional,0.7733150720596313,0.0403651855885982,0.4383125603199005,0.0565918833017349,0.6937016844749451,0.0598827674984931,0.4304037094116211,0.0485234148800373
JERC,JERC_062,2024,10,16,NEON_DP3.30026.002_bidirectional,0.6636793613433838,0.0908103659749031,0.1745341122150421,0.0464638471603393,0.5189851522445679,0.1158861741423606,0.191378965973854,0.0484414249658584
JERC,JERC_063,2023,10,16,NEON_DP3.30026.002_bidirectional,0.6981117725372314,0.0642999485135078,0.4224897027015686,0.08193289488554,0.5997895002365112,0.082832284271717,0.4125769734382629,0.0709211155772209
JERC,JERC_063,2024,10,16,NEON_DP3.30026.002_bidirectional,0.8401570320129395,0.0455251447856426,0.1978341937065124,0.0251785404980182,0.7169856429100037,0.0693096965551376,0.2227365672588348,0.026139598339796
JERC,JERC_064,2023,10,16,NEON_DP3.30026.002_bidirectional,0.5913025140762329,0.0799951702356338,0.267785906791687,0.0500635169446468,0.4641937911510467,0.1040766537189483,0.2761438488960266,0.0471858717501163
JERC,JERC_064,2024,10,16,NEON_DP3.30026.002_bidirectional,0.7609933018684387,0.0238338410854339,0.2452150881290435,0.0179543159902095,0.6762887239456177,0.0381145328283309,0.2623230814933777,0.0173401422798633
JERC,JERC_065,2023,10,16,NEON_DP3.30026.002_bidirectional,0.7130048274993896,0.0424808971583843,0.39142906665802,0.0460554137825965,0.6072983741760254,0.0622937306761741,0.3924267590045929,0.0397324189543724
JERC,JERC_065,2024,10,16,NEON_DP3.30026.002_bidirectional,0.7560477256774902,0.0296111330389976,0.213487759232521,0.0268145743757486,0.6683166027069092,0.0377578064799308,0.2317015379667282,0.0268426947295665
JERC,JERC_066,2023,10,16,NEON_DP3.30026.002_bidirectional,0.6586759090423584,0.1346601694822311,0.3699767291545868,0.0816595926880836,0.5477081537246704,0.1808221042156219,0.3687664568424225,0.0703327730298042
JERC,JERC_066,2024,10,16,NEON_DP3.30026.002_bidirectional,0.7376859188079834,0.1747053116559982,0.1773177683353424,0.05805080011487,0.5942655205726624,0.2263519167900085,0.1996310949325561,0.0621786676347255
LENO,LENO_001,2018,10,16,NEON_DP3.30026.002_bidirectional,0.8917233347892761,0.0155653683468699,0.639843225479126,0.086898349225521,0.8542458415031433,0.0251421853899955,0.5928616523742676,0.0631229728460311
LENO,LENO_001,2023,10,16,NEON_DP3.30026.002_bidirectional,0.92313414812088,0.0142664844170212,0.6853703856468201,0.0551494546234607,0.9046554565429688,0.0222470574080944,0.6269687414169312,0.040859255939722
LENO,LENO_001,2024,10,16,NEON_DP3.30026.002_bidirectional,0.8992447853088379,0.0176048073917627,0.8020896911621094,0.0495305284857749,0.877909779548645,0.0258102789521217,0.7001566886901855,0.0344400033354759
LENO,LENO_001,2026,10,16,NEON_DP3.30026.002_bidirectional,0.931948721408844,0.0141350794583559,0.7167890071868896,0.0607470422983169,0.9197736978530884,0.0216454993933439,0.6463360786437988,0.0444326139986515
LENO,LENO_002,2018,10,8,NEON_DP3.30026.002_bidirectional,0.9089898467063904,0.0202669240534305,0.5649135708808899,0.0640679523348808,0.8777156472206116,0.0305388830602169,0.5387797355651855,0.0511881411075592
LENO,LENO_002,2023,10,8,NEON_DP3.30026.002_bidirectional,0.8961427211761475,0.0161426402628421,0.507027804851532,0.0571483150124549,0.867803692817688,0.0243752766400575,0.4903095662593841,0.0452229715883731
LENO,LENO_002,2024,10,8,NEON_DP3.30026.002_bidirectional,0.8998579978942871,0.0116175301373004,0.5472948551177979,0.0567032992839813,0.8674651980400085,0.0160171389579772,0.5253671407699585,0.0439962036907672
LENO,LENO_002,2026,10,8,NEON_DP3.30026.002_bidirectional,0.9229397773742676,0.0105277383700013,0.5568611025810242,0.0656825900077819,0.9119109511375428,0.0167176313698291,0.5258652567863464,0.0524430945515632
LENO,LENO_003,2018,10,16,NEON_DP3.30026.002_bidirectional,0.8989439606666565,0.0127473063766956,0.6680495142936707,0.0718942508101463,0.8598586320877075,0.0189905911684036,0.6171312928199768,0.0551652759313583
LENO,LENO_003,2023,10,16,NEON_DP3.30026.002_bidirectional,0.8959903120994568,0.0144427483901381,0.6077221035957336,0.0868167430162429,0.8647052049636841,0.022471098229289,0.5676015019416809,0.0700127556920051
LENO,LENO_003,2024,10,16,NEON_DP3.30026.002_bidirectional,0.8797622919082642,0.0144149865955114,0.6670897006988525,0.0642864927649498,0.8368753790855408,0.0205564368516206,0.6147229671478271,0.0464247651398181
LENO,LENO_003,2026,10,16,NEON_DP3.30026.002_bidirectional,0.9201231598854064,0.0141615467146039,0.6654385924339294,0.0981610864400863,0.9024595618247986,0.0205115638673305,0.6082193851470947,0.0755775421857833
LENO,LENO_004,2018,10,16,NEON_DP3.30026.002_bidirectional,0.9294798374176024,0.0070112165994942,0.6405515074729919,0.1243005990982055,0.902123749256134,0.0082454709336161,0.5948861837387085,0.0929877236485481
LENO,LENO_004,2023,10,16,NEON_DP3.30026.002_bidirectional,0.922562301158905,0.0046853302046656,0.6304324865341187,0.1289615333080291,0.9123857021331788,0.011138916015625,0.5788341164588928,0.095729649066925
LENO,LENO_004,2024,10,16,NEON_DP3.30026.002_bidirectional,0.8934952020645142,0.0054052975028753,0.7128899693489075,0.0353289023041725,0.8632417321205139,0.008250668644905,0.6451128125190735,0.0241677295416593
LENO,LENO_004,2026,10,16,NEON_DP3.30026.002_bidirectional,0.9320439100265504,0.009562917985022,0.6173281073570251,0.1409826576709747,0.9220550060272216,0.0132105201482772,0.5688674449920654,0.1075632572174072
LENO,LENO_005,2018,10,16,NEON_DP3.30026.002_bidirectional,0.8863525986671448,0.0101430742070078,0.6390317678451538,0.0553021766245365,0.8454676866531372,0.0147734116762876,0.5943369269371033,0.0425641722977161
LENO,LENO_005,2023,10,16,NEON_DP3.30026.002_bidirectional,0.9072720408439636,0.0098854955285787,0.6797984838485718,0.0438391715288162,0.883222758769989,0.0155755626037716,0.6209820508956909,0.0325867012143135
LENO,LENO_005,2024,10,16,NEON_DP3.30026.002_bidirectional,0.880995512008667,0.0103483842685818,0.6412984132766724,0.1387818604707718,0.8466499447822571,0.0157021731138229,0.5891512036323547,0.1048818230628967
LENO,LENO_005,2026,10,16,NEON_DP3.30026.002_bidirectional,0.8928107023239136,0.0157959703356027,0.6357348561286926,0.0437507890164852,0.8655381202697754,0.0236905645579099,0.586872398853302,0.0325751118361949
LENO,LENO_006,2018,10,16,NEON_DP3.30026.002_bidirectional,0.9235970377922058,0.0125064635649323,0.6974388957023621,0.1073422729969024,0.896424412727356,0.0177842136472463,0.6339961290359497,0.0793967247009277
LENO,LENO_006,2023,10,16,NEON_DP3.30026.002_bidirectional,0.8991440534591675,0.0185225829482078,0.6297266483306885,0.0766973793506622,0.8710317015647888,0.0259140450507402,0.5823355317115784,0.0588423795998096
LENO,LENO_006,2024,10,16,NEON_DP3.30026.002_bidirectional,0.8790748119354248,0.0297477208077907,0.6617134809494019,0.0658487826585769,0.8396162986755371,0.0384461618959903,0.6089575886726379,0.0496504083275795
LENO,LENO_006,2026,10,16,NEON_DP3.30026.002_bidirectional,0.9204677939414978,0.0165410302579402,0.6514301300048828,0.1053931787610054,0.9065248370170592,0.0218616649508476,0.5936279296875,0.079188086092472
LENO,LENO_007,2018,10,16,NEON_DP3.30026.002_bidirectional,0.903336763381958,0.0062290760688483,0.6046178936958313,0.1077529042959213,0.8693427443504333,0.0081915976479649,0.5651414394378662,0.0852314084768295
LENO,LENO_007,2023,10,16,NEON_DP3.30026.002_bidirectional,0.8802497386932373,0.0160687007009983,0.5232589840888977,0.0993218421936035,0.8417271375656128,0.0270291827619075,0.5015371441841125,0.082200102508068
LENO,LENO_007,2024,10,16,NEON_DP3.30026.002_bidirectional,0.8731980323791504,0.0118769695982337,0.6323907375335693,0.0613075345754623,0.8324218988418579,0.0166152622550725,0.5867074728012085,0.0472571589052677
LENO,LENO_007,2026,10,16,NEON_DP3.30026.002_bidirectional,0.9155908226966858,0.0129155609756708,0.593399167060852,0.1142818257212638,0.8981289267539978,0.0201846286654472,0.5524933338165283,0.0898739024996757
LENO,LENO_008,2018,10,16,NEON_DP3.30026.002_bidirectional,0.9101595282554626,0.0127107901498675,0.6466178894042969,0.1126200556755065,0.8772196173667908,0.0181047338992357,0.5980442762374878,0.085837036371231
LENO,LENO_008,2023,10,16,NEON_DP3.30026.002_bidirectional,0.9096757769584656,0.0202236678451299,0.6206239461898804,0.1156976819038391,0.8902443051338196,0.0304787270724773,0.5716867446899414,0.0905346721410751
LENO,LENO_008,2024,10,16,NEON_DP3.30026.002_bidirectional,0.8988947868347168,0.01525495108217,0.6895862221717834,0.0669755935668945,0.8613471984863281,0.0235652308911085,0.6337987780570984,0.0481688864529132
LENO,LENO_008,2026,10,16,NEON_DP3.30026.002_bidirectional,0.9256497025489808,0.0104116201400756,0.6571075320243835,0.1129340082406997,0.9147329330444336,0.0176421198993921,0.5980932712554932,0.0864932909607887
LENO,LENO_009,2018,10,16,NEON_DP3.30026.002_bidirectional,0.8988820910453796,0.0175639037042856,0.6603764891624451,0.0545445680618286,0.8609334826469421,0.0246366020292043,0.6129987835884094,0.0408237762749195
LENO,LENO_009,2023,10,16,NEON_DP3.30026.002_bidirectional,0.9034838080406188,0.0149037856608629,0.6720032095909119,0.0609929524362087,0.8767428994178772,0.0212919302284717,0.6155394911766052,0.0432451777160167
LENO,LENO_009,2024,10,16,NEON_DP3.30026.002_bidirectional,0.8814685940742493,0.0133368009701371,0.7190345525741577,0.0443911142647266,0.8473691940307617,0.0184645876288414,0.647054135799408,0.0324686281383037
LENO,LENO_009,2026,10,16,NEON_DP3.30026.002_bidirectional,0.9002879858016968,0.0184759683907032,0.6547880172729492,0.0653403624892234,0.8778563141822815,0.0253918543457984,0.5998117327690125,0.0469284877181053
LENO,LENO_010,2018,10,16,NEON_DP3.30026.002_bidirectional,0.9130298495292664,0.0084688393399119,0.6366309523582458,0.1082665845751762,0.8835050463676453,0.0133562004193663,0.591313898563385,0.0841210037469863
LENO,LENO_010,2023,10,16,NEON_DP3.30026.002_bidirectional,0.8938456773757935,0.0252533499151468,0.5636965036392212,0.0817759558558464,0.8661691546440125,0.0338801033794879,0.5329242944717407,0.0655998215079307
LENO,LENO_010,2024,10,16,NEON_DP3.30026.002_bidirectional,0.8926059007644653,0.0165097899734973,0.7018859386444092,0.0787560939788818,0.8673114776611328,0.0184721574187278,0.6324288845062256,0.0588591396808624
LENO,LENO_010,2026,10,16,NEON_DP3.30026.002_bidirectional,0.9218721389770508,0.0107140429317951,0.6160790324211121,0.0845701545476913,0.9091499447822572,0.0168553180992603,0.5711857080459595,0.0659062266349792
LENO,LENO_011,2018,10,16,NEON_DP3.30026.002_bidirectional,0.9194576740264891,0.0103221172466874,0.664179265499115,0.0960410758852958,0.8882026672363281,0.0131784677505493,0.610553503036499,0.0708310827612876
LENO,LENO_011,2023,10,16,NEON_DP3.30026.002_bidirectional,0.9170039892196656,0.0216279234737157,0.548542320728302,0.1001474484801292,0.9023537039756776,0.0342882573604583,0.5173643827438354,0.0789219290018081
LENO,LENO_011,2024,10,16,NEON_DP3.30026.002_bidirectional,0.8821218013763428,0.0206548906862735,0.694265604019165,0.0695953667163848,0.8493322134017944,0.0278573278337717,0.6287185549736023,0.051791213452816
LENO,LENO_011,2026,10,16,NEON_DP3.30026.002_bidirectional,0.9330753684043884,0.0124271744862198,0.5958682894706726,0.110705628991127,0.922874391078949,0.0141987539827823,0.5521007180213928,0.0859024077653884
LENO,LENO_012,2018,10,16,NEON_DP3.30026.002_bidirectional,0.9126365184783936,0.0119711179286241,0.5823628306388855,0.0842882990837097,0.8854628801345825,0.0181054156273603,0.5505343675613403,0.0668667927384376
LENO,LENO_012,2023,10,16,NEON_DP3.30026.002_bidirectional,0.8965610265731812,0.0236623957753181,0.582389235496521,0.0694157183170318,0.8685398697853088,0.033312689512968,0.5479567050933838,0.0545531772077083
LENO,LENO_012,2024,10,16,NEON_DP3.30026.002_bidirectional,0.8618729710578918,0.0236037950962781,0.6579425930976868,0.0577786266803741,0.8230224847793579,0.0334516130387783,0.6011197566986084,0.0432300381362438
LENO,LENO_012,2026,10,16,NEON_DP3.30026.002_bidirectional,0.8993122577667236,0.0319389477372169,0.593143105506897,0.0945879817008972,0.8796464800834656,0.0448755472898483,0.5516860485076904,0.0739380344748497
LENO,LENO_013,2018,10,16,NEON_DP3.30026.002_bidirectional,0.8969472646713257,0.0169856771826744,0.6523336172103882,0.0726366192102432,0.8547834157943726,0.0245438907295465,0.6074205636978149,0.0539329275488853
LENO,LENO_013,2023,10,16,NEON_DP3.30026.002_bidirectional,0.8898736834526062,0.0114808650687336,0.6043124794960022,0.0524161048233509,0.8566808104515076,0.0164398979395627,0.566693902015686,0.0388795472681522
LENO,LENO_013,2024,10,16,NEON_DP3.30026.002_bidirectional,0.9242669939994812,0.011132470332086,0.3007450401782989,0.0315184108912944,0.8578823804855347,0.0185356549918651,0.3247977495193481,0.0309958178550004
LENO,LENO_013,2026,10,16,NEON_DP3.30026.002_bidirectional,0.9108066558837892,0.0111527880653738,0.6619558334350586,0.0467309542000293,0.888384997844696,0.0163400080054998,0.6092876195907593,0.0331415347754955
LENO,LENO_014,2018,10,16,NEON_DP3.30026.002_bidirectional,0.9045568704605104,0.0211072955280542,0.5596036314964294,0.0963205844163894,0.8702613115310669,0.0291569400578737,0.5320823788642883,0.0736508145928382
LENO,LENO_014,2023,10,16,NEON_DP3.30026.002_bidirectional,0.9125104546546936,0.0143560878932476,0.5720489621162415,0.0872677564620971,0.8961377143859863,0.020780635997653,0.5369191765785217,0.0677301883697509
LENO,LENO_014,2024,10,16,NEON_DP3.30026.002_bidirectional,0.8992844223976135,0.0137974405661225,0.6702699065208435,0.0621674954891204,0.8654072284698486,0.0190107077360153,0.6183626651763916,0.0469090938568115
LENO,LENO_014,2026,10,16,NEON_DP3.30026.002_bidirectional,0.9232677817344666,0.0132576059550046,0.6103301048278809,0.0816774517297744,0.9104943871498108,0.01936593092978,0.566633403301239,0.0616250187158584
LENO,LENO_015,2018,10,16,NEON_DP3.30026.002_bidirectional,0.9191349148750304,0.011800724081695,0.6947203278541565,0.0799705907702446,0.8875467777252197,0.0164038576185703,0.6366589665412903,0.0591661445796489
LENO,LENO_015,2023,10,16,NEON_DP3.30026.002_bidirectional,0.922413170337677,0.0126580251380801,0.6903136968612671,0.0556409806013107,0.9036535620689392,0.0195139925926923,0.6286232471466064,0.0428077466785907
LENO,LENO_015,2024,10,16,NEON_DP3.30026.002_bidirectional,0.8888039588928223,0.0191510543227195,0.6786812543869019,0.0625861063599586,0.8463625311851501,0.0266927815973758,0.6257161498069763,0.0466618500649929
LENO,LENO_015,2026,10,16,NEON_DP3.30026.002_bidirectional,0.9349857568740844,0.0066512003540992,0.706098198890686,0.0595759153366088,0.9233193397521972,0.0104366019368171,0.6388214826583862,0.0436534956097602
LENO,LENO_016,2018,10,16,NEON_DP3.30026.002_bidirectional,0.9251925945281982,0.0082836272194981,0.6774242520332336,0.082007959485054,0.8991718888282776,0.0124551532790064,0.622687041759491,0.0610347464680671
LENO,LENO_016,2023,10,16,NEON_DP3.30026.002_bidirectional,0.8811145424842834,0.0340301804244518,0.5460640788078308,0.0850553661584854,0.8536376953125,0.0410282164812088,0.5157010555267334,0.0696057975292205
LENO,LENO_016,2024,10,16,NEON_DP3.30026.002_bidirectional,0.8672735095024109,0.0321144089102745,0.6447327136993408,0.0751085802912712,0.8347504138946533,0.0401919148862361,0.5892753005027771,0.0594513267278671
LENO,LENO_016,2026,10,16,NEON_DP3.30026.002_bidirectional,0.9261794686317444,0.0124976839870214,0.5878602266311646,0.0841517075896263,0.9155828952789308,0.0182288121432065,0.5482780933380127,0.0646241009235382
LENO,LENO_017,2018,10,16,NEON_DP3.30026.002_bidirectional,0.8857070803642273,0.0107101490721106,0.5857915878295898,0.078580617904663,0.8430883288383484,0.0140516608953475,0.5544754862785339,0.0608068853616714
LENO,LENO_017,2023,10,16,NEON_DP3.30026.002_bidirectional,0.8796888589859009,0.032973613590002,0.5462512969970703,0.1253499835729599,0.8519992828369141,0.0385169982910156,0.5130833387374878,0.0993556678295135
LENO,LENO_017,2024,10,16,NEON_DP3.30026.002_bidirectional,0.8791993856430054,0.0229653120040893,0.6891220211982727,0.0534513890743255,0.8491736650466919,0.0313368178904056,0.6230407953262329,0.0399646982550621
LENO,LENO_017,2026,10,16,NEON_DP3.30026.002_bidirectional,0.8903634548187256,0.0218795947730541,0.5382362008094788,0.1160406768321991,0.8714045882225037,0.0286102890968322,0.5051588416099548,0.0900497063994407
LENO,LENO_018,2018,10,16,NEON_DP3.30026.002_bidirectional,0.91325706243515,0.0117057869210839,0.6208246350288391,0.0830926299095153,0.8831812739372253,0.0159352794289588,0.5821449160575867,0.0658194497227668
LENO,LENO_018,2023,10,16,NEON_DP3.30026.002_bidirectional,0.9067339301109314,0.0097766183316707,0.5563479065895081,0.067326582968235,0.883009135723114,0.0143438866361975,0.5286170840263367,0.0548117309808731
LENO,LENO_018,2024,10,16,NEON_DP3.30026.002_bidirectional,0.8802356123924255,0.0212802570313215,0.6664931774139404,0.0504765026271343,0.8485735654830933,0.0279387030750513,0.6073639988899231,0.0390718951821327
LENO,LENO_018,2026,10,16,NEON_DP3.30026.002_bidirectional,0.9218682646751404,0.0109170069918036,0.5921579599380493,0.0596524700522422,0.906833827495575,0.0159597415477037,0.5555247068405151,0.0458779782056808
LENO,LENO_019,2018,10,16,NEON_DP3.30026.002_bidirectional,0.9176580905914308,0.0113943694159388,0.6444727778434753,0.06499994546175,0.8892454504966736,0.0169432200491428,0.6002088189125061,0.0494179055094718
LENO,LENO_019,2023,10,16,NEON_DP3.30026.002_bidirectional,0.9002757668495178,0.0225753393024206,0.5942491888999939,0.0809448212385177,0.8709478378295898,0.0304431095719337,0.5584831237792969,0.0628708228468895
LENO,LENO_019,2024,10,16,NEON_DP3.30026.002_bidirectional,0.9075673818588256,0.014215849339962,0.6837062835693359,0.0481519773602485,0.8800230026245117,0.0182229112833738,0.626940131187439,0.0357420518994331
LENO,LENO_019,2026,10,16,NEON_DP3.30026.002_bidirectional,0.919957399368286,0.012237180955708,0.6323602199554443,0.0750364139676094,0.90388023853302,0.0170056074857711,0.5851991772651672,0.0562050975859165
LENO,LENO_021,2018,10,16,NEON_DP3.30026.002_bidirectional,0.9228325486183168,0.0105417938902974,0.6084518432617188,0.1146157756447792,0.8959625363349915,0.0159402843564748,0.5699661374092102,0.0936633422970771
LENO,LENO_021,2023,10,16,NEON_DP3.30026.002_bidirectional,0.92012220621109,0.0109886936843395,0.5748341083526611,0.081459991633892,0.8989534974098206,0.0177443418651819,0.5438804030418396,0.0671038702130317
LENO,LENO_021,2024,10,16,NEON_DP3.30026.002_bidirectional,0.8880796432495117,0.0131289800629019,0.7213260531425476,0.0528858825564384,0.8487113118171692,0.0187613721936941,0.6531401872634888,0.0391658097505569
LENO,LENO_021,2026,10,16,NEON_DP3.30026.002_bidirectional,0.92416912317276,0.0122681641951203,0.5791345834732056,0.1176569610834121,0.9117780923843384,0.0187443289905786,0.5422297120094299,0.0952864587306976
LENO,LENO_022,2018,10,16,NEON_DP3.30026.002_bidirectional,0.9159725904464722,0.0261157173663377,0.6512933373451233,0.0663879811763763,0.8891651034355164,0.0354831479489803,0.6028671264648438,0.0502877496182918
LENO,LENO_022,2023,10,16,NEON_DP3.30026.002_bidirectional,0.8841272592544556,0.0500929579138755,0.5865013599395752,0.1378305554389953,0.8565260171890259,0.0588546283543109,0.5446575880050659,0.1079506501555442
LENO,LENO_022,2024,10,16,NEON_DP3.30026.002_bidirectional,0.8933969140052795,0.0177154541015625,0.6714351773262024,0.0590930022299289,0.866194486618042,0.0215891525149345,0.6132609844207764,0.0459669195115566
LENO,LENO_022,2026,10,16,NEON_DP3.30026.002_bidirectional,0.9343529939651488,0.0131557770073413,0.6584954261779785,0.1318745762109756,0.9257624745368958,0.0180186666548252,0.598667323589325,0.0973106622695922
LENO,LENO_061,2018,10,16,NEON_DP3.30026.002_bidirectional,0.9044849276542664,0.0163839403539896,0.6579568982124329,0.1176164671778678,0.8775724172592163,0.021142890676856,0.6020890474319458,0.0906429886817932
LENO,LENO_061,2023,10,16,NEON_DP3.30026.002_bidirectional,0.8836825489997864,0.0385802797973156,0.5225706100463867,0.1234040334820747,0.8642083406448364,0.0562645979225635,0.4928653240203857,0.1013361290097236
LENO,LENO_061,2024,10,16,NEON_DP3.30026.002_bidirectional,0.8987905383110046,0.0095224576070904,0.6582473516464233,0.1075417920947074,0.858156681060791,0.0125721860677003,0.611096978187561,0.0808475762605667
LENO,LENO_061,2026,10,16,NEON_DP3.30026.002_bidirectional,0.9174991250038148,0.0117975147441029,0.5553233027458191,0.1563150882720947,0.9153174161911012,0.0245050340890884,0.5145307779312134,0.1237722188234329
LENO,LENO_062,2018,10,16,NEON_DP3.30026.002_bidirectional,0.9112386703491212,0.0139103168621659,0.688685953617096,0.0671369656920433,0.8823888897895813,0.0210623443126678,0.6302711963653564,0.0494854897260665
LENO,LENO_062,2023,10,16,NEON_DP3.30026.002_bidirectional,0.8958616256713867,0.0191164910793304,0.6000910401344299,0.0794426873326301,0.8666436076164246,0.0305090360343456,0.5612140893936157,0.0630818232893943
LENO,LENO_062,2024,10,16,NEON_DP3.30026.002_bidirectional,0.9138792753219604,0.0121425371617078,0.3601824939250946,0.0322049409151077,0.8620649576187134,0.0201873388141393,0.3767754137516022,0.0306708309799432
LENO,LENO_062,2026,10,16,NEON_DP3.30026.002_bidirectional,0.9224559664726256,0.0090784085914492,0.6469180583953857,0.0849137306213378,0.9083770513534546,0.0151345767080783,0.5945174694061279,0.0650293752551078
LENO,LENO_063,2018,10,8,NEON_DP3.30026.002_bidirectional,0.9175305366516112,0.0062896935269236,0.6631432175636292,0.0761311277747154,0.8875637054443359,0.0084503488615155,0.6138408184051514,0.0559130571782588
LENO,LENO_063,2023,10,8,NEON_DP3.30026.002_bidirectional,0.9173901677131652,0.0100874044001102,0.6701722145080566,0.0754321590065956,0.8944728374481201,0.0167586933821439,0.6137865781784058,0.0541216805577278
LENO,LENO_063,2024,10,8,NEON_DP3.30026.002_bidirectional,0.9285342693328856,0.0063549601472914,0.3458904325962066,0.0209164693951606,0.8754274249076843,0.0075521483086049,0.3653006553649902,0.0193944033235311
LENO,LENO_063,2026,10,8,NEON_DP3.30026.002_bidirectional,0.9261528253555298,0.0076946206390857,0.6506360173225403,0.0837491229176521,0.9100783467292786,0.0111723784357309,0.5970192551612854,0.0613760836422443
LENO,LENO_064,2018,10,16,NEON_DP3.30026.002_bidirectional,0.901740312576294,0.0178082268685102,0.5393595099449158,0.0555102974176406,0.8698652982711792,0.0233017913997173,0.5182762742042542,0.0442082919180393
LENO,LENO_064,2023,10,16,NEON_DP3.30026.002_bidirectional,0.9079561233520508,0.0177216529846191,0.5489524006843567,0.0680927336215972,0.884978711605072,0.0237387046217918,0.5219602584838867,0.0556377954781055
LENO,LENO_064,2024,10,16,NEON_DP3.30026.002_bidirectional,0.915026843547821,0.0142460186034441,0.3021085858345032,0.0284777581691741,0.8577041625976562,0.01878098025918,0.323468804359436,0.0276210885494947
LENO,LENO_064,2026,10,16,NEON_DP3.30026.002_bidirectional,0.9127551913261414,0.0133169088512659,0.5260517001152039,0.0623916797339916,0.8966547250747681,0.0177789125591516,0.5015844106674194,0.0511200167238712
LENO,LENO_065,2018,10,16,NEON_DP3.30026.002_bidirectional,0.9144810438156128,0.0091803567484021,0.6722389459609985,0.079762265086174,0.8862717151641846,0.0142617300152778,0.6175704002380371,0.0601334944367408
LENO,LENO_065,2023,10,16,NEON_DP3.30026.002_bidirectional,0.9127520322799684,0.0231551676988601,0.6686331033706665,0.1012237966060638,0.8894065022468567,0.0349830575287342,0.6122140884399414,0.0728453993797302
LENO,LENO_065,2024,10,16,NEON_DP3.30026.002_bidirectional,0.9130435585975648,0.0116729754954576,0.4442572593688965,0.0580537542700767,0.8784583210945129,0.0199898798018693,0.4454566240310669,0.0484897568821907
LENO,LENO_065,2026,10,16,NEON_DP3.30026.002_bidirectional,0.917826533317566,0.0195903331041336,0.6274851560592651,0.1144954040646553,0.9033160209655762,0.027769511565566,0.5773298740386963,0.087156057357788
LENO,LENO_066,2018,10,16,NEON_DP3.30026.002_bidirectional,0.9041441679000854,0.0155330710113048,0.5960384607315063,0.0844766050577163,0.8729166388511658,0.0205408744513988,0.5610674619674683,0.0664114132523536
LENO,LENO_066,2023,10,16,NEON_DP3.30026.002_bidirectional,0.8940454125404358,0.0160047598183155,0.5677831768989563,0.0742150694131851,0.8652544021606445,0.0235012080520391,0.5356059670448303,0.0581357590854167
LENO,LENO_066,2024,10,16,NEON_DP3.30026.002_bidirectional,0.9151015877723694,0.0100958729162812,0.3285920023918152,0.0283547025173902,0.857496440410614,0.0135935377329587,0.3484581410884857,0.0267285481095314
LENO,LENO_066,2026,10,16,NEON_DP3.30026.002_bidirectional,0.9112223386764526,0.011706163175404,0.6343188285827637,0.0978098958730697,0.8948830366134644,0.0157303344458341,0.5803512334823608,0.074079506099224
LENO,LENO_067,2018,10,16,NEON_DP3.30026.002_bidirectional,0.9024249911308287,0.0076089156791567,0.6780089735984802,0.0639653280377388,0.8642280697822571,0.0123796453699469,0.6269395351409912,0.0474283583462238
LENO,LENO_067,2023,10,16,NEON_DP3.30026.002_bidirectional,0.9023930430412292,0.0134026501327753,0.614500105381012,0.0910777896642685,0.8746400475502014,0.0173398125916719,0.574220597743988,0.0696876719594001
LENO,LENO_067,2024,10,16,NEON_DP3.30026.002_bidirectional,0.921852171421051,0.00955555960536,0.3823192715644836,0.0315932668745517,0.8843181133270264,0.0123139945790171,0.3949542641639709,0.0288249384611845
LENO,LENO_067,2026,10,16,NEON_DP3.30026.002_bidirectional,0.9241958856582642,0.0125163756310939,0.6099194884300232,0.1123454794287681,0.9108331203460692,0.0195299126207828,0.5674118399620056,0.0850360319018364
LENO,LENO_068,2018,10,16,NEON_DP3.30026.002_bidirectional,0.9145021438598632,0.014771306887269,0.7102620005607605,0.0669486671686172,0.8861250877380371,0.0214517414569854,0.6465172171592712,0.0485897995531559
LENO,LENO_068,2023,10,16,NEON_DP3.30026.002_bidirectional,0.9039745330810548,0.0175378322601318,0.6450330018997192,0.0694173499941825,0.8764917850494385,0.0266479607671499,0.5973095297813416,0.0515938661992549
LENO,LENO_068,2024,10,16,NEON_DP3.30026.002_bidirectional,0.9241811633110046,0.0090662157163023,0.3742865920066833,0.0216451194137334,0.8790728449821472,0.012119079940021,0.3898478746414184,0.019231392070651
LENO,LENO_068,2026,10,16,NEON_DP3.30026.002_bidirectional,0.9271073341369628,0.0104300305247306,0.6897488832473755,0.1000253334641456,0.9143295288085938,0.0144447302445769,0.6242309212684631,0.070861592888832
LENO,LENO_069,2018,10,16,NEON_DP3.30026.002_bidirectional,0.8698958158493042,0.0870741233229637,0.5484131574630737,0.1099585443735122,0.8336544036865234,0.1045053526759147,0.519537627696991,0.0959763526916503
LENO,LENO_069,2023,10,16,NEON_DP3.30026.002_bidirectional,0.742815375328064,0.1493784636259079,0.3721161484718323,0.1479207128286361,0.683594286441803,0.1677253395318985,0.3666762113571167,0.1379319429397583
LENO,LENO_069,2024,10,16,NEON_DP3.30026.002_bidirectional,0.7561578154563904,0.1775409132242202,0.3193186223506927,0.1121508181095123,0.6793537139892578,0.1974400877952575,0.3299955129623413,0.1122566983103752
LENO,LENO_069,2026,10,16,NEON_DP3.30026.002_bidirectional,0.834119439125061,0.0949681028723716,0.5009735226631165,0.1211462393403053,0.7940926551818848,0.1154145374894142,0.4780043363571167,0.1057916060090065
LENO,LENO_070,2018,10,16,NEON_DP3.30026.002_bidirectional,0.9123579263687134,0.014955329708755,0.585416316986084,0.0781785547733306,0.8847854733467102,0.0219967197626829,0.5533591508865356,0.0620838366448879
LENO,LENO_070,2023,10,16,NEON_DP3.30026.002_bidirectional,0.9170624017715454,0.0106583489105105,0.5507440567016602,0.133881613612175,0.8996865749359131,0.0147170899435877,0.5196573138237,0.1051552072167396
LENO,LENO_070,2024,10,16,NEON_DP3.30026.002_bidirectional,0.9206897616386414,0.008869488723576,0.4112840890884399,0.0361092835664749,0.8722910284996033,0.0108977416530251,0.4229486286640167,0.0318507701158523
LENO,LENO_070,2026,10,16,NEON_DP3.30026.002_bidirectional,0.918318510055542,0.0104395067319273,0.6035264730453491,0.1381497681140899,0.9030909538269044,0.0178399644792079,0.5587846040725708,0.1034029051661491
MLBS,MLBS_001,2018,10,8,NEON_DP3.30026.002_bidirectional,0.8636569380760193,0.0181984081864357,0.6157091856002808,0.0636981129646301,0.8358809947967529,0.0224439110606908,0.5653419494628906,0.0487134121358394
MLBS,MLBS_001,2022,10,8,NEON_DP3.30026.002_bidirectional,0.802712619304657,0.0373470187187194,0.4671137630939483,0.0584188103675842,0.7637646794319153,0.0441925562918186,0.4449918568134308,0.0490174144506454
MLBS,MLBS_001,2023,10,8,NEON_DP3.30026.002_bidirectional,0.7907318472862244,0.0266213286668062,0.5310965776443481,0.0424349978566169,0.7273482084274292,0.0376183241605758,0.5032703280448914,0.0331409238278865
MLBS,MLBS_002,2018,10,16,NEON_DP3.30026.002_bidirectional,0.8760368227958679,0.0222428627312183,0.6924214959144592,0.0871646031737327,0.8581611514091492,0.0257633049041032,0.6162852644920349,0.0645287036895752
MLBS,MLBS_002,2022,10,16,NEON_DP3.30026.002_bidirectional,0.8624640703201294,0.0169126819819211,0.5747991800308228,0.0501850135624408,0.8411756157875061,0.0199311319738626,0.5324259400367737,0.0409639552235603
MLBS,MLBS_002,2023,10,16,NEON_DP3.30026.002_bidirectional,0.8785931468009949,0.017954159528017,0.6541540026664734,0.0796778351068496,0.8585501909255981,0.0202468484640121,0.5932872891426086,0.0618012137711048
MLBS,MLBS_003,2018,10,16,NEON_DP3.30026.002_bidirectional,0.8482859134674072,0.0200811419636011,0.5963491201400757,0.0592807456851005,0.822064995765686,0.0263447258621454,0.5461491942405701,0.0452139042317867
MLBS,MLBS_003,2022,10,16,NEON_DP3.30026.002_bidirectional,0.8168114423751831,0.0415743216872215,0.4914827048778534,0.1025161072611808,0.7985692620277405,0.0446289591491222,0.4583126008510589,0.0845376402139663
MLBS,MLBS_003,2023,10,16,NEON_DP3.30026.002_bidirectional,0.8435071706771851,0.034360647201538,0.5883795022964478,0.0734366849064827,0.812485933303833,0.0466281473636627,0.5422254800796509,0.0578706264495849
MLBS,MLBS_004,2018,10,16,NEON_DP3.30026.002_bidirectional,0.9097303748130798,0.0087293600663542,0.6663567423820496,0.0560067296028137,0.9189701080322266,0.0108463410288095,0.5960518717765808,0.0427867993712425
MLBS,MLBS_004,2022,10,16,NEON_DP3.30026.002_bidirectional,0.8786518573760986,0.0170216672122478,0.5564523339271545,0.1420871019363403,0.905315101146698,0.040484108030796,0.50559002161026,0.1143859252333641
MLBS,MLBS_004,2023,10,16,NEON_DP3.30026.002_bidirectional,0.9024795889854432,0.0070374892093241,0.7168635725975037,0.0461820401251316,0.910481095314026,0.0127498367801308,0.6276119947433472,0.0335716567933559
MLBS,MLBS_005,2018,10,16,NEON_DP3.30026.002_bidirectional,0.8362577557563782,0.0182314366102218,0.5891417860984802,0.0532027930021286,0.8014928102493286,0.0209796782582998,0.5420989394187927,0.0415038876235485
MLBS,MLBS_005,2022,10,16,NEON_DP3.30026.002_bidirectional,0.8476747274398804,0.0308611206710338,0.5350350141525269,0.0888074189424514,0.8344628810882568,0.0273118074983358,0.495277851819992,0.0734740942716598
MLBS,MLBS_005,2023,10,16,NEON_DP3.30026.002_bidirectional,0.8211841583251953,0.0231875758618116,0.6054952144622803,0.0656865388154983,0.7716323733329773,0.0314707271754741,0.558712363243103,0.0533501394093036
MLBS,MLBS_006,2018,10,16,NEON_DP3.30026.002_bidirectional,0.859100341796875,0.0282801482826471,0.6015931963920593,0.0603513605892658,0.8512333631515503,0.0378905273973941,0.5439425110816956,0.0460461378097534
MLBS,MLBS_006,2022,10,16,NEON_DP3.30026.002_bidirectional,0.8663604855537415,0.0167387686669826,0.5135366320610046,0.0454257205128669,0.8671910762786865,0.0301060322672128,0.4792623221874237,0.0360662341117858
MLBS,MLBS_006,2023,10,16,NEON_DP3.30026.002_bidirectional,0.8276976346969604,0.0207565184682607,0.5724419951438904,0.0527098402380943,0.798715353012085,0.024525785818696,0.5260517597198486,0.0418824553489685
MLBS,MLBS_007,2018,10,16,NEON_DP3.30026.002_bidirectional,0.8976212739944458,0.0099591864272952,0.6730212569236755,0.0444647967815399,0.8913693428039551,0.0123312780633568,0.6048639416694641,0.032868918031454
MLBS,MLBS_007,2022,10,16,NEON_DP3.30026.002_bidirectional,0.8848588466644287,0.0095394859090447,0.5384403467178345,0.055300585925579,0.8909039497375488,0.0119731137529015,0.5003811120986938,0.0443461574614048
MLBS,MLBS_007,2023,10,16,NEON_DP3.30026.002_bidirectional,0.8803576827049255,0.0154166212305426,0.6184637546539307,0.0492309257388114,0.8677933812141418,0.0198169611394405,0.5652823448181152,0.0375378131866455
MLBS,MLBS_008,2018,10,16,NEON_DP3.30026.002_bidirectional,0.8985840082168579,0.0075541883707046,0.679159939289093,0.0441762134432792,0.901370406150818,0.0117459315806627,0.6037241220474243,0.0321102924644947
MLBS,MLBS_008,2022,10,16,NEON_DP3.30026.002_bidirectional,0.9012728929519652,0.0120166586712002,0.5838446617126465,0.0719887241721153,0.9127985239028932,0.0190691500902175,0.5338109731674194,0.0537671819329261
MLBS,MLBS_008,2023,10,16,NEON_DP3.30026.002_bidirectional,0.8982027769088745,0.0089911269024014,0.6724793314933777,0.0385623648762702,0.901947259902954,0.0138902468606829,0.5997083187103271,0.0274783242493867
MLBS,MLBS_009,2018,10,16,NEON_DP3.30026.002_bidirectional,0.7913589477539062,0.0503794439136981,0.5147259831428528,0.0750892907381057,0.747877299785614,0.0664883852005004,0.4807040095329284,0.0607326403260231
MLBS,MLBS_009,2022,10,16,NEON_DP3.30026.002_bidirectional,0.8076978921890259,0.0411197021603584,0.4475354850292206,0.0806624069809913,0.785856306552887,0.0467565990984439,0.4247263371944427,0.0683940798044204
MLBS,MLBS_009,2023,10,16,NEON_DP3.30026.002_bidirectional,0.836664617061615,0.027898259460926,0.5848336815834045,0.0446232594549655,0.802621603012085,0.036793865263462,0.5397083759307861,0.0361725650727748
MLBS,MLBS_010,2018,10,16,NEON_DP3.30026.002_bidirectional,0.8268885612487793,0.0298934876918792,0.5591810941696167,0.0645085573196411,0.7974106073379517,0.0385485403239727,0.5147812366485596,0.0502139516174793
MLBS,MLBS_010,2022,10,16,NEON_DP3.30026.002_bidirectional,0.7821531295776367,0.0452488027513027,0.4360910356044769,0.0970380157232284,0.7505056858062744,0.0533198080956935,0.4144578278064728,0.0827254876494407
MLBS,MLBS_010,2023,10,16,NEON_DP3.30026.002_bidirectional,0.8468766212463379,0.0147991869598627,0.5800638794898987,0.0537447147071361,0.8224959969520569,0.0202250350266695,0.5337720513343811,0.0415230095386505
MLBS,MLBS_011,2018,10,16,NEON_DP3.30026.002_bidirectional,0.8514976501464844,0.0163438580930233,0.6379907727241516,0.0455512218177318,0.8183854222297668,0.0208369512110948,0.5806572437286377,0.0343415327370166
MLBS,MLBS_011,2022,10,16,NEON_DP3.30026.002_bidirectional,0.8347663283348083,0.0349976420402526,0.5074666738510132,0.0733601152896881,0.8063252568244934,0.0422750860452652,0.4788074493408203,0.0609986893832683
MLBS,MLBS_011,2023,10,16,NEON_DP3.30026.002_bidirectional,0.8129779100418091,0.024514677003026,0.5727192163467407,0.0265425574034452,0.7576267123222351,0.0320534780621528,0.5360658764839172,0.0224203672260046
MLBS,MLBS_012,2018,10,16,NEON_DP3.30026.002_bidirectional,0.8561062812805176,0.0243773907423019,0.628350555896759,0.0613458193838596,0.8214790225028992,0.0308911707252264,0.5759654641151428,0.0468849577009677
MLBS,MLBS_012,2022,10,16,NEON_DP3.30026.002_bidirectional,0.8433756232261658,0.0229199901223182,0.5256707072257996,0.0657955110073089,0.8084865808486938,0.0294910185039043,0.4971640110015869,0.0555879473686218
MLBS,MLBS_012,2023,10,16,NEON_DP3.30026.002_bidirectional,0.818394660949707,0.0250124428421258,0.5791405439376831,0.0516344346106052,0.7613853216171265,0.0354858376085758,0.5424886345863342,0.0403644740581512
MLBS,MLBS_013,2018,10,16,NEON_DP3.30026.002_bidirectional,0.9161806106567384,0.0042706378735601,0.7448368668556213,0.0286278277635574,0.9155154824256896,0.0049058706499636,0.6563919186592102,0.0204861983656883
MLBS,MLBS_013,2022,10,16,NEON_DP3.30026.002_bidirectional,0.8889617919921875,0.0088286306709051,0.5754218101501465,0.0309916920959949,0.8805410265922546,0.013914119452238,0.5355711579322815,0.0237068086862564
MLBS,MLBS_013,2023,10,16,NEON_DP3.30026.002_bidirectional,0.9069148302078248,0.0067334892228245,0.7030287981033325,0.0345432087779045,0.9041633009910583,0.0093641504645347,0.6268967390060425,0.025387555360794
MLBS,MLBS_014,2018,10,16,NEON_DP3.30026.002_bidirectional,0.904066264629364,0.0061190333217382,0.6517525911331177,0.064134880900383,0.9113446474075316,0.0092388624325394,0.5843766927719116,0.0488021709024906
MLBS,MLBS_014,2022,10,16,NEON_DP3.30026.002_bidirectional,0.8742155432701111,0.0148252379149198,0.5482720136642456,0.0504808165132999,0.8710914254188538,0.0283467844128608,0.5087649822235107,0.0390449799597263
MLBS,MLBS_014,2023,10,16,NEON_DP3.30026.002_bidirectional,0.8885068893432617,0.0100487181916832,0.632549524307251,0.0595223642885685,0.887073278427124,0.015309203416109,0.5718982815742493,0.0453243665397167
MLBS,MLBS_015,2018,10,16,NEON_DP3.30026.002_bidirectional,0.9027474522590636,0.0133017674088478,0.6808968782424927,0.0422324277460575,0.9071696996688844,0.0166541878134012,0.6055319905281067,0.0311588831245899
MLBS,MLBS_015,2022,10,16,NEON_DP3.30026.002_bidirectional,0.8781607151031494,0.0145804993808269,0.5347561836242676,0.076355293393135,0.8848643898963928,0.0222654864192008,0.4955602288246155,0.0595882050693035
MLBS,MLBS_015,2023,10,16,NEON_DP3.30026.002_bidirectional,0.8814010620117188,0.0191023498773574,0.6269037127494812,0.0568948984146118,0.8760802745819092,0.024110248312354,0.5681685209274292,0.0426233261823654
MLBS,MLBS_016,2018,10,8,NEON_DP3.30026.002_bidirectional,0.9038465023040771,0.0083874762058258,0.6839333772659302,0.0326747521758079,0.9074032306671144,0.0093658259138464,0.6094138622283936,0.0244373399764299
MLBS,MLBS_016,2022,10,8,NEON_DP3.30026.002_bidirectional,0.8580942153930664,0.0236270073801279,0.5841022729873657,0.0717950612306594,0.8299713134765625,0.0315864607691764,0.5411527156829834,0.0559535399079322
MLBS,MLBS_016,2023,10,8,NEON_DP3.30026.002_bidirectional,0.8984639644622803,0.0092831281945109,0.673836886882782,0.0363474898040294,0.8955973982810974,0.0124996546655893,0.6045487523078918,0.0269788764417171
MLBS,MLBS_017,2018,10,16,NEON_DP3.30026.002_bidirectional,0.882324755191803,0.0123434476554393,0.7116863131523132,0.0459000393748283,0.8613251447677612,0.0158133078366518,0.633921205997467,0.03354412317276
MLBS,MLBS_017,2022,10,16,NEON_DP3.30026.002_bidirectional,0.8088873624801636,0.0206586755812168,0.4678613543510437,0.0278621725738048,0.7650139331817627,0.0297905206680297,0.4498369693756103,0.0235226266086101
MLBS,MLBS_017,2023,10,16,NEON_DP3.30026.002_bidirectional,0.8320988416671753,0.0160881336778402,0.6121522188186646,0.0346176698803901,0.784192681312561,0.0255882237106561,0.565622866153717,0.0270504653453826
MLBS,MLBS_018,2018,10,16,NEON_DP3.30026.002_bidirectional,0.9048449993133544,0.0063546597957611,0.7298225164413452,0.0293421354144811,0.9006809592247009,0.0084116058424115,0.6444781422615051,0.0212271641939878
MLBS,MLBS_018,2022,10,16,NEON_DP3.30026.002_bidirectional,0.8714762330055237,0.0093145417049527,0.5629324913024902,0.0334892757236957,0.8556501865386963,0.0132387559860944,0.5240626335144043,0.0265468414872884
MLBS,MLBS_018,2023,10,16,NEON_DP3.30026.002_bidirectional,0.9064970016479492,0.0056797033175826,0.7791950702667236,0.0298503544181585,0.910823941230774,0.007321888115257,0.6714012622833252,0.0205913688987493
MLBS,MLBS_019,2018,10,16,NEON_DP3.30026.002_bidirectional,0.889732301235199,0.0064455210231244,0.6757219433784485,0.0319443866610527,0.8920543789863586,0.0097566042095422,0.5989128947257996,0.0234750267118215
MLBS,MLBS_019,2022,10,16,NEON_DP3.30026.002_bidirectional,0.863433837890625,0.0101768495514988,0.5699942111968994,0.0268612783402204,0.8561518788337708,0.0174211375415325,0.5244375467300415,0.0196342952549457
MLBS,MLBS_019,2023,10,16,NEON_DP3.30026.002_bidirectional,0.8977816104888916,0.0077174473553895,0.7032805681228638,0.0382172130048275,0.8934193253517151,0.0116615248844027,0.624655544757843,0.0272800885140895
MLBS,MLBS_020,2018,10,16,NEON_DP3.30026.002_bidirectional,0.8673524856567383,0.0207781828939914,0.6082447171211243,0.0718306526541709,0.8602802753448486,0.0258789360523223,0.5505034923553467,0.055513247847557
MLBS,MLBS_020,2022,10,16,NEON_DP3.30026.002_bidirectional,0.8637400269508362,0.0159988030791282,0.5020343661308289,0.0890368521213531,0.8664819598197937,0.0181898437440395,0.4690151512622833,0.0707218572497367
MLBS,MLBS_020,2023,10,16,NEON_DP3.30026.002_bidirectional,0.861181914806366,0.0195762403309345,0.6381126046180725,0.0758233219385147,0.8432705998420715,0.0219449140131473,0.5757318735122681,0.0587539970874786
MLBS,MLBS_061,2018,10,16,NEON_DP3.30026.002_bidirectional,0.8443822860717773,0.0248658135533332,0.6011449098587036,0.0457523986697196,0.8183122277259827,0.0332503095269203,0.5489029288291931,0.0347805730998516
MLBS,MLBS_061,2022,10,16,NEON_DP3.30026.002_bidirectional,0.8331419229507446,0.0411623381078243,0.4863623082637787,0.0562631823122501,0.8093556761741638,0.0540716238319873,0.4606749713420868,0.0480247475206851
MLBS,MLBS_061,2023,10,16,NEON_DP3.30026.002_bidirectional,0.8336508870124817,0.0242972895503044,0.5913872122764587,0.0383652560412883,0.798237681388855,0.0308061614632606,0.5445853471755981,0.0313015803694725
MLBS,MLBS_062,2018,10,16,NEON_DP3.30026.002_bidirectional,0.8715851902961731,0.0202102195471525,0.6457069516181946,0.0628302097320556,0.8566699028015137,0.0268866438418626,0.5810930728912354,0.0466913245618343
MLBS,MLBS_062,2022,10,16,NEON_DP3.30026.002_bidirectional,0.8138253688812256,0.0542381443083286,0.4643894135951996,0.0680561661720275,0.787956953048706,0.0681571960449218,0.4412773251533508,0.0580303408205509
MLBS,MLBS_062,2023,10,16,NEON_DP3.30026.002_bidirectional,0.8396939635276794,0.0275679994374513,0.5638938546180725,0.0831995084881782,0.8217046856880188,0.0290511716157197,0.517548143863678,0.0673946663737297
MLBS,MLBS_063,2018,10,16,NEON_DP3.30026.002_bidirectional,0.8599985837936401,0.0185986049473285,0.598838210105896,0.0485080629587173,0.837740421295166,0.0252237096428871,0.5495555400848389,0.0369907207787036
MLBS,MLBS_063,2022,10,16,NEON_DP3.30026.002_bidirectional,0.8123657703399658,0.0378618538379669,0.4825656414031982,0.065317265689373,0.7788798213005066,0.0415078364312648,0.4576435387134552,0.056329034268856
MLBS,MLBS_063,2023,10,16,NEON_DP3.30026.002_bidirectional,0.8477768301963806,0.0255674626678228,0.5648223161697388,0.0650544166564941,0.8277533054351807,0.0317315682768821,0.5208349227905273,0.0518278144299984
MLBS,MLBS_064,2018,10,16,NEON_DP3.30026.002_bidirectional,0.8624434471130371,0.0186214558780193,0.638857901096344,0.0516605079174041,0.8383743166923523,0.0253583062440156,0.5795620083808899,0.0384376086294651
MLBS,MLBS_064,2022,10,16,NEON_DP3.30026.002_bidirectional,0.861187756061554,0.0247163586318492,0.5481085777282715,0.0606480278074741,0.8454639911651611,0.0314860194921493,0.5099847912788391,0.0497639067471027
MLBS,MLBS_064,2023,10,16,NEON_DP3.30026.002_bidirectional,0.8356177806854248,0.0300905648618936,0.5899856090545654,0.0452704727649688,0.799778401851654,0.0398037619888782,0.5441231727600098,0.0364487133920192
MLBS,MLBS_065,2018,10,16,NEON_DP3.30026.002_bidirectional,0.8434755802154541,0.0327364243566989,0.6021006107330322,0.0800740420818328,0.8191708326339722,0.0390822179615497,0.5478678941726685,0.0628190338611602
MLBS,MLBS_065,2022,10,16,NEON_DP3.30026.002_bidirectional,0.8089972138404846,0.0462405420839786,0.449443519115448,0.1052156016230583,0.7804059982299805,0.0567569248378276,0.4289238750934601,0.0901115536689758
MLBS,MLBS_065,2023,10,16,NEON_DP3.30026.002_bidirectional,0.8216009140014648,0.0318608097732067,0.5586686730384827,0.0850706025958061,0.7909025549888611,0.0404284670948982,0.5151563882827759,0.0689349099993705
MLBS,MLBS_066,2018,10,16,NEON_DP3.30026.002_bidirectional,0.8651561141014099,0.0285404901951551,0.6422839164733887,0.0670893341302871,0.8476089239120483,0.0355208367109298,0.5784989595413208,0.0518198385834693
MLBS,MLBS_066,2022,10,16,NEON_DP3.30026.002_bidirectional,0.8156638741493225,0.0305927470326423,0.4544540643692016,0.0659722983837127,0.7926720976829529,0.0387631207704544,0.4327876567840576,0.0559747293591499
MLBS,MLBS_066,2023,10,16,NEON_DP3.30026.002_bidirectional,0.8456915020942688,0.0276176407933235,0.5804338455200195,0.0709412917494773,0.8241757154464722,0.0318788029253482,0.5326051712036133,0.0581677183508873
MLBS,MLBS_067,2018,10,16,NEON_DP3.30026.002_bidirectional,0.8569036722183228,0.0176902059465646,0.6024564504623413,0.046189472079277,0.8341667652130127,0.0232374928891658,0.5511896014213562,0.0359220430254936
MLBS,MLBS_067,2022,10,16,NEON_DP3.30026.002_bidirectional,0.8113775253295898,0.0463378801941871,0.481396734714508,0.073500320315361,0.7715478539466858,0.0662540197372436,0.458326518535614,0.0622001513838768
MLBS,MLBS_067,2023,10,16,NEON_DP3.30026.002_bidirectional,0.8386824131011963,0.0163219012320041,0.5716602802276611,0.0594382099807262,0.8073986768722534,0.0201002918183803,0.5288755893707275,0.0475303083658218
MLBS,MLBS_068,2018,10,16,NEON_DP3.30026.002_bidirectional,0.8618573546409607,0.0259564835578203,0.6176521182060242,0.0615402348339557,0.8376654386520386,0.0315974354743957,0.5642601251602173,0.0489240363240242
MLBS,MLBS_068,2022,10,16,NEON_DP3.30026.002_bidirectional,0.8095657825469971,0.0430031567811965,0.456271231174469,0.0934487432241439,0.7803145051002502,0.0502139665186405,0.4341115355491638,0.0788241177797317
MLBS,MLBS_068,2023,10,16,NEON_DP3.30026.002_bidirectional,0.8169578313827515,0.0401099510490894,0.4975481629371643,0.0885537564754486,0.7856088280677795,0.0444359630346298,0.4690741002559662,0.0758604556322097
MLBS,MLBS_069,2018,10,16,NEON_DP3.30026.002_bidirectional,0.8805353045463562,0.0193517375737428,0.6522936820983887,0.058966290205717,0.8598739504814148,0.0264517683535814,0.591909646987915,0.0445559732615947
MLBS,MLBS_069,2022,10,16,NEON_DP3.30026.002_bidirectional,0.8645787835121155,0.0285354517400264,0.5551902651786804,0.0532012954354286,0.8456847071647644,0.0353948026895523,0.5179010033607483,0.0429392084479332
MLBS,MLBS_069,2023,10,16,NEON_DP3.30026.002_bidirectional,0.8512616753578186,0.0310244914144277,0.602228581905365,0.0631148219108581,0.8191007375717163,0.0397990643978118,0.5548318028450012,0.0515866726636886
MLBS,MLBS_070,2018,10,16,NEON_DP3.30026.002_bidirectional,0.8837975263595581,0.0184853784739971,0.6733163595199585,0.0697104036808013,0.8709853887557983,0.0236721355468034,0.6026785969734192,0.0522105693817138
MLBS,MLBS_070,2022,10,16,NEON_DP3.30026.002_bidirectional,0.8515251278877258,0.0187724698334932,0.5090982913970947,0.0578764267265796,0.8266514539718628,0.0299952644854784,0.482041448354721,0.0454926937818527
MLBS,MLBS_070,2023,10,16,NEON_DP3.30026.002_bidirectional,0.8605208396911621,0.0177664887160062,0.6210589408874512,0.0706134811043739,0.8346703052520752,0.0215355325490236,0.567263662815094,0.0544226132333278
MLBS,MLBS_071,2018,10,16,NEON_DP3.30026.002_bidirectional,0.8726662397384644,0.0147901494055986,0.626254677772522,0.0826611146330833,0.8564157485961914,0.0150108616799116,0.5683163404464722,0.0638727247714996
MLBS,MLBS_071,2022,10,16,NEON_DP3.30026.002_bidirectional,0.7939226627349854,0.0608040541410446,0.4489215314388275,0.1028302311897277,0.7571983337402344,0.0774786174297332,0.4294886887073517,0.0872349068522453
MLBS,MLBS_071,2023,10,16,NEON_DP3.30026.002_bidirectional,0.8067553043365479,0.0298744160681962,0.5250909924507141,0.0766758397221565,0.7746521234512329,0.0401581972837448,0.4876340627670288,0.0629330351948738
MLBS,MLBS_072,2018,10,16,NEON_DP3.30026.002_bidirectional,0.8813209533691406,0.0151541698724031,0.6280474066734314,0.0757140964269638,0.8679434061050415,0.0243614017963409,0.570656955242157,0.0583634562790393
MLBS,MLBS_072,2022,10,16,NEON_DP3.30026.002_bidirectional,0.8197008371353149,0.0456066727638244,0.5343889594078064,0.1135911345481872,0.7886831760406494,0.057245634496212,0.4945133924484253,0.090381234884262
MLBS,MLBS_072,2023,10,16,NEON_DP3.30026.002_bidirectional,0.8166694045066833,0.0252829864621162,0.5693336129188538,0.0662940517067909,0.7842023372650146,0.0377217605710029,0.5224263668060303,0.0528491623699665
MLBS,MLBS_073,2018,10,16,NEON_DP3.30026.002_bidirectional,0.878654956817627,0.019321609288454,0.6660780906677246,0.0698043406009674,0.8649418354034424,0.0249574780464172,0.5964569449424744,0.0523453764617443
MLBS,MLBS_073,2022,10,16,NEON_DP3.30026.002_bidirectional,0.8367735743522644,0.0374673008918762,0.5041326880455017,0.0774858221411705,0.807087242603302,0.0539127141237258,0.4764410853385925,0.0621874071657657
MLBS,MLBS_073,2023,10,16,NEON_DP3.30026.002_bidirectional,0.8644973635673523,0.023633325472474,0.6274186372756958,0.0687015801668167,0.8426070809364319,0.0307571291923522,0.5713079571723938,0.0529404655098915
MLBS,MLBS_074,2018,10,16,NEON_DP3.30026.002_bidirectional,0.8907510638237,0.0167392417788505,0.6324843764305115,0.0552477724850177,0.8792427182197571,0.021146347746253,0.576683521270752,0.0419455431401729
MLBS,MLBS_074,2022,10,16,NEON_DP3.30026.002_bidirectional,0.854360044002533,0.0226935409009456,0.5365785360336304,0.0622774995863437,0.8306772112846375,0.0275185648351907,0.5030548572540283,0.0506838001310825
MLBS,MLBS_074,2023,10,16,NEON_DP3.30026.002_bidirectional,0.8393930196762085,0.0234868507832288,0.5626035928726196,0.0574890151619911,0.810658872127533,0.0296887326985597,0.5217272043228149,0.0457801856100559
MLBS,MLBS_075,2018,10,16,NEON_DP3.30026.002_bidirectional,0.8756847977638245,0.0150656374171376,0.6931227445602417,0.0537085644900798,0.8578160405158997,0.0212992802262306,0.616391122341156,0.0396913550794124
MLBS,MLBS_075,2022,10,16,NEON_DP3.30026.002_bidirectional,0.8516693711280823,0.0258196759968996,0.5412788391113281,0.0476395934820175,0.8321987390518188,0.0308233853429555,0.504711925983429,0.0393934585154056
MLBS,MLBS_075,2023,10,16,NEON_DP3.30026.002_bidirectional,0.8604764938354492,0.0164360832422971,0.6189276576042175,0.052945502102375,0.8396691083908081,0.0229858458042144,0.5640676617622375,0.0429559089243412
MLBS,MLBS_076,2018,10,16,NEON_DP3.30026.002_bidirectional,0.8740090727806091,0.0121599081903696,0.6404554843902588,0.0301879458129405,0.8536333441734314,0.0163921546190977,0.5826018452644348,0.0231588147580623
MLBS,MLBS_076,2022,10,16,NEON_DP3.30026.002_bidirectional,0.8581548929214478,0.0173348691314458,0.5277414917945862,0.0371128320693969,0.8316409587860107,0.028397986665368,0.4993224740028381,0.0291749201714992
MLBS,MLBS_076,2023,10,16,NEON_DP3.30026.002_bidirectional,0.833061695098877,0.0315057225525379,0.5742219090461731,0.0598979257047176,0.7933620810508728,0.0407844148576259,0.5338525772094727,0.0482287779450416
OSBS,OSBS_001,2023,10,16,NEON_DP3.30026.002_bidirectional,0.8979669213294983,0.015121423639357,0.6005395650863647,0.0624272674322128,0.8595370054244995,0.0212127678096294,0.5674082636833191,0.0481972768902778
OSBS,OSBS_001,2025,10,16,NEON_DP3.30026.002_bidirectional,0.8931018114089966,0.0171213001012802,0.574044942855835,0.0895336046814918,0.8519889116287231,0.0224684365093708,0.545314371585846,0.0713113099336624
OSBS,OSBS_002,2023,10,16,NEON_DP3.30026.002_bidirectional,0.6249961256980896,0.0571836270391941,0.3432343900203705,0.0398665815591812,0.4782330393791199,0.0710804909467697,0.3536773025989532,0.0366675183176994
OSBS,OSBS_002,2025,10,16,NEON_DP3.30026.002_bidirectional,0.5103327035903931,0.0714177414774894,0.2513668239116668,0.033944446593523,0.3789201080799103,0.0894321501255035,0.2561417520046234,0.0317113138735294
OSBS,OSBS_003,2023,10,16,NEON_DP3.30026.002_bidirectional,0.8337069749832153,0.0475161038339138,0.5496746897697449,0.0502012595534324,0.757574737071991,0.0642384812235832,0.5326741337776184,0.042471207678318
OSBS,OSBS_003,2025,10,16,NEON_DP3.30026.002_bidirectional,0.8318684697151184,0.0385833196341991,0.5581855177879333,0.0526084601879119,0.752058207988739,0.0542300045490264,0.5410566329956055,0.0424779765307903
OSBS,OSBS_004,2023,10,16,NEON_DP3.30026.002_bidirectional,0.7267793416976929,0.0485528446733951,0.4430241882801056,0.0538664050400257,0.6105219721794128,0.0664976835250854,0.4410613477230072,0.0451197400689125
OSBS,OSBS_004,2025,10,16,NEON_DP3.30026.002_bidirectional,0.6732682585716248,0.0561939366161823,0.3749702274799347,0.048270545899868,0.5360946655273438,0.0686659216880798,0.3834346234798431,0.0445782244205474
OSBS,OSBS_005,2023,10,16,NEON_DP3.30026.002_bidirectional,0.4701258242130279,0.0306075774133205,0.3208247125148773,0.0233200583606958,0.3092350363731384,0.0386883169412612,0.3204087913036346,0.0204726066440343
OSBS,OSBS_005,2025,10,16,NEON_DP3.30026.002_bidirectional,0.5742716193199158,0.0283726807683706,0.3539559245109558,0.0527882575988769,0.425053060054779,0.0363443195819854,0.3575154542922973,0.0465012229979038
OSBS,OSBS_006,2023,10,16,NEON_DP3.30026.002_bidirectional,0.6068277359008789,0.0581796914339065,0.3402102589607239,0.0405720174312591,0.4607815742492676,0.0701651647686958,0.3492193222045898,0.0387666076421737
OSBS,OSBS_006,2025,10,16,NEON_DP3.30026.002_bidirectional,0.628914475440979,0.0653587728738784,0.3695139288902282,0.0570114776492118,0.4935702979564667,0.0800852477550506,0.3726644217967987,0.0526719614863395
OSBS,OSBS_007,2023,10,16,NEON_DP3.30026.002_bidirectional,0.5626925826072693,0.0760114341974258,0.3196226954460144,0.0551182553172111,0.4257868230342865,0.0878667682409286,0.3212772607803345,0.050894197076559
OSBS,OSBS_007,2025,10,16,NEON_DP3.30026.002_bidirectional,0.6585113406181335,0.0673867762088775,0.3781308531761169,0.0699218660593032,0.5065021514892578,0.0882338061928749,0.3895356655120849,0.0609237030148506
OSBS,OSBS_008,2023,10,16,NEON_DP3.30026.002_bidirectional,0.5247526168823242,0.0564572475850582,0.2850141823291778,0.0345409736037254,0.3603418469429016,0.0651673004031181,0.2962606549263,0.0336662307381629
OSBS,OSBS_008,2025,10,16,NEON_DP3.30026.002_bidirectional,0.5931718945503235,0.0515908673405647,0.3185704052448272,0.0489839874207973,0.4340197443962097,0.0644007623195648,0.3306816220283508,0.0456319227814674
OSBS,OSBS_009,2023,10,16,NEON_DP3.30026.002_bidirectional,0.8975182175636292,0.0192222967743873,0.6174184083938599,0.0586835816502571,0.866808295249939,0.0244274511933326,0.576579749584198,0.0467297136783599
OSBS,OSBS_009,2025,10,16,NEON_DP3.30026.002_bidirectional,0.8925502300262451,0.0195384584367275,0.5890723466873169,0.0726547911763191,0.8563656210899353,0.0244959108531475,0.5548452138900757,0.0576514080166816
OSBS,OSBS_010,2023,10,8,NEON_DP3.30026.002_bidirectional,0.8291009068489075,0.0227541830390691,0.577174961566925,0.0763750672340393,0.7595430016517639,0.0348122492432594,0.5479470491409302,0.0592484772205352
OSBS,OSBS_010,2025,10,8,NEON_DP3.30026.002_bidirectional,0.8414958119392395,0.0271406210958957,0.5668908357620239,0.0581618286669254,0.7659298181533813,0.037612859159708,0.5476588606834412,0.046211265027523
OSBS,OSBS_011,2023,10,16,NEON_DP3.30026.002_bidirectional,0.8257478475570679,0.0213345419615507,0.4958376586437225,0.0580043084919452,0.7655825614929199,0.0314902067184448,0.4805591404438019,0.0461181849241256
OSBS,OSBS_011,2025,10,16,NEON_DP3.30026.002_bidirectional,0.8257691264152527,0.0168818198144435,0.4952519536018371,0.0693824738264083,0.7668600082397461,0.0255654584616422,0.4784527719020843,0.054384060204029
OSBS,OSBS_012,2023,10,16,NEON_DP3.30026.002_bidirectional,0.6507050395011902,0.0501645803451538,0.3146661520004272,0.0992005914449691,0.5497292280197144,0.054519485682249,0.3137757778167724,0.091447502374649
OSBS,OSBS_012,2025,10,16,NEON_DP3.30026.002_bidirectional,0.6531221866607666,0.0346704460680484,0.4458024501800537,0.0802060961723327,0.5765737295150757,0.0417400598526001,0.4083819687366485,0.0505761615931987
OSBS,OSBS_013,2023,10,16,NEON_DP3.30026.002_bidirectional,0.6298925876617432,0.0498090721666812,0.3551802337169647,0.0308128986507654,0.4885267317295074,0.0605994425714015,0.3622947037220001,0.0285387430340051
OSBS,OSBS_013,2025,10,16,NEON_DP3.30026.002_bidirectional,0.5636011958122253,0.0642141848802566,0.3237616419792175,0.03032305277884,0.4084649384021759,0.0736795216798782,0.3333072662353515,0.0305498298257589
OSBS,OSBS_014,2023,10,16,NEON_DP3.30026.002_bidirectional,0.7210436463356018,0.0665106996893882,0.451824426651001,0.0743801146745681,0.6035171151161194,0.0876640602946281,0.4485833942890167,0.0628329664468765
OSBS,OSBS_014,2025,10,16,NEON_DP3.30026.002_bidirectional,0.7371852993965149,0.056587878614664,0.4511845409870147,0.0754637643694877,0.6172358393669128,0.0782418102025985,0.4507378935813904,0.0631722211837768
OSBS,OSBS_015,2023,10,16,NEON_DP3.30026.002_bidirectional,0.5735886693000793,0.131698727607727,0.3727304935455322,0.1034178510308265,0.4259860813617706,0.1696862578392028,0.3732147514820099,0.0894606858491897
OSBS,OSBS_015,2025,10,16,NEON_DP3.30026.002_bidirectional,0.5822020769119263,0.1331357508897781,0.3579603433609009,0.1100626960396766,0.4442101120948791,0.1769511997699737,0.3572815060615539,0.0933806672692298
OSBS,OSBS_016,2023,10,12,NEON_DP3.30026.002_bidirectional,0.8230394721031189,0.0958668962121009,0.51149582862854,0.1347110718488693,0.7495809197425842,0.1336551159620285,0.4950271546840668,0.1114632114768028
OSBS,OSBS_016,2025,10,12,NEON_DP3.30026.002_bidirectional,0.8478863835334778,0.0714844092726707,0.5327015519142151,0.1113165766000747,0.7826120853424072,0.1030022501945495,0.5145880579948425,0.0904261991381645
OSBS,OSBS_017,2023,10,16,NEON_DP3.30026.002_bidirectional,0.8709131479263306,0.0340128242969512,0.5683989524841309,0.077115923166275,0.8264220952987671,0.0443527474999427,0.5375809073448181,0.0619697794318199
OSBS,OSBS_017,2025,10,16,NEON_DP3.30026.002_bidirectional,0.8831033110618591,0.018767699599266,0.584517776966095,0.0984439849853515,0.8564713001251221,0.0242488272488117,0.5436704754829407,0.0789576023817062
OSBS,OSBS_018,2023,10,16,NEON_DP3.30026.002_bidirectional,0.7409142851829529,0.0823290646076202,0.4667968451976776,0.0699650272727012,0.6419107913970947,0.1059435680508613,0.4581859409809112,0.0597342886030674
OSBS,OSBS_018,2025,10,16,NEON_DP3.30026.002_bidirectional,0.7212556600570679,0.0881484746932983,0.4514475762844085,0.0877084583044052,0.6056392788887024,0.1152995973825454,0.4487592279911041,0.0746473297476768
OSBS,OSBS_020,2023,10,12,NEON_DP3.30026.002_bidirectional,0.7015952467918396,0.091827891767025,0.4406330585479736,0.0495491027832031,0.5792672038078308,0.1169489175081253,0.4416375458240509,0.0460472032427787
OSBS,OSBS_020,2025,10,12,NEON_DP3.30026.002_bidirectional,0.7834672331809998,0.0848933607339859,0.4779874980449676,0.0455404631793499,0.6814199090003967,0.1121908500790596,0.4784993827342987,0.040963876992464
OSBS,OSBS_021,2023,10,16,NEON_DP3.30026.002_bidirectional,0.4473980367183685,0.0375085137784481,0.2185630798339843,0.0535968542098999,0.2753626704216003,0.0415566004812717,0.2309319376945495,0.0515620149672031
OSBS,OSBS_021,2025,10,16,NEON_DP3.30026.002_bidirectional,0.4283250570297241,0.0353994145989418,0.1871478110551834,0.049811977893114,0.2504116594791412,0.0361599326133728,0.200461059808731,0.0473338030278682
OSBS,OSBS_022,2023,10,16,NEON_DP3.30026.002_bidirectional,0.5020169019699097,0.044389072805643,0.2299561649560928,0.0241234917193651,0.3393760323524475,0.0549883320927619,0.2435538321733474,0.021304341033101
OSBS,OSBS_022,2025,10,16,NEON_DP3.30026.002_bidirectional,0.4898835718631744,0.0447674691677093,0.2233762741088867,0.0501859746873378,0.3202269673347473,0.0540558993816375,0.237682044506073,0.0479912385344505
OSBS,OSBS_023,2023,10,16,NEON_DP3.30026.002_bidirectional,0.6492306590080261,0.0750497132539749,0.3366801738739013,0.0753264799714088,0.5298828482627869,0.0996792241930961,0.3419342935085296,0.0680905506014823
OSBS,OSBS_023,2025,10,16,NEON_DP3.30026.002_bidirectional,0.6587187051773071,0.068476602435112,0.3525794744491577,0.0696158707141876,0.545162558555603,0.0912522971630096,0.3543088138103485,0.0601784661412239
OSBS,OSBS_024,2023,10,13,NEON_DP3.30026.002_bidirectional,0.5542007684707642,0.0947804227471351,0.1879476755857467,0.0772820338606834,0.5238028764724731,0.1141724213957786,0.1916282176971435,0.0752500668168068
OSBS,OSBS_024,2025,10,15,NEON_DP3.30026.002_bidirectional,0.6975439786911011,0.0560625791549682,0.3917101323604584,0.1174442693591117,0.6134635806083679,0.075395256280899,0.3816181421279907,0.1030265465378761
OSBS,OSBS_025,2023,10,16,NEON_DP3.30026.002_bidirectional,0.511194109916687,0.0955075696110725,0.2864877581596374,0.0472993068397045,0.3575749099254608,0.1136695742607116,0.2925215065479278,0.0460261851549148
OSBS,OSBS_025,2025,10,16,NEON_DP3.30026.002_bidirectional,0.5861143469810486,0.067612424492836,0.3197423219680786,0.0506474375724792,0.4343392848968506,0.0853916034102439,0.3294146060943603,0.0468526445329189
OSBS,OSBS_026,2023,10,16,NEON_DP3.30026.002_bidirectional,0.5350092649459839,0.0629447475075721,0.3075501918792724,0.0342030636966228,0.3809715509414673,0.0665402859449386,0.3139685392379761,0.0345424190163612
OSBS,OSBS_026,2025,10,16,NEON_DP3.30026.002_bidirectional,0.6332665085792542,0.0659196600317955,0.3715994954109192,0.0468309111893177,0.4916889071464538,0.0749084427952766,0.376696914434433,0.04488081112504
OSBS,OSBS_027,2023,10,16,NEON_DP3.30026.002_bidirectional,0.5861965417861938,0.0415464490652084,0.3258301615715027,0.0373445972800254,0.437843382358551,0.0509478449821472,0.3341153860092163,0.0336678363382816
OSBS,OSBS_027,2025,10,16,NEON_DP3.30026.002_bidirectional,0.6572765707969666,0.037266332656145,0.3867812156677246,0.0373638905584812,0.5176283121109009,0.0481920912861824,0.3934405148029327,0.0324227847158908
OSBS,OSBS_028,2023,10,16,NEON_DP3.30026.002_bidirectional,0.4936545193195343,0.059621412307024,0.289931058883667,0.0294156093150377,0.3318737745285034,0.0693350881338119,0.2968650460243225,0.0288023725152015
OSBS,OSBS_028,2025,10,16,NEON_DP3.30026.002_bidirectional,0.4917855858802795,0.0534816086292266,0.2975906133651733,0.0363519862294197,0.3313716650009155,0.0614130534231662,0.302798330783844,0.0346447937190532
OSBS,OSBS_029,2023,10,16,NEON_DP3.30026.002_bidirectional,0.5170363187789917,0.0568581186234951,0.3258240520954132,0.0377415642142295,0.3781712651252746,0.065059021115303,0.3219596147537231,0.035018004477024
OSBS,OSBS_029,2025,10,16,NEON_DP3.30026.002_bidirectional,0.5944926738739014,0.0450030229985713,0.3598174750804901,0.0510059408843517,0.4471192955970764,0.0548430159687995,0.3630805015563965,0.0461397282779216
OSBS,OSBS_030,2023,10,16,NEON_DP3.30026.002_bidirectional,0.4969483911991119,0.0707898885011673,0.2759303450584411,0.0406383611261844,0.3340857326984405,0.0766438692808151,0.2840390503406524,0.0404560342431068
OSBS,OSBS_030,2025,10,16,NEON_DP3.30026.002_bidirectional,0.4889689683914184,0.0684195756912231,0.2623284459114074,0.0386781394481658,0.3183349967002868,0.0711101740598678,0.2733023762702942,0.0392877012491226
OSBS,OSBS_031,2023,10,16,NEON_DP3.30026.002_bidirectional,0.5430843234062195,0.0715463235974311,0.2959451377391815,0.0387785844504833,0.3867000937461853,0.086744412779808,0.3050923645496368,0.0370300114154815
OSBS,OSBS_031,2025,10,16,NEON_DP3.30026.002_bidirectional,0.5371226072311401,0.0673989206552505,0.2836413979530334,0.0594187192618846,0.3806726336479187,0.0803674682974815,0.2921532392501831,0.05530696362257
OSBS,OSBS_032,2023,10,16,NEON_DP3.30026.002_bidirectional,0.5208649039268494,0.0561752766370773,0.2767501771450043,0.0401155948638916,0.3636872768402099,0.0670536160469055,0.2857069969177246,0.0382220707833766
OSBS,OSBS_032,2025,10,16,NEON_DP3.30026.002_bidirectional,0.5349880456924438,0.0568037591874599,0.2903897166252136,0.0456934943795204,0.3716020584106445,0.0662305951118469,0.3001006543636322,0.0433144196867942
OSBS,OSBS_033,2023,10,16,NEON_DP3.30026.002_bidirectional,0.6279051303863525,0.042952511459589,0.3577564358711242,0.0459060035645961,0.4844180047512054,0.0557970628142356,0.3650131523609161,0.0404203757643699
OSBS,OSBS_033,2025,10,16,NEON_DP3.30026.002_bidirectional,0.6652560830116272,0.041114903986454,0.363812655210495,0.048202496021986,0.5263727903366089,0.0524532236158847,0.3707172870635986,0.0419020093977451
OSBS,OSBS_034,2023,10,16,NEON_DP3.30026.002_bidirectional,0.6306362748146057,0.0591971054673194,0.3369224071502685,0.0406478904187679,0.4871041774749756,0.0786815285682678,0.3478292226791382,0.0362396650016307
OSBS,OSBS_034,2025,10,16,NEON_DP3.30026.002_bidirectional,0.6463981866836548,0.0494843199849128,0.3696064352989197,0.0652454644441604,0.5050839185714722,0.0644652023911476,0.3759990334510803,0.058569386601448
OSBS,OSBS_035,2023,10,16,NEON_DP3.30026.002_bidirectional,0.6351288557052612,0.0388619937002658,0.3514801561832428,0.0461154207587242,0.4984435737133026,0.0493770204484462,0.3569597899913788,0.0412548631429672
OSBS,OSBS_035,2025,10,16,NEON_DP3.30026.002_bidirectional,0.6364838480949402,0.0323636978864669,0.3519453406333923,0.0570901520550251,0.4817260503768921,0.0396367572247982,0.3642421960830688,0.0523056387901306
OSBS,OSBS_036,2023,10,8,NEON_DP3.30026.002_bidirectional,0.5633656978607178,0.0877638682723045,0.3260874450206756,0.0609502643346786,0.4157624542713165,0.1014568209648132,0.3314262628555298,0.058896031230688
OSBS,OSBS_036,2025,10,8,NEON_DP3.30026.002_bidirectional,0.6364269852638245,0.0571951270103454,0.3620248138904571,0.0677353888750076,0.4869503974914551,0.0710142403841018,0.3711928129196167,0.0629067420959472
OSBS,OSBS_037,2023,10,16,NEON_DP3.30026.002_bidirectional,0.523393988609314,0.0643648132681846,0.2994586229324341,0.0355874858796596,0.3663839697837829,0.0746290162205696,0.3062769770622253,0.0336747877299785
OSBS,OSBS_037,2025,10,16,NEON_DP3.30026.002_bidirectional,0.5409567356109619,0.0551927760243415,0.3013553023338318,0.052396610379219,0.3850315511226654,0.0598963685333728,0.3091482520103454,0.049927782267332
OSBS,OSBS_038,2023,10,16,NEON_DP3.30026.002_bidirectional,0.5915377736091614,0.0358480997383594,0.3341174125671386,0.0259103178977966,0.443846046924591,0.0409100726246833,0.3417487740516662,0.0241839885711669
OSBS,OSBS_038,2025,10,16,NEON_DP3.30026.002_bidirectional,0.5744858384132385,0.0386689752340316,0.3216921091079712,0.0238380394876003,0.4127240180969238,0.0401696003973484,0.3339741826057434,0.0238676946610212
OSBS,OSBS_039,2023,10,16,NEON_DP3.30026.002_bidirectional,0.4796769618988037,0.0874976739287376,0.2885662317276001,0.0540661998093128,0.3230306506156921,0.0981408283114433,0.2922627925872803,0.0527626648545265
OSBS,OSBS_039,2025,10,16,NEON_DP3.30026.002_bidirectional,0.5661895871162415,0.06641186773777,0.311924010515213,0.0531532205641269,0.4062934815883636,0.0790328681468963,0.3224373757839203,0.0502982214093208
OSBS,OSBS_040,2023,10,16,NEON_DP3.30026.002_bidirectional,0.5766201019287109,0.0672756507992744,0.1943659037351608,0.0676663368940353,0.4429542422294616,0.0776605606079101,0.2081187665462494,0.0681247487664222
OSBS,OSBS_040,2025,10,16,NEON_DP3.30026.002_bidirectional,0.5906468033790588,0.0670186579227447,0.3349149227142334,0.0502161346375942,0.4377367496490478,0.0791589096188545,0.343932956457138,0.0476870015263557
OSBS,OSBS_041,2023,10,16,NEON_DP3.30026.002_bidirectional,0.5479457378387451,0.0986858829855918,0.3073297441005707,0.052593607455492,0.4022134244441986,0.1136592924594879,0.3119217157363891,0.0511027500033378
OSBS,OSBS_041,2025,10,16,NEON_DP3.30026.002_bidirectional,0.5381487607955933,0.0771821066737175,0.3056276738643646,0.0516512282192707,0.3822990953922272,0.0866328105330467,0.3132518529891968,0.0503351390361785
OSBS,OSBS_042,2023,10,16,NEON_DP3.30026.002_bidirectional,0.6290087699890137,0.041400883346796,0.3461054563522339,0.0295718181878328,0.4821817874908447,0.0514187514781951,0.3564462959766388,0.0278029348701238
OSBS,OSBS_042,2025,10,16,NEON_DP3.30026.002_bidirectional,0.6465951204299927,0.0296371411532163,0.3631210029125213,0.0342785790562629,0.4989559054374695,0.0385651923716068,0.3743487894535064,0.0317459926009178
OSBS,OSBS_043,2023,10,8,NEON_DP3.30026.002_bidirectional,0.532985508441925,0.0365804135799407,0.2914628982543945,0.0262217074632644,0.3716109097003937,0.0440488308668136,0.302008181810379,0.0239136107265949
OSBS,OSBS_043,2025,10,8,NEON_DP3.30026.002_bidirectional,0.5937963724136353,0.0356735065579414,0.3458898663520813,0.0318250842392444,0.4267258942127228,0.0446823351085186,0.3583550155162811,0.0291493721306324
OSBS,OSBS_044,2023,10,16,NEON_DP3.30026.002_bidirectional,0.6004546880722046,0.0928525626659393,0.3338138461112976,0.0496176816523075,0.4614009857177734,0.1063257455825805,0.3404513299465179,0.0492323897778987
OSBS,OSBS_044,2025,10,16,NEON_DP3.30026.002_bidirectional,0.6590380072593689,0.0709182620048523,0.3577991724014282,0.0665763467550277,0.5259712934494019,0.085277535021305,0.3649446964263916,0.0622439607977867
OSBS,OSBS_048,2023,10,16,NEON_DP3.30026.002_bidirectional,0.773852527141571,0.0793881192803382,0.4781458675861358,0.0982603579759597,0.6704679131507874,0.1117790564894676,0.4725854396820068,0.0812875851988792
OSBS,OSBS_048,2025,10,16,NEON_DP3.30026.002_bidirectional,0.7577699422836304,0.0755988210439682,0.4451523423194885,0.0814675167202949,0.6424799561500549,0.1075383275747299,0.4475785195827484,0.0690410211682319
OSBS,OSBS_049,2023,10,16,NEON_DP3.30026.002_bidirectional,0.4681713283061981,0.0262472666800022,0.1916039139032364,0.011102863587439,0.3130652010440826,0.0352884493768215,0.2041317075490951,0.0113565390929579
OSBS,OSBS_049,2025,10,16,NEON_DP3.30026.002_bidirectional,0.5149686336517334,0.0226470250636339,0.1835917383432388,0.0127758625894784,0.3479568660259247,0.0264823660254478,0.2008438855409622,0.0129927387461066
OSBS,OSBS_050,2023,10,15,NEON_DP3.30026.002_bidirectional,0.4020115435123443,0.1072096824645996,0.1907597482204437,0.1146906465291976,0.2291814684867859,0.1229886040091514,0.195873811841011,0.1132047399878501
OSBS,OSBS_050,2025,10,16,NEON_DP3.30026.002_bidirectional,0.3463692665100097,0.2017286568880081,0.1881562322378158,0.1117347255349159,0.1823445558547973,0.191793605685234,0.1944648176431656,0.1129838675260543
OSBS,OSBS_051,2023,10,16,NEON_DP3.30026.002_bidirectional,0.413488894701004,0.1292775124311447,0.1811503171920776,0.1012606099247932,0.2340893000364303,0.1579102128744125,0.190388798713684,0.1002806648612022
OSBS,OSBS_051,2025,10,16,NEON_DP3.30026.002_bidirectional,0.5003179907798767,0.0999533981084823,0.2181935608386993,0.0890163108706474,0.3270660042762756,0.1299726366996765,0.2309925407171249,0.086732380092144
OSBS,OSBS_063,2023,10,16,NEON_DP3.30026.002_bidirectional,0.5138462781906128,0.0473920218646526,0.2830768227577209,0.0258366260677576,0.3471651375293731,0.0558711178600788,0.2947074472904205,0.0254087522625923
OSBS,OSBS_063,2025,10,16,NEON_DP3.30026.002_bidirectional,0.5532243251800537,0.0500372052192688,0.2986587285995483,0.0268243364989757,0.3895792961120605,0.0598297454416751,0.311958760023117,0.0259858183562755
OSBS,OSBS_066,2023,10,16,NEON_DP3.30026.002_bidirectional,0.9176378846168518,0.0158412754535675,0.6116589903831482,0.0433288887143135,0.8813765645027161,0.020690469071269,0.576640784740448,0.033135786652565
OSBS,OSBS_066,2025,10,16,NEON_DP3.30026.002_bidirectional,0.9210211038589478,0.0127547299489378,0.6277132034301758,0.0634394958615303,0.8782179951667786,0.0138109251856803,0.588958203792572,0.0482691936194896
OSBS,OSBS_067,2023,10,16,NEON_DP3.30026.002_bidirectional,0.5984328389167786,0.0800702720880508,0.3284076452255249,0.092783622443676,0.4483813345432281,0.1017603650689125,0.3357836604118347,0.0818381980061531
OSBS,OSBS_067,2025,10,16,NEON_DP3.30026.002_bidirectional,0.617864727973938,0.0898838341236114,0.3855434954166412,0.0882185325026512,0.4778672456741333,0.1141979619860649,0.3831328749656677,0.0752088576555252
OSBS,OSBS_068,2023,10,16,NEON_DP3.30026.002_bidirectional,0.6386154294013977,0.0373221859335899,0.3354772627353668,0.0303875841200351,0.4977969229221344,0.047417726367712,0.3467832505702972,0.0285210162401199
OSBS,OSBS_068,2025,10,16,NEON_DP3.30026.002_bidirectional,0.6871165037155151,0.0336895734071731,0.3844283521175384,0.0373108871281147,0.5600864291191101,0.0432393252849578,0.3904406428337097,0.0338430255651474
OSBS,OSBS_070,2023,10,16,NEON_DP3.30026.002_bidirectional,0.6046595573425293,0.0440395101904869,0.3319908678531647,0.0345924347639083,0.456244021654129,0.0546256862580776,0.3413559198379516,0.0324684754014015
OSBS,OSBS_070,2025,10,16,NEON_DP3.30026.002_bidirectional,0.6180946230888367,0.0393657125532627,0.3327368199825287,0.0477801114320755,0.4722426831722259,0.0485742203891277,0.3412043154239654,0.0435474850237369
OSBS,OSBS_073,2023,10,16,NEON_DP3.30026.002_bidirectional,0.8043460249900818,0.1486144363880157,0.5519717335700989,0.121437020599842,0.7355577349662781,0.1925674378871917,0.5235592126846313,0.1048937961459159
OSBS,OSBS_073,2025,10,16,NEON_DP3.30026.002_bidirectional,0.8178410530090332,0.1244279518723487,0.5585353374481201,0.1370173692703247,0.7512537240982056,0.1611570715904235,0.5274396538734436,0.1163036897778511
RMNP,RMNP_001,2022,10,16,NEON_DP3.30026.002_bidirectional,0.6139357089996338,0.0563653819262981,0.2574375569820404,0.03754198923707,0.5003718733787537,0.0637378990650177,0.2633692026138305,0.036699641495943
RMNP,RMNP_001,2023,10,16,NEON_DP3.30026.002_bidirectional,0.6821058392524719,0.0591442920267581,0.2669189870357513,0.0276468712836503,0.6124384999275208,0.0714847967028617,0.2704645693302154,0.0270265508443117
RMNP,RMNP_001,2024,10,16,NEON_DP3.30026.002_bidirectional,0.6637303829193115,0.0663202852010726,0.2696520984172821,0.0312148090451955,0.588408887386322,0.0809529572725296,0.2733052670955658,0.0306567288935184
RMNP,RMNP_001,2025,10,16,NEON_DP3.30026.002_bidirectional,0.6963790655136108,0.0521022789180278,0.2645995318889618,0.0419850572943687,0.6363091468811035,0.0654026269912719,0.269864022731781,0.0405191704630851
RMNP,RMNP_002,2022,10,16,NEON_DP3.30026.002_bidirectional,0.7033236622810364,0.0442991852760314,0.3107291460037231,0.0278286375105381,0.5996406674385071,0.0529651455581188,0.3165486752986908,0.026404408738017
RMNP,RMNP_002,2023,10,16,NEON_DP3.30026.002_bidirectional,0.8158583641052246,0.0402717366814613,0.2413376271724701,0.0371242985129356,0.838031530380249,0.0597328916192054,0.2474723160266876,0.0352803766727447
RMNP,RMNP_002,2024,10,16,NEON_DP3.30026.002_bidirectional,0.7328429818153381,0.047389131039381,0.3225418627262115,0.0371562130749225,0.6761038303375244,0.0596169345080852,0.3213237226009369,0.0344164669513702
RMNP,RMNP_002,2025,10,16,NEON_DP3.30026.002_bidirectional,0.7484179139137268,0.0247070547193288,0.2012285739183426,0.0323092006146907,0.7629417181015015,0.055570799857378,0.2110469490289688,0.0323024578392505
RMNP,RMNP_003,2022,10,16,NEON_DP3.30026.002_bidirectional,0.5988131761550903,0.0583024024963378,0.2232802510261535,0.0303618051111698,0.5020230412483215,0.0660551264882087,0.2300494015216827,0.0296112149953842
RMNP,RMNP_003,2023,10,16,NEON_DP3.30026.002_bidirectional,0.6458511352539062,0.0498581565916538,0.2545374035835266,0.0377623215317726,0.5876772403717041,0.0610963366925716,0.2560289800167084,0.0356475636363029
RMNP,RMNP_003,2024,10,16,NEON_DP3.30026.002_bidirectional,0.5801341533660889,0.050466064363718,0.2426357418298721,0.0281833559274673,0.474413514137268,0.0598100237548351,0.2485014796257019,0.0274281501770019
RMNP,RMNP_003,2025,10,16,NEON_DP3.30026.002_bidirectional,0.5652367472648621,0.0520297177135944,0.227374792098999,0.0303738638758659,0.4621579647064209,0.0598311424255371,0.2331563085317611,0.0291564539074897
RMNP,RMNP_004,2022,10,16,NEON_DP3.30026.002_bidirectional,0.7749489545822144,0.0306024886667728,0.2874958515167236,0.0327874310314655,0.7269036173820496,0.0374081768095493,0.2913284003734588,0.0291735474020242
RMNP,RMNP_004,2023,10,16,NEON_DP3.30026.002_bidirectional,0.7723945379257202,0.0313025340437889,0.3256666660308838,0.0309151336550712,0.7375805974006653,0.0433434173464775,0.3252061009407043,0.0280907526612281
RMNP,RMNP_004,2024,10,16,NEON_DP3.30026.002_bidirectional,0.7209010720252991,0.0350406765937805,0.324336975812912,0.0242229811847209,0.6587132215499878,0.0461708940565586,0.3235736787319183,0.0214500837028026
RMNP,RMNP_004,2025,10,16,NEON_DP3.30026.002_bidirectional,0.7873539328575134,0.0281875729560852,0.2998478710651397,0.026583794504404,0.7641729116439819,0.0418847687542438,0.30174121260643,0.0244130976498127
RMNP,RMNP_005,2022,10,16,NEON_DP3.30026.002_bidirectional,0.7347666025161743,0.0357167571783065,0.3175486922264099,0.0386135876178741,0.6730436682701111,0.0461876355111599,0.3168566226959228,0.0344975888729095
RMNP,RMNP_005,2023,10,16,NEON_DP3.30026.002_bidirectional,0.7343132495880127,0.0367173552513122,0.3366939723491668,0.0425313301384449,0.662147045135498,0.0449403077363967,0.3365767896175384,0.038705687969923
RMNP,RMNP_005,2024,10,16,NEON_DP3.30026.002_bidirectional,0.6952034831047058,0.03793590888381,0.3708080351352691,0.0404719114303588,0.6341826319694519,0.0473083555698394,0.3585700094699859,0.035174798220396
RMNP,RMNP_005,2025,10,16,NEON_DP3.30026.002_bidirectional,0.7824186682701111,0.0326486676931381,0.3133878707885742,0.0439411997795105,0.7644760608673096,0.0578562952578067,0.3150111734867096,0.0389043688774108
RMNP,RMNP_006,2022,10,16,NEON_DP3.30026.002_bidirectional,0.8447274565696716,0.0185654573142528,0.3199180066585541,0.0261489488184452,0.794043779373169,0.029651204124093,0.3282071053981781,0.0240126624703407
RMNP,RMNP_006,2023,10,16,NEON_DP3.30026.002_bidirectional,0.8371061086654663,0.0157318990677595,0.3194727599620819,0.0250080116093158,0.7951316833496094,0.0262658894062042,0.32740318775177,0.0230434425175189
RMNP,RMNP_006,2024,10,16,NEON_DP3.30026.002_bidirectional,0.8182379603385925,0.0122761679813265,0.325761467218399,0.0215260088443756,0.7754281759262085,0.0197207182645797,0.3329953849315643,0.0195070207118988
RMNP,RMNP_006,2025,10,16,NEON_DP3.30026.002_bidirectional,0.8443142175674438,0.0115796495229005,0.3033163249492645,0.0205774419009685,0.8283795714378357,0.0197217278182506,0.3104267120361328,0.0189193580299615
RMNP,RMNP_007,2022,10,16,NEON_DP3.30026.002_bidirectional,0.7401896715164185,0.0384474731981754,0.3156870901584625,0.0439288914203643,0.6596957445144653,0.0498013384640216,0.3190320432186126,0.0389434807002544
RMNP,RMNP_007,2023,10,16,NEON_DP3.30026.002_bidirectional,0.8035897016525269,0.0187798272818326,0.2868406176567077,0.0358343124389648,0.7685181498527527,0.0248368345201015,0.2934338748455047,0.032284177839756
RMNP,RMNP_007,2024,10,16,NEON_DP3.30026.002_bidirectional,0.744293749332428,0.0256411358714103,0.3481529951095581,0.0447837114334106,0.6824679374694824,0.0346862114965915,0.3454357087612152,0.0386279337108135
RMNP,RMNP_007,2025,10,16,NEON_DP3.30026.002_bidirectional,0.7692434191703796,0.0238402225077152,0.3053537607192993,0.0413297452032566,0.7223326563835144,0.0314812026917934,0.3083710968494415,0.0368335433304309
RMNP,RMNP_008,2022,10,16,NEON_DP3.30026.002_bidirectional,0.7689061164855957,0.0220462996512651,0.3378098011016845,0.0303103998303413,0.6985117197036743,0.0279945582151412,0.3398553431034088,0.0278514679521322
RMNP,RMNP_008,2023,10,16,NEON_DP3.30026.002_bidirectional,0.7778392434120178,0.0185027439147233,0.349608451128006,0.0310667678713798,0.7256342768669128,0.0256841834634542,0.3480013310909271,0.0286703594028949
RMNP,RMNP_008,2024,10,16,NEON_DP3.30026.002_bidirectional,0.7223584651947021,0.0166643429547548,0.3825102746486664,0.0313331149518489,0.6822198033332825,0.0195828601717948,0.3665563762187958,0.0279598031193017
RMNP,RMNP_008,2025,10,16,NEON_DP3.30026.002_bidirectional,0.7337678074836731,0.01460986956954,0.3374478220939636,0.0294921360909938,0.6902970671653748,0.0227022767066955,0.3319137990474701,0.0265432186424732
RMNP,RMNP_009,2022,10,16,NEON_DP3.30026.002_bidirectional,0.5109810829162598,0.0716703161597251,0.2289506644010543,0.0307979490607976,0.3943303823471069,0.0857496708631515,0.2321653813123703,0.0296962242573499
RMNP,RMNP_009,2023,10,16,NEON_DP3.30026.002_bidirectional,0.5491872429847717,0.0725832358002662,0.2995272278785705,0.0424656830728054,0.4450550079345703,0.0907391831278801,0.2933230996131897,0.0387080237269401
RMNP,RMNP_009,2024,10,16,NEON_DP3.30026.002_bidirectional,0.4933332800865173,0.0703863799571991,0.2406308799982071,0.0319284796714782,0.3678610920906067,0.0828515812754631,0.243401437997818,0.0312563404440879
RMNP,RMNP_009,2025,10,16,NEON_DP3.30026.002_bidirectional,0.4958177804946899,0.0710106268525123,0.2380606681108474,0.032994233071804,0.3744878470897674,0.0835803151130676,0.2404430657625198,0.0320491753518581
RMNP,RMNP_010,2022,10,16,NEON_DP3.30026.002_bidirectional,0.6088539958000183,0.0520989559590816,0.2866009175777435,0.0446063987910747,0.515121340751648,0.0600843653082847,0.2858928442001343,0.0413000807166099
RMNP,RMNP_010,2023,10,16,NEON_DP3.30026.002_bidirectional,0.6586848497390747,0.0531239137053489,0.2534082531929016,0.0370290018618106,0.5920403003692627,0.0693187937140464,0.2574946880340576,0.034696415066719
RMNP,RMNP_010,2024,10,16,NEON_DP3.30026.002_bidirectional,0.5932533144950867,0.050531268119812,0.3132424354553222,0.0380861237645149,0.503283679485321,0.0617475770413875,0.3070132732391357,0.0347414873540401
RMNP,RMNP_010,2025,10,16,NEON_DP3.30026.002_bidirectional,0.628054678440094,0.0502140037715435,0.2749996781349182,0.0359061174094677,0.5484219789505005,0.0628088191151619,0.2761710882186889,0.033164869993925
RMNP,RMNP_011,2022,10,16,NEON_DP3.30026.002_bidirectional,0.6086412072181702,0.0895484983921051,0.2786825597286224,0.0513151250779628,0.5309695601463318,0.1132847964763641,0.2798865139484405,0.0488008186221122
RMNP,RMNP_011,2023,10,16,NEON_DP3.30026.002_bidirectional,0.6377871632575989,0.0809817686676979,0.2815916836261749,0.052359040826559,0.5973923802375793,0.1110083535313606,0.2778557240962982,0.0480911396443843
RMNP,RMNP_011,2024,10,16,NEON_DP3.30026.002_bidirectional,0.5504975914955139,0.0902835205197334,0.2718785107135772,0.0460656806826591,0.465921014547348,0.1146713346242904,0.2690747082233429,0.0424764938652515
RMNP,RMNP_011,2025,10,16,NEON_DP3.30026.002_bidirectional,0.5721877813339233,0.0815923660993576,0.2641108334064483,0.0460897237062454,0.4911101460456848,0.1034641489386558,0.2641318440437317,0.0432090274989604
RMNP,RMNP_012,2022,10,16,NEON_DP3.30026.002_bidirectional,0.8046373724937439,0.0265023838728666,0.2817030847072601,0.0155649911612272,0.7277482748031616,0.0373923294246196,0.2930936217308044,0.0152985733002424
RMNP,RMNP_012,2023,10,16,NEON_DP3.30026.002_bidirectional,0.8647064566612244,0.0280436761677265,0.2929323613643646,0.0229755192995071,0.8667641878128052,0.0551690198481082,0.2975250482559204,0.0209162142127752
RMNP,RMNP_012,2024,10,16,NEON_DP3.30026.002_bidirectional,0.8169986009597778,0.0238266084343194,0.3123649358749389,0.0209716390818357,0.7618921399116516,0.0331506952643394,0.3188406229019165,0.0193037260323762
RMNP,RMNP_012,2025,10,16,NEON_DP3.30026.002_bidirectional,0.8038121461868286,0.0291699208319187,0.2693062722682953,0.0212919581681489,0.7648852467536926,0.0435722097754478,0.2772470116615295,0.0196050647646188
RMNP,RMNP_013,2022,10,16,NEON_DP3.30026.002_bidirectional,0.5364499688148499,0.0767757147550582,0.2339184582233429,0.0257991962134838,0.4184390008449554,0.0945105329155922,0.2394869923591613,0.0259482059627771
RMNP,RMNP_013,2023,10,16,NEON_DP3.30026.002_bidirectional,0.5602202415466309,0.0649362429976463,0.2625860273838043,0.0321258157491683,0.4607123732566833,0.0815547183156013,0.263134092092514,0.030172012746334
RMNP,RMNP_013,2024,10,16,NEON_DP3.30026.002_bidirectional,0.4847410023212433,0.0833133161067962,0.2344499677419662,0.0299790520220994,0.3615545034408569,0.0992961898446083,0.23750039935112,0.0301216896623373
RMNP,RMNP_013,2025,10,16,NEON_DP3.30026.002_bidirectional,0.4971754848957062,0.07941385358572,0.2327188849449157,0.0247739851474761,0.378302127122879,0.0972030535340309,0.2361211627721786,0.0250445753335952
RMNP,RMNP_014,2022,10,16,NEON_DP3.30026.002_bidirectional,0.843786895275116,0.021994924172759,0.2930293083190918,0.0160864293575286,0.7969774603843689,0.0339705497026443,0.3009414076805115,0.0151655348017811
RMNP,RMNP_014,2023,10,16,NEON_DP3.30026.002_bidirectional,0.892632782459259,0.011695890687406,0.2803100645542145,0.016493359580636,2.2725422382354736,5.108132362365723,0.2819823026657104,0.0152074592188
RMNP,RMNP_014,2024,10,16,NEON_DP3.30026.002_bidirectional,0.8373293280601501,0.0132256690412759,0.344396024942398,0.0172947738319635,0.8014565706253052,0.0197692681103944,0.3455682396888733,0.0153600769117474
RMNP,RMNP_014,2025,10,16,NEON_DP3.30026.002_bidirectional,0.8492218852043152,0.0094264987856149,0.3059144020080566,0.0208345111459493,0.8510112166404724,0.0188047308474779,0.3082089126110077,0.01864705234766
RMNP,RMNP_015,2022,10,12,NEON_DP3.30026.002_bidirectional,0.4736669957637787,0.084111250936985,0.2372737526893615,0.0454056933522224,0.3312923610210418,0.0941543579101562,0.2410902231931686,0.0454775542020797
RMNP,RMNP_015,2023,10,12,NEON_DP3.30026.002_bidirectional,0.5462486743927002,0.0807404369115829,0.2840021550655365,0.0387626253068447,0.4338573217391968,0.0928139239549636,0.2829911708831787,0.0369179509580135
RMNP,RMNP_015,2024,10,12,NEON_DP3.30026.002_bidirectional,0.5091590285301208,0.0887584388256073,0.261652797460556,0.0458766035735607,0.3872981071472168,0.1008429005742073,0.2627024054527282,0.0439963787794113
RMNP,RMNP_015,2025,10,12,NEON_DP3.30026.002_bidirectional,0.573077917098999,0.090272806584835,0.2728003859519958,0.0515102222561836,0.475452184677124,0.1082504764199256,0.2731450200080871,0.0483554601669311
RMNP,RMNP_016,2022,10,8,NEON_DP3.30026.002_bidirectional,0.3812568187713623,0.0695578306913375,0.1994915008544922,0.0390601009130477,0.2515252828598022,0.0783026367425918,0.1989451348781585,0.0389150567352771
RMNP,RMNP_016,2023,10,8,NEON_DP3.30026.002_bidirectional,0.4224388599395752,0.0778206214308738,0.214424654841423,0.0510937422513961,0.2939868867397308,0.0886340513825416,0.2155387699604034,0.0489230528473854
RMNP,RMNP_016,2024,10,8,NEON_DP3.30026.002_bidirectional,0.4030805230140686,0.0638820230960846,0.2156715244054794,0.0370293706655502,0.265727698802948,0.0708205103874206,0.2177788615226745,0.036801666021347
RMNP,RMNP_016,2025,10,8,NEON_DP3.30026.002_bidirectional,0.3855275809764862,0.0675055533647537,0.2065213471651077,0.0369592234492301,0.2474202215671539,0.0748988837003707,0.2075497955083847,0.0368901789188385
RMNP,RMNP_017,2022,10,16,NEON_DP3.30026.002_bidirectional,0.6009684205055237,0.0590378493070602,0.2522830069065094,0.0402512662112712,0.5024126768112183,0.0684431493282318,0.2564904689788818,0.0384534001350402
RMNP,RMNP_017,2023,10,16,NEON_DP3.30026.002_bidirectional,0.625583827495575,0.0634073242545127,0.2632484436035156,0.0391177199780941,0.5559139847755432,0.0780096426606178,0.2641150057315826,0.0366258174180984
RMNP,RMNP_017,2024,10,16,NEON_DP3.30026.002_bidirectional,0.5500560998916626,0.0605872571468353,0.2465078234672546,0.0372330956161022,0.437558650970459,0.0740868151187896,0.2512384951114654,0.0348860062658786
RMNP,RMNP_017,2025,10,16,NEON_DP3.30026.002_bidirectional,0.5786754488945007,0.0561603754758834,0.2495873421430587,0.0370494350790977,0.4815438687801361,0.0660426914691925,0.2530935704708099,0.0350755229592323
RMNP,RMNP_018,2022,10,16,NEON_DP3.30026.002_bidirectional,0.6489660739898682,0.0730100199580192,0.2243447303771972,0.0322911776602268,0.5391108989715576,0.0794361308217048,0.2357838004827499,0.0338892601430416
RMNP,RMNP_018,2023,10,16,NEON_DP3.30026.002_bidirectional,0.7056102156639099,0.069546103477478,0.2355411648750305,0.0285845324397087,0.6294588446617126,0.0821407958865165,0.2455296069383621,0.0292372517287731
RMNP,RMNP_018,2024,10,16,NEON_DP3.30026.002_bidirectional,0.6372861862182617,0.0674962624907493,0.2714569866657257,0.027500245720148,0.5386815667152405,0.0789366737008094,0.2781662046909332,0.0279485061764717
RMNP,RMNP_018,2025,10,16,NEON_DP3.30026.002_bidirectional,0.6746315360069275,0.0659722909331321,0.2340308427810669,0.0291539095342159,0.6020417213439941,0.0756869986653328,0.2427691221237182,0.0301468931138515
RMNP,RMNP_019,2022,10,16,NEON_DP3.30026.002_bidirectional,0.5366445779800415,0.1041783466935157,0.2687304019927978,0.057186733931303,0.4133455157279968,0.1221744194626808,0.271965742111206,0.0559358187019825
RMNP,RMNP_019,2023,10,16,NEON_DP3.30026.002_bidirectional,0.5799842476844788,0.112135536968708,0.3026357293128967,0.0750500932335853,0.4818575978279114,0.1352056264877319,0.2990396320819855,0.0703653991222381
RMNP,RMNP_019,2024,10,16,NEON_DP3.30026.002_bidirectional,0.4954783916473388,0.1082921475172042,0.2578020691871643,0.0594436526298522,0.3697605431079864,0.1305805891752243,0.2594018280506134,0.0569161549210548
RMNP,RMNP_019,2025,10,16,NEON_DP3.30026.002_bidirectional,0.5051206350326538,0.1045339182019233,0.2525972723960876,0.0546139255166053,0.3796933591365814,0.1261143982410431,0.2557848691940307,0.0529791414737701
RMNP,RMNP_020,2022,10,16,NEON_DP3.30026.002_bidirectional,0.6897092461585999,0.0593218281865119,0.2958323359489441,0.0331200361251831,0.5854377150535583,0.0706286653876304,0.2994424998760223,0.0304198432713747
RMNP,RMNP_020,2023,10,16,NEON_DP3.30026.002_bidirectional,0.7772178053855896,0.0371286273002624,0.2975460588932037,0.0366203933954238,0.7110639810562134,0.0416457243263721,0.3037618994712829,0.0344456136226654
RMNP,RMNP_020,2024,10,16,NEON_DP3.30026.002_bidirectional,0.6951596736907959,0.0561372712254524,0.3012532889842987,0.0360718704760074,0.6120259165763855,0.067358523607254,0.3039307296276092,0.0332830883562564
RMNP,RMNP_020,2025,10,16,NEON_DP3.30026.002_bidirectional,0.7337822318077087,0.0464300774037838,0.2947889864444732,0.0460199490189552,0.6661498546600342,0.0617043934762477,0.2987386584281921,0.040810003876686
RMNP,RMNP_041,2022,10,16,NEON_DP3.30026.002_bidirectional,0.6997134685516357,0.0816750600934028,0.2374761700630188,0.0300204642117023,0.6319272518157959,0.1156479120254516,0.2462955713272094,0.0285080075263977
RMNP,RMNP_041,2023,10,16,NEON_DP3.30026.002_bidirectional,0.6925451159477234,0.0619607381522655,0.2695870101451874,0.028404414653778,0.6104149222373962,0.0859419479966163,0.2777754962444305,0.026136452332139
RMNP,RMNP_041,2024,10,16,NEON_DP3.30026.002_bidirectional,0.6302284598350525,0.058347824960947,0.2657930254936218,0.0223815664649009,0.5342931747436523,0.0788614228367805,0.2717464864253998,0.021162562072277
RMNP,RMNP_041,2025,10,16,NEON_DP3.30026.002_bidirectional,0.6599507331848145,0.0641689300537109,0.2456314116716385,0.0181364677846431,0.6078634262084961,0.1014824509620666,0.250716358423233,0.0174416378140449
RMNP,RMNP_042,2022,10,16,NEON_DP3.30026.002_bidirectional,0.611933708190918,0.0476432926952838,0.2374458163976669,0.0172226708382368,0.5205793380737305,0.0623690150678157,0.2452402859926223,0.0158961173146963
RMNP,RMNP_042,2023,10,16,NEON_DP3.30026.002_bidirectional,0.6133144497871399,0.0360360220074653,0.2736298739910126,0.0263180155307054,0.5049378275871277,0.0464866906404495,0.2804675996303558,0.024030165746808
RMNP,RMNP_042,2024,10,16,NEON_DP3.30026.002_bidirectional,0.550426721572876,0.04661126434803,0.2629425227642059,0.0244711600244045,0.4337265491485595,0.0571564063429832,0.2669040262699127,0.0221837200224399
RMNP,RMNP_042,2025,10,16,NEON_DP3.30026.002_bidirectional,0.6034663319587708,0.0452907644212245,0.242795318365097,0.0314157120883464,0.536310613155365,0.0770592018961906,0.2469403445720672,0.0295209251344203
RMNP,RMNP_043,2022,10,16,NEON_DP3.30026.002_bidirectional,0.6564743518829346,0.0378270968794822,0.2629596889019012,0.0535600446164608,0.5726353526115417,0.0447944477200508,0.2684328854084015,0.0483464188873767
RMNP,RMNP_043,2023,10,16,NEON_DP3.30026.002_bidirectional,0.6577592492103577,0.0390109159052372,0.2935178279876709,0.0590673573315143,0.5652864575386047,0.0515944845974445,0.2972464263439178,0.0530466735363006
RMNP,RMNP_043,2024,10,16,NEON_DP3.30026.002_bidirectional,0.5577124357223511,0.1081364750862121,0.2840988934040069,0.054207757115364,0.4453669786453247,0.1414051204919815,0.2840339541435241,0.048541571944952
RMNP,RMNP_043,2025,10,16,NEON_DP3.30026.002_bidirectional,0.5895552039146423,0.0981443747878074,0.2581493854522705,0.0360649265348911,0.5023088455200195,0.1372033357620239,0.2610939741134643,0.0325548909604549
RMNP,RMNP_044,2022,10,16,NEON_DP3.30026.002_bidirectional,0.7265985012054443,0.079065978527069,0.3917726874351501,0.0698380023241043,0.6673508286476135,0.1086013093590736,0.378848135471344,0.0611945278942585
RMNP,RMNP_044,2023,10,16,NEON_DP3.30026.002_bidirectional,0.7567333579063416,0.0698486343026161,0.4383032321929931,0.0676401853561401,0.7012678980827332,0.0924438461661338,0.4189951419830322,0.0578816086053848
RMNP,RMNP_044,2024,10,16,NEON_DP3.30026.002_bidirectional,0.7584761381149292,0.0753474235534668,0.4730027019977569,0.073964424431324,0.7134304642677307,0.0983003973960876,0.4410678744316101,0.0607165396213531
RMNP,RMNP_044,2025,10,16,NEON_DP3.30026.002_bidirectional,0.7538427114486694,0.0801045149564743,0.4235014319419861,0.0802690759301185,0.727165699005127,0.1102344021201133,0.3986774086952209,0.0669043436646461
RMNP,RMNP_045,2022,10,16,NEON_DP3.30026.002_bidirectional,0.7597974538803101,0.054065316915512,0.3852361142635345,0.0761054754257202,0.7080311179161072,0.0679588019847869,0.3739683032035827,0.0666059255599975
RMNP,RMNP_045,2023,10,16,NEON_DP3.30026.002_bidirectional,0.7666289210319519,0.0508329533040523,0.4123198091983795,0.0691100507974624,0.7167073488235474,0.0643609911203384,0.3968061208724975,0.0599107705056667
RMNP,RMNP_045,2024,10,16,NEON_DP3.30026.002_bidirectional,0.752018928527832,0.0497127138078212,0.4177726507186889,0.0599053353071212,0.7086074352264404,0.0645236521959304,0.3974792957305908,0.0513014122843742
RMNP,RMNP_045,2025,10,16,NEON_DP3.30026.002_bidirectional,0.757922887802124,0.0560213401913642,0.3992890417575836,0.0834993571043014,0.732837438583374,0.0703031793236732,0.3790479898452759,0.0706036016345024
RMNP,RMNP_046,2022,10,16,NEON_DP3.30026.002_bidirectional,0.7358036637306213,0.0898560807108879,0.411218523979187,0.0729606971144676,0.6684413552284241,0.123016819357872,0.3988000154495239,0.061918593943119
RMNP,RMNP_046,2023,10,16,NEON_DP3.30026.002_bidirectional,0.7558470964431763,0.0894440561532974,0.4515631794929504,0.0793236717581749,0.6909529566764832,0.1256173104047775,0.4333771765232086,0.0650682151317596
RMNP,RMNP_046,2024,10,16,NEON_DP3.30026.002_bidirectional,0.6877365708351135,0.1289200037717819,0.4250120222568512,0.0972389280796051,0.6126730442047119,0.1718325167894363,0.4040993750095367,0.0812016502022743
RMNP,RMNP_046,2025,10,16,NEON_DP3.30026.002_bidirectional,0.6785424947738647,0.13115856051445,0.3724327087402344,0.1005785912275314,0.6099159717559814,0.178410992026329,0.3596872985363006,0.0842379406094551
RMNP,RMNP_047,2022,10,16,NEON_DP3.30026.002_bidirectional,0.6307576894760132,0.0850301459431648,0.268651396036148,0.0370501019060611,0.5315263271331787,0.1073977351188659,0.275358110666275,0.0347507484257221
RMNP,RMNP_047,2023,10,16,NEON_DP3.30026.002_bidirectional,0.6227158308029175,0.0751543343067169,0.2825632691383362,0.0382634922862052,0.5130372047424316,0.0967208296060562,0.2892513871192932,0.0356587655842304
RMNP,RMNP_047,2024,10,16,NEON_DP3.30026.002_bidirectional,0.5916483402252197,0.0910465121269226,0.2787800133228302,0.0354133695363998,0.4840773046016693,0.1134737804532051,0.2827206552028656,0.0334903374314308
RMNP,RMNP_047,2025,10,16,NEON_DP3.30026.002_bidirectional,0.6468642950057983,0.0872427821159362,0.265464186668396,0.0435902401804924,0.588287889957428,0.1175683066248893,0.2681477665901184,0.0405966863036155
RMNP,RMNP_048,2022,10,16,NEON_DP3.30026.002_bidirectional,0.6244174838066101,0.0972195118665695,0.2591318786144256,0.0254562217742204,0.5135846138000488,0.1210672184824943,0.268234521150589,0.0239923670887947
RMNP,RMNP_048,2023,10,16,NEON_DP3.30026.002_bidirectional,0.6172975301742554,0.0881193950772285,0.2747812867164612,0.0287897065281867,0.4997780621051788,0.1136714741587638,0.2836304903030395,0.0266994927078485
RMNP,RMNP_048,2024,10,16,NEON_DP3.30026.002_bidirectional,0.5716428160667419,0.1259608715772628,0.2694247364997864,0.0348609387874603,0.4549798369407654,0.1498217731714248,0.2741124033927917,0.0361174829304218
RMNP,RMNP_048,2025,10,16,NEON_DP3.30026.002_bidirectional,0.6124358177185059,0.1227845028042793,0.2489673346281051,0.0363210067152977,0.52817302942276,0.1599988341331482,0.2544057071208954,0.0354953855276107
RMNP,RMNP_049,2022,10,16,NEON_DP3.30026.002_bidirectional,0.5511424541473389,0.0718709975481033,0.2720579802989959,0.027408318594098,0.4264855086803436,0.090838074684143,0.2773062586784363,0.026700610294938
RMNP,RMNP_049,2023,10,16,NEON_DP3.30026.002_bidirectional,0.5591461658477783,0.0654348284006118,0.2947764694690704,0.028028355911374,0.426809698343277,0.0841123089194297,0.3002137541770935,0.0270361937582492
RMNP,RMNP_049,2024,10,16,NEON_DP3.30026.002_bidirectional,0.4763586521148681,0.086659051477909,0.267849713563919,0.0307841412723064,0.3376402556896209,0.1038519218564033,0.2690522670745849,0.0313938967883586
RMNP,RMNP_049,2025,10,16,NEON_DP3.30026.002_bidirectional,0.506842315196991,0.0910555720329284,0.2475451380014419,0.0295407753437757,0.3906210064888,0.1159294322133064,0.2504020035266876,0.0293951891362667
SCBI,SCBI_002,2017,10,16,NEON_DP3.30026.002_bidirectional,0.8982028365135193,0.0258208625018596,0.6620796918869019,0.0927340388298034,0.9026249051094056,0.0358709841966629,0.5892769694328308,0.0654326751828193
SCBI,SCBI_002,2022,10,16,NEON_DP3.30026.002_bidirectional,0.8764105439186096,0.0408708825707435,0.5507552027702332,0.1389733701944351,0.9035354256629944,0.0393692590296268,0.4980331063270569,0.1085535064339637
SCBI,SCBI_002,2023,10,16,NEON_DP3.30026.002_bidirectional,0.876030445098877,0.0223525445908308,0.612128496170044,0.1086081862449646,0.8935702443122864,0.0248098615556955,0.5451796650886536,0.0827801153063774
SCBI,SCBI_002,2025,10,16,NEON_DP3.30026.002_bidirectional,0.8564456105232239,0.0195393487811088,0.5608044862747192,0.0940031334757804,0.8590060472488403,0.0219841487705707,0.5105259418487549,0.0726750269532203
SCBI,SCBI_003,2017,10,16,NEON_DP3.30026.002_bidirectional,0.9163461923599244,0.0169692989438772,0.6767786145210266,0.085802175104618,0.921589970588684,0.0291872899979352,0.6022782921791077,0.0632441416382789
SCBI,SCBI_003,2022,10,16,NEON_DP3.30026.002_bidirectional,0.9067293405532836,0.0360556989908218,0.5861286520957947,0.137563943862915,0.9336132407188416,0.0460798367857933,0.5246175527572632,0.1035352572798729
SCBI,SCBI_003,2023,10,16,NEON_DP3.30026.002_bidirectional,0.9009798765182496,0.0282399989664554,0.6654376983642578,0.1331830769777298,0.9222508668899536,0.0330346077680587,0.5825003385543823,0.0993238016963005
SCBI,SCBI_003,2025,10,16,NEON_DP3.30026.002_bidirectional,0.8722286820411682,0.0239813290536403,0.5682190656661987,0.100862517952919,0.8790473341941833,0.0257136784493923,0.5147531628608704,0.0775982216000557
SCBI,SCBI_004,2017,10,16,NEON_DP3.30026.002_bidirectional,0.904447853565216,0.0118394736200571,0.6188695430755615,0.0846342146396637,0.9158600568771362,0.0215681213885545,0.558121919631958,0.0635221302509307
SCBI,SCBI_004,2022,10,16,NEON_DP3.30026.002_bidirectional,0.8860247135162354,0.036728661507368,0.5095763206481934,0.116050899028778,0.9159789085388184,0.0471482686698436,0.469163566827774,0.092365562915802
SCBI,SCBI_004,2023,10,16,NEON_DP3.30026.002_bidirectional,0.8718634843826294,0.0261442363262176,0.5753755569458008,0.0916794314980506,0.8882719278335571,0.0316752754151821,0.5186182260513306,0.0710665509104728
SCBI,SCBI_004,2025,10,16,NEON_DP3.30026.002_bidirectional,0.8729310631752014,0.0146046206355094,0.503389835357666,0.1040544807910919,0.8909482955932617,0.0204403530806303,0.4664704501628876,0.0830966606736183
SCBI,SCBI_005,2017,10,16,NEON_DP3.30026.002_bidirectional,0.8673242330551147,0.0326135270297527,0.5434703826904297,0.0794242992997169,0.8692792057991028,0.049213521182537,0.5006625056266785,0.0632788240909576
SCBI,SCBI_005,2022,10,16,NEON_DP3.30026.002_bidirectional,0.8765919208526611,0.0340905077755451,0.5658420920372009,0.1215133294463157,0.8935887813568115,0.0703379437327385,0.5115401744842529,0.0939617976546287
SCBI,SCBI_005,2023,10,16,NEON_DP3.30026.002_bidirectional,0.8410096764564514,0.0248896609991788,0.601614236831665,0.0866851583123207,0.8346199989318848,0.0501903891563415,0.5399818420410156,0.0689712464809417
SCBI,SCBI_005,2025,10,16,NEON_DP3.30026.002_bidirectional,0.8463553190231323,0.0180510226637125,0.5802693963050842,0.1073108240962028,0.84148770570755,0.0234417617321014,0.5240756869316101,0.0849219784140586
SCBI,SCBI_006,2017,10,12,NEON_DP3.30026.002_bidirectional,0.8640499711036682,0.0135389063507318,0.6980082392692566,0.0263087209314107,0.8280141949653625,0.0210653003305196,0.6293551921844482,0.0188715104013681
SCBI,SCBI_006,2022,10,12,NEON_DP3.30026.002_bidirectional,0.8917438983917236,0.0090174227952957,0.7449643611907959,0.018755342811346,0.8707799315452576,0.0133449165150523,0.6613824963569641,0.0126948170363903
SCBI,SCBI_006,2023,10,12,NEON_DP3.30026.002_bidirectional,0.8833709359169006,0.0118272807449102,0.7931718230247498,0.0296921599656343,0.8632814288139343,0.0175881441682577,0.6882156729698181,0.0195191614329814
SCBI,SCBI_006,2025,10,12,NEON_DP3.30026.002_bidirectional,0.8640090823173523,0.012110230512917,0.7192513942718506,0.0221991259604692,0.8255841732025146,0.017744181677699,0.6453714370727539,0.0155220162123441
SCBI,SCBI_007,2017,10,16,NEON_DP3.30026.002_bidirectional,0.9184821844100952,0.0104619674384593,0.5959948301315308,0.1466575115919113,0.9532842636108398,0.0383493080735206,0.534313976764679,0.1140343397855758
SCBI,SCBI_007,2022,10,16,NEON_DP3.30026.002_bidirectional,0.8963509798049927,0.0153457252308726,0.5316936373710632,0.1253706812858581,0.9169262051582336,0.0447258539497852,0.490709900856018,0.0992964655160904
SCBI,SCBI_007,2023,10,16,NEON_DP3.30026.002_bidirectional,0.8858010172843933,0.0101279532536864,0.6311826705932617,0.1166697964072227,0.9029558897018432,0.0156856849789619,0.560584306716919,0.087992638349533
SCBI,SCBI_007,2025,10,16,NEON_DP3.30026.002_bidirectional,0.8645960688591003,0.0100084310397505,0.5093865990638733,0.0872292146086692,0.8745183348655701,0.0109435776248574,0.4732190668582916,0.0699860081076622
SCBI,SCBI_008,2017,10,16,NEON_DP3.30026.002_bidirectional,0.9103853702545166,0.0095030236989259,0.5994337797164917,0.0695224031805992,0.9171948432922364,0.0136558311060071,0.5493426322937012,0.0517252422869205
SCBI,SCBI_008,2022,10,16,NEON_DP3.30026.002_bidirectional,0.893608570098877,0.0332368239760398,0.6163646578788757,0.1052769571542739,0.8917807936668396,0.0351340435445308,0.5610406994819641,0.0852134674787521
SCBI,SCBI_008,2023,10,16,NEON_DP3.30026.002_bidirectional,0.8862426280975342,0.0243498031049966,0.6406394839286804,0.1037530526518821,0.8878443837165833,0.0192498583346605,0.5747959613800049,0.081460453569889
SCBI,SCBI_008,2025,10,16,NEON_DP3.30026.002_bidirectional,0.8703294396400452,0.025770366191864,0.5851030945777893,0.0949966609477996,0.8696743845939636,0.0238416735082864,0.5332220792770386,0.0758012384176254
SCBI,SCBI_010,2017,10,16,NEON_DP3.30026.002_bidirectional,0.9300928711891174,0.0171606615185737,0.5636526346206665,0.1591023504734039,0.967517912387848,0.0452515706419944,0.5079964399337769,0.1206031739711761
SCBI,SCBI_010,2022,10,16,NEON_DP3.30026.002_bidirectional,0.9259158372879028,0.0090630482882261,0.538390576839447,0.1698336154222488,0.9570326209068298,0.0342672131955623,0.4916848540306091,0.1314471662044525
SCBI,SCBI_010,2023,10,16,NEON_DP3.30026.002_bidirectional,0.9041489362716676,0.0180313549935817,0.6033325791358948,0.156080961227417,0.9254062175750732,0.0198690928518772,0.5401946306228638,0.1175933629274368
SCBI,SCBI_010,2025,10,16,NEON_DP3.30026.002_bidirectional,0.881298840045929,0.0143127450719475,0.4902308583259582,0.1152945905923843,0.9011116027832032,0.0103286849334836,0.4559226036071777,0.0913214981555938
SCBI,SCBI_011,2017,10,16,NEON_DP3.30026.002_bidirectional,0.926439642906189,0.0047999848611652,0.628815770149231,0.0844262763857841,0.9366608262062072,0.011423947289586,0.5718819499015808,0.0641656294465065
SCBI,SCBI_011,2022,10,16,NEON_DP3.30026.002_bidirectional,0.914261758327484,0.0051517346873879,0.633459210395813,0.0800134241580963,0.9121050238609314,0.0120866782963275,0.5784633755683899,0.0588542930781841
SCBI,SCBI_011,2023,10,16,NEON_DP3.30026.002_bidirectional,0.899142861366272,0.0062631536275148,0.679724931716919,0.0707257390022277,0.8980839848518372,0.0092656603083014,0.6064887046813965,0.0513066127896308
SCBI,SCBI_011,2025,10,16,NEON_DP3.30026.002_bidirectional,0.8871808648109436,0.0067968294024467,0.5822863578796387,0.0738203898072242,0.8880025744438171,0.0101229920983314,0.5349401235580444,0.0562513507902622
SCBI,SCBI_012,2017,10,16,NEON_DP3.30026.002_bidirectional,0.8623043894767761,0.0177409127354621,0.7503702044487,0.0396702177822589,0.8273347020149231,0.0276618506759405,0.6623200178146362,0.0258650109171867
SCBI,SCBI_012,2022,10,16,NEON_DP3.30026.002_bidirectional,0.8825841546058655,0.011452741920948,0.8311570286750793,0.0313055738806724,0.8688029050827026,0.0193750672042369,0.706416130065918,0.0181852839887142
SCBI,SCBI_012,2023,10,16,NEON_DP3.30026.002_bidirectional,0.7334480285644531,0.0202548634260892,0.527285099029541,0.0278793070465326,0.6547634601593018,0.0301817432045936,0.49370276927948,0.0213492903858423
SCBI,SCBI_012,2025,10,16,NEON_DP3.30026.002_bidirectional,0.8653209805488586,0.0223272908478975,0.8316890597343445,0.066243827342987,0.8407763838768005,0.0357453450560569,0.7063161134719849,0.0401205122470855
SCBI,SCBI_013,2017,10,16,NEON_DP3.30026.002_bidirectional,0.9071944952011108,0.0120049975812435,0.6666116118431091,0.1179467663168907,0.911794364452362,0.0238036401569843,0.5950629115104675,0.0880120545625686
SCBI,SCBI_013,2022,10,16,NEON_DP3.30026.002_bidirectional,0.9251920580863952,0.0095181157812476,0.612919270992279,0.152631938457489,0.9531642198562622,0.0308353155851364,0.5514147281646729,0.1162227019667625
SCBI,SCBI_013,2023,10,16,NEON_DP3.30026.002_bidirectional,0.8661081790924072,0.0198943428695201,0.6763455271720886,0.1206483617424964,0.8595708012580872,0.0234752148389816,0.5956931114196777,0.0887987092137336
SCBI,SCBI_013,2025,10,16,NEON_DP3.30026.002_bidirectional,0.8715948462486267,0.0379935950040817,0.6418691277503967,0.1736121624708175,0.869057834148407,0.0420545563101768,0.5691753625869751,0.1296625286340713
SCBI,SCBI_014,2017,10,16,NEON_DP3.30026.002_bidirectional,0.9198319911956788,0.0108311269432306,0.6756981015205383,0.0929536074399948,0.92035710811615,0.023307517170906,0.6068395972251892,0.0719119235873222
SCBI,SCBI_014,2022,10,16,NEON_DP3.30026.002_bidirectional,0.9154500961303712,0.0056756162084639,0.6929487586021423,0.1202056184411048,0.910959005355835,0.0171386711299419,0.6188390254974365,0.0906195193529129
SCBI,SCBI_014,2023,10,16,NEON_DP3.30026.002_bidirectional,0.9086862802505492,0.0119886808097362,0.7667434215545654,0.0924753844738006,0.908265233039856,0.0143698528409004,0.6659985184669495,0.0671317353844642
SCBI,SCBI_014,2025,10,16,NEON_DP3.30026.002_bidirectional,0.8995941281318665,0.0104116117581725,0.7253730893135071,0.0909775048494339,0.8927282691001892,0.0094435755163431,0.6393289566040039,0.0674082487821579
SCBI,SCBI_015,2017,10,12,NEON_DP3.30026.002_bidirectional,0.9170063138008118,0.0067305681295692,0.5866561532020569,0.0788441449403762,0.9302485585212708,0.0083329901099205,0.538295567035675,0.0607325807213783
SCBI,SCBI_015,2022,10,12,NEON_DP3.30026.002_bidirectional,0.9107020497322084,0.0166432261466979,0.608964741230011,0.131355881690979,0.9205889701843262,0.0197645984590053,0.5521917939186096,0.0994718372821807
SCBI,SCBI_015,2023,10,12,NEON_DP3.30026.002_bidirectional,0.8943635821342468,0.0160293020308017,0.655697762966156,0.1316204071044922,0.90389746427536,0.0123671358451247,0.5810617804527283,0.0976060852408409
SCBI,SCBI_015,2025,10,12,NEON_DP3.30026.002_bidirectional,0.8787824511528015,0.0155760953202843,0.5694828629493713,0.1166798919439315,0.8876433372497559,0.0137769998982548,0.5183714032173157,0.0908281952142715
SCBI,SCBI_016,2017,10,12,NEON_DP3.30026.002_bidirectional,0.922260582447052,0.0090058706700801,0.6198965907096863,0.1401045322418213,0.944674551486969,0.0247869584709405,0.5538039803504944,0.1042733788490295
SCBI,SCBI_016,2022,10,12,NEON_DP3.30026.002_bidirectional,0.9186145663261414,0.0147365750744938,0.580902099609375,0.1861175894737243,0.9426588416099548,0.0306534953415393,0.5222626328468323,0.1352880746126175
SCBI,SCBI_016,2023,10,12,NEON_DP3.30026.002_bidirectional,0.90018630027771,0.011748650111258,0.641322135925293,0.1465906202793121,0.920821249485016,0.0163548979908227,0.5668942928314209,0.1068754345178604
SCBI,SCBI_016,2025,10,12,NEON_DP3.30026.002_bidirectional,0.8915896415710449,0.0150734772905707,0.5902733206748962,0.1522393971681594,0.9056298732757568,0.0218515712767839,0.5311329960823059,0.1122059524059295
SCBI,SCBI_017,2017,10,16,NEON_DP3.30026.002_bidirectional,0.93357515335083,0.0044048698619008,0.6690034866333008,0.0852063745260238,0.9503483772277832,0.0136255463585257,0.5967123508453369,0.0650378987193107
SCBI,SCBI_017,2022,10,16,NEON_DP3.30026.002_bidirectional,0.9232519865036012,0.0095268972218036,0.6539682149887085,0.0995930284261703,0.9340797662734984,0.0220225192606449,0.5865449905395508,0.074662260711193
SCBI,SCBI_017,2023,10,16,NEON_DP3.30026.002_bidirectional,0.913121461868286,0.0123654482886195,0.6865295767784119,0.1190763041377067,0.9295986890792848,0.0114361140877008,0.6029834747314453,0.0873037800192833
SCBI,SCBI_017,2025,10,16,NEON_DP3.30026.002_bidirectional,0.894499659538269,0.0122213913127779,0.6454788446426392,0.102476879954338,0.8945015668869019,0.0084563717246055,0.5792919397354126,0.0766896530985832
SCBI,SCBI_018,2017,10,16,NEON_DP3.30026.002_bidirectional,0.9295870065689088,0.0064994590356945,0.6169517636299133,0.1064139157533645,0.9488147497177124,0.0228756628930568,0.5604779720306396,0.0850877687335014
SCBI,SCBI_018,2022,10,16,NEON_DP3.30026.002_bidirectional,0.918556034564972,0.0123061696067452,0.6095903515815735,0.0915639623999595,0.9207040667533876,0.0285002645105123,0.5607311129570007,0.074565403163433
SCBI,SCBI_018,2023,10,16,NEON_DP3.30026.002_bidirectional,0.9060715436935424,0.0061156074516475,0.6396779417991638,0.0813893973827362,0.915916919708252,0.0132648171856999,0.5763207674026489,0.064407855272293
SCBI,SCBI_018,2025,10,16,NEON_DP3.30026.002_bidirectional,0.8902570009231567,0.01089593116194,0.5791993141174316,0.0838424116373062,0.8908650875091553,0.0147620318457484,0.5333909392356873,0.068834364414215
SCBI,SCBI_019,2017,10,16,NEON_DP3.30026.002_bidirectional,0.9159106016159058,0.0156903732568025,0.6302832365036011,0.0993983447551727,0.9221551418304444,0.0303453281521797,0.5705206394195557,0.0774045288562774
SCBI,SCBI_019,2022,10,16,NEON_DP3.30026.002_bidirectional,0.9273532629013062,0.0042703701183199,0.6784692406654358,0.0920734331011772,0.940410614013672,0.0128074325621128,0.6040295362472534,0.0674964562058448
SCBI,SCBI_019,2023,10,16,NEON_DP3.30026.002_bidirectional,0.9025079011917114,0.0063358996994793,0.6893410086631775,0.0646306648850441,0.9128701686859132,0.012434097006917,0.607879638671875,0.0486005768179893
SCBI,SCBI_019,2025,10,16,NEON_DP3.30026.002_bidirectional,0.8886857628822327,0.0101679554209113,0.5886315703392029,0.0882119983434677,0.8934375643730164,0.0191109478473663,0.5362843871116638,0.0683169588446617
SCBI,SCBI_021,2017,10,16,NEON_DP3.30026.002_bidirectional,0.9186744689941406,0.006769273430109,0.6775417327880859,0.0712471678853035,0.921844720840454,0.0174453910440206,0.607050895690918,0.0561603009700775
SCBI,SCBI_021,2022,10,16,NEON_DP3.30026.002_bidirectional,0.9186515808105468,0.0059744250029325,0.6751654744148254,0.0717439204454422,0.915772557258606,0.0147325508296489,0.6092082262039185,0.0538233667612075
SCBI,SCBI_021,2023,10,16,NEON_DP3.30026.002_bidirectional,0.906216025352478,0.0048730550333857,0.7472718358039856,0.0737372934818267,0.9087799787521362,0.009011429734528,0.6510149836540222,0.0536679737269878
SCBI,SCBI_021,2025,10,16,NEON_DP3.30026.002_bidirectional,0.8928756713867188,0.0160372275859117,0.6420430541038513,0.0859091281890869,0.8833322525024414,0.0164575427770614,0.5823432207107544,0.0662417486310005
SCBI,SCBI_022,2017,10,16,NEON_DP3.30026.002_bidirectional,0.9213457107543944,0.0168373640626668,0.5899070501327515,0.1827232986688614,0.9482117891311646,0.0517644546926021,0.5300704836845398,0.1377350687980651
SCBI,SCBI_022,2022,10,16,NEON_DP3.30026.002_bidirectional,0.9141390323638916,0.0211026780307292,0.5824596285820007,0.1506424695253372,0.9368671178817748,0.050418671220541,0.5258162021636963,0.114048808813095
SCBI,SCBI_022,2023,10,16,NEON_DP3.30026.002_bidirectional,0.9075195789337158,0.0095564667135477,0.6516522169113159,0.1579600423574447,0.9275679588317872,0.0265251081436872,0.5748651623725891,0.1159127056598663
SCBI,SCBI_022,2025,10,16,NEON_DP3.30026.002_bidirectional,0.87218177318573,0.0151337226852774,0.5117549300193787,0.1152458637952804,0.8933745622634888,0.0237921029329299,0.4695520102977752,0.0913280099630355
SCBI,SCBI_023,2017,10,16,NEON_DP3.30026.002_bidirectional,0.915434718132019,0.0249031204730272,0.6384427547454834,0.0880335420370101,0.9277234077453612,0.0320680886507034,0.5736651420593262,0.0671938359737396
SCBI,SCBI_023,2022,10,16,NEON_DP3.30026.002_bidirectional,0.914649486541748,0.0206020064651966,0.5924667119979858,0.1130726486444473,0.9272243976593018,0.0343978404998779,0.5391685962677002,0.084990844130516
SCBI,SCBI_023,2023,10,16,NEON_DP3.30026.002_bidirectional,0.8971570134162903,0.0138212824240326,0.645582914352417,0.1115679293870925,0.9148424863815308,0.0175040643662214,0.5713412761688232,0.0818522050976753
SCBI,SCBI_023,2025,10,16,NEON_DP3.30026.002_bidirectional,0.8819378018379211,0.0147278951480984,0.5702463984489441,0.1022768542170524,0.8888840675354004,0.0204978212714195,0.5196479558944702,0.07752675563097
SCBI,SCBI_033,2017,10,16,NEON_DP3.30026.002_bidirectional,0.8578406572341919,0.0531249791383743,0.6929724216461182,0.1015454828739166,0.8211385011672974,0.0754637867212295,0.6224722862243652,0.0738630592823028
SCBI,SCBI_033,2022,10,16,NEON_DP3.30026.002_bidirectional,0.887566864490509,0.0195672586560249,0.8030245304107666,0.0603065229952335,0.8651397228240967,0.0289045013487339,0.6970140933990479,0.0402094572782516
SCBI,SCBI_033,2023,10,16,NEON_DP3.30026.002_bidirectional,0.7945156693458557,0.0683202967047691,0.6108022332191467,0.1398153305053711,0.7445605993270874,0.0954725593328476,0.5513534545898438,0.0997053906321525
SCBI,SCBI_033,2025,10,16,NEON_DP3.30026.002_bidirectional,0.8557881116867065,0.0245409216731786,0.7133675813674927,0.063738964498043,0.8226179480552673,0.0357051454484462,0.6337486505508423,0.0450585521757602
SCBI,SCBI_034,2017,10,16,NEON_DP3.30026.002_bidirectional,0.8106772899627686,0.0535476468503475,0.6074384450912476,0.0749681368470192,0.7513650059700012,0.0764277428388595,0.5617246031761169,0.0568567886948585
SCBI,SCBI_034,2022,10,16,NEON_DP3.30026.002_bidirectional,0.8973347544670105,0.0106116430833935,0.7294828295707703,0.0290444605052471,0.8798983693122864,0.0162050053477287,0.650567889213562,0.019781295210123
SCBI,SCBI_034,2023,10,16,NEON_DP3.30026.002_bidirectional,0.797728419303894,0.0546164885163307,0.5887293815612793,0.0818758308887481,0.7495553493499756,0.0776953399181366,0.5384647846221924,0.0604873523116111
SCBI,SCBI_034,2025,10,16,NEON_DP3.30026.002_bidirectional,0.8504358530044556,0.0254959631711244,0.6600616574287415,0.0430326610803604,0.8126392364501953,0.0396443493664264,0.5990919470787048,0.0309024304151535
SCBI,SCBI_035,2017,10,16,NEON_DP3.30026.002_bidirectional,0.8168590068817139,0.0440043099224567,0.6346014142036438,0.0858181193470954,0.7727082371711731,0.061657216399908,0.5734603404998779,0.0633578598499298
SCBI,SCBI_035,2022,10,16,NEON_DP3.30026.002_bidirectional,0.6762638092041016,0.0411455072462558,0.4905691146850586,0.0476670674979686,0.5871140360832214,0.0545205846428871,0.4578354358673095,0.0378655679523944
SCBI,SCBI_035,2023,10,16,NEON_DP3.30026.002_bidirectional,0.806919276714325,0.0185796543955802,0.6414172053337097,0.0277915764600038,0.7588585019111633,0.0258237347006797,0.5786118507385254,0.0207998398691415
SCBI,SCBI_035,2025,10,16,NEON_DP3.30026.002_bidirectional,0.8281528353691101,0.0170470140874385,0.6894575357437134,0.0306281335651874,0.7868395447731018,0.024146769195795,0.6136091351509094,0.0218124613165855
SCBI,SCBI_038,2017,10,16,NEON_DP3.30026.002_bidirectional,0.8532260656356812,0.0281649567186832,0.7090662121772766,0.0529885254800319,0.8237751126289368,0.0403383076190948,0.6274008750915527,0.0377578660845756
SCBI,SCBI_038,2022,10,16,NEON_DP3.30026.002_bidirectional,0.8281573057174683,0.0737913995981216,0.6702993512153625,0.0934363603591919,0.7936049699783325,0.1009236723184585,0.5951409339904785,0.0704054087400436
SCBI,SCBI_038,2023,10,16,NEON_DP3.30026.002_bidirectional,0.8653566837310791,0.0360715128481388,0.7402399778366089,0.0724090263247489,0.8454543948173523,0.0520966537296772,0.645699679851532,0.0504088513553142
SCBI,SCBI_038,2025,10,16,NEON_DP3.30026.002_bidirectional,0.839009165763855,0.0804425105452537,0.7237396240234375,0.0900473222136497,0.810248076915741,0.1104130670428276,0.6311453580856323,0.0683154314756393
SCBI,SCBI_045,2017,10,16,NEON_DP3.30026.002_bidirectional,0.9248607158660888,0.0076576522551476,0.6728324890136719,0.0894793197512626,0.932715892791748,0.016534699127078,0.601996898651123,0.0665874630212783
SCBI,SCBI_045,2022,10,16,NEON_DP3.30026.002_bidirectional,0.9067370295524596,0.0113000031560659,0.6547672748565674,0.1108765602111816,0.9074391722679138,0.0234835799783468,0.5887146592140198,0.0825249701738357
SCBI,SCBI_045,2023,10,16,NEON_DP3.30026.002_bidirectional,0.909764289855957,0.0061746444553136,0.711158037185669,0.1048366650938987,0.9143598675727844,0.0115121519193053,0.6267625093460083,0.0762155055999755
SCBI,SCBI_045,2025,10,16,NEON_DP3.30026.002_bidirectional,0.8964840769767761,0.00978366099298,0.6696907877922058,0.0870574191212654,0.8995023965835571,0.0129594439640641,0.5960407257080078,0.0646561086177825
SCBI,SCBI_046,2017,10,16,NEON_DP3.30026.002_bidirectional,0.9243782758712769,0.0076882713474333,0.6187909245491028,0.0543229207396507,0.9296882152557372,0.0141775291413068,0.5668842792510986,0.0410115644335746
SCBI,SCBI_046,2022,10,16,NEON_DP3.30026.002_bidirectional,0.9172763228416444,0.0123277781531214,0.6037144660949707,0.1008597165346145,0.9246777892112732,0.0198439247906208,0.5504226088523865,0.0765750408172607
SCBI,SCBI_046,2023,10,16,NEON_DP3.30026.002_bidirectional,0.9047459363937378,0.0091707007959485,0.6504107117652893,0.1106792986392974,0.9134732484817504,0.0127851972356438,0.5809887051582336,0.0816132724285125
SCBI,SCBI_046,2025,10,16,NEON_DP3.30026.002_bidirectional,0.8940561413764954,0.0106593938544392,0.5921737551689148,0.1130581125617027,0.8997861742973328,0.0100828288123011,0.5391082763671875,0.0867387354373931
SCBI,SCBI_047,2017,10,16,NEON_DP3.30026.002_bidirectional,0.9255940914154052,0.0109503772109746,0.681603729724884,0.099804051220417,0.9360937476158142,0.0225651934742927,0.6069455146789551,0.0731584802269935
SCBI,SCBI_047,2022,10,16,NEON_DP3.30026.002_bidirectional,0.9053949117660522,0.0134189892560243,0.6002943515777588,0.1207639575004577,0.9108915328979492,0.0292068403214216,0.5476418137550354,0.0920067802071571
SCBI,SCBI_047,2023,10,16,NEON_DP3.30026.002_bidirectional,0.9031707048416138,0.0065023088827729,0.7000646591186523,0.1005160361528396,0.9149858355522156,0.0145690906792879,0.6136165261268616,0.0717984363436698
SCBI,SCBI_047,2025,10,16,NEON_DP3.30026.002_bidirectional,0.8796223402023315,0.0070097749121487,0.5957722663879395,0.0807068720459938,0.8802722096443176,0.0136149749159812,0.5419692397117615,0.0608608610928058
SCBI,SCBI_048,2017,10,16,NEON_DP3.30026.002_bidirectional,0.9274799823760986,0.0230727065354585,0.6293445825576782,0.0898420065641403,0.9450587630271912,0.039325900375843,0.5680779218673706,0.0692000836133956
SCBI,SCBI_048,2022,10,16,NEON_DP3.30026.002_bidirectional,0.9150198698043824,0.0162494555115699,0.5331382155418396,0.1209042593836784,0.9380427598953248,0.0401557423174381,0.493120938539505,0.0950282216072082
SCBI,SCBI_048,2023,10,16,NEON_DP3.30026.002_bidirectional,0.8947960734367371,0.0107404822483658,0.5995830297470093,0.0980231910943985,0.9137494564056396,0.0260000135749578,0.5396105647087097,0.0743699818849563
SCBI,SCBI_048,2025,10,16,NEON_DP3.30026.002_bidirectional,0.8813713788986206,0.0122419539839029,0.5631231665611267,0.0697636604309082,0.879948616027832,0.0176006816327571,0.5203384757041931,0.054245438426733
SCBI,SCBI_049,2017,10,16,NEON_DP3.30026.002_bidirectional,0.9230778813362122,0.0158165637403726,0.6147264242172241,0.0737868845462799,0.9304367303848268,0.0265387669205665,0.5617424845695496,0.0564967468380928
SCBI,SCBI_049,2022,10,16,NEON_DP3.30026.002_bidirectional,0.917676329612732,0.0135580981150269,0.6206426024436951,0.1062287613749504,0.925871968269348,0.0223630629479885,0.5634589791297913,0.0792000219225883
SCBI,SCBI_049,2023,10,16,NEON_DP3.30026.002_bidirectional,0.9066383838653564,0.0141479130834341,0.685141384601593,0.1023535281419754,0.9153692722320556,0.0178081523627042,0.6056264638900757,0.0736945644021034
SCBI,SCBI_049,2025,10,16,NEON_DP3.30026.002_bidirectional,0.8948771357536316,0.0117821898311376,0.6321015954017639,0.1092719808220863,0.90183287858963,0.0174693092703819,0.5669541954994202,0.0801249593496322
SCBI,SCBI_050,2017,10,16,NEON_DP3.30026.002_bidirectional,0.9214841723442078,0.0178186222910881,0.677062451839447,0.1030675843358039,0.9336180090904236,0.0240888576954603,0.6014143824577332,0.075232908129692
SCBI,SCBI_050,2022,10,16,NEON_DP3.30026.002_bidirectional,0.9127584099769592,0.0087321065366268,0.6353883743286133,0.116670548915863,0.921903669834137,0.0212631896138191,0.572220504283905,0.0853257402777671
SCBI,SCBI_050,2023,10,16,NEON_DP3.30026.002_bidirectional,0.9133484363555908,0.0091429064050316,0.7006992697715759,0.1154904291033744,0.92560613155365,0.0138217527419328,0.616037905216217,0.0818337202072143
SCBI,SCBI_050,2025,10,16,NEON_DP3.30026.002_bidirectional,0.8926677703857422,0.0068278932012617,0.635698139667511,0.0790233090519905,0.896498441696167,0.009258335456252,0.5716184973716736,0.0583163760602474
SCBI,SCBI_051,2017,10,16,NEON_DP3.30026.002_bidirectional,0.91330748796463,0.0083307437598705,0.6273875832557678,0.1088063195347786,0.9315759539604188,0.0245190858840942,0.5629374384880066,0.0845640674233436
SCBI,SCBI_051,2022,10,16,NEON_DP3.30026.002_bidirectional,0.9043083190917968,0.0184626430273056,0.5083381533622742,0.1462671458721161,0.9300836324691772,0.0526737794280052,0.4728884696960449,0.1157655492424964
SCBI,SCBI_051,2023,10,16,NEON_DP3.30026.002_bidirectional,0.8905375599861145,0.0073244245722889,0.6323879957199097,0.0890640988945961,0.903697669506073,0.0202726013958454,0.564132809638977,0.0665305852890014
SCBI,SCBI_051,2025,10,16,NEON_DP3.30026.002_bidirectional,0.8674753308296204,0.0137953367084264,0.5602589249610901,0.0793293416500091,0.873325765132904,0.02494752779603,0.511638343334198,0.0621747858822345
SCBI,SCBI_052,2017,10,16,NEON_DP3.30026.002_bidirectional,0.9355888962745668,0.0063083590939641,0.6610256433486938,0.1486126482486724,0.9520719051361084,0.0214953757822513,0.5901876091957092,0.112422689795494
SCBI,SCBI_052,2022,10,16,NEON_DP3.30026.002_bidirectional,0.9181007146835328,0.0118024861440062,0.6101096868515015,0.1029417514801025,0.9240679740905762,0.0271203741431236,0.557742178440094,0.0794336125254631
SCBI,SCBI_052,2023,10,16,NEON_DP3.30026.002_bidirectional,0.9192906022071838,0.0066688759252429,0.7264570593833923,0.1165450736880302,0.9315143823623656,0.0137863541021943,0.6350113153457642,0.0846853479743003
SCBI,SCBI_052,2025,10,16,NEON_DP3.30026.002_bidirectional,0.9002462029457092,0.0052394466474652,0.6398906707763672,0.0835177600383758,0.9010728597640992,0.0094249527901411,0.578031063079834,0.0638727471232414
SCBI,SCBI_053,2017,10,12,NEON_DP3.30026.002_bidirectional,0.9146696925163268,0.0203820783644914,0.5741788148880005,0.0765388906002044,0.9198642373085022,0.0319725163280963,0.5302502512931824,0.0583530738949775
SCBI,SCBI_053,2022,10,12,NEON_DP3.30026.002_bidirectional,0.9158962368965148,0.0088355392217636,0.5896599888801575,0.0914093628525734,0.9200509190559388,0.017842723056674,0.5438118577003479,0.0699884891510009
SCBI,SCBI_053,2023,10,12,NEON_DP3.30026.002_bidirectional,0.90824156999588,0.0103121344000101,0.6522576808929443,0.0985820218920707,0.913267195224762,0.0131165469065308,0.5864406228065491,0.0720252841711044
SCBI,SCBI_053,2025,10,12,NEON_DP3.30026.002_bidirectional,0.8889463543891907,0.0145482551306486,0.618552029132843,0.111053854227066,0.8856726288795471,0.0181001927703619,0.561812162399292,0.0830801501870155
SCBI,SCBI_054,2017,10,16,NEON_DP3.30026.002_bidirectional,0.9358815550804138,0.0051828562282025,0.686843752861023,0.130364641547203,0.9518147706985474,0.0188839118927717,0.6083071827888489,0.0981202200055122
SCBI,SCBI_054,2022,10,16,NEON_DP3.30026.002_bidirectional,0.9185420274734496,0.0108204744756221,0.6241798996925354,0.1499426513910293,0.9344215393066406,0.0324790216982364,0.5612984299659729,0.1136133074760437
SCBI,SCBI_054,2023,10,16,NEON_DP3.30026.002_bidirectional,0.9171486496925354,0.0077650183811783,0.712897539138794,0.1465640217065811,0.9362462759017944,0.0156825222074985,0.6207513809204102,0.1059109643101692
SCBI,SCBI_054,2025,10,16,NEON_DP3.30026.002_bidirectional,0.9002123475074768,0.0107124438509345,0.6233482956886292,0.1209189742803573,0.9071714282035828,0.0149657726287841,0.5623951554298401,0.0922509953379631
SCBI,SCBI_055,2017,10,12,NEON_DP3.30026.002_bidirectional,0.9284853339195251,0.0090097272768616,0.6488518118858337,0.0992903336882591,0.9381341338157654,0.0203229635953903,0.5849324464797974,0.0750209093093872
SCBI,SCBI_055,2022,10,12,NEON_DP3.30026.002_bidirectional,0.9091469645500184,0.0263945385813713,0.6331819891929626,0.0829194411635398,0.916942059993744,0.0334462486207485,0.5702802538871765,0.0612507611513137
SCBI,SCBI_055,2023,10,12,NEON_DP3.30026.002_bidirectional,0.9009513854980468,0.0157309398055076,0.676344633102417,0.0747977867722511,0.9018518328666688,0.020759368315339,0.6032508611679077,0.0547682717442512
SCBI,SCBI_055,2025,10,12,NEON_DP3.30026.002_bidirectional,0.8928777575492859,0.0076749790459871,0.5967028737068176,0.062793955206871,0.894068717956543,0.0126720676198601,0.546089231967926,0.0475470684468746
SCBI,SCBI_056,2017,10,16,NEON_DP3.30026.002_bidirectional,0.9244241118431092,0.0131955593824386,0.668088436126709,0.1276184618473053,0.9337543249130248,0.0226327311247587,0.5978968143463135,0.0924423485994339
SCBI,SCBI_056,2022,10,16,NEON_DP3.30026.002_bidirectional,0.9017205834388732,0.0217923447489738,0.5731529593467712,0.1182634681463241,0.9107813835144044,0.0288825910538434,0.5262272953987122,0.0932791754603385
SCBI,SCBI_056,2023,10,16,NEON_DP3.30026.002_bidirectional,0.8918542861938477,0.0209052897989749,0.6484653949737549,0.1263719648122787,0.906612515449524,0.0179922096431255,0.5749295949935913,0.0961027592420578
SCBI,SCBI_056,2025,10,16,NEON_DP3.30026.002_bidirectional,0.8749389052391052,0.0092084389179945,0.5628537535667419,0.1004673838615417,0.8702794909477234,0.0111384643241763,0.5193412899971008,0.0789934992790222
SCBI,SCBI_057,2017,10,16,NEON_DP3.30026.002_bidirectional,0.9252111315727234,0.0135253649204969,0.6226946711540222,0.0759272277355194,0.9317827820777892,0.0166828501969575,0.5700957179069519,0.0579663589596748
SCBI,SCBI_057,2022,10,16,NEON_DP3.30026.002_bidirectional,0.9135555028915404,0.0113624585792422,0.5959452390670776,0.070822924375534,0.9114395976066588,0.014399129897356,0.5523704290390015,0.0547822751104831
SCBI,SCBI_057,2023,10,16,NEON_DP3.30026.002_bidirectional,0.9117853045463562,0.0071414397098124,0.6459435820579529,0.055376224219799,0.9142262935638428,0.0116353910416364,0.5861946940422058,0.0424611642956733
SCBI,SCBI_057,2025,10,16,NEON_DP3.30026.002_bidirectional,0.8937498927116394,0.0074872337281703,0.5823445916175842,0.0501805283129215,0.8931663036346436,0.0096026137471199,0.5380703806877136,0.0387195087969303
SCBI,SCBI_058,2017,10,16,NEON_DP3.30026.002_bidirectional,0.9186631441116332,0.0086421212181448,0.6258756518363953,0.0756345763802528,0.922575056552887,0.0144186746329069,0.5702528953552246,0.057216078042984
SCBI,SCBI_058,2022,10,16,NEON_DP3.30026.002_bidirectional,0.90219247341156,0.0098838983103632,0.5760570168495178,0.0919641703367233,0.9026169776916504,0.0217046346515417,0.5330094695091248,0.0728416442871093
SCBI,SCBI_058,2023,10,16,NEON_DP3.30026.002_bidirectional,0.9102261066436768,0.0093115475028753,0.657680332660675,0.0807555094361305,0.9179120063781738,0.0136877270415425,0.5903547406196594,0.0608499385416507
SCBI,SCBI_058,2025,10,16,NEON_DP3.30026.002_bidirectional,0.8950594663619995,0.0098146423697471,0.6243528127670288,0.0530775412917137,0.8940687775611877,0.0129258194938302,0.5677262544631958,0.0411557927727699
SCBI,SCBI_061,2017,10,16,NEON_DP3.30026.002_bidirectional,0.9296034574508668,0.0095831351354718,0.6222767233848572,0.1076041609048843,0.943154752254486,0.0226905923336744,0.5657864809036255,0.0834284871816635
SCBI,SCBI_061,2022,10,16,NEON_DP3.30026.002_bidirectional,0.9125656485557556,0.0125955110415816,0.6492573022842407,0.0861723721027374,0.915271520614624,0.0224957112222909,0.5858692526817322,0.0645006522536277
SCBI,SCBI_061,2023,10,16,NEON_DP3.30026.002_bidirectional,0.9141345620155334,0.0072129969485104,0.6870938539505005,0.0785506889224052,0.9205287098884584,0.0137274796143174,0.6120699644088745,0.0581004731357097
SCBI,SCBI_061,2025,10,16,NEON_DP3.30026.002_bidirectional,0.8890460133552551,0.0087664602324366,0.6495079398155212,0.0619044452905654,0.8796554207801819,0.0144438473507761,0.5875318646430969,0.0462120994925498
SCBI,SCBI_062,2017,10,16,NEON_DP3.30026.002_bidirectional,0.919097900390625,0.0188585836440324,0.5943244099617004,0.1045556813478469,0.9359566569328308,0.0402337312698364,0.5418750643730164,0.0847590640187263
SCBI,SCBI_062,2022,10,16,NEON_DP3.30026.002_bidirectional,0.9001967310905457,0.0225619468837976,0.5349715948104858,0.1253997087478637,0.919855773448944,0.04143076390028,0.4945660829544067,0.1035206615924835
SCBI,SCBI_062,2023,10,16,NEON_DP3.30026.002_bidirectional,0.8933230638504028,0.022922309115529,0.6255751252174377,0.0992053300142288,0.910110890865326,0.0225864928215742,0.5599067211151123,0.0790283232927322
SCBI,SCBI_062,2025,10,16,NEON_DP3.30026.002_bidirectional,0.8836826682090759,0.0141988918185234,0.5775945782661438,0.0890644714236259,0.8959726095199585,0.0154440784826874,0.5255095958709717,0.0711772665381431
SCBI,SCBI_063,2017,10,16,NEON_DP3.30026.002_bidirectional,0.921781837940216,0.0055664582177996,0.6496503949165344,0.0994703769683837,0.931797981262207,0.0177306085824966,0.5850701332092285,0.0751954615116119
SCBI,SCBI_063,2022,10,16,NEON_DP3.30026.002_bidirectional,0.907792329788208,0.0108391176909208,0.6220335960388184,0.0825919657945633,0.908193051815033,0.0214801356196403,0.567715048789978,0.0601960234344005
SCBI,SCBI_063,2023,10,16,NEON_DP3.30026.002_bidirectional,0.8965154886245728,0.004631551913917,0.6606584787368774,0.0714311599731445,0.8990786671638489,0.0107384035363793,0.5910060405731201,0.051275584846735
SCBI,SCBI_063,2025,10,16,NEON_DP3.30026.002_bidirectional,0.8769175410270691,0.0077171917073428,0.5755371451377869,0.0657052919268608,0.8773972988128662,0.0119408695027232,0.5277014374732971,0.0488505326211452
SCBI,SCBI_064,2017,10,16,NEON_DP3.30026.002_bidirectional,0.9072790741920472,0.0262025762349367,0.5915142297744751,0.0780587866902351,0.9163331389427184,0.0338346734642982,0.5413323044776917,0.0612131617963314
SCBI,SCBI_064,2022,10,16,NEON_DP3.30026.002_bidirectional,0.9011382460594176,0.0171166639775037,0.6396463513374329,0.0808430686593055,0.901527225971222,0.0273658353835344,0.577631950378418,0.0597186796367168
SCBI,SCBI_064,2023,10,16,NEON_DP3.30026.002_bidirectional,0.8989903330802917,0.0106654614210128,0.6606446504592896,0.0680669844150543,0.903643786907196,0.0174513235688209,0.5906659960746765,0.0496091023087501
SCBI,SCBI_064,2025,10,16,NEON_DP3.30026.002_bidirectional,0.887266218662262,0.0085564004257321,0.612541675567627,0.0645222291350364,0.8885389566421509,0.0141683304682374,0.5560389757156372,0.0477261468768119
SCBI,SCBI_066,2017,10,16,NEON_DP3.30026.002_bidirectional,0.9234501719474792,0.0080739120021462,0.6182852983474731,0.1299678087234497,0.943904995918274,0.0239480510354042,0.556036114692688,0.0975646078586578
SCBI,SCBI_066,2022,10,16,NEON_DP3.30026.002_bidirectional,0.9222387075424194,0.0080618485808372,0.6054669618606567,0.131946712732315,0.9469216465950012,0.0274392589926719,0.5453656911849976,0.100332573056221
SCBI,SCBI_066,2023,10,16,NEON_DP3.30026.002_bidirectional,0.9038015604019164,0.0068765245378017,0.67453932762146,0.1067714765667915,0.921259343624115,0.0129051534458994,0.5931457877159119,0.0793343186378479
SCBI,SCBI_066,2025,10,16,NEON_DP3.30026.002_bidirectional,0.8846341967582703,0.0098427841439843,0.6192178726196289,0.1058840453624725,0.8983399868011475,0.0160074569284915,0.552487313747406,0.0813159346580505
SCBI,SCBI_067,2017,10,16,NEON_DP3.30026.002_bidirectional,0.9240046739578248,0.0111044105142354,0.5635842084884644,0.1419249773025512,0.9534608721733092,0.043770533055067,0.5156988501548767,0.1117301434278488
SCBI,SCBI_067,2022,10,16,NEON_DP3.30026.002_bidirectional,0.9090234041213988,0.0149310305714607,0.5578007102012634,0.1025289222598075,0.9209333658218384,0.0379539169371128,0.5170294642448425,0.0811295807361602
SCBI,SCBI_067,2023,10,16,NEON_DP3.30026.002_bidirectional,0.8962576389312744,0.0063355080783367,0.6417214274406433,0.0735315009951591,0.9067537188529968,0.0168562158942222,0.5746030807495117,0.0540164522826671
SCBI,SCBI_067,2025,10,16,NEON_DP3.30026.002_bidirectional,0.8701016902923584,0.0049998271279037,0.5414178967475891,0.0620046108961105,0.868504524230957,0.008019445464015,0.5026810169219971,0.048159833997488
SCBI,SCBI_071,2017,10,16,NEON_DP3.30026.002_bidirectional,0.9284812808036804,0.0082052713260054,0.6262994408607483,0.1309845745563507,0.9502708315849304,0.025860721245408,0.5603179335594177,0.0989549979567527
SCBI,SCBI_071,2022,10,16,NEON_DP3.30026.002_bidirectional,0.9154665470123292,0.0127702290192246,0.6190517544746399,0.1243158876895904,0.9341186881065368,0.0281278528273105,0.5534091591835022,0.0943037718534469
SCBI,SCBI_071,2023,10,16,NEON_DP3.30026.002_bidirectional,0.9118313789367676,0.0117905521765351,0.7286081910133362,0.1269789338111877,0.9283761978149414,0.0135150784626603,0.629176914691925,0.0929360389709472
SCBI,SCBI_071,2025,10,16,NEON_DP3.30026.002_bidirectional,0.8673727512359619,0.0315419994294643,0.5590016841888428,0.1512558609247207,0.8798743486404419,0.0273011308163404,0.5048888921737671,0.1199136152863502
SERC,SERC_001,2022,10,16,NEON_DP3.30026.002_bidirectional,0.9293646216392516,0.0091697229072451,0.5990756154060364,0.049141302704811,0.9143160581588744,0.0116532687097787,0.5647035837173462,0.037948191165924
SERC,SERC_001,2025,10,16,NEON_DP3.30026.002_bidirectional,0.9144132733345032,0.0054198210127651,0.602471649646759,0.048404037952423,0.8953258395195007,0.0088600628077983,0.5649346113204956,0.0370441228151321
SERC,SERC_002,2022,10,16,NEON_DP3.30026.002_bidirectional,0.9200443625450134,0.0103079741820693,0.6675922870635986,0.1044253185391426,0.912863790988922,0.0173027068376541,0.6034510135650635,0.0758171379566192
SERC,SERC_002,2025,10,16,NEON_DP3.30026.002_bidirectional,0.9185046553611756,0.0065402169711887,0.5997730493545532,0.1010682508349418,0.9067697525024414,0.010889227502048,0.5579089522361755,0.0779581144452095
SERC,SERC_003,2022,10,16,NEON_DP3.30026.002_bidirectional,0.931208074092865,0.0136420335620641,0.6423061490058899,0.1026026904582977,0.9190672636032104,0.0221018772572278,0.5915908813476562,0.07907085865736
SERC,SERC_003,2025,10,16,NEON_DP3.30026.002_bidirectional,0.921942949295044,0.0066196341067552,0.6264928579330444,0.0967473685741424,0.9053989052772522,0.0119471903890371,0.5801251530647278,0.07565588504076
SERC,SERC_004,2022,10,16,NEON_DP3.30026.002_bidirectional,0.907397449016571,0.0101460888981819,0.6030125617980957,0.0512574538588523,0.8911641836166382,0.0138779412955045,0.5634447336196899,0.038830816745758
SERC,SERC_004,2025,10,16,NEON_DP3.30026.002_bidirectional,0.9022861123085022,0.0070115695707499,0.5987403392791748,0.0736665576696395,0.8811725378036499,0.0109527306631207,0.558815062046051,0.0559376552700996
SERC,SERC_005,2022,10,16,NEON_DP3.30026.002_bidirectional,0.90723317861557,0.0163491480052471,0.6454046368598938,0.0905081555247306,0.8893997073173523,0.0231486596167087,0.590951681137085,0.0661834627389907
SERC,SERC_005,2025,10,16,NEON_DP3.30026.002_bidirectional,0.911803901195526,0.0059857214801013,0.6136154532432556,0.0952742844820022,0.8943616151809692,0.0100632458925247,0.5684942007064819,0.0724571719765663
SERC,SERC_006,2022,10,16,NEON_DP3.30026.002_bidirectional,0.9171063899993896,0.0075994641520082,0.6306487321853638,0.0638176575303077,0.8989941477775574,0.0109688732773065,0.586185097694397,0.048280730843544
SERC,SERC_006,2025,10,16,NEON_DP3.30026.002_bidirectional,0.9050514101982116,0.0068927477113902,0.6181526184082031,0.0785333737730979,0.8844597935676575,0.0093986354768276,0.5743563771247864,0.0600289851427078
SERC,SERC_007,2022,10,16,NEON_DP3.30026.002_bidirectional,0.4866985380649566,0.03995281457901,0.2960218489170074,0.0282481219619512,0.3106729388236999,0.0476135350763797,0.307662159204483,0.0269728582352399
SERC,SERC_007,2025,10,16,NEON_DP3.30026.002_bidirectional,0.3154124319553375,0.027575097978115,0.1938129365444183,0.0114977173507213,0.0849955826997757,0.0322202816605567,0.2184314727783203,0.0108845690265297
SERC,SERC_008,2022,10,16,NEON_DP3.30026.002_bidirectional,0.3451615869998932,0.0161717291921377,0.2209516316652298,0.0123092057183384,0.1497815549373626,0.0190670546144247,0.2326797097921371,0.0117253381758928
SERC,SERC_008,2025,10,16,NEON_DP3.30026.002_bidirectional,0.5757728815078735,0.0583012662827968,0.4102332592010498,0.062761478126049,0.4162773489952087,0.0757244750857353,0.4111990332603454,0.052611656486988
SERC,SERC_009,2022,10,16,NEON_DP3.30026.002_bidirectional,0.9203081130981444,0.0134953167289495,0.609699547290802,0.079054556787014,0.9145016074180604,0.0193209517747163,0.56363844871521,0.0596366934478282
SERC,SERC_009,2025,10,16,NEON_DP3.30026.002_bidirectional,0.8907080292701721,0.0117446379736065,0.6022717952728271,0.0915481895208358,0.8780492544174194,0.022771717980504,0.552425742149353,0.0715155526995658
SERC,SERC_010,2022,10,16,NEON_DP3.30026.002_bidirectional,0.923241376876831,0.0086222542449831,0.6301469802856445,0.0638694763183593,0.9146363139152528,0.0143626993522048,0.5812468528747559,0.0481374785304069
SERC,SERC_010,2025,10,16,NEON_DP3.30026.002_bidirectional,0.9085310101509094,0.0042662071064114,0.6008017659187317,0.0676920562982559,0.8891284465789795,0.0057263122871518,0.5610235929489136,0.0528431609272956
SERC,SERC_011,2022,10,16,NEON_DP3.30026.002_bidirectional,0.9045202732086182,0.0097429463639855,0.613694965839386,0.0509954765439033,0.8860656023025513,0.0138681447133421,0.5706999897956848,0.0387322902679443
SERC,SERC_011,2025,10,16,NEON_DP3.30026.002_bidirectional,0.8990471959114075,0.0105055226013064,0.6555989980697632,0.0349504351615905,0.8739281296730042,0.0139303756877779,0.6025981307029724,0.0260337796062231
SERC,SERC_012,2022,10,16,NEON_DP3.30026.002_bidirectional,0.9251964688301086,0.0109670320525765,0.6563442945480347,0.0501146502792835,0.9114022254943848,0.0144399395212531,0.60560142993927,0.0364605113863945
SERC,SERC_012,2025,10,16,NEON_DP3.30026.002_bidirectional,0.9050126671791076,0.0090449880808591,0.659537136554718,0.1335017532110214,0.8905135989189148,0.0093583604320883,0.5968104600906372,0.099268764257431
SERC,SERC_013,2022,10,16,NEON_DP3.30026.002_bidirectional,0.92049902677536,0.0291161201894283,0.6332550048828125,0.1085702553391456,0.9079554677009584,0.0376943424344062,0.5814447999000549,0.0794809982180595
SERC,SERC_013,2025,10,16,NEON_DP3.30026.002_bidirectional,0.9005662798881531,0.0162829309701919,0.6509169936180115,0.0896099433302879,0.877325177192688,0.025629760697484,0.595920741558075,0.0649910569190979
SERC,SERC_014,2022,10,16,NEON_DP3.30026.002_bidirectional,0.9151840806007384,0.0144571596756577,0.6154688596725464,0.0411159358918666,0.8912867307662964,0.0214769355952739,0.5773873329162598,0.0321930535137653
SERC,SERC_014,2025,10,16,NEON_DP3.30026.002_bidirectional,0.9004992842674255,0.0086194444447755,0.6354813575744629,0.0373888500034809,0.8758795261383057,0.0147066442295908,0.5886082053184509,0.0285477451980114
SERC,SERC_016,2022,10,16,NEON_DP3.30026.002_bidirectional,0.9221447110176086,0.0089436629787087,0.6833285689353943,0.0533523820340633,0.9077281355857848,0.012610356323421,0.6235963106155396,0.0394934602081775
SERC,SERC_016,2025,10,16,NEON_DP3.30026.002_bidirectional,0.9171631336212158,0.0044203149154782,0.6568074226379395,0.0690324455499649,0.8985632658004761,0.0060425791889429,0.6040592789649963,0.0523563884198665
SERC,SERC_017,2022,10,16,NEON_DP3.30026.002_bidirectional,0.9284218549728394,0.0061446316540241,0.6309865713119507,0.0667356848716735,0.9171451926231384,0.0105870692059397,0.5830496549606323,0.0508973449468612
SERC,SERC_017,2025,10,16,NEON_DP3.30026.002_bidirectional,0.906657874584198,0.0064033800736069,0.6179817318916321,0.0563410148024559,0.8859577178955078,0.0101280184462666,0.5725583434104919,0.0435635596513748
SERC,SERC_018,2022,10,16,NEON_DP3.30026.002_bidirectional,0.3677458763122558,0.0140417218208312,0.1903600096702575,0.0054919905960559,0.1757297366857528,0.0169776771217584,0.204521968960762,0.0057497136294841
SERC,SERC_018,2025,10,16,NEON_DP3.30026.002_bidirectional,0.5311902761459351,0.0424649715423584,0.2782332003116607,0.0316874235868454,0.3587867021560669,0.0553498677909374,0.2945446074008941,0.0295976251363754
SERC,SERC_019,2022,10,16,NEON_DP3.30026.002_bidirectional,0.9058905839920044,0.010655166581273,0.6065570712089539,0.0465000942349433,0.8905730247497559,0.014316102489829,0.5646061897277832,0.0353883579373359
SERC,SERC_019,2025,10,16,NEON_DP3.30026.002_bidirectional,0.9093673825263976,0.0097616743296384,0.6184868812561035,0.0725116059184074,0.8878331780433655,0.0154276145622134,0.5759108662605286,0.0557324066758155
SERC,SERC_021,2022,10,16,NEON_DP3.30026.002_bidirectional,0.9062394499778748,0.0092820292338728,0.6098657846450806,0.0447668507695198,0.8930937051773071,0.0124020520597696,0.566088080406189,0.033504981547594
SERC,SERC_021,2025,10,16,NEON_DP3.30026.002_bidirectional,0.9040856957435608,0.0043104132637381,0.6173560619354248,0.052760761231184,0.8873693943023682,0.0067601236514747,0.5717847347259521,0.0392988622188568
SERC,SERC_022,2022,10,16,NEON_DP3.30026.002_bidirectional,0.9200855493545532,0.0053781867027282,0.6426267623901367,0.0386749505996704,0.9063351154327391,0.0082763284444808,0.59342360496521,0.0272358898073434
SERC,SERC_022,2025,10,16,NEON_DP3.30026.002_bidirectional,0.9123488664627076,0.0073351971805095,0.6234838366508484,0.0964971333742141,0.8938252329826355,0.0149991270154714,0.5781129598617554,0.075597234070301
SERC,SERC_043,2022,10,16,NEON_DP3.30026.002_bidirectional,0.9250224232673644,0.0088979033753275,0.662255048751831,0.0787959620356559,0.9184994101524352,0.0153119228780269,0.6028977632522583,0.0572414323687553
SERC,SERC_043,2025,10,16,NEON_DP3.30026.002_bidirectional,0.9173800945281982,0.0135890264064073,0.6487005352973938,0.1061023771762847,0.9105491042137146,0.0174928568303585,0.5919160842895508,0.080978125333786
SERC,SERC_044,2022,10,16,NEON_DP3.30026.002_bidirectional,0.9242270588874816,0.0059908172115683,0.645693838596344,0.0664192214608192,0.9113168120384216,0.0100723756477236,0.5955479145050049,0.0495394803583622
SERC,SERC_044,2025,10,16,NEON_DP3.30026.002_bidirectional,0.9177116751670836,0.0083835339173674,0.6041310429573059,0.0814884305000305,0.9021557569503784,0.0114396847784519,0.5622445344924927,0.0627956017851829
SERC,SERC_045,2022,10,16,NEON_DP3.30026.002_bidirectional,0.9223687648773192,0.0081885140389204,0.7195726037025452,0.0419421084225177,0.9122897982597352,0.0125854946672916,0.6456243991851807,0.0297797694802284
SERC,SERC_045,2025,10,16,NEON_DP3.30026.002_bidirectional,0.9105777144432068,0.0080926930531859,0.6983839273452759,0.0648901537060737,0.8930156826972961,0.0117288092151284,0.630777895450592,0.0460522584617137
SERC,SERC_046,2022,10,16,NEON_DP3.30026.002_bidirectional,0.9276660084724426,0.0056694597005844,0.7568410038948059,0.0420033223927021,0.9186132550239564,0.0080000320449471,0.672157883644104,0.0287924967706203
SERC,SERC_046,2025,10,16,NEON_DP3.30026.002_bidirectional,0.9319435358047484,0.0038662157021462,0.6919246315956116,0.0349611565470695,0.9222280979156494,0.0054114195518195,0.6301271319389343,0.0246969833970069
SERC,SERC_047,2022,10,16,NEON_DP3.30026.002_bidirectional,0.917711615562439,0.015520067885518,0.6615054607391357,0.0931113138794899,0.9110348224639891,0.0201757587492465,0.6006210446357727,0.0700026601552963
SERC,SERC_047,2025,10,16,NEON_DP3.30026.002_bidirectional,0.9028645157814026,0.016425721347332,0.6512830257415771,0.1271700263023376,0.890135645866394,0.0176171399652957,0.5905436277389526,0.0970242917537689
SERC,SERC_048,2022,10,16,NEON_DP3.30026.002_bidirectional,0.9118714332580566,0.0079330634325742,0.5308825969696045,0.1087934449315071,0.9086540341377258,0.0171302407979965,0.5023833513259888,0.0847657769918441
SERC,SERC_048,2025,10,16,NEON_DP3.30026.002_bidirectional,0.9081964492797852,0.0040224147960543,0.6523890495300293,0.1098664328455925,0.8894667029380798,0.0091938627883791,0.5971287488937378,0.0827700942754745
SERC,SERC_049,2022,10,16,NEON_DP3.30026.002_bidirectional,0.9219672679901124,0.009298532269895,0.6945145130157471,0.0852963626384735,0.9130646586418152,0.0140485810115933,0.6263170838356018,0.0610809475183486
SERC,SERC_049,2025,10,16,NEON_DP3.30026.002_bidirectional,0.9058592915534972,0.0117250299081206,0.655712902545929,0.1015217527747154,0.8960541486740112,0.0197141524404287,0.5945523381233215,0.0734407901763916
SERC,SERC_050,2022,10,16,NEON_DP3.30026.002_bidirectional,0.9085920453071594,0.0206759814172983,0.6456266641616821,0.0308751910924911,0.8906134963035583,0.0264065098017454,0.5945128202438354,0.0240358542650938
SERC,SERC_050,2025,10,16,NEON_DP3.30026.002_bidirectional,0.8954015374183655,0.0136301005259156,0.6620764136314392,0.0909372791647911,0.8763972520828247,0.0206488538533449,0.600850522518158,0.0682620406150817
SERC,SERC_051,2022,10,16,NEON_DP3.30026.002_bidirectional,0.9183642864227296,0.0136998044326901,0.6806357502937317,0.0483021736145019,0.9064745306968688,0.0167555063962936,0.6190052628517151,0.0372498631477355
SERC,SERC_051,2025,10,16,NEON_DP3.30026.002_bidirectional,0.8934292793273926,0.0150979906320571,0.69758540391922,0.0804700180888176,0.8687416315078735,0.0211851615458726,0.6266045570373535,0.0586281567811965
SERC,SERC_052,2022,10,16,NEON_DP3.30026.002_bidirectional,0.9083465933799744,0.004961865954101,0.6584967374801636,0.0318664126098156,0.892645001411438,0.0066182203590869,0.6029918789863586,0.0232290551066398
SERC,SERC_052,2025,10,16,NEON_DP3.30026.002_bidirectional,0.9119374752044678,0.0059838383458554,0.6952103972434998,0.0757588073611259,0.8978267312049866,0.0086266407743096,0.6276994943618774,0.051895871758461
SERC,SERC_053,2022,10,16,NEON_DP3.30026.002_bidirectional,0.9117164015769958,0.0082958340644836,0.6979162096977234,0.0427518039941787,0.8985738754272461,0.0112248426303267,0.6301242709159851,0.0304045379161834
SERC,SERC_053,2025,10,16,NEON_DP3.30026.002_bidirectional,0.9014567732810974,0.0100815817713737,0.6335670351982117,0.0495584048330783,0.8761880397796631,0.014608971774578,0.588688850402832,0.036485806107521
SERC,SERC_054,2022,10,8,NEON_DP3.30026.002_bidirectional,0.9261645078659058,0.010308600962162,0.648870587348938,0.0278737060725688,0.91506427526474,0.0138153918087482,0.5991599559783936,0.0217634662985801
SERC,SERC_054,2025,10,8,NEON_DP3.30026.002_bidirectional,0.893530547618866,0.0056955153122544,0.6428232192993164,0.067948542535305,0.8640719652175903,0.0101049905642867,0.5941182374954224,0.0525422096252441
SERC,SERC_055,2022,10,16,NEON_DP3.30026.002_bidirectional,0.9337311387062072,0.0119846081361174,0.7337940335273743,0.0750869810581207,0.9288166761398317,0.0157476291060447,0.6540682911872864,0.053859282284975
SERC,SERC_055,2025,10,16,NEON_DP3.30026.002_bidirectional,0.9180536270141602,0.0074090007692575,0.6757006645202637,0.087930291891098,0.9054178595542908,0.0102297728881239,0.6123465895652771,0.0634033381938934
SERC,SERC_056,2022,10,16,NEON_DP3.30026.002_bidirectional,0.9148555994033812,0.0109644839540123,0.6593384742736816,0.0448182076215744,0.9007887840270996,0.0154362199828028,0.6044316291809082,0.0319278761744499
SERC,SERC_056,2025,10,16,NEON_DP3.30026.002_bidirectional,0.9061028361320496,0.0066496720537543,0.6660979986190796,0.1000128239393234,0.8890010714530945,0.0141260623931884,0.6050064563751221,0.0758718475699424
SERC,SERC_057,2022,10,16,NEON_DP3.30026.002_bidirectional,0.9114195108413696,0.0168360490351915,0.7555157542228699,0.0661901608109474,0.8949291706085205,0.0243096593767404,0.6700403690338135,0.0445533618330955
SERC,SERC_057,2025,10,16,NEON_DP3.30026.002_bidirectional,0.9149766564369202,0.0089571131393313,0.7233023643493652,0.0690072625875473,0.8999710083007812,0.0149768106639385,0.6490135788917542,0.047512974590063
SERC,SERC_058,2022,10,16,NEON_DP3.30026.002_bidirectional,0.9328643679618835,0.0095092626288533,0.7432947158813477,0.079866774380207,0.9287615418434144,0.0140854232013225,0.6606962084770203,0.0554651133716106
SERC,SERC_058,2025,10,16,NEON_DP3.30026.002_bidirectional,0.9152306914329528,0.0116574559360742,0.721363365650177,0.0806306302547454,0.8982328772544861,0.016725406050682,0.6471996903419495,0.0575937069952487
SERC,SERC_059,2022,10,16,NEON_DP3.30026.002_bidirectional,0.9100796580314636,0.0080204298719763,0.6336491107940674,0.044760912656784,0.8926962614059448,0.011640315875411,0.5861688256263733,0.0326010696589946
SERC,SERC_059,2025,10,16,NEON_DP3.30026.002_bidirectional,0.903433084487915,0.0106903379783034,0.6179099082946777,0.069931574165821,0.8812267184257507,0.0162099823355674,0.5733384490013123,0.0534102991223335
SERC,SERC_060,2022,10,16,NEON_DP3.30026.002_bidirectional,0.9131394028663636,0.0110020507127046,0.649209201335907,0.0702112689614296,0.9013340473175048,0.0176680851727724,0.5942848920822144,0.0548326820135116
SERC,SERC_060,2025,10,16,NEON_DP3.30026.002_bidirectional,0.9018470644950868,0.0101848151534795,0.6234965920448303,0.0939992293715477,0.8840391635894775,0.014103727415204,0.5751298666000366,0.0721040740609169
SERC,SERC_061,2022,10,16,NEON_DP3.30026.002_bidirectional,0.3383781015872955,0.3123510777950287,0.2153403162956237,0.2171009629964828,0.1735740303993225,0.3836336731910705,0.2115660458803177,0.1995100378990173
SERC,SERC_061,2025,10,16,NEON_DP3.30026.002_bidirectional,0.6325401067733765,0.2103165984153747,0.3520823419094085,0.1549898236989975,0.5605401992797852,0.2125053405761718,0.3394231498241424,0.1467591524124145
SERC,SERC_062,2022,10,16,NEON_DP3.30026.002_bidirectional,0.91777241230011,0.007226200774312,0.6893085837364197,0.0697950199246406,0.9097080826759338,0.0105341915041208,0.6214550137519836,0.0500138290226459
SERC,SERC_062,2025,10,16,NEON_DP3.30026.002_bidirectional,0.903090238571167,0.0060024680569767,0.6833458542823792,0.0739731267094612,0.8836248517036438,0.0082078101113438,0.6183587312698364,0.0531385764479637
SERC,SERC_067,2022,10,16,NEON_DP3.30026.002_bidirectional,0.9116626977920532,0.0169722232967615,0.6702221035957336,0.0570650696754455,0.8966940641403198,0.025886882096529,0.6100555062294006,0.0411586463451385
SERC,SERC_067,2025,10,16,NEON_DP3.30026.002_bidirectional,0.8931310772895813,0.0083135487511754,0.6968934535980225,0.1136241108179092,0.8684931993484497,0.013471788726747,0.6256821751594543,0.0833328664302825
SERC,SERC_073,2022,10,16,NEON_DP3.30026.002_bidirectional,0.9092136025428772,0.007475855294615,0.6726658344268799,0.0855082646012306,0.8950635194778442,0.0118500478565692,0.6104001402854919,0.0639018267393112
SERC,SERC_073,2025,10,16,NEON_DP3.30026.002_bidirectional,0.9028812646865844,0.0072750975377857,0.629700243473053,0.0650449320673942,0.8866789937019348,0.0098103461787104,0.579668402671814,0.0511274486780166
SOAP,SOAP_001,2018,10,16,NEON_DP3.30026.002_bidirectional,0.7590184211730957,0.0461485162377357,0.3984854221343994,0.0821715593338012,0.7131012082099915,0.0616709664463996,0.3784289956092834,0.0674368143081665
SOAP,SOAP_001,2023,10,16,NEON_DP3.30026.002_bidirectional,0.7866167426109314,0.0401825159788131,0.4247984588146209,0.0655021741986274,0.7625342607498169,0.0570551864802837,0.4035186767578125,0.0529313758015632
SOAP,SOAP_001,2024,10,16,NEON_DP3.30026.002_bidirectional,0.7806513905525208,0.050694540143013,0.4351468980312347,0.0858255326747894,0.7330775856971741,0.0784239321947097,0.4165454506874084,0.0727939754724502
SOAP,SOAP_001,2026,10,16,NEON_DP3.30026.002_bidirectional,0.7620201110839844,0.0440788492560386,0.3664520680904388,0.1112852022051811,0.7933173775672913,0.1003461927175521,0.3431361615657806,0.0896046012639999
SOAP,SOAP_002,2018,10,16,NEON_DP3.30026.002_bidirectional,0.6991515755653381,0.1105163767933845,0.3708069920539856,0.0781764462590217,0.6355676651000977,0.1529605090618133,0.3557130992412567,0.0676318034529686
SOAP,SOAP_002,2023,10,16,NEON_DP3.30026.002_bidirectional,0.6751353144645691,0.0744152069091796,0.2760705649852752,0.0633992627263069,0.6356326341629028,0.110792838037014,0.2735619843006134,0.0556352362036705
SOAP,SOAP_002,2024,10,16,NEON_DP3.30026.002_bidirectional,0.6525692939758301,0.0574712306261062,0.3643950223922729,0.0650418624281883,0.5529897809028625,0.0811202973127365,0.3575077652931213,0.0571270063519477
SOAP,SOAP_002,2026,10,16,NEON_DP3.30026.002_bidirectional,0.6500656604766846,0.0628257766366005,0.3134776353836059,0.0845150649547576,0.6142461895942688,0.1008939370512962,0.3026800155639648,0.0763699486851692
SOAP,SOAP_003,2018,10,12,NEON_DP3.30026.002_bidirectional,0.5580388903617859,0.1019472107291221,0.319556176662445,0.0863108113408088,0.4626953601837158,0.1310939788818359,0.3079242706298828,0.0746372193098068
SOAP,SOAP_003,2023,10,12,NEON_DP3.30026.002_bidirectional,0.6366490125656128,0.0622735731303691,0.3630642592906952,0.089153841137886,0.5746486783027649,0.0991806089878082,0.3478416204452514,0.0786575898528099
SOAP,SOAP_003,2024,10,12,NEON_DP3.30026.002_bidirectional,0.6801934242248535,0.0520427413284778,0.4332376420497894,0.0922213122248649,0.617074191570282,0.0751795321702957,0.4063912630081177,0.0782885700464248
SOAP,SOAP_003,2026,10,12,NEON_DP3.30026.002_bidirectional,0.6243142485618591,0.0516728274524211,0.334397554397583,0.0709893703460693,0.5974780917167664,0.1087952032685279,0.3152288496494293,0.0611574463546276
SOAP,SOAP_004,2018,10,16,NEON_DP3.30026.002_bidirectional,0.6925626993179321,0.0770890787243843,0.3508244752883911,0.09670040756464,0.6272312998771667,0.1067933589220047,0.3358591198921203,0.0818520337343216
SOAP,SOAP_004,2023,10,16,NEON_DP3.30026.002_bidirectional,0.7580180168151855,0.0669289156794548,0.3858287334442138,0.094584159553051,0.7332985997200012,0.0948632732033729,0.3681790232658386,0.0784259065985679
SOAP,SOAP_004,2024,10,16,NEON_DP3.30026.002_bidirectional,0.7330427169799805,0.057562056928873,0.409391701221466,0.074700653553009,0.6793550848960876,0.0796733126044273,0.3913573026657104,0.0619805119931697
SOAP,SOAP_004,2026,10,16,NEON_DP3.30026.002_bidirectional,0.7921875715255737,0.0605394691228866,0.3366548418998718,0.0823132470250129,0.8542628288269043,0.1178658381104469,0.3196281492710113,0.0687316581606864
SOAP,SOAP_006,2018,10,16,NEON_DP3.30026.002_bidirectional,0.5730627179145813,0.1066068038344383,0.3510533571243286,0.116784356534481,0.477123498916626,0.1237087175250053,0.3345913589000702,0.1030408143997192
SOAP,SOAP_006,2023,10,16,NEON_DP3.30026.002_bidirectional,0.4312311112880707,0.0776168778538703,0.2364995032548904,0.046705387532711,0.2825806438922882,0.1210247799754142,0.2434637248516082,0.0455379784107208
SOAP,SOAP_006,2024,10,16,NEON_DP3.30026.002_bidirectional,0.4771930277347564,0.0753536596894264,0.2789549529552459,0.0381403788924217,0.3063112795352936,0.1084009483456611,0.2901979684829712,0.0333933494985103
SOAP,SOAP_006,2026,10,2,NEON_DP3.30026.002_bidirectional,0.6121076941490173,0.0522974133491516,0.3556325733661651,0.0171136260032653,0.5083404779434204,0.0719138234853744,0.3473215401172638,0.0152487456798553
SOAP,SOAP_007,2018,10,16,NEON_DP3.30026.002_bidirectional,0.6825106739997864,0.0514315143227577,0.4615741968154907,0.0728633478283882,0.6167948842048645,0.0604479946196079,0.4258638024330139,0.0601281709969043
SOAP,SOAP_007,2023,10,16,NEON_DP3.30026.002_bidirectional,0.7054734230041504,0.0852991566061973,0.4618322253227234,0.0941247791051864,0.6423611044883728,0.1136195957660675,0.4314395189285278,0.0767969861626625
SOAP,SOAP_007,2024,10,16,NEON_DP3.30026.002_bidirectional,0.7384271025657654,0.068186305463314,0.5297983288764954,0.10022584348917,0.6868920922279358,0.089169941842556,0.4825654625892639,0.0783708244562149
SOAP,SOAP_007,2026,10,16,NEON_DP3.30026.002_bidirectional,0.7007311582565308,0.0608249641954898,0.4190747737884521,0.0971710011363029,0.6859826445579529,0.083124041557312,0.3837805092334747,0.08085598051548
SOAP,SOAP_008,2018,10,16,NEON_DP3.30026.002_bidirectional,0.6922029256820679,0.0706257596611976,0.3733988404273987,0.1114793419837951,0.605233907699585,0.0940473154187202,0.3609384894371032,0.0949074476957321
SOAP,SOAP_008,2023,10,16,NEON_DP3.30026.002_bidirectional,0.5958579182624817,0.1022322252392768,0.3518606722354889,0.1339363306760788,0.4919354617595672,0.1446063369512558,0.3410533666610718,0.1097221747040748
SOAP,SOAP_008,2024,10,16,NEON_DP3.30026.002_bidirectional,0.6433026790618896,0.0741339102387428,0.3645402789115906,0.1115283071994781,0.532925546169281,0.1107110157608985,0.361823558807373,0.0946832597255706
SOAP,SOAP_008,2026,10,16,NEON_DP3.30026.002_bidirectional,0.667384147644043,0.0934860035777092,0.3000704944133758,0.0908427909016609,0.6253579258918762,0.1499348282814026,0.2945815920829773,0.0821415334939956
SOAP,SOAP_009,2018,10,16,NEON_DP3.30026.002_bidirectional,0.4318990409374237,0.1350508332252502,0.2623372375965118,0.0873850286006927,0.3249683082103729,0.1342263668775558,0.2513836920261383,0.0859699919819831
SOAP,SOAP_009,2023,10,16,NEON_DP3.30026.002_bidirectional,0.4502817094326019,0.1580751687288284,0.2624257504940033,0.090779885649681,0.3578808903694153,0.1750688552856445,0.2493014484643936,0.0883215889334678
SOAP,SOAP_009,2024,10,16,NEON_DP3.30026.002_bidirectional,0.462004154920578,0.1629695892333984,0.2793221175670624,0.0990789756178855,0.3672264218330383,0.1760541647672653,0.2644250392913818,0.096205286681652
SOAP,SOAP_009,2026,10,16,NEON_DP3.30026.002_bidirectional,0.5113548040390015,0.1380254030227661,0.2895366847515106,0.0839631259441375,0.4609117805957794,0.1543045938014984,0.2679467499256134,0.0783130750060081
SOAP,SOAP_010,2018,10,16,NEON_DP3.30026.002_bidirectional,0.5186968445777893,0.0894762873649597,0.3176847696304321,0.0681929066777229,0.4200495183467865,0.1006135791540145,0.3024142980575561,0.0626530051231384
SOAP,SOAP_010,2023,10,16,NEON_DP3.30026.002_bidirectional,0.5432481169700623,0.107633575797081,0.2689476311206817,0.0889546647667884,0.4871250092983246,0.1449954956769943,0.2610158622264862,0.0813641399145126
SOAP,SOAP_010,2024,10,16,NEON_DP3.30026.002_bidirectional,0.5464658141136169,0.110793687403202,0.2933852970600128,0.0621620155870914,0.447622001171112,0.1437624245882034,0.2874158918857574,0.0577870234847068
SOAP,SOAP_010,2026,10,16,NEON_DP3.30026.002_bidirectional,0.5752861499786377,0.0948510318994522,0.3176063895225525,0.0802168920636177,0.5282186269760132,0.1307239234447479,0.2983412742614746,0.0697422698140144
SOAP,SOAP_011,2018,10,16,NEON_DP3.30026.002_bidirectional,0.7482641339302063,0.044906310737133,0.4119642972946167,0.0831308513879776,0.7078066468238831,0.0539822243154048,0.3899455368518829,0.0700790733098983
SOAP,SOAP_011,2023,10,16,NEON_DP3.30026.002_bidirectional,0.8010799884796143,0.0565545558929443,0.4225927889347076,0.0634126141667366,0.7965059280395508,0.0847145989537239,0.3995264172554016,0.0517101623117923
SOAP,SOAP_011,2024,10,16,NEON_DP3.30026.002_bidirectional,0.784142017364502,0.056528054177761,0.4375964701175689,0.0544560849666595,0.7532748579978943,0.0800657272338867,0.4158761501312256,0.0446074865758419
SOAP,SOAP_011,2026,10,16,NEON_DP3.30026.002_bidirectional,0.7606562376022339,0.0428358204662799,0.3473355174064636,0.0860706642270088,0.7906339168548584,0.0697520971298217,0.3297757804393768,0.0730936154723167
SOAP,SOAP_012,2018,10,16,NEON_DP3.30026.002_bidirectional,0.454195111989975,0.1037678569555282,0.2605297565460205,0.0778953284025192,0.315425843000412,0.1284755021333694,0.2588570117950439,0.070244014263153
SOAP,SOAP_012,2023,10,16,NEON_DP3.30026.002_bidirectional,0.4262709617614746,0.075837567448616,0.2575966417789459,0.0784408375620842,0.2586987018585205,0.1024679243564605,0.2630864083766937,0.0668519660830497
SOAP,SOAP_012,2024,10,16,NEON_DP3.30026.002_bidirectional,0.4779786765575409,0.0603538304567337,0.2930738627910614,0.0566032007336616,0.3047987222671509,0.0853677317500114,0.3020907640457153,0.0478685274720191
SOAP,SOAP_012,2026,10,16,NEON_DP3.30026.002_bidirectional,0.599777340888977,0.0608182363212108,0.3159167766571045,0.0475518852472305,0.5209134817123413,0.0884157568216323,0.307749480009079,0.0423061624169349
SOAP,SOAP_013,2018,10,16,NEON_DP3.30026.002_bidirectional,0.5672381520271301,0.1289194822311401,0.3076955080032348,0.0779221579432487,0.4766478836536407,0.1950650960206985,0.2980052232742309,0.0700545608997345
SOAP,SOAP_013,2023,10,16,NEON_DP3.30026.002_bidirectional,0.5822762846946716,0.0994827821850776,0.3377940356731415,0.0875289514660835,0.4661927223205566,0.1321298032999038,0.3324334621429443,0.0756777971982956
SOAP,SOAP_013,2024,10,16,NEON_DP3.30026.002_bidirectional,0.559529721736908,0.0904082134366035,0.3179780840873718,0.0547350570559501,0.4243215918540954,0.1185569986701011,0.3192731142044067,0.0485762804746627
SOAP,SOAP_013,2026,10,16,NEON_DP3.30026.002_bidirectional,0.6692772507667542,0.0647260695695877,0.3530976176261902,0.062743954360485,0.6122910976409912,0.0902410447597503,0.3416376411914825,0.0559999831020832
SOAP,SOAP_015,2018,10,16,NEON_DP3.30026.002_bidirectional,0.6266404390335083,0.1110883653163909,0.3128461241722107,0.0914893075823783,0.5720512270927429,0.1322273463010788,0.3002671599388122,0.0812556743621826
SOAP,SOAP_015,2023,10,16,NEON_DP3.30026.002_bidirectional,0.7539324164390564,0.0765553340315818,0.4254390597343445,0.1238174438476562,0.7507699728012085,0.1054656729102134,0.3962297439575195,0.1042192503809928
SOAP,SOAP_015,2024,10,16,NEON_DP3.30026.002_bidirectional,0.7711465954780579,0.0729573145508766,0.454113095998764,0.1320282518863678,0.7517997622489929,0.0944405570626258,0.4224089384078979,0.1088735684752464
SOAP,SOAP_015,2026,10,16,NEON_DP3.30026.002_bidirectional,0.7070692181587219,0.0647341161966323,0.3498718440532684,0.0759923383593559,0.7333887815475464,0.0933239981532096,0.3270988762378692,0.0646322295069694
SOAP,SOAP_016,2018,10,16,NEON_DP3.30026.002_bidirectional,0.5105957984924316,0.1092487573623657,0.3594397604465484,0.0847730413079261,0.3854224979877472,0.1435292810201645,0.3418441116809845,0.07069893181324
SOAP,SOAP_016,2023,10,16,NEON_DP3.30026.002_bidirectional,0.3167576193809509,0.1060309261083602,0.198950245976448,0.060128103941679,0.1341520249843597,0.1911225914955139,0.2099217176437378,0.0519076660275459
SOAP,SOAP_016,2024,10,16,NEON_DP3.30026.002_bidirectional,0.4635952711105346,0.0913482382893562,0.3036720156669616,0.0602782778441906,0.2718532085418701,0.1515923887491226,0.322117269039154,0.0489545911550521
SOAP,SOAP_016,2026,10,16,NEON_DP3.30026.002_bidirectional,0.5909439325332642,0.0764829963445663,0.3989672362804413,0.0836236104369163,0.5118420124053955,0.1128410920500755,0.3707368969917297,0.0702535137534141
SOAP,SOAP_017,2018,10,16,NEON_DP3.30026.002_bidirectional,0.627226710319519,0.0915009528398513,0.3704647719860077,0.1118976920843124,0.5525079965591431,0.1051031425595283,0.3504022359848022,0.0958779081702232
SOAP,SOAP_017,2023,10,16,NEON_DP3.30026.002_bidirectional,0.6507983803749084,0.0828342512249946,0.4054756462574005,0.0711789652705192,0.574876070022583,0.101055309176445,0.383568674325943,0.0635164231061935
SOAP,SOAP_017,2024,10,16,NEON_DP3.30026.002_bidirectional,0.7085549235343933,0.0811323300004005,0.4792935252189636,0.0839819461107254,0.6483489274978638,0.0988764762878418,0.4434045255184173,0.0723151266574859
SOAP,SOAP_018,2018,10,16,NEON_DP3.30026.002_bidirectional,0.6993639469146729,0.0340205766260623,0.5550181269645691,0.054022341966629,0.626407265663147,0.0424414724111557,0.5002330541610718,0.0440302975475788
SOAP,SOAP_018,2023,10,16,NEON_DP3.30026.002_bidirectional,0.7384114861488342,0.0308737866580486,0.4977311193943023,0.0319245681166648,0.6517835259437561,0.0457134842872619,0.4762963056564331,0.0272276923060417
SOAP,SOAP_018,2024,10,16,NEON_DP3.30026.002_bidirectional,0.7857198119163513,0.0262749139219522,0.6262651085853577,0.0422917641699314,0.7156203985214233,0.0372755229473114,0.5741503834724426,0.0348510481417179
SOAP,SOAP_019,2018,10,16,NEON_DP3.30026.002_bidirectional,0.5112663507461548,0.0681097581982612,0.2873860895633697,0.0543738193809986,0.4045794606208801,0.0833291858434677,0.2772968113422394,0.0471782125532627
SOAP,SOAP_019,2023,10,16,NEON_DP3.30026.002_bidirectional,0.5675786733627319,0.1257461160421371,0.396147608757019,0.1134368702769279,0.4583809971809387,0.1550968736410141,0.3735889494419098,0.0980432406067848
SOAP,SOAP_019,2024,10,16,NEON_DP3.30026.002_bidirectional,0.6067845821380615,0.103397212922573,0.4559752643108368,0.1112211719155311,0.5064687132835388,0.1301963031291961,0.4210473597049713,0.09087385982275
SOAP,SOAP_019,2026,10,8,NEON_DP3.30026.002_bidirectional,0.501122236251831,0.0417449511587619,0.283055305480957,0.0336706042289733,0.4178369045257568,0.0579324401915073,0.2686184644699096,0.0293102283030748
SOAP,SOAP_020,2018,10,16,NEON_DP3.30026.002_bidirectional,0.6848916411399841,0.1121089607477188,0.422893077135086,0.1186757907271385,0.6173034906387329,0.1387513279914856,0.3981273174285888,0.1000219136476516
SOAP,SOAP_020,2023,10,16,NEON_DP3.30026.002_bidirectional,0.7934682965278625,0.0563452988862991,0.4954101741313934,0.0690411329269409,0.7618016600608826,0.0935778394341468,0.462782084941864,0.0554820112884044
SOAP,SOAP_020,2024,10,16,NEON_DP3.30026.002_bidirectional,0.8155068755149841,0.0450513735413551,0.5822697877883911,0.0868710055947303,0.7886759638786316,0.0719538480043411,0.5278602838516235,0.0675367563962936
SOAP,SOAP_020,2026,10,16,NEON_DP3.30026.002_bidirectional,0.7666926383972168,0.040598839521408,0.4320636391639709,0.1317347586154937,0.8027085065841675,0.082716554403305,0.3953244686126709,0.1088955253362655
SOAP,SOAP_021,2018,10,16,NEON_DP3.30026.002_bidirectional,0.7004863023757935,0.0959300026297569,0.3602761030197143,0.0982313826680183,0.6172748804092407,0.1247969567775726,0.3477525115013122,0.0824098065495491
SOAP,SOAP_021,2023,10,16,NEON_DP3.30026.002_bidirectional,0.7375605702400208,0.0773329585790634,0.4018608033657074,0.1117847338318824,0.7084354162216187,0.1096674501895904,0.3800526857376098,0.0952813252806663
SOAP,SOAP_021,2024,10,16,NEON_DP3.30026.002_bidirectional,0.7327852249145508,0.0918686911463737,0.4537045657634735,0.121990256011486,0.668902575969696,0.1294554322957992,0.4264958202838897,0.0971433818340301
SOAP,SOAP_021,2026,10,16,NEON_DP3.30026.002_bidirectional,0.7859027981758118,0.0991533324122428,0.3381166756153106,0.1404804587364196,0.8166086673736572,0.2095742970705032,0.3216977417469024,0.1181588172912597
SOAP,SOAP_022,2018,10,16,NEON_DP3.30026.002_bidirectional,0.65810626745224,0.0682018548250198,0.4278072416782379,0.074760302901268,0.5829464197158813,0.0889046937227249,0.3999760746955871,0.0615097284317016
SOAP,SOAP_022,2023,10,16,NEON_DP3.30026.002_bidirectional,0.6706110835075378,0.0896946638822555,0.3965646028518677,0.0700032487511634,0.6103619933128357,0.1255069524049759,0.3760472238063812,0.0608220249414444
SOAP,SOAP_022,2024,10,16,NEON_DP3.30026.002_bidirectional,0.7125294804573059,0.0740420073270797,0.4567083716392517,0.0683427825570106,0.6559504866600037,0.1011722236871719,0.4267412424087524,0.0582989566028118
SOAP,SOAP_022,2026,10,16,NEON_DP3.30026.002_bidirectional,0.6956915855407715,0.0653241574764251,0.4444647133350372,0.0935939773917198,0.6862936019897461,0.0893577337265014,0.4011764824390411,0.0765623450279235
SOAP,SOAP_024,2018,10,16,NEON_DP3.30026.002_bidirectional,0.6297125816345215,0.1627751588821411,0.360188215970993,0.1163507178425788,0.5449604392051697,0.1916219741106033,0.346404105424881,0.1062494292855262
SOAP,SOAP_024,2023,10,16,NEON_DP3.30026.002_bidirectional,0.4809139966964721,0.1686846017837524,0.2708082795143127,0.111273743212223,0.3667950928211212,0.2260059118270874,0.2647435367107391,0.0977575257420539
SOAP,SOAP_024,2024,10,16,NEON_DP3.30026.002_bidirectional,0.4988042712211609,0.1462464928627014,0.3022666871547699,0.1064710170030593,0.3562365770339966,0.1882577985525131,0.3006309866905212,0.0913776010274887
SOAP,SOAP_031,2018,10,16,NEON_DP3.30026.002_bidirectional,0.7062669396400452,0.0607919692993164,0.4371606409549713,0.0779925063252449,0.6463850140571594,0.0740058198571205,0.4103522598743438,0.0661760866641998
SOAP,SOAP_031,2023,10,16,NEON_DP3.30026.002_bidirectional,0.7193317413330078,0.0583427846431732,0.4494059085845947,0.0583735629916191,0.6663669347763062,0.08002869784832,0.4211019277572632,0.0480348654091358
SOAP,SOAP_031,2024,10,16,NEON_DP3.30026.002_bidirectional,0.744641125202179,0.0561047568917274,0.4908044934272766,0.0698195174336433,0.6887919902801514,0.0746986344456672,0.4575401842594147,0.0564221404492855
SOAP,SOAP_031,2026,10,16,NEON_DP3.30026.002_bidirectional,0.7015339136123657,0.0495890825986862,0.3908497989177704,0.0584217347204685,0.6894571185112,0.0635016486048698,0.3635957837104797,0.0496381260454654
SOAP,SOAP_043,2018,10,16,NEON_DP3.30026.002_bidirectional,0.7036629319190979,0.082586370408535,0.4450148940086365,0.0900406837463378,0.6393243670463562,0.1088071018457412,0.4129752516746521,0.073161631822586
SOAP,SOAP_043,2023,10,16,NEON_DP3.30026.002_bidirectional,0.4624295830726623,0.097746156156063,0.2926984131336212,0.0718771666288375,0.3145135641098022,0.1244647726416587,0.2899730205535888,0.0639135167002677
SOAP,SOAP_043,2024,10,16,NEON_DP3.30026.002_bidirectional,0.5648543834686279,0.1124159321188926,0.3969805836677551,0.1072704270482063,0.4338594675064087,0.1495091617107391,0.382097452878952,0.0869483724236488
SOAP,SOAP_043,2026,10,16,NEON_DP3.30026.002_bidirectional,0.6579954028129578,0.0999601781368255,0.3888558447360992,0.1007362157106399,0.6314601898193359,0.1468758136034011,0.3599303066730499,0.0835212767124176
SOAP,SOAP_044,2018,10,16,NEON_DP3.30026.002_bidirectional,0.7399252653121948,0.0591919645667076,0.4610529839992523,0.0787505134940147,0.6757745742797852,0.0722670331597328,0.4350621104240417,0.065099649131298
SOAP,SOAP_044,2023,10,16,NEON_DP3.30026.002_bidirectional,0.5807006359100342,0.1684982478618621,0.3240496516227722,0.1160769090056419,0.4898868799209595,0.2134196907281875,0.314053475856781,0.1037002950906753
SOAP,SOAP_044,2024,10,16,NEON_DP3.30026.002_bidirectional,0.6012939810752869,0.1324523091316223,0.3638044595718384,0.091868482530117,0.4967658817768097,0.1691873371601104,0.3537573516368866,0.081791415810585
SOAP,SOAP_044,2026,10,16,NEON_DP3.30026.002_bidirectional,0.621880054473877,0.1262960880994796,0.3217360377311706,0.1251192688941955,0.5964078903198242,0.1727999150753021,0.3038490116596222,0.1090848296880722
SOAP,SOAP_045,2018,10,16,NEON_DP3.30026.002_bidirectional,0.6539736986160278,0.0967646613717079,0.4180018603801727,0.0846426486968994,0.5749595761299133,0.1239279136061668,0.3937346637248993,0.0709019228816032
SOAP,SOAP_045,2023,10,16,NEON_DP3.30026.002_bidirectional,0.4106829464435577,0.1391859650611877,0.2133573442697525,0.0978843197226524,0.2878888249397278,0.1983053833246231,0.213241159915924,0.084761656820774
SOAP,SOAP_045,2024,10,16,NEON_DP3.30026.002_bidirectional,0.4945840835571289,0.1352158784866333,0.2900082767009735,0.1018577739596366,0.3584693074226379,0.203301727771759,0.2907108068466186,0.0823677703738212
SOAP,SOAP_045,2026,10,16,NEON_DP3.30026.002_bidirectional,0.5178652405738831,0.1110477373003959,0.2949175834655761,0.1167365089058876,0.4501458406448364,0.1679034084081649,0.2788904905319214,0.0958260893821716
SOAP,SOAP_046,2018,10,16,NEON_DP3.30026.002_bidirectional,0.6188685297966003,0.1137749776244163,0.4227765500545501,0.112699806690216,0.5238977074623108,0.1413389295339584,0.3967768251895904,0.0960215553641319
SOAP,SOAP_046,2023,10,16,NEON_DP3.30026.002_bidirectional,0.5465171933174133,0.1851582527160644,0.306295096874237,0.1186040565371513,0.4180240929126739,0.223084881901741,0.2991856634616852,0.104443222284317
SOAP,SOAP_046,2024,10,16,NEON_DP3.30026.002_bidirectional,0.6030415892601013,0.1654203534126281,0.3865002393722534,0.1095676124095916,0.4909954369068146,0.222324788570404,0.3748348355293274,0.0940752625465393
SOAP,SOAP_046,2026,10,16,NEON_DP3.30026.002_bidirectional,0.6419737339019775,0.1483057588338852,0.3864620327949524,0.1354598999023437,0.5797646045684814,0.2134555578231811,0.3639270663261413,0.1124680861830711
SOAP,SOAP_047,2018,10,16,NEON_DP3.30026.002_bidirectional,0.5940282344818115,0.0645118877291679,0.4146648645401001,0.0713464841246604,0.494579017162323,0.0772229805588722,0.3880927264690399,0.0606535635888576
SOAP,SOAP_047,2023,10,16,NEON_DP3.30026.002_bidirectional,0.2378326207399368,0.0318877734243869,0.1451707631349563,0.0189543012529611,0.0264368131756782,0.0453682392835617,0.1599826365709304,0.0231689848005771
SOAP,SOAP_047,2024,10,16,NEON_DP3.30026.002_bidirectional,0.3421265482902527,0.0641738399863243,0.2177772521972656,0.0454379990696907,0.1241394206881523,0.0803826674818992,0.2394718825817108,0.0453471019864082
SOAP,SOAP_047,2026,10,16,NEON_DP3.30026.002_bidirectional,0.5607357025146484,0.0698000788688659,0.3625817894935608,0.0622596889734268,0.4733088314533233,0.0874998271465301,0.3386123180389404,0.0523332618176937
SOAP,SOAP_048,2018,10,16,NEON_DP3.30026.002_bidirectional,0.7213139533996582,0.0734254047274589,0.4076400101184845,0.0851348713040351,0.6537051200866699,0.0955137014389038,0.3878273367881775,0.0698111578822135
SOAP,SOAP_048,2023,10,16,NEON_DP3.30026.002_bidirectional,0.7632975578308105,0.0813320055603981,0.4400281310081482,0.0993944332003593,0.7228381633758545,0.1167513728141784,0.4166984260082245,0.0811293050646781
SOAP,SOAP_048,2024,10,16,NEON_DP3.30026.002_bidirectional,0.770606279373169,0.080241285264492,0.4756724834442138,0.0984637215733528,0.7159467339515686,0.111390896141529,0.4484717845916748,0.0797697007656097
SOAP,SOAP_048,2026,10,16,NEON_DP3.30026.002_bidirectional,0.7594033479690552,0.0593745075166225,0.3746638000011444,0.0951698422431945,0.7760720252990723,0.1053425297141075,0.3536958992481231,0.0833933055400848
SOAP,SOAP_049,2018,10,16,NEON_DP3.30026.002_bidirectional,0.6741183400154114,0.082188494503498,0.4349705874919891,0.0718487501144409,0.6026890873908997,0.1059437617659568,0.408199280500412,0.0615892820060253
SOAP,SOAP_049,2023,10,16,NEON_DP3.30026.002_bidirectional,0.6945902109146118,0.0648174583911895,0.4143816530704498,0.0723026320338249,0.6286287307739258,0.0918736234307289,0.3945402801036834,0.0598052702844142
SOAP,SOAP_049,2024,10,16,NEON_DP3.30026.002_bidirectional,0.7286572456359863,0.0529629699885845,0.47716024518013,0.0714914053678512,0.6688199043273926,0.0760180056095123,0.4453170597553253,0.0573871135711669
SOAP,SOAP_049,2026,10,16,NEON_DP3.30026.002_bidirectional,0.6538519859313965,0.0546492375433445,0.3460655808448791,0.0586009919643402,0.6122778058052063,0.0773718655109405,0.329869657754898,0.0513100251555442
SOAP,SOAP_050,2018,10,16,NEON_DP3.30026.002_bidirectional,0.6533442139625549,0.0737181231379509,0.3994553089141845,0.0526717863976955,0.5614503622055054,0.0861010178923606,0.3853853046894073,0.0487652644515037
SOAP,SOAP_050,2023,10,16,NEON_DP3.30026.002_bidirectional,0.5730020403862,0.1029708236455917,0.3248240649700165,0.0699613317847251,0.4830637574195862,0.1288590282201767,0.3134569525718689,0.0632667541503906
SOAP,SOAP_050,2024,10,16,NEON_DP3.30026.002_bidirectional,0.573092520236969,0.0913384407758712,0.3391870260238647,0.0636214688420295,0.4660540819168091,0.1089206710457801,0.3308393657207489,0.0594139955937862
SOAP,SOAP_050,2026,10,16,NEON_DP3.30026.002_bidirectional,0.6105717420578003,0.0835835710167884,0.32318976521492,0.0498776994645595,0.5647557377815247,0.0987608581781387,0.3070791363716125,0.0468014404177665
SOAP,SOAP_051,2018,10,16,NEON_DP3.30026.002_bidirectional,0.4469342827796936,0.167183369398117,0.2858501374721527,0.1022596433758735,0.342760294675827,0.1807626783847808,0.2704921364784241,0.0992308035492897
SOAP,SOAP_051,2023,10,16,NEON_DP3.30026.002_bidirectional,0.3833036422729492,0.1503001451492309,0.2304096519947052,0.0789479166269302,0.252684623003006,0.1732219606637954,0.2254834324121475,0.0762871652841568
SOAP,SOAP_051,2024,10,16,NEON_DP3.30026.002_bidirectional,0.4159538149833679,0.1505216211080551,0.2565515637397766,0.0851722806692123,0.2818456590175628,0.1697032749652862,0.2520088851451874,0.0830282717943191
SOAP,SOAP_051,2026,10,16,NEON_DP3.30026.002_bidirectional,0.4855880439281463,0.1478614509105682,0.2683427929878235,0.0642779767513275,0.4181109368801117,0.1744989454746246,0.2525179088115692,0.0646884143352508
SOAP,SOAP_052,2018,10,16,NEON_DP3.30026.002_bidirectional,0.6552577018737793,0.1441165953874588,0.3670640289783478,0.1308401525020599,0.5843139886856079,0.1731781661510467,0.3469946980476379,0.1123990267515182
SOAP,SOAP_052,2023,10,16,NEON_DP3.30026.002_bidirectional,0.5055004954338074,0.1391937732696533,0.3140867948532104,0.1169079095125198,0.3781915307044983,0.1727204620838165,0.3054596483707428,0.1025905460119247
SOAP,SOAP_052,2024,10,16,NEON_DP3.30026.002_bidirectional,0.5905618667602539,0.1032670438289642,0.4166356921195984,0.1016020849347114,0.4709594845771789,0.1339061260223388,0.3971831500530243,0.0838974639773368
SOAP,SOAP_052,2026,10,16,NEON_DP3.30026.002_bidirectional,0.6115753054618835,0.1166404113173484,0.2990848124027252,0.087577573955059,0.6377198100090027,0.2783233821392059,0.2851161062717438,0.0791782289743423
SOAP,SOAP_053,2018,10,12,NEON_DP3.30026.002_bidirectional,0.5582696795463562,0.1113959401845932,0.342357724905014,0.0941667854785919,0.4723217189311981,0.1287181675434112,0.3239677548408508,0.0846931710839271
SOAP,SOAP_053,2023,10,12,NEON_DP3.30026.002_bidirectional,0.2578259110450744,0.0868876650929451,0.1437636017799377,0.0542509406805038,0.065610647201538,0.1101017445325851,0.1535464525222778,0.0513900779187679
SOAP,SOAP_053,2024,10,12,NEON_DP3.30026.002_bidirectional,0.3800481557846069,0.0811812654137611,0.2360561341047287,0.0672455504536628,0.1708831340074539,0.1105222329497337,0.2552084028720855,0.0582512617111206
SOAP,SOAP_053,2026,10,12,NEON_DP3.30026.002_bidirectional,0.5069978833198547,0.048257652670145,0.3035325109958648,0.0318356268107891,0.4162380993366241,0.059949055314064,0.2871147692203522,0.0291936639696359
SOAP,SOAP_054,2018,10,16,NEON_DP3.30026.002_bidirectional,0.559874415397644,0.14453786611557,0.3973996341228485,0.1173125505447387,0.4514966309070587,0.1729114800691604,0.3737001121044159,0.1037720516324043
SOAP,SOAP_054,2023,10,16,NEON_DP3.30026.002_bidirectional,0.337073415517807,0.1049114540219307,0.1974681317806244,0.0578214637935161,0.1734081804752349,0.1495938748121261,0.2020629942417144,0.0544551983475685
SOAP,SOAP_054,2024,10,16,NEON_DP3.30026.002_bidirectional,0.436332494020462,0.096028909087181,0.2833245992660522,0.0611652508378028,0.2454239130020141,0.1309783905744552,0.2969095110893249,0.0528753660619258
SOAP,SOAP_054,2026,10,16,NEON_DP3.30026.002_bidirectional,0.5867325067520142,0.0681624263525009,0.3874018490314483,0.0684209540486335,0.5037229657173157,0.0902658551931381,0.3599264025688171,0.0559776313602924
SOAP,SOAP_055,2018,10,16,NEON_DP3.30026.002_bidirectional,0.6844924092292786,0.0750147327780723,0.4455654919147491,0.0831393748521804,0.6119323968887329,0.0847405567765235,0.4185421764850616,0.0745414569973945
SOAP,SOAP_055,2023,10,16,NEON_DP3.30026.002_bidirectional,0.6618300676345825,0.1178875565528869,0.4010884463787079,0.073877103626728,0.5808765888214111,0.1576701700687408,0.3848541378974914,0.0644930228590965
SOAP,SOAP_055,2024,10,16,NEON_DP3.30026.002_bidirectional,0.6968895792961121,0.0888440161943435,0.4647644758224487,0.0650640353560447,0.6143174767494202,0.1207777112722396,0.4412797689437866,0.055483940988779
SOAP,SOAP_055,2026,10,16,NEON_DP3.30026.002_bidirectional,0.7001070976257324,0.0815278217196464,0.3924021124839782,0.1189788803458213,0.7052146792411804,0.1234068796038627,0.3643800020217895,0.1009938046336174
SOAP,SOAP_056,2018,10,16,NEON_DP3.30026.002_bidirectional,0.6653109788894653,0.0990623459219932,0.445869117975235,0.0930545628070831,0.5969759225845337,0.1238150969147682,0.4126413762569427,0.0782295987010002
SOAP,SOAP_056,2023,10,16,NEON_DP3.30026.002_bidirectional,0.2560981512069702,0.053306046873331,0.1321130394935608,0.0366862788796424,0.0817118510603904,0.0646031349897384,0.1378220617771148,0.0344322547316551
SOAP,SOAP_056,2024,10,16,NEON_DP3.30026.002_bidirectional,0.3886261284351349,0.0447110421955585,0.2450120151042938,0.0349113494157791,0.1838470250368118,0.0651377514004707,0.2630622088909149,0.0293041355907917
SOAP,SOAP_056,2026,10,16,NEON_DP3.30026.002_bidirectional,0.5278559923171997,0.0399627536535263,0.328278124332428,0.0382468067109584,0.4308334589004516,0.0498686879873275,0.3105262517929077,0.0326054170727729
SOAP,SOAP_057,2018,10,16,NEON_DP3.30026.002_bidirectional,0.6579521298408508,0.0922292023897171,0.4030908346176147,0.1026824638247489,0.582760214805603,0.1142020300030708,0.3767397403717041,0.0848235711455345
SOAP,SOAP_057,2023,10,16,NEON_DP3.30026.002_bidirectional,0.7379546761512756,0.1187077164649963,0.4457783102989197,0.0867928192019462,0.696032702922821,0.170684665441513,0.4185200035572052,0.0707544162869453
SOAP,SOAP_057,2024,10,16,NEON_DP3.30026.002_bidirectional,0.7429248094558716,0.1028958857059478,0.50608891248703,0.0831106007099151,0.6805632710456848,0.1389036774635315,0.4697864651679992,0.0666819289326667
SOAP,SOAP_057,2026,10,16,NEON_DP3.30026.002_bidirectional,0.7785740494728088,0.0925783738493919,0.3914230167865753,0.1087247356772422,0.7943695187568665,0.1534299999475479,0.3670195639133453,0.0898343026638031
SOAP,SOAP_058,2018,10,12,NEON_DP3.30026.002_bidirectional,0.5825448036193848,0.0638673305511474,0.434277206659317,0.0622075013816356,0.4791003167629242,0.0796752572059631,0.4026246070861816,0.0527760200202465
SOAP,SOAP_058,2023,10,12,NEON_DP3.30026.002_bidirectional,0.5546021461486816,0.0845258086919784,0.3652352392673492,0.0596936233341693,0.4286100566387176,0.1126472577452659,0.3553011119365692,0.0520240329205989
SOAP,SOAP_058,2024,10,12,NEON_DP3.30026.002_bidirectional,0.6148690581321716,0.0648246109485626,0.4609546661376953,0.0658947601914405,0.4968150854110718,0.0901479944586753,0.4366529285907745,0.0528066158294677
SOAP,SOAP_058,2026,10,12,NEON_DP3.30026.002_bidirectional,0.6014001369476318,0.0442361235618591,0.3354847431182861,0.0472909696400165,0.4689168930053711,0.2641616761684418,0.3226684629917145,0.0428299792110919
SOAP,SOAP_059,2018,10,12,NEON_DP3.30026.002_bidirectional,0.5520092844963074,0.0932367667555809,0.3113273680210113,0.0740116611123085,0.4412437677383423,0.1029780805110931,0.3046578168869018,0.0689883157610893
SOAP,SOAP_059,2023,10,12,NEON_DP3.30026.002_bidirectional,0.4277893304824829,0.0728516206145286,0.2597120106220245,0.0611199475824832,0.2609948217868805,0.0891536697745323,0.2643435001373291,0.0553069449961185
SOAP,SOAP_059,2024,10,12,NEON_DP3.30026.002_bidirectional,0.4799899160861969,0.0550415515899658,0.3100005686283111,0.0392206199467182,0.2951326072216034,0.0750434100627899,0.3232116401195526,0.034740462899208
SOAP,SOAP_059,2026,10,12,NEON_DP3.30026.002_bidirectional,0.582817018032074,0.0547316819429397,0.3304136097431183,0.0447929352521896,0.4943311214447021,0.0695425271987915,0.3195436298847198,0.0405485369265079
SOAP,SOAP_060,2018,10,16,NEON_DP3.30026.002_bidirectional,0.5232101678848267,0.1852552443742752,0.3260908424854278,0.1270892322063446,0.4248944818973541,0.2195081412792205,0.310436487197876,0.1153082251548767
SOAP,SOAP_060,2023,10,16,NEON_DP3.30026.002_bidirectional,0.422838807106018,0.1181050986051559,0.2562834024429321,0.0676257982850074,0.2873973846435547,0.1383193582296371,0.2524592876434326,0.0643411576747894
SOAP,SOAP_060,2024,10,16,NEON_DP3.30026.002_bidirectional,0.4653497338294983,0.1278771162033081,0.289574384689331,0.0851797834038734,0.3268705010414123,0.1452707201242447,0.2861152291297912,0.0807833895087242
SOAP,SOAP_060,2026,10,16,NEON_DP3.30026.002_bidirectional,0.5450019836425781,0.1250234693288803,0.327868103981018,0.0836526975035667,0.4702248573303222,0.1479804068803787,0.3074652850627899,0.0757514834403991
SOAP,SOAP_061,2018,10,16,NEON_DP3.30026.002_bidirectional,0.6698059439659119,0.0818438306450843,0.4925829172134399,0.102695308625698,0.5934064388275146,0.0982145443558693,0.4503208100795746,0.0842346251010894
SOAP,SOAP_061,2023,10,16,NEON_DP3.30026.002_bidirectional,0.7171021699905396,0.077435627579689,0.4939959347248077,0.079697273671627,0.6458015441894531,0.1056561395525932,0.4614163339138031,0.0636524185538292
SOAP,SOAP_061,2024,10,16,NEON_DP3.30026.002_bidirectional,0.7199928760528564,0.0701366066932678,0.5372077822685242,0.0761204361915588,0.651373565196991,0.0917019322514534,0.4915304780006408,0.0622063875198364
SOAP,SOAP_061,2026,10,16,NEON_DP3.30026.002_bidirectional,0.6933749914169312,0.0754715651273727,0.4082781970500946,0.083105482161045,0.6571822166442871,0.0989764481782913,0.3809373676776886,0.0696596130728721
STEI,STEI_046,2017,10,16,NEON_DP3.30026.002_bidirectional,0.8583540320396423,0.0175816565752029,0.543512761592865,0.0462917946279048,0.8170679211616516,0.0292289461940526,0.5163272619247437,0.0365803502500057
STEI,STEI_046,2022,10,16,NEON_DP3.30026.002_bidirectional,0.8929661512374878,0.0155610460788011,0.6410737633705139,0.0375590994954109,0.8757784962654114,0.0242167543619871,0.5839809775352478,0.0273639075458049
STEI,STEI_046,2024,10,16,NEON_DP3.30026.002_bidirectional,0.8873078227043152,0.0174144841730594,0.6161602735519409,0.0338610783219337,0.8714625239372253,0.0286827627569437,0.565223753452301,0.0248639844357967
STEI,STEI_046,2025,10,16,NEON_DP3.30026.002_bidirectional,0.8954101800918579,0.012827293947339,0.6248364448547363,0.0458227843046188,0.8878353238105774,0.0189827717840671,0.5688564777374268,0.0339390374720096
STEI,STEI_047,2017,10,16,NEON_DP3.30026.002_bidirectional,0.8584218621253967,0.0103751374408602,0.475937932729721,0.0528274849057197,0.8428899049758911,0.0244069956243038,0.4562244117259979,0.0457843095064163
STEI,STEI_047,2022,10,16,NEON_DP3.30026.002_bidirectional,0.9117588996887208,0.0064539411105215,0.6932313442230225,0.032220933586359,0.9069063663482666,0.0078674936667084,0.6219546794891357,0.0242966543883085
STEI,STEI_047,2024,10,16,NEON_DP3.30026.002_bidirectional,0.8984590172767639,0.0054703373461961,0.6569943428039551,0.0313520058989524,0.8894299864768982,0.0059277042746543,0.5956695675849915,0.02442985214293
STEI,STEI_047,2025,10,16,NEON_DP3.30026.002_bidirectional,0.908650040626526,0.004639278165996,0.6811617612838745,0.0327983275055885,0.9068563580513,0.0045933439396321,0.6115977764129639,0.0246336907148361
STEI,STEI_048,2017,10,16,NEON_DP3.30026.002_bidirectional,0.8727098703384399,0.0140095837414264,0.4887636601924896,0.0810660570859909,0.8620145916938782,0.0338707938790321,0.465656578540802,0.0684183165431022
STEI,STEI_048,2022,10,16,NEON_DP3.30026.002_bidirectional,0.9032970070838928,0.0147942649200558,0.6442208886146545,0.0978628024458885,0.8986237049102783,0.0183689780533313,0.5824393630027771,0.0751450881361961
STEI,STEI_048,2024,10,16,NEON_DP3.30026.002_bidirectional,0.8965678811073303,0.0118456948548555,0.6139300465583801,0.0756283327937126,0.8938865661621094,0.0144265554845333,0.5596604943275452,0.0593205094337463
STEI,STEI_048,2025,10,16,NEON_DP3.30026.002_bidirectional,0.906615138053894,0.0130161112174391,0.6323035359382629,0.0886419713497161,0.9125664830207824,0.0153088737279176,0.5707745552062988,0.0688291043043136
STEI,STEI_049,2017,10,16,NEON_DP3.30026.002_bidirectional,0.8694474101066589,0.0113428533077239,0.5032200217247009,0.0456593856215477,0.8545743823051453,0.0178923867642879,0.4781969785690307,0.037831749767065
STEI,STEI_049,2022,10,16,NEON_DP3.30026.002_bidirectional,0.899732232093811,0.0241666603833436,0.6390297412872314,0.0970797911286354,0.8889890313148499,0.0330214612185955,0.5813950896263123,0.0745686516165733
STEI,STEI_049,2024,10,16,NEON_DP3.30026.002_bidirectional,0.9046539068222046,0.0179935470223426,0.6374004483222961,0.0911786630749702,0.9054421782493592,0.0226981453597545,0.5765401124954224,0.0703331530094146
STEI,STEI_049,2025,10,16,NEON_DP3.30026.002_bidirectional,0.9155403971672058,0.0152669679373502,0.6579373478889465,0.0872846543788909,0.9249470233917236,0.0200215335935354,0.5896235108375549,0.0663605630397796
STEI,STEI_050,2017,10,16,NEON_DP3.30026.002_bidirectional,0.8627432584762573,0.0085645895451307,0.5088037848472595,0.0327577255666255,0.8436223268508911,0.0147884069010615,0.4840235412120819,0.0265369471162557
STEI,STEI_050,2022,10,16,NEON_DP3.30026.002_bidirectional,0.9072989225387572,0.0040381117723882,0.7049363851547241,0.0300466064363718,0.8992758393287659,0.0065024723298847,0.6306993365287781,0.0215562898665666
STEI,STEI_050,2024,10,16,NEON_DP3.30026.002_bidirectional,0.892909049987793,0.009803432971239,0.6496419310569763,0.0441934689879417,0.8861395716667175,0.0135196717455983,0.5877981185913086,0.0317563414573669
STEI,STEI_050,2025,10,16,NEON_DP3.30026.002_bidirectional,0.9112268686294556,0.0054092034697532,0.6949232816696167,0.036624789237976,0.9154391884803772,0.0071035018190741,0.6187118291854858,0.0260239131748676
STEI,STEI_051,2017,10,16,NEON_DP3.30026.002_bidirectional,0.8714126944541931,0.0164967328310012,0.553608238697052,0.0433384329080581,0.8340878486633301,0.0288410037755966,0.5261637568473816,0.0348050966858863
STEI,STEI_051,2022,10,16,NEON_DP3.30026.002_bidirectional,0.8967061638832092,0.0057943742722272,0.6577093005180359,0.0449089333415031,0.8810785412788391,0.0113637531176209,0.597049355506897,0.0345289967954158
STEI,STEI_051,2024,10,16,NEON_DP3.30026.002_bidirectional,0.8922585248947144,0.0129508767277002,0.6197295188903809,0.0444467440247535,0.8806286454200745,0.0200845878571271,0.5679912567138672,0.0343575589358806
STEI,STEI_051,2025,10,16,NEON_DP3.30026.002_bidirectional,0.896664023399353,0.0101087288931012,0.6358403563499451,0.0525713339447975,0.8897016048431396,0.0153975412249565,0.5774991512298584,0.040923424065113
STEI,STEI_052,2017,10,16,NEON_DP3.30026.002_bidirectional,0.8465495109558105,0.0226266887038946,0.5033612847328186,0.0504209920763969,0.8144820332527161,0.0368840768933296,0.4795944094657898,0.0401734337210655
STEI,STEI_052,2022,10,16,NEON_DP3.30026.002_bidirectional,0.9048877954483032,0.0102352052927017,0.6514811515808105,0.0806232392787933,0.9022883772850036,0.0111264456063508,0.5872914791107178,0.062233418226242
STEI,STEI_052,2024,10,16,NEON_DP3.30026.002_bidirectional,0.8929552435874939,0.013231529854238,0.627621054649353,0.0674097090959549,0.886979341506958,0.0129416277632117,0.5705240368843079,0.0537594817578792
STEI,STEI_052,2025,10,16,NEON_DP3.30026.002_bidirectional,0.8958765268325806,0.0243220459669828,0.6377232670783997,0.0823443681001663,0.8961763978004456,0.0228482261300086,0.5752751231193542,0.065591774880886
STEI,STEI_053,2017,10,16,NEON_DP3.30026.002_bidirectional,0.8482321500778198,0.0224318336695432,0.4834524393081665,0.070808358490467,0.8253587484359741,0.0422860905528068,0.4613509178161621,0.0579462386667728
STEI,STEI_053,2022,10,16,NEON_DP3.30026.002_bidirectional,0.8940459489822388,0.0206164103001356,0.6336710453033447,0.1098066419363021,0.8838334679603577,0.0245132036507129,0.5754337906837463,0.0862854793667793
STEI,STEI_053,2024,10,16,NEON_DP3.30026.002_bidirectional,0.8900862336158752,0.0153345242142677,0.6066593527793884,0.0923784226179122,0.8828685283660889,0.0176850706338882,0.5548142790794373,0.0732260048389434
STEI,STEI_053,2025,10,16,NEON_DP3.30026.002_bidirectional,0.9014083743095398,0.0131505466997623,0.6280738711357117,0.0944930538535118,0.903469979763031,0.013252186588943,0.5683910846710205,0.0747266709804534
STEI,STEI_054,2017,10,16,NEON_DP3.30026.002_bidirectional,0.8822607398033142,0.0074566891416907,0.5437168478965759,0.0649090781807899,0.8772919178009033,0.014438803307712,0.5069013833999634,0.0511902160942554
STEI,STEI_054,2022,10,16,NEON_DP3.30026.002_bidirectional,0.9018793106079102,0.0153277767822146,0.6719810366630554,0.0766747370362281,0.8953666687011719,0.0154322208836674,0.6032330393791199,0.0598665736615657
STEI,STEI_054,2024,10,16,NEON_DP3.30026.002_bidirectional,0.8998613953590393,0.0142979314550757,0.6572542786598206,0.0714481770992279,0.8978696465492249,0.0137062575668096,0.5907176733016968,0.0563291907310485
STEI,STEI_054,2025,10,16,NEON_DP3.30026.002_bidirectional,0.9135631322860718,0.0129404114559292,0.6819401979446411,0.0678976401686668,0.9214776754379272,0.0105270473286509,0.6068416833877563,0.0535485297441482
STEI,STEI_055,2017,10,16,NEON_DP3.30026.002_bidirectional,0.8740851879119873,0.0137932933866977,0.5031815767288208,0.0679115131497383,0.8674535155296326,0.0157723315060138,0.475355327129364,0.0560242608189582
STEI,STEI_055,2022,10,16,NEON_DP3.30026.002_bidirectional,0.9070207476615906,0.015225127339363,0.6952751278877258,0.0681939646601677,0.902729630470276,0.016834445297718,0.619422972202301,0.0488978251814842
STEI,STEI_055,2024,10,16,NEON_DP3.30026.002_bidirectional,0.8938831090927124,0.0114077599719166,0.6731347441673279,0.0639121159911155,0.8865851759910583,0.0116669833660125,0.6023996472358704,0.0468887090682983
STEI,STEI_055,2025,10,16,NEON_DP3.30026.002_bidirectional,0.9022618532180786,0.0149825830012559,0.7044625878334045,0.0805240198969841,0.899585485458374,0.0148925175890326,0.6230926513671875,0.0574660263955593
STEI,STEI_056,2017,10,16,NEON_DP3.30026.002_bidirectional,0.8431361317634583,0.0140327047556638,0.4723757803440094,0.0336217656731605,0.8190556764602661,0.0201908703893423,0.4537582993507385,0.0276076961308717
STEI,STEI_056,2022,10,16,NEON_DP3.30026.002_bidirectional,0.9012048244476318,0.0043426398187875,0.6767961382865906,0.0269731115549802,0.890654981136322,0.0054359780624508,0.6108304262161255,0.0199907403439283
STEI,STEI_056,2024,10,16,NEON_DP3.30026.002_bidirectional,0.8940308690071106,0.0059367483481764,0.6547514200210571,0.0268747769296169,0.8840550184249878,0.0084243910387158,0.5933371782302856,0.0199090726673603
STEI,STEI_056,2025,10,16,NEON_DP3.30026.002_bidirectional,0.9063882827758788,0.0047896695323288,0.6858919262886047,0.0295150484889745,0.9037902355194092,0.0064468351192772,0.6146767139434814,0.0219443589448928
STEI,STEI_057,2017,10,16,NEON_DP3.30026.002_bidirectional,0.8575944900512695,0.0116710672155022,0.4967320561408996,0.0447765626013278,0.8361351490020752,0.0168882776051759,0.4732681512832641,0.0361779555678367
STEI,STEI_057,2022,10,16,NEON_DP3.30026.002_bidirectional,0.9177076816558838,0.0040324348956346,0.6796509027481079,0.0272692497819662,0.9155242443084716,0.0055965553037822,0.6131917238235474,0.0194202214479446
STEI,STEI_057,2024,10,16,NEON_DP3.30026.002_bidirectional,0.8969641327857971,0.0073487190529704,0.6277813911437988,0.0289679244160652,0.8940039873123169,0.0096720019355416,0.5716947913169861,0.0210122764110565
STEI,STEI_057,2025,10,16,NEON_DP3.30026.002_bidirectional,0.9144113063812256,0.0056788953952491,0.6757479310035706,0.0269690416753292,0.9196091294288636,0.0066087329760193,0.6057193279266357,0.0195021089166402
STEI,STEI_058,2017,10,16,NEON_DP3.30026.002_bidirectional,0.8882123231887817,0.014068542048335,0.5257935523986816,0.0636882185935974,0.8796117901802063,0.0294389054179191,0.4960943758487701,0.0523802563548088
STEI,STEI_058,2022,10,16,NEON_DP3.30026.002_bidirectional,0.901657223701477,0.0144684081897139,0.6481367945671082,0.0684231221675872,0.8924945592880249,0.0204127542674541,0.5884989500045776,0.0495571494102478
STEI,STEI_058,2024,10,16,NEON_DP3.30026.002_bidirectional,0.9013568162918092,0.0107301948592066,0.6476582288742065,0.0602512694895267,0.8947702646255493,0.014718304388225,0.5877071619033813,0.0442064777016639
STEI,STEI_058,2025,10,16,NEON_DP3.30026.002_bidirectional,0.9079907536506652,0.0140275349840521,0.6577757000923157,0.064545176923275,0.9081925749778748,0.0178832653909921,0.5929797887802124,0.0476642772555351
STEI,STEI_059,2017,10,16,NEON_DP3.30026.002_bidirectional,0.8637561798095703,0.021709868684411,0.5094229578971863,0.0466412082314491,0.8372734189033508,0.0352633520960807,0.4853512048721313,0.0385410636663436
STEI,STEI_059,2022,10,16,NEON_DP3.30026.002_bidirectional,0.9074100255966188,0.0115210907533764,0.6787467002868652,0.081628493964672,0.899518609046936,0.0153093803673982,0.609813392162323,0.0608956143260002
STEI,STEI_059,2024,10,16,NEON_DP3.30026.002_bidirectional,0.8953676223754883,0.0158295407891273,0.6466514468193054,0.0866922810673713,0.8851428627967834,0.0173602253198623,0.5857311487197876,0.0671540945768356
STEI,STEI_059,2025,10,16,NEON_DP3.30026.002_bidirectional,0.9020233750343324,0.0161856804043054,0.6565091013908386,0.0976737514138221,0.8978289365768433,0.0169058386236429,0.5911661982536316,0.0752405747771263
STEI,STEI_060,2017,10,16,NEON_DP3.30026.002_bidirectional,0.8712241649627686,0.0123646417632699,0.4867655634880066,0.0893281549215316,0.8603399991989136,0.0307360794395208,0.4631736874580383,0.0749958604574203
STEI,STEI_060,2022,10,16,NEON_DP3.30026.002_bidirectional,0.8963737487792969,0.0102214347571134,0.6227844953536987,0.0726824849843978,0.8875988721847534,0.0114158205687999,0.5692043900489807,0.0572312958538532
STEI,STEI_060,2024,10,16,NEON_DP3.30026.002_bidirectional,0.8986409902572632,0.008417216129601,0.6211624145507812,0.0799714550375938,0.8946344256401062,0.0072531122714281,0.566570520401001,0.0630388706922531
STEI,STEI_060,2025,10,16,NEON_DP3.30026.002_bidirectional,0.9048657417297364,0.0082458406686782,0.6282117366790771,0.067624345421791,0.9065290093421936,0.0076539292931556,0.5708215832710266,0.0522210635244846
STEI,STEI_061,2017,10,16,NEON_DP3.30026.002_bidirectional,0.8313468098640442,0.0364098735153675,0.4470745623111725,0.0688206702470779,0.7907362580299377,0.0643343031406402,0.4356329143047333,0.0584045425057411
STEI,STEI_061,2022,10,16,NEON_DP3.30026.002_bidirectional,0.8803162574768066,0.0166233498603105,0.5786692500114441,0.0709855332970619,0.868338942527771,0.0213039647787809,0.532818615436554,0.0546104051172733
STEI,STEI_061,2024,10,16,NEON_DP3.30026.002_bidirectional,0.8849471807479858,0.0205572787672281,0.5972566604614258,0.0833138152956962,0.8805528879165649,0.0274291560053825,0.5450000762939453,0.0641320273280143
STEI,STEI_061,2025,10,16,NEON_DP3.30026.002_bidirectional,0.8910096287727356,0.017405766993761,0.6055954098701477,0.0769262686371803,0.8896613717079163,0.021388903260231,0.5506761074066162,0.0586219951510429
STEI,STEI_062,2017,10,16,NEON_DP3.30026.002_bidirectional,0.8772136569023132,0.0073587028309702,0.5530638694763184,0.0603964515030384,0.8643016815185547,0.0160589683800935,0.517603874206543,0.0493893101811409
STEI,STEI_062,2022,10,16,NEON_DP3.30026.002_bidirectional,0.907576620578766,0.006027684547007,0.6837698221206665,0.0542817562818527,0.8994316458702087,0.0060874368064105,0.6159572601318359,0.0403767749667167
STEI,STEI_062,2024,10,16,NEON_DP3.30026.002_bidirectional,0.9050490260124208,0.0099841142073273,0.6791381239891052,0.0620867908000946,0.902698576450348,0.011839386075735,0.6085562705993652,0.0463551320135593
STEI,STEI_062,2025,10,16,NEON_DP3.30026.002_bidirectional,0.920318841934204,0.0051893964409828,0.7139424085617065,0.0578221343457698,0.9278369545936584,0.0054672644473612,0.6318073868751526,0.042533490806818
TALL,TALL_001,2017,10,16,NEON_DP3.30026.002_bidirectional,0.8811483979225159,0.023870937526226,0.5338229537010193,0.0968843922019004,0.8529337644577026,0.0301037561148405,0.5066379904747009,0.0777428224682807
TALL,TALL_001,2023,10,16,NEON_DP3.30026.002_bidirectional,0.8609883189201355,0.0245487391948699,0.4890298545360565,0.0632643848657608,0.8323388695716858,0.032650388777256,0.4700624346733093,0.0514240264892578
TALL,TALL_001,2024,10,16,NEON_DP3.30026.002_bidirectional,0.8508584499359131,0.0254124663770198,0.589495062828064,0.0713805109262466,0.8067991137504578,0.0332130193710327,0.5508397221565247,0.0555372275412082
TALL,TALL_002,2017,10,16,NEON_DP3.30026.002_bidirectional,0.8334296941757202,0.0300235692411661,0.4917621612548828,0.08253825455904,0.7957597374916077,0.036968357861042,0.470449298620224,0.067045621573925
TALL,TALL_002,2023,10,16,NEON_DP3.30026.002_bidirectional,0.8622252941131592,0.0286806151270866,0.4840587675571441,0.0829635635018348,0.8388969898223877,0.0366329029202461,0.4641022980213165,0.0670859292149543
TALL,TALL_002,2024,10,16,NEON_DP3.30026.002_bidirectional,0.8596749901771545,0.0264710541814565,0.5409933924674988,0.0616081058979034,0.8221331238746643,0.0333358086645603,0.5139539241790771,0.049823060631752
TALL,TALL_003,2017,10,16,NEON_DP3.30026.002_bidirectional,0.4947362840175628,0.1353387236595153,0.3180996775627136,0.0948234349489212,0.3375385105609894,0.1756240874528885,0.3196260929107666,0.083433911204338
TALL,TALL_003,2023,10,16,NEON_DP3.30026.002_bidirectional,0.8419780731201172,0.0628569722175598,0.5395020246505737,0.0791990831494331,0.7973014116287231,0.0900557860732078,0.5110074877738953,0.0641218945384025
TALL,TALL_003,2024,10,16,NEON_DP3.30026.002_bidirectional,0.8150956034660339,0.0705990642309188,0.5402308106422424,0.0795786157250404,0.7456867098808289,0.1016432121396064,0.5176506042480469,0.0632403120398521
TALL,TALL_004,2017,10,16,NEON_DP3.30026.002_bidirectional,0.7407630681991577,0.0752878487110138,0.4114146828651428,0.0726116746664047,0.6547592878341675,0.1003108695149421,0.4065839946269989,0.0623933635652065
TALL,TALL_004,2023,10,16,NEON_DP3.30026.002_bidirectional,0.7259193658828735,0.0478244759142398,0.3736850321292877,0.0534652359783649,0.6448993682861328,0.0650936365127563,0.3722105920314789,0.0476807877421379
TALL,TALL_004,2024,10,16,NEON_DP3.30026.002_bidirectional,0.7454251050949097,0.0619124472141265,0.4918655157089233,0.0734100639820098,0.6555863618850708,0.0831891819834709,0.4742912948131561,0.0601821579039096
TALL,TALL_005,2017,10,16,NEON_DP3.30026.002_bidirectional,0.6412391066551208,0.1259978711605072,0.3670549094676971,0.116760529577732,0.5385569334030151,0.1653160452842712,0.3601519465446472,0.0995329171419143
TALL,TALL_005,2023,10,16,NEON_DP3.30026.002_bidirectional,0.8473904728889465,0.0279120672494173,0.5255542397499084,0.1184726431965828,0.8079215884208679,0.0360837765038013,0.4956615567207336,0.0933076366782188
TALL,TALL_005,2024,10,16,NEON_DP3.30026.002_bidirectional,0.8200997114181519,0.0486818589270114,0.5472608804702759,0.0855921059846878,0.7601907253265381,0.067595474421978,0.5173929333686829,0.0680296570062637
TALL,TALL_006,2017,10,16,NEON_DP3.30026.002_bidirectional,0.8685048222541809,0.0325958468019962,0.5281874537467957,0.0635211989283561,0.8305470943450928,0.0470007918775081,0.5051358938217163,0.0500739179551601
TALL,TALL_006,2023,10,16,NEON_DP3.30026.002_bidirectional,0.8501388430595398,0.0281552132219076,0.4777689278125763,0.0608566217124462,0.819459080696106,0.0388323441147804,0.4599767327308655,0.0493325963616371
TALL,TALL_006,2024,10,16,NEON_DP3.30026.002_bidirectional,0.8043037056922913,0.0444812923669815,0.4596762657165527,0.0723319575190544,0.742495059967041,0.0593219101428985,0.4476489126682281,0.0605119504034519
TALL,TALL_007,2017,10,16,NEON_DP3.30026.002_bidirectional,0.869214653968811,0.040100947022438,0.6078671216964722,0.1198987662792205,0.8384993672370911,0.055013682693243,0.5599985122680664,0.0916924700140953
TALL,TALL_007,2023,10,16,NEON_DP3.30026.002_bidirectional,0.8785317540168762,0.0384014137089252,0.5661059021949768,0.1209515333175659,0.8508243560791016,0.0511789694428443,0.5289597511291504,0.0960144847631454
TALL,TALL_007,2024,10,16,NEON_DP3.30026.002_bidirectional,0.86678147315979,0.0358136110007762,0.6369842290878296,0.1123312562704086,0.8264011740684509,0.0507690943777561,0.5858951210975647,0.0849946737289428
TALL,TALL_008,2017,10,16,NEON_DP3.30026.002_bidirectional,0.90490061044693,0.0348885059356689,0.6342490911483765,0.1006570011377334,0.8834607005119324,0.0474164672195911,0.5833370089530945,0.0764063522219657
TALL,TALL_008,2023,10,16,NEON_DP3.30026.002_bidirectional,0.8961790800094604,0.0202842373400926,0.620476245880127,0.0656420141458511,0.8759198784828186,0.0284141767770051,0.5728493332862854,0.0499972738325595
TALL,TALL_008,2024,10,16,NEON_DP3.30026.002_bidirectional,0.8919961452484131,0.0203505158424377,0.624237060546875,0.0564657934010028,0.8579630255699158,0.0280956346541643,0.5823221802711487,0.0429624356329441
TALL,TALL_009,2017,10,16,NEON_DP3.30026.002_bidirectional,0.8093653321266174,0.0284824594855308,0.5569135546684265,0.0571229979395866,0.7539383172988892,0.044251699000597,0.5206760168075562,0.0461457148194313
TALL,TALL_009,2023,10,16,NEON_DP3.30026.002_bidirectional,0.876705527305603,0.0147906281054019,0.5735803842544556,0.0943544954061508,0.8547253012657166,0.0243656672537326,0.5314957499504089,0.0744692683219909
TALL,TALL_009,2024,10,16,NEON_DP3.30026.002_bidirectional,0.8450297713279724,0.0314906202256679,0.5885050892829895,0.0609622411429882,0.7931232452392578,0.0442212298512458,0.5499042272567749,0.0467223115265369
TALL,TALL_010,2017,10,16,NEON_DP3.30026.002_bidirectional,0.8929420709609985,0.0189846120774745,0.6260253190994263,0.089569479227066,0.8769657611846924,0.0300278104841709,0.5726598501205444,0.0675011053681373
TALL,TALL_010,2023,10,16,NEON_DP3.30026.002_bidirectional,0.8606811165809631,0.0443233512341976,0.4877033829689026,0.1083099171519279,0.8391024470329285,0.0632870346307754,0.4628491997718811,0.0901160836219787
TALL,TALL_010,2024,10,16,NEON_DP3.30026.002_bidirectional,0.8902726173400879,0.0182282403111457,0.63568115234375,0.0871766433119773,0.8611308336257935,0.0271123107522726,0.5847848653793335,0.0650604665279388
TALL,TALL_011,2017,10,16,NEON_DP3.30026.002_bidirectional,0.884980320930481,0.0450064167380332,0.615098237991333,0.076672226190567,0.8630498051643372,0.0640015080571174,0.5658946633338928,0.0593489333987236
TALL,TALL_011,2023,10,16,NEON_DP3.30026.002_bidirectional,0.8829677700996399,0.0376502498984336,0.5112055540084839,0.0952492207288742,0.8718656301498413,0.0471554957330226,0.4807102084159851,0.0781509578227996
TALL,TALL_011,2024,10,16,NEON_DP3.30026.002_bidirectional,0.8822962045669556,0.0324848107993602,0.6092897653579712,0.0700144618749618,0.853418231010437,0.0441257841885089,0.5643177628517151,0.0538253337144851
TALL,TALL_012,2017,10,16,NEON_DP3.30026.002_bidirectional,0.8715440034866333,0.0322136469185352,0.5554622411727905,0.088967815041542,0.838142991065979,0.0445127785205841,0.5239612460136414,0.070880189538002
TALL,TALL_012,2023,10,16,NEON_DP3.30026.002_bidirectional,0.8833783268928528,0.0185313411056995,0.5969593524932861,0.0765244588255882,0.8547805547714233,0.0256815925240516,0.5559028387069702,0.0597561225295066
TALL,TALL_012,2024,10,16,NEON_DP3.30026.002_bidirectional,0.8739345073699951,0.0244821682572364,0.6119530200958252,0.077809140086174,0.8350565433502197,0.0331231579184532,0.5692816376686096,0.0612362436950206
TALL,TALL_013,2017,10,16,NEON_DP3.30026.002_bidirectional,0.8543903231620789,0.0231704674661159,0.5181797742843628,0.0679189190268516,0.8110933303833008,0.0352488346397876,0.4961634278297424,0.0547251179814338
TALL,TALL_013,2023,10,16,NEON_DP3.30026.002_bidirectional,0.8156551718711853,0.0201310869306325,0.4595939517021179,0.0339961871504783,0.7625842690467834,0.0303326286375522,0.4479150176048279,0.0281685069203376
TALL,TALL_013,2024,10,16,NEON_DP3.30026.002_bidirectional,0.74910569190979,0.0307934153825044,0.4197026491165161,0.0377582237124443,0.6671243906021118,0.0416892990469932,0.4138392806053161,0.0317702554166317
TALL,TALL_015,2017,10,16,NEON_DP3.30026.002_bidirectional,0.8832852244377136,0.0381427481770515,0.5994425415992737,0.1089760288596153,0.857922375202179,0.0506436973810195,0.5546290874481201,0.0811680182814598
TALL,TALL_015,2023,10,16,NEON_DP3.30026.002_bidirectional,0.8700017929077148,0.0291494950652122,0.5592662692070007,0.0769235491752624,0.8487772941589355,0.0374592021107673,0.5211985111236572,0.0594293922185897
TALL,TALL_015,2024,10,16,NEON_DP3.30026.002_bidirectional,0.8761591911315918,0.0275612268596887,0.6405156254768372,0.0823943689465522,0.8409952521324158,0.037144761532545,0.5878210067749023,0.0606250055134296
TALL,TALL_016,2017,10,16,NEON_DP3.30026.002_bidirectional,0.7970038652420044,0.0350212566554546,0.4327898323535919,0.0618386901915073,0.7399529218673706,0.0494869612157344,0.4233770072460174,0.0524767786264419
TALL,TALL_016,2023,10,16,NEON_DP3.30026.002_bidirectional,0.7683958411216736,0.032580267637968,0.349742978811264,0.0409355573356151,0.7071968913078308,0.0465552173554897,0.3520768582820892,0.0364039912819862
TALL,TALL_016,2024,10,16,NEON_DP3.30026.002_bidirectional,0.7955296635627747,0.0291298013180494,0.4670526087284088,0.04609901830554,0.7241855263710022,0.041098054498434,0.4563983380794525,0.0382068902254104
TALL,TALL_017,2017,10,16,NEON_DP3.30026.002_bidirectional,0.7733311653137207,0.0922544747591018,0.4565456211566925,0.1282160580158233,0.7176827192306519,0.1284740269184112,0.436075210571289,0.1027030870318412
TALL,TALL_017,2023,10,16,NEON_DP3.30026.002_bidirectional,0.8380288481712341,0.0427174530923366,0.4389198422431946,0.0998939499258995,0.8099408745765686,0.0561587363481521,0.4236734807491302,0.080945611000061
TALL,TALL_017,2024,10,16,NEON_DP3.30026.002_bidirectional,0.8360008597373962,0.0360972546041011,0.5200738906860352,0.0987565070390701,0.7890293598175049,0.0507059842348098,0.4926179349422455,0.0767016112804412
TALL,TALL_018,2017,10,16,NEON_DP3.30026.002_bidirectional,0.7952784895896912,0.0193903222680091,0.4617392420768738,0.0331358648836612,0.7301985025405884,0.0298848524689674,0.4486614465713501,0.0274175852537155
TALL,TALL_018,2023,10,16,NEON_DP3.30026.002_bidirectional,0.8127777576446533,0.01717977412045,0.4451084434986114,0.0468009635806083,0.7575247287750244,0.025436470285058,0.4334082305431366,0.0386072695255279
TALL,TALL_018,2024,10,16,NEON_DP3.30026.002_bidirectional,0.7389869093894958,0.0179194565862417,0.3873971402645111,0.035780057311058,0.651144802570343,0.0234751515090465,0.3866851031780243,0.0319974347949028
TALL,TALL_020,2017,10,16,NEON_DP3.30026.002_bidirectional,0.7839612364768982,0.0301238633692264,0.4719438850879669,0.0565263368189334,0.7139193415641785,0.0415809527039527,0.4576183259487152,0.0478783249855041
TALL,TALL_020,2023,10,16,NEON_DP3.30026.002_bidirectional,0.7491647005081177,0.0349419265985488,0.3604589104652405,0.0658603087067604,0.6844799518585205,0.0424827933311462,0.3577818274497986,0.0578915290534496
TALL,TALL_020,2024,10,16,NEON_DP3.30026.002_bidirectional,0.7979439496994019,0.0281310826539993,0.5035342574119568,0.0500295460224151,0.7262327075004578,0.0396771281957626,0.4852867424488067,0.04062470048666
TALL,TALL_022,2017,10,16,NEON_DP3.30026.002_bidirectional,0.8693475127220154,0.024187047034502,0.5783554315567017,0.0863793194293975,0.8381611704826355,0.0326149202883243,0.5389841794967651,0.0671926066279411
TALL,TALL_022,2023,10,16,NEON_DP3.30026.002_bidirectional,0.881655752658844,0.0258469209074974,0.5506991147994995,0.0872228667140007,0.8590585589408875,0.0362549424171447,0.5173645615577698,0.0691265240311622
TALL,TALL_022,2024,10,16,NEON_DP3.30026.002_bidirectional,0.8708509802818298,0.0292450711131095,0.6119018197059631,0.0712019801139831,0.8361841440200806,0.0382813140749931,0.5675263404846191,0.0552501231431961
TALL,TALL_025,2017,10,16,NEON_DP3.30026.002_bidirectional,0.8716174364089966,0.029422141611576,0.5155479907989502,0.103617139160633,0.8461812734603882,0.0414591617882251,0.4891608357429504,0.0852758213877677
TALL,TALL_025,2023,10,16,NEON_DP3.30026.002_bidirectional,0.8722871541976929,0.0282724630087614,0.5223774313926697,0.0945987403392791,0.8450624346733093,0.0401105172932148,0.4953184425830841,0.076305516064167
TALL,TALL_025,2024,10,16,NEON_DP3.30026.002_bidirectional,0.8502259850502014,0.0304007660597562,0.5623095035552979,0.0616979449987411,0.7997004389762878,0.0409221239387989,0.5334697961807251,0.0499988570809364
TALL,TALL_042,2017,10,16,NEON_DP3.30026.002_bidirectional,0.7915878295898438,0.0609191842377185,0.4794170260429382,0.1040212959051132,0.7315865755081177,0.0844952687621116,0.4587749540805816,0.0830749124288559
TALL,TALL_042,2023,10,16,NEON_DP3.30026.002_bidirectional,0.8433286547660828,0.0425040945410728,0.5050641298294067,0.1111771762371063,0.8087175488471985,0.0576359741389751,0.4780563712120056,0.0870731696486473
TALL,TALL_042,2024,10,16,NEON_DP3.30026.002_bidirectional,0.7882979512214661,0.0565254352986812,0.5013236999511719,0.0989045873284339,0.7177240252494812,0.0748964697122573,0.4799164533615112,0.0797590538859367
TALL,TALL_043,2017,10,12,NEON_DP3.30026.002_bidirectional,0.7672978043556213,0.0436936169862747,0.4298170804977417,0.0560015439987182,0.706409752368927,0.0627229437232017,0.416666030883789,0.0469659455120563
TALL,TALL_043,2023,10,12,NEON_DP3.30026.002_bidirectional,0.829827606678009,0.0222864169627428,0.42741858959198,0.0708615779876709,0.7959339618682861,0.0358931869268417,0.4158647954463959,0.0599338412284851
TALL,TALL_043,2024,10,12,NEON_DP3.30026.002_bidirectional,0.7611405253410339,0.0478519573807716,0.4275055229663849,0.0385206155478954,0.6866995692253113,0.0656969249248504,0.4191575050354004,0.0327290222048759
TALL,TALL_044,2017,10,16,NEON_DP3.30026.002_bidirectional,0.78696608543396,0.0273146945983171,0.3991637229919433,0.0501819550991058,0.7309814691543579,0.0378462448716163,0.3942412734031677,0.0407802537083625
TALL,TALL_044,2023,10,16,NEON_DP3.30026.002_bidirectional,0.8265604972839355,0.018707949668169,0.4274980723857879,0.0453643687069416,0.7819330096244812,0.026235107332468,0.4201273620128631,0.0371401384472847
TALL,TALL_044,2024,10,16,NEON_DP3.30026.002_bidirectional,0.7989516258239746,0.0291923787444829,0.4692228436470032,0.0596662499010562,0.7354056239128113,0.0397660098969936,0.4553030133247375,0.0474565252661705
TALL,TALL_045,2017,10,12,NEON_DP3.30026.002_bidirectional,0.8140416741371155,0.0130808763206005,0.4540126323699951,0.0335015170276165,0.7597570419311523,0.0190177839249372,0.4429496228694916,0.0281549878418445
TALL,TALL_045,2023,10,12,NEON_DP3.30026.002_bidirectional,0.8177292943000793,0.0230257362127304,0.4416243135929107,0.0510733127593994,0.7731785774230957,0.0322582013905048,0.4290795624256134,0.040336862206459
TALL,TALL_045,2024,10,12,NEON_DP3.30026.002_bidirectional,0.7789685130119324,0.0281808469444513,0.4506366550922394,0.0445529781281948,0.7057530879974365,0.0389750599861145,0.440748006105423,0.0361446775496006
TALL,TALL_046,2017,10,12,NEON_DP3.30026.002_bidirectional,0.8498819470405579,0.0530618391931057,0.5245055556297302,0.0765216201543808,0.8136460781097412,0.0764765888452529,0.4970728456974029,0.0608151294291019
TALL,TALL_046,2023,10,12,NEON_DP3.30026.002_bidirectional,0.8781790733337402,0.020563269034028,0.496358186006546,0.0623952485620975,0.854909360408783,0.0276400242000818,0.4746465981006622,0.0491294860839843
TALL,TALL_046,2024,10,12,NEON_DP3.30026.002_bidirectional,0.8660990595817566,0.0193745177239179,0.5509849190711975,0.0544275417923927,0.8267636895179749,0.0251556262373924,0.5229532122612,0.0426503419876098
TALL,TALL_047,2017,10,12,NEON_DP3.30026.002_bidirectional,0.8367281556129456,0.0339353717863559,0.4502106010913849,0.0984230414032936,0.7975272536277771,0.0453957840800285,0.4358260333538055,0.0796142518520355
TALL,TALL_047,2023,10,12,NEON_DP3.30026.002_bidirectional,0.8563166260719299,0.024665093049407,0.4445887506008148,0.0877192839980125,0.82966548204422,0.0357230007648468,0.4305220544338226,0.0711223185062408
TALL,TALL_047,2024,10,12,NEON_DP3.30026.002_bidirectional,0.8379045128822327,0.0297330953180789,0.5113472938537598,0.0773569047451019,0.7900130152702332,0.0411507003009319,0.4882567226886749,0.0610984824597835
TALL,TALL_048,2017,10,12,NEON_DP3.30026.002_bidirectional,0.7883045673370361,0.019557325169444,0.4541395902633667,0.0470438003540039,0.7121458053588867,0.0309018772095441,0.4455671310424804,0.0394369699060916
TALL,TALL_048,2023,10,12,NEON_DP3.30026.002_bidirectional,0.8089048266410828,0.0111381448805332,0.4290924966335296,0.0572208501398563,0.7566683888435364,0.0212962962687015,0.4199518263339996,0.0479767993092536
TALL,TALL_048,2024,10,12,NEON_DP3.30026.002_bidirectional,0.7530801296234131,0.0235446263104677,0.405452013015747,0.0401600189507007,0.6748223304748535,0.0330258347094059,0.4013844728469848,0.0347003899514675
TALL,TALL_049,2017,10,16,NEON_DP3.30026.002_bidirectional,0.8366078734397888,0.0287010967731475,0.4764579236507416,0.0690510720014572,0.7844771146774292,0.0411920398473739,0.4620787501335144,0.057141289114952
TALL,TALL_049,2023,10,16,NEON_DP3.30026.002_bidirectional,0.8438570499420166,0.0187857002019882,0.4430849552154541,0.0814163088798523,0.8101189732551575,0.0254926830530166,0.4299472272396087,0.0676538571715354
TALL,TALL_049,2024,10,16,NEON_DP3.30026.002_bidirectional,0.8011941909790039,0.0270169135183095,0.4282159209251404,0.0738529860973358,0.7416361570358276,0.0348358489573001,0.4196754693984985,0.0626217722892761
TALL,TALL_050,2017,10,16,NEON_DP3.30026.002_bidirectional,0.7842510342597961,0.0227026212960481,0.4463183581829071,0.0330954603850841,0.7037060260772705,0.0341352820396423,0.4407940506935119,0.0290193688124418
TALL,TALL_050,2023,10,16,NEON_DP3.30026.002_bidirectional,0.8094511032104492,0.0110702412202954,0.4361722469329834,0.0557347163558006,0.758457362651825,0.0157540664076805,0.4254871010780334,0.0483187846839427
TALL,TALL_050,2024,10,16,NEON_DP3.30026.002_bidirectional,0.7651673555374146,0.025818882510066,0.4303183257579803,0.0361120700836181,0.6890765428543091,0.0357294604182243,0.422688364982605,0.0309121347963809
TALL,TALL_051,2017,10,16,NEON_DP3.30026.002_bidirectional,0.825780987739563,0.044459018856287,0.4844040870666504,0.0954954400658607,0.7718702554702759,0.0595889762043952,0.4666658043861389,0.0758002772927284
TALL,TALL_051,2023,10,16,NEON_DP3.30026.002_bidirectional,0.8415415287017822,0.0335723273456096,0.4958880245685577,0.1069963350892067,0.8056145310401917,0.0438089855015277,0.4723185896873474,0.0849152281880378
TALL,TALL_051,2024,10,16,NEON_DP3.30026.002_bidirectional,0.7910327315330505,0.0543199181556701,0.5006142258644104,0.1182999908924102,0.7220710515975952,0.0711717903614044,0.4789453148841858,0.0942318812012672
TALL,TALL_052,2017,10,12,NEON_DP3.30026.002_bidirectional,0.7765188813209534,0.0184859056025743,0.4332116544246673,0.0642057508230209,0.7123602032661438,0.0272968355566263,0.422159194946289,0.0562417842447757
TALL,TALL_052,2023,10,12,NEON_DP3.30026.002_bidirectional,0.8101975321769714,0.0199893768876791,0.4251873791217804,0.0598511062562465,0.7567448616027832,0.0288045573979616,0.4177271425724029,0.0511309914290905
TALL,TALL_052,2024,10,12,NEON_DP3.30026.002_bidirectional,0.73709636926651,0.0248756669461727,0.3785786926746368,0.044961005449295,0.6568994522094727,0.0330915488302707,0.3769908845424652,0.0395547002553939
TALL,TALL_053,2017,10,16,NEON_DP3.30026.002_bidirectional,0.8685798645019531,0.0281802974641323,0.5747241973876953,0.0861052051186561,0.83893883228302,0.0379517152905464,0.5355898141860962,0.0684572905302047
TALL,TALL_053,2023,10,16,NEON_DP3.30026.002_bidirectional,0.8664263486862183,0.0359486155211925,0.5335397124290466,0.0895581841468811,0.8341416120529175,0.0472608283162117,0.5043242573738098,0.0715306922793388
TALL,TALL_053,2024,10,16,NEON_DP3.30026.002_bidirectional,0.8489200472831726,0.03225564584136,0.554898738861084,0.0761517956852912,0.8031411170959473,0.0418779626488685,0.5231932401657104,0.062352254986763
TALL,TALL_054,2017,10,16,NEON_DP3.30026.002_bidirectional,0.7709231376647949,0.033263549208641,0.4106135368347168,0.0465160943567752,0.6974020600318909,0.0469731651246547,0.4068943858146667,0.0396255813539028
TALL,TALL_054,2023,10,16,NEON_DP3.30026.002_bidirectional,0.8024801015853882,0.0297555346041917,0.4219571053981781,0.068657286465168,0.7476471662521362,0.0405008122324943,0.4139534831047058,0.056632675230503
TALL,TALL_054,2024,10,16,NEON_DP3.30026.002_bidirectional,0.7188957333564758,0.055282212793827,0.4097167551517486,0.0625496432185173,0.6252099871635437,0.0724783316254615,0.4046134650707245,0.0521578416228294
TALL,TALL_055,2017,10,16,NEON_DP3.30026.002_bidirectional,0.9015157222747804,0.025056155398488,0.5959644913673401,0.10223338752985,0.8819201588630676,0.0348170436918735,0.5515894889831543,0.0783272311091423
TALL,TALL_055,2023,10,16,NEON_DP3.30026.002_bidirectional,0.9056650996208192,0.0248076673597097,0.6276470422744751,0.0923936888575553,0.8872023820877075,0.0344860143959522,0.5764563083648682,0.0682609751820564
TALL,TALL_055,2024,10,16,NEON_DP3.30026.002_bidirectional,0.8905346393585205,0.0295949205756187,0.6564590334892273,0.0868419557809829,0.8596072793006897,0.040761612355709,0.5998154282569885,0.0648628249764442
TALL,TALL_056,2017,10,12,NEON_DP3.30026.002_bidirectional,0.6872338652610779,0.0448308959603309,0.3862729072570801,0.0581160075962543,0.5809425711631775,0.0598088167607784,0.3848523795604706,0.0515913888812065
TALL,TALL_056,2023,10,12,NEON_DP3.30026.002_bidirectional,0.7420313954353333,0.0391525998711586,0.3951541185379028,0.0543012917041778,0.6606453061103821,0.052948210388422,0.390813797712326,0.0479387789964675
TALL,TALL_056,2024,10,12,NEON_DP3.30026.002_bidirectional,0.6176315546035767,0.0682735815644264,0.3429856598377228,0.0451072640717029,0.4981072843074798,0.0894870534539222,0.343184620141983,0.0400679968297481
TALL,TALL_057,2017,10,16,NEON_DP3.30026.002_bidirectional,0.8262640237808228,0.0557439886033535,0.4770562052726745,0.0849776938557624,0.7765473127365112,0.0799541845917701,0.4610396027565002,0.0693240389227867
TALL,TALL_057,2023,10,16,NEON_DP3.30026.002_bidirectional,0.8420781493186951,0.0325119979679584,0.4918453693389892,0.0846727490425109,0.8001206517219543,0.044382344931364,0.4714833498001098,0.0668448507785797
TALL,TALL_057,2024,10,16,NEON_DP3.30026.002_bidirectional,0.804173469543457,0.0707040131092071,0.5086260437965393,0.0903931185603141,0.7404053211212158,0.0971884652972221,0.4862860739231109,0.0732353031635284
TALL,TALL_058,2017,10,16,NEON_DP3.30026.002_bidirectional,0.8705307245254517,0.0423661097884178,0.5843676924705505,0.1418760567903518,0.8434655070304871,0.0556978434324264,0.5390171408653259,0.1084213778376579
TALL,TALL_058,2023,10,16,NEON_DP3.30026.002_bidirectional,0.8778752088546753,0.0319070294499397,0.5792732834815979,0.1101840510964393,0.8516219854354858,0.0432296320796012,0.5382910966873169,0.0849306061863899
TALL,TALL_058,2024,10,16,NEON_DP3.30026.002_bidirectional,0.8660845160484314,0.0376366674900054,0.6185759902000427,0.1155585870146751,0.826598584651947,0.0506385862827301,0.5715529918670654,0.0881327986717224
TALL,TALL_059,2017,10,16,NEON_DP3.30026.002_bidirectional,0.8942108750343323,0.0374015234410762,0.5950416922569275,0.1038075312972068,0.8784666657447815,0.051490519195795,0.5508432984352112,0.0800642222166061
TALL,TALL_059,2023,10,16,NEON_DP3.30026.002_bidirectional,0.8859704732894897,0.036606453359127,0.5428091883659363,0.0933663696050643,0.8672756552696228,0.0472364649176597,0.5100830793380737,0.076608657836914
TALL,TALL_059,2024,10,16,NEON_DP3.30026.002_bidirectional,0.8809052109718323,0.0408618971705436,0.6054237484931946,0.0841705650091171,0.8514677882194519,0.055498968809843,0.5620397925376892,0.0665128156542778
TALL,TALL_060,2017,10,16,NEON_DP3.30026.002_bidirectional,0.8528026938438416,0.0376917496323585,0.5107746124267578,0.0652433186769485,0.8156853914260864,0.0537678487598896,0.4866923093795776,0.0514321140944957
TALL,TALL_060,2023,10,16,NEON_DP3.30026.002_bidirectional,0.8801299333572388,0.021358948200941,0.4801247417926788,0.0772649347782135,0.8530653119087219,0.0333107374608516,0.4635984897613525,0.063526302576065
TALL,TALL_060,2024,10,16,NEON_DP3.30026.002_bidirectional,0.851905107498169,0.0355470813810825,0.5604237914085388,0.0721377432346344,0.8060908317565918,0.0501864850521087,0.5281624794006348,0.055503275245428
TALL,TALL_061,2017,10,16,NEON_DP3.30026.002_bidirectional,0.8041841983795166,0.0489300452172756,0.444798469543457,0.0943891033530235,0.742854654788971,0.0686532780528068,0.4342264235019684,0.0790580734610557
TALL,TALL_061,2023,10,16,NEON_DP3.30026.002_bidirectional,0.8299792408943176,0.0367151908576488,0.4562160074710846,0.0677973181009292,0.7813510894775391,0.0512570068240165,0.4445476830005646,0.0566835403442382
TALL,TALL_061,2024,10,16,NEON_DP3.30026.002_bidirectional,0.7856181263923645,0.0471374653279781,0.4551441669464111,0.0690032541751861,0.7210074067115784,0.0627663061022758,0.4414630234241485,0.0577435046434402
TALL,TALL_064,2017,10,16,NEON_DP3.30026.002_bidirectional,0.8837016224861145,0.0255424622446298,0.6009634137153625,0.0803495049476623,0.8630539774894714,0.0350604653358459,0.5551718473434448,0.0604149922728538
TALL,TALL_064,2023,10,16,NEON_DP3.30026.002_bidirectional,0.8503984212875366,0.0298289470374584,0.5126749277114868,0.0899673476815223,0.8190850615501404,0.0372575782239437,0.484571099281311,0.0719082877039909
TALL,TALL_064,2024,10,16,NEON_DP3.30026.002_bidirectional,0.8550620079040527,0.025358397513628,0.5929014682769775,0.0663923099637031,0.80875164270401,0.0348620973527431,0.5539832711219788,0.0513814575970172
TEAK,TEAK_001,2023,10,16,NEON_DP3.30026.002_bidirectional,0.6804216504096985,0.1084530055522918,0.303633838891983,0.0623798258602619,0.5947045683860779,0.146837443113327,0.3027929067611694,0.0579279996454715
TEAK,TEAK_001,2024,10,16,NEON_DP3.30026.002_bidirectional,0.659421443939209,0.0991697311401367,0.3147109746932983,0.0347708761692047,0.5522990226745605,0.131188228726387,0.3173666000366211,0.0322479978203773
TEAK,TEAK_002,2023,10,16,NEON_DP3.30026.002_bidirectional,0.7512728571891785,0.0861497446894645,0.3677212297916412,0.1324754059314727,0.6605924367904663,0.1161346659064292,0.3551995754241943,0.1184844076633453
TEAK,TEAK_002,2024,10,16,NEON_DP3.30026.002_bidirectional,0.6016846895217896,0.0974166616797447,0.3199858069419861,0.0924051851034164,0.4668186604976654,0.1224627494812011,0.3212309181690216,0.0850011557340622
TEAK,TEAK_003,2023,10,16,NEON_DP3.30026.002_bidirectional,0.5674313902854919,0.0806102082133293,0.285132884979248,0.0492595955729484,0.474387913942337,0.1100103110074997,0.2792748808860779,0.0442211516201496
TEAK,TEAK_003,2024,10,16,NEON_DP3.30026.002_bidirectional,0.6008698344230652,0.0735363066196441,0.2987305223941803,0.0526784062385559,0.4969111382961273,0.0976039096713066,0.2957517802715301,0.0469494797289371
TEAK,TEAK_004,2023,10,8,NEON_DP3.30026.002_bidirectional,0.5507590770721436,0.1167963817715644,0.3068636357784271,0.1129531562328338,0.4478194117546081,0.1578574478626251,0.299114316701889,0.0957200676202774
TEAK,TEAK_004,2024,10,8,NEON_DP3.30026.002_bidirectional,0.4823924303054809,0.1094402000308036,0.2444742769002914,0.0821448639035224,0.3359612226486206,0.1352726221084594,0.249306246638298,0.0747034922242164
TEAK,TEAK_005,2023,10,16,NEON_DP3.30026.002_bidirectional,0.3607642352581024,0.1357551515102386,0.1908840835094452,0.0631253942847251,0.2006821781396865,0.1455331295728683,0.1986080408096313,0.0623525902628898
TEAK,TEAK_005,2024,10,16,NEON_DP3.30026.002_bidirectional,0.4537140130996704,0.0951182916760444,0.1917928159236908,0.0733063519001007,0.2808669209480285,0.1064697653055191,0.1986663043498993,0.0707448348402977
TEAK,TEAK_006,2023,10,16,NEON_DP3.30026.002_bidirectional,0.5837692618370056,0.1305489987134933,0.2479559779167175,0.0675058513879776,0.4341310262680053,0.1631622165441513,0.2557556629180908,0.0637901052832603
TEAK,TEAK_006,2024,10,16,NEON_DP3.30026.002_bidirectional,0.5755193829536438,0.1209010332822799,0.2537801265716553,0.0641230046749115,0.4276967346668243,0.1512468308210373,0.260652631521225,0.0602972358465194
TEAK,TEAK_007,2023,10,16,NEON_DP3.30026.002_bidirectional,0.5845901966094971,0.1107560321688652,0.2977590262889862,0.0853627324104309,0.4499663412570953,0.3378649055957794,0.2878529727458954,0.0774962231516838
TEAK,TEAK_007,2024,10,16,NEON_DP3.30026.002_bidirectional,0.5880123376846313,0.1256312280893325,0.3085828423500061,0.085071213543415,0.5334519743919373,0.1987834572792053,0.2979928851127624,0.0776180624961853
TEAK,TEAK_010,2023,10,16,NEON_DP3.30026.002_bidirectional,0.7736308574676514,0.0847527757287025,0.3475795686244964,0.1332523673772812,0.8385248780250549,0.7494935989379883,0.3401525020599365,0.112607255578041
TEAK,TEAK_010,2024,10,16,NEON_DP3.30026.002_bidirectional,0.7890449166297913,0.0817079618573188,0.3697683811187744,0.1167018711566925,0.7616019248962402,0.1280240416526794,0.3586519062519073,0.1024374887347221
TEAK,TEAK_011,2023,10,16,NEON_DP3.30026.002_bidirectional,0.5605634450912476,0.1393917500972747,0.260373055934906,0.0442992970347404,0.444757729768753,0.1698674708604812,0.2608994841575622,0.0422108918428421
TEAK,TEAK_011,2024,10,16,NEON_DP3.30026.002_bidirectional,0.548495888710022,0.1112014576792717,0.2247689217329025,0.0564826130867004,0.3699503242969513,0.1512017697095871,0.2295572310686111,0.0557704828679561
TEAK,TEAK_012,2023,10,16,NEON_DP3.30026.002_bidirectional,0.7089566588401794,0.0771271362900734,0.3188812434673309,0.0798535794019699,0.6364378333091736,0.1059001684188842,0.3127776980400085,0.0702348724007606
TEAK,TEAK_012,2024,10,16,NEON_DP3.30026.002_bidirectional,0.6744046807289124,0.0591109842061996,0.3219498991966247,0.084670253098011,0.5319229960441589,0.0822830125689506,0.3171576261520386,0.0745931938290596
TEAK,TEAK_013,2023,10,16,NEON_DP3.30026.002_bidirectional,0.7572848796844482,0.0940277874469757,0.351014107465744,0.1150703653693199,0.6798691749572754,0.1232401579618454,0.3448980748653412,0.1020969599485397
TEAK,TEAK_013,2024,10,16,NEON_DP3.30026.002_bidirectional,0.7049316763877869,0.0856590420007705,0.3476016819477081,0.0979555547237396,0.6177241802215576,0.1107607930898666,0.3431073725223541,0.08933025598526
TEAK,TEAK_014,2023,10,16,NEON_DP3.30026.002_bidirectional,0.7396190166473389,0.0649438798427581,0.2891316711902618,0.0984696149826049,0.7072890400886536,0.0945441946387291,0.284852534532547,0.0854704827070236
TEAK,TEAK_014,2024,10,16,NEON_DP3.30026.002_bidirectional,0.7596134543418884,0.0583806075155735,0.3087870478630066,0.0922696366906166,0.7292462587356567,0.1016285046935081,0.3049483895301819,0.0798227787017822
TEAK,TEAK_015,2023,10,16,NEON_DP3.30026.002_bidirectional,0.8254589438438416,0.0688311979174614,0.278577446937561,0.1197107657790184,0.8050849437713623,0.0873766392469406,0.2668655514717102,0.101702906191349
TEAK,TEAK_015,2024,10,16,NEON_DP3.30026.002_bidirectional,0.8214987516403198,0.061638094484806,0.3831536471843719,0.1090317368507385,0.7602420449256897,0.2278165221214294,0.3617260158061981,0.0681898295879364
TEAK,TEAK_016,2023,10,16,NEON_DP3.30026.002_bidirectional,0.4165221750736236,0.1528975516557693,0.2325213849544525,0.0860101953148841,0.2770689129829407,0.1708048433065414,0.2263193130493164,0.0809870734810829
TEAK,TEAK_016,2024,10,16,NEON_DP3.30026.002_bidirectional,0.4462270736694336,0.1481064110994339,0.2370281219482422,0.0715426430106163,0.3090466558933258,0.1666873395442962,0.2353202700614929,0.0672213807702064
TEAK,TEAK_017,2023,10,16,NEON_DP3.30026.002_bidirectional,0.76593416929245,0.1165155917406082,0.3437999486923218,0.0964324921369552,0.7028241753578186,0.1596573144197464,0.3347357809543609,0.0821448192000389
TEAK,TEAK_017,2024,10,16,NEON_DP3.30026.002_bidirectional,0.7782561779022217,0.1139127388596534,0.3405273556709289,0.0964956134557724,0.7122198343276978,0.1443886309862136,0.3332944214344024,0.083892673254013
TEAK,TEAK_018,2023,10,16,NEON_DP3.30026.002_bidirectional,0.6234918832778931,0.1080016046762466,0.2936187386512756,0.0957373976707458,0.5161816477775574,0.13423952460289,0.2890515625476837,0.0864988416433334
TEAK,TEAK_018,2024,10,16,NEON_DP3.30026.002_bidirectional,0.5736503005027771,0.1163735538721084,0.2829510569572449,0.076891541481018,0.4458357691764831,0.1448189318180084,0.2830424308776855,0.0719105154275894
TEAK,TEAK_019,2023,10,16,NEON_DP3.30026.002_bidirectional,0.6728916764259338,0.1175165697932243,0.3372113406658172,0.0853957757353782,0.5791749954223633,0.1390289217233657,0.3271803855895996,0.0764558091759681
TEAK,TEAK_019,2024,10,16,NEON_DP3.30026.002_bidirectional,0.6404440402984619,0.1111596152186393,0.3296939432621002,0.0987340435385704,0.5296299457550049,0.1316560506820678,0.3215575516223907,0.0891604796051979
TEAK,TEAK_020,2023,10,16,NEON_DP3.30026.002_bidirectional,0.6953132152557373,0.1449039131402969,0.3704649209976196,0.0924660116434097,0.5969550013542175,0.178070992231369,0.3582824170589447,0.0844990909099578
TEAK,TEAK_020,2024,10,16,NEON_DP3.30026.002_bidirectional,0.7240338921546936,0.1301172971725464,0.3360995650291443,0.1090456545352935,0.6398440003395081,0.1658020913600921,0.3281991183757782,0.1032022163271904
TEAK,TEAK_024,2023,10,16,NEON_DP3.30026.002_bidirectional,0.3574636280536651,0.1765311807394027,0.2159463763236999,0.067209206521511,0.2322551310062408,0.1913390159606933,0.2070311307907104,0.0710933282971382
TEAK,TEAK_024,2024,10,16,NEON_DP3.30026.002_bidirectional,0.3447032868862152,0.1763779371976852,0.2178750783205032,0.0829014107584953,0.2096559256315231,0.1890425086021423,0.2109679132699966,0.0856513977050781
TEAK,TEAK_025,2023,10,16,NEON_DP3.30026.002_bidirectional,0.448727399110794,0.1286912113428115,0.2418853044509887,0.0557872094213962,0.2994160652160644,0.1378292143344879,0.2446191906929016,0.0579185299575328
TEAK,TEAK_025,2024,10,16,NEON_DP3.30026.002_bidirectional,0.4658045470714569,0.1197099685668945,0.2562365233898163,0.0624662265181541,0.3214477598667145,0.1287558674812317,0.2590066194534302,0.0636326596140861
TEAK,TEAK_043,2023,10,16,NEON_DP3.30026.002_bidirectional,0.3256368339061737,0.1656908392906189,0.1881547719240188,0.077053315937519,0.1961026191711425,0.1654009521007537,0.1844715327024459,0.0805581584572792
TEAK,TEAK_043,2024,10,16,NEON_DP3.30026.002_bidirectional,0.3452858030796051,0.1738746464252472,0.1855705827474594,0.0729687735438346,0.2109397053718567,0.1793776452541351,0.184623122215271,0.0773679539561271
TEAK,TEAK_044,2023,10,16,NEON_DP3.30026.002_bidirectional,0.6711533069610596,0.1133955270051956,0.2806486487388611,0.0929067879915237,0.6299283504486084,0.1563141047954559,0.2757282853126526,0.0847130492329597
TEAK,TEAK_044,2024,10,16,NEON_DP3.30026.002_bidirectional,0.644480288028717,0.0844371169805526,0.2770223319530487,0.1066180095076561,0.4736073315143585,0.1356335133314132,0.2749106287956238,0.0973467901349067
TEAK,TEAK_045,2023,10,16,NEON_DP3.30026.002_bidirectional,0.6036184430122375,0.1474458575248718,0.3067120015621185,0.0905900001525878,0.4957165718078613,0.1725996136665344,0.3032130300998688,0.084071397781372
TEAK,TEAK_045,2024,10,16,NEON_DP3.30026.002_bidirectional,0.6025391817092896,0.0947810336947441,0.2592530250549316,0.1022083014249801,0.4656393826007843,0.1014836058020591,0.2584535479545593,0.0948712155222892
TEAK,TEAK_046,2023,10,16,NEON_DP3.30026.002_bidirectional,0.6271960139274597,0.1337004154920578,0.2411977499723434,0.0864344090223312,0.5539612174034119,0.1656799167394638,0.2410354167222976,0.0800374373793602
TEAK,TEAK_046,2024,10,16,NEON_DP3.30026.002_bidirectional,0.6441846489906311,0.1349259167909622,0.2331663370132446,0.0810480937361717,0.2930163443088531,1.6183472871780396,0.2364635020494461,0.0759527161717414
TEAK,TEAK_047,2023,10,16,NEON_DP3.30026.002_bidirectional,0.5786536335945129,0.1437534093856811,0.2579019665718078,0.0545124039053916,0.471501737833023,0.1825607120990753,0.2597450315952301,0.0519716516137123
TEAK,TEAK_047,2024,10,16,NEON_DP3.30026.002_bidirectional,0.5848758816719055,0.1387019455432891,0.2270993441343307,0.061707429587841,0.4701301157474518,0.1940627098083496,0.2323742806911468,0.05981120839715
TEAK,TEAK_048,2023,10,16,NEON_DP3.30026.002_bidirectional,0.4810349345207214,0.0931850373744964,0.2394168674945831,0.058306161314249,0.3393968045711517,0.1107788905501365,0.238413393497467,0.054813165217638
TEAK,TEAK_048,2024,10,16,NEON_DP3.30026.002_bidirectional,0.4969414472579956,0.092154175043106,0.2400507181882858,0.0731699466705322,0.303849846124649,0.1066690310835838,0.2398838102817535,0.0671905875205993
TEAK,TEAK_049,2023,10,16,NEON_DP3.30026.002_bidirectional,0.5713328719139099,0.1500608325004577,0.2538647651672363,0.0640790089964866,0.4607790112495422,0.1828051954507827,0.2532674372196197,0.0584065280854702
TEAK,TEAK_049,2024,10,16,NEON_DP3.30026.002_bidirectional,0.5341991186141968,0.0992885008454322,0.2473456710577011,0.0712781026959419,0.3391536474227905,0.1226523965597152,0.2482688128948211,0.066161997616291
TEAK,TEAK_050,2023,10,16,NEON_DP3.30026.002_bidirectional,0.7145532965660095,0.0877662077546119,0.2643097043037414,0.0661883279681205,0.6880171298980713,0.1357414126396179,0.2645017504692077,0.0609735324978828
TEAK,TEAK_050,2024,10,16,NEON_DP3.30026.002_bidirectional,0.7075753211975098,0.0758162215352058,0.2754837870597839,0.0711967274546623,0.6564775705337524,0.1046456545591354,0.277007132768631,0.0647676512598991
TEAK,TEAK_051,2023,10,16,NEON_DP3.30026.002_bidirectional,0.6095044612884521,0.073855422437191,0.2438462972640991,0.0486200973391532,0.5198556184768677,0.101110003888607,0.2458113431930542,0.0449295081198215
TEAK,TEAK_051,2024,10,16,NEON_DP3.30026.002_bidirectional,0.6399974226951599,0.0759512111544609,0.2456598281860351,0.04750257730484,0.5505236983299255,0.1006962954998016,0.2500587999820709,0.0434421263635158
TEAK,TEAK_052,2023,10,16,NEON_DP3.30026.002_bidirectional,0.7107361555099487,0.0824413374066352,0.3515931367874145,0.0590763762593269,0.6308695077896118,0.1034266129136085,0.3466000854969024,0.0527264960110187
TEAK,TEAK_052,2024,10,16,NEON_DP3.30026.002_bidirectional,0.7059020400047302,0.0710180550813674,0.3311372399330139,0.0654855519533157,0.5786272883415222,0.1100865229964256,0.3300420343875885,0.0600490160286426
TEAK,TEAK_053,2023,10,16,NEON_DP3.30026.002_bidirectional,0.6607910990715027,0.118139199912548,0.3790876269340515,0.1389316469430923,0.5852119326591492,0.155505359172821,0.3617058396339416,0.119500994682312
TEAK,TEAK_053,2024,10,16,NEON_DP3.30026.002_bidirectional,0.6951555013656616,0.113221175968647,0.4161528944969177,0.1444298923015594,0.6135603189468384,0.1398006528615951,0.3968275189399719,0.1255324780941009
TEAK,TEAK_054,2023,10,16,NEON_DP3.30026.002_bidirectional,0.577461302280426,0.114042580127716,0.2584472596645355,0.0707116574048996,0.4462223947048187,0.1410790681838989,0.2606712579727173,0.0669569745659828
TEAK,TEAK_054,2024,10,16,NEON_DP3.30026.002_bidirectional,0.6254531145095825,0.0659351423382759,0.2604201138019562,0.0589696913957595,0.4922942221164703,0.0767341330647468,0.2640811204910278,0.0551829636096954
TEAK,TEAK_055,2023,10,16,NEON_DP3.30026.002_bidirectional,0.5190463662147522,0.1282259225845337,0.2353201210498809,0.0879748463630676,0.4174865186214447,0.1608703434467315,0.2361481487751007,0.0807296335697174
TEAK,TEAK_055,2024,10,16,NEON_DP3.30026.002_bidirectional,0.5376223921775818,0.1134071052074432,0.2197792083024978,0.0880458801984787,0.5081355571746826,0.3423979580402374,0.2227880656719207,0.0829762369394302
TEAK,TEAK_056,2023,10,8,NEON_DP3.30026.002_bidirectional,0.6331653594970703,0.1127841621637344,0.2365893721580505,0.0628658756613731,0.0167568325996398,1.4483133554458618,0.2369474172592163,0.0605108030140399
TEAK,TEAK_056,2024,10,8,NEON_DP3.30026.002_bidirectional,0.6420128345489502,0.0945962518453598,0.2218726873397827,0.0598955601453781,0.6283385753631592,0.2783477306365967,0.2265093177556991,0.0590050891041755
TEAK,TEAK_057,2023,10,16,NEON_DP3.30026.002_bidirectional,0.6313621401786804,0.0910940468311309,0.2564684450626373,0.0583478920161724,0.5515445470809937,0.130711629986763,0.2536000907421112,0.0526722222566604
TEAK,TEAK_057,2024,10,16,NEON_DP3.30026.002_bidirectional,0.6661034822463989,0.0755433291196823,0.2468246668577194,0.0678158327937126,0.5895870923995972,0.1045838296413421,0.2490762770175933,0.0627658516168594
TEAK,TEAK_058,2023,10,16,NEON_DP3.30026.002_bidirectional,0.5491414666175842,0.1373961716890335,0.2710508406162262,0.0753500163555145,0.4806978702545166,0.2161197960376739,0.2664940655231476,0.0747327730059623
TEAK,TEAK_058,2024,10,16,NEON_DP3.30026.002_bidirectional,0.5738264918327332,0.1390911340713501,0.2682812213897705,0.0806392505764961,0.4761622548103332,0.1499194949865341,0.2665788829326629,0.0787916257977485
TEAK,TEAK_059,2023,10,16,NEON_DP3.30026.002_bidirectional,0.5874601602554321,0.1242364197969436,0.2357813715934753,0.048542533069849,0.4822471439838409,0.1673927903175354,0.2379053682088852,0.0440375916659832
TEAK,TEAK_059,2024,10,16,NEON_DP3.30026.002_bidirectional,0.5935363173484802,0.1187154650688171,0.2297129482030868,0.0682307258248329,0.4463132917881012,0.202432706952095,0.2339543104171753,0.065302550792694
TEAK,TEAK_060,2023,10,16,NEON_DP3.30026.002_bidirectional,0.5676485896110535,0.0668999701738357,0.249757632613182,0.0561286732554435,0.457240879535675,0.0893167331814765,0.2522187232971191,0.0519352778792381
TEAK,TEAK_060,2024,10,16,NEON_DP3.30026.002_bidirectional,0.5913289189338684,0.0820348411798477,0.2394167780876159,0.0538483522832393,0.4946175515651703,0.2332609146833419,0.2424449622631073,0.0499627478420734
TEAK,TEAK_061,2023,10,16,NEON_DP3.30026.002_bidirectional,0.6243381500244141,0.1374328434467315,0.2540931403636932,0.0583312697708606,0.5245296359062195,0.1603062450885772,0.2547057271003723,0.0558704175055027
TEAK,TEAK_061,2024,10,16,NEON_DP3.30026.002_bidirectional,0.6866309642791748,0.1145279183983802,0.2582383155822754,0.0639501363039016,0.5861061215400696,0.1446403414011001,0.2629418671131134,0.0616759061813354
TEAK,TEAK_062,2023,10,16,NEON_DP3.30026.002_bidirectional,0.4667636752128601,0.1992972046136856,0.2178123146295547,0.0648626312613487,0.3598873317241668,0.2290215343236923,0.2156626880168914,0.0671621188521385
TEAK,TEAK_062,2024,10,16,NEON_DP3.30026.002_bidirectional,0.4726476371288299,0.1992325484752655,0.1992532610893249,0.0651996433734893,0.3574580550193786,0.2297371327877044,0.2004671096801757,0.0676641762256622
TREE,TREE_001,2017,10,16,NEON_DP3.30026.002_bidirectional,0.8734785914421082,0.017804881557822227,0.4265737235546112,0.058296091854572296,0.8893792033195496,0.02817939780652523,0.4051453471183777,0.048183053731918335
TREE,TREE_001,2022,10,16,NEON_DP3.30026.002_bidirectional,0.8664572238922119,0.018025435507297516,0.5840798020362854,0.10392177104949951,0.8418874740600586,0.02630099467933178,0.5371277928352356,0.07700969278812408
TREE,TREE_001,2024,10,16,NEON_DP3.30026.002_bidirectional,0.8736701011657715,0.011470049619674683,0.5447769165039062,0.07711628079414368,0.8670639991760254,0.021821090951561928,0.5059234499931335,0.05824005976319313
TREE,TREE_001,2025,10,16,NEON_DP3.30026.002_bidirectional,0.8558169007301331,0.013227592222392559,0.5614868998527527,0.0695989802479744,0.8585466146469116,0.02530481666326523,0.5105168223381042,0.051794394850730896
TREE,TREE_002,2017,10,16,NEON_DP3.30026.002_bidirectional,0.7885627746582031,0.03707125410437584,0.29464250802993774,0.05325227603316307,0.7737300395965576,0.05119289457798004,0.2954401671886444,0.047736912965774536
TREE,TREE_002,2022,10,16,NEON_DP3.30026.002_bidirectional,0.7916768193244934,0.0405028872191906,0.35568666458129883,0.0791144073009491,0.7628848552703857,0.04967714473605156,0.3496275246143341,0.06752223521471024
TREE,TREE_002,2024,10,16,NEON_DP3.30026.002_bidirectional,0.7901290655136108,0.03718266263604164,0.3986170291900635,0.07879070192575455,0.7610006332397461,0.04337269067764282,0.3860851526260376,0.06575078517198563
TREE,TREE_002,2025,10,16,NEON_DP3.30026.002_bidirectional,0.7884001135826111,0.03856810927391052,0.41171443462371826,0.0838259682059288,0.7762970328330994,0.04373975098133087,0.3917602002620697,0.06886108219623566
TREE,TREE_003,2017,10,16,NEON_DP3.30026.002_bidirectional,0.8967993259429932,0.01578618213534355,0.5904173851013184,0.04448874667286873,0.8750770092010498,0.026468386873602867,0.5513786673545837,0.03306162729859352
TREE,TREE_003,2022,10,16,NEON_DP3.30026.002_bidirectional,0.9109084606170654,0.006689516827464104,0.7026538252830505,0.04287256300449371,0.8995369076728821,0.010342361405491829,0.6300486326217651,0.031438037753105164
TREE,TREE_003,2024,10,16,NEON_DP3.30026.002_bidirectional,0.9104558229446411,0.008420984260737896,0.7025259733200073,0.04226136580109596,0.9030716419219971,0.011949974112212658,0.6285994052886963,0.030241694301366806
TREE,TREE_003,2025,10,16,NEON_DP3.30026.002_bidirectional,0.9090139865875244,0.004757867660373449,0.7349112629890442,0.03673239424824715,0.9068673849105835,0.00838047731667757,0.6470839977264404,0.026254400610923767
TREE,TREE_004,2017,10,16,NEON_DP3.30026.002_bidirectional,0.8275709748268127,0.016163313761353493,0.3523022532463074,0.060687433928251266,0.8126180768013,0.027564292773604393,0.35014206171035767,0.053484633564949036
TREE,TREE_004,2022,10,16,NEON_DP3.30026.002_bidirectional,0.8226219415664673,0.014648092910647392,0.40664711594581604,0.06336012482643127,0.7929471135139465,0.023190446197986603,0.3965272307395935,0.05335652455687523
TREE,TREE_004,2024,10,16,NEON_DP3.30026.002_bidirectional,0.8086902499198914,0.018949460238218307,0.383289098739624,0.060108356177806854,0.7906846404075623,0.0234739538282156,0.3747375011444092,0.05156229808926582
TREE,TREE_004,2025,10,16,NEON_DP3.30026.002_bidirectional,0.7854184508323669,0.025926677510142326,0.3949598968029022,0.06819407641887665,0.7715044617652893,0.03242121636867523,0.37915781140327454,0.05653327330946922
TREE,TREE_005,2017,10,16,NEON_DP3.30026.002_bidirectional,0.8359771966934204,0.04308585822582245,0.5108399987220764,0.07379758358001709,0.8036635518074036,0.06629370152950287,0.4839009642601013,0.061351362615823746
TREE,TREE_005,2022,10,16,NEON_DP3.30026.002_bidirectional,0.861591100692749,0.027926258742809296,0.5928299427032471,0.10858031362295151,0.8386982679367065,0.03378836438059807,0.5437498688697815,0.08554685860872269
TREE,TREE_005,2024,10,16,NEON_DP3.30026.002_bidirectional,0.8742175698280334,0.03199458867311478,0.6059784293174744,0.10900566726922989,0.8605432510375977,0.03662554547190666,0.5536534786224365,0.08586739003658295
TREE,TREE_005,2025,10,16,NEON_DP3.30026.002_bidirectional,0.8588746786117554,0.03349427506327629,0.6272560358047485,0.09473545849323273,0.8512645363807678,0.03775719925761223,0.56172114610672,0.07416234165430069
TREE,TREE_006,2017,10,16,NEON_DP3.30026.002_bidirectional,0.7991966605186462,0.0751861110329628,0.4700648784637451,0.08104633539915085,0.7524979114532471,0.09642735868692398,0.4498385787010193,0.07045547664165497
TREE,TREE_006,2022,10,16,NEON_DP3.30026.002_bidirectional,0.8389394879341125,0.03141874447464943,0.5999192595481873,0.07417230308055878,0.7959684729576111,0.04482128098607063,0.5534031987190247,0.05708162114024162
TREE,TREE_006,2024,10,16,NEON_DP3.30026.002_bidirectional,0.8724967837333679,0.018835339695215225,0.5991057753562927,0.10039305686950684,0.8470544219017029,0.022783109918236732,0.5538572072982788,0.07689336687326431
TREE,TREE_006,2025,10,16,NEON_DP3.30026.002_bidirectional,0.8679279088973999,0.02024196647107601,0.6662230491638184,0.09320118278265,0.8521304130554199,0.025856412947177887,0.5943419933319092,0.06945569813251495
TREE,TREE_007,2017,10,16,NEON_DP3.30026.002_bidirectional,0.8530886173248291,0.013591332361102104,0.5554638504981995,0.043837811797857285,0.8124691843986511,0.024782534688711166,0.5256593227386475,0.03565957024693489
TREE,TREE_007,2022,10,16,NEON_DP3.30026.002_bidirectional,0.892882227897644,0.020076023414731026,0.6509946584701538,0.092186838388443,0.872153639793396,0.026341494172811508,0.595334529876709,0.0702458918094635
TREE,TREE_007,2024,10,16,NEON_DP3.30026.002_bidirectional,0.8935933113098145,0.01699577271938324,0.6460230946540833,0.07275301963090897,0.8839985728263855,0.02307889610528946,0.5873876214027405,0.05448043346405029
TREE,TREE_007,2025,10,16,NEON_DP3.30026.002_bidirectional,0.8819113373756409,0.02339959517121315,0.6610714197158813,0.09593957662582397,0.8771081566810608,0.028520919382572174,0.5908007025718689,0.07184720039367676
TREE,TREE_008,2017,10,16,NEON_DP3.30026.002_bidirectional,0.8523449897766113,0.012223979458212852,0.4946737289428711,0.04628867655992508,0.8302849531173706,0.020002849400043488,0.471004456281662,0.0387825071811676
TREE,TREE_008,2022,10,16,NEON_DP3.30026.002_bidirectional,0.8765494227409363,0.011766007170081139,0.6179146766662598,0.06207684427499771,0.8562635779380798,0.014449804089963436,0.5655174851417542,0.048707809299230576
TREE,TREE_008,2024,10,16,NEON_DP3.30026.002_bidirectional,0.8823754787445068,0.020602766424417496,0.6298443078994751,0.06275075674057007,0.8649222254753113,0.025301935151219368,0.5756778120994568,0.0490148663520813
TREE,TREE_008,2025,10,16,NEON_DP3.30026.002_bidirectional,0.876063883304596,0.019927259534597397,0.6762875318527222,0.053251322358846664,0.8686667084693909,0.023090621456503868,0.6007548570632935,0.04075733199715614
TREE,TREE_009,2017,10,16,NEON_DP3.30026.002_bidirectional,0.8057687878608704,0.0324145071208477,0.3030642867088318,0.04450202360749245,0.7967745661735535,0.047106292098760605,0.30455267429351807,0.040667079389095306
TREE,TREE_009,2022,10,16,NEON_DP3.30026.002_bidirectional,0.8389124870300293,0.026547081768512726,0.4037490487098694,0.07643121480941772,0.8207217454910278,0.03831398859620094,0.39091193675994873,0.06537477672100067
TREE,TREE_009,2024,10,16,NEON_DP3.30026.002_bidirectional,0.8178470134735107,0.023524798452854156,0.388978511095047,0.06280579417943954,0.80109703540802,0.03493305295705795,0.3796946108341217,0.05490914359688759
TREE,TREE_009,2025,10,16,NEON_DP3.30026.002_bidirectional,0.8045215010643005,0.021726509556174278,0.41292330622673035,0.06704988330602646,0.8024370074272156,0.02854681946337223,0.3928937315940857,0.05673566088080406
TREE,TREE_010,2017,10,16,NEON_DP3.30026.002_bidirectional,0.8863365054130554,0.007650661747902632,0.5662122964859009,0.04601540416479111,0.8758265972137451,0.01294689066708088,0.5266940593719482,0.035873014479875565
TREE,TREE_010,2022,10,16,NEON_DP3.30026.002_bidirectional,0.9151983857154846,0.00796129647642374,0.702009379863739,0.055559173226356506,0.9090573191642761,0.010275301523506641,0.6287153959274292,0.03978807106614113
TREE,TREE_010,2024,10,16,NEON_DP3.30026.002_bidirectional,0.9016532897949219,0.007826590910553932,0.6620705723762512,0.04293893277645111,0.8981220722198486,0.009441977366805077,0.5970938801765442,0.031208399683237076
TREE,TREE_010,2025,10,16,NEON_DP3.30026.002_bidirectional,0.915186882019043,0.003717494662851095,0.7038366198539734,0.06212005019187927,0.9156680107116699,0.005734067875891924,0.625436007976532,0.04354232922196388
TREE,TREE_011,2017,10,16,NEON_DP3.30026.002_bidirectional,0.8276306986808777,0.02320760115981102,0.4539404809474945,0.06595003604888916,0.8088799715042114,0.01820141263306141,0.4338027834892273,0.0578312873840332
TREE,TREE_011,2022,10,16,NEON_DP3.30026.002_bidirectional,0.8534000515937805,0.029978925362229347,0.575564444065094,0.06946984678506851,0.8297711610794067,0.034086406230926514,0.5311583876609802,0.05698957294225693
TREE,TREE_011,2024,10,16,NEON_DP3.30026.002_bidirectional,0.8642056584358215,0.027335138991475105,0.5665069222450256,0.06497529149055481,0.8445165157318115,0.030948927626013756,0.5265209674835205,0.05294381082057953
TREE,TREE_011,2025,10,16,NEON_DP3.30026.002_bidirectional,0.8562697172164917,0.02631303481757641,0.5892762541770935,0.06899087131023407,0.8479973077774048,0.026847468689084053,0.535898745059967,0.05561087653040886
TREE,TREE_012,2017,10,16,NEON_DP3.30026.002_bidirectional,0.7795805335044861,0.028650684282183647,0.34556329250335693,0.04965969920158386,0.7340537309646606,0.045555032789707184,0.34490007162094116,0.04300985857844353
TREE,TREE_012,2022,10,16,NEON_DP3.30026.002_bidirectional,0.8193029165267944,0.032364558428525925,0.41654089093208313,0.08056582510471344,0.8043321967124939,0.04252519831061363,0.398386687040329,0.06581827998161316
TREE,TREE_012,2024,10,16,NEON_DP3.30026.002_bidirectional,0.8041794896125793,0.03448430076241493,0.42392608523368835,0.07971642911434174,0.7856188416481018,0.04442394897341728,0.4054180085659027,0.06470973789691925
TREE,TREE_012,2025,10,16,NEON_DP3.30026.002_bidirectional,0.7999971508979797,0.033507101237773895,0.44489654898643494,0.08695326000452042,0.8011460304260254,0.038584381341934204,0.4151462912559509,0.06980505585670471
TREE,TREE_014,2017,10,16,NEON_DP3.30026.002_bidirectional,0.8840639591217041,0.01772446744143963,0.44286707043647766,0.1101239025592804,0.8852038383483887,0.040499553084373474,0.42621639370918274,0.09415141493082047
TREE,TREE_014,2022,10,16,NEON_DP3.30026.002_bidirectional,0.8947216868400574,0.019690893590450287,0.6481900811195374,0.0894622951745987,0.8773773908615112,0.025901393964886665,0.5877160429954529,0.06726862490177155
TREE,TREE_014,2024,10,16,NEON_DP3.30026.002_bidirectional,0.8981248140335083,0.017269209027290344,0.6678643226623535,0.09218470007181168,0.887941300868988,0.020773986354470253,0.6010881066322327,0.06942926347255707
TREE,TREE_014,2025,10,16,NEON_DP3.30026.002_bidirectional,0.8889029026031494,0.02049957402050495,0.6675882339477539,0.08867068588733673,0.8885005712509155,0.024179622530937195,0.5937111973762512,0.06662753969430923
TREE,TREE_015,2017,10,16,NEON_DP3.30026.002_bidirectional,0.8719595074653625,0.018947521224617958,0.48859021067619324,0.094025157392025,0.8492255806922913,0.02260068990290165,0.4691563546657562,0.08201947063207626
TREE,TREE_015,2022,10,16,NEON_DP3.30026.002_bidirectional,0.8979465365409851,0.019839690998196602,0.5880834460258484,0.09840590506792068,0.88279789686203,0.018316132947802544,0.5461490750312805,0.08158624917268753
TREE,TREE_015,2024,10,16,NEON_DP3.30026.002_bidirectional,0.879151463508606,0.025517607107758522,0.5519915819168091,0.10449384897947311,0.8640835285186768,0.02322380244731903,0.5160649418830872,0.08711708337068558
TREE,TREE_015,2025,10,16,NEON_DP3.30026.002_bidirectional,0.8855388164520264,0.029728963971138,0.6068891882896423,0.10428451746702194,0.8839467167854309,0.028581013903021812,0.552374005317688,0.08430910110473633
TREE,TREE_016,2017,10,16,NEON_DP3.30026.002_bidirectional,0.8841695189476013,0.017499415203928947,0.5033913850784302,0.09265949577093124,0.8707493543624878,0.04091838747262955,0.47758275270462036,0.07632690668106079
TREE,TREE_016,2022,10,16,NEON_DP3.30026.002_bidirectional,0.9155668616294861,0.009963206946849823,0.6802010536193848,0.07264944165945053,0.9038894772529602,0.014352413825690746,0.6135393977165222,0.0528034009039402
TREE,TREE_016,2024,10,16,NEON_DP3.30026.002_bidirectional,0.9118537306785583,0.009035158902406693,0.6727482080459595,0.08422821760177612,0.906046450138092,0.01309935562312603,0.6057862639427185,0.061918169260025024
TREE,TREE_016,2025,10,16,NEON_DP3.30026.002_bidirectional,0.9053642749786377,0.00879827979952097,0.6766707301139832,0.08773217350244522,0.905811071395874,0.01210799440741539,0.6036911010742188,0.06423159688711166
TREE,TREE_017,2017,10,16,NEON_DP3.30026.002_bidirectional,0.8836743235588074,0.020070547237992287,0.5082765221595764,0.08217278122901917,0.870124340057373,0.038970235735177994,0.4824570119380951,0.06694350391626358
TREE,TREE_017,2022,10,16,NEON_DP3.30026.002_bidirectional,0.9097943305969238,0.007550129201263189,0.6594752073287964,0.09805238246917725,0.9033119082450867,0.012630724348127842,0.5946794152259827,0.07131437957286835
TREE,TREE_017,2024,10,16,NEON_DP3.30026.002_bidirectional,0.9127843379974365,0.006080346181988716,0.6595393419265747,0.08633691817522049,0.9112396240234375,0.011242265813052654,0.594923734664917,0.06335452944040298
TREE,TREE_017,2025,10,16,NEON_DP3.30026.002_bidirectional,0.9088413715362549,0.006751182954758406,0.68304443359375,0.08522725105285645,0.9150196313858032,0.011329678818583488,0.6064344644546509,0.06160644814372063
TREE,TREE_018,2017,10,8,NEON_DP3.30026.002_bidirectional,0.868887722492218,0.02470855601131916,0.4454681873321533,0.09933298081159592,0.8604403734207153,0.031615860760211945,0.4263438880443573,0.08036842942237854
TREE,TREE_018,2022,10,8,NEON_DP3.30026.002_bidirectional,0.8489862680435181,0.01061425544321537,0.44302821159362793,0.06028425320982933,0.8295775055885315,0.015227475203573704,0.42743203043937683,0.050843387842178345
TREE,TREE_018,2024,10,8,NEON_DP3.30026.002_bidirectional,0.8519929647445679,0.014210167340934277,0.46454817056655884,0.06521667540073395,0.8414931893348694,0.016073256731033325,0.4434029161930084,0.053110718727111816
TREE,TREE_018,2025,10,8,NEON_DP3.30026.002_bidirectional,0.8658949732780457,0.009470262564718723,0.44548842310905457,0.06307845562696457,0.8740169405937195,0.014700980857014656,0.42455923557281494,0.052492234855890274
TREE,TREE_019,2017,10,16,NEON_DP3.30026.002_bidirectional,0.8787134885787964,0.022275056689977646,0.5065506100654602,0.11295801401138306,0.8667653203010559,0.04497123882174492,0.4776400625705719,0.09460574388504028
TREE,TREE_019,2022,10,16,NEON_DP3.30026.002_bidirectional,0.8973631858825684,0.0156507957726717,0.621683657169342,0.10778948664665222,0.8883241415023804,0.02580469287931919,0.5652324557304382,0.08224344253540039
TREE,TREE_019,2024,10,16,NEON_DP3.30026.002_bidirectional,0.8853940963745117,0.017992600798606873,0.5936526656150818,0.09316813945770264,0.878959059715271,0.02448759414255619,0.5434393286705017,0.07062016427516937
TREE,TREE_019,2025,10,16,NEON_DP3.30026.002_bidirectional,0.8899515867233276,0.016460806131362915,0.586723804473877,0.11585401743650436,0.888409435749054,0.024917129427194595,0.5342185497283936,0.0890093743801117
TREE,TREE_022,2017,10,16,NEON_DP3.30026.002_bidirectional,0.8569036722183228,0.021867945790290833,0.4379740357398987,0.039732884615659714,0.8349028825759888,0.034903425723314285,0.4266884922981262,0.03329769894480705
TREE,TREE_022,2022,10,16,NEON_DP3.30026.002_bidirectional,0.8591427803039551,0.021317359060049057,0.5113629698753357,0.046269938349723816,0.8305529356002808,0.030422331765294075,0.4868827164173126,0.03718423470854759
TREE,TREE_022,2024,10,16,NEON_DP3.30026.002_bidirectional,0.8616371750831604,0.02122805081307888,0.48870649933815,0.04579979181289673,0.8410159349441528,0.02861133962869644,0.4685714840888977,0.037651799619197845
TREE,TREE_022,2025,10,16,NEON_DP3.30026.002_bidirectional,0.8246243000030518,0.02050812914967537,0.4668522775173187,0.041541941463947296,0.8095014095306396,0.028807030990719795,0.4420742988586426,0.033300187438726425
TREE,TREE_023,2017,10,16,NEON_DP3.30026.002_bidirectional,0.8788070678710938,0.02549051120877266,0.48390787839889526,0.07952478528022766,0.8645087480545044,0.049556221812963486,0.46125462651252747,0.06772135943174362
TREE,TREE_023,2022,10,16,NEON_DP3.30026.002_bidirectional,0.8804287314414978,0.016269484534859657,0.4943511486053467,0.09515951573848724,0.8751897811889648,0.031046872958540916,0.46538013219833374,0.07833437621593475
TREE,TREE_023,2024,10,16,NEON_DP3.30026.002_bidirectional,0.8559163212776184,0.02579408325254917,0.4495503306388855,0.10794950276613235,0.8474245071411133,0.025138119235634804,0.4296059012413025,0.09191960096359253
TREE,TREE_023,2025,10,16,NEON_DP3.30026.002_bidirectional,0.8531844019889832,0.021576546132564545,0.49138617515563965,0.09880408644676208,0.8642101883888245,0.02809244766831398,0.455291748046875,0.08004813641309738
TREE,TREE_025,2017,10,16,NEON_DP3.30026.002_bidirectional,0.8970992565155029,0.012690214440226555,0.5284032821655273,0.09665822982788086,0.8923960328102112,0.024378463625907898,0.49482789635658264,0.078293077647686
TREE,TREE_025,2022,10,16,NEON_DP3.30026.002_bidirectional,0.895887017250061,0.021035805344581604,0.6012425422668457,0.09758151322603226,0.8923571109771729,0.02422025427222252,0.5478054285049438,0.0755605697631836
TREE,TREE_025,2024,10,16,NEON_DP3.30026.002_bidirectional,0.897056519985199,0.015003479085862637,0.6116276383399963,0.08018230646848679,0.8949306011199951,0.015055705793201923,0.557094156742096,0.0629187822341919
TREE,TREE_025,2025,10,16,NEON_DP3.30026.002_bidirectional,0.9047420024871826,0.01270576287060976,0.6202414631843567,0.07745251804590225,0.9080864191055298,0.012128173373639584,0.5613189935684204,0.06073584780097008
TREE,TREE_039,2017,10,12,NEON_DP3.30026.002_bidirectional,0.8726707100868225,0.018176551908254623,0.49836692214012146,0.09134026616811752,0.8468492031097412,0.033329978585243225,0.4765678942203522,0.07635163515806198
TREE,TREE_039,2022,10,12,NEON_DP3.30026.002_bidirectional,0.8861305117607117,0.014426885172724724,0.5796890258789062,0.07563981413841248,0.8749127388000488,0.01895405724644661,0.5339981317520142,0.05942577123641968
TREE,TREE_039,2024,10,12,NEON_DP3.30026.002_bidirectional,0.8791980743408203,0.01802040822803974,0.5717039704322815,0.09473883360624313,0.8686683773994446,0.021316703408956528,0.5278103947639465,0.07449895888566971
TREE,TREE_039,2025,10,12,NEON_DP3.30026.002_bidirectional,0.8905806541442871,0.01224361639469862,0.5797780156135559,0.07899671792984009,0.8861806392669678,0.014597817324101925,0.5329247117042542,0.0623033232986927
TREE,TREE_040,2017,10,16,NEON_DP3.30026.002_bidirectional,0.8434380292892456,0.02283543534576893,0.46411266922950745,0.06068997457623482,0.8269896507263184,0.039350345730781555,0.4428323805332184,0.05135437101125717
TREE,TREE_040,2022,10,16,NEON_DP3.30026.002_bidirectional,0.8546930551528931,0.02663552761077881,0.5105807781219482,0.0690360739827156,0.8372291922569275,0.03689571097493172,0.47852036356925964,0.05691445246338844
TREE,TREE_040,2024,10,16,NEON_DP3.30026.002_bidirectional,0.8703677654266357,0.019681600853800774,0.5470227599143982,0.07994627207517624,0.8635431528091431,0.025765853002667427,0.5065240859985352,0.06511036306619644
TREE,TREE_040,2025,10,16,NEON_DP3.30026.002_bidirectional,0.8722512722015381,0.016897980123758316,0.5205796360969543,0.08598262071609497,0.867376983165741,0.021286718547344208,0.48504623770713806,0.06958946585655212
TREE,TREE_041,2017,10,16,NEON_DP3.30026.002_bidirectional,0.882333517074585,0.010828564874827862,0.5786346793174744,0.07308432459831238,0.8523617386817932,0.02071893773972988,0.5414209365844727,0.057756055146455765
TREE,TREE_041,2022,10,16,NEON_DP3.30026.002_bidirectional,0.9073123335838318,0.007488114759325981,0.6599539518356323,0.07578225433826447,0.8972017168998718,0.011934749782085419,0.5970897674560547,0.05698998644948006
TREE,TREE_041,2024,10,16,NEON_DP3.30026.002_bidirectional,0.8985934257507324,0.008145413361489773,0.6540452837944031,0.06469026207923889,0.8833523988723755,0.013731409795582294,0.594936728477478,0.04937933757901192
TREE,TREE_041,2025,10,16,NEON_DP3.30026.002_bidirectional,0.9055781364440918,0.005107044707983732,0.6495628952980042,0.07340983301401138,0.8973988890647888,0.01069740392267704,0.589379608631134,0.05605719983577728
TREE,TREE_042,2017,10,16,NEON_DP3.30026.002_bidirectional,0.883302628993988,0.015754850581288338,0.6426980495452881,0.05360321328043938,0.8499851226806641,0.025772320106625557,0.5926083922386169,0.0401432067155838
TREE,TREE_042,2022,10,16,NEON_DP3.30026.002_bidirectional,0.8916652202606201,0.010642637498676777,0.6505814790725708,0.06085236743092537,0.8746089339256287,0.015070046298205853,0.5868915915489197,0.04625963792204857
TREE,TREE_042,2024,10,16,NEON_DP3.30026.002_bidirectional,0.8847326040267944,0.01055032480508089,0.6394590139389038,0.053852539509534836,0.8629769086837769,0.013555087149143219,0.5823081731796265,0.041425809264183044
TREE,TREE_042,2025,10,16,NEON_DP3.30026.002_bidirectional,0.9012682437896729,0.007095837499946356,0.6195371747016907,0.06117846816778183,0.8964227437973022,0.009251449257135391,0.5627679824829102,0.04695850983262062
TREE,TREE_043,2017,10,16,NEON_DP3.30026.002_bidirectional,0.8490778207778931,0.013792489655315876,0.3469708561897278,0.043718233704566956,0.8596423268318176,0.022833669558167458,0.3421991467475891,0.03772560879588127
TREE,TREE_043,2022,10,16,NEON_DP3.30026.002_bidirectional,0.8381472826004028,0.02173732966184616,0.3912251889705658,0.061742521822452545,0.8280655145645142,0.0317661426961422,0.3815675675868988,0.05134691670536995
TREE,TREE_043,2024,10,16,NEON_DP3.30026.002_bidirectional,0.8256697654724121,0.022263068705797195,0.4044411778450012,0.06038366258144379,0.8160153031349182,0.03389507532119751,0.3907233476638794,0.048616938292980194
TREE,TREE_043,2025,10,16,NEON_DP3.30026.002_bidirectional,0.8209827542304993,0.02376672439277172,0.43914225697517395,0.07098308950662613,0.8269772529602051,0.03317943587899208,0.4127201437950134,0.055491577833890915
TREE,TREE_044,2017,10,16,NEON_DP3.30026.002_bidirectional,0.8742818832397461,0.00895649939775467,0.5223574042320251,0.024658378213644028,0.8644283413887024,0.012603284791111946,0.4928987920284271,0.019611870869994164
TREE,TREE_044,2022,10,16,NEON_DP3.30026.002_bidirectional,0.9065518379211426,0.005671109072864056,0.6637318730354309,0.021686051040887833,0.9000287055969238,0.006335466168820858,0.6017322540283203,0.01621467061340809
TREE,TREE_044,2024,10,16,NEON_DP3.30026.002_bidirectional,0.8876208662986755,0.010338904336094856,0.6311297416687012,0.034313250333070755,0.8755292296409607,0.012257843278348446,0.5759408473968506,0.026851549744606018
TREE,TREE_044,2025,10,16,NEON_DP3.30026.002_bidirectional,0.9121493101119995,0.006451806519180536,0.684398353099823,0.04199543222784996,0.9158645272254944,0.0059067243710160255,0.6105122566223145,0.0316368043422699
TREE,TREE_045,2017,10,16,NEON_DP3.30026.002_bidirectional,0.8678760528564453,0.02274485118687153,0.5017444491386414,0.07588544487953186,0.8538304567337036,0.03647995367646217,0.47345444560050964,0.06013206019997597
TREE,TREE_045,2022,10,16,NEON_DP3.30026.002_bidirectional,0.8744177222251892,0.0263654924929142,0.5409740805625916,0.1126617044210434,0.86289381980896,0.03820813447237015,0.5024449229240417,0.08939679712057114
TREE,TREE_045,2024,10,16,NEON_DP3.30026.002_bidirectional,0.8771922588348389,0.019417626783251762,0.5455843210220337,0.10598175972700119,0.8735607862472534,0.029299400746822357,0.5047664642333984,0.08395005017518997
TREE,TREE_045,2025,10,16,NEON_DP3.30026.002_bidirectional,0.8837419152259827,0.018283089622855186,0.5723357200622559,0.11544829607009888,0.8806627988815308,0.02562725730240345,0.5231978297233582,0.0888020321726799
TREE,TREE_046,2017,10,16,NEON_DP3.30026.002_bidirectional,0.8939000964164734,0.019731104373931885,0.6017308831214905,0.0542418397963047,0.8686760663986206,0.03535120189189911,0.5594133138656616,0.042455416172742844
TREE,TREE_046,2022,10,16,NEON_DP3.30026.002_bidirectional,0.888995349407196,0.011281203478574753,0.6549437642097473,0.08061528205871582,0.8704712390899658,0.0143731152638793,0.5891255140304565,0.061456348747015
TREE,TREE_046,2024,10,16,NEON_DP3.30026.002_bidirectional,0.8861324787139893,0.015003975480794907,0.6639525294303894,0.06048265099525452,0.863097071647644,0.026200460270047188,0.6008074283599854,0.045695386826992035
TREE,TREE_046,2025,10,16,NEON_DP3.30026.002_bidirectional,0.9034711122512817,0.008928988128900528,0.6628966331481934,0.06947971880435944,0.8967227935791016,0.015320551581680775,0.5952852964401245,0.052297443151474
TREE,TREE_047,2017,10,16,NEON_DP3.30026.002_bidirectional,0.8732106685638428,0.012337074615061283,0.5579221844673157,0.09117390215396881,0.8479865193367004,0.0177838746458292,0.520674467086792,0.07651500403881073
TREE,TREE_047,2022,10,16,NEON_DP3.30026.002_bidirectional,0.904860258102417,0.016149647533893585,0.6672202944755554,0.09284614026546478,0.8989140391349792,0.021510370075702667,0.5975550413131714,0.06962242722511292
TREE,TREE_047,2024,10,16,NEON_DP3.30026.002_bidirectional,0.8966406583786011,0.01545483898371458,0.6687669157981873,0.08465968817472458,0.8849595189094543,0.022272208705544472,0.6010815501213074,0.06436704844236374
TREE,TREE_047,2025,10,16,NEON_DP3.30026.002_bidirectional,0.9020549654960632,0.013439585454761982,0.6727726459503174,0.08388801664113998,0.8960224986076355,0.01784609816968441,0.6021749377250671,0.06300758570432663
TREE,TREE_048,2017,10,16,NEON_DP3.30026.002_bidirectional,0.7936628460884094,0.04205795377492905,0.35979658365249634,0.04951006546616554,0.7722975015640259,0.05020792409777641,0.35310468077659607,0.04294153302907944
TREE,TREE_048,2022,10,16,NEON_DP3.30026.002_bidirectional,0.8295338749885559,0.023961761966347694,0.4108162820339203,0.04884842783212662,0.8197140693664551,0.03465387225151062,0.3962492346763611,0.04097585380077362
TREE,TREE_048,2024,10,16,NEON_DP3.30026.002_bidirectional,0.8260071277618408,0.0180868711322546,0.43522724509239197,0.05068384110927582,0.8107588887214661,0.022387413308024406,0.4172934889793396,0.0426831915974617
TREE,TREE_048,2025,10,16,NEON_DP3.30026.002_bidirectional,0.8488087058067322,0.014215019531548023,0.42136529088020325,0.06391910463571548,0.8552039861679077,0.020192239433526993,0.40313220024108887,0.05375628173351288
TREE,TREE_049,2017,10,16,NEON_DP3.30026.002_bidirectional,0.9054543972015381,0.013884573243558407,0.6182804703712463,0.10191304236650467,0.8907073140144348,0.02963622659444809,0.5680787563323975,0.08060111850500107
TREE,TREE_049,2022,10,16,NEON_DP3.30026.002_bidirectional,0.8950533270835876,0.011492799036204815,0.6716420650482178,0.07799262553453445,0.8782299160957336,0.015489746816456318,0.6035698056221008,0.05778643861413002
TREE,TREE_049,2024,10,16,NEON_DP3.30026.002_bidirectional,0.897742509841919,0.009825977496802807,0.676237165927887,0.07499628514051437,0.8826556205749512,0.014727205969393253,0.6082423329353333,0.05644120275974274
TREE,TREE_049,2025,10,16,NEON_DP3.30026.002_bidirectional,0.9111046195030212,0.0066375574097037315,0.6697896718978882,0.0823323205113411,0.912043571472168,0.011646862141788006,0.5982367396354675,0.06130741909146309
TREE,TREE_050,2017,10,16,NEON_DP3.30026.002_bidirectional,0.8351563811302185,0.036059629172086716,0.38902246952056885,0.13129481673240662,0.871135950088501,0.027492959052324295,0.37037643790245056,0.1149490550160408
TREE,TREE_050,2022,10,16,NEON_DP3.30026.002_bidirectional,0.7877275347709656,0.040031444281339645,0.4903411269187927,0.13152450323104858,0.7423754930496216,0.05280265212059021,0.459433376789093,0.10449301451444626
TREE,TREE_050,2024,10,16,NEON_DP3.30026.002_bidirectional,0.807729184627533,0.03433198109269142,0.5106043815612793,0.12867531180381775,0.768582820892334,0.04390762001276016,0.4773237407207489,0.10130932182073593
TREE,TREE_050,2025,10,16,NEON_DP3.30026.002_bidirectional,0.8116181492805481,0.02527744323015213,0.5068308115005493,0.1294395625591278,0.7743533849716187,0.029995685443282127,0.4749009609222412,0.10336381942033768
TREE,TREE_051,2017,10,16,NEON_DP3.30026.002_bidirectional,0.8703500628471375,0.011248393915593624,0.5531114339828491,0.05225294828414917,0.831128716468811,0.019893765449523926,0.525542676448822,0.04344421997666359
TREE,TREE_051,2022,10,16,NEON_DP3.30026.002_bidirectional,0.9091643691062927,0.009980808012187481,0.6556025147438049,0.10117436200380325,0.9006764888763428,0.0131598562002182,0.5922120809555054,0.0758688673377037
TREE,TREE_051,2024,10,16,NEON_DP3.30026.002_bidirectional,0.9011397957801819,0.011300812475383282,0.6486198902130127,0.09429191052913666,0.892341673374176,0.01403182465583086,0.5873291492462158,0.07154864817857742
TREE,TREE_051,2025,10,16,NEON_DP3.30026.002_bidirectional,0.9125030636787415,0.00989583134651184,0.6546314358711243,0.10306734591722488,0.9120628237724304,0.012045704759657383,0.5896808505058289,0.07818705588579178
TREE,TREE_052,2017,10,16,NEON_DP3.30026.002_bidirectional,0.8727371692657471,0.018195943906903267,0.509209930896759,0.05642053857445717,0.8475565314292908,0.03060217760503292,0.48598194122314453,0.04678261652588844
TREE,TREE_052,2022,10,16,NEON_DP3.30026.002_bidirectional,0.8570277690887451,0.017748981714248657,0.520698606967926,0.05091516673564911,0.8429694175720215,0.02058652602136135,0.48665034770965576,0.043183546513319016
TREE,TREE_052,2024,10,16,NEON_DP3.30026.002_bidirectional,0.8217020034790039,0.02830563671886921,0.48078975081443787,0.051928672939538956,0.7992960214614868,0.03448772430419922,0.4528559446334839,0.043481312692165375
TREE,TREE_052,2025,10,16,NEON_DP3.30026.002_bidirectional,0.815973162651062,0.029476238414645195,0.46905237436294556,0.05970326438546181,0.7949814200401306,0.03536010906100273,0.4415271580219269,0.050144050270318985
TREE,TREE_053,2017,10,16,NEON_DP3.30026.002_bidirectional,0.8840052485466003,0.02311587706208229,0.6004781126976013,0.058739688247442245,0.8521762490272522,0.041222888976335526,0.5607333183288574,0.047017864882946014
TREE,TREE_053,2022,10,16,NEON_DP3.30026.002_bidirectional,0.8745371103286743,0.017811361700296402,0.634342610836029,0.07125665992498398,0.8527153134346008,0.023530663922429085,0.5741090774536133,0.05464129522442818
TREE,TREE_053,2024,10,16,NEON_DP3.30026.002_bidirectional,0.8815917372703552,0.008844087831676006,0.6653105020523071,0.06420949101448059,0.8557170629501343,0.015016255900263786,0.6029776930809021,0.04890598729252815
TREE,TREE_053,2025,10,16,NEON_DP3.30026.002_bidirectional,0.9001900553703308,0.00558063481003046,0.664624810218811,0.06676675379276276,0.8908599019050598,0.009604844264686108,0.5980898141860962,0.05012015998363495
TREE,TREE_054,2017,10,16,NEON_DP3.30026.002_bidirectional,0.8416004180908203,0.022308940067887306,0.5228056311607361,0.06707081943750381,0.7856876254081726,0.03674320504069328,0.5036416053771973,0.05545588955283165
TREE,TREE_054,2022,10,16,NEON_DP3.30026.002_bidirectional,0.8483392596244812,0.041279323399066925,0.5556652545928955,0.0859173908829689,0.8188774585723877,0.0561625137925148,0.5108156800270081,0.06963088363409042
TREE,TREE_054,2024,10,16,NEON_DP3.30026.002_bidirectional,0.8729717135429382,0.01465666014701128,0.5778358578681946,0.06404504179954529,0.8593699932098389,0.021253306418657303,0.5284001231193542,0.05069592595100403
TREE,TREE_054,2025,10,16,NEON_DP3.30026.002_bidirectional,0.8880231976509094,0.013570887967944145,0.5906323790550232,0.06487730890512466,0.8851325511932373,0.020454753190279007,0.5353499054908752,0.05039910972118378
TREE,TREE_055,2017,10,16,NEON_DP3.30026.002_bidirectional,0.8833832144737244,0.010814770124852657,0.5753024220466614,0.06504831463098526,0.8539127707481384,0.021221773698925972,0.5398990511894226,0.052555687725543976
TREE,TREE_055,2022,10,16,NEON_DP3.30026.002_bidirectional,0.8815268874168396,0.019642729312181473,0.5839648842811584,0.0704307034611702,0.8645972013473511,0.029223492369055748,0.5364517569541931,0.05414348095655441
TREE,TREE_055,2024,10,16,NEON_DP3.30026.002_bidirectional,0.8966590166091919,0.006503529846668243,0.6150680780410767,0.0628548339009285,0.8875700235366821,0.009756652638316154,0.5617287158966064,0.04794783145189285
TREE,TREE_055,2025,10,16,NEON_DP3.30026.002_bidirectional,0.90987229347229,0.0066911326721310616,0.6163656711578369,0.06818778067827225,0.9111045598983765,0.010148736648261547,0.5604459643363953,0.05165542662143707
TREE,TREE_056,2017,10,16,NEON_DP3.30026.002_bidirectional,0.8757556676864624,0.02091171406209469,0.5348573923110962,0.057824425399303436,0.8412814140319824,0.03593578562140465,0.5096316933631897,0.04654213413596153
TREE,TREE_056,2022,10,16,NEON_DP3.30026.002_bidirectional,0.8863239288330078,0.01605876162648201,0.5982304215431213,0.08305668830871582,0.8677021861076355,0.020923437550663948,0.5500922203063965,0.06430671364068985
TREE,TREE_056,2024,10,16,NEON_DP3.30026.002_bidirectional,0.890178918838501,0.014260368421673775,0.5979156494140625,0.07116513699293137,0.8742595911026001,0.02082354575395584,0.5519505739212036,0.055003080517053604
TREE,TREE_056,2025,10,16,NEON_DP3.30026.002_bidirectional,0.9033912420272827,0.010940084233880043,0.5937628746032715,0.08207274228334427,0.8985408544540405,0.013898670673370361,0.5459792613983154,0.0636085495352745
TREE,TREE_057,2017,10,16,NEON_DP3.30026.002_bidirectional,0.896755039691925,0.01396813802421093,0.5146446228027344,0.10845442861318588,0.8841535449028015,0.026628749445080757,0.4864646792411804,0.08673043549060822
TREE,TREE_057,2022,10,16,NEON_DP3.30026.002_bidirectional,0.8939723968505859,0.008607852272689342,0.6573419570922852,0.10202550888061523,0.881177544593811,0.011760791763663292,0.5911245346069336,0.07504791766405106
TREE,TREE_057,2024,10,16,NEON_DP3.30026.002_bidirectional,0.8852100372314453,0.012108896858990192,0.6324927806854248,0.09297265857458115,0.8732454776763916,0.016383828595280647,0.5728806853294373,0.07036411017179489
TREE,TREE_057,2025,10,16,NEON_DP3.30026.002_bidirectional,0.8936896920204163,0.009180381894111633,0.6544957160949707,0.10894200205802917,0.8845487236976624,0.01287129521369934,0.5875223278999329,0.08178569376468658
TREE,TREE_060,2017,10,16,NEON_DP3.30026.002_bidirectional,0.8662236332893372,0.026736469939351082,0.48245424032211304,0.06277403980493546,0.8407869935035706,0.04715535417199135,0.4643997550010681,0.05319192260503769
TREE,TREE_060,2022,10,16,NEON_DP3.30026.002_bidirectional,0.8865658640861511,0.018699338659644127,0.611686646938324,0.12082823365926743,0.8666286468505859,0.02355569414794445,0.5603527426719666,0.0887790098786354
TREE,TREE_060,2024,10,16,NEON_DP3.30026.002_bidirectional,0.8790640830993652,0.023752957582473755,0.5999915599822998,0.09218712151050568,0.8612930774688721,0.029381180182099342,0.5516830682754517,0.06958535313606262
TREE,TREE_060,2025,10,16,NEON_DP3.30026.002_bidirectional,0.8723632097244263,0.028454838320612907,0.6102016568183899,0.1030341237783432,0.861707329750061,0.03547568991780281,0.5533844232559204,0.07675080746412277
TREE,TREE_062,2017,10,16,NEON_DP3.30026.002_bidirectional,0.8397296667098999,0.025724977254867554,0.3460884392261505,0.045647405087947845,0.8428807854652405,0.04141837731003761,0.3415223956108093,0.040179334580898285
TREE,TREE_062,2022,10,16,NEON_DP3.30026.002_bidirectional,0.8398149013519287,0.02974598854780197,0.3978118598461151,0.05424988642334938,0.8295848965644836,0.03831005096435547,0.3852076232433319,0.0469561330974102
TREE,TREE_062,2024,10,16,NEON_DP3.30026.002_bidirectional,0.8144818544387817,0.019022326916456223,0.3821798861026764,0.06601697206497192,0.8047221302986145,0.021127520129084587,0.3710545599460602,0.056480251252651215
TREE,TREE_062,2025,10,16,NEON_DP3.30026.002_bidirectional,0.7842109203338623,0.02302195131778717,0.3664496839046478,0.06762480735778809,0.7866978049278259,0.02473032847046852,0.35247310996055603,0.05733298137784004
TREE,TREE_063,2017,10,16,NEON_DP3.30026.002_bidirectional,0.8542925715446472,0.024553880095481873,0.3931529223918915,0.0878482237458229,0.8531838655471802,0.04078373685479164,0.3821282386779785,0.07460657507181168
TREE,TREE_063,2022,10,16,NEON_DP3.30026.002_bidirectional,0.8433924913406372,0.021658362820744514,0.41870245337486267,0.08051567524671555,0.8234341144561768,0.03135308250784874,0.40504762530326843,0.0656779333949089
TREE,TREE_063,2024,10,16,NEON_DP3.30026.002_bidirectional,0.8149478435516357,0.022284196689724922,0.3672644793987274,0.05067872628569603,0.8036290407180786,0.042068347334861755,0.3609938323497772,0.04442611336708069
TREE,TREE_063,2025,10,16,NEON_DP3.30026.002_bidirectional,0.7815254330635071,0.025064224377274513,0.3691888153553009,0.05436057597398758,0.7709603905677795,0.03546294942498207,0.35794952511787415,0.04673780873417854
TREE,TREE_064,2017,10,16,NEON_DP3.30026.002_bidirectional,0.8567522168159485,0.014179582707583904,0.4051370620727539,0.07364939153194427,0.8502086400985718,0.02683027647435665,0.39399856328964233,0.06203842908143997
TREE,TREE_064,2022,10,16,NEON_DP3.30026.002_bidirectional,0.8486511707305908,0.0370987243950367,0.4415731728076935,0.1158284842967987,0.8394871950149536,0.05483964458107948,0.41935428977012634,0.09311476349830627
TREE,TREE_064,2024,10,16,NEON_DP3.30026.002_bidirectional,0.8303455114364624,0.03564602881669998,0.4300782084465027,0.11192277073860168,0.8203871846199036,0.04497354105114937,0.4101942181587219,0.09045935422182083
TREE,TREE_064,2025,10,16,NEON_DP3.30026.002_bidirectional,0.8181996941566467,0.03721606731414795,0.42489275336265564,0.12123005092144012,0.8268956542015076,0.043759241700172424,0.399634450674057,0.0966910794377327
UKFS,UKFS_001,2022,10,16,NEON_DP3.30026.002_bidirectional,0.9132267236709596,0.0281126275658607,0.6626181602478027,0.0678911507129669,0.9027318358421326,0.033595010638237,0.603926420211792,0.0534034669399261
UKFS,UKFS_001,2023,10,16,NEON_DP3.30026.002_bidirectional,0.893524169921875,0.0166578069329261,0.6385710835456848,0.0653342008590698,0.877480685710907,0.0203297436237335,0.584175705909729,0.0506715476512908
UKFS,UKFS_001,2024,10,16,NEON_DP3.30026.002_bidirectional,0.8815279006958008,0.0176124833524227,0.6193851232528687,0.0662701353430748,0.8579482436180115,0.0214871019124984,0.5691738724708557,0.0501244254410266
UKFS,UKFS_002,2022,10,16,NEON_DP3.30026.002_bidirectional,0.9258739948272704,0.0122644882649183,0.727418065071106,0.0757043808698654,0.9144197106361388,0.0188673492521047,0.6530386209487915,0.0544392839074134
UKFS,UKFS_002,2023,10,16,NEON_DP3.30026.002_bidirectional,0.878237247467041,0.0267144441604614,0.627169132232666,0.0744061395525932,0.8596195578575134,0.033448576927185,0.5728108882904053,0.0573312863707542
UKFS,UKFS_002,2024,10,16,NEON_DP3.30026.002_bidirectional,0.898806095123291,0.0106135085225105,0.6608074307441711,0.0410619601607322,0.8750774264335632,0.0135084940120577,0.6058079600334167,0.0317227654159069
UKFS,UKFS_003,2022,10,16,NEON_DP3.30026.002_bidirectional,0.9271920919418336,0.0072462270036339,0.6969799399375916,0.0677484571933746,0.918034553527832,0.0102113969624042,0.6307106018066406,0.0501460842788219
UKFS,UKFS_003,2023,10,16,NEON_DP3.30026.002_bidirectional,0.8934621810913086,0.0098382961004972,0.6487141847610474,0.0624130852520465,0.8750823140144348,0.0127901816740632,0.5919632911682129,0.0476876348257064
UKFS,UKFS_003,2024,10,16,NEON_DP3.30026.002_bidirectional,0.8956535458564758,0.0122128520160913,0.612555980682373,0.0497395582497119,0.8712989091873169,0.0162762906402349,0.5703838467597961,0.0386107936501503
UKFS,UKFS_004,2022,10,16,NEON_DP3.30026.002_bidirectional,0.9013490080833436,0.0226456560194492,0.6416439414024353,0.0763387978076934,0.8885621428489685,0.0276923812925815,0.585238516330719,0.0590189695358276
UKFS,UKFS_004,2023,10,16,NEON_DP3.30026.002_bidirectional,0.8609265685081482,0.0232970044016838,0.5842099189758301,0.0597095154225826,0.8364525437355042,0.0305752884596586,0.5406157374382019,0.0469916351139545
UKFS,UKFS_004,2024,10,16,NEON_DP3.30026.002_bidirectional,0.8883982300758362,0.0208838749676942,0.6052828431129456,0.0601161904633045,0.8637779951095581,0.0267831962555646,0.5632994174957275,0.0470792688429355
UKFS,UKFS_005,2022,10,16,NEON_DP3.30026.002_bidirectional,0.9105456471443176,0.0169835537672042,0.6878846883773804,0.0776127427816391,0.8984398245811462,0.0220028199255466,0.6193810105323792,0.0570374093949794
UKFS,UKFS_005,2023,10,16,NEON_DP3.30026.002_bidirectional,0.881924033164978,0.017379431053996,0.6576693654060364,0.0713806524872779,0.8600566387176514,0.0230961982160806,0.5958367586135864,0.0529147535562515
UKFS,UKFS_005,2024,10,16,NEON_DP3.30026.002_bidirectional,0.8999233245849609,0.0148254260420799,0.6280584931373596,0.0617147907614707,0.8842726945877075,0.0178573559969663,0.5778334736824036,0.0478836745023727
UKFS,UKFS_006,2022,10,16,NEON_DP3.30026.002_bidirectional,0.909287929534912,0.0250423792749643,0.6877613067626953,0.0924354642629623,0.8964165449142456,0.0286924634128808,0.6200634241104126,0.0718559771776199
UKFS,UKFS_006,2023,10,16,NEON_DP3.30026.002_bidirectional,0.8806611895561218,0.0262585803866386,0.6415268778800964,0.082561194896698,0.86092209815979,0.030580123886466,0.584189772605896,0.0647316053509712
UKFS,UKFS_006,2024,10,16,NEON_DP3.30026.002_bidirectional,0.891478955745697,0.0163562539964914,0.6350807547569275,0.0576601736247539,0.8652377128601074,0.0185724012553691,0.5860503315925598,0.0454153753817081
UKFS,UKFS_007,2022,10,16,NEON_DP3.30026.002_bidirectional,0.8806496858596802,0.0287662148475646,0.6444863080978394,0.068787433207035,0.856547474861145,0.0407398678362369,0.5876895189285278,0.0504213646054267
UKFS,UKFS_007,2023,10,16,NEON_DP3.30026.002_bidirectional,0.8429446220397949,0.0285098236054182,0.6164535284042358,0.0555927157402038,0.8059432506561279,0.041712712496519,0.5651044845581055,0.0417663156986236
UKFS,UKFS_007,2024,10,16,NEON_DP3.30026.002_bidirectional,0.8720183372497559,0.0235032103955745,0.5870678424835205,0.0480558052659034,0.8427435159683228,0.0286121014505624,0.5483160018920898,0.0388849228620529
UKFS,UKFS_008,2022,10,16,NEON_DP3.30026.002_bidirectional,0.8981794714927673,0.0273104533553123,0.6614777445793152,0.0827182903885841,0.8849223852157593,0.038337554782629,0.5981186628341675,0.061982188373804
UKFS,UKFS_008,2023,10,16,NEON_DP3.30026.002_bidirectional,0.8600296378135681,0.0286518670618534,0.5984496474266052,0.084765076637268,0.8330132961273193,0.0378392823040485,0.5500114560127258,0.066207580268383
UKFS,UKFS_008,2024,10,16,NEON_DP3.30026.002_bidirectional,0.9085049629211426,0.0072177220135927,0.629211962223053,0.0486536920070648,0.8894177675247192,0.0092017650604248,0.5833413004875183,0.0365267693996429
UKFS,UKFS_009,2022,10,16,NEON_DP3.30026.002_bidirectional,0.741670548915863,0.0538648292422294,0.5013564825057983,0.0801339671015739,0.6558141112327576,0.0729318559169769,0.4793233871459961,0.0634538158774375
UKFS,UKFS_009,2023,10,16,NEON_DP3.30026.002_bidirectional,0.6419675946235657,0.0566307939589023,0.4001811444759369,0.0558541975915432,0.5426439642906189,0.0722046047449112,0.3869442343711853,0.0478525161743164
UKFS,UKFS_009,2024,10,16,NEON_DP3.30026.002_bidirectional,0.6673078536987305,0.0985283926129341,0.4256545901298523,0.1262990832328796,0.5641250014305115,0.1278248876333236,0.4115117490291595,0.1036550030112266
UKFS,UKFS_010,2022,10,16,NEON_DP3.30026.002_bidirectional,0.9188028573989868,0.0117977717891335,0.6724315881729126,0.0533040687441825,0.9022344946861268,0.0138671798631548,0.6158663630485535,0.0412238426506519
UKFS,UKFS_010,2023,10,16,NEON_DP3.30026.002_bidirectional,0.8892471790313721,0.0126754771918058,0.6499637961387634,0.0543606728315353,0.868553638458252,0.0171447303146123,0.5935167670249939,0.0421284399926662
UKFS,UKFS_010,2024,10,16,NEON_DP3.30026.002_bidirectional,0.881914496421814,0.017452435567975,0.6467597484588623,0.0326359160244464,0.851641058921814,0.0213039349764585,0.5946969389915466,0.0261579770594835
UKFS,UKFS_011,2022,10,16,NEON_DP3.30026.002_bidirectional,0.9169957041740416,0.0264030825346708,0.6884171366691589,0.1237282380461692,0.913388729095459,0.0381145626306533,0.615001916885376,0.0881168097257614
UKFS,UKFS_011,2023,10,16,NEON_DP3.30026.002_bidirectional,0.8934303522109985,0.0189197678118944,0.6454851627349854,0.1209455803036689,0.8854276537895203,0.0262708663940429,0.5814564824104309,0.0893905684351921
UKFS,UKFS_011,2024,10,16,NEON_DP3.30026.002_bidirectional,0.9101601839065552,0.0083332480862736,0.6309840679168701,0.0675441846251487,0.8979561924934387,0.0135426707565784,0.5796787142753601,0.0504104681313037
UKFS,UKFS_012,2022,10,16,NEON_DP3.30026.002_bidirectional,0.918220043182373,0.0153404884040355,0.6670019030570984,0.0488546229898929,0.9053086638450624,0.0208222437649965,0.6084360480308533,0.0379389263689518
UKFS,UKFS_012,2023,10,16,NEON_DP3.30026.002_bidirectional,0.8725992441177368,0.0217549409717321,0.5968098640441895,0.0500080399215221,0.851690411567688,0.0295611005276441,0.5508893728256226,0.039500493556261
UKFS,UKFS_012,2024,10,16,NEON_DP3.30026.002_bidirectional,0.893396258354187,0.0125272274017333,0.6137065291404724,0.033987071365118,0.8646711707115173,0.0165488496422767,0.5728239417076111,0.0265197437256574
UKFS,UKFS_013,2022,10,16,NEON_DP3.30026.002_bidirectional,0.8935006856918335,0.0249965563416481,0.6592621803283691,0.0766380578279495,0.8696248531341553,0.0407831072807312,0.6014068722724915,0.0571815408766269
UKFS,UKFS_013,2023,10,16,NEON_DP3.30026.002_bidirectional,0.7966119647026062,0.0786107331514358,0.5125395059585571,0.1029778346419334,0.747519850730896,0.110780082643032,0.481855034828186,0.081058882176876
UKFS,UKFS_013,2024,10,16,NEON_DP3.30026.002_bidirectional,0.8143253326416016,0.0563753768801689,0.5664541125297546,0.0700408816337585,0.7629500031471252,0.0772744342684745,0.5272759199142456,0.0562767572700977
UKFS,UKFS_014,2022,10,16,NEON_DP3.30026.002_bidirectional,0.9191713929176332,0.0171885211020708,0.6739069223403931,0.0726891160011291,0.9056240916252136,0.0184004940092563,0.6152880191802979,0.0577311590313911
UKFS,UKFS_014,2023,10,16,NEON_DP3.30026.002_bidirectional,0.8791037797927856,0.0107827084138989,0.6312541961669922,0.0644264668226242,0.8525584936141968,0.0119676571339368,0.5798658132553101,0.0507359616458416
UKFS,UKFS_014,2024,10,16,NEON_DP3.30026.002_bidirectional,0.8934615254402161,0.0112306289374828,0.6217983961105347,0.0316166132688522,0.8683474659919739,0.0132867153733968,0.5775629878044128,0.0248687118291854
UKFS,UKFS_015,2022,10,16,NEON_DP3.30026.002_bidirectional,0.9038894176483154,0.0335193835198879,0.6342650651931763,0.1008995324373245,0.8834071755409241,0.0471869818866252,0.5832929611206055,0.0765147507190704
UKFS,UKFS_015,2023,10,16,NEON_DP3.30026.002_bidirectional,0.8569532632827759,0.0441312156617641,0.5905299782752991,0.1035646274685859,0.8219760060310364,0.0588022843003273,0.5473710894584656,0.0810591652989387
UKFS,UKFS_015,2024,10,16,NEON_DP3.30026.002_bidirectional,0.8705699443817139,0.0448959320783615,0.597557544708252,0.083893671631813,0.8407810926437378,0.0626813098788261,0.5528208017349243,0.0670082196593284
UKFS,UKFS_016,2022,10,16,NEON_DP3.30026.002_bidirectional,0.9224961996078492,0.0123833529651165,0.6934303045272827,0.0966338068246841,0.913299024105072,0.0203557331115007,0.6255193948745728,0.0716651454567909
UKFS,UKFS_016,2023,10,16,NEON_DP3.30026.002_bidirectional,0.8583412766456604,0.0318501554429531,0.5750647783279419,0.069415308535099,0.8311328887939453,0.0464928708970546,0.5337061285972595,0.0539973154664039
UKFS,UKFS_016,2024,10,16,NEON_DP3.30026.002_bidirectional,0.8925802707672119,0.0158536825329065,0.6435662508010864,0.0708852633833885,0.865925133228302,0.0233504455536603,0.5921124815940857,0.0524052008986473
UKFS,UKFS_017,2022,10,16,NEON_DP3.30026.002_bidirectional,0.8668601512908936,0.0448418818414211,0.5987988114356995,0.1419945657253265,0.8380568027496338,0.0524793788790702,0.5525850653648376,0.1136996001005172
UKFS,UKFS_017,2023,10,16,NEON_DP3.30026.002_bidirectional,0.8267787098884583,0.0496003255248069,0.541052520275116,0.1162045449018478,0.7934984564781189,0.0606807842850685,0.5040324926376343,0.0950349196791648
UKFS,UKFS_017,2024,10,16,NEON_DP3.30026.002_bidirectional,0.8249079585075378,0.0486078560352325,0.5867233276367188,0.0831189006567001,0.7801756858825684,0.0658147186040878,0.5406091809272766,0.0666518434882164
UKFS,UKFS_018,2022,10,16,NEON_DP3.30026.002_bidirectional,0.7763223648071289,0.0424117483198642,0.5081878304481506,0.0634250342845916,0.709629237651825,0.0556766837835311,0.483177125453949,0.051294632256031
UKFS,UKFS_018,2023,10,16,NEON_DP3.30026.002_bidirectional,0.7339805960655212,0.0338880084455013,0.5098689198493958,0.029964804649353,0.6579232215881348,0.0448544174432754,0.4798700213432312,0.0247469916939735
UKFS,UKFS_018,2024,10,16,NEON_DP3.30026.002_bidirectional,0.6858706474304199,0.045310765504837,0.4164773523807525,0.0418171994388103,0.5943153500556946,0.0562126711010932,0.4047542214393616,0.036844652146101
UKFS,UKFS_019,2022,10,16,NEON_DP3.30026.002_bidirectional,0.926543354988098,0.0071823885664343,0.7091689705848694,0.0696116983890533,0.9135496020317078,0.0100822811946272,0.6424804925918579,0.0518107116222381
UKFS,UKFS_019,2023,10,16,NEON_DP3.30026.002_bidirectional,0.8777247667312622,0.0172412190586328,0.6531983613967896,0.0587978176772594,0.851418137550354,0.0213055349886417,0.5957269668579102,0.0447816587984561
UKFS,UKFS_019,2024,10,16,NEON_DP3.30026.002_bidirectional,0.905550181865692,0.0058059357106685,0.6702370643615723,0.0162483192980289,0.8832334876060486,0.0081825982779264,0.6153175830841064,0.0114533947780728
UKFS,UKFS_025,2022,10,16,NEON_DP3.30026.002_bidirectional,0.6908891797065735,0.064691811800003,0.4521738886833191,0.055802546441555,0.5967605113983154,0.0813303589820861,0.4351600110530853,0.0490186028182506
UKFS,UKFS_025,2023,10,16,NEON_DP3.30026.002_bidirectional,0.5932772755622864,0.0502940565347671,0.3530943393707275,0.0345557034015655,0.4772025048732757,0.0638598129153251,0.3477179706096649,0.0310036297887563
UKFS,UKFS_025,2024,10,16,NEON_DP3.30026.002_bidirectional,0.6273692846298218,0.0463820025324821,0.372031569480896,0.0380794033408165,0.5144011974334717,0.0586966201663017,0.3673619031906128,0.0339304096996784
UKFS,UKFS_031,2022,10,16,NEON_DP3.30026.002_bidirectional,0.9276588559150696,0.0082114981487393,0.6753885746002197,0.0522367507219314,0.9190739393234252,0.01342414598912,0.6159056425094604,0.0401463396847248
UKFS,UKFS_031,2023,10,16,NEON_DP3.30026.002_bidirectional,0.8668533563613892,0.0325299240648746,0.5839316844940186,0.0734486281871795,0.8397282958030701,0.0406205095350742,0.5422588586807251,0.0593577548861503
UKFS,UKFS_031,2024,10,16,NEON_DP3.30026.002_bidirectional,0.8965142369270325,0.0090893087908625,0.6130883693695068,0.0397783108055591,0.8729498982429504,0.013434731401503,0.5708491206169128,0.0302590746432542
UKFS,UKFS_032,2022,10,16,NEON_DP3.30026.002_bidirectional,0.9093802571296692,0.0158974900841712,0.6608915328979492,0.1303080022335052,0.9031987190246582,0.0200668275356292,0.5939226150512695,0.0972863435745239
UKFS,UKFS_032,2023,10,16,NEON_DP3.30026.002_bidirectional,0.881132960319519,0.0183360781520605,0.6464210152626038,0.1172605827450752,0.8654670119285583,0.0210178233683109,0.5830500721931458,0.0893426239490509
UKFS,UKFS_032,2024,10,16,NEON_DP3.30026.002_bidirectional,0.8921766877174377,0.0124531593173742,0.5822417140007019,0.0503259114921093,0.8706308603286743,0.016520407050848,0.5437875986099243,0.040391806513071
UKFS,UKFS_043,2022,10,16,NEON_DP3.30026.002_bidirectional,0.920547366142273,0.0197285078465938,0.6509432196617126,0.074722908437252,0.9127471446990968,0.0266742315143346,0.5952016115188599,0.0567422099411487
UKFS,UKFS_043,2023,10,16,NEON_DP3.30026.002_bidirectional,0.8890174627304077,0.018455795943737,0.585306704044342,0.0777215361595153,0.874976396560669,0.0226016268134117,0.5423136949539185,0.0608755238354206
UKFS,UKFS_043,2024,10,16,NEON_DP3.30026.002_bidirectional,0.8868511915206909,0.0131277320906519,0.604152500629425,0.0751644298434257,0.867345929145813,0.0184121001511812,0.5576133728027344,0.0589915588498115
UKFS,UKFS_044,2022,10,16,NEON_DP3.30026.002_bidirectional,0.91310054063797,0.0193325188010931,0.6871821284294128,0.0668860748410224,0.9021121263504028,0.025156432762742,0.6200292706489563,0.0499202087521553
UKFS,UKFS_044,2023,10,16,NEON_DP3.30026.002_bidirectional,0.8828057050704956,0.0258653182536363,0.6441941261291504,0.0792616233229637,0.8619636297225952,0.0321913659572601,0.5867133140563965,0.0604645274579525
UKFS,UKFS_044,2024,10,16,NEON_DP3.30026.002_bidirectional,0.8952980637550354,0.0083439266309142,0.6048569083213806,0.0533438771963119,0.8734617829322815,0.0111473249271512,0.5633479356765747,0.0409498177468776
UKFS,UKFS_045,2022,10,16,NEON_DP3.30026.002_bidirectional,0.9027037620544434,0.0340667627751827,0.6776593923568726,0.0948352739214897,0.8930471539497375,0.0470067113637924,0.6053367853164673,0.0687599927186966
UKFS,UKFS_045,2023,10,16,NEON_DP3.30026.002_bidirectional,0.8787374496459961,0.0337744317948818,0.6405066251754761,0.0920103192329406,0.8690634369850159,0.0475914739072322,0.5737144351005554,0.0675700083374977
UKFS,UKFS_045,2024,10,16,NEON_DP3.30026.002_bidirectional,0.910189926624298,0.0152273280546069,0.6115164756774902,0.072631649672985,0.8992341160774231,0.0209489203989505,0.5654408931732178,0.0567114688456058
UKFS,UKFS_046,2022,10,16,NEON_DP3.30026.002_bidirectional,0.8836736679077148,0.0373366586863994,0.6466125249862671,0.0689461678266525,0.8591493964195251,0.0510088093578815,0.5908567905426025,0.0522614531219005
UKFS,UKFS_046,2023,10,16,NEON_DP3.30026.002_bidirectional,0.8461041450500488,0.0347050987184047,0.5875787734985352,0.0787152275443077,0.8163278102874756,0.0430388636887073,0.5406978726387024,0.0615034103393554
UKFS,UKFS_046,2024,10,16,NEON_DP3.30026.002_bidirectional,0.877058207988739,0.0095687573775649,0.6344282031059265,0.033611711114645,0.8503644466400146,0.0145522914826869,0.5824177861213684,0.0250468589365482
UKFS,UKFS_047,2022,10,16,NEON_DP3.30026.002_bidirectional,0.9228846430778505,0.020124839618802,0.7109640836715698,0.0652212649583816,0.9127535820007324,0.0257882084697484,0.6394599676132202,0.0490284785628318
UKFS,UKFS_047,2023,10,16,NEON_DP3.30026.002_bidirectional,0.8765705823898315,0.030426075682044,0.6601063013076782,0.0733854323625564,0.8504509329795837,0.0388049259781837,0.5985599756240845,0.05648934841156
UKFS,UKFS_047,2024,10,16,NEON_DP3.30026.002_bidirectional,0.8980046510696411,0.0104725491255521,0.6503872275352478,0.032413762062788,0.8692854046821594,0.0130164511501789,0.6019700765609741,0.0249865166842937
UKFS,UKFS_048,2022,10,16,NEON_DP3.30026.002_bidirectional,0.8886045813560486,0.0366674289107322,0.6859340667724609,0.1082297042012214,0.8690045475959778,0.0448838137090206,0.614784300327301,0.0785419568419456
UKFS,UKFS_048,2023,10,16,NEON_DP3.30026.002_bidirectional,0.8598547577857971,0.0280540362000465,0.6472110748291016,0.0917621999979019,0.8273593783378601,0.0350379794836044,0.5877479314804077,0.0685643255710601
UKFS,UKFS_048,2024,10,16,NEON_DP3.30026.002_bidirectional,0.896893322467804,0.0232320316135883,0.6060167551040649,0.0738214626908302,0.8715704083442688,0.027851378545165,0.5666365623474121,0.0603749379515647
UKFS,UKFS_049,2022,10,16,NEON_DP3.30026.002_bidirectional,0.8970656394958496,0.0326596647500991,0.6228734254837036,0.0664888694882392,0.8812330365180969,0.0443094447255134,0.5729013681411743,0.0511135458946228
UKFS,UKFS_049,2023,10,16,NEON_DP3.30026.002_bidirectional,0.8744056224822998,0.0281854383647441,0.5846899151802063,0.0681678652763366,0.8487505912780762,0.0380771905183792,0.5443914532661438,0.053219798952341
UKFS,UKFS_049,2024,10,16,NEON_DP3.30026.002_bidirectional,0.909233570098877,0.006353042088449,0.6334459185600281,0.0390197522938251,0.8872262835502625,0.0099299354478716,0.588470458984375,0.0302377622574567
UKFS,UKFS_050,2022,10,16,NEON_DP3.30026.002_bidirectional,0.8739604949951172,0.0366071946918964,0.5962069034576416,0.1066539734601974,0.8574671149253845,0.0452075041830539,0.5460295081138611,0.0827130898833274
UKFS,UKFS_050,2023,10,16,NEON_DP3.30026.002_bidirectional,0.8594646453857422,0.0320468693971633,0.5849879384040833,0.0872118324041366,0.8407328724861145,0.0402947254478931,0.536785900592804,0.0682132318615913
UKFS,UKFS_050,2024,10,16,NEON_DP3.30026.002_bidirectional,0.8738033175468445,0.0206499584019184,0.5969847440719604,0.0622641779482364,0.8450257182121277,0.0263392534106969,0.5543972253799438,0.0493364706635475
UKFS,UKFS_051,2022,10,16,NEON_DP3.30026.002_bidirectional,0.8699358701705933,0.0393956787884235,0.5078252553939819,0.1470974087715149,0.8504283428192139,0.0487437807023525,0.4789317846298218,0.1178740784525871
UKFS,UKFS_051,2023,10,16,NEON_DP3.30026.002_bidirectional,0.8276758790016174,0.0496987625956535,0.4859929382801056,0.1506764143705368,0.8012633919715881,0.0564942471683025,0.4574878215789795,0.122433066368103
UKFS,UKFS_051,2024,10,16,NEON_DP3.30026.002_bidirectional,0.8432711958885193,0.0579094737768173,0.4841852188110351,0.1369870752096176,0.803986132144928,0.0737470090389251,0.4641232490539551,0.114347755908966
UKFS,UKFS_052,2022,10,8,NEON_DP3.30026.002_bidirectional,0.8537548184394836,0.0553474873304367,0.5137515068054199,0.1202338933944702,0.8325124382972717,0.0630837753415107,0.4836873114109039,0.1002512648701667
UKFS,UKFS_052,2023,10,8,NEON_DP3.30026.002_bidirectional,0.8533316254615784,0.0448362417519092,0.5225870013237,0.1182930916547775,0.8335786461830139,0.0494436584413051,0.4902923107147217,0.097248762845993
UKFS,UKFS_052,2024,10,8,NEON_DP3.30026.002_bidirectional,0.8653514385223389,0.0422278195619583,0.5621660351753235,0.113525167107582,0.8402441143989563,0.048995453864336,0.5233368277549744,0.0930232256650924
UKFS,UKFS_053,2022,10,16,NEON_DP3.30026.002_bidirectional,0.9080937504768372,0.0187201369553804,0.6626536250114441,0.0561919286847114,0.8920565843582153,0.0268953163176774,0.6048598289489746,0.0414993055164814
UKFS,UKFS_053,2023,10,16,NEON_DP3.30026.002_bidirectional,0.878159761428833,0.0168959368020296,0.6030976176261902,0.0617945455014705,0.8520854115486145,0.022327110171318,0.5586990118026733,0.0481901094317436
UKFS,UKFS_053,2024,10,16,NEON_DP3.30026.002_bidirectional,0.8864153027534485,0.0129007827490568,0.6067782640457153,0.056885290890932,0.860007107257843,0.0175710320472717,0.5630465149879456,0.0447077713906765
UKFS,UKFS_054,2022,10,16,NEON_DP3.30026.002_bidirectional,0.8906155824661255,0.0376892052590847,0.6673747897148132,0.0875729471445083,0.8725003004074097,0.0481402911245822,0.6028239130973816,0.0669438764452934
UKFS,UKFS_054,2023,10,16,NEON_DP3.30026.002_bidirectional,0.8602206707000732,0.0327714569866657,0.6263625621795654,0.0789484977722168,0.830327570438385,0.0400300100445747,0.572359025478363,0.0619490146636962
UKFS,UKFS_054,2024,10,16,NEON_DP3.30026.002_bidirectional,0.9058022499084472,0.0073494715616106,0.6262404918670654,0.0351695492863655,0.8833379745483398,0.011117061600089,0.5833531022071838,0.0265692044049501
UKFS,UKFS_055,2022,10,8,NEON_DP3.30026.002_bidirectional,0.9224182367324828,0.0123972678557038,0.7030500173568726,0.0823654681444168,0.9093456268310548,0.0161130260676145,0.6347307562828064,0.0586390644311904
UKFS,UKFS_055,2023,10,8,NEON_DP3.30026.002_bidirectional,0.8815133571624756,0.0190156586468219,0.6456040143966675,0.084181323647499,0.8601516485214233,0.0223954580724239,0.5878252983093262,0.0635610595345497
UKFS,UKFS_055,2024,10,8,NEON_DP3.30026.002_bidirectional,0.902478039264679,0.0104359155520796,0.6364040374755859,0.0495102889835834,0.878854513168335,0.0130535997450351,0.5894421339035034,0.0380669087171554
UKFS,UKFS_056,2022,10,16,NEON_DP3.30026.002_bidirectional,0.9013671278953552,0.0401902310550212,0.6336411237716675,0.1390868723392486,0.8941925764083862,0.0548777431249618,0.5740856528282166,0.10615836083889
UKFS,UKFS_056,2023,10,16,NEON_DP3.30026.002_bidirectional,0.8732370138168335,0.0381765775382518,0.6055376529693604,0.136903777718544,0.8552999496459961,0.0483785234391689,0.5529053211212158,0.1059564501047134
UKFS,UKFS_056,2024,10,16,NEON_DP3.30026.002_bidirectional,0.8920451402664185,0.0136124519631266,0.5918769240379333,0.0594380684196949,0.8708018064498901,0.0186498668044805,0.5516181588172913,0.0475667566061019
UKFS,UKFS_057,2022,10,16,NEON_DP3.30026.002_bidirectional,0.8567848205566406,0.0438067913055419,0.5617112517356873,0.1013161316514015,0.8287465572357178,0.0534458383917808,0.5216474533081055,0.0809424370527267
UKFS,UKFS_057,2023,10,16,NEON_DP3.30026.002_bidirectional,0.8084997534751892,0.0428063198924064,0.5107495784759521,0.0901596769690513,0.7681735754013062,0.0530528910458087,0.4788121283054352,0.0714956894516944
UKFS,UKFS_057,2024,10,16,NEON_DP3.30026.002_bidirectional,0.8432490825653076,0.044813547283411,0.5002599954605103,0.1013109385967254,0.8060474991798401,0.0578465424478054,0.4776420891284942,0.0833743214607238
UKFS,UKFS_058,2022,10,16,NEON_DP3.30026.002_bidirectional,0.9050138592720032,0.0174933560192585,0.7138674259185791,0.051461849361658,0.8913208842277527,0.0249868612736463,0.6362369060516357,0.0364146754145622
UKFS,UKFS_058,2023,10,16,NEON_DP3.30026.002_bidirectional,0.8668501377105713,0.0173735134303569,0.6686158776283264,0.0588081032037735,0.8373656272888184,0.0255129523575305,0.6025577783584595,0.0431181080639362
UKFS,UKFS_058,2024,10,16,NEON_DP3.30026.002_bidirectional,0.8967664241790771,0.0094903940334916,0.6213517189025879,0.0308611970394849,0.8704730272293091,0.0124996807426214,0.5791833400726318,0.0236729010939598
UKFS,UKFS_059,2022,10,16,NEON_DP3.30026.002_bidirectional,0.9149082899093628,0.0170955136418342,0.674182116985321,0.0888730958104133,0.9032983779907228,0.0256984960287809,0.6113301515579224,0.0683818832039833
UKFS,UKFS_059,2023,10,16,NEON_DP3.30026.002_bidirectional,0.8644511103630066,0.0242504235357046,0.6215382814407349,0.1058432608842849,0.8354271054267883,0.031628705561161,0.5684249401092529,0.0836571678519249
UKFS,UKFS_059,2024,10,16,NEON_DP3.30026.002_bidirectional,0.9014535546302797,0.012426808476448,0.6155596971511841,0.0528918951749801,0.8763538599014282,0.0176782496273517,0.5747689008712769,0.0414835922420024
UKFS,UKFS_060,2022,10,16,NEON_DP3.30026.002_bidirectional,0.905540943145752,0.0279066301882267,0.6653286814689636,0.0841439813375473,0.8911928534507751,0.0314566195011138,0.6043704748153687,0.0663244947791099
UKFS,UKFS_060,2023,10,16,NEON_DP3.30026.002_bidirectional,0.8680578470230103,0.0213107131421566,0.6141931414604187,0.0664709210395813,0.8447210192680359,0.0243737418204545,0.5631935596466064,0.0531218349933624
UKFS,UKFS_060,2024,10,16,NEON_DP3.30026.002_bidirectional,0.8984682559967041,0.0138028375804424,0.6158629059791565,0.0391246750950813,0.8741641640663147,0.0168414805084466,0.5743007659912109,0.0305187348276376
UNDE,UNDE_001,2022,10,16,NEON_DP3.30026.002_bidirectional,0.9032317399978638,0.009664642624557,0.6846457719802856,0.0817793011665344,0.8884609937667847,0.0133372843265533,0.6163181066513062,0.0603211894631385
UNDE,UNDE_001,2024,10,16,NEON_DP3.30026.002_bidirectional,0.8800120949745178,0.0126235466450452,0.6846663951873779,0.0626491829752922,0.8533570766448975,0.0141053823754191,0.6177214980125427,0.0468508191406726
UNDE,UNDE_001,2025,10,16,NEON_DP3.30026.002_bidirectional,0.902000904083252,0.0077506825327873,0.6957232356071472,0.0754593163728714,0.8896285891532898,0.0106730218976736,0.6231173276901245,0.0554738193750381
UNDE,UNDE_002,2022,10,16,NEON_DP3.30026.002_bidirectional,0.7723840475082397,0.0113575058057904,0.4086765050888061,0.0251442454755306,0.736128032207489,0.0136198159307241,0.3938651978969574,0.0209897439926862
UNDE,UNDE_002,2024,10,16,NEON_DP3.30026.002_bidirectional,0.817569375038147,0.0110580939799547,0.3563425540924072,0.0371482707560062,0.8114644289016724,0.0200636237859725,0.3500277400016784,0.0324382670223712
UNDE,UNDE_002,2025,10,16,NEON_DP3.30026.002_bidirectional,0.8223083019256592,0.0093582961708307,0.3981775939464569,0.0394783169031143,0.8160375952720642,0.017260817810893,0.3844541013240814,0.0333070568740367
UNDE,UNDE_003,2022,10,16,NEON_DP3.30026.002_bidirectional,0.8763963580131531,0.0255634821951389,0.6290691494941711,0.0730624124407768,0.8577680587768555,0.0263567101210355,0.572898805141449,0.0592207163572311
UNDE,UNDE_003,2024,10,16,NEON_DP3.30026.002_bidirectional,0.894806981086731,0.0152425458654761,0.5868355631828308,0.090189591050148,0.8900238871574402,0.0150312799960374,0.5399340391159058,0.0712082907557487
UNDE,UNDE_003,2025,10,16,NEON_DP3.30026.002_bidirectional,0.8956117033958435,0.0153361055999994,0.6239808201789856,0.0900117233395576,0.8890140056610107,0.0148719856515526,0.5680726766586304,0.069666564464569
UNDE,UNDE_006,2022,10,16,NEON_DP3.30026.002_bidirectional,0.8800720572471619,0.0079736225306987,0.7251472473144531,0.035311572253704,0.8534561395645142,0.0118370577692985,0.6461036801338196,0.0263365972787141
UNDE,UNDE_006,2024,10,16,NEON_DP3.30026.002_bidirectional,0.9042949080467224,0.0071880407631397,0.8124935030937195,0.066591776907444,0.8868563175201416,0.0112215839326381,0.7051799893379211,0.0469896979629993
UNDE,UNDE_006,2025,10,16,NEON_DP3.30026.002_bidirectional,0.8980477452278137,0.0089918179437518,0.7352831363677979,0.0621330589056015,0.8789385557174683,0.0132186338305473,0.6534209251403809,0.045784942805767
UNDE,UNDE_007,2022,10,16,NEON_DP3.30026.002_bidirectional,0.8864639401435852,0.0140083609148859,0.7264764308929443,0.0849873125553131,0.8687690496444702,0.0187258776277303,0.6414391398429871,0.0600301697850227
UNDE,UNDE_007,2024,10,16,NEON_DP3.30026.002_bidirectional,0.906439244747162,0.0257734153419733,0.6722632646560669,0.0939260572195053,0.8989197611808777,0.0347070731222629,0.6042193174362183,0.0691877231001854
UNDE,UNDE_007,2025,10,16,NEON_DP3.30026.002_bidirectional,0.9109302759170532,0.014903750270605,0.7058184742927551,0.0852157175540924,0.903937578201294,0.0211048759520053,0.6288896203041077,0.0617032758891582
UNDE,UNDE_008,2022,10,16,NEON_DP3.30026.002_bidirectional,0.860956609249115,0.0212397538125515,0.5854775905609131,0.0600271224975585,0.839317798614502,0.0259355157613754,0.5389127731323242,0.0469880290329456
UNDE,UNDE_008,2024,10,16,NEON_DP3.30026.002_bidirectional,0.8952944278717041,0.0169822219759225,0.4942346811294555,0.061631865799427,0.8800066709518433,0.0201969072222709,0.4755077064037323,0.051949668675661
UNDE,UNDE_008,2025,10,16,NEON_DP3.30026.002_bidirectional,0.8933224081993103,0.0122074205428361,0.6153267621994019,0.0771810412406921,0.8829401731491089,0.0160287953913211,0.5625433921813965,0.0605940669775009
UNDE,UNDE_010,2022,10,16,NEON_DP3.30026.002_bidirectional,0.8602920174598694,0.0208389889448881,0.6252642869949341,0.0589741878211498,0.8331568241119385,0.026851113885641,0.5698124170303345,0.0454036630690097
UNDE,UNDE_010,2024,10,16,NEON_DP3.30026.002_bidirectional,0.8897960782051086,0.02304676361382,0.6030938029289246,0.0873275622725486,0.8796135783195496,0.0311827957630157,0.5510740280151367,0.0666659325361251
UNDE,UNDE_010,2025,10,16,NEON_DP3.30026.002_bidirectional,0.8950268030166626,0.0188755318522453,0.665399432182312,0.0815766975283622,0.8846139311790466,0.0257820039987564,0.5970979928970337,0.0586504414677619
UNDE,UNDE_011,2022,10,8,NEON_DP3.30026.002_bidirectional,0.8550166487693787,0.0184940714389085,0.587121844291687,0.0504896119236946,0.8267667293548584,0.0233545396476984,0.5425127744674683,0.039853386580944
UNDE,UNDE_011,2024,10,8,NEON_DP3.30026.002_bidirectional,0.868650496006012,0.0232341103255748,0.5509735345840454,0.0625426545739173,0.8527380228042603,0.0352977812290191,0.5133005976676941,0.0506866201758384
UNDE,UNDE_011,2025,10,8,NEON_DP3.30026.002_bidirectional,0.8701623678207397,0.0136433644220232,0.5298571586608887,0.0591575652360916,0.8579877614974976,0.0241527780890464,0.4965705275535583,0.0489601008594036
UNDE,UNDE_012,2022,10,16,NEON_DP3.30026.002_bidirectional,0.8132277727127075,0.0510404370725154,0.6381366848945618,0.1027413755655288,0.7677056193351746,0.0723637267947197,0.5756008625030518,0.0798395648598671
UNDE,UNDE_012,2024,10,16,NEON_DP3.30026.002_bidirectional,0.8391414880752563,0.0451694019138813,0.6630032658576965,0.0813769847154617,0.794549286365509,0.0696469470858573,0.599281907081604,0.0611549355089664
UNDE,UNDE_012,2025,10,16,NEON_DP3.30026.002_bidirectional,0.8329799771308899,0.0437489934265613,0.6393617391586304,0.0779483541846275,0.78675377368927,0.0691362470388412,0.5816217660903931,0.0580310635268688
UNDE,UNDE_013,2022,10,16,NEON_DP3.30026.002_bidirectional,0.8883695006370544,0.0087889656424522,0.7337245941162109,0.052582886070013,0.868743360042572,0.0115589015185832,0.6485294699668884,0.0380674712359905
UNDE,UNDE_013,2024,10,16,NEON_DP3.30026.002_bidirectional,0.915705382823944,0.0089261010289192,0.7358675599098206,0.0663560405373573,0.908023476600647,0.0119039248675107,0.6504724025726318,0.0491567030549049
UNDE,UNDE_013,2025,10,16,NEON_DP3.30026.002_bidirectional,0.913078784942627,0.006389201618731,0.7510730624198914,0.054781686514616,0.904276967048645,0.0092520704492926,0.6616783142089844,0.0401958525180816
UNDE,UNDE_014,2022,10,16,NEON_DP3.30026.002_bidirectional,0.8891090750694275,0.0052486434578895,0.707261323928833,0.0338629707694053,0.8699957728385925,0.0079306680709123,0.632193922996521,0.0242253020405769
UNDE,UNDE_014,2024,10,16,NEON_DP3.30026.002_bidirectional,0.9099982380867004,0.0036578697618097,0.7861065864562988,0.0589185990393161,0.8985961675643921,0.0046124369837343,0.685613214969635,0.0405749343335628
UNDE,UNDE_014,2025,10,16,NEON_DP3.30026.002_bidirectional,0.9008415937423706,0.0059989690780639,0.7389774322509766,0.0514320097863674,0.8851147294044495,0.0071625262498855,0.6549069285392761,0.0363882109522819
UNDE,UNDE_015,2022,10,16,NEON_DP3.30026.002_bidirectional,0.863844633102417,0.0073838457465171,0.5897660851478577,0.0228922870010137,0.8363578915596008,0.0089596547186374,0.5474230647087097,0.0183351896703243
UNDE,UNDE_015,2024,10,16,NEON_DP3.30026.002_bidirectional,0.8768616914749146,0.0087158884853124,0.5634352564811707,0.0382058955729007,0.8551970720291138,0.0114350514486432,0.5284163355827332,0.0288009624928236
UNDE,UNDE_015,2025,10,16,NEON_DP3.30026.002_bidirectional,0.8741517663002014,0.0125568769872188,0.5410280227661133,0.0424353629350662,0.8599614500999451,0.0164765454828739,0.5079997181892395,0.0323569104075431
UNDE,UNDE_016,2022,10,16,NEON_DP3.30026.002_bidirectional,0.8134562969207764,0.0314138978719711,0.5195026397705078,0.1331373006105423,0.7841945290565491,0.0345509685575962,0.480108767747879,0.1069361865520477
UNDE,UNDE_016,2024,10,16,NEON_DP3.30026.002_bidirectional,0.8419313430786133,0.0304918400943279,0.4703901410102844,0.0965932309627533,0.8277521729469299,0.0478137582540512,0.4441901743412018,0.0780152082443237
UNDE,UNDE_016,2025,10,16,NEON_DP3.30026.002_bidirectional,0.8633334636688232,0.0231877490878105,0.5677953958511353,0.1237547174096107,0.85248863697052,0.035358615219593,0.518864095211029,0.0955218225717544
UNDE,UNDE_018,2022,10,16,NEON_DP3.30026.002_bidirectional,0.793110191822052,0.0184760726988315,0.4755480587482452,0.0293400790542364,0.7569187879562378,0.0280355643481016,0.4488564133644104,0.0236686989665031
UNDE,UNDE_018,2024,10,16,NEON_DP3.30026.002_bidirectional,0.8367046117782593,0.012527696788311,0.4217066764831543,0.0614307969808578,0.8266603350639343,0.0192576888948678,0.4063315391540527,0.050957441329956
UNDE,UNDE_018,2025,10,16,NEON_DP3.30026.002_bidirectional,0.8394777178764343,0.0100539894774556,0.4592311382293701,0.0633590668439865,0.8309072852134705,0.0141379842534661,0.4353865087032318,0.0511840917170047
UNDE,UNDE_019,2022,10,16,NEON_DP3.30026.002_bidirectional,0.8824120759963989,0.0079168900847435,0.6928606629371643,0.0426796786487102,0.8617982864379883,0.009207091294229,0.6202967762947083,0.0316088236868381
UNDE,UNDE_019,2024,10,16,NEON_DP3.30026.002_bidirectional,0.9114033579826356,0.0128344753757119,0.701029360294342,0.059742871671915,0.9064593315124512,0.0177163928747177,0.6239721775054932,0.0441861189901828
UNDE,UNDE_019,2025,10,16,NEON_DP3.30026.002_bidirectional,0.9138110280036926,0.00573526090011,0.7481333613395691,0.0509597584605217,0.908730685710907,0.0089900353923439,0.6566237807273865,0.0376041010022163
UNDE,UNDE_020,2022,10,16,NEON_DP3.30026.002_bidirectional,0.8549244999885559,0.0133208995684981,0.5659748315811157,0.0343020409345626,0.8279165029525757,0.0157887823879718,0.5273324847221375,0.0278425924479961
UNDE,UNDE_020,2024,10,16,NEON_DP3.30026.002_bidirectional,0.8747807741165161,0.0123227108269929,0.6107923984527588,0.0380804724991321,0.8558648228645325,0.0150041533634066,0.5606333017349243,0.0295503064990043
UNDE,UNDE_020,2025,10,16,NEON_DP3.30026.002_bidirectional,0.8718047142028809,0.0100018018856644,0.5570356249809265,0.0319040156900882,0.8528285026550293,0.0124369254335761,0.5215330719947815,0.0254009291529655
UNDE,UNDE_021,2022,10,16,NEON_DP3.30026.002_bidirectional,0.8656578660011292,0.0275149289518594,0.6316961646080017,0.0614551417529583,0.8347848653793335,0.0353294312953949,0.579301118850708,0.0481677092611789
UNDE,UNDE_021,2024,10,16,NEON_DP3.30026.002_bidirectional,0.8977406620979309,0.0178380999714136,0.6900526881217957,0.0628536120057106,0.8797917366027832,0.0210071764886379,0.6225484609603882,0.0481756031513214
UNDE,UNDE_021,2025,10,16,NEON_DP3.30026.002_bidirectional,0.8949944376945496,0.0145865278318524,0.6529891490936279,0.050678938627243,0.8777040243148804,0.0165647957473993,0.5957332849502563,0.0399058908224105
UNDE,UNDE_022,2022,10,16,NEON_DP3.30026.002_bidirectional,0.7713067531585693,0.0182135570794343,0.4494739472866058,0.0317424014210701,0.7056736350059509,0.0246407743543386,0.4359485507011413,0.0272274874150753
UNDE,UNDE_022,2024,10,16,NEON_DP3.30026.002_bidirectional,0.7915409207344055,0.0171357989311218,0.4960614442825317,0.0291552059352397,0.7398053407669067,0.0197497513145208,0.4713119864463806,0.0250787455588579
UNDE,UNDE_022,2025,10,16,NEON_DP3.30026.002_bidirectional,0.8137698173522949,0.0153482165187597,0.4983706176280975,0.0305663309991359,0.7763999700546265,0.0187006890773773,0.4716042876243591,0.0257788393646478
UNDE,UNDE_023,2022,10,16,NEON_DP3.30026.002_bidirectional,0.8568607568740845,0.012743909843266,0.6125593185424805,0.05305165797472,0.8275169730186462,0.0157649144530296,0.561858594417572,0.0415990315377712
UNDE,UNDE_023,2024,10,16,NEON_DP3.30026.002_bidirectional,0.8741329908370972,0.0079172914847731,0.6171059012413025,0.0599893555045127,0.8530107140541077,0.0143223414197564,0.5652625560760498,0.0474350415170192
UNDE,UNDE_023,2025,10,16,NEON_DP3.30026.002_bidirectional,0.8762641549110413,0.0079323388636112,0.6022216081619263,0.0558178089559078,0.8542090654373169,0.0140265366062521,0.5560368299484253,0.0447087883949279
UNDE,UNDE_027,2022,10,16,NEON_DP3.30026.002_bidirectional,0.8900628089904785,0.0078460508957505,0.6756725907325745,0.0624415837228298,0.8748878240585327,0.0109932199120521,0.6064246296882629,0.0455111861228942
UNDE,UNDE_027,2024,10,16,NEON_DP3.30026.002_bidirectional,0.9208111763000488,0.0065022921189665,0.7314171195030212,0.106956772506237,0.9203554391860962,0.011397480033338,0.6424835920333862,0.077237069606781
UNDE,UNDE_027,2025,10,16,NEON_DP3.30026.002_bidirectional,0.9161099791526794,0.00586215313524,0.7200191020965576,0.081540010869503,0.9157735705375672,0.0074836988933384,0.6348321437835693,0.058513730764389
UNDE,UNDE_037,2022,10,8,NEON_DP3.30026.002_bidirectional,0.8595973253250122,0.0094731654971838,0.6353583931922913,0.0368332378566265,0.8239708542823792,0.0130701903253793,0.5820662975311279,0.0266686342656612
UNDE,UNDE_037,2024,10,8,NEON_DP3.30026.002_bidirectional,0.8774028420448303,0.0107492255046963,0.6007219552993774,0.0236792564392089,0.853398859500885,0.0142822079360485,0.5549250245094299,0.0156983807682991
UNDE,UNDE_037,2025,10,8,NEON_DP3.30026.002_bidirectional,0.8786925077438354,0.0122627587988972,0.6501361131668091,0.0419486910104751,0.8533017635345459,0.0157198291271924,0.5912203788757324,0.0300865154713392
UNDE,UNDE_038,2022,10,16,NEON_DP3.30026.002_bidirectional,0.8443654179573059,0.0250984989106655,0.5441738963127136,0.0612290017306804,0.8282058238983154,0.0283758901059627,0.5017073154449463,0.0493094585835933
UNDE,UNDE_038,2024,10,16,NEON_DP3.30026.002_bidirectional,0.8714714050292969,0.0215344969183206,0.4958468675613403,0.0842603892087936,0.8748893737792969,0.0221521221101284,0.4635928571224212,0.0679218620061874
UNDE,UNDE_038,2025,10,16,NEON_DP3.30026.002_bidirectional,0.8783279657363892,0.0203063637018203,0.5491856932640076,0.0806300491094589,0.8806163668632507,0.0213122386485338,0.50511634349823,0.0643390864133834
UNDE,UNDE_043,2022,10,16,NEON_DP3.30026.002_bidirectional,0.8722378611564636,0.0082368915900588,0.6483849883079529,0.0340799912810325,0.8492955565452576,0.0115379719063639,0.5888225436210632,0.0245952252298593
UNDE,UNDE_043,2024,10,16,NEON_DP3.30026.002_bidirectional,0.901186466217041,0.0181741937994956,0.6688104271888733,0.0534231849014759,0.8897191286087036,0.0250159502029418,0.6049903631210327,0.0379031710326671
UNDE,UNDE_043,2025,10,16,NEON_DP3.30026.002_bidirectional,0.9022824764251708,0.0141558768227696,0.7090038657188416,0.0526054762303829,0.8921392560005188,0.0194226950407028,0.6319078207015991,0.0368171669542789
UNDE,UNDE_044,2022,10,16,NEON_DP3.30026.002_bidirectional,0.8350810408592224,0.0360254496335983,0.5736845135688782,0.0801344662904739,0.8100403547286987,0.0434123277664184,0.5252305269241333,0.0628654509782791
UNDE,UNDE_044,2024,10,16,NEON_DP3.30026.002_bidirectional,0.8694719076156616,0.0289991702884435,0.5384874939918518,0.0819320902228355,0.8582348823547363,0.0347030460834503,0.5009236335754395,0.0639763325452804
UNDE,UNDE_044,2025,10,16,NEON_DP3.30026.002_bidirectional,0.8765910267829895,0.0233615059405565,0.5940914154052734,0.08192890137434,0.8640452027320862,0.0301513262093067,0.543512761592865,0.0616513639688491
UNDE,UNDE_045,2022,10,16,NEON_DP3.30026.002_bidirectional,0.8750283122062683,0.0258452091366052,0.6697415709495544,0.0783444195985794,0.856458842754364,0.0273759048432111,0.6014771461486816,0.0609897077083587
UNDE,UNDE_045,2024,10,16,NEON_DP3.30026.002_bidirectional,0.9037124514579772,0.0182216838002204,0.6628986597061157,0.1122322380542755,0.9025849103927612,0.0154589526355266,0.5935100317001343,0.0863169729709625
UNDE,UNDE_045,2025,10,16,NEON_DP3.30026.002_bidirectional,0.9071091413497924,0.0166364088654518,0.719389021396637,0.1030694842338562,0.9053062200546264,0.0137826381251215,0.6337723731994629,0.0777524709701538
UNDE,UNDE_047,2022,10,16,NEON_DP3.30026.002_bidirectional,0.8873218894004822,0.0129134943708777,0.6959637403488159,0.0494606755673885,0.8696151375770569,0.0171757526695728,0.6230624318122864,0.0363670215010643
UNDE,UNDE_047,2024,10,16,NEON_DP3.30026.002_bidirectional,0.915035367012024,0.0180036704987287,0.6966541409492493,0.0817626267671585,0.9104561805725098,0.0239722207188606,0.6230635643005371,0.061422161757946
UNDE,UNDE_047,2025,10,16,NEON_DP3.30026.002_bidirectional,0.9166392683982848,0.0090285995975136,0.7269794344902039,0.0580342300236225,0.9107540249824524,0.0140955168753862,0.6463236808776855,0.0420974604785442
UNDE,UNDE_048,2022,10,16,NEON_DP3.30026.002_bidirectional,0.862819492816925,0.0157354641705751,0.6246044039726257,0.0431010723114013,0.8386447429656982,0.0220638886094093,0.5690844058990479,0.0332583002746105
UNDE,UNDE_048,2024,10,16,NEON_DP3.30026.002_bidirectional,0.8845272660255432,0.0207478646188974,0.6119897961616516,0.071565993130207,0.874443769454956,0.027138540521264,0.5569815039634705,0.0540002882480621
UNDE,UNDE_048,2025,10,16,NEON_DP3.30026.002_bidirectional,0.8831703662872314,0.019339857622981,0.6335474252700806,0.0674922913312912,0.8719938397407532,0.025679500773549,0.5724724531173706,0.0506208762526512
UNDE,UNDE_049,2022,10,16,NEON_DP3.30026.002_bidirectional,0.8796887993812561,0.0207328591495752,0.6339203119277954,0.066275954246521,0.8715915679931641,0.0234460867941379,0.5714191794395447,0.0514816902577877
UNDE,UNDE_049,2024,10,16,NEON_DP3.30026.002_bidirectional,0.89394211769104,0.0144762750715017,0.5577185750007629,0.1055680513381958,0.8997269868850708,0.0256461203098297,0.5122388005256653,0.0828741490840911
UNDE,UNDE_049,2025,10,16,NEON_DP3.30026.002_bidirectional,0.910064160823822,0.0084890415892004,0.6409024000167847,0.1171150282025337,0.9200552701950072,0.0153971621766686,0.5732622742652893,0.0891860499978065
UNDE,UNDE_050,2022,10,16,NEON_DP3.30026.002_bidirectional,0.883786141872406,0.0123063120990991,0.6298209428787231,0.0713184401392936,0.874840259552002,0.0116747766733169,0.5706104636192322,0.0571974702179431
UNDE,UNDE_050,2024,10,16,NEON_DP3.30026.002_bidirectional,0.9126742482185364,0.0116597060114145,0.6106781959533691,0.0713275969028472,0.916539430618286,0.014134919270873,0.5573853254318237,0.0585337579250335
UNDE,UNDE_050,2025,10,16,NEON_DP3.30026.002_bidirectional,0.914149284362793,0.0077526760287582,0.6571950912475586,0.0651301890611648,0.9178025722503662,0.0097049074247479,0.5909921526908875,0.05160478875041
UNDE,UNDE_052,2022,10,16,NEON_DP3.30026.002_bidirectional,0.8769630193710327,0.0117441369220614,0.6389142870903015,0.0382028110325336,0.8549376130104065,0.0149271441623568,0.5829262137413025,0.0288759972900152
UNDE,UNDE_052,2024,10,16,NEON_DP3.30026.002_bidirectional,0.903911292552948,0.0137544525787234,0.61249178647995,0.0459561757743358,0.8945403695106506,0.0179918427020311,0.5640076994895935,0.0352246277034282
UNDE,UNDE_052,2025,10,16,NEON_DP3.30026.002_bidirectional,0.9066387414932252,0.0142536321654915,0.6605909466743469,0.0532488599419593,0.8974276781082153,0.0194299649447202,0.5987041592597961,0.0398247614502906
UNDE,UNDE_054,2022,10,16,NEON_DP3.30026.002_bidirectional,0.8945925235748291,0.0078869415447115,0.762803316116333,0.053277414292097,0.8770543336868286,0.010664353147149,0.6696109175682068,0.0365662835538387
UNDE,UNDE_054,2024,10,16,NEON_DP3.30026.002_bidirectional,0.91847163438797,0.0065226252190768,0.7508037686347961,0.0408870242536067,0.9102163314819336,0.0097208889201283,0.6642539501190186,0.0284919142723083
UNDE,UNDE_054,2025,10,16,NEON_DP3.30026.002_bidirectional,0.9167855978012084,0.0057960646227002,0.7735012173652649,0.0376665256917476,0.9070420265197754,0.0085060205310583,0.6801294088363647,0.0257146805524826
UNDE,UNDE_055,2022,10,16,NEON_DP3.30026.002_bidirectional,0.8850015997886658,0.0237786900252103,0.6930467486381531,0.0879907384514808,0.8727121353149414,0.0290109068155288,0.616032063961029,0.0643096268177032
UNDE,UNDE_055,2024,10,16,NEON_DP3.30026.002_bidirectional,0.9033472537994384,0.0305924918502569,0.6475002765655518,0.0924664065241813,0.8981441259384155,0.0417912527918815,0.5853822827339172,0.0678654983639717
UNDE,UNDE_055,2025,10,16,NEON_DP3.30026.002_bidirectional,0.9051854014396667,0.0244784764945507,0.6806957721710205,0.0779371112585067,0.8998032808303833,0.0326699651777744,0.6103008985519409,0.0569035895168781
UNDE,UNDE_056,2022,10,16,NEON_DP3.30026.002_bidirectional,0.88124018907547,0.0082713020965456,0.6708710193634033,0.0321264192461967,0.8597685098648071,0.0101678911596536,0.6062885522842407,0.0242702942341566
UNDE,UNDE_056,2024,10,16,NEON_DP3.30026.002_bidirectional,0.9183878898620604,0.0048048603348433,0.6808112263679504,0.0524870045483112,0.9144216775894164,0.0101053407415747,0.6130442023277283,0.0390857085585594
UNDE,UNDE_056,2025,10,16,NEON_DP3.30026.002_bidirectional,0.9153938293457032,0.0034248100128024,0.7041149735450745,0.044399045407772,0.910849153995514,0.0070033576339483,0.6290509104728699,0.0328027196228504
UNDE,UNDE_057,2022,10,16,NEON_DP3.30026.002_bidirectional,0.8101844191551208,0.0243557747453451,0.5178454518318176,0.047538973391056,0.771233856678009,0.0308695677667856,0.4860900640487671,0.0384973622858524
UNDE,UNDE_057,2024,10,16,NEON_DP3.30026.002_bidirectional,0.8519130945205688,0.0321280770003795,0.5126737356185913,0.0769427940249443,0.8326029777526855,0.0406083017587661,0.4818817973136902,0.0622129738330841
UNDE,UNDE_057,2025,10,16,NEON_DP3.30026.002_bidirectional,0.853219747543335,0.0309947729110717,0.549458920955658,0.0818131491541862,0.8328739404678345,0.0387950614094734,0.510283350944519,0.0651082620024681
UNDE,UNDE_058,2022,10,16,NEON_DP3.30026.002_bidirectional,0.8883135318756104,0.005595289170742,0.6998011469841003,0.0381755903363227,0.870351254940033,0.0073512019589543,0.6260268092155457,0.0276580993086099
UNDE,UNDE_058,2024,10,16,NEON_DP3.30026.002_bidirectional,0.9085458517074584,0.0071449452079832,0.6943184733390808,0.06369149684906,0.9015991687774658,0.010957988910377,0.6204368472099304,0.0472052581608295
UNDE,UNDE_058,2025,10,16,NEON_DP3.30026.002_bidirectional,0.9130937457084656,0.0046941339969635,0.7297886610031128,0.0574878230690956,0.9065821766853333,0.0086910082027316,0.6463450193405151,0.0419139899313449
UNDE,UNDE_059,2022,10,16,NEON_DP3.30026.002_bidirectional,0.8800296783447266,0.0091034974902868,0.6627485752105713,0.0555925630033016,0.856141209602356,0.0108340233564376,0.6015348434448242,0.0398688279092311
UNDE,UNDE_059,2024,10,16,NEON_DP3.30026.002_bidirectional,0.8796213269233704,0.0212566275149583,0.561423659324646,0.0890938639640808,0.862139880657196,0.0250084344297647,0.5243921875953674,0.068170741200447
UNDE,UNDE_059,2025,10,16,NEON_DP3.30026.002_bidirectional,0.8872568607330322,0.0197611097246408,0.604249894618988,0.0840397328138351,0.8724337816238403,0.0233628172427415,0.5567646026611328,0.0633413940668106
UNDE,UNDE_060,2022,10,16,NEON_DP3.30026.002_bidirectional,0.8052298426628113,0.020978458225727,0.4900408685207367,0.0720614567399025,0.7818374037742615,0.0257368590682744,0.4565343260765075,0.057384829968214
UNDE,UNDE_060,2024,10,16,NEON_DP3.30026.002_bidirectional,0.8411833643913269,0.0153764216229319,0.4230645895004272,0.0927009060978889,0.8519043326377869,0.0246391352266073,0.400403082370758,0.0752062872052192
UNDE,UNDE_060,2025,10,16,NEON_DP3.30026.002_bidirectional,0.8426664471626282,0.014866572804749,0.4804891347885132,0.0936273336410522,0.8476693034172058,0.0177758801728487,0.4456904530525207,0.0736701637506485
UNDE,UNDE_061,2022,10,16,NEON_DP3.30026.002_bidirectional,0.883654773235321,0.0115127591416239,0.6879337430000305,0.0828095972537994,0.8685042858123779,0.0131774740293622,0.6136431694030762,0.0624267198145389
UNDE,UNDE_061,2024,10,16,NEON_DP3.30026.002_bidirectional,0.9130223393440248,0.0137501880526542,0.6213057637214661,0.1063788160681724,0.9139004945755004,0.0211945921182632,0.5648329257965088,0.0833639800548553
UNDE,UNDE_061,2025,10,16,NEON_DP3.30026.002_bidirectional,0.9101444482803344,0.0130791524425148,0.6511861681938171,0.0914624482393264,0.907635509967804,0.0182575266808271,0.5878735184669495,0.0697353258728981
UNDE,UNDE_065,2022,10,16,NEON_DP3.30026.002_bidirectional,0.891983151435852,0.0080459276214241,0.6739951968193054,0.0548513457179069,0.8808395266532898,0.009467433206737,0.6052165031433105,0.040659662336111
UNDE,UNDE_065,2024,10,16,NEON_DP3.30026.002_bidirectional,0.9176504611968994,0.0044071683660149,0.6487767100334167,0.0687169432640075,0.9182397723197936,0.0051529253832995,0.587999701499939,0.0501541644334793
UNDE,UNDE_065,2025,10,16,NEON_DP3.30026.002_bidirectional,0.9184496998786926,0.0031933286227285,0.6868762969970703,0.0569705702364444,0.9190883636474608,0.0043037207797169,0.6148949265480042,0.0403900258243083
UNDE,UNDE_078,2022,10,16,NEON_DP3.30026.002_bidirectional,0.8798050880432129,0.011990793980658,0.7004939317703247,0.0717492178082466,0.8560683131217957,0.0147056793794035,0.62607342004776,0.052679568529129
UNDE,UNDE_078,2024,10,16,NEON_DP3.30026.002_bidirectional,0.8913087248802185,0.0233772993087768,0.654502272605896,0.1088614612817764,0.877098023891449,0.0287643931806087,0.5907838940620422,0.0806762725114822
UNDE,UNDE_078,2025,10,16,NEON_DP3.30026.002_bidirectional,0.8996415138244629,0.015626136213541,0.7059288024902344,0.0885008573532104,0.8868446350097656,0.0187821201980114,0.6288931369781494,0.0646210685372352
WREF,WREF_001,2022,10,16,NEON_DP3.30026.002_bidirectional,0.8417999148368835,0.0721256881952285,0.385382205247879,0.1147960722446441,0.8440190553665161,0.1108245179057121,0.3709134459495544,0.0990928784012794
WREF,WREF_001,2023,10,16,NEON_DP3.30026.002_bidirectional,0.8033169507980347,0.0654464587569236,0.3832480311393738,0.0762562975287437,0.7807691693305969,0.0936422944068908,0.3720475435256958,0.0664343610405922
WREF,WREF_001,2025,10,16,NEON_DP3.30026.002_bidirectional,0.8374221324920654,0.0579830072820186,0.4537724256515503,0.1106629893183708,0.8152972459793091,0.0969741642475128,0.4325916767120361,0.0951600447297096
WREF,WREF_002,2022,10,16,NEON_DP3.30026.002_bidirectional,0.9088780283927916,0.0123623088002204,0.4967131316661834,0.0811903178691864,0.93000328540802,0.0229875370860099,0.4623470604419708,0.0670582056045532
WREF,WREF_002,2023,10,16,NEON_DP3.30026.002_bidirectional,0.9035851359367372,0.0154988477006554,0.4917698204517364,0.0712843164801597,0.912200093269348,0.0286601744592189,0.4610905945301056,0.0593417771160602
WREF,WREF_002,2025,10,16,NEON_DP3.30026.002_bidirectional,0.9058582186698914,0.0147627303376793,0.4945710003376007,0.0585647225379943,0.8959583640098572,0.0223247725516557,0.4714637696743011,0.0479175634682178
WREF,WREF_003,2022,10,16,NEON_DP3.30026.002_bidirectional,0.919360101222992,0.0416465736925601,0.4458077251911163,0.1623157262802124,0.9800047874450684,0.0964617952704429,0.4154796600341797,0.1370640844106674
WREF,WREF_003,2023,10,16,NEON_DP3.30026.002_bidirectional,0.8851742148399353,0.04390824213624,0.5128870010375977,0.1231490969657898,0.8852185606956482,0.0671159997582435,0.4766961932182312,0.1012420803308487
WREF,WREF_003,2025,10,16,NEON_DP3.30026.002_bidirectional,0.9002718925476074,0.0420915484428405,0.4899441599845886,0.1099456772208213,0.8920124173164368,0.058412816375494,0.4626274704933166,0.092876099050045
WREF,WREF_004,2022,10,16,NEON_DP3.30026.002_bidirectional,0.8658192753791809,0.0760531723499298,0.2887276709079742,0.1062478572130203,0.9004722237586975,0.1101283654570579,0.286146879196167,0.0950566977262497
WREF,WREF_004,2023,10,16,NEON_DP3.30026.002_bidirectional,0.85664963722229,0.0934604629874229,0.2818355858325958,0.1114595979452133,0.8733505010604858,0.1287245601415634,0.2807866930961609,0.1003074347972869
WREF,WREF_004,2025,10,16,NEON_DP3.30026.002_bidirectional,0.8372498750686646,0.0891595259308815,0.3680187165737152,0.1068757027387619,0.8091083765029907,0.1064256876707077,0.3612557351589203,0.0956347659230232
WREF,WREF_005,2022,10,16,NEON_DP3.30026.002_bidirectional,0.8885107636451721,0.0242576245218515,0.3857069909572601,0.1094077751040458,0.9135422110557556,0.0463428124785423,0.3701581060886383,0.0912706851959228
WREF,WREF_005,2023,10,16,NEON_DP3.30026.002_bidirectional,0.8879925608634949,0.0254143141210079,0.4214999079704284,0.1084788665175437,0.8954828381538391,0.0519946031272411,0.4022720158100128,0.0934419333934784
WREF,WREF_005,2025,10,16,NEON_DP3.30026.002_bidirectional,0.8845260143280029,0.0276055019348859,0.4430218040943146,0.106841079890728,0.872737467288971,0.0445577949285507,0.4227910935878753,0.0907740145921707
WREF,WREF_006,2022,10,16,NEON_DP3.30026.002_bidirectional,0.8832980990409851,0.0105328941717743,0.4667551517486572,0.0791787579655647,0.8921825885772705,0.0311810076236724,0.4406719505786896,0.0659431815147399
WREF,WREF_006,2023,10,16,NEON_DP3.30026.002_bidirectional,0.8948323726654053,0.0148654589429497,0.5053504109382629,0.0497185848653316,0.8927268385887146,0.0242957044392824,0.4738814532756805,0.0404664389789104
WREF,WREF_006,2025,10,16,NEON_DP3.30026.002_bidirectional,0.9185214042663574,0.0141916153952479,0.4740655720233917,0.0681654885411262,0.9181374311447144,0.0195422694087028,0.4504087269306183,0.0551777593791484
WREF,WREF_007,2022,10,16,NEON_DP3.30026.002_bidirectional,0.8892576098442078,0.018525693565607,0.336517870426178,0.095992736518383,0.9465541839599608,0.0690027922391891,0.3262523114681244,0.0825259163975715
WREF,WREF_007,2023,10,16,NEON_DP3.30026.002_bidirectional,0.8952000141143799,0.0271698534488677,0.335466593503952,0.0990087538957595,0.93086040019989,0.0657479166984558,0.3272925019264221,0.0855299085378646
WREF,WREF_007,2025,10,16,NEON_DP3.30026.002_bidirectional,0.870804488658905,0.0260291621088981,0.4027522802352905,0.0978318899869918,0.8497821092605591,0.0433150716125965,0.3926848173141479,0.0841578021645546
WREF,WREF_008,2022,10,16,NEON_DP3.30026.002_bidirectional,0.8533636331558228,0.0310431011021137,0.3829454183578491,0.1300072073936462,0.8818991780281067,0.0589385665953159,0.3615488111972809,0.1049231737852096
WREF,WREF_008,2023,10,16,NEON_DP3.30026.002_bidirectional,0.8244490623474121,0.0334142334759235,0.383259505033493,0.0967867746949195,0.815091609954834,0.0548218190670013,0.3700962960720062,0.0829567164182663
WREF,WREF_008,2025,10,16,NEON_DP3.30026.002_bidirectional,0.842452347278595,0.0335107743740081,0.3855605125427246,0.0848327204585075,0.8276711106300354,0.0481705106794834,0.3753332793712616,0.0716446414589881
WREF,WREF_009,2022,10,16,NEON_DP3.30026.002_bidirectional,0.8890653252601624,0.0437257476150989,0.3317747712135315,0.1366891115903854,0.9312967658042908,0.0600951351225376,0.3190690279006958,0.1177720800042152
WREF,WREF_009,2023,10,16,NEON_DP3.30026.002_bidirectional,0.8766233921051025,0.0688055753707885,0.3700156807899475,0.1048558130860328,0.8778071403503418,0.1068094298243522,0.3598644733428955,0.0886834487318992
WREF,WREF_009,2025,10,16,NEON_DP3.30026.002_bidirectional,0.869581937789917,0.0464692637324333,0.3603537976741791,0.0893888995051384,0.8574200868606567,0.0649089142680168,0.3543350398540497,0.0761958137154579
WREF,WREF_010,2022,10,16,NEON_DP3.30026.002_bidirectional,0.8759191036224365,0.010493341833353,0.5123292207717896,0.0514069832861423,0.8704078197479248,0.0180235616862773,0.47780841588974,0.0400693379342556
WREF,WREF_010,2023,10,16,NEON_DP3.30026.002_bidirectional,0.8983873724937439,0.0156993325799703,0.4769677519798279,0.0727365761995315,0.8999118804931641,0.0272796750068664,0.4490320980548858,0.0589205995202064
WREF,WREF_010,2025,10,16,NEON_DP3.30026.002_bidirectional,0.8784286975860596,0.00984045304358,0.4983774423599243,0.0607930719852447,0.8599070906639099,0.0145949563011527,0.4697581529617309,0.0484160110354423
WREF,WREF_011,2022,10,16,NEON_DP3.30026.002_bidirectional,0.879422128200531,0.0116844410076737,0.4881099164485931,0.0317214727401733,0.8754759430885315,0.0150574035942554,0.4624649286270141,0.0244738366454839
WREF,WREF_011,2023,10,16,NEON_DP3.30026.002_bidirectional,0.8713611960411072,0.01265933457762,0.4680117964744568,0.0412503890693187,0.8595225811004639,0.0209371298551559,0.4459502100944519,0.0338864959776401
WREF,WREF_011,2025,10,16,NEON_DP3.30026.002_bidirectional,0.8759016990661621,0.0083650620654225,0.4807007908821106,0.0323221646249294,0.8609620332717896,0.0137213813140988,0.4588131010532379,0.0268085170537233
WREF,WREF_012,2022,10,16,NEON_DP3.30026.002_bidirectional,0.8855663537979126,0.037132192403078,0.419116348028183,0.0904391780495643,0.8732638359069824,0.0549610033631324,0.4070008099079132,0.0755552649497985
WREF,WREF_012,2023,10,16,NEON_DP3.30026.002_bidirectional,0.9045067429542542,0.0327579751610755,0.4636770486831665,0.090676225721836,0.8920232653617859,0.0439832955598831,0.4443361759185791,0.0719171091914177
WREF,WREF_012,2025,10,16,NEON_DP3.30026.002_bidirectional,0.8914796710014343,0.0390380136668682,0.454742431640625,0.0922619923949241,0.8737364411354065,0.0541666597127914,0.4362430572509765,0.0761689692735672
WREF,WREF_013,2022,10,16,NEON_DP3.30026.002_bidirectional,0.9013469219207764,0.0234419740736484,0.494504302740097,0.0973682627081871,0.9314229488372804,0.0495791174471378,0.4582420885562897,0.0785458534955978
WREF,WREF_013,2023,10,16,NEON_DP3.30026.002_bidirectional,0.8759254217147827,0.0322871543467044,0.5084891319274902,0.0705483853816986,0.8669118285179138,0.0538849234580993,0.4779174923896789,0.0581346713006496
WREF,WREF_013,2025,10,16,NEON_DP3.30026.002_bidirectional,0.8922014832496643,0.0285518486052751,0.4780037999153137,0.088409312069416,0.8762505650520325,0.0446505025029182,0.456486701965332,0.0737296491861343
WREF,WREF_014,2022,10,16,NEON_DP3.30026.002_bidirectional,0.8866053819656372,0.0249593872576951,0.362360805273056,0.1169420033693313,0.9245492815971376,0.0625302195549011,0.34815514087677,0.1029019355773925
WREF,WREF_014,2023,10,16,NEON_DP3.30026.002_bidirectional,0.887363612651825,0.0330960750579834,0.3734031617641449,0.1150456815958023,0.9083701372146606,0.0719668790698051,0.3596168458461761,0.1014991179108619
WREF,WREF_014,2025,10,16,NEON_DP3.30026.002_bidirectional,0.886047899723053,0.0370670855045318,0.3644538223743438,0.1016097739338874,0.8816279768943787,0.0554360635578632,0.3557310700416565,0.0884529203176498
WREF,WREF_015,2022,10,16,NEON_DP3.30026.002_bidirectional,0.8799211978912354,0.0270383451133966,0.4306384325027466,0.1045491099357605,0.9046368598937988,0.0510343387722969,0.4045127034187317,0.0833168625831604
WREF,WREF_015,2023,10,16,NEON_DP3.30026.002_bidirectional,0.8494659662246704,0.032140489667654,0.4289598166942596,0.0718451142311096,0.8382716774940491,0.0558517687022686,0.4100911915302276,0.0610752813518047
WREF,WREF_015,2025,10,16,NEON_DP3.30026.002_bidirectional,0.8568351864814758,0.0316825024783611,0.4057897925376892,0.0698936730623245,0.8346629738807678,0.0487373508512973,0.3925703763961792,0.0608231760561466
WREF,WREF_016,2022,10,16,NEON_DP3.30026.002_bidirectional,0.8983845114707947,0.0272947903722524,0.3485384583473205,0.0753529742360115,0.9287550449371338,0.0447772815823555,0.3375865519046783,0.0641047954559326
WREF,WREF_016,2023,10,16,NEON_DP3.30026.002_bidirectional,0.8932299017906189,0.0316754989326,0.3556321561336517,0.0764811038970947,0.9138465523719788,0.0507250912487506,0.3441954553127289,0.0643079951405525
WREF,WREF_016,2025,10,16,NEON_DP3.30026.002_bidirectional,0.8794577121734619,0.0382621549069881,0.4141772389411926,0.1010673120617866,0.8652013540267944,0.0566783919930458,0.3995726704597473,0.0829803347587585
WREF,WREF_017,2022,10,16,NEON_DP3.30026.002_bidirectional,0.912123441696167,0.0194044578820467,0.4678545892238617,0.1188916489481926,0.9311717748641968,0.0385347567498683,0.4403540790081024,0.098106600344181
WREF,WREF_017,2023,10,16,NEON_DP3.30026.002_bidirectional,0.9038004875183104,0.0271288324147462,0.4524720013141632,0.1265669465065002,0.914154589176178,0.0502370968461036,0.4285386204719543,0.1060550659894943
WREF,WREF_017,2025,10,16,NEON_DP3.30026.002_bidirectional,0.8974858522415161,0.0246008019894361,0.4876572489738464,0.0904569551348686,0.8814481496810913,0.0379620753228664,0.4654722511768341,0.0749000683426857
WREF,WREF_018,2022,10,16,NEON_DP3.30026.002_bidirectional,0.8384091854095459,0.0456146970391273,0.3679645359516144,0.108494833111763,0.8580263257026672,0.0778203755617141,0.3502693176269531,0.0893591344356536
WREF,WREF_018,2023,10,16,NEON_DP3.30026.002_bidirectional,0.7767394185066223,0.029116541147232,0.3448955714702606,0.0512908697128295,0.7408427596092224,0.0483524911105632,0.3392710983753204,0.0464151166379451
WREF,WREF_018,2025,10,16,NEON_DP3.30026.002_bidirectional,0.7877367734909058,0.0432634875178337,0.3407593667507171,0.0445033349096775,0.7443122267723083,0.0627807229757309,0.3375724852085113,0.0401788093149662
WREF,WREF_019,2022,10,16,NEON_DP3.30026.002_bidirectional,0.8517670631408691,0.0441913455724716,0.3550844192504883,0.1295698881149292,0.8730087876319885,0.0725038573145866,0.3395907878875732,0.1079672947525978
WREF,WREF_019,2023,10,16,NEON_DP3.30026.002_bidirectional,0.7793641686439514,0.0485736764967441,0.3965311646461487,0.0949379131197929,0.7407113909721375,0.0785316228866577,0.3820342719554901,0.0820993855595588
WREF,WREF_019,2025,10,16,NEON_DP3.30026.002_bidirectional,0.8176933526992798,0.0455837696790695,0.3864879012107849,0.1016944423317909,0.7872728109359741,0.0670612826943397,0.3751155436038971,0.0877934619784355
WREF,WREF_020,2022,10,16,NEON_DP3.30026.002_bidirectional,0.8900266885757446,0.0286852233111858,0.4858067035675049,0.1137584671378135,0.8907754421234131,0.0430017262697219,0.4549789726734161,0.0894515737891197
WREF,WREF_020,2023,10,16,NEON_DP3.30026.002_bidirectional,0.9167277216911316,0.0404269658029079,0.3692492842674255,0.1083748489618301,0.9263820052146912,0.0558458603918552,0.3582038581371307,0.0890587866306305
WREF,WREF_020,2025,10,16,NEON_DP3.30026.002_bidirectional,0.8912689089775085,0.0235354024916887,0.480861485004425,0.1115840002894401,0.872897744178772,0.0333193913102149,0.4575741291046142,0.088406778872013
WREF,WREF_070,2022,10,16,NEON_DP3.30026.002_bidirectional,0.9061893224716188,0.0229995176196098,0.5084654092788696,0.1430427432060241,0.9221144318580629,0.0467456057667732,0.4704023897647857,0.1143902912735939
WREF,WREF_070,2023,10,16,NEON_DP3.30026.002_bidirectional,0.894187867641449,0.0310773011296987,0.4899658560752868,0.1373345702886581,0.897281289100647,0.0603153146803379,0.458103597164154,0.1121288910508155
WREF,WREF_070,2025,10,16,NEON_DP3.30026.002_bidirectional,0.8945484161376953,0.044283278286457,0.4749636650085449,0.1430276781320572,0.8807913661003113,0.0713336393237114,0.4509625732898712,0.1192313507199287
WREF,WREF_071,2022,10,16,NEON_DP3.30026.002_bidirectional,0.8947930335998535,0.0252248253673315,0.4203039109706878,0.0711616352200508,0.907010853290558,0.0425981059670448,0.4045099020004272,0.0601386688649654
WREF,WREF_071,2023,10,16,NEON_DP3.30026.002_bidirectional,0.8826043009757996,0.0305780749768018,0.4310297071933746,0.0623212084174156,0.8775872588157654,0.0465892143547534,0.4153489470481872,0.0521670468151569
WREF,WREF_071,2025,10,16,NEON_DP3.30026.002_bidirectional,0.8911486268043518,0.0264133960008621,0.4499065577983856,0.0540873035788536,0.8801589608192444,0.0417506173253059,0.4346194863319397,0.0450977906584739
WREF,WREF_072,2022,10,16,NEON_DP3.30026.002_bidirectional,0.8769738674163818,0.0389369912445545,0.3924557864665985,0.1242009103298187,0.898056149482727,0.0720444098114967,0.3742243349552154,0.1036775410175323
WREF,WREF_072,2023,10,16,NEON_DP3.30026.002_bidirectional,0.8579459190368652,0.0611766651272773,0.395781546831131,0.0981447845697403,0.8547772765159607,0.0934240072965622,0.3812252879142761,0.0824709683656692
WREF,WREF_072,2025,10,16,NEON_DP3.30026.002_bidirectional,0.8653102517127991,0.0648918747901916,0.3751546442508697,0.0993095785379409,0.855991005897522,0.0973042175173759,0.3658766150474548,0.0857782810926437
WREF,WREF_073,2022,10,16,NEON_DP3.30026.002_bidirectional,0.8801522254943848,0.0292320661246776,0.4434288740158081,0.0753396153450012,0.8894628286361694,0.0439158603549003,0.4210661351680755,0.0605425722897052
WREF,WREF_073,2023,10,16,NEON_DP3.30026.002_bidirectional,0.8655712008476257,0.0259420908987522,0.4415452778339386,0.0670443326234817,0.8563727736473083,0.0364473387598991,0.4218933880329132,0.0549737513065338
WREF,WREF_073,2025,10,16,NEON_DP3.30026.002_bidirectional,0.8740195631980896,0.0237212087959051,0.4577621817588806,0.0644774809479713,0.8601987957954407,0.0316592194139957,0.4372857809066772,0.0527143850922584
WREF,WREF_074,2022,10,16,NEON_DP3.30026.002_bidirectional,0.8991411924362183,0.0280580408871173,0.4077016115188598,0.0776759535074234,0.913924276828766,0.0402399152517318,0.3935257196426391,0.0640194565057754
WREF,WREF_074,2023,10,16,NEON_DP3.30026.002_bidirectional,0.8884690999984741,0.0311689283698797,0.4190572798252105,0.0932369828224182,0.8885987997055054,0.0469451881945133,0.4035505056381225,0.077459417283535
WREF,WREF_074,2025,10,16,NEON_DP3.30026.002_bidirectional,0.8951555490493774,0.0310428626835346,0.4125231802463531,0.1065747439861297,0.8912221193313599,0.0485759079456329,0.4002697765827179,0.0889712125062942
WREF,WREF_075,2022,10,16,NEON_DP3.30026.002_bidirectional,0.8936263918876648,0.0172972809523344,0.415916234254837,0.0809456333518028,0.9057636260986328,0.0329055413603782,0.4003281593322754,0.0683429986238479
WREF,WREF_075,2023,10,16,NEON_DP3.30026.002_bidirectional,0.8815032839775085,0.0204257536679506,0.422211080789566,0.0844594091176986,0.8748224973678589,0.0360173843801021,0.4078370928764343,0.0705225020647049
WREF,WREF_075,2025,10,16,NEON_DP3.30026.002_bidirectional,0.8787870407104492,0.0251914020627737,0.4260576963424682,0.0635557696223259,0.8598013520240784,0.0378201454877853,0.4151768386363983,0.0536465533077716
WREF,WREF_076,2022,10,16,NEON_DP3.30026.002_bidirectional,0.8778510093688965,0.0258223041892051,0.4116801917552948,0.1332148015499115,0.8874606490135193,0.051372293382883,0.3940863013267517,0.1132638081908226
WREF,WREF_076,2023,10,16,NEON_DP3.30026.002_bidirectional,0.8482553362846375,0.0367589965462684,0.4501509666442871,0.1169888898730278,0.8239033222198486,0.0555480159819126,0.4314923584461212,0.1000810116529464
WREF,WREF_076,2025,10,16,NEON_DP3.30026.002_bidirectional,0.8557426929473877,0.0295621566474437,0.4470422267913818,0.1065649092197418,0.8227750062942505,0.0440991409122943,0.4325067102909088,0.0919571593403816
WREF,WREF_077,2022,10,16,NEON_DP3.30026.002_bidirectional,0.860917866230011,0.0389612503349781,0.373344212770462,0.0905331224203109,0.8764457702636719,0.0664300322532653,0.3581940233707428,0.0761989429593086
WREF,WREF_077,2023,10,16,NEON_DP3.30026.002_bidirectional,0.8598385453224182,0.0459322445094585,0.340265691280365,0.091533288359642,0.8601273894309998,0.0726892203092575,0.3324832022190094,0.0789833590388298
WREF,WREF_077,2025,10,16,NEON_DP3.30026.002_bidirectional,0.841766357421875,0.0504041574895381,0.3408379852771759,0.077346384525299,0.8187836408615112,0.0732663199305534,0.3374110162258148,0.0674521774053573
WREF,WREF_078,2022,10,16,NEON_DP3.30026.002_bidirectional,0.8930038809776306,0.0186672732234001,0.459790289402008,0.0608626790344715,0.896248459815979,0.031980387866497,0.4376660585403442,0.0499125681817531
WREF,WREF_078,2023,10,16,NEON_DP3.30026.002_bidirectional,0.8920095562934875,0.0185461770743131,0.4664199352264404,0.059806615114212,0.8880171179771423,0.0310230273753404,0.4439120888710022,0.0494296438992023
WREF,WREF_078,2025,10,16,NEON_DP3.30026.002_bidirectional,0.8955066204071045,0.0200158059597015,0.4596503973007202,0.0558737553656101,0.8821457028388977,0.0321713425219059,0.442230612039566,0.0472366474568843
WREF,WREF_079,2022,10,16,NEON_DP3.30026.002_bidirectional,0.8858155012130737,0.0336616821587085,0.3492311835289001,0.0911518111824989,0.9131695032119752,0.0465557090938091,0.3382628858089447,0.0775172412395477
WREF,WREF_079,2023,10,16,NEON_DP3.30026.002_bidirectional,0.82991623878479,0.0485183633863925,0.4138219654560089,0.1056234240531921,0.8093311786651611,0.0810534879565239,0.3979632556438446,0.0912475809454917
WREF,WREF_079,2025,10,16,NEON_DP3.30026.002_bidirectional,0.870339035987854,0.040363073348999,0.3683062791824341,0.112729363143444,0.8569956421852112,0.0636075064539909,0.3594880104064941,0.0991467535495758
WREF,WREF_080,2022,10,16,NEON_DP3.30026.002_bidirectional,0.9134264588356018,0.0080286683514714,0.6051289439201355,0.0542053133249282,0.914125680923462,0.0144407553598284,0.5533066391944885,0.0433017536997795
WREF,WREF_080,2023,10,16,NEON_DP3.30026.002_bidirectional,0.9003622531890869,0.0105075305327773,0.5851612091064453,0.0501012653112411,0.8933789730072021,0.0162821877747774,0.5389213562011719,0.04044721275568
WREF,WREF_080,2025,10,16,NEON_DP3.30026.002_bidirectional,0.908193826675415,0.0083264345303177,0.5950642228126526,0.0519207306206226,0.9026416540145874,0.0115564167499542,0.5474900007247925,0.0407658033072948
WREF,WREF_081,2022,10,16,NEON_DP3.30026.002_bidirectional,0.8565846681594849,0.0379139743745327,0.4147702753543854,0.0877570286393165,0.8616466522216797,0.0545108951628208,0.3945077359676361,0.072436898946762
WREF,WREF_081,2023,10,16,NEON_DP3.30026.002_bidirectional,0.8432921171188354,0.0361347906291484,0.4062344133853912,0.0810078233480453,0.8300044536590576,0.0516512803733348,0.3898811936378479,0.0678794085979461
WREF,WREF_081,2025,10,16,NEON_DP3.30026.002_bidirectional,0.8515208959579468,0.0410193614661693,0.390098512172699,0.0716726258397102,0.8345376253128052,0.0577746257185936,0.378686785697937,0.0614455454051494
WREF,WREF_082,2022,10,8,NEON_DP3.30026.002_bidirectional,0.8992445468902588,0.0188169032335281,0.3937944769859314,0.0854137986898422,0.9120805263519288,0.0378111414611339,0.38312429189682,0.0722919255495071
WREF,WREF_082,2023,10,8,NEON_DP3.30026.002_bidirectional,0.8979964852333069,0.0194014944136142,0.410549134016037,0.093538574874401,0.9055542945861816,0.0387644506990909,0.3951895833015442,0.0800066888332367
WREF,WREF_082,2025,10,8,NEON_DP3.30026.002_bidirectional,0.884949266910553,0.0191922709345817,0.4038169980049133,0.0798689275979995,0.8654274344444275,0.0318577513098716,0.3965776860713959,0.0685711428523063
WREF,WREF_083,2022,10,16,NEON_DP3.30026.002_bidirectional,0.8811777830123901,0.0235439557582139,0.3606064319610595,0.0888901874423027,0.9011797308921814,0.0443578511476516,0.3492845296859741,0.0750927999615669
WREF,WREF_083,2023,10,16,NEON_DP3.30026.002_bidirectional,0.8490238189697266,0.0292513407766819,0.3970328867435455,0.08362577855587,0.8395944833755493,0.0495126396417617,0.3830723464488983,0.0712460651993751
WREF,WREF_083,2025,10,16,NEON_DP3.30026.002_bidirectional,0.8788390159606934,0.0302969515323638,0.3802049458026886,0.0884882807731628,0.8720496892929077,0.0486589632928371,0.3695860505104065,0.0764603465795517
WREF,WREF_084,2022,10,16,NEON_DP3.30026.002_bidirectional,0.909766674041748,0.0192563142627477,0.4741304516792297,0.0910348445177078,0.9179869294166564,0.034425601363182,0.4508612751960754,0.0745518431067466
WREF,WREF_084,2023,10,16,NEON_DP3.30026.002_bidirectional,0.8924716711044312,0.0224683675915002,0.4803546667098999,0.0764482915401458,0.8840224742889404,0.0366784930229187,0.4576311707496643,0.0631702095270156
WREF,WREF_084,2025,10,16,NEON_DP3.30026.002_bidirectional,0.9147117137908936,0.0240342952311038,0.4820514917373657,0.0774478912353515,0.9118230938911438,0.0376986376941204,0.4610012173652649,0.0629036426544189
WREF,WREF_085,2022,10,16,NEON_DP3.30026.002_bidirectional,0.8972411751747131,0.0182547010481357,0.4530700445175171,0.0560325980186462,0.9066727161407472,0.0312943011522293,0.4308851957321167,0.047035839408636
WREF,WREF_085,2023,10,16,NEON_DP3.30026.002_bidirectional,0.8616894483566284,0.0213348641991615,0.4567768573760986,0.0389154143631458,0.8478387594223022,0.0349699631333351,0.4371672570705414,0.0308632794767618
WREF,WREF_085,2025,10,16,NEON_DP3.30026.002_bidirectional,0.8820774555206299,0.0241057965904474,0.4467011094093323,0.0527078658342361,0.8723654747009277,0.031757116317749,0.4296059906482696,0.043711133301258
WREF,WREF_086,2022,10,12,NEON_DP3.30026.002_bidirectional,0.8054463267326355,0.0694199055433273,0.3318547308444977,0.1211346313357353,0.811652421951294,0.1021395921707153,0.3205816745758056,0.104275919497013
WREF,WREF_086,2023,10,12,NEON_DP3.30026.002_bidirectional,0.7957765460014343,0.0719159096479415,0.3157578408718109,0.1075487062335014,0.782531201839447,0.1055057272315025,0.3105067312717438,0.0933469235897064
WREF,WREF_086,2025,10,12,NEON_DP3.30026.002_bidirectional,0.7852752208709717,0.0842938050627708,0.2886061370372772,0.0796956270933151,0.7556601166725159,0.1118983551859855,0.2903525829315185,0.0721193328499794
WREF,WREF_087,2022,10,16,NEON_DP3.30026.002_bidirectional,0.8884806632995605,0.0349972397089004,0.4533087909221649,0.0740761905908584,0.892634391784668,0.0436837114393711,0.4318525791168213,0.0639925524592399
WREF,WREF_087,2023,10,16,NEON_DP3.30026.002_bidirectional,0.8440073132514954,0.036818865686655,0.4926789402961731,0.0571645721793174,0.8204153180122375,0.0494323186576366,0.4659147560596466,0.048178669065237
WREF,WREF_087,2025,10,16,NEON_DP3.30026.002_bidirectional,0.8797342777252197,0.023864772170782,0.4608197212219238,0.0566369853913784,0.8602195382118225,0.0325023792684078,0.4438984096050262,0.0480866581201553
WREF,WREF_088,2022,10,8,NEON_DP3.30026.002_bidirectional,0.8964723944664001,0.0193871688097715,0.430166482925415,0.1200953423976898,0.915825366973877,0.0433814041316509,0.4083108305931091,0.0977714583277702
WREF,WREF_088,2023,10,8,NEON_DP3.30026.002_bidirectional,0.8928114771842957,0.0251186694949865,0.4246797561645508,0.1107964664697647,0.902435541152954,0.0494317673146724,0.4049839675426483,0.0917348116636276
WREF,WREF_088,2025,10,8,NEON_DP3.30026.002_bidirectional,0.8936254978179932,0.0273444652557373,0.4318543970584869,0.1062537431716919,0.8827151656150818,0.0455322749912738,0.4168316721916199,0.0895136445760726
WREF,WREF_089,2022,10,16,NEON_DP3.30026.002_bidirectional,0.816146731376648,0.0887571722269058,0.344961404800415,0.0912426933646202,0.8140318989753723,0.1215640008449554,0.3356383144855499,0.0808210372924804
WREF,WREF_089,2023,10,16,NEON_DP3.30026.002_bidirectional,0.8038628101348877,0.0826583504676818,0.3993250727653503,0.0990928933024406,0.7691351771354675,0.1204011291265487,0.3860531747341156,0.0856460854411125
WREF,WREF_089,2025,10,16,NEON_DP3.30026.002_bidirectional,0.8130966424942017,0.0767457708716392,0.4356166422367096,0.1004068478941917,0.7696747779846191,0.1096473187208175,0.419319212436676,0.0839654356241226
YELL,YELL_001,2022,10,16,NEON_DP3.30026.002_bidirectional,0.6878454685211182,0.0478983633220195,0.4384503364562988,0.0419859550893306,0.6182309985160828,0.0552459955215454,0.4139542281627655,0.0390491262078285
YELL,YELL_001,2023,10,16,NEON_DP3.30026.002_bidirectional,0.5406515598297119,0.0783322528004646,0.3167287409305572,0.052190713584423,0.4260472655296325,0.0885947197675705,0.3102026879787445,0.0499547310173511
YELL,YELL_001,2025,10,16,NEON_DP3.30026.002_bidirectional,0.3879321813583374,0.0419432334601879,0.2268289923667907,0.0262665823101997,0.2457018345594406,0.043425615876913,0.2247429490089416,0.0262457430362701
YELL,YELL_002,2022,10,16,NEON_DP3.30026.002_bidirectional,0.5710614919662476,0.0397226326167583,0.3138183653354645,0.0411235019564628,0.4867734909057617,0.043570052832365,0.3029170334339142,0.0374170914292335
YELL,YELL_002,2023,10,16,NEON_DP3.30026.002_bidirectional,0.5225147008895874,0.0853132531046867,0.305454671382904,0.0718126073479652,0.4145205318927765,0.0998837649822235,0.2960917949676513,0.0651569813489914
YELL,YELL_002,2025,10,16,NEON_DP3.30026.002_bidirectional,0.4675013720989227,0.0611024536192417,0.254477858543396,0.0408858284354209,0.3386796116828918,0.0706005841493606,0.2535970509052276,0.0391269102692604
YELL,YELL_003,2022,10,16,NEON_DP3.30026.002_bidirectional,0.5249565243721008,0.1474344283342361,0.3051222264766693,0.090191051363945,0.4197738170623779,0.195780724287033,0.2954545617103576,0.0789018869400024
YELL,YELL_003,2023,10,16,NEON_DP3.30026.002_bidirectional,0.4734830856323242,0.1446762830018997,0.2860346138477325,0.1048386916518211,0.3582319319248199,0.1931841671466827,0.2737355530261993,0.0896123647689819
YELL,YELL_003,2025,10,16,NEON_DP3.30026.002_bidirectional,0.3797770142555237,0.1170317009091377,0.2183556109666824,0.0725576281547546,0.2317545861005783,0.1474801003932953,0.2179077267646789,0.0663795322179794
YELL,YELL_004,2022,10,16,NEON_DP3.30026.002_bidirectional,0.5112090706825256,0.0917130634188652,0.2944543957710266,0.0632016733288765,0.4236755967140198,0.1117133647203445,0.2798137664794922,0.0572946108877658
YELL,YELL_004,2023,10,16,NEON_DP3.30026.002_bidirectional,0.4774418473243713,0.1324982792139053,0.2871895730495453,0.0949609354138374,0.3745851516723633,0.1571026742458343,0.2737323939800262,0.0864762142300605
YELL,YELL_004,2025,10,16,NEON_DP3.30026.002_bidirectional,0.4001036286354065,0.1322024315595626,0.2353586256504058,0.0874406769871711,0.2780457139015198,0.1536453813314438,0.2276664972305297,0.0810511931777
YELL,YELL_005,2022,10,16,NEON_DP3.30026.002_bidirectional,0.6209359169006348,0.0404861494898796,0.320001482963562,0.0284627974033355,0.5443784594535828,0.051362469792366,0.312963604927063,0.0252578873187303
YELL,YELL_005,2023,10,16,NEON_DP3.30026.002_bidirectional,0.5774210691452026,0.0588056929409503,0.310637354850769,0.0365807227790355,0.4810376763343811,0.0738265961408615,0.3048222064971924,0.0335504151880741
YELL,YELL_005,2025,10,16,NEON_DP3.30026.002_bidirectional,0.4710367023944855,0.0577606670558452,0.2599222064018249,0.0340919718146324,0.3532561659812927,0.0716929286718368,0.2552608549594879,0.0312515683472156
YELL,YELL_006,2022,10,16,NEON_DP3.30026.002_bidirectional,0.6063873171806335,0.0522218458354473,0.2713758647441864,0.0759675651788711,0.394292801618576,1.477818489074707,0.2605971395969391,0.0677225515246391
YELL,YELL_006,2023,10,16,NEON_DP3.30026.002_bidirectional,0.6267737150192261,0.0434377416968345,0.298182725906372,0.1078673973679542,0.6603344082832336,0.1542674750089645,0.2843434512615204,0.0955055877566337
YELL,YELL_006,2025,10,16,NEON_DP3.30026.002_bidirectional,0.4780437648296356,0.0502379946410656,0.2189433574676513,0.0600065924227237,0.4374940991401672,0.1469676196575164,0.2150592058897018,0.0546754300594329
YELL,YELL_007,2022,10,12,NEON_DP3.30026.002_bidirectional,0.6987161040306091,0.0637056827545166,0.3617087304592132,0.0823975652456283,0.6470901370048523,0.0977721810340881,0.3512583971023559,0.0721882432699203
YELL,YELL_007,2023,10,12,NEON_DP3.30026.002_bidirectional,0.7130751013755798,0.0773138403892517,0.3814765214920044,0.0864178240299224,0.6640251278877258,0.1190798506140708,0.367741197347641,0.0761217400431633
YELL,YELL_007,2025,10,12,NEON_DP3.30026.002_bidirectional,0.6278189420700073,0.1193375661969184,0.2616088688373565,0.061762910336256,0.5530153512954712,0.1928750276565551,0.2671757638454437,0.0614172369241714
YELL,YELL_008,2022,10,16,NEON_DP3.30026.002_bidirectional,0.6242548227310181,0.0787204429507255,0.3629739582538605,0.0906530767679214,0.5349441766738892,0.0938220024108886,0.3500736057758331,0.0794432759284973
YELL,YELL_008,2023,10,16,NEON_DP3.30026.002_bidirectional,0.6559366583824158,0.0960826575756073,0.3881389796733856,0.1148393452167511,0.5811741352081299,0.1129826083779335,0.3712947964668274,0.1015437468886375
YELL,YELL_008,2025,10,16,NEON_DP3.30026.002_bidirectional,0.5127347111701965,0.0886383429169654,0.2872206270694732,0.0702903866767883,0.3840087056159973,0.1002113446593284,0.2860748469829559,0.0660201832652092
YELL,YELL_009,2022,10,16,NEON_DP3.30026.002_bidirectional,0.5757712721824646,0.0393922626972198,0.2475953698158264,0.0361984372138977,0.5181456208229065,0.054482989013195,0.2453018724918365,0.032954141497612
YELL,YELL_009,2023,10,16,NEON_DP3.30026.002_bidirectional,0.5799906849861145,0.0533716306090354,0.2186954319477081,0.0383921861648559,0.5606015920639038,0.1029339805245399,0.2182752192020416,0.0360015220940113
YELL,YELL_009,2025,10,16,NEON_DP3.30026.002_bidirectional,0.5342086553573608,0.0426132306456565,0.2103566080331802,0.032699666917324,0.5010283589363098,0.0582756735384464,0.208343356847763,0.0309258308261632
YELL,YELL_010,2022,10,16,NEON_DP3.30026.002_bidirectional,0.5902435183525085,0.0202051382511854,0.3710778653621673,0.0153813622891902,0.5032704472541809,0.0305923298001289,0.3506743013858795,0.0132641345262527
YELL,YELL_010,2023,10,16,NEON_DP3.30026.002_bidirectional,0.466675341129303,0.0291310083121061,0.2753266096115112,0.0257305968552827,0.3485868573188782,0.0317933075129985,0.2671397030353546,0.0244001913815736
YELL,YELL_010,2025,10,16,NEON_DP3.30026.002_bidirectional,0.3533439934253692,0.0113391885533928,0.2077107727527618,0.008556424640119,0.2139105349779129,0.0125235402956604,0.2040528655052185,0.0091838929802179
YELL,YELL_011,2022,10,16,NEON_DP3.30026.002_bidirectional,0.5605969429016113,0.0603875778615474,0.3192391991615295,0.0443384461104869,0.4874289035797119,0.0667765066027641,0.3021177649497986,0.0409843996167182
YELL,YELL_011,2023,10,16,NEON_DP3.30026.002_bidirectional,0.5602226257324219,0.0628698319196701,0.347198873758316,0.055998969823122,0.4778785109519958,0.0696534290909767,0.3259101212024688,0.0501178950071334
YELL,YELL_011,2025,10,16,NEON_DP3.30026.002_bidirectional,0.3843327760696411,0.0319010913372039,0.2270318567752838,0.0227264780551195,0.2539747953414917,0.0329185463488101,0.2211821973323822,0.0224935431033372
YELL,YELL_012,2022,10,16,NEON_DP3.30026.002_bidirectional,0.6787217855453491,0.0332398973405361,0.2629686892032623,0.0374375469982624,0.6519842743873596,0.0534386411309242,0.2628600299358368,0.0328795909881591
YELL,YELL_012,2023,10,16,NEON_DP3.30026.002_bidirectional,0.6298224925994873,0.0406561568379402,0.2180422693490982,0.0383423566818237,0.5983211398124695,0.0696581602096557,0.2222315222024917,0.0351879224181175
YELL,YELL_012,2025,10,16,NEON_DP3.30026.002_bidirectional,0.6385310292243958,0.0426726713776588,0.1653097718954086,0.0465670973062515,0.6385733485221863,0.0930789113044738,0.1733629703521728,0.0457642152905464
YELL,YELL_013,2022,10,16,NEON_DP3.30026.002_bidirectional,0.7014948725700378,0.0731731578707695,0.4616323113441467,0.0710834339261055,0.6409065127372742,0.0794547647237777,0.4312276542186737,0.0662927031517028
YELL,YELL_013,2023,10,16,NEON_DP3.30026.002_bidirectional,0.6699208617210388,0.0973060131072998,0.4733859002590179,0.1140374466776847,0.5977139472961426,0.108675479888916,0.4374753832817077,0.0997182428836822
YELL,YELL_013,2025,10,16,NEON_DP3.30026.002_bidirectional,0.4784298539161682,0.0730384364724159,0.3149797916412353,0.0569737963378429,0.3411999344825744,0.0870726928114891,0.3079769611358642,0.0545708574354648
YELL,YELL_014,2022,10,16,NEON_DP3.30026.002_bidirectional,0.4711471498012543,0.0237606912851333,0.2525011301040649,0.0124211879447102,0.3713051080703735,0.0325550064444541,0.2447237521409988,0.0112853311002254
YELL,YELL_014,2023,10,16,NEON_DP3.30026.002_bidirectional,0.4644665718078613,0.0431983321905136,0.2438126057386398,0.0181025136262178,0.355301022529602,0.0544891916215419,0.2392712384462356,0.0173614285886287
YELL,YELL_014,2025,10,16,NEON_DP3.30026.002_bidirectional,0.4074111878871918,0.0614017397165298,0.2195888012647628,0.0282395258545875,0.2849552035331726,0.0782968327403068,0.2159227132797241,0.0262398365885019
YELL,YELL_015,2022,10,16,NEON_DP3.30026.002_bidirectional,0.708831787109375,0.037898164242506,0.4705210030078888,0.047980647534132,0.649196207523346,0.0478084310889244,0.4376895129680633,0.03913139924407
YELL,YELL_015,2023,10,16,NEON_DP3.30026.002_bidirectional,0.5865074396133423,0.0441672801971435,0.3717895448207855,0.0384599119424819,0.4838407337665558,0.0527965053915977,0.3563945293426513,0.034472856670618
YELL,YELL_015,2025,10,16,NEON_DP3.30026.002_bidirectional,0.4667677283287048,0.0185184124857187,0.2866708040237427,0.0180272664874792,0.339323341846466,0.0195753909647464,0.2790068686008453,0.0166653655469417
YELL,YELL_016,2022,10,16,NEON_DP3.30026.002_bidirectional,0.5052847862243652,0.0915210172533989,0.3267271518707275,0.0663962438702583,0.4081233441829681,0.1052079498767852,0.3058042228221893,0.0609461069107055
YELL,YELL_016,2023,10,16,NEON_DP3.30026.002_bidirectional,0.462597906589508,0.1227350831031799,0.3186309039592743,0.0972930639982223,0.3508833050727844,0.1370514333248138,0.297754555940628,0.0893489345908165
YELL,YELL_016,2025,10,16,NEON_DP3.30026.002_bidirectional,0.300090491771698,0.0890767648816108,0.1965235322713852,0.0600472949445247,0.1542427241802215,0.0938787758350372,0.1902839988470077,0.0583500601351261
YELL,YELL_018,2022,10,16,NEON_DP3.30026.002_bidirectional,0.5230210423469543,0.0358499214053154,0.3242543339729309,0.0269537474960088,0.4251724481582641,0.0427600480616092,0.3069814443588257,0.0244743842631578
YELL,YELL_018,2023,10,16,NEON_DP3.30026.002_bidirectional,0.4267969131469726,0.0547664016485214,0.2821513712406158,0.039179153740406,0.2995485663414001,0.0654819533228874,0.2689980864524841,0.0355515033006668
YELL,YELL_018,2025,10,16,NEON_DP3.30026.002_bidirectional,0.3290770649909973,0.0454674288630485,0.2245708107948303,0.0331168845295906,0.1891185045242309,0.0514264479279518,0.2138603925704956,0.0306355934590101
YELL,YELL_020,2022,10,16,NEON_DP3.30026.002_bidirectional,0.7465804815292358,0.0229980610311031,0.3648566603660583,0.0702530965209007,0.7010298371315002,0.0339023917913436,0.3559582531452179,0.056805320084095
YELL,YELL_020,2023,10,16,NEON_DP3.30026.002_bidirectional,0.7727962732315063,0.0449229963123798,0.4152200222015381,0.0470580272376537,0.7248783707618713,0.0670289173722267,0.4013570249080658,0.0374846570193767
YELL,YELL_020,2025,10,16,NEON_DP3.30026.002_bidirectional,0.7129598259925842,0.0691664442420005,0.3360781371593475,0.0259480997920036,0.6334841847419739,0.0894734188914299,0.3372750580310821,0.023758590221405
YELL,YELL_021,2022,10,16,NEON_DP3.30026.002_bidirectional,0.7438971400260925,0.0612931549549102,0.2486469745635986,0.0388002842664718,0.7260951399803162,0.0947676673531532,0.2529173493385315,0.0366977266967296
YELL,YELL_021,2023,10,16,NEON_DP3.30026.002_bidirectional,0.759043276309967,0.048123262822628,0.255471259355545,0.0395669676363468,0.741549551486969,0.0731101185083389,0.2598208487033844,0.0368796363472938
YELL,YELL_021,2025,10,16,NEON_DP3.30026.002_bidirectional,0.7003315091133118,0.0487279295921325,0.2697580754756927,0.0471160374581813,0.640933096408844,0.0658840537071228,0.2723999917507171,0.0429514087736606
YELL,YELL_022,2022,10,16,NEON_DP3.30026.002_bidirectional,0.6536188125610352,0.0592532083392143,0.2514342963695526,0.0497328862547874,0.6550473570823669,0.1216494217514991,0.2508500814437866,0.046889029443264
YELL,YELL_022,2023,10,16,NEON_DP3.30026.002_bidirectional,0.673854649066925,0.0623158290982246,0.2296080440282821,0.0702151805162429,0.6834481358528137,0.1471472233533859,0.2321790903806686,0.0662374198436737
YELL,YELL_022,2025,10,16,NEON_DP3.30026.002_bidirectional,0.6850509643554688,0.0704122111201286,0.1668314188718795,0.0714971870183944,0.7660104632377625,0.2372554242610931,0.1741993278264999,0.070153884589672
YELL,YELL_023,2022,10,16,NEON_DP3.30026.002_bidirectional,0.7177006006240845,0.0698914602398872,0.3142722249031067,0.0579612478613853,0.692522406578064,0.1222579553723335,0.3084291219711303,0.0511737577617168
YELL,YELL_023,2023,10,16,NEON_DP3.30026.002_bidirectional,0.7142641544342041,0.0701687932014465,0.3971145153045654,0.0937244296073913,0.65839022397995,0.0953825414180755,0.378503680229187,0.0780202150344848
YELL,YELL_023,2025,10,16,NEON_DP3.30026.002_bidirectional,0.6962245106697083,0.084261305630207,0.3481604158878326,0.0817361325025558,0.6319810152053833,0.1173639744520187,0.3406667411327362,0.0717170760035514
YELL,YELL_043,2022,10,16,NEON_DP3.30026.002_bidirectional,0.8540720343589783,0.0247428975999355,0.5668383836746216,0.0814810767769813,0.8305957913398743,0.0322541519999504,0.5253090262413025,0.0630146786570549
YELL,YELL_043,2023,10,16,NEON_DP3.30026.002_bidirectional,0.8737224340438843,0.0309675931930542,0.6908416748046875,0.0797680392861366,0.8596445322036743,0.0432466268539428,0.6126120686531067,0.05776172503829
YELL,YELL_043,2025,10,16,NEON_DP3.30026.002_bidirectional,0.8413262367248535,0.0720840767025947,0.6016802191734314,0.1223764643073082,0.8215538859367371,0.1063370630145073,0.5441796779632568,0.0896824672818183
YELL,YELL_044,2022,10,16,NEON_DP3.30026.002_bidirectional,0.6533172130584717,0.0517095364630222,0.3247295916080475,0.0853805541992187,0.635876476764679,0.1599223464727401,0.314875453710556,0.0768457949161529
YELL,YELL_044,2023,10,16,NEON_DP3.30026.002_bidirectional,0.5966328978538513,0.0562903024256229,0.3214187622070312,0.0610923022031784,0.5237846374511719,0.0741889327764511,0.3118298649787903,0.0538137927651405
YELL,YELL_044,2025,10,16,NEON_DP3.30026.002_bidirectional,0.4544899463653564,0.0618816427886486,0.2128832340240478,0.0463915131986141,0.349190890789032,0.0902742743492126,0.2156057655811309,0.0448311492800712
YELL,YELL_045,2022,10,16,NEON_DP3.30026.002_bidirectional,0.7353153824806213,0.0647087320685386,0.3128427863121032,0.0829938948154449,0.7666662335395813,0.1756224483251571,0.3050082623958587,0.0733867809176445
YELL,YELL_045,2023,10,16,NEON_DP3.30026.002_bidirectional,0.6968511343002319,0.0599584951996803,0.3454770147800445,0.0852077007293701,0.6675480008125305,0.1124191582202911,0.3328249454498291,0.0728592202067375
YELL,YELL_045,2025,10,16,NEON_DP3.30026.002_bidirectional,0.545788586139679,0.0504191406071186,0.2299096286296844,0.0702919289469719,0.4845744371414184,0.1031736209988594,0.2320049703121185,0.0651083886623382
YELL,YELL_046,2022,10,16,NEON_DP3.30026.002_bidirectional,0.752191424369812,0.0649408623576164,0.4146167635917663,0.1366008818149566,0.8041983246803284,0.2158243507146835,0.3892220854759216,0.1184925362467765
YELL,YELL_046,2023,10,16,NEON_DP3.30026.002_bidirectional,0.8016647696495056,0.0512482188642025,0.542088508605957,0.1556236147880554,0.7899027466773987,0.0939260721206665,0.4905500113964081,0.1265873312950134
YELL,YELL_046,2025,10,16,NEON_DP3.30026.002_bidirectional,0.6883318424224854,0.0613845363259315,0.3925532102584839,0.1052252277731895,0.6506869196891785,0.1459451168775558,0.3765611946582794,0.0931005999445915
YELL,YELL_047,2022,10,16,NEON_DP3.30026.002_bidirectional,0.6142106652259827,0.0515104979276657,0.2991421818733215,0.0503539331257343,0.5588892698287964,0.0917465165257453,0.2909268140792846,0.0441036820411682
YELL,YELL_047,2023,10,16,NEON_DP3.30026.002_bidirectional,0.6300703883171082,0.052994031459093,0.353412926197052,0.0358268432319164,0.5685552358627319,0.0738976076245307,0.3362040221691131,0.0306447017937898
YELL,YELL_047,2025,10,16,NEON_DP3.30026.002_bidirectional,0.5671384334564209,0.0777715817093849,0.2751669883728027,0.0481004826724529,0.4967651963233948,0.1197627037763595,0.2707134187221527,0.0453765764832496
YELL,YELL_048,2022,10,16,NEON_DP3.30026.002_bidirectional,0.6823812127113342,0.0519126765429973,0.2442924976348877,0.0666842311620712,0.746009349822998,0.1631221175193786,0.242698460817337,0.0593022592365741
YELL,YELL_048,2023,10,16,NEON_DP3.30026.002_bidirectional,0.6534416675567627,0.0360302776098251,0.2982580959796905,0.0798184871673584,0.6200525760650635,0.057255245745182,0.2897920906543731,0.068194955587387
YELL,YELL_048,2025,10,16,NEON_DP3.30026.002_bidirectional,0.5842849016189575,0.0513769872486591,0.223754197359085,0.0605451390147209,0.5506222248077393,0.0998487770557403,0.225059375166893,0.0554368048906326
YELL,YELL_049,2022,10,16,NEON_DP3.30026.002_bidirectional,0.75164794921875,0.073292076587677,0.4883166551589966,0.0994819924235344,0.6984180212020874,0.0906516388058662,0.4573127627372741,0.0814304947853088
YELL,YELL_049,2023,10,16,NEON_DP3.30026.002_bidirectional,0.7542253732681274,0.0589577481150627,0.5531339645385742,0.0823073536157608,0.693886935710907,0.0734293460845947,0.5081195831298828,0.0660476610064506
YELL,YELL_049,2025,10,16,NEON_DP3.30026.002_bidirectional,0.546631932258606,0.1010668724775314,0.3524982333183288,0.0709461122751236,0.4154337644577026,0.1288778930902481,0.3465825021266937,0.0649418458342552
YELL,YELL_050,2022,10,16,NEON_DP3.30026.002_bidirectional,0.6504281163215637,0.0504664778709411,0.3055195808410644,0.0864398926496505,0.6413996815681458,0.1004797667264938,0.2952676117420196,0.0760164037346839
YELL,YELL_050,2023,10,16,NEON_DP3.30026.002_bidirectional,0.6633976697921753,0.0531470105051994,0.348707377910614,0.0994316190481185,0.6224831938743591,0.0704085528850555,0.3324083685874939,0.0850817933678627
YELL,YELL_050,2025,10,16,NEON_DP3.30026.002_bidirectional,0.5613371729850769,0.053774144500494,0.2669097483158111,0.0749085396528244,0.505012571811676,0.0721650198101997,0.2616572380065918,0.0680060312151908
YELL,YELL_051,2022,10,16,NEON_DP3.30026.002_bidirectional,0.748313844203949,0.0595832355320453,0.4217278361320495,0.1269353032112121,0.7930960059165955,0.4219713807106018,0.3949377536773681,0.1103497296571731
YELL,YELL_051,2023,10,16,NEON_DP3.30026.002_bidirectional,0.7154059410095215,0.0717632323503494,0.4560447931289673,0.1350213587284088,0.7246536612510681,0.209022507071495,0.4209924340248108,0.1114949360489845
YELL,YELL_051,2025,10,16,NEON_DP3.30026.002_bidirectional,0.564967155456543,0.074491374194622,0.3133856356143951,0.0961085706949234,0.7776198983192444,1.1003152132034302,0.3042347431182861,0.0887451469898223
YELL,YELL_052,2022,10,16,NEON_DP3.30026.002_bidirectional,0.7095663547515869,0.0542644411325454,0.2945469319820404,0.0985676199197769,0.501852810382843,0.7742854952812195,0.2885365188121795,0.0887574702501297
YELL,YELL_052,2023,10,16,NEON_DP3.30026.002_bidirectional,0.7097364664077759,0.0585674531757831,0.3880457580089569,0.1240435168147087,0.6761189103126526,0.0693282634019851,0.3674227595329284,0.105466790497303
YELL,YELL_052,2025,10,16,NEON_DP3.30026.002_bidirectional,0.6099555492401123,0.0751791447401046,0.2628998160362243,0.0815639197826385,0.5639536380767822,0.1237497106194496,0.2620200216770172,0.0754284560680389
YELL,YELL_053,2022,10,16,NEON_DP3.30026.002_bidirectional,0.6760782599449158,0.0515364408493042,0.354915976524353,0.0871040895581245,0.6735244989395142,0.1191973462700843,0.339741587638855,0.0774113088846206
YELL,YELL_053,2023,10,16,NEON_DP3.30026.002_bidirectional,0.633034884929657,0.0718320906162262,0.3831931352615356,0.0727590397000312,0.5647795796394348,0.1036693379282951,0.3638301789760589,0.0636439025402069
YELL,YELL_053,2025,10,16,NEON_DP3.30026.002_bidirectional,0.5281068682670593,0.1099475547671318,0.2800169289112091,0.04468959197402,0.4436314404010772,0.1668387055397033,0.2756195962429046,0.0431549586355686
YELL,YELL_054,2022,10,16,NEON_DP3.30026.002_bidirectional,0.674805223941803,0.0642028599977493,0.28704634308815,0.0547581277787685,0.6705539226531982,0.0974792316555976,0.2822793126106262,0.0513166561722755
YELL,YELL_054,2023,10,16,NEON_DP3.30026.002_bidirectional,0.6681092977523804,0.078948013484478,0.3575844764709472,0.0878533124923706,0.6234520673751831,0.0965164750814437,0.3416487276554107,0.076386958360672
YELL,YELL_054,2025,10,16,NEON_DP3.30026.002_bidirectional,0.6004275679588318,0.1099222004413604,0.2679334282875061,0.0765848085284233,0.5587320327758789,0.1419132649898529,0.2640492916107178,0.0698034018278122
YELL,YELL_055,2022,10,8,NEON_DP3.30026.002_bidirectional,0.6911677122116089,0.039748441427946,0.319546639919281,0.0663263350725174,0.660252034664154,0.0786900147795677,0.3112321496009826,0.0563254952430725
YELL,YELL_055,2023,10,8,NEON_DP3.30026.002_bidirectional,0.7051347494125366,0.0352293029427528,0.3808892667293548,0.0724676400423049,0.6562716960906982,0.0475352220237255,0.3636175692081451,0.0606020651757717
YELL,YELL_055,2025,10,8,NEON_DP3.30026.002_bidirectional,0.6390154361724854,0.0472341440618038,0.3081517815589905,0.0594370029866695,0.5751346349716187,0.0676024928689003,0.3025307357311249,0.0525276660919189
YELL,YELL_056,2022,10,16,NEON_DP3.30026.002_bidirectional,0.6837843656539917,0.0694708228111267,0.256096750497818,0.0813470333814621,0.6563051342964172,0.5307098031044006,0.2530745267868042,0.0748072788119316
YELL,YELL_056,2023,10,16,NEON_DP3.30026.002_bidirectional,0.6392308473587036,0.0584900937974453,0.2939708828926086,0.0678174123167991,0.6404561996459961,0.181880697607994,0.2858551442623138,0.0608132965862751
YELL,YELL_056,2025,10,16,NEON_DP3.30026.002_bidirectional,0.5270001292228699,0.0551920868456363,0.2045382857322693,0.0503139533102512,0.5011889934539795,0.1402336657047271,0.2059778273105621,0.0476517900824546
YELL,YELL_057,2022,10,16,NEON_DP3.30026.002_bidirectional,0.7172883749008179,0.0800557881593704,0.3729682862758636,0.1270526349544525,0.775508463382721,0.3223694860935211,0.3552597761154175,0.1112131625413894
YELL,YELL_057,2023,10,16,NEON_DP3.30026.002_bidirectional,0.7528010606765747,0.0620798394083976,0.4469577074050903,0.1642210334539413,0.765322208404541,0.1792694479227066,0.4183589220046997,0.1406505852937698
YELL,YELL_057,2025,10,16,NEON_DP3.30026.002_bidirectional,0.6173150539398193,0.0926618352532386,0.3474327623844147,0.1320199817419052,0.5558419227600098,0.1187320575118064,0.3353115320205688,0.1167429462075233
YELL,YELL_058,2022,10,16,NEON_DP3.30026.002_bidirectional,0.684343159198761,0.0776470825076103,0.3409880995750427,0.0831784456968307,0.7229725122451782,0.1904197335243225,0.3272958695888519,0.0735885649919509
YELL,YELL_058,2023,10,16,NEON_DP3.30026.002_bidirectional,0.6184596419334412,0.1009858176112175,0.3379061222076416,0.1124288365244865,0.559379518032074,0.1450636237859726,0.3234077095985412,0.0949450135231018
YELL,YELL_058,2025,10,16,NEON_DP3.30026.002_bidirectional,0.4790798723697662,0.1211471557617187,0.242572471499443,0.1078263148665428,0.3879052698612213,0.1674582809209823,0.2391566038131714,0.091908149421215
YELL,YELL_059,2022,10,16,NEON_DP3.30026.002_bidirectional,0.6708229184150696,0.0824777707457542,0.3070233166217804,0.0711899474263191,0.634284496307373,0.1304212659597396,0.300517201423645,0.0612182095646858
YELL,YELL_059,2023,10,16,NEON_DP3.30026.002_bidirectional,0.74892657995224,0.0419700220227241,0.4395694136619568,0.117873877286911,0.7193533182144165,0.0723066478967666,0.4101056456565857,0.0951095223426818
YELL,YELL_059,2025,10,16,NEON_DP3.30026.002_bidirectional,0.697681725025177,0.0836757570505142,0.369732916355133,0.127759501338005,0.6545206308364868,0.1228253468871116,0.3548252880573272,0.10749052464962
YELL,YELL_060,2022,10,16,NEON_DP3.30026.002_bidirectional,0.6739031076431274,0.0975639224052429,0.2907194793224334,0.1001706644892692,0.9811509847640992,0.7709615230560303,0.2824392318725586,0.0886232703924179
YELL,YELL_060,2023,10,16,NEON_DP3.30026.002_bidirectional,0.6720927953720093,0.0787964537739753,0.3482840955257416,0.112065352499485,0.6644760966300964,0.1563591808080673,0.3341182768344879,0.0960815474390983
YELL,YELL_060,2025,10,16,NEON_DP3.30026.002_bidirectional,0.543515682220459,0.0890600010752677,0.2415106147527694,0.0926598310470581,0.561130166053772,0.1992936879396438,0.2403141260147094,0.0854895785450935
YELL,YELL_061,2022,10,16,NEON_DP3.30026.002_bidirectional,0.7838912010192871,0.0505074560642242,0.3580682873725891,0.1257970035076141,0.8223980069160461,0.1522388011217117,0.3462125062942505,0.1110810860991478
YELL,YELL_061,2023,10,16,NEON_DP3.30026.002_bidirectional,0.7800295352935791,0.0383795611560344,0.4837915301322937,0.1361869871616363,0.763667106628418,0.0411236844956874,0.447295218706131,0.1141023412346839
YELL,YELL_061,2025,10,16,NEON_DP3.30026.002_bidirectional,0.6893775463104248,0.0755435079336166,0.3271493315696716,0.0899882987141609,0.6721041202545166,0.1510012000799179,0.3188331723213196,0.0809026882052421
YELL,YELL_062,2022,10,16,NEON_DP3.30026.002_bidirectional,0.6356891393661499,0.0689925029873848,0.2883619964122772,0.0612186156213283,0.6371535062789917,0.1565594673156738,0.2802250981330871,0.0543438009917736
YELL,YELL_062,2023,10,16,NEON_DP3.30026.002_bidirectional,0.6101412773132324,0.0510954968631267,0.3252029716968536,0.0533602312207222,0.5489490628242493,0.0865416452288627,0.3127144575119018,0.0460947975516319
YELL,YELL_062,2025,10,16,NEON_DP3.30026.002_bidirectional,0.5160964727401733,0.0749251693487167,0.238633930683136,0.036965575069189,0.4367577135562897,0.1227839365601539,0.2376259863376617,0.0329807735979557
